window,position_pred_mean_0,position_pred_var_0,position_actual_0,position_pred_mean_1,position_pred_var_1,position_actual_1,position_residual_l2,position_nll,velocity_pred_mean_0,velocity_pred_var_0,velocity_actual_0,velocity_pred_mean_1,velocity_pred_var_1,velocity_actual_1,velocity_residual_l2,velocity_nll,steering_pred_mean,steering_pred_var,steering_actual,steering_residual,steering_nll,acceleration_pred_mean,acceleration_pred_var,acceleration_actual,acceleration_residual,acceleration_nll,traffic_light_state_pred_mean,traffic_light_state_pred_var,traffic_light_state_actual,traffic_light_state_residual,traffic_light_state_nll,traffic_light_detected_pred,traffic_light_detected_actual,traffic_light_detected_residual,traffic_light_discrepancy_pred,traffic_light_discrepancy_actual,traffic_light_discrepancy_residual,has_adjacent_lane_actual,n_objects_actual,combined_nll,t_sim,t_bag_rel,t_rel_fault,cusum_combined,cusum_tl_state,cusum_tl_discrepancy,permanent_stop_rel_s,likely_static_collision,mrm_first_trigger_rel_s
0,0.0011893842602148652,1.8928031408904644e-07,0.0009032024536281824,0.0004295459948480129,1.690791293640359e-07,0.0005224670167081058,0.00030088925268501043,-13.456711769104004,0.11379264295101166,0.0003501170431263745,0.10346005111932755,0.5600547790527344,0.0003339895629324019,0.5626033544540405,0.010642259381711483,-5.980754375457764,0.5485520362854004,0.0004194319189991802,0.590729296207428,0.04217725992202759,-0.8487343788146973,0.9681017398834229,0.0027835057117044926,1.0,0.03189826011657715,-1.84031081199646,0.3182477355003357,0.0021740286611020565,0.33000001311302185,0.011752277612686157,-2.1148829460144043,0.880044162273407,1.0,0.11995583772659302,0.024498166516423225,0.0,0.024498166516423225,1.0,1.0,-18.66568374633789,1785283977.1371665,3.006390333175659,195.14179944992065,0.0,0.0,0.0,93.36,True,4.582334280014038
1,0.0012203083606436849,1.878885456108037e-07,0.0011170358629897237,0.00046166940592229366,1.6774592381807452e-07,0.0006519827293232083,0.0002165280020562932,-13.56989860534668,0.11705929040908813,0.00034759557456709445,0.10977566987276077,0.5605328679084778,0.00033251167042180896,0.5638842582702637,0.008017664775252342,-6.055575370788574,0.5480638742446899,0.0004140491655562073,0.5876491069793701,0.039585232734680176,-1.0835483074188232,0.9695482850074768,0.0027562722098082304,1.0,0.030451714992523193,-1.8597818613052368,0.3198133409023285,0.0021375210490077734,0.33000001311302185,0.01018667221069336,-2.130842447280884,0.884896457195282,1.0,0.11510354280471802,0.024197660386562347,0.0,0.024197660386562347,1.0,1.0,-18.956134796142578,1785283977.2423153,3.111539125442505,195.2469482421875,0.28097107296898116,0.9746362500868382,0.0,93.36,True,4.582334280014038
2,0.0012537928996607661,1.8650301569778094e-07,0.001151899341493845,0.0004882840439677238,1.663300679410895e-07,0.0006760353571735322,0.0002136184775736183,-13.580378532409668,0.12007971107959747,0.0003454212564975023,0.11443289369344711,0.5607745051383972,0.00033082737354561687,0.564120352268219,0.0065636299550533295,-6.0913777351379395,0.5474791526794434,0.0004086008993908763,0.5840058326721191,0.03652667999267578,-1.3498046398162842,0.971032977104187,0.0027366916183382273,1.0,0.02896702289581299,-1.878260850906372,0.3205638825893402,0.0020966867450624704,0.33000001311302185,0.00943613052368164,-2.143526554107666,0.8890171647071838,1.0,0.11098283529281616,0.024057544767856598,0.0,0.024057544767856598,1.0,1.0,-19.128381729125977,1785283977.3371942,3.206418037414551,195.34182715415955,0.7341890789213608,1.9619566070004586,0.0,93.36,True,4.582334280014038
3,0.0012860747519880533,1.8556190184426669e-07,0.001444063731469214,0.0005090436898171902,1.651599603746945e-07,0.0008549378253519535,0.00038026736001484096,-13.290777206420898,0.12266361713409424,0.0003444518952164799,0.12196149677038193,0.5605463981628418,0.00032839548657648265,0.5646804571151733,0.004193258471786976,-6.132810115814209,0.5465728640556335,0.0004029610427096486,0.5795978903770447,0.03302502632141113,-1.6360995769500732,0.9726102948188782,0.002728835679590702,1.0,0.027389705181121826,-1.8955442905426025,0.320785254240036,0.0020678348373621702,0.33000001311302185,0.00921475887298584,-2.151156425476074,0.8927344679832458,1.0,0.10726553201675415,0.024123577401041985,0.0,0.024123577401041985,1.0,1.0,-19.01507568359375,1785283977.4335785,3.302802324295044,195.43821144104004,1.0741010393415138,2.956906835282487,0.0,93.36,True,4.582334280014038
4,0.0013249036855995655,1.8388911371403083e-07,0.0012886057374998927,0.0005309171974658966,1.6309043360251962e-07,0.0007699810084886849,0.00024180373293347657,-13.55227279663086,0.12573015689849854,0.0003428507479839027,0.12677685916423798,0.5597760677337646,0.0003237070923205465,0.5645091533660889,0.004847440868616104,-6.132865905761719,0.5452054142951965,0.0003935964487027377,0.5775274038314819,0.0323219895362854,-1.6740188598632812,0.9743025302886963,0.002716762013733387,1.0,0.02569746971130371,-1.913684368133545,0.32084012031555176,0.002048110356554389,0.33000001311302185,0.009159892797470093,-2.1559970378875732,0.8965075016021729,1.0,0.10349249839782715,0.024294303730130196,0.0,0.024294303730130196,1.0,1.0,-19.295574188232422,1785283977.5281508,3.3973746299743652,195.53278374671936,1.6945115044003387,3.956697675976015,0.0,93.36,True,4.582334280014038
5,0.0013663263525813818,1.8174854687913466e-07,0.0013435883447527885,0.0005512363277375698,1.6050124429511925e-07,0.0008123599109239876,0.00026211171643808484,-13.531088829040527,0.1290050745010376,0.0003409896744415164,0.13364626467227936,0.5586464405059814,0.00031712985946796834,0.5644575953483582,0.007437080144882202,-6.09722375869751,0.5436379909515381,0.0003814740921370685,0.5729050040245056,0.02926701307296753,-1.894100308418274,0.9758555889129639,0.0027014710940420628,1.0,0.024144411087036133,-1.9301457405090332,0.3210687041282654,0.002041352679952979,0.33000001311302185,0.00893130898475647,-2.158594846725464,0.9003897309303284,1.0,0.09961026906967163,0.0245854239910841,0.0,0.0245854239910841,1.0,1.0,-19.35591697692871,1785283977.64418,3.51340389251709,195.64881300926208,2.3752647581554527,4.959086325507434,0.0,93.36,True,4.582334280014038
6,0.0014091283082962036,1.7861482604075718e-07,0.0014466100838035345,0.0005731796845793724,1.5702582345511473e-07,0.0008796065230853856,0.0003087107033934444,-13.461647987365723,0.13271242380142212,0.0003381640708539635,0.13979977369308472,0.5572056770324707,0.00030803270055912435,0.5609920024871826,0.008035345934331417,-6.103224754333496,0.5417890548706055,0.00036541506415233016,0.5715198516845703,0.029730796813964844,-1.8288257122039795,0.9773408770561218,0.002675258321687579,1.0,0.022659122943878174,-1.9469562768936157,0.3215414881706238,0.0020439866930246353,0.33000001311302185,0.008458524942398071,-2.1599860191345215,0.9042330384254456,1.0,0.09576696157455444,0.024948203936219215,0.0,0.024948203936219215,1.0,1.0,-19.25864028930664,1785283977.7496264,3.6188502311706543,195.75425934791565,2.9587413242884963,5.96286614744791,0.0,93.36,True,4.582334280014038
7,0.001448709750548005,1.7593548307104356e-07,0.001446247799322009,0.0005932743661105633,1.5394303432003653e-07,0.0008882588008418679,0.00029499470838345587,-13.499398231506348,0.13617604970932007,0.00033581460593268275,0.14486810564994812,0.555637776851654,0.0002994079259224236,0.5588422417640686,0.009263931773602962,-6.088811874389648,0.5399811863899231,0.00035049565485678613,0.568117618560791,0.02813643217086792,-1.9298007488250732,0.9786076545715332,0.002655419986695051,1.0,0.021392345428466797,-1.960468053817749,0.3221498131752014,0.002061781007796526,0.33000001311302185,0.007850199937820435,-2.1582090854644775,0.9078782200813293,1.0,0.09212177991867065,0.02544035017490387,0.0,0.02544035017490387,1.0,1.0,-19.33534812927246,1785283977.8334594,3.702683210372925,195.83809232711792,3.6189257303873603,6.964869035718342,0.0,93.36,True,4.582334280014038
8,0.0014854498440399766,1.733644410251145e-07,0.0017453510081395507,0.0006139581091701984,1.5103982775599434e-07,0.0010842165211215615,0.0005373002495616674,-12.872034072875977,0.1395840346813202,0.00033342253300361335,0.15187765657901764,0.5539679527282715,0.0002910445909947157,0.5568174123764038,0.012619530782103539,-5.995602130889893,0.5380856394767761,0.00033605232601985335,0.5625587701797485,0.024473130702972412,-2.1890511512756348,0.979774534702301,0.002636582823470235,1.0,0.020225465297698975,-1.9726214408874512,0.32260292768478394,0.002091619186103344,0.33000001311302185,0.007397085428237915,-2.1528897285461426,0.9113905429840088,1.0,0.08860945701599121,0.026029011234641075,0.0,0.026029011234641075,1.0,1.0,-18.763042449951172,1785283977.9285944,3.797818183898926,195.93322730064392,3.7068044571649352,7.96155256707044,0.0,93.36,True,4.582334280014038
9,0.001522186677902937,1.7087467085730168e-07,0.0013112140586599708,0.0006381836719810963,1.4815356053077267e-07,0.0008218272705562413,0.0002797041670419276,-13.571741104125977,0.1432044506072998,0.0003307337174192071,0.1568104773759842,0.5521628856658936,0.00028319499688223004,0.5557916760444641,0.01408162247389555,-5.950790882110596,0.536006510257721,0.0003220038488507271,0.5619428753852844,0.025936365127563477,-2.0569896697998047,0.981134295463562,0.002620407845824957,1.0,0.01886570453643799,-1.9853620529174805,0.322767049074173,0.0021321855019778013,0.33000001311302185,0.007232964038848877,-2.144097328186035,0.9150505661964417,1.0,0.08494943380355835,0.02675078622996807,0.0,0.02675078622996807,0.0,1.0,-19.360870361328125,1785283978.024031,3.8932547569274902,196.02866387367249,4.392511095319463,8.94944369806243,0.0,93.36,True,4.582334280014038
10,0.0015857894904911518,1.665098210423821e-07,0.0016055995365604758,0.0006781150586903095,1.4498128564355284e-07,0.0010160538367927074,0.00033851893385872245,-13.444527626037598,0.14757110178470612,0.00032398346229456365,0.16118572652339935,0.5500319600105286,0.00029093000921420753,0.5614151358604431,0.017746400088071823,-5.741990566253662,0.5308170914649963,0.0003290279710199684,0.5583961606025696,0.027579069137573242,-1.9349089860916138,0.9777761697769165,0.0025949114933609962,1.0,0.022223830223083496,-1.9629958868026733,0.323119193315506,0.0021105767227709293,0.33000001311302185,0.006880819797515869,-2.1502420902252197,0.9240735173225403,1.0,0.07592648267745972,0.027684127911925316,0.0,0.027684127911925316,0.0,1.0,-19.00557518005371,1785283978.131639,4.0008628368377686,196.13627195358276,4.722922552199577,9.943479591093604,0.0,93.36,True,4.582334280014038
11,0.0016392080578953028,1.6125392221510992e-07,0.0014309171820059419,0.0007125381380319595,1.4026485928297916e-07,0.0009122289484366775,0.00028855071286670864,-13.595460891723633,0.15238121151924133,0.00031575700268149376,0.1661619246006012,0.549228847026825,0.00028931087581440806,0.5713659524917603,0.02607603371143341,-5.118747711181641,0.5280271768569946,0.00032541100517846644,0.5568409562110901,0.02881377935409546,-1.8206024169921875,0.977503776550293,0.0025328879710286856,1.0,0.02249622344970703,-1.9703572988510132,0.3252596855163574,0.0021149644162505865,0.33000001311302185,0.004740327596664429,-2.1551077365875244,0.9271650314331055,1.0,0.07283496856689453,0.02742733620107174,0.0,0.02742733620107174,0.0,1.0,-18.60076141357422,1785283978.2283096,4.097533464431763,196.23294258117676,4.648520242600199,10.942381130487083,0.0,93.36,True,4.582334280014038
12,0.0016852016560733318,1.6040712580434047e-07,0.0016982171218842268,0.0007506129331886768,1.3885140504044102e-07,0.0010906364768743515,0.0003402725560590625,-13.462970733642578,0.1568366289138794,0.00031099922489374876,0.17112308740615845,0.5502466559410095,0.00029495719354599714,0.572226881980896,0.02621513418853283,-5.117198467254639,0.5276879668235779,0.0003303744306322187,0.5546169281005859,0.026928961277008057,-1.9912075996398926,0.9767574667930603,0.002490805694833398,1.0,0.023242533206939697,-1.9701943397521973,0.32587265968322754,0.0021462503354996443,0.33000001311302185,0.0041273534297943115,-2.1491096019744873,0.9283576607704163,1.0,0.07164233922958374,0.02672826126217842,0.0,0.02672826126217842,0.0,1.0,-18.55233383178711,1785283978.332249,4.201472759246826,196.33688187599182,4.525690351213711,11.935284535267526,0.0,93.36,True,4.582334280014038
13,0.0017297837184742093,1.59788314135767e-07,0.002099693054333329,0.0007858173921704292,1.375121030378068e-07,0.001359465648420155,0.0006825725431554019,-12.261917114257812,0.16112639009952545,0.000307933718431741,0.17773061990737915,0.5512260794639587,0.00029803247889503837,0.5702998042106628,0.02528848499059677,-5.206079959869385,0.5272976756095886,0.00033252721186727285,0.5510722398757935,0.023774564266204834,-2.235555648803711,0.9764108061790466,0.0024727811105549335,1.0,0.02358919382095337,-1.969752311706543,0.325522243976593,0.0021765732672065496,0.3296777307987213,0.004155486822128296,-2.142096519470215,0.929226279258728,1.0,0.07077372074127197,0.026350073516368866,0.0,0.026350073516368866,0.0,1.0,-17.544559478759766,1785283978.4288785,4.298102378845215,196.4335114955902,3.39508610679988,12.921174857543695,0.0,93.36,True,4.582334280014038
14,0.0017814021557569504,1.5847092527110362e-07,0.001816839212551713,0.0008226376958191395,1.3557664146901516e-07,0.001187975169159472,0.000367052125511691,-13.401636123657227,0.16631671786308289,0.000305317051243037,0.18278728425502777,0.5514118671417236,0.00029703101608902216,0.566940426826477,0.022636601701378822,-5.419870376586914,0.5261083841323853,0.0003285599232185632,0.5454811453819275,0.019372761249542236,-2.520322322845459,0.9765295386314392,0.002464816439896822,1.0,0.02347046136856079,-1.972135305404663,0.3250958025455475,0.0022124778479337692,0.33000001311302185,0.004904210567474365,-2.1324472427368164,0.9306565523147583,1.0,0.0693434476852417,0.02638091892004013,0.0,0.02638091892004013,0.0,1.0,-18.99769401550293,1785283978.5235395,4.392763376235962,196.52817249298096,3.717616399129213,13.897415903086467,0.0,93.36,True,4.582334280014038
15,0.0018313328037038445,1.572092003243597e-07,0.0018400981789454818,0.0008569369092583656,1.3394389952736674e-07,0.0012176173040643334,0.000360786885721609,-13.422029495239258,0.17155298590660095,0.00030426212470047176,0.1871027797460556,0.5507009625434875,0.0002937676908914,0.565131664276123,0.02121417596936226,-5.525506973266602,0.524150550365448,0.00032174878288060427,0.5443162322044373,0.020165681838989258,-2.4699866771698,0.9766814112663269,0.0024773781187832355,1.0,0.023318588733673096,-1.9715945720672607,0.3244170546531677,0.0022551428992301226,0.33000001311302185,0.005582958459854126,-2.1214218139648438,0.9323665499687195,1.0,0.06763345003128052,0.027027996256947517,0.0,0.027027996256947517,0.0,1.0,-19.077428817749023,1785283978.6384492,4.507673025131226,196.64308214187622,4.119881493704639,14.862631519857265,0.0,93.36,True,4.582334280014038
16,0.0018749989103525877,1.579585386934923e-07,0.0018458595732226968,0.0008877392392605543,1.3412345367669332e-07,0.0012333367485553026,0.0003468237991910428,-13.456901550292969,0.1757323145866394,0.0003056362911593169,0.1931515336036682,0.5501306056976318,0.0002952132490463555,0.5612816214561462,0.02068270742893219,-5.565594673156738,0.5228808522224426,0.000321148952934891,0.5384489297866821,0.015568077564239502,-2.7255237102508545,0.9762773513793945,0.002505345968529582,1.0,0.02372264862060547,-1.963412880897522,0.32405632734298706,0.0023159377742558718,0.33000001311302185,0.00594368577003479,-2.1074047088623047,0.9333783388137817,1.0,0.06662166118621826,0.02786143496632576,0.0,0.02786143496632576,0.0,1.0,-19.272140502929688,1785283978.7131104,4.582334280014038,196.71774339675903,4.71685827346073,15.813830031525526,0.0,93.36,True,4.582334280014038
17,0.001924406737089157,1.5880672776802385e-07,0.002001948654651642,0.0009154169820249081,1.3427873568616633e-07,0.0013606251450255513,0.000451910455012694,-13.144599914550781,0.18041597306728363,0.00030750769656151533,0.1983126550912857,0.5488966107368469,0.0002944252919405699,0.5582187175750732,0.02017902210354805,-5.602506637573242,0.5213463306427002,0.000315798562951386,0.534446656703949,0.01310032606124878,-2.8395426273345947,0.9756355881690979,0.0025121343787759542,1.0,0.0243644118309021,-1.956221342086792,0.3230310082435608,0.0023706238716840744,0.3296777307987213,0.0066467225551605225,-2.0940446853637695,0.9334121942520142,1.0,0.06658780574798584,0.02856411784887314,0.0,0.02856411784887314,0.0,1.0,-19.046377182006836,1785283978.8174567,4.686680555343628,196.82208967208862,5.088071732293969,16.75166851969525,0.0,93.36,True,4.582334280014038
18,0.001979272346943617,1.622400276346525e-07,0.0019952834118157625,0.0009362758137285709,1.3639316875924123e-07,0.0013628741726279259,0.0004268987104296684,-13.215150833129883,0.18479958176612854,0.00031203674734570086,0.2029532939195633,0.5476220846176147,0.0002960109559353441,0.551109790802002,0.01848570629954338,-5.712253570556641,0.520011842250824,0.0003108293458353728,0.5317105650901794,0.011698722839355469,-2.8990414142608643,0.975117027759552,0.002494408283382654,1.0,0.024882972240447998,-1.9538031816482544,0.32079076766967773,0.002419816330075264,0.33000001311302185,0.009209245443344116,-2.0755693912506104,0.9303467273712158,1.0,0.06965327262878418,0.028387954458594322,0.0,0.028387954458594322,0.0,1.0,-19.234474182128906,1785283978.921934,4.7911577224731445,196.92656683921814,5.647382191249278,17.671031713751816,0.0,93.36,True,4.582334280014038
19,0.002046169713139534,1.5918215012789005e-07,0.002028275979682803,0.0009759487584233284,1.3389414732500882e-07,0.0014026224380359054,0.00042704871157184243,-13.221004486083984,0.19128549098968506,0.00031187228159978986,0.20720826089382172,0.5477248430252075,0.00028936273884028196,0.5440165400505066,0.016348887234926224,-5.842262268066406,0.519092857837677,0.00029942276887595654,0.5296311974525452,0.010538339614868164,-2.952437162399292,0.9751173853874207,0.0024915768299251795,1.0,0.024882614612579346,-1.9542336463928223,0.31995218992233276,0.002498072339221835,0.3296777307987213,0.00972554087638855,-2.0582475662231445,0.9349229335784912,1.0,0.06507706642150879,0.03056129813194275,0.0,0.03056129813194275,0.0,1.0,-19.37103271484375,1785283979.0269003,4.8961241245269775,197.03153324127197,6.343251182919431,18.573073082780915,0.0,93.36,True,4.582334280014038
20,0.0021096861455589533,1.552058392917388e-07,0.0020184500608593225,0.0010218690149486065,1.3095444728605798e-07,0.0014058194356039166,0.00039464153815060854,-13.335912704467773,0.19778317213058472,0.0003101954935118556,0.21379244327545166,0.5474030375480652,0.00028188544092699885,0.5398686528205872,0.01769360713660717,-5.774468898773193,0.5178831219673157,0.00028549303533509374,0.5241819620132446,0.006298840045928955,-3.092222213745117,0.9753514528274536,0.0024812580086290836,1.0,0.024648547172546387,-1.9581284523010254,0.3205900490283966,0.0025782983284443617,0.33000001311302185,0.009409964084625244,-2.0442025661468506,0.9376189708709717,1.0,0.06238102912902832,0.03216899186372757,0.0,0.03216899186372757,0.0,1.0,-19.501598358154297,1785283979.121492,4.990715742111206,197.1261248588562,7.169685817900131,19.46106945173372,0.0,93.36,True,4.582334280014038
21,0.0021545561030507088,1.52837969835673e-07,0.002105176914483309,0.001059363828971982,1.2942710725383222e-07,0.0014819373609498143,0.00042544881580397487,-13.24132251739502,0.2027277946472168,0.0003093044215347618,0.2185204178094864,0.5468767285346985,0.0002769766724668443,0.5366112589836121,0.01883578486740589,-5.705097198486328,0.5167402625083923,0.00027394594508223236,0.522959291934967,0.006219029426574707,-3.111759901046753,0.9760217070579529,0.0024708975106477737,1.0,0.02397829294204712,-1.9663021564483643,0.3200274705886841,0.0026162920985370874,0.33000001311302185,0.009972542524337769,-2.0350537300109863,0.93769770860672,1.0,0.06230229139328003,0.032802507281303406,0.0,0.032802507281303406,0.0,1.0,-19.36128044128418,1785283979.2260075,5.095231294631958,197.23064041137695,7.855802536010714,20.339916984550662,0.0,93.36,True,4.582334280014038
22,0.002197236055508256,1.5194012803476653e-07,0.0021350865717977285,0.0010952218435704708,1.2896481393909198e-07,0.0015180936316028237,0.00042741443030536175,-13.237873077392578,0.20704710483551025,0.00030926373437978327,0.22454874217510223,0.5466381907463074,0.00027544519980438054,0.542424201965332,0.018001805990934372,-5.773886680603027,0.5158412456512451,0.00026553060160949826,0.5203384757041931,0.004497230052947998,-3.159867525100708,0.9771113991737366,0.002456823829561472,1.0,0.022888600826263428,-1.978885531425476,0.3195647895336151,0.0026500439271330833,0.33000001311302185,0.010435223579406738,-2.0271050930023193,0.9364222288131714,1.0,0.06357777118682861,0.032625190913677216,0.0,0.032625190913677216,0.0,1.0,-19.43691635131836,1785283979.3307812,5.200005054473877,197.33541417121887,8.617555164155476,21.210815880358936,0.0,93.36,True,4.582334280014038
23,0.0022526246029883623,1.5326689606354194e-07,0.001920720562338829,0.0011369092389941216,1.3026328815612942e-07,0.0013670985354110599,0.0004039150953758508,-13.371760368347168,0.2119283825159073,0.00031029220554046333,0.22772258520126343,0.547936737537384,0.0002809302241075784,0.5501419305801392,0.015947405248880386,-5.879197120666504,0.5159112215042114,0.0002639337326399982,0.5171269178390503,0.0012156963348388672,-3.1981680393218994,0.978123664855957,0.002445479389280081,1.0,0.02187633514404297,-1.9899698495864868,0.31958889961242676,0.0027029006741940975,0.3296777307987213,0.010088831186294556,-2.0189476013183594,0.934954047203064,1.0,0.06504595279693604,0.03189713880419731,0.0,0.03189713880419731,0.0,1.0,-19.674203872680664,1785283979.4267273,5.2959511280059814,197.43136024475098,9.616595313662543,22.07355728448325,0.0,93.36,True,4.582334280014038
24,0.002330673625692725,1.552759272271942e-07,0.0022898479364812374,0.0011986186727881432,1.327438496900868e-07,0.0016448216047137976,0.00044806674122810364,-13.163280487060547,0.2190549075603485,0.0003106759104412049,0.23321177065372467,0.5518210530281067,0.0002909865870606154,0.5517594814300537,0.014156997203826904,-5.949063777923584,0.5173588991165161,0.00026730727404356003,0.5153065919876099,0.00205230712890625,-3.1867387294769287,0.9777096509933472,0.002463383600115776,1.0,0.022290349006652832,-1.983322262763977,0.3229035437107086,0.002807213459163904,0.33000001311302185,0.007096469402313232,-2.009873390197754,0.9334112405776978,1.0,0.06658875942230225,0.030411962419748306,0.0,0.030411962419748306,0.0,1.0,-19.515899658203125,1785283979.5217965,5.39102029800415,197.52642941474915,10.457331248692071,22.92722447748696,0.0,93.36,True,4.582334280014038
25,0.0024465604219585657,1.7409911379218102e-07,0.002268632175400853,0.0013196381041780114,1.486104252990117e-07,0.0016337039414793253,0.00036096511757932603,-13.382125854492188,0.2298220545053482,0.0003205694956704974,0.2371065616607666,0.5581462383270264,0.0003215699689462781,0.5506320595741272,0.010465511120855808,-6.0354180335998535,0.5204197764396667,0.00028188139549456537,0.5132007598876953,0.0072190165519714355,-3.0756337642669678,0.97739577293396,0.0024917430710047483,1.0,0.02260422706604004,-1.9759190082550049,0.32188862562179565,0.0028997932095080614,0.3296777307987213,0.007789105176925659,-1.9921581745147705,0.8995100855827332,1.0,0.10048991441726685,0.02045484445989132,0.0,0.02045484445989132,0.0,1.0,-19.74827766418457,1785283979.6481347,5.5173585414886475,197.65276765823364,11.530445189703045,23.763176454807684,0.0,93.36,True,4.582334280014038
26,0.002484619617462158,1.7247897687866498e-07,0.002313280012458563,0.0013469120021909475,1.4699296002618212e-07,0.001665815245360136,0.00036201730836182833,-13.384021759033203,0.23385441303253174,0.0003189986164215952,0.24255120754241943,0.558720052242279,0.0003176385653205216,0.5511500239372253,0.01152994204312563,-6.005827903747559,0.5201669931411743,0.00027358622173778713,0.5135399699211121,0.006627023220062256,-3.102745771408081,0.9768572449684143,0.0024760616943240166,1.0,0.023142755031585693,-1.9734514951705933,0.3181939721107483,0.0028776428662240505,0.33000001311302185,0.01180604100227356,-1.982235312461853,0.893174946308136,1.0,0.10682505369186401,0.019968397915363312,0.0,0.019968397915363312,0.0,1.0,-19.74005699157715,1785283979.75143,5.620653867721558,197.75606298446655,12.595338458106596,24.589205570075492,0.0,93.36,True,4.582334280014038
27,0.002522809663787484,1.713897574973089e-07,0.0023344727233052254,0.0013740865979343653,1.4580001561625977e-07,0.0016903121722862124,0.0003680617082864046,-13.375889778137207,0.23777641355991364,0.00031711807241663337,0.24642039835453033,0.5596427321434021,0.00031544704688712955,0.5530530214309692,0.010869349353015423,-6.034362316131592,0.5202052593231201,0.00026659888681024313,0.514488160610199,0.005717098712921143,-3.1346435546875,0.9763813018798828,0.0024592678528279066,1.0,0.023618698120117188,-1.9715907573699951,0.3142402172088623,0.0028508345130831003,0.33000001311302185,0.015759795904159546,-1.9675720930099487,0.8855860829353333,1.0,0.11441391706466675,0.019404416903853416,0.0,0.019404416903853416,0.0,1.0,-19.770702362060547,1785283979.8467436,5.715967416763306,197.8513765335083,13.690877096993546,25.400571465891396,0.0,93.36,True,4.582334280014038
28,0.0025638442020863295,1.7130898299910768e-07,0.0023985665757209063,0.0014034959021955729,1.4548218985055428e-07,0.001749349059537053,0.0003833159280475229,-13.332801818847656,0.24183768033981323,0.00031568898702971637,0.2514524757862091,0.5612015724182129,0.0003158521722070873,0.5606513023376465,0.009630529209971428,-6.075721263885498,0.5208039283752441,0.0002615707053337246,0.5155573487281799,0.005246579647064209,-3.152846574783325,0.9758995175361633,0.0024496198166161776,1.0,0.02410048246383667,-1.9684169292449951,0.3113120198249817,0.002824055030941963,0.33000001311302185,0.01868799328804016,-1.9540191888809204,0.8777350783348083,1.0,0.12226492166519165,0.01876048371195793,0.0,0.01876048371195793,0.0,1.0,-19.76980209350586,1785283996.6407604,22.509984254837036,214.64539337158203,14.785515467325808,26.19838445757827,0.0,93.36,True,4.582334280014038
29,0.002610075054690242,1.7397286455889116e-07,0.002490648301318288,0.0014360735658556223,1.4745951659733691e-07,0.0018251066794618964,0.0004069514980074018,-13.254989624023438,0.24592551589012146,0.0003153478028252721,0.2546371817588806,0.5640969276428223,0.0003220203798264265,0.5600239634513855,0.009616764262318611,-6.067397117614746,0.5223648548126221,0.00026177879772149026,0.516079843044281,0.0062850117683410645,-3.1296186447143555,0.9756007790565491,0.002450196072459221,1.0,0.024399220943450928,-1.9653704166412354,0.3092978596687317,0.002818673150613904,0.33000001311302185,0.02070215344429016,-1.9407811164855957,0.8695334792137146,1.0,0.1304665207862854,0.01806047558784485,0.0,0.01806047558784485,0.0,1.0,-19.673717498779297,1785283996.7359712,22.60519504547119,214.7406041622162,15.784069242931508,26.98295937686982,0.0,93.36,True,4.582334280014038
30,0.0026544362772256136,1.7515226602426992e-07,0.0025224413257092237,0.0014754894655197859,1.4842682105609128e-07,0.001856148592196405,0.00040289456956088543,-13.264656066894531,0.2505335807800293,0.0003148142423015088,0.26030266284942627,0.5670029520988464,0.0003234759788028896,0.5588123798370361,0.012748350389301777,-5.956811428070068,0.5238348245620728,0.00025729299522936344,0.516108512878418,0.007726311683654785,-3.09770131111145,0.9752499461174011,0.00244848127476871,1.0,0.024750053882598877,-1.9621140956878662,0.3071628510951996,0.002784433774650097,0.33000001311302185,0.022837162017822266,-1.929264783859253,0.860439121723175,1.0,0.13956087827682495,0.017454763874411583,0.0,0.017454763874411583,0.0,1.0,-19.578956604003906,1785283996.8401883,22.709412097930908,214.8448212146759,16.687862123761818,27.75601796353503,0.0,93.36,True,4.582334280014038
31,0.002689673565328121,1.744807889281219e-07,0.0024890080094337463,0.001517074415460229,1.4830766303930432e-07,0.001835364499129355,0.00037626485573127866,-13.347898483276367,0.255081444978714,0.0003133770078420639,0.2643638551235199,0.5692241787910461,0.00032074865885078907,0.56121426820755,0.012260579504072666,-5.981112003326416,0.5247412323951721,0.00024876382667571306,0.5164386630058289,0.008302569389343262,-3.0920143127441406,0.9753379225730896,0.0024288948625326157,1.0,0.0246620774269104,-1.966016173362732,0.304717093706131,0.0027172458358108997,0.33000001311302185,0.02528291940689087,-1.9175056219100952,0.8484072685241699,1.0,0.15159273147583008,0.016814056783914566,0.0,0.016814056783914566,0.0,1.0,-19.678794860839844,1785283996.9355373,22.804761171340942,214.94017028808594,17.691493261428064,28.51731738825108,0.0,93.36,True,4.582334280014038
32,0.002725261263549328,1.7554032183397794e-07,0.0025525465607643127,0.0015637088799849153,1.498619326412154e-07,0.0018923924071714282,0.00037129936390556395,-13.351188659667969,0.2597793638706207,0.00031303148716688156,0.270239919424057,0.5718832612037659,0.000321645726216957,0.5624655485153198,0.0140753872692585,-5.905102252960205,0.5261211395263672,0.00024284067330881953,0.5176306366920471,0.008490502834320068,-3.0941858291625977,0.9753647446632385,0.002414979739114642,1.0,0.024635255336761475,-1.9684414863586426,0.30328139662742615,0.002666270360350609,0.33000001311302185,0.026718616485595703,-1.9107253551483154,0.8352714776992798,1.0,0.16472852230072021,0.016132736578583717,0.0,0.016132736578583717,0.0,1.0,-19.622364044189453,1785283997.019834,22.889057874679565,215.02446699142456,18.63869358244392,29.27183654620535,0.0,93.36,True,4.582334280014038
33,0.0027590144891291857,1.7701076160392404e-07,0.0025345368776470423,0.0016144475666806102,1.519529888582838e-07,0.001885796315036714,0.0003521652251947671,-13.40088176727295,0.26471981406211853,0.0003132936544716358,0.2744733393192291,0.5744572281837463,0.00032220251159742475,0.5637568235397339,0.014478601515293121,-5.886966705322266,0.5276222229003906,0.00023612954828422517,0.5184113383293152,0.00921088457107544,-3.0769782066345215,0.9755199551582336,0.0023977819364517927,1.0,0.024480044841766357,-1.972703218460083,0.30231374502182007,0.0026046661660075188,0.33000001311302185,0.027686268091201782,-1.9091414213180542,0.8195338249206543,1.0,0.1804661750793457,0.015432235784828663,0.0,0.015432235784828663,0.0,1.0,-19.648942947387695,1785283997.123912,22.993135929107666,215.12854504585266,19.61247280665802,30.02477177032936,0.0,93.36,True,4.582334280014038
34,0.0027942752931267023,1.7915454009198584e-07,0.0026412196457386017,0.0016702222637832165,1.5481874982015142e-07,0.001974834129214287,0.0003409023629501462,-13.405089378356934,0.2701042890548706,0.00031475574360229075,0.28033921122550964,0.5769277215003967,0.00032296995050273836,0.5649995803833008,0.015717322006821632,-5.826281547546387,0.5293002724647522,0.00022908890969119966,0.5188839435577393,0.01041632890701294,-3.034954071044922,0.9756728410720825,0.0023805745877325535,1.0,0.02432715892791748,-1.9769682884216309,0.30206432938575745,0.0025440447498112917,0.33000001311302185,0.027935683727264404,-1.9146831035614014,0.8019436597824097,1.0,0.19805634021759033,0.014765152707695961,0.0,0.014765152707695961,0.0,1.0,-19.58359146118164,1785283997.2181103,23.087334156036377,215.22274327278137,20.520900544666063,30.783248676696715,0.0,93.36,True,4.582334280014038
35,0.002830284181982279,1.8068035956275708e-07,0.0027526887133717537,0.0017299739411100745,1.5746732628940663e-07,0.0020624904427677393,0.0003414502425584942,-13.389673233032227,0.2760483920574188,0.00031658844090998173,0.28449806571006775,0.5787778496742249,0.0003210224967915565,0.5659142732620239,0.015390535816550255,-5.842590808868408,0.5307542085647583,0.00021963607287034392,0.5196920037269592,0.011062204837799072,-3.0142505168914795,0.9762061238288879,0.0023520146496593952,1.0,0.02379387617111206,-1.9869492053985596,0.30214792490005493,0.002459339564666152,0.33000001311302185,0.02785208821296692,-1.927280068397522,0.780271053314209,1.0,0.21972894668579102,0.014076156541705132,0.0,0.014076156541705132,0.0,1.0,-19.570871353149414,1785283997.3223224,23.191546201705933,215.32695531845093,21.41660817464188,31.554322547900192,0.0,93.36,True,4.582334280014038
36,0.0028732838109135628,1.832148086577945e-07,0.002754222834482789,0.0017935645300894976,1.6091935606254992e-07,0.0020749587565660477,0.00030554577824659646,-13.454889297485352,0.28275713324546814,0.00032048605498857796,0.2903330326080322,0.5800794363021851,0.00031796187977306545,0.5675079226493835,0.014677779749035835,-5.87368106842041,0.5321727991104126,0.00020954915089532733,0.5201044082641602,0.012068390846252441,-2.9688150882720947,0.9769876599311829,0.0023189985658973455,1.0,0.02301234006881714,-2.0001909732818604,0.30291253328323364,0.0023773445282131433,0.33000001311302185,0.027087479829788208,-1.9476293325424194,0.7568531036376953,1.0,0.2431468963623047,0.013448769226670265,0.0,0.013448769226670265,0.0,1.0,-19.638242721557617,1785283997.4185138,23.287737607955933,215.42314672470093,22.3796871730259,32.345745683248566,0.0,93.36,True,4.582334280014038
37,0.0029271217063069344,1.8639045151758182e-07,0.002787125064060092,0.0018575520953163505,1.6460295171327743e-07,0.002122096484526992,0.0002993038506247103,-13.454540252685547,0.2902335226535797,0.0003265059203840792,0.2936822175979614,0.5807225704193115,0.0003119421598967165,0.5682271718978882,0.012962579727172852,-5.943524360656738,0.5334384441375732,0.00019814337429124862,0.5204175114631653,0.013020932674407959,-2.9164879322052,0.9783143401145935,0.0022778341080993414,1.0,0.021685659885406494,-2.0200998783111572,0.3041563928127289,0.0022966850083321333,0.33000001311302185,0.02584362030029297,-1.9738023281097412,0.7325031161308289,1.0,0.26749688386917114,0.012947648763656616,0.0,0.012947648763656616,0.0,1.0,-19.667604446411133,1785283997.5239294,23.393153190612793,215.5285623073578,23.372127896263436,33.16334181416426,0.0,93.36,True,4.582334280014038
38,0.00297930627129972,1.8719485694873583e-07,0.00326314615085721,0.0019110660068690777,1.6574315964135167e-07,0.0024947200436145067,0.000649012450594455,-12.47125244140625,0.297630250453949,0.0003330399631522596,0.29978880286216736,0.5795952081680298,0.00029845480457879603,0.5643894076347351,0.015358245931565762,-5.829841613769531,0.5335957407951355,0.0001833815040299669,0.5213034749031067,0.012292265892028809,-2.971050262451172,0.9804473519325256,0.0022170350421220064,1.0,0.019552648067474365,-2.050633668899536,0.30507853627204895,0.00220980285666883,0.33000001311302185,0.0249214768409729,-1.997959017753601,0.7090673446655273,1.0,0.29093265533447266,0.012605936266481876,0.0,0.012605936266481876,0.0,1.0,-18.620651245117188,1785283997.617989,23.487212896347046,215.62262201309204,23.317615418207026,34.00509463472382,0.0,93.36,True,4.582334280014038
39,0.0030230258125811815,1.8577684102183412e-07,0.0028729643672704697,0.0019534730818122625,1.634135742278886e-07,0.002199611160904169,0.0002882748667616397,-13.478998184204102,0.30549687147140503,0.0003417518164496869,0.30603495240211487,0.5739871263504028,0.0002761109790299088,0.570314884185791,0.003711454337462783,-6.225345611572266,0.5306082367897034,0.00016421427426394075,0.521200954914093,0.009407281875610352,-3.1687748432159424,0.9829715490341187,0.0021472331136465073,1.0,0.017028450965881348,-2.0853278636932373,0.30602550506591797,0.002221743343397975,0.33000001311302185,0.023974508047103882,-2.0064404010772705,0.6928776502609253,1.0,0.3071223497390747,0.012574251741170883,0.0,0.012574251741170883,0.0,1.0,-20.04366111755371,1785283997.72383,23.593053817749023,215.72846293449402,24.68611281258714,34.85532883860704,0.0,93.36,True,4.582334280014038
40,0.0030663246288895607,1.9209974766454252e-07,0.0029274623375386,0.001989684533327818,1.6901937271995848e-07,0.002262710127979517,0.0003063098411075771,-13.420668601989746,0.3092682957649231,0.0003456171543803066,0.31063899397850037,0.5755533576011658,0.0002839677908923477,0.5723260641098022,0.0035063137765973806,-6.209480285644531,0.5317227840423584,0.00016816610877867788,0.5209138989448547,0.010808885097503662,-3.078969717025757,0.982517659664154,0.0021620802581310272,1.0,0.017482340335845947,-2.078723430633545,0.3093928396701813,0.0022742035798728466,0.33000001311302185,0.020607173442840576,-2.0307605266571045,0.6848756074905396,1.0,0.31512439250946045,0.012106714770197868,0.0,0.012106714770197868,0.0,1.0,-19.927736282348633,1785283997.8176286,23.68685245513916,215.82226157188416,25.938685371762176,35.7298831680701,0.0,93.36,True,4.582334280014038
41,0.0031056406442075968,1.971616683249522e-07,0.003058882663026452,0.0020239120349287987,1.7363466042752407e-07,0.0023609348572790623,0.00034025093191303313,-13.332276344299316,0.3126834034919739,0.00034804397728294134,0.31617119908332825,0.5775381326675415,0.00029018224449828267,0.5738233327865601,0.005095533095300198,-6.174960613250732,0.5330950617790222,0.0001713505043881014,0.5209170579910278,0.012178003787994385,-2.9842114448547363,0.9821508526802063,0.0021741115488111973,1.0,0.0178491473197937,-2.073359489440918,0.3124721348285675,0.002309986623004079,0.33000001311302185,0.017527878284454346,-2.049818515777588,0.6770442724227905,1.0,0.3229557275772095,0.011654632166028023,0.0,0.011654632166028023,0.0,1.0,-19.76435089111328,1785283997.913814,23.783037900924683,215.91844701766968,27.02787253970186,36.623495486653646,0.0,93.36,True,4.582334280014038
42,0.0031399300787597895,2.0420482371719118e-07,0.003011873224750161,0.002061625709757209,1.8048871197606786e-07,0.0023505196440964937,0.0003160035703331232,-13.356636047363281,0.3156083822250366,0.0003516781725920737,0.31985047459602356,0.5804770588874817,0.00029989678296260536,0.5744123458862305,0.007401087321341038,-6.1076483726501465,0.5352131128311157,0.00017735677829477936,0.5209296345710754,0.014283478260040283,-2.824573040008545,0.981731116771698,0.002196183893829584,1.0,0.018268883228302002,-2.06559419631958,0.3171387314796448,0.002363799372687936,0.33000001311302185,0.012861281633377075,-2.0698153972625732,0.6722546219825745,1.0,0.32774537801742554,0.011205343529582024,0.0,0.011205343529582024,0.0,1.0,-19.65504264831543,1785283998.0182722,23.88749599456787,216.02290511131287,28.007751464843693,37.537104686722174,0.0,93.36,True,4.582334280014038
43,0.003165401751175523,2.091267532478014e-07,0.0030112899839878082,0.0020976820960640907,1.8574584714770026e-07,0.002361864084377885,0.0003058472939301282,-13.357073783874512,0.31812354922294617,0.000352523842593655,0.3263518810272217,0.5835227966308594,0.0003087451623287052,0.566987156867981,0.018469780683517456,-5.639982223510742,0.5372472405433655,0.00018314822227694094,0.5208600163459778,0.016387224197387695,-2.650543689727783,0.9814393520355225,0.0022161968518048525,1.0,0.01856064796447754,-2.0593202114105225,0.3217436671257019,0.002414954360574484,0.33000001311302185,0.008256345987319946,-2.0799853801727295,0.6707342267036438,1.0,0.3292657732963562,0.01086611021310091,0.0,0.01086611021310091,0.0,1.0,-19.194332122802734,1785283998.123921,23.993144750595093,216.1285538673401,28.52691986447283,38.46088386970086,0.0,93.36,True,4.582334280014038
44,0.003177495440468192,2.0765536135058937e-07,0.0030839978717267513,0.0021395920775830746,1.857535494309559e-07,0.002445428865030408,0.00031980921630747616,-13.332414627075195,0.32114890217781067,0.0003513192059472203,0.3320964276790619,0.5851946473121643,0.00030729957506991923,0.5746577978134155,0.015194522216916084,-5.831658840179443,0.5381298065185547,0.00018209086556453258,0.5204278230667114,0.01770198345184326,-2.526113510131836,0.980950653553009,0.002221357310190797,1.0,0.019049346446990967,-2.0542006492614746,0.3248838782310486,0.0024408656172454357,0.33000001311302185,0.005116134881973267,-2.0834009647369385,0.6717280745506287,1.0,0.32827192544937134,0.010690187104046345,0.0,0.010690187104046345,0.0,1.0,-19.260799407958984,1785283998.2193189,24.088542699813843,216.22395181655884,29.112555549258218,39.38807863724375,0.0,93.36,True,4.582334280014038
45,0.0031991538126021624,2.1357672608246503e-07,0.0031081633642315865,0.0021752817556262016,1.916089615860983e-07,0.002468384802341461,0.0003069017257075757,-13.332101821899414,0.3231146037578583,0.0003521250910125673,0.33655861020088196,0.5879170894622803,0.00031988893169909716,0.5810691714286804,0.01508758682757616,-5.83171272277832,0.5399752855300903,0.000190409118658863,0.519606351852417,0.02036893367767334,-2.274750232696533,0.9805801510810852,0.002256345236673951,1.0,0.019419848918914795,-2.044494867324829,0.3300475776195526,0.0025544201489537954,0.33000001311302185,4.756450653076172e-05,-2.066026210784912,0.6767643094062805,1.0,0.3232356905937195,0.010596303269267082,0.0,0.010596303269267082,0.0,0.0,-19.13484764099121,1785283998.3137217,24.182945489883423,216.31835460662842,29.572239467075832,40.29789865083462,0.0,93.36,True,4.582334280014038
46,0.00323656783439219,1.78288701135898e-07,0.0032928655855357647,0.0021818694658577442,1.6169553873623954e-07,0.002625715220347047,0.00044740192242898047,-13.132773399353027,0.32745951414108276,0.00031942714122124016,0.34209099411964417,0.5910358428955078,0.0002728942490648478,0.5785559415817261,0.01923091523349285,-5.669363498687744,0.5418947339057922,0.00015500880545005202,0.520216166973114,0.021678566932678223,-1.9511610269546509,0.9821766018867493,0.0020636392291635275,1.0,0.017823398113250732,-2.0957345962524414,0.31728067994117737,0.0023086383007466793,0.33000001311302185,0.012719333171844482,-2.0815718173980713,0.6916370987892151,1.0,0.3083629012107849,0.013611651957035065,0.0,0.013611651957035065,1.0,0.0,-18.643844604492188,1785283998.4178774,24.28710126876831,216.4225103855133,29.540920348394422,41.223264271038644,0.0,93.36,True,4.582334280014038
47,0.0032748107332736254,1.6739774366669735e-07,0.0032484952826052904,0.002295596292242408,1.5453839807832992e-07,0.0025927508249878883,0.0002983174636028707,-13.517219543457031,0.3382694125175476,0.0003338918031658977,0.3475840091705322,0.5860317349433899,0.00022233444906305522,0.5782105326652527,0.012162767350673676,-6.102643013000488,0.5390207767486572,0.00012064493785146624,0.521139919757843,0.01788085699081421,-2.267324447631836,0.9835008382797241,0.0020017726346850395,1.0,0.01649916172027588,-2.119927167892456,0.30888140201568604,0.0023257401771843433,0.33000001311302185,0.021118611097335815,-2.0170373916625977,0.6663283109664917,1.0,0.3336716890335083,0.014446860179305077,0.0,0.014446860179305077,1.0,0.0,-19.532997131347656,1785283998.5222442,24.391468048095703,216.5268771648407,30.398753756568482,42.0840954655072,0.0,93.36,True,4.582334280014038
48,0.0034154148306697607,1.6600078822648356e-07,0.0032430824358016253,0.002443521749228239,1.5771561834299064e-07,0.0026160902343690395,0.00024388180463574827,-13.615133285522461,0.3543413579463959,0.0003583921352401376,0.3539543151855469,0.5771603584289551,0.00017897188081406057,0.5788980722427368,0.0017802952788770199,-6.4345598220825195,0.5325327515602112,9.164134098682553e-05,0.5214738249778748,0.011058926582336426,-3.062601089477539,0.9869540333747864,0.0018747301073744893,1.0,0.013045966625213623,-2.175314426422119,0.2996920943260193,0.0019482821226119995,0.33000001311302185,0.030307918787002563,-1.9657267332077026,0.5766370296478271,1.0,0.42336297035217285,0.012559731490910053,0.0,0.012559731490910053,1.0,0.0,-20.294082641601562,1785283998.617848,24.487071752548218,216.6224808692932,32.01767267499645,42.893616001520854,0.0,93.36,True,4.582334280014038
49,0.0034503957722336054,1.5958731580667518e-07,0.0032894802279770374,0.00249149720184505,1.5119958618470264e-07,0.002652511466294527,0.00022763876768294722,-13.672931671142578,0.3606504201889038,0.00036020250990986824,0.3583669364452362,0.5733330845832825,0.00015929684741422534,0.5782939791679382,0.005461206194013357,-6.414430618286133,0.5298242568969727,7.810263196006417e-05,0.5204775929450989,0.00934666395187378,-3.250540018081665,0.9888749718666077,0.0018079528817906976,1.0,0.011125028133392334,-2.204613208770752,0.29973921179771423,0.0019324261229485273,0.33000001311302185,0.030260801315307617,-1.9686168432235718,0.5424283742904663,1.0,0.4575716257095337,0.011777205392718315,0.0,0.011777205392718315,1.0,0.0,-20.429746627807617,1785283998.7238307,24.59305453300476,216.72846364974976,33.77225557963047,43.70602664755038,0.0,93.36,True,4.582334280014038
50,0.00348227028734982,1.566743179637342e-07,0.0033629871904850006,0.0025398056022822857,1.477755517953483e-07,0.002751491963863373,0.0002429806045256555,-13.663430213928223,0.36634892225265503,0.0003661952796392143,0.36261364817619324,0.5697585940361023,0.00014377254410646856,0.5624379515647888,0.008218520320951939,-6.336505889892578,0.52744460105896,6.776077498216182e-05,0.5221198201179504,0.0053247809410095215,-3.6716089248657227,0.9901990294456482,0.0017683517653495073,1.0,0.009800970554351807,-2.22275447845459,0.30124586820602417,0.0019392373505979776,0.33000001311302185,0.02875414490699768,-1.9906147718429565,0.5064298510551453,1.0,0.49357014894485474,0.010795275680720806,0.0,0.010795275680720806,1.0,0.0,-20.568439483642578,1785283998.8184998,24.687723636627197,216.8231327533722,35.66553134009945,44.54043522219929,0.0,93.36,True,4.582334280014038
51,0.00350684835575521,1.5415844245580956e-07,0.0022536166943609715,0.002582873683422804,1.4409316406727157e-07,0.0018607693491503596,0.0014463831903412938,-6.977725982666016,0.371962308883667,0.0003736251965165138,0.36825719475746155,0.5648022890090942,0.0001279232674278319,0.563159167766571,0.004053112119436264,-6.561367988586426,0.5241931676864624,5.803535532322712e-05,0.5221183896064758,0.0020747780799865723,-3.92120361328125,0.9916556477546692,0.0017231748206540942,1.0,0.00834435224533081,-2.2426517009735107,0.3014663755893707,0.0019445260986685753,0.33000001311302185,0.028533637523651123,-1.993080973625183,0.4610164761543274,1.0,0.5389835238456726,0.00949694775044918,0.0,0.00949694775044918,1.0,0.0,-14.187421798706055,1785283998.9242303,24.79345417022705,216.92886328697205,31.177789415631906,45.37730999863043,0.0,93.36,True,4.582334280014038
52,0.003535707714036107,1.5537655428943253e-07,0.004092407412827015,0.002615266712382436,1.440860017964951e-07,0.0033590737730264664,0.0009290659218095243,-10.960099220275879,0.37676554918289185,0.00038426509127020836,0.3722841441631317,0.5609668493270874,0.00011821718362625688,0.5638920068740845,0.005351591855287552,-6.5533833503723145,0.5218442678451538,5.1964605518151075e-05,0.5221183896064758,0.0002741217613220215,-4.01281213760376,0.9931380152702332,0.0017074387287721038,1.0,0.006861984729766846,-2.253653049468994,0.30326223373413086,0.001982638845220208,0.33000001311302185,0.02673777937889099,-2.01243257522583,0.42267170548439026,1.0,0.5773283243179321,0.008497093804180622,0.0,0.008497093804180622,1.0,0.0,-18.209213256835938,1785283999.040279,24.909502744674683,217.04491186141968,30.711838949294247,46.233536376662215,0.0,93.36,True,4.582334280014038
53,0.0035716870333999395,1.5809405340405647e-07,0.003441238310188055,0.002651312854140997,1.452668385582001e-07,0.0028384861070662737,0.00022814622207079083,-13.690104484558105,0.3812924027442932,0.00039514206582680345,0.3777957856655121,0.5576913356781006,0.00011198515130672604,0.5609812140464783,0.00480100279673934,-6.565032005310059,0.5199569463729858,4.796869325218722e-05,0.5180578827857971,0.0018990635871887207,-4.015950679779053,0.9943599104881287,0.0017037453362718225,1.0,0.005640089511871338,-2.2591891288757324,0.3054507374763489,0.002021077321842313,0.33000001311302185,0.024549275636672974,-2.0340280532836914,0.3866235315799713,1.0,0.6133764982223511,0.007534611504524946,0.0,0.007534611504524946,1.0,0.0,-20.950105667114258,1785283999.1237164,24.992940187454224,217.12834930419922,32.98678089323491,47.11135823275186,0.0,93.36,True,4.582334280014038
54,0.0036031752824783325,1.6020716486764286e-07,0.003457167651504278,0.0026779489126056433,1.4591780939099408e-07,0.0028676411602646112,0.0002393770555499941,-13.665800094604492,0.38516438007354736,0.00040448366780765355,0.38091138005256653,0.5546268820762634,0.00010685099550755695,0.5562536716461182,0.004553509876132011,-6.605867385864258,0.5181363224983215,4.482111762627028e-05,0.5150305032730103,0.0031058192253112793,-3.979869842529297,0.9953531622886658,0.001699006650596857,1.0,0.0046468377113342285,-2.2635624408721924,0.30667024850845337,0.0020518444944173098,0.33000001311302185,0.02332976460456848,-2.042938232421875,0.35434556007385254,1.0,0.6456544399261475,0.006724228151142597,0.0,0.006724228151142597,1.0,0.0,-20.9404296875,1785283999.2278657,25.097089529037476,217.23249864578247,35.25204685756131,47.99809026797969,0.0,93.36,True,4.582334280014038
55,0.003634700318798423,1.6200138475142012e-07,0.0029407693073153496,0.002702330704778433,1.462608167912549e-07,0.002451547421514988,0.0007378567242994905,-12.147666931152344,0.3889099657535553,0.00041284257895313203,0.38649269938468933,0.5516168475151062,0.00010255438246531412,0.5519594550132751,0.002441425109282136,-6.64325475692749,0.5163562893867493,4.221666677040048e-05,0.5159556269645691,0.0004006624221801758,-4.115508079528809,0.9961819052696228,0.0016974000027403235,1.0,0.0038180947303771973,-2.266096353530884,0.3074045479297638,0.0020850251894444227,0.33000001311302185,0.022595465183258057,-2.0451149940490723,0.3248044550418854,1.0,0.675195574760437,0.006028951611369848,0.0,0.006028951611369848,1.0,0.0,-19.5200252532959,1785283999.3437645,25.21298837661743,217.34839749336243,36.09690838768361,48.88699906483472,0.0,93.36,True,4.582334280014038
56,0.0036687718238681555,1.6524742818546656e-07,0.004880477208644152,0.00272728712297976,1.479231741541298e-07,0.004086448810994625,0.0018208653200417757,-3.1466116905212402,0.3927941918373108,0.00042328686686232686,0.3921935260295868,0.5488585829734802,9.915979171637446e-05,0.5513479113578796,0.0025607722345739603,-6.623569488525391,0.5148127675056458,4.0153972804546356e-05,0.516269326210022,0.0014565587043762207,-4.1160383224487305,0.9968979954719543,0.001701386529020965,1.0,0.0031020045280456543,-2.2663896083831787,0.30841177701950073,0.0021388207096606493,0.33000001311302185,0.021588236093521118,-2.04586124420166,0.29850608110427856,1.0,0.7014939188957214,0.005455353297293186,0.0,0.005455353297293186,1.0,0.0,-10.503486633300781,1785283999.449295,25.31851887702942,217.4539279937744,27.925231297810797,49.77665411184233,0.0,93.36,True,4.582334280014038
57,0.0037103635258972645,1.6814523462471698e-07,0.003110043704509735,0.0027560899034142494,1.4913302948116325e-07,0.002613696036860347,0.0006169764092192054,-12.680931091308594,0.39651238918304443,0.0004314727266319096,0.3962515890598297,0.546506404876709,9.708178549772128e-05,0.5502437353134155,0.0037464189808815718,-6.584238052368164,0.5135213732719421,3.872535307891667e-05,0.5148477554321289,0.0013263821601867676,-4.137854099273682,0.997502863407135,0.0017081270925700665,1.0,0.0024971365928649902,-2.2654151916503906,0.3093193769454956,0.002180264098569751,0.33000001311302185,0.020680636167526245,-2.0471341609954834,0.27488070726394653,1.0,0.7251192927360535,0.0049436516128480434,0.0,0.0049436516128480434,1.0,0.0,-20.017250061035156,1785283999.5449116,25.414135456085205,217.5495445728302,29.267317635672356,50.66758207564377,0.0,93.36,True,4.582334280014038
58,0.0037495025899261236,1.7050764711257216e-07,0.0036435865331441164,0.0027712879236787558,1.4979458740072005e-07,0.003068244783207774,0.00031528016552329063,-13.484121322631836,0.400073379278183,0.000438794115325436,0.40190389752388,0.54436856508255,9.463125024922192e-05,0.5476518273353577,0.0037590700667351484,-6.599849224090576,0.512321412563324,3.719789310707711e-05,0.5133967399597168,0.0010753273963928223,-4.16514778137207,0.9981598258018494,0.0017068709712475538,1.0,0.0018401741981506348,-2.266616106033325,0.3102476894855499,0.002219651360064745,0.33000001311302185,0.019752323627471924,-2.048377513885498,0.2553340792655945,1.0,0.7446659207344055,0.004547972232103348,0.0,0.004547972232103348,1.0,0.0,-20.846572875976562,1785283999.6282654,25.49748921394348,217.63289833068848,31.43872678847532,51.559753392335224,0.0,93.36,True,4.582334280014038
59,0.003788875648751855,1.7262283336094697e-07,0.0036237433087080717,0.00278707523830235,1.5030721556286153e-07,0.003063412383198738,0.00032191755599342287,-13.470489501953125,0.4034070074558258,0.0004453902074601501,0.40573930740356445,0.5424959659576416,9.26874708966352e-05,0.5468888878822327,0.004973669536411762,-6.553333282470703,0.5112923383712769,3.597222166717984e-05,0.5125777721405029,0.0012854337692260742,-4.174476146697998,0.998568594455719,0.001709225820377469,1.0,0.0014314055442810059,-2.2663192749023438,0.3107161223888397,0.002256419276818633,0.33000001311302185,0.01928389072418213,-2.045647144317627,0.23881667852401733,1.0,0.7611833214759827,0.004227898083627224,0.0,0.004227898083627224,1.0,0.0,-20.80039405822754,1785283999.7233737,25.592597484588623,217.72800660133362,33.56395712352926,52.449194339458806,0.0,93.36,True,4.582334280014038
60,0.0038245755713433027,1.7450494738113775e-07,0.0037363385781645775,0.002796752844005823,1.5069686298829765e-07,0.003160522086545825,0.00037431783857755363,-13.33541488647461,0.40624120831489563,0.0004508835554588586,0.41030624508857727,0.5408653020858765,9.1185123892501e-05,0.5425860285758972,0.004414229653775692,-6.631022930145264,0.5104067325592041,3.500271850498393e-05,0.5112883448600769,0.0008816123008728027,-4.200001239776611,0.9990422129631042,0.0017101692501455545,1.0,0.000957787036895752,-2.2663748264312744,0.310949444770813,0.002285465132445097,0.33000001311302185,0.019050568342208862,-2.0422561168670654,0.2249397486448288,0.0,0.2249397486448288,0.003970502410084009,0.0,0.003970502410084009,0.0,0.0,-20.740234375,1785283999.827698,25.696921825408936,217.83233094215393,35.62902777535567,53.33524425913183,0.0,93.36,True,4.582334280014038
61,0.0039047235623002052,1.7464211055084888e-07,0.002510473597794771,0.0028639486990869045,1.4742975906756328e-07,0.002126597100868821,0.0015772192273288965,-6.397980213165283,0.4146246314048767,0.0004539322981145233,0.4150397777557373,0.5392169952392578,8.566027827328071e-05,0.5394085049629211,0.0004571897443383932,-6.693061351776123,0.5098010897636414,3.1871371902525425e-05,0.5106959939002991,0.0008949041366577148,-4.245398998260498,0.9979506134986877,0.0016769436188042164,1.0,0.002049386501312256,-2.275200366973877,0.31438398361206055,0.0022643948905169964,0.33000001311302185,0.015616029500961304,-2.072438955307007,0.18745380640029907,0.0,0.18745380640029907,0.003464279230684042,0.0,0.003464279230684042,0.0,0.0,-13.875129699707031,1785283999.9430761,25.812299966812134,217.94770908355713,30.8289937518891,54.25147701724479,0.0,93.36,True,4.582334280014038
62,0.003964807838201523,1.7011916497722268e-07,0.005238333251327276,0.0029179148841649294,1.4324862718240183e-07,0.004467937629669905,0.0020061000250279903,-0.6819767951965332,0.4216413199901581,0.0004563880793284625,0.41961798071861267,0.5377112030982971,7.980524969752878e-05,0.5408154726028442,0.003705454058945179,-6.661307334899902,0.5090082287788391,2.906237386923749e-05,0.5104617476463318,0.0014535188674926758,-4.267746448516846,0.9989997744560242,0.0016650567995384336,1.0,0.00100022554397583,-2.2797093391418457,0.31355607509613037,0.0021971098612993956,0.33000001311302185,0.01644393801689148,-2.079831838607788,0.16348446905612946,0.0,0.16348446905612946,0.0031984704546630383,0.0,0.0031984704546630383,0.0,0.0,-8.144895553588867,1785284000.0479696,25.91719341278076,218.05260252952576,20.29872558230437,55.17510265865853,0.0,93.36,True,4.582334280014038
63,0.004024675115942955,1.6914029288273014e-07,0.003887822851538658,0.002986967097967863,1.421593651684816e-07,0.0033374016638845205,0.00037620862713083625,-13.35426139831543,0.42809033393859863,0.00046037076390348375,0.4240354299545288,0.5368003249168396,7.67797973821871e-05,0.5395447015762329,0.004896310158073902,-6.67424201965332,0.5086029171943665,2.7424413929111324e-05,0.5095328688621521,0.0009299516677856445,-4.317332744598389,0.9988427758216858,0.0016590070445090532,1.0,0.001157224178314209,-2.281425714492798,0.3115663230419159,0.0021406258456408978,0.33000001311302185,0.018433690071105957,-2.0750203132629395,0.14098699390888214,0.0,0.14098699390888214,0.0029151595663279295,0.0,0.0029151595663279295,0.0,0.0,-20.85232162475586,1785284000.1420274,26.011251211166382,218.14666032791138,22.475883483886633,56.093916774727425,0.0,93.36,True,4.582334280014038
64,0.004081800580024719,1.7042623312590877e-07,0.004529139492660761,0.0030442862771451473,1.429580578360401e-07,0.003890215652063489,0.00095692666945979,-10.745048522949219,0.4344680905342102,0.0004664862935896963,0.4291822910308838,0.5359296798706055,7.414714491460472e-05,0.5362685322761536,0.005296649411320686,-6.721271514892578,0.508241593837738,2.601938285806682e-05,0.5081729292869568,6.866455078125e-05,-4.359305381774902,0.9987040162086487,0.0016523216618224978,1.0,0.0012959837913513184,-2.2833399772644043,0.3110086917877197,0.002117292955517769,0.33000001311302185,0.018991321325302124,-2.074697732925415,0.12233632802963257,0.0,0.12233632802963257,0.0026430741418153048,0.0,0.0026430741418153048,0.0,0.0,-18.301719665527344,1785284000.246744,26.115967750549316,218.2513768672943,22.10243942624038,57.012408310458795,0.0,93.36,True,4.582334280014038
65,0.004134513437747955,1.706500682985279e-07,0.0039060800336301327,0.003100337227806449,1.4282575477864157e-07,0.0033626467920839787,0.00034783349838107824,-13.441001892089844,0.4407091438770294,0.0004696830583270639,0.43438729643821716,0.5350890755653381,7.155139610404149e-05,0.5343042612075806,0.006370375864207745,-6.719546794891357,0.5079232454299927,2.4677279725437984e-05,0.5071444511413574,0.0007787942886352539,-4.373586177825928,0.9990116357803345,0.001639351132325828,1.0,0.0009883642196655273,-2.2874908447265625,0.3108100891113281,0.002095605246722698,0.33000001311302185,0.019189924001693726,-2.0771548748016357,0.1070699542760849,0.0,0.1070699542760849,0.00240434636361897,0.0,0.00240434636361897,0.0,0.0,-21.00343132019043,1785284000.342237,26.211460828781128,218.34686994552612,24.430707023257213,57.933356988066386,0.0,93.36,True,4.582334280014038
66,0.0041967472061514854,1.720147793093929e-07,0.003966805525124073,0.0031413945835083723,1.4267585868310562e-07,0.0034250745084136724,0.00036516773980110884,-13.395605087280273,0.44635701179504395,0.0004737880371976644,0.43811121582984924,0.5341834425926208,6.952543481020257e-05,0.5334686040878296,0.008276723325252533,-6.700977325439453,0.5076395869255066,2.3599739506607875e-05,0.5069780349731445,0.0006615519523620605,-4.398926258087158,0.9994540810585022,0.0016360646113753319,1.0,0.0005459189414978027,-2.288701057434082,0.31388533115386963,0.0021126719657331705,0.33000001311302185,0.01611468195915222,-2.099504232406616,0.09749630838632584,0.0,0.09749630838632584,0.0022295815870165825,0.0,0.0022295815870165825,0.0,0.0,-20.95585060119629,1785284000.4502385,26.319462299346924,218.45487141609192,26.711393901279905,58.87665502327896,0.0,93.36,True,4.582334280014038
67,0.00424412963911891,1.7467917245994613e-07,0.0034296284429728985,0.003184536937624216,1.4435532591505762e-07,0.0029640193097293377,0.0008438247605226934,-11.750397682189941,0.4517349600791931,0.0004800780734512955,0.4417595863342285,0.5335041284561157,6.812341598561034e-05,0.5325879454612732,0.01001735869795084,-6.670200347900391,0.5073547959327698,2.2835538402432576e-05,0.5059435963630676,0.0014111995697021484,-4.3810529708862305,1.0000581741333008,0.0016308099729940295,1.0,5.817413330078125e-05,-2.2903995513916016,0.3146250545978546,0.0021193583961576223,0.33000001311302185,0.015374958515167236,-2.1036133766174316,0.08912274986505508,0.0,0.08912274986505508,0.0020974462386220694,0.0,0.0020974462386220694,0.0,1.0,-19.277084350585938,1785284000.543394,26.412617921829224,218.54802703857422,27.313314528692246,59.82406220270234,0.0,93.36,True,4.582334280014038
68,0.004312548786401749,1.8226624831640947e-07,0.004809817764908075,0.003189625684171915,1.477697679774792e-07,0.0041800797916948795,0.0011082760756835341,-9.787137985229492,0.4583795666694641,0.0004940181970596313,0.4472145736217499,0.5334069728851318,6.780988769605756e-05,0.5324243307113647,0.01120815146714449,-6.634706974029541,0.5065132975578308,2.2370588339981623e-05,0.5050970911979675,0.0014162063598632812,-4.390115737915039,0.9984025955200195,0.0016857527662068605,1.0,0.0015974044799804688,-2.273076057434082,0.31489866971969604,0.0021508380305022,0.33000001311302185,0.015101343393325806,-2.098996162414551,0.09213410317897797,0.0,0.09213410317897797,0.0021869619376957417,0.0,0.0021869619376957417,0.0,1.0,-17.289962768554688,1785284000.638059,26.507282733917236,218.64269185066223,25.928113574073336,60.76685216792285,0.0,93.36,True,4.582334280014038
69,0.004378977231681347,1.8895696030085674e-07,0.004109534900635481,0.003216548589989543,1.511361773509634e-07,0.003561193123459816,0.0004374689015094191,-13.170476913452148,0.4634263515472412,0.0005006956052966416,0.451290100812912,0.5337540507316589,6.791763007640839e-05,0.5304475426673889,0.012578615918755531,-6.532915115356445,0.5064135193824768,2.2144504328025505e-05,0.5047938823699951,0.0016196370124816895,-4.380792140960693,0.9988955855369568,0.0016569263534620404,1.0,0.0011044144630432129,-2.2820887565612793,0.3187880516052246,0.0021750840824097395,0.33000001311302185,0.011211961507797241,-2.1175084114074707,0.08729011565446854,0.0,0.08729011565446854,0.0020601421128958464,0.0,0.0020601421128958464,0.0,1.0,-20.587203979492188,1785284000.724039,26.593262910842896,218.7286720275879,27.840153830391927,61.728154382136275,0.0,93.36,True,4.582334280014038
70,0.004439933225512505,1.9382049742944218e-07,0.004146149847656488,0.003241957165300846,1.530554101236703e-07,0.003591497428715229,0.00045660382602363825,-13.114740371704102,0.4681491255760193,0.0005074519431218505,0.4553919732570648,0.5338730216026306,6.700226367684081e-05,0.5288271903991699,0.013718795031309128,-6.410217761993408,0.5062414407730103,2.1632196876453236e-05,0.5043330788612366,0.0019083619117736816,-4.367548942565918,0.9991438984870911,0.001632405212149024,1.0,0.0008561015129089355,-2.289687156677246,0.32188960909843445,0.0022147365380078554,0.33000001311302185,0.008110404014587402,-2.1225223541259766,0.08325746655464172,0.0,0.08325746655464172,0.0019724005833268166,0.0,0.0019724005833268166,0.0,1.0,-20.42668914794922,1785284000.819505,26.68872880935669,218.82413792610168,29.59167925516755,62.694470539068206,0.0,93.36,True,4.582334280014038
71,0.004503071308135986,1.9921623106711195e-07,0.004106841515749693,0.003272212343290448,1.5540649656031746e-07,0.0035631172358989716,0.0004915523459203541,-13.048859596252441,0.47287216782569885,0.0005151709774509072,0.4588444232940674,0.5338320136070251,6.628706614719704e-05,0.526671290397644,0.015749717131257057,-6.180631637573242,0.5060263276100159,2.1210693375905976e-05,0.504182755947113,0.001843571662902832,-4.381444931030273,0.9991325736045837,0.0016138037899509072,1.0,0.0008674263954162598,-2.2954087257385254,0.3245757222175598,0.0022594875190407038,0.33000001311302185,0.005424290895462036,-2.120858907699585,0.07957714051008224,0.0,0.07957714051008224,0.0018962008180096745,0.0,0.0018962008180096745,0.0,0.0,-20.184085845947266,1785284000.9465537,26.81577754020691,218.9511866569519,31.100601377941217,63.65912324957375,0.0,93.36,True,4.582334280014038
72,0.004551031161099672,2.0887074470010702e-07,0.0042581018060445786,0.0033410636242479086,1.6197905949866254e-07,0.0036958109121769667,0.00046005789772607386,-13.076925277709961,0.476749062538147,0.0005305159138515592,0.46372297406196594,0.5333595275878906,6.66007908876054e-05,0.526225745677948,0.014851593412458897,-6.199373245239258,0.5063075423240662,2.126953040715307e-05,0.5039187073707581,0.0023888349533081055,-4.326030731201172,0.9998155236244202,0.0015921799931675196,1.0,0.00018447637557983398,-2.3023765087127686,0.3294878602027893,0.0023185855243355036,0.3296777307987213,0.00018987059593200684,-2.114452600479126,0.06955678761005402,0.0,0.06955678761005402,0.0016441246261820197,0.0,0.0016441246261820197,0.0,0.0,-20.199440002441406,1785284001.0517156,26.920939445495605,219.0563485622406,32.624877657209026,64.61736965285883,0.0,93.36,True,4.582334280014038
73,0.004615874961018562,2.128553973079761e-07,0.00419086217880249,0.0033970556687563658,1.6412245429364702e-07,0.00364864943549037,0.000493898056447506,-13.037617683410645,0.4823933243751526,0.0005390521255321801,0.46719515323638916,0.5327820181846619,6.584786024177447e-05,0.5260347127914429,0.016628606244921684,-6.179111480712891,0.5061671137809753,2.0900908566545695e-05,0.5037786960601807,0.0023884177207946777,-4.332453727722168,0.9989538788795471,0.0016099640633910894,1.0,0.0010461211204528809,-2.2964930534362793,0.33401429653167725,0.0023552891798317432,0.33000001311302185,0.0040142834186553955,-2.10318660736084,0.0643545463681221,0.0,0.0643545463681221,0.001532056019641459,0.0,0.001532056019641459,0.0,0.0,-20.14713478088379,1785284001.145694,27.014917850494385,219.15032696723938,34.09684871491922,65.56435006302561,0.0,93.36,True,4.582334280014038
74,0.004673958756029606,2.1455035437156766e-07,0.004203249234706163,0.003459193743765354,1.6463893359741633e-07,0.0036694263108074665,0.0005155241815373302,-12.998659133911133,0.4877573847770691,0.0005433993646875024,0.47206488251686096,0.5321630239486694,6.53042588965036e-05,0.525877058506012,0.016904674470424652,-6.2100629806518555,0.5060006976127625,2.0582074284902774e-05,0.503632664680481,0.002368032932281494,-4.340381622314453,0.9984821677207947,0.0016316408291459084,1.0,0.0015178322792053223,-2.2894399166107178,0.33749186992645264,0.0023789051920175552,0.33000001311302185,0.007491856813430786,-2.0898218154907227,0.060343995690345764,0.0,0.060343995690345764,0.0014623216120526195,0.0,0.0014623216120526195,0.0,0.0,-20.136899948120117,1785284001.2405055,27.109729290008545,219.24513840675354,35.55858493986574,66.49796568132228,0.0,93.36,True,4.582334280014038
75,0.00461561419069767,1.9631930570085387e-07,0.004310366231948137,0.003494135569781065,1.517051941846148e-07,0.003768208436667919,0.00041023438097909093,-13.24966812133789,0.48504579067230225,0.0005139077547937632,0.47633740305900574,0.5307115912437439,6.633827433688566e-05,0.5267913937568665,0.00955007690936327,-6.569614410400391,0.5055738687515259,2.1078114514239132e-05,0.5035194158554077,0.002054452896118164,-4.36457633972168,0.9955338835716248,0.0016772536328062415,1.0,0.004466116428375244,-2.270413875579834,0.32661113142967224,0.002313754754140973,0.33000001311302185,0.0033888816833496094,-2.1130216121673584,0.06227646395564079,0.0,0.06227646395564079,0.0015887030167505145,0.0,0.0015887030167505145,0.0,0.0,-20.68764877319336,1785284001.345122,27.214345932006836,219.34975504875183,37.5710699898855,67.45478109629559,0.0,93.36,True,4.582334280014038
76,0.004684356972575188,1.9765279546390957e-07,0.004302314016968012,0.0035875262692570686,1.5278527598638902e-07,0.0037515086587518454,0.00041574877104721963,-13.270390510559082,0.491386353969574,0.000510923215188086,0.4799629747867584,0.5309371948242188,6.786235462641343e-05,0.5251436233520508,0.012808553874492645,-6.375773906707764,0.5057405829429626,2.1275451217661612e-05,0.5034968852996826,0.0022436976432800293,-4.341730117797852,0.9950801730155945,0.0016880513867363334,1.0,0.004919826984405518,-2.2659823894500732,0.3273748457431793,0.0023518074303865433,0.33000001311302185,0.0026251673698425293,-2.105881929397583,0.06621608883142471,0.0,0.06621608883142471,0.0017373872688040137,0.0,0.0017373872688040137,0.0,1.0,-20.541873931884766,1785284001.4496617,27.318885564804077,219.45429468154907,39.43778019859667,68.40445682849912,0.0,93.36,True,4.582334280014038
77,0.004782337695360184,2.2026740964520286e-07,0.003716643201187253,0.0036090046633034945,1.7122408735303907e-07,0.0032475003972649574,0.0011253400007262826,-10.656846046447754,0.5030240416526794,0.0005517016397789121,0.4835951328277588,0.5342054963111877,7.062192162266001e-05,0.5245651602745056,0.02168913558125496,-5.692368507385254,0.5068953037261963,2.2214400814846158e-05,0.5036306381225586,0.0032646656036376953,-4.1985554695129395,0.9980395436286926,0.001788581139408052,1.0,0.001960456371307373,-2.2431535720825195,0.3420771360397339,0.0027287460397928953,0.33000001311302185,0.012077122926712036,-2.0062921047210693,0.08317327499389648,0.0,0.08317327499389648,0.002084920182824135,0.0,0.002084920182824135,0.0,1.0,-17.31001853942871,1785284001.5439646,27.413188457489014,219.548597574234,38.072635014851784,69.25454273602614,0.0,93.36,True,4.582334280014038
78,0.004829313140362501,2.2566717916561174e-07,0.004414486698806286,0.0036134566180408,1.7378110328536422e-07,0.0038726639468222857,0.0004891517455689609,-13.022375106811523,0.5074877738952637,0.0005533327930606902,0.4885924756526947,0.5353854298591614,7.132980681490153e-05,0.5243622064590454,0.021875642240047455,-5.511618137359619,0.5071919560432434,2.2384987460100092e-05,0.5036594271659851,0.0035325288772583008,-4.155890941619873,0.9964110255241394,0.0017855894984677434,1.0,0.0035889744758605957,-2.241457939147949,0.3503510057926178,0.003057766007259488,0.33000001311302185,0.020350992679595947,-1.9083735942840576,0.09114184230566025,0.0,0.09114184230566025,0.0022344281896948814,0.0,0.0022344281896948814,0.0,1.0,-19.509614944458008,1785284001.6393328,27.508556604385376,219.64396572113037,38.907086236136195,70.00671013311614,0.0,93.36,True,4.582334280014038
79,0.004829537123441696,2.0987789639548282e-07,0.004388643894344568,0.003599682357162237,1.602045784920847e-07,0.003852874506264925,0.0005084222066216171,-13.01072883605957,0.5065446496009827,0.0005233825067989528,0.49210643768310547,0.5357754230499268,6.878015847178176e-05,0.5232091546058655,0.019140873104333878,-5.384930610656738,0.507152795791626,2.1573860067292117e-05,0.5034960508346558,0.003656744956970215,-4.1431684494018555,0.992491602897644,0.0017398481722921133,1.0,0.007508397102355957,-2.2418389320373535,0.3561157286167145,0.003229387104511261,0.33000001311302185,0.026115715503692627,-1.8431955575942993,0.10722176730632782,0.0,0.10722176730632782,0.0026211643125861883,0.0,0.0026211643125861883,0.0,1.0,-19.3902587890625,1785284001.7451353,27.614359140396118,219.7497682571411,39.6221813020251,70.69369949351639,0.0,93.36,True,4.582334280014038
80,0.004860833287239075,2.0765703823144577e-07,0.00441430089995265,0.003616864560171962,1.5692518218202167e-07,0.0038773491978645325,0.0005169559153728187,-12.993268966674805,0.5106160640716553,0.0005133568774908781,0.49693164229393005,0.5361892580986023,6.833472434664145e-05,0.5239190459251404,0.018379921093583107,-5.460925102233887,0.5071836113929749,2.1180187104619108e-05,0.5034815073013306,0.003702104091644287,-4.138736724853516,0.9907484650611877,0.0017290975665673614,1.0,0.009251534938812256,-2.23638916015625,0.35935986042022705,0.0035810957197099924,0.33000001311302185,0.0293598473072052,-1.7767503261566162,0.11252101510763168,0.0,0.11252101510763168,0.002940056612715125,0.0,0.002940056612715125,0.0,0.0,-19.431377410888672,1785284001.8405893,27.709813117980957,219.84522223472595,40.37839498974017,71.31424362247895,0.0,93.36,True,4.582334280014038
81,0.004945328459143639,2.1209903877661418e-07,0.004489163402467966,0.0037073628045618534,1.5598688207774103e-07,0.003925052005797625,0.0005054455250501633,-13.039535522460938,0.517106294631958,0.0005190475494600832,0.5003959536552429,0.5352238416671753,6.230527651496232e-05,0.5239381194114685,0.020164400339126587,-5.494499206542969,0.5070058703422546,1.8703129171626642e-05,0.5034839510917664,0.0035219192504882812,-4.19287109375,0.9912483096122742,0.0016034303698688745,1.0,0.00875169038772583,-2.274982452392578,0.3537811040878296,0.003723599947988987,0.33000001311302185,0.02378109097480774,-1.8016536235809326,0.10150793939828873,0.0,0.10150793939828873,0.0031864235643297434,0.0,0.0031864235643297434,0.0,0.0,-19.531570434570312,1785284001.924382,27.79360580444336,219.92901492118835,41.23480170113689,71.95969104886584,0.0,93.36,True,4.582334280014038
82,0.004995774477720261,2.1897122337577457e-07,0.005475732497870922,0.003775223856791854,1.5842279310618324e-07,0.004795723129063845,0.0011277315206825733,-9.845446586608887,0.5231003761291504,0.0005257227458059788,0.505971372127533,0.5342758297920227,6.149844557512552e-05,0.5240445137023926,0.01995200663805008,-5.655616283416748,0.506813108921051,1.8165797882829793e-05,0.5037714242935181,0.003041684627532959,-4.284396171569824,0.9923606514930725,0.0016032584244385362,1.0,0.00763934850692749,-2.280719757080078,0.35220232605934143,0.003946077544242144,0.33000001311302185,0.02220231294631958,-1.7861182689666748,0.09799999743700027,0.0,0.09799999743700027,0.003529586596414447,0.0,0.003529586596414447,0.0,0.0,-16.51213836669922,1785284002.018361,27.887584924697876,220.02299404144287,39.07177634466251,72.58960312063846,0.0,93.36,True,4.582334280014038
83,0.005036763846874237,2.339946263418824e-07,0.004593362100422382,0.0038364543579518795,1.6508523970060196e-07,0.004035515710711479,0.0004860355402342975,-13.064388275146484,0.5282629728317261,0.0005368164856918156,0.5101537108421326,0.5334939360618591,6.258106441237032e-05,0.524448037147522,0.02024286799132824,-5.807341575622559,0.5069023370742798,1.8282613382325508e-05,0.5041380524635315,0.002764284610748291,-4.326865196228027,0.9926127791404724,0.0016267466126009822,1.0,0.007387220859527588,-2.2748749256134033,0.35305842757225037,0.00440762285143137,0.33000001311302185,0.023058414459228516,-1.7329565286636353,0.09724263846874237,0.0,0.09724263846874237,0.0041109248995780945,0.0,0.0041109248995780945,0.0,0.0,-19.873695373535156,1785284002.1231902,27.992413997650146,220.12782311439514,40.27030799502407,73.16635345210804,0.0,93.36,True,4.582334280014038
84,0.005097506567835808,2.61902556530913e-07,0.004563490394502878,0.003903015749529004,1.7638821248056047e-07,0.00401731114834547,0.0005461105611175299,-12.933601379394531,0.5342140793800354,0.00055382598657161,0.5136432647705078,0.5325793623924255,6.4841951825656e-05,0.5249087810516357,0.021954411640763283,-5.89749813079834,0.507149338722229,1.8741317035164684e-05,0.5042217969894409,0.002927541732788086,-4.294798851013184,0.9925114512443542,0.0016572248423472047,1.0,0.007488548755645752,-2.2654473781585693,0.3546406626701355,0.005250846967101097,0.33000001311302185,0.024640649557113647,-1.6479288339614868,0.09732934087514877,0.0,0.09732934087514877,0.005160053726285696,0.0,0.005160053726285696,0.0,0.0,-19.798999786376953,1785284002.2177744,28.086998224258423,220.22240734100342,41.394144058227425,73.65807608887548,0.0,93.36,True,4.582334280014038
85,0.00517730787396431,3.1107356335269287e-07,0.004709561355412006,0.003979513421654701,1.9550037677618093e-07,0.0041343411430716515,0.0004927052068524063,-12.964620590209961,0.5408725738525391,0.0005796836339868605,0.5185386538505554,0.5315791368484497,6.932301039341837e-05,0.5250247120857239,0.02327583357691765,-5.936908721923828,0.5075810551643372,1.9926184904761612e-05,0.5040797591209412,0.003501296043395996,-4.185187339782715,0.9922033548355103,0.0016997979255393147,1.0,0.007796645164489746,-2.251803398132324,0.35663002729415894,0.006721903569996357,0.33000001311302185,0.026630014181137085,-1.529503583908081,0.10139261931180954,0.0,0.10139261931180954,0.007120208349078894,0.0,0.007120208349078894,0.0,0.0,-19.80674171447754,1785284002.3226416,28.19186544418335,220.32727456092834,42.52572204953137,74.0313734755895,0.0,93.36,True,4.582334280014038
86,0.005254106596112251,3.6934093827767356e-07,0.004681489896029234,0.004057241603732109,2.1814857120716624e-07,0.004117757547646761,0.0005758055485785007,-12.784661293029785,0.5472453236579895,0.0006088847294449806,0.5220488905906677,0.5306052565574646,7.46578662074171e-05,0.5251096487045288,0.025788795202970505,-5.891763687133789,0.5077800154685974,2.157589369744528e-05,0.5041598081588745,0.0036202073097229004,-4.1493120193481445,0.9921724200248718,0.0017538787797093391,1.0,0.007827579975128174,-2.2365567684173584,0.36131882667541504,0.008557153865695,0.33000001311302185,0.03131881356239319,-1.4042426347732544,0.1147737130522728,0.0,0.1147737130522728,0.009704461321234703,0.0,0.009704461321234703,0.0,0.0,-19.57272720336914,1785284002.4176102,28.286834001541138,220.42224311828613,43.42328552972691,74.2794099131687,0.0,93.36,True,4.582334280014038
87,0.005304891616106033,4.1267540495937283e-07,0.004667267203330994,0.004128455650061369,2.365142108828877e-07,0.004122603219002485,0.0006376512465067208,-12.648384094238281,0.5529109239578247,0.0006313754711300135,0.5269848108291626,0.529371440410614,7.860970799811184e-05,0.5260347127914429,0.02613995037972927,-5.968317985534668,0.5070068836212158,2.298342587891966e-05,0.5049759149551392,0.00203096866607666,-4.331695079803467,0.9930223822593689,0.0018058086279779673,1.0,0.0069776177406311035,-2.225954055786133,0.367621511220932,0.010119743645191193,0.33000001311302185,0.037621498107910156,-1.3077634572982788,0.13675060868263245,0.0,0.13675060868263245,0.01208400260657072,0.0,0.01208400260657072,0.0,0.0,-19.588886260986328,1785284002.5229106,28.392134428024292,220.5275435447693,44.33700806753964,74.43096717327293,0.0,93.36,True,4.582334280014038
88,0.00533674843609333,4.5465242237696657e-07,0.004871252458542585,0.00421646935865283,2.61466198026028e-07,0.004319780971854925,0.00047682260628789663,-12.783760070800781,0.559314489364624,0.0006627233233302832,0.5312344431877136,0.5276719927787781,8.278385939775035e-05,0.5265109539031982,0.028104038909077644,-5.918310642242432,0.5051811933517456,2.4632387066958472e-05,0.504806637763977,0.0003745555877685547,-4.383937835693359,0.9932166934013367,0.0018955962732434273,1.0,0.00678330659866333,-2.203035354614258,0.37340646982192993,0.011550934985280037,0.33000001311302185,0.04340645670890808,-1.2299989461898804,0.16551893949508667,0.0,0.16551893949508667,0.014258605428040028,0.0,0.014258605428040028,0.0,0.0,-19.710378646850586,1785284002.6173556,28.486579418182373,220.62198853492737,45.37222299121663,74.50475992226876,0.0,93.36,True,4.582334280014038
89,0.005363098345696926,5.723592266804189e-07,0.004769840743392706,0.004345439840108156,3.47914209442024e-07,0.00423575472086668,0.0006033120444044471,-12.45977783203125,0.5679510831832886,0.0007668897160328925,0.5347874164581299,0.5258389711380005,9.42596816457808e-05,0.526460587978363,0.03316948935389519,-5.664314270019531,0.5032262802124023,2.8712713174172677e-05,0.5046154856681824,0.0013892054557800293,-4.2765398025512695,0.988166868686676,0.00216119596734643,1.0,0.011833131313323975,-2.117213249206543,0.37679851055145264,0.013590043410658836,0.33000001311302185,0.046798497438430786,-1.1496931314468384,0.20220129191875458,0.0,0.20220129191875458,0.016498323529958725,0.0,0.016498323529958725,0.0,0.0,-19.129499435424805,1785284002.7237935,28.59301733970642,220.72842645645142,45.82655870346784,74.49824685652155,0.0,93.36,True,4.582334280014038
90,0.005350353196263313,7.912566957202216e-07,0.004746563732624054,0.004445110913366079,5.082611664875003e-07,0.004193812608718872,0.0006539973546750844,-12.140586853027344,0.5735470056533813,0.0009272563038393855,0.539781391620636,0.522438645362854,0.00010968103015329689,0.5262084603309631,0.03397540748119354,-5.533164978027344,0.5014155507087708,3.3906238968484104e-05,0.5045573711395264,0.0031418204307556152,-4.081453323364258,0.9811294674873352,0.002405452076345682,1.0,0.018870532512664795,-2.0220515727996826,0.37343114614486694,0.01621646247804165,0.33000001311302185,0.04343113303184509,-1.0837668180465698,0.20872347056865692,0.0,0.20872347056865692,0.017304450273513794,0.0,0.017304450273513794,0.0,0.0,-18.607845306396484,1785284002.8188465,28.68807029724121,220.8234794139862,45.759240286690726,74.42580747737406,0.0,93.36,True,4.582334280014038
91,0.005383467301726341,9.011184260998562e-07,0.004824669566005468,0.004479321651160717,5.848596060786804e-07,0.004287170246243477,0.0005909120664000511,-12.093059539794922,0.5782663822174072,0.0009950647363439202,0.5433171391487122,0.5220824480056763,0.00011660348536679521,0.5267133116722107,0.03525470942258835,-5.441129207611084,0.501095175743103,3.58889446943067e-05,0.504828155040741,0.0037329792976379395,-4.004459857940674,0.9817870259284973,0.00252714566886425,1.0,0.018212974071502686,-2.0057640075683594,0.37107595801353455,0.017394186928868294,0.33000001311302185,0.041075944900512695,-1.0583710670471191,0.21951013803482056,0.0,0.21951013803482056,0.01830672100186348,0.0,0.01830672100186348,0.0,0.0,-18.448192596435547,1785284002.9164329,28.785656690597534,220.92106580734253,45.532269159952676,74.32797234722713,0.0,93.36,True,4.582334280014038
92,0.005390542559325695,9.150997470896982e-07,0.004883073270320892,0.004472699947655201,5.838714969286229e-07,0.004349020775407553,0.0005223233019933105,-12.137224197387695,0.5811423063278198,0.000989375403150916,0.5481594204902649,0.521859347820282,0.00011641040327958763,0.5272849202156067,0.033426154404878616,-5.474323272705078,0.5010439157485962,3.5541528632165864e-05,0.504828155040741,0.0037842392921447754,-4.002005100250244,0.9863626956939697,0.0024888371117413044,1.0,0.013637304306030273,-2.0416693687438965,0.36992406845092773,0.01758389361202717,0.33000001311302185,0.039924055337905884,-1.0561238527297974,0.22569358348846436,0.0,0.22569358348846436,0.019285544753074646,0.0,0.019285544753074646,0.0,0.0,-18.51768684387207,1785284003.0145748,28.883798599243164,221.01920771598816,45.37479228065115,74.22789000276288,0.0,93.36,True,4.582334280014038
93,0.005397136323153973,8.923565815166512e-07,0.004266425035893917,0.004483996890485287,5.666934157488868e-07,0.0038206912577152252,0.0013109089341014624,-11.213985443115234,0.5823642015457153,0.0009732354083098471,0.5508993268013,0.5219227075576782,0.00011489080497995019,0.5267452001571655,0.031832292675971985,-5.555485725402832,0.5012011528015137,3.497800207696855e-05,0.5049088597297668,0.003707706928253174,-4.014946460723877,0.9872808456420898,0.002455434063449502,1.0,0.012719154357910156,-2.052844762802124,0.36898496747016907,0.017581308260560036,0.33000001311302185,0.03898495435714722,-1.058298110961914,0.22598610818386078,0.0,0.22598610818386078,0.019423719495534897,0.0,0.019423719495534897,0.0,0.0,-17.665847778320312,1785284003.1123068,28.98153066635132,221.1169397830963,44.365476335797865,74.12998191653074,0.0,93.36,True,4.582334280014038
94,0.005401653237640858,8.52486380154005e-07,0.0050150747410953045,0.00449577858671546,5.365066613194358e-07,0.0044662803411483765,0.0003877023118548095,-12.28030776977539,0.5835825204849243,0.000946947606280446,0.555054247379303,0.5218777656555176,0.00011159927089465782,0.5274261832237244,0.029062816873192787,-5.625898361206055,0.5012916326522827,3.389020639588125e-05,0.5045129060745239,0.003221273422241211,-4.074162006378174,0.9884515404701233,0.0024047682527452707,1.0,0.011548459529876709,-2.0684826374053955,0.36793971061706543,0.01744210720062256,0.33000001311302185,0.03793969750404358,-1.0642327070236206,0.22393231093883514,0.0,0.22393231093883514,0.01942582242190838,0.0,0.01942582242190838,0.0,0.0,-18.81810760498047,1785284003.21659,29.085813760757446,221.22122287750244,44.50842021760474,74.0380084263603,0.0,93.36,True,4.582334280014038
95,0.005406724289059639,8.348213214048883e-07,0.005006970837712288,0.004514331929385662,5.265240474727761e-07,0.004472886677831411,0.0004018961626570672,-12.291289329528809,0.584636926651001,0.0009360017720609903,0.5592055916786194,0.5218444466590881,0.00011126138997497037,0.5295352935791016,0.026568813249468803,-5.589585304260254,0.5013742446899414,3.3720039937179536e-05,0.5042433738708496,0.002869129180908203,-4.107707977294922,0.9885326027870178,0.0023919467348605394,1.0,0.011467397212982178,-2.071397304534912,0.366585373878479,0.01746855117380619,0.33000001311302185,0.03658536076545715,-1.0664267539978027,0.22820907831192017,0.0,0.22820907831192017,0.019726520404219627,0.0,0.019726520404219627,0.0,0.0,-18.81681251525879,1785284003.3112462,29.18046998977661,221.3158791065216,44.65006900968993,73.94822898316406,0.0,93.36,True,4.582334280014038
96,0.005419956520199776,8.417370054303319e-07,0.004992681089788675,0.004556410945951939,5.360820409805456e-07,0.004469829611480236,0.0004359594313427806,-12.260074615478516,0.5861765146255493,0.0009439258719794452,0.5638971924781799,0.5217580795288086,0.00011338520562276244,0.5307455658912659,0.02402380295097828,-5.568089962005615,0.5013465881347656,3.441323497099802e-05,0.5042689442634583,0.002922356128692627,-4.095513343811035,0.9868618845939636,0.0024265709798783064,1.0,0.013138115406036377,-2.0561330318450928,0.36399903893470764,0.01776830106973648,0.33000001311302185,0.03399902582168579,-1.063703179359436,0.23562602698802948,0.0,0.23562602698802948,0.020446209236979485,0.0,0.020446209236979485,0.0,0.0,-18.76230239868164,1785284003.4263256,29.295549392700195,221.4309585094452,44.73720768519797,73.85572596532944,0.0,93.36,True,4.582334280014038
97,0.005446143448352814,8.60948034642206e-07,0.00488335732370615,0.004627335350960493,5.601442580882576e-07,0.004384297877550125,0.0006130215479061007,-12.105607986450195,0.5889936685562134,0.000963732018135488,0.5672760605812073,0.5217112898826599,0.00011743028153432533,0.5294229388237,0.023046128451824188,-5.66139030456543,0.5013008713722229,3.563877908163704e-05,0.5040465593338013,0.002745687961578369,-4.096332550048828,0.9835920929908752,0.0025015247520059347,1.0,0.016407907009124756,-2.0226778984069824,0.3595372140407562,0.018165862187743187,0.33000001311302185,0.029537200927734375,-1.0611536502838135,0.24997186660766602,0.0,0.24997186660766602,0.021798405796289444,0.0,0.021798405796289444,0.0,0.0,-18.682886123657227,1785284003.5312757,29.40049958229065,221.53590869903564,44.7449300856816,73.7606734184192,0.0,93.36,True,4.582334280014038
98,0.0054687196388840675,9.52896755279653e-07,0.005261154845356941,0.004648708272725344,6.319461931525439e-07,0.004737693350762129,0.0002258350868942216,-12.202362060546875,0.5891678333282471,0.0010230493498966098,0.5712050199508667,0.5215585827827454,0.00012452132068574429,0.5287696719169617,0.019356200471520424,-5.733628273010254,0.5011992454528809,3.814109732047655e-05,0.5035429000854492,0.0023436546325683594,-4.096165180206299,0.9798751473426819,0.002626084489747882,1.0,0.020124852657318115,-1.9750794172286987,0.3608284592628479,0.01897137425839901,0.33000001311302185,0.03082844614982605,-1.038425326347351,0.24955667555332184,0.0,0.24955667555332184,0.02121001109480858,0.0,0.02121001109480858,0.0,0.0,-18.83734703063965,1785284003.6256337,29.49485754966736,221.63026666641235,44.907113393147654,73.6428925475725,0.0,93.36,True,4.582334280014038
99,0.005483676679432392,1.0381505717305117e-06,0.005076053086668253,0.004660596139729023,6.998986350481573e-07,0.004564323462545872,0.00041883820085786283,-12.050675392150879,0.5889309644699097,0.0010763132013380527,0.5757015943527222,0.5213019847869873,0.00013052995200268924,0.5280097126960754,0.01483272947371006,-5.797530174255371,0.5010998249053955,4.030513082398102e-05,0.5027163028717041,0.0016164779663085938,-4.108161926269531,0.9760368466377258,0.0027310182340443134,1.0,0.02396315336227417,-1.9274702072143555,0.3611013889312744,0.019694963470101357,0.33000001311302185,0.031101375818252563,-1.0202007293701172,0.24925953149795532,0.0,0.24925953149795532,0.020713074132800102,0.0,0.020713074132800102,0.0,0.0,-18.742780685424805,1785284003.731524,29.60074782371521,221.7361569404602,44.97473035539886,73.50688707974857,0.0,93.36,True,4.582334280014038
100,0.005389010533690453,8.57180339153274e-07,0.005095104221254587,0.004597858525812626,5.715382371818123e-07,0.004590194206684828,0.00029400622588582337,-12.283960342407227,0.5842117071151733,0.0009632902801968157,0.5789446234703064,0.5201641321182251,0.00011969012120971456,0.5276669859886169,0.009167059324681759,-5.900442600250244,0.5016094446182251,3.7152702134335414e-05,0.5021741390228271,0.0005646944046020508,-4.177006721496582,0.9766150116920471,0.0025656225625425577,1.0,0.02338498830795288,-1.9572644233703613,0.35485705733299255,0.018607662990689278,0.33000001311302185,0.024857044219970703,-1.0565497875213623,0.25391870737075806,0.0,0.25391870737075806,0.021723005920648575,0.0,0.021723005920648575,0.0,0.0,-19.092817306518555,1785284003.8261333,29.695357084274292,221.8307662010193,45.39238393874382,73.40723067007588,0.0,93.36,True,4.582334280014038
101,0.005402931943535805,1.2593316114362096e-06,0.0051193200051784515,0.004533775150775909,9.473166073803441e-07,0.004627821501344442,0.0002987983461935073,-11.852800369262695,0.5813880562782288,0.0011688910890370607,0.5835371613502502,0.5169413089752197,0.00015281142259482294,0.5272029638290405,0.010484283789992332,-5.584603309631348,0.49931713938713074,4.871968485531397e-05,0.5018414258956909,0.0025242865085601807,-3.9803802967071533,0.9543307423591614,0.002846847753971815,1.0,0.04566925764083862,-1.6455190181732178,0.32238173484802246,0.016968360170722008,0.33000001311302185,0.00761827826499939,-1.1175538301467896,0.18484419584274292,0.0,0.18484419584274292,0.0193587988615036,0.0,0.0193587988615036,0.0,0.0,-18.3106746673584,1785284003.930824,29.800047874450684,221.93545699119568,45.02789488292862,73.36857830302861,0.0,93.36,True,4.582334280014038
102,0.005426943302154541,1.2587812534547993e-06,0.005153374280780554,0.004532845690846443,9.427047302779101e-07,0.004674501251429319,0.0003080686728935689,-11.851692199707031,0.583184540271759,0.0011695267166942358,0.586707592010498,0.5164547562599182,0.00015154608990997076,0.5270870327949524,0.011200767941772938,-5.556731224060059,0.49906590580940247,4.8082296416396275e-05,0.5018414258956909,0.002775520086288452,-3.9722518920898438,0.9536339044570923,0.002839538734406233,1.0,0.046366095542907715,-1.634568214416504,0.3216803967952728,0.01693126931786537,0.33000001311302185,0.008319616317749023,-1.1183140277862549,0.17840538918972015,0.0,0.17840538918972015,0.019049059599637985,0.0,0.019049059599637985,0.0,0.0,-18.283203125,1785284004.0255072,29.894731044769287,222.03014016151428,44.635934284755024,73.33068613362082,0.0,93.36,True,4.582334280014038
103,0.005454506725072861,1.2593411611305783e-06,0.003494052216410637,0.004528425633907318,9.385387897964392e-07,0.003160009393468499,0.00239080423489213,-9.37051010131836,0.5850600004196167,0.0011708367383107543,0.5899672508239746,0.5158874988555908,0.0001505440886830911,0.5210598111152649,0.0071297911927104,-5.838630676269531,0.4987656772136688,4.7529410949209705e-05,0.49918338656425476,0.0004177093505859375,-4.056306838989258,0.9525166153907776,0.0028411441016942263,1.0,0.04748338460922241,-1.6160460710525513,0.3209080696105957,0.016865694895386696,0.33000001311302185,0.009091943502426147,-1.1198477745056152,0.1729581207036972,0.0,0.1729581207036972,0.018886622041463852,0.0,0.018886622041463852,0.0,0.0,-16.069568634033203,1785284004.1301863,29.999410152435303,222.1348192691803,42.03033919561463,73.29432771093238,0.0,93.36,True,4.582334280014038
104,0.005472453311085701,1.1998354239040054e-06,0.007184759713709354,0.0044953478500247,8.845888146424841e-07,0.006500421091914177,0.0026367236860096455,-8.453603744506836,0.5866754651069641,0.0011376953916624188,0.5936067700386047,0.5150784850120544,0.0001452503929613158,0.517397403717041,0.007308924105018377,-5.930398941040039,0.4983466863632202,4.534698382485658e-05,0.4987764060497284,0.0004297196865081787,-4.079608917236328,0.9534839987754822,0.00279711140319705,1.0,0.04651600122451782,-1.6338647603988647,0.32092779874801636,0.016380416229367256,0.33000001311302185,0.009072214365005493,-1.1343834400177002,0.1700592190027237,0.0,0.1700592190027237,0.01880619116127491,0.0,0.01880619116127491,0.0,0.0,-15.237728118896484,1785284004.2265356,30.095759391784668,222.23116850852966,38.59290359133752,73.27250495375603,0.0,93.36,True,4.582334280014038
105,0.005500117316842079,1.1605925465119071e-06,0.0051590935327112675,0.004476089961826801,8.524196459802624e-07,0.0046880668960511684,0.0004015363520011306,-11.906547546386719,0.5885304808616638,0.0011255629360675812,0.5960181355476379,0.5138875246047974,0.00014171564544085413,0.516084611415863,0.007803342770785093,-5.945766448974609,0.49765369296073914,4.3772532080765814e-05,0.4974639117717743,0.00018978118896484375,-4.098901748657227,0.949431300163269,0.0028358011040836573,1.0,0.05056869983673096,-1.5629000663757324,0.3187578022480011,0.016137192025780678,0.33000001311302185,0.011242210865020752,-1.140459656715393,0.1803090125322342,0.0,0.1803090125322342,0.020346181467175484,0.0,0.020346181467175484,0.0,0.0,-18.71261215209961,1785284004.331404,30.20062780380249,222.33603692054749,38.63035202026353,73.25675841327737,0.0,93.36,True,4.582334280014038
106,0.0055453963577747345,1.0990787586706574e-06,0.00534401461482048,0.004427740350365639,7.992599080353102e-07,0.004850836470723152,0.00046857757843099535,-11.911996841430664,0.59122633934021,0.001099877990782261,0.5988772511482239,0.5125048756599426,0.00013670242333319038,0.5143295526504517,0.007865487597882748,-5.9784650802612305,0.49699288606643677,4.1471284930594265e-05,0.496395468711853,0.0005974173545837402,-4.122013092041016,0.9448420405387878,0.0028937049210071564,0.9951122403144836,0.0502701997756958,-1.5670166015625,0.3114423453807831,0.015854565426707268,0.33000001311302185,0.01855766773223877,-1.1423494815826416,0.20874080061912537,0.0,0.20874080061912537,0.02464032918214798,0.0,0.02464032918214798,0.0,0.0,-18.755775451660156,1785284004.4256754,30.294899225234985,222.43030834197998,38.71096374875009,73.24290169766596,0.0,93.36,True,4.582334280014038
107,0.00554082915186882,1.175047259494022e-06,0.005334110930562019,0.004457723814994097,8.765958909862093e-07,0.004823714029043913,0.0004203346907161176,-11.868247985839844,0.5910274982452393,0.0011482269037514925,0.6016743779182434,0.5111324787139893,0.00014627281052526087,0.509828507900238,0.01072643417865038,-5.906736373901367,0.49560126662254333,4.492302832659334e-05,0.4955412447452545,6.002187728881836e-05,-4.086301326751709,0.941531777381897,0.003131909528747201,0.9823327660560608,0.04080098867416382,-1.698349952697754,0.30868998169898987,0.016344284638762474,0.33000001311302185,0.021310031414031982,-1.1241075992584229,0.2325436919927597,0.0,0.2325436919927597,0.02675643190741539,0.0,0.02675643190741539,0.0,0.0,-18.63678741455078,1785284004.5298967,30.399120569229126,222.53452968597412,38.67258744012727,73.21080309973033,0.0,93.36,True,4.582334280014038
108,0.005498110316693783,1.1524587080202764e-06,0.005259054247289896,0.004495665431022644,8.839201655064244e-07,0.00474165752530098,0.00034301591222174466,-11.909355163574219,0.5908247232437134,0.0011574731906875968,0.6036192774772644,0.509251058101654,0.00015344907296821475,0.5087237358093262,0.012805416248738766,-5.862331390380859,0.49407079815864563,4.7467230615438893e-05,0.4925592243671417,0.0015115737915039062,-4.03472900390625,0.9377460479736328,0.0035242848098278046,0.9707627892494202,0.033016741275787354,-1.7504442930221558,0.30289608240127563,0.016408594325184822,0.33000001311302185,0.027103930711746216,-1.113651156425476,0.2905813753604889,1.0,0.7094186544418335,0.0338188074529171,0.0,0.0338188074529171,0.0,0.0,-18.61658477783203,1785284004.624169,30.493392944335938,222.62880206108093,38.61400849478571,73.16824805896175,0.0,93.36,True,4.582334280014038
109,0.0054957326501607895,9.878307309918455e-07,0.005441657733172178,0.004545491188764572,8.589264552938403e-07,0.004889233037829399,0.000347969209542498,-11.98952865600586,0.5971056222915649,0.0010770238004624844,0.6063068509101868,0.5012086629867554,0.0001884635421447456,0.5202414393424988,0.02114022709429264,-4.866846561431885,0.4876960217952728,5.5598986364202574e-05,0.49125704169273376,0.0035610198974609375,-3.8656952381134033,0.9279558658599854,0.004896263126283884,0.8951650857925415,0.03279078006744385,-1.6309013366699219,0.18820050358772278,0.010322515852749348,0.3296777307987213,0.14147722721099854,-0.3982536196708679,0.6433760523796082,1.0,0.35662394762039185,0.21329332888126373,0.0,0.21329332888126373,0.0,0.0,-17.815853118896484,1785284004.7186167,30.58784055709839,222.72324967384338,37.754697890508595,72.41029548143857,0.0,93.36,True,4.582334280014038
110,0.0055810678750276566,9.237875815415464e-07,0.005400356370955706,0.0046252720057964325,8.335276220350352e-07,0.004862158093601465,0.0002979457494802773,-12.056977272033691,0.6079751253128052,0.0010487568797543645,0.6076439619064331,0.49829763174057007,0.00021534072584472597,0.5079172849655151,0.00962535198777914,-5.598926544189453,0.4850586950778961,6.168684922158718e-05,0.49040359258651733,0.005344897508621216,-3.6962249279022217,0.9190186262130737,0.0068287961184978485,0.9386656284332275,0.01964700222015381,-1.5461020469665527,0.12999147176742554,0.008497482165694237,0.32838866114616394,0.1983971893787384,0.8510109186172485,0.8607610464096069,1.0,0.13923895359039307,0.5495725274085999,0.0,0.5495725274085999,0.0,0.0,-18.38422966003418,1785284004.812101,30.68132472038269,222.81673383712769,37.46376382736918,70.40307836562727,0.0,93.36,True,4.582334280014038
111,0.005561372265219688,8.89019759142684e-07,0.0053926617838442326,0.004615337587893009,8.14495081158384e-07,0.00483309431001544,0.0002754654560703784,-12.093927383422852,0.6101940274238586,0.001046955119818449,0.6093499660491943,0.49545055627822876,0.00022064594668336213,0.4964362382888794,0.0012976935831829906,-5.799991607666016,0.4828096032142639,6.355578079819679e-05,0.48665305972099304,0.003843456506729126,-3.7966434955596924,0.9074121713638306,0.007155007217079401,0.9228407144546509,0.015428543090820312,-1.5343984365463257,0.10246507823467255,0.007827581837773323,0.33000001311302185,0.2275349348783493,1.800921082496643,0.8977399468421936,1.0,0.1022600531578064,0.6588356494903564,0.0,0.6588356494903564,0.0,0.0,-18.63224220275879,1785284004.9174786,30.786702394485474,222.92211151123047,37.42084230695437,67.44595108593657,0.09677359220800752,93.36,True,4.582334280014038
112,0.005543586798012257,8.594682299190026e-07,0.006342217791825533,0.004606201779097319,7.865065185796993e-07,0.005661122966557741,0.0013231289340183139,-11.094911575317383,0.61327064037323,0.001053385902196169,0.6116341948509216,0.49272406101226807,0.00022609652660321444,0.5054612755775452,0.012841908261179924,-5.427221775054932,0.4805694818496704,6.560100882779807e-05,0.48404577374458313,0.0034762918949127197,-3.8049144744873047,0.8865014910697937,0.00792437419295311,0.9085333347320557,0.022031843662261963,-1.4693403244018555,0.08202065527439117,0.007737782783806324,0.31727051734924316,0.235249862074852,2.064239978790283,0.9219560623168945,1.0,0.07804393768310547,0.7368943095207214,0.0,0.7368943095207214,0.0,0.0,-17.33914566040039,1785284005.0112903,30.88051414489746,223.01592326164246,36.08482424418116,64.22550490995224,0.27160584444638003,93.36,True,4.582334280014038
113,0.00555181410163641,8.505618325216346e-07,0.004738784860819578,0.0045851138420403,7.764015776956512e-07,0.004204954020678997,0.0008975177188403904,-11.70345687866211,0.6149560213088989,0.0010721340076997876,0.6128124594688416,0.49132823944091797,0.00023298080486711115,0.5124979019165039,0.021277910098433495,-4.799524784088135,0.47925883531570435,6.809029582655057e-05,0.4831741154193878,0.003915280103683472,-3.7658324241638184,0.8620184659957886,0.008619268424808979,0.9357568621635437,0.07373839616775513,-1.1425206661224365,0.07331809401512146,0.00776567030698061,0.33000001311302185,0.2566819190979004,2.7320241928100586,0.9339146018028259,1.0,0.06608539819717407,0.7732521295547485,0.0,0.7732521295547485,0.0,0.0,-17.425992965698242,1785284005.1167362,30.985960006713867,223.12136912345886,34.83565348670581,60.33727451994813,0.48279591671877964,93.36,True,4.582334280014038
114,0.005534629337489605,8.486033493682044e-07,0.005482375621795654,0.0045618233270943165,7.711941520938126e-07,0.00481262756511569,0.00025618981453590095,-12.147231101989746,0.6149642467498779,0.0010861525079235435,0.615016520023346,0.49049872159957886,0.00023552242782898247,0.5036287307739258,0.01313011348247528,-5.385541915893555,0.47844329476356506,6.968784146010876e-05,0.4816349744796753,0.0031916797161102295,-3.793714761734009,0.8530685901641846,0.008620421402156353,0.9136186838150024,0.06055009365081787,-1.2452192306518555,0.070832259953022,0.007880650460720062,0.33000001311302185,0.25916776061058044,2.7588391304016113,0.9388172626495361,1.0,0.06118273735046387,0.7803466320037842,0.0,0.7803466320037842,0.0,0.0,-18.352523803710938,1785284005.2422414,31.111465215682983,223.24687433242798,34.51301356724315,56.422229192352475,0.7010804914402149,93.36,True,4.582334280014038
115,0.005537071265280247,8.339754344888206e-07,0.005550784524530172,0.004556233063340187,7.476290306840383e-07,0.004855435807257891,0.0002995168324559927,-12.153849601745605,0.6172467470169067,0.0010931615252047777,0.6167064309120178,0.48948872089385986,0.00023644611064810306,0.495959997177124,0.006493793800473213,-5.6576690673828125,0.47765469551086426,7.00313612469472e-05,0.4796335697174072,0.0019788742065429688,-3.8363866806030273,0.8302967548370361,0.009339038282632828,0.9612488746643066,0.1309521198272705,-0.49973130226135254,0.06384290754795074,0.007840973325073719,0.0,0.06384290754795074,-1.2453463077545166,0.9433251023292542,1.0,0.05667489767074585,0.8015772104263306,1.0,0.19842278957366943,0.0,0.0,-18.59817886352539,1785284005.3166113,31.185835123062134,223.32124423980713,34.43602870759494,56.51136930291295,0.3374412237315354,93.36,True,4.582334280014038
116,0.005647176876664162,7.840975513317971e-07,0.006526424083858728,0.004512515384703875,7.216476660687476e-07,0.005655414890497923,0.0014419760555028915,-10.86435604095459,0.6196997165679932,0.001083109062165022,0.619220495223999,0.4892284572124481,0.00022688975150231272,0.4881365895271301,0.0011924044229090214,-5.7688727378845215,0.4776069223880768,6.730936001986265e-05,0.4781586527824402,0.0005517303943634033,-3.881906032562256,0.8158905506134033,0.009538089856505394,0.9862618446350098,0.17037129402160645,0.1143108606338501,0.05129879713058472,0.0060496642254292965,0.0,0.05129879713058472,-1.4174407720565796,0.9467679262161255,1.0,0.05323207378387451,0.8591951727867126,1.0,0.14080482721328735,0.0,0.0,-17.420406341552734,1785284005.4201736,31.289397478103638,223.42480659484863,33.18127132597408,56.77260387777548,0.0,93.36,True,4.582334280014038
117,0.005788862705230713,8.595509370934451e-07,0.005598815623670816,0.004480840638279915,8.051891882132622e-07,0.004803142976015806,0.0003741613181773573,-12.076128959655762,0.626930832862854,0.0011488782474771142,0.6222556829452515,0.4897065758705139,0.00022897774761077017,0.4895229935646057,0.004678753204643726,-5.727964401245117,0.478056937456131,6.638921331614256e-05,0.4759836494922638,0.0020732879638671875,-3.858675718307495,0.8179264664649963,0.009484906680881977,0.9106892347335815,0.0927627682685852,-0.9564764499664307,0.03887328505516052,0.005883268546313047,0.0,0.03887328505516052,-1.5204567909240723,0.9495449066162109,1.0,0.05045509338378906,0.886081874370575,1.0,0.11391812562942505,0.0,0.0,-18.587839126586914,1785284005.51499,31.38421392440796,223.51962304115295,33.0939467293874,57.13685447150551,0.0,93.36,True,4.582334280014038
118,0.005827444605529308,8.752309099691047e-07,0.0057508014142513275,0.004458067938685417,8.105275810521562e-07,0.004868688527494669,0.00041771214455366135,-12.0419340133667,0.6282755136489868,0.0011730220867320895,0.624328076839447,0.4901740550994873,0.00023335609876085073,0.4872857332229614,0.00489128427579999,-5.693164348602295,0.47837865352630615,6.643151573371142e-05,0.4751600921154022,0.0032185614109039307,-3.8127622604370117,0.8096237182617188,0.009703991934657097,0.9196546077728271,0.1100308895111084,-0.7748655676841736,0.023482546210289,0.005652714986354113,0.0,0.023482546210289,-1.6200953722000122,0.9499526023864746,1.0,0.05004739761352539,0.9057928323745728,1.0,0.09420716762542725,0.0,0.0,-18.50284767150879,1785284005.619944,31.48916792869568,223.62457704544067,32.92163067772259,57.600743646511475,0.0,93.36,True,4.582334280014038
119,0.005887242965400219,8.74333579758968e-07,0.005946478806436062,0.004431119188666344,7.907777330729004e-07,0.004981816280633211,0.0005538737750612199,-11.968390464782715,0.6300140619277954,0.0011794306337833405,0.6262207627296448,0.49047964811325073,0.0002297059545526281,0.4801337718963623,0.011019359342753887,-5.483752250671387,0.4786233901977539,6.396955723175779e-05,0.4744761288166046,0.004147261381149292,-3.7751760482788086,0.8110182285308838,0.009483611211180687,0.9416934251785278,0.13067519664764404,-0.5098662972450256,0.009489566087722778,0.005364075303077698,0.0,0.009489566087722778,-1.6866830587387085,0.9463031888008118,1.0,0.05369681119918823,0.9157571196556091,1.0,0.08424288034439087,0.0,0.0,-18.24298095703125,1785284005.7052038,31.574427604675293,223.7098367214203,32.48944791158024,58.13122050805614,0.0,93.36,True,4.582334280014038
120,0.005962548777461052,8.403001174883684e-07,0.005829324945807457,0.00440287496894598,7.279723490682954e-07,0.0048266625963151455,0.0004442347853910178,-12.089463233947754,0.6317923069000244,0.0011534463847056031,0.628093421459198,0.49056243896484375,0.00021376321092247963,0.4784594774246216,0.012655569240450859,-5.421387195587158,0.4788382649421692,5.7322951761307195e-05,0.47439897060394287,0.004439294338226318,-3.7925686836242676,0.8246320486068726,0.008731717243790627,0.7980841994285583,0.02654784917831421,-1.411100149154663,-0.0016586333513259888,0.004890532232820988,0.0,0.0016586333513259888,-1.7410073280334473,0.93680739402771,1.0,0.06319260597229004,0.9164460301399231,1.0,0.0835539698600769,0.0,0.0,-18.322856903076172,1785284005.8203526,31.689576387405396,223.8249855041504,32.13714109148282,58.71602163889554,0.0,93.36,True,4.582334280014038
121,0.006014843471348286,7.642433956789318e-07,0.005780790466815233,0.004449827130883932,6.213026608747896e-07,0.004736014176160097,0.00036970776272937655,-12.248283386230469,0.6348724961280823,0.001100346795283258,0.6289954781532288,0.4918833374977112,0.00018437582184560597,0.480694055557251,0.012638804502785206,-5.51223611831665,0.4795237183570862,4.6923476475058123e-05,0.47392192482948303,0.005601793527603149,-3.730182409286499,0.8268675208091736,0.008225877769291401,0.8103756904602051,0.016491830348968506,-1.4647645950317383,-0.008754387497901917,0.004609196446835995,0.0,0.008754387497901917,-1.7625985145568848,0.9274786710739136,1.0,0.07252132892608643,0.9151634573936462,1.0,0.08483654260635376,0.0,0.0,-18.523164749145508,1785284005.92532,31.794543743133545,223.92995285987854,31.98514211745473,59.32241395625838,0.0,93.36,True,4.582334280014038
122,0.006061334162950516,7.231906238303054e-07,0.005808116402477026,0.004446528851985931,5.545060162148729e-07,0.004699116572737694,0.0003576587769202888,-12.332653999328613,0.6365364193916321,0.0010587566066533327,0.6296137571334839,0.49261629581451416,0.0001658299588598311,0.47795283794403076,0.016215432435274124,-5.268789291381836,0.4800582528114319,4.131122477701865e-05,0.47399377822875977,0.006064474582672119,-3.6831181049346924,0.8329230546951294,0.007657233625650406,0.7004414796829224,0.13248157501220703,-0.37104928493499756,-0.014390766620635986,0.004559079650789499,0.0,0.014390766620635986,-1.7536665201187134,0.9113000631332397,1.0,0.08869993686676025,0.906727135181427,1.0,0.093272864818573,0.0,0.0,-18.389244079589844,1785284006.0407262,31.909950017929077,224.04535913467407,31.699222473870975,59.91987427918305,0.0,93.36,True,4.582334280014038
123,0.006094841286540031,7.119716087800043e-07,0.00588383711874485,0.0044727446511387825,5.033983256907959e-07,0.004693640395998955,0.00030547945061698556,-12.410945892333984,0.6395479440689087,0.0010642859851941466,0.6292855143547058,0.49486058950424194,0.0001447581744287163,0.4777829647064209,0.019923923537135124,-4.948240280151367,0.481732040643692,3.4939370380016044e-05,0.47429201006889343,0.007440030574798584,-3.419865131378174,0.8263338804244995,0.007555946242064238,0.7231699824333191,0.10316389799118042,-0.8195057511329651,-0.018188148736953735,0.005144636146724224,0.0,0.018188148736953735,-1.6838109493255615,0.8916427493095398,1.0,0.1083572506904602,0.8960827589035034,1.0,0.10391724109649658,0.0,0.0,-18.079469680786133,1785284006.1474752,32.01669907569885,224.15210819244385,31.10352843148351,60.447479031314565,0.0,93.36,True,4.582334280014038
124,0.006134270690381527,7.060081088638981e-07,0.0061461240984499454,0.004445623606443405,4.7407007741639973e-07,0.0048610744997859,0.00041561995749361813,-12.342758178710938,0.6403195858001709,0.0010520368814468384,0.6286194920539856,0.4958323836326599,0.0001340400631306693,0.4871620535850525,0.01456251461058855,-5.703843116760254,0.4824276268482208,3.197009573341347e-05,0.47510048747062683,0.007327139377593994,-3.4167728424072266,0.8302116990089417,0.007170511409640312,0.748813271522522,0.08139842748641968,-1.0879402160644531,-0.022667258977890015,0.005398327950388193,0.0,0.022667258977890015,-1.6443052291870117,0.869930624961853,1.0,0.13006937503814697,0.8834560513496399,1.0,0.11654394865036011,0.0,0.0,-18.614219665527344,1785284006.241563,32.11078691482544,224.24619603157043,31.042584373837258,60.93557806330753,0.0,93.36,True,4.582334280014038
125,0.006189345382153988,6.916737902429304e-07,0.005875819828361273,0.004427587613463402,4.4471715909821796e-07,0.004578236024826765,0.0003478408034425229,-12.470538139343262,0.6416969895362854,0.001039785798639059,0.6288444995880127,0.49692651629447937,0.0001230584894074127,0.4924066662788391,0.013624079525470734,-5.935480117797852,0.48319491744041443,2.8761642170138657e-05,0.4753250479698181,0.007869869470596313,-3.2326035499572754,0.8397679924964905,0.006666664965450764,0.7345767021179199,0.10519129037857056,-0.7564883828163147,-0.02691778540611267,0.00552761647850275,0.0,0.02691778540611267,-1.6145200729370117,0.8430212140083313,1.0,0.1569787859916687,0.8672933578491211,1.0,0.1327066421508789,0.0,0.0,-18.835224151611328,1785284006.3266242,32.19584798812866,224.33125710487366,31.20264480227499,61.3938919390505,0.0,93.36,True,4.582334280014038
126,0.006223523989319801,6.915210519764514e-07,0.006070091389119625,0.004406655207276344,4.2665956812015793e-07,0.00467238062992692,0.0003068412479478866,-12.488179206848145,0.6420917510986328,0.0010372891556471586,0.6292791962623596,0.4979103207588196,0.00011792288569267839,0.4919623136520386,0.014125875197350979,-5.891296863555908,0.4838353097438812,2.7012170903617516e-05,0.4772484302520752,0.00658687949180603,-3.5375723838806152,0.8439042568206787,0.006428467575460672,0.8023442625999451,0.04155999422073364,-1.4702284336090088,-0.031735360622406006,0.005861733108758926,0.0,0.031735360622406006,-1.564808964729309,0.8260979056358337,1.0,0.17390209436416626,0.8605431914329529,1.0,0.13945680856704712,1.0,0.0,-18.970003128051758,1785284006.442298,32.311521768569946,224.44693088531494,31.49748420715315,61.80249470658576,0.0,93.36,True,4.582334280014038
127,0.006343584507703781,6.382300057339307e-07,0.005983469542115927,0.004382165148854256,3.609164309636981e-07,0.004547033924609423,0.000396061223000288,-12.572463989257812,0.643751859664917,0.00098962162155658,0.6300205588340759,0.4987531304359436,9.398863767273724e-05,0.497333288192749,0.013804513029754162,-6.151397705078125,0.48494040966033936,2.1190344341448508e-05,0.48013246059417725,0.004807949066162109,-3.916597843170166,0.8791828155517578,0.0049211555160582066,0.8396530151367188,0.03952980041503906,-1.5794034004211426,-0.027497708797454834,0.005797155667096376,0.0,0.027497708797454834,-1.5910402536392212,0.7226950526237488,1.0,0.2773049473762512,0.7690578699111938,1.0,0.23094213008880615,1.0,0.0,-19.451881408691406,1785284006.546239,32.41546273231506,224.55087184906006,32.27420189267096,62.23732876303094,0.0,93.36,True,4.582334280014038
128,0.006432617083191872,6.364656428559101e-07,0.00597095862030983,0.004366627428680658,3.4368196111245197e-07,0.004493710584938526,0.00047883050865493715,-12.546638488769531,0.6461747884750366,0.0009830114431679249,0.6316011548042297,0.5007529258728027,8.273825369542465e-05,0.5000333786010742,0.014591386541724205,-6.213322639465332,0.486702561378479,1.828508720791433e-05,0.48107123374938965,0.0056313276290893555,-3.6686229705810547,0.9054514765739441,0.004023285117000341,0.8737044334411621,0.03174704313278198,-1.7136344909667969,-0.019716128706932068,0.00602676859125495,0.0,0.019716128706932068,-1.6045836210250854,0.6269564032554626,1.0,0.37304359674453735,0.6550094485282898,1.0,0.3449905514717102,1.0,0.0,-19.351608276367188,1785284006.642467,32.511690855026245,224.64709997177124,32.95064644586455,62.68570618686198,0.0,93.36,True,4.582334280014038
129,0.006510069593787193,6.302935844360036e-07,0.005286605563014746,0.004367242567241192,3.317998391594301e-07,0.003947761375457048,0.001293378765694797,-11.307428359985352,0.6488810777664185,0.0009759364183992147,0.6326481699943542,0.5027756690979004,7.366653153439984e-05,0.49758511781692505,0.01704256795346737,-6.068294525146484,0.48833733797073364,1.6156607671291567e-05,0.4810154139995575,0.0073219239711761475,-2.938560962677002,0.9261826276779175,0.003346311394125223,0.9100855588912964,0.016097068786621094,-1.8922933340072632,-0.005009949207305908,0.00650833360850811,0.0,0.005009949207305908,-1.5964691638946533,0.5260065197944641,1.0,0.4739934802055359,0.5020257234573364,1.0,0.4979742765426636,1.0,0.0,-17.631343841552734,1785284006.748504,32.617727756500244,224.75313687324524,31.906826564243687,63.125969153562586,0.0,93.36,True,4.582334280014038
130,0.006576652638614178,6.214134486981493e-07,0.004068554844707251,0.004359259270131588,3.2414484962828283e-07,0.003013886045664549,0.0028461525216698647,-4.925299644470215,0.6513990163803101,0.0009722057147882879,0.6352536678314209,0.5047675371170044,6.608082912862301e-05,0.4967038631439209,0.018047025427222252,-5.8163533210754395,0.489799439907074,1.4469182133325376e-05,0.48204487562179565,0.00775456428527832,-2.574828863143921,0.9433265924453735,0.00286312960088253,0.9456050395965576,0.002278447151184082,-2.00807523727417,0.014195166528224945,0.00728153670206666,0.0,0.014195166528224945,-1.5284316539764404,0.4220236539840698,1.0,0.5779763460159302,0.33772075176239014,1.0,0.6622792482376099,1.0,0.0,-10.86579704284668,1785284006.8449926,32.714216470718384,224.84962558746338,24.09745988391677,63.49819461034498,0.10021719095526094,93.36,True,4.582334280014038
131,0.006644487380981445,6.158811629575212e-07,0.007139051333069801,0.004345997236669064,3.202602556484635e-07,0.0052366661839187145,0.0010187661973759532,-11.352212905883789,0.6543512344360352,0.0009721167734824121,0.637000560760498,0.5067102313041687,5.9767648053821176e-05,0.5005742907524109,0.018403686583042145,-6.022854804992676,0.4911562502384186,1.3076455616101157e-05,0.4835132956504822,0.007642954587936401,-2.46982479095459,0.9581292867660522,0.0024975347332656384,0.9826691746711731,0.02453988790512085,-1.956727147102356,0.03491588681936264,0.008258423767983913,0.0,0.03491588681936264,-1.4055116176605225,0.3232569396495819,1.0,0.6767430305480957,0.2062164545059204,1.0,0.7937835454940796,1.0,0.0,-17.405410766601562,1785284006.9506888,32.81991267204285,224.95532178878784,22.827706927344735,63.747500030811466,0.3319386791669916,93.36,True,4.582334280014038
132,0.006678584031760693,6.144244935057941e-07,0.007087675854563713,0.004368561785668135,3.230863399039663e-07,0.0051512098871171474,0.0008831161540001631,-11.701948165893555,0.6570264101028442,0.0009762099361978471,0.6402221322059631,0.5087384581565857,5.6027216487564147e-05,0.5020632147789001,0.018081555142998695,-5.980588912963867,0.4924507737159729,1.2304426491027698e-05,0.4835132956504822,0.008937478065490723,-1.4879112243652344,0.9696348309516907,0.0022499908227473497,1.0,0.030365169048309326,-1.9245766401290894,0.05831983685493469,0.009475480765104294,0.0,0.05831983685493469,-1.2311114072799683,0.24691054224967957,1.0,0.753089427947998,0.11945225298404694,1.0,0.8805477619171143,1.0,0.0,-17.230375289916992,1785284007.0453722,32.91459608078003,225.05000519752502,21.38291849408813,63.82240524089738,0.6504243838017569,93.36,True,4.582334280014038
133,0.00680916290730238,6.925722004780255e-07,0.006146811414510012,0.004475542344152927,3.9899694570522115e-07,0.00442978460341692,0.0006639301427640021,-12.30135726928711,0.6711036562919617,0.0010950046125799417,0.6434051990509033,0.5117291212081909,5.5332970077870414e-05,0.504664957523346,0.028585083782672882,-5.670442581176758,0.49398374557495117,1.2874971616838593e-05,0.48651766777038574,0.00746607780456543,-2.5464189052581787,0.9716780185699463,0.0020774737931787968,1.0,0.02832198143005371,-1.97630774974823,0.1008356437087059,0.0088201854377985,0.0,0.1008356437087059,-0.8700224161148071,0.21001525223255157,1.0,0.7899847626686096,0.068787582218647,1.0,0.9312124252319336,1.0,0.0,-18.110919952392578,1785284007.1499014,33.01912522315979,225.15453433990479,20.81867472330711,63.53622145981814,1.0195747517513416,93.36,True,4.582334280014038
134,0.006838846020400524,6.8988646262369e-07,0.006407346576452255,0.004502545110881329,4.003932190244086e-07,0.004588113632053137,0.000439901981735602,-12.476814270019531,0.6751493215560913,0.001097904285416007,0.6463956236839294,0.5136145949363708,5.254313873592764e-05,0.5080829858779907,0.029280947521328926,-5.828536033630371,0.4951789081096649,1.2187678294139914e-05,0.48741135001182556,0.0077675580978393555,-2.263360023498535,0.9777042865753174,0.0019663292914628983,1.0,0.022295713424682617,-2.0704522132873535,0.11760495603084564,0.00948863010853529,0.0,0.11760495603084564,-0.6810762286186218,0.18155498802661896,1.0,0.8184450268745422,0.05028281360864639,1.0,0.9497171640396118,1.0,0.0,-18.27132225036621,1785284007.2444842,33.11370801925659,225.2491171360016,20.414833250499726,63.06109149124271,1.4072298585086045,93.36,True,4.582334280014038
135,0.006855374202132225,6.862219379399903e-07,0.0062522743828594685,0.0045249201357364655,4.004241418442689e-07,0.004436799790710211,0.0006095035350881517,-12.348806381225586,0.6784634590148926,0.0010960217332467437,0.6507088541984558,0.515367865562439,5.034840796724893e-05,0.511366605758667,0.028041543439030647,-6.008020401000977,0.49623245000839233,1.161777527158847e-05,0.4885256886482239,0.007706761360168457,-2.206371784210205,0.9819558262825012,0.0018860106356441975,1.0,0.01804417371749878,-2.1313893795013428,0.13147801160812378,0.009970956481993198,0.0,0.13147801160812378,-0.5182599425315857,0.159597709774971,0.0,0.159597709774971,0.03905462101101875,0.0,0.03905462101101875,1.0,0.0,-18.25840950012207,1785284007.3292298,33.19845366477966,225.33386278152466,19.9980790274482,62.423145236580254,0.8842224222372743,93.36,True,4.582334280014038
136,0.006810800172388554,6.65882623707148e-07,0.006398625671863556,0.004521472845226526,3.8725286799490277e-07,0.004529388155788183,0.00041225049062632024,-12.5276460647583,0.6777970790863037,0.0010621690889820457,0.6541354656219482,0.5175634622573853,4.9399757699575275e-05,0.51069575548172,0.02463812753558159,-5.802690505981445,0.4977092742919922,1.141439497587271e-05,0.48941901326179504,0.008290261030197144,-1.7607758045196533,0.9882522225379944,0.0017471978208050132,1.0,0.011747777462005615,-2.216437578201294,0.15095090866088867,0.011162295006215572,0.0,0.15095090866088867,-0.30799198150634766,0.12656860053539276,0.0,0.12656860053539276,0.025080949068069458,0.0,0.025080949068069458,1.0,0.0,-18.050186157226562,1785284007.4252214,33.294445276260376,225.42985439300537,19.373101461501165,61.574931020892556,0.34724131402299485,93.36,True,4.582334280014038
137,0.006804711185395718,6.728871539962711e-07,0.006424377206712961,0.004550453741103411,3.953742861995124e-07,0.004523570649325848,0.0003812829090747982,-12.531281471252441,0.6796180605888367,0.0010644663125276566,0.6593495011329651,0.5187360048294067,4.977064600097947e-05,0.5172311067581177,0.020324351266026497,-6.323087215423584,0.49898311495780945,1.1542017091414891e-05,0.490326851606369,0.00865626335144043,-1.5198142528533936,0.9925822019577026,0.00171651819255203,1.0,0.007417798042297363,-2.248762369155884,0.16768354177474976,0.011510143987834454,0.0,0.16768354177474976,-0.09189045429229736,0.10787127166986465,0.0,0.10787127166986465,0.01929180882871151,0.0,0.01929180882871151,1.0,0.0,-18.349658966064453,1785284007.5197647,33.38898849487305,225.52439761161804,19.04759670439202,60.51061527799081,0.0,93.36,True,4.582334280014038
138,0.0068277521058917046,6.941089054635086e-07,0.0064536938443779945,0.0045875925570726395,4.0797991118779464e-07,0.004532602149993181,0.00037807872286066413,-12.503968238830566,0.68304044008255,0.0010729734785854816,0.6630120873451233,0.5198449492454529,5.066058656666428e-05,0.5169533491134644,0.02023601531982422,-6.256515026092529,0.5001268982887268,1.1768141121137887e-05,0.49135786294937134,0.008769035339355469,-1.4889936447143555,0.995655357837677,0.0016835624119266868,1.0,0.004344642162322998,-2.2688772678375244,0.18123643100261688,0.011812102980911732,0.0,0.18123643100261688,0.0900040864944458,0.09417635202407837,0.0,0.09417635202407837,0.01584470644593239,0.0,0.01584470644593239,1.0,0.0,-18.253677368164062,1785284007.6244633,33.49368715286255,225.62909626960754,18.626110349382486,59.26440499430232,0.0,93.36,True,4.582334280014038
139,0.006855255924165249,7.121845442270569e-07,0.0068121617659926414,0.004617413505911827,4.175549292995129e-07,0.004742871504276991,0.0001326529891230166,-12.563860893249512,0.6861337423324585,0.001079510897397995,0.668193519115448,0.5205653309822083,5.1190083468100056e-05,0.5172758102416992,0.01823931373655796,-6.262962341308594,0.5009987950325012,1.1915481081814505e-05,0.4921830892562866,0.0088157057762146,-1.4887337684631348,0.9983062148094177,0.0016549177234992385,1.0,0.0016937851905822754,-2.282196521759033,0.1932808756828308,0.011976578272879124,0.0,0.1932808756828308,0.266143798828125,0.0825216993689537,0.0,0.0825216993689537,0.013265196233987808,0.0,0.013265196233987808,1.0,0.0,-18.3185977935791,1785284007.7185884,33.587812185287476,225.72322130203247,18.26954441978799,57.84205499828015,0.0,93.36,True,4.582334280014038
140,0.00690347608178854,7.298900754904025e-07,0.005443315487354994,0.00465079490095377,4.336490349032829e-07,0.0037716510705649853,0.0017043950501829386,-10.201131820678711,0.6896506547927856,0.001084101153537631,0.6732811331748962,0.5211478471755981,5.3535211918642744e-05,0.5222757458686829,0.01640833355486393,-6.357741832733154,0.5019333362579346,1.2528846127679572e-05,0.4932764172554016,0.008656919002532959,-1.7340116500854492,0.999626100063324,0.0016249774489551783,1.0,0.0003738999366760254,-2.292149066925049,0.19636325538158417,0.011428642086684704,0.0,0.19636325538158417,0.3700474500656128,0.07041187584400177,0.0,0.07041187584400177,0.012302019633352757,0.0,0.012302019633352757,1.0,0.0,-16.15433120727539,1785284007.8470519,33.716275691986084,225.85168480873108,15.748711903889784,56.31580135102049,0.0,93.36,True,4.582334280014038
141,0.0069209011271595955,7.498489367208094e-07,0.006672604009509087,0.004675038158893585,4.426512703048502e-07,0.00461670383810997,0.0002550575591158122,-12.484108924865723,0.692297101020813,0.0010937947081401944,0.67684406042099,0.5218545794487,5.378273635869846e-05,0.5204744935035706,0.015514545142650604,-6.359586715698242,0.5024694204330444,1.2597672139236238e-05,0.4942154288291931,0.008253991603851318,-2.0180540084838867,1.0007812976837158,0.0015932319220155478,1.0,0.0007812976837158203,-2.301865339279175,0.2050682157278061,0.011897251941263676,0.0,0.2050682157278061,0.4705543518066406,0.0634818971157074,0.0,0.0634818971157074,0.01107467245310545,0.0,0.01107467245310545,1.0,0.0,-18.5808048248291,1785284007.9518316,33.82105541229248,225.95646452903748,15.654353005545289,54.689040802019804,0.0,93.36,True,4.582334280014038
142,0.0069290222600102425,7.655817171325907e-07,0.006605710368603468,0.004690369591116905,4.480431243791827e-07,0.004565209615975618,0.00034669236629270017,-12.426876068115234,0.6939871311187744,0.0010985455010086298,0.681155264377594,0.5225452780723572,5.385190524975769e-05,0.5198212265968323,0.013117821887135506,-6.339803695678711,0.5029563307762146,1.2630859600903932e-05,0.4954841732978821,0.0074721574783325195,-2.5105574131011963,1.0018906593322754,0.0015725779812783003,1.0,0.0018906593322753906,-2.3074443340301514,0.2126573622226715,0.012525833211839199,0.0,0.2126573622226715,0.5341529846191406,0.05723029002547264,0.0,0.05723029002547264,0.01013596449047327,0.0,0.01013596449047327,1.0,0.0,-18.753997802734375,1785284008.0472784,33.916502237319946,226.05191135406494,15.733187085106067,52.99868162020662,0.0,93.36,True,4.582334280014038
143,0.006937562488019466,7.857019568291435e-07,0.00788106583058834,0.00471440888941288,4.55755895245602e-07,0.00543206138536334,0.0011854212498292327,-11.359600067138672,0.6964168548583984,0.0011082181008532643,0.6846137642860413,0.5231044292449951,5.4054798965808004e-05,0.5214242935180664,0.011922071687877178,-6.38841438293457,0.503302276134491,1.2688269634963945e-05,0.49597176909446716,0.007330507040023804,-2.6009180545806885,1.0023229122161865,0.0015574389835819602,1.0,0.0023229122161865234,-2.311685562133789,0.21983923017978668,0.013450592756271362,0.33000001311302185,0.11016078293323517,-0.7843173742294312,0.05371340364217758,0.0,0.05371340364217758,0.009715484455227852,0.0,0.009715484455227852,1.0,0.0,-17.770790100097656,1785284008.152307,34.021530866622925,226.15693998336792,14.828813462030126,52.626792797242004,0.0,93.36,True,4.582334280014038
144,0.006940767168998718,8.494851613249921e-07,0.0045278375037014484,0.004771269392222166,4.825303108191292e-07,0.003100333735346794,0.0029350051190704107,-6.103525638580322,0.7016235589981079,0.0011426230194047093,0.689452588558197,0.5234571099281311,5.389248326537199e-05,0.5249812006950378,0.012266024947166443,-6.377224922180176,0.5035299062728882,1.2988924027013127e-05,0.49655818939208984,0.00697171688079834,-2.835757255554199,1.0020945072174072,0.0015370554756373167,1.0,0.0020945072174072266,-2.318577766418457,0.23540157079696655,0.014791998080909252,0.3296777307987213,0.09427616000175476,-0.887463390827179,0.045204076915979385,0.0,0.045204076915979385,0.007829882204532623,0.0,0.007829882204532623,1.0,0.0,-12.623184204101562,1785284008.2472715,34.11649537086487,226.25190448760986,8.776833942958092,52.35804999087514,0.0,93.36,True,4.582334280014038
145,0.0069669922813773155,8.809465157355589e-07,0.00829287525266409,0.0047461846843361855,4.776147761731409e-07,0.005693807266652584,0.001629709848202765,-10.472640991210938,0.7047505378723145,0.001137903076596558,0.6928836703300476,0.5245808362960815,5.38958229299169e-05,0.5259101390838623,0.011941088363528252,-6.387364387512207,0.5041600465774536,1.315914596489165e-05,0.4968498647212982,0.0073101818561553955,-2.66977858543396,1.0044305324554443,0.001543985097669065,1.0,0.004430532455444336,-2.311398983001709,0.2724609971046448,0.01893029175698757,0.33000001311302185,0.057539016008377075,-0.9771119356155396,0.04587538167834282,0.0,0.04587538167834282,0.006870489567518234,0.0,0.006870489567518234,1.0,0.0,-16.917421340942383,1785284008.35191,34.22113394737244,226.35654306411743,8.931554885137672,52.17895572929663,0.0,93.36,True,4.582334280014038
146,0.006982762366533279,9.092063351090474e-07,0.006944830063730478,0.0047632018104195595,4.904451884613081e-07,0.004765208810567856,3.798535908572376e-05,-12.380650520324707,0.7074456214904785,0.0011468121083453298,0.6969994902610779,0.5251506567001343,5.543314546230249e-05,0.5271087884902954,0.010628072544932365,-6.365512847900391,0.5044360756874084,1.3599202247860376e-05,0.49740803241729736,0.007028043270111084,-2.8677711486816406,1.005082368850708,0.0015542928595095873,1.0,0.005082368850708008,-2.306119441986084,0.26963770389556885,0.019023053348064423,0.33000001311302185,0.060362309217453,-0.9663450717926025,0.044735539704561234,0.0,0.044735539704561234,0.0072973910719156265,0.0,0.0072973910719156265,1.0,0.0,-18.906946182250977,1785284008.445835,34.3150589466095,226.4504680633545,7.699772426060292,51.98909460389519,0.0,93.36,True,4.582334280014038
147,0.006977776996791363,8.98472592325561e-07,0.0069753085263073444,0.004802799317985773,4.885958446720906e-07,0.004760195501148701,4.2675266740843654e-05,-12.387412071228027,0.7076813578605652,0.0011070731561630964,0.7011184096336365,0.5263106822967529,6.0540569393197075e-05,0.5268837809562683,0.006587923038750887,-6.399073600769043,0.5051155090332031,1.475534554629121e-05,0.497565895318985,0.00754961371421814,-2.711623430252075,1.0057322978973389,0.0015901225851848722,1.0,0.005732297897338867,-2.292701005935669,0.22948893904685974,0.020197488367557526,0.3296777307987213,0.10018879175186157,-0.7836688756942749,0.04094187542796135,0.0,0.04094187542796135,0.009786935523152351,0.0,0.009786935523152351,1.0,0.0,-18.862483978271484,1785284008.5533884,34.42261219024658,226.55802130699158,7.438194274902145,51.61655728239542,0.0,93.36,True,4.582334280014038
148,0.007013352587819099,9.209102245222311e-07,0.007000001147389412,0.004810087848454714,4.977575258635625e-07,0.004770705010741949,4.158447700319812e-05,-12.365996360778809,0.7112032175064087,0.0011210304219275713,0.7051074504852295,0.5263187289237976,6.0528796893777326e-05,0.5269165635108948,0.006125012878328562,-6.395545959472656,0.5051057934761047,1.4684392226627097e-05,0.4983081817626953,0.006797611713409424,-3.072068691253662,1.0055007934570312,0.0015994275454431772,1.0,0.00550079345703125,-2.290656805038452,0.23223018646240234,0.020233722403645515,0.3296777307987213,0.09744754433631897,-0.7966054677963257,0.04113782197237015,0.0,0.04113782197237015,0.009985974989831448,0.0,0.009985974989831448,1.0,0.0,-19.01846694946289,1785284008.6471083,34.516332149505615,226.6517412662506,7.7814975011914385,51.2569565529977,0.0,93.36,True,4.582334280014038
149,0.007055066525936127,9.493202242083498e-07,0.0047732568345963955,0.004822467919439077,5.101483679936791e-07,0.003247163025662303,0.0027727677952498198,-7.165637969970703,0.71534663438797,0.0011403730604797602,0.708921492099762,0.5261076092720032,6.036752893123776e-05,0.5279039144515991,0.00667151901870966,-6.363026142120361,0.5049317479133606,1.455749588785693e-05,0.4987601041793823,0.0061716437339782715,-3.3415307998657227,1.0045595169067383,0.001618840149603784,1.0,0.004559516906738281,-2.287662982940674,0.23540905117988586,0.020703017711639404,0.33000001311302185,0.09459096193313599,-0.8037089109420776,0.04192791506648064,0.0,0.04192791506648064,0.010267967358231544,0.0,0.010267967358231544,1.0,0.0,-13.926824569702148,1785284008.7415226,34.61074638366699,226.746155500412,8.91748809814456,50.90445926674573,0.0,93.36,True,4.582334280014038
150,0.007104218006134033,9.647203569329577e-07,0.009706920012831688,0.004819972440600395,5.140369694345281e-07,0.006594576872885227,0.0031501236371695995,-5.75420618057251,0.7192942500114441,0.001150923315435648,0.712757408618927,0.5254986882209778,5.925288496655412e-05,0.5272369384765625,0.0067640081979334354,-6.368505954742432,0.5046142339706421,1.4075578292249702e-05,0.49911829829216003,0.005495935678482056,-3.593627452850342,1.0042084455490112,0.0016312918160110712,1.0,0.0042084455490112305,-2.2848246097564697,0.2393559366464615,0.021327108144760132,0.33000001311302185,0.09064407646656036,-0.8123227953910828,0.04170113056898117,0.0,0.04170113056898117,0.010298502631485462,0.0,0.010298502631485462,1.0,0.0,-12.645824432373047,1785284008.8463159,34.7155396938324,226.8509488105774,13.94682738894511,50.56057586494277,0.0,93.36,True,4.582334280014038
151,0.007144588977098465,9.951804713637102e-07,0.00711231492459774,0.004818064626306295,5.244558565209445e-07,0.004812458995729685,3.275725248386152e-05,-12.302192687988281,0.7226110696792603,0.0011663609184324741,0.7165409922599792,0.5249781608581543,5.9289392083883286e-05,0.5256508588790894,0.006107238121330738,-6.385984897613525,0.5041652917861938,1.4002956049807835e-05,0.4995090067386627,0.004656285047531128,-3.8950247764587402,1.0032742023468018,0.0016629003221169114,1.0,0.003274202346801758,-2.2774338722229004,0.2436830699443817,0.022789938375353813,0.32935547828674316,0.08567240834236145,-0.810748815536499,0.043612394481897354,0.0,0.043612394481897354,0.010700222104787827,0.0,0.010700222104787827,1.0,0.0,-19.358491897583008,1785284008.9313664,34.80059027671814,226.93599939346313,12.263499214535699,50.215118483285224,0.0,93.36,True,4.582334280014038
152,0.007197584956884384,1.017368731481838e-06,0.00834463257342577,0.00480384798720479,5.277466357256344e-07,0.005631560925394297,0.0014145058812573552,-10.992876052856445,0.7263783812522888,0.001176868099719286,0.7209134697914124,0.5238308906555176,5.8088553487323225e-05,0.5257688760757446,0.005798365455120802,-6.366326332092285,0.5033663511276245,1.3505336937669199e-05,0.49981164932250977,0.003554701805114746,-4.2194623947143555,1.002354383468628,0.0016966366674751043,1.0,0.0023543834686279297,-2.268981456756592,0.24949102103710175,0.024842746555805206,0.33000001311302185,0.0805089920759201,-0.7982016801834106,0.044328343123197556,0.0,0.044328343123197556,0.01078418642282486,0.0,0.01078418642282486,1.0,0.0,-18.195669174194336,1785284009.0259778,34.895201683044434,227.03061079978943,11.74299376351496,49.85711396627459,0.0,93.36,True,4.582334280014038
153,0.007240325212478638,1.0267617653880734e-06,0.007050266955047846,0.004793393425643444,5.266693960948032e-07,0.004765263292938471,0.00019212871848139912,-12.266677856445312,0.7294460535049438,0.0011786046670749784,0.7252200245857239,0.523110568523407,5.779365892522037e-05,0.5263673067092896,0.005335322115570307,-6.313814163208008,0.5028666257858276,1.3307153494679369e-05,0.5001373291015625,0.0027292966842651367,-4.414776802062988,1.000915288925171,0.001739820814691484,1.0,0.0009152889251708984,-2.2578072547912598,0.25731465220451355,0.027181804180145264,0.33000001311302185,0.0726853609085083,-0.7864832282066345,0.04600869491696358,0.0,0.04600869491696358,0.010875934734940529,0.0,0.010875934734940529,0.0,0.0,-19.525117874145508,1785284009.132966,35.00218987464905,227.13759899139404,9.893039612543049,49.48739099728718,0.0,93.36,True,4.582334280014038
154,0.007289279252290726,9.807080232349108e-07,0.007418171968311071,0.004784891847521067,4.99015527566371e-07,0.005019241478294134,0.0002674566931091249,-12.271434783935547,0.7330629825592041,0.0011478530941531062,0.7288641929626465,0.5217489004135132,5.4522060963790864e-05,0.5267267227172852,0.006512185093015432,-6.220591068267822,0.5022955536842346,1.2075432096025907e-05,0.5002064108848572,0.0020891427993774414,-4.562511444091797,1.0038352012634277,0.001722862827591598,1.0,0.0038352012634277344,-2.2586770057678223,0.25758713483810425,0.03055490553379059,0.33000001311302185,0.0724128782749176,-0.7393698692321777,0.04283958300948143,0.0,0.04283958300948143,0.010459349490702152,0.0,0.010459349490702152,0.0,0.0,-19.529163360595703,1785284009.2265174,35.095741271972656,227.23115038871765,8.039039975120943,49.07055466932531,0.0,93.36,True,4.582334280014038
155,0.0073608653619885445,9.789137038751505e-07,0.0072675771079957485,0.004785834811627865,4.941519478052214e-07,0.004908001981675625,0.00015371243353001773,-12.321199417114258,0.7379184365272522,0.0011578256962820888,0.7319305539131165,0.5205280780792236,5.1895043725380674e-05,0.5270730257034302,0.008870799094438553,-6.047667503356934,0.5015336275100708,1.1237920261919498e-05,0.5001078844070435,0.0014257431030273438,-4.688728332519531,1.0036168098449707,0.0017476989887654781,1.0,0.003616809844970703,-2.252046823501587,0.26107555627822876,0.03135329484939575,0.33000001311302185,0.06892445683479309,-0.7365205883979797,0.04122580215334892,0.0,0.04122580215334892,0.010777865536510944,0.0,0.010777865536510944,0.0,0.0,-19.503698348999023,1785284009.3232296,35.192453384399414,227.3278625011444,6.2105053492955165,48.650869060529246,0.0,93.36,True,4.582334280014038
156,0.007438824512064457,9.681572237241198e-07,0.007159585598856211,0.004865634720772505,5.01658973917074e-07,0.004841615445911884,0.00028027003281749785,-12.297886848449707,0.7468527555465698,0.00118747737724334,0.7361621856689453,0.5199018716812134,4.977116986992769e-05,0.5270110368728638,0.012838555499911308,-5.928274154663086,0.5011613368988037,1.0577433386060875e-05,0.5001893639564514,0.0009719729423522949,-4.764797687530518,1.0010979175567627,0.0017783006187528372,1.0,0.0010979175567626953,-2.2467708587646484,0.2559061050415039,0.02761976793408394,0.33000001311302185,0.07409390807151794,-0.7762896418571472,0.03778143227100372,0.0,0.03778143227100372,0.010922755114734173,0.0,0.010922755114734173,0.0,0.0,-19.42290496826172,1785284009.4276314,35.296855211257935,227.43226432800293,4.462764104207395,48.27095250519235,0.0,93.36,True,4.582334280014038
157,0.007507404312491417,9.797382745091454e-07,0.007293754257261753,0.004878695122897625,5.087679824100633e-07,0.004936848301440477,0.00022142298985272646,-12.299131393432617,0.7516099810600281,0.0012259481009095907,0.7390704154968262,0.5189436674118042,4.7607831220375374e-05,0.5267398357391357,0.01476553175598383,-5.787927150726318,0.5006490349769592,9.949132618203294e-06,0.500161349773407,0.0004876852035522461,-4.828121185302734,0.9966228604316711,0.0018067931523546576,1.0,0.0033771395683288574,-2.236006259918213,0.25216835737228394,0.026153985410928726,0.3296777307987213,0.07750937342643738,-0.7880858182907104,0.035087499767541885,0.0,0.035087499767541885,0.01106980536133051,0.0,0.01106980536133051,0.0,0.0,-19.343534469604492,1785284009.5336885,35.40291237831116,227.53832149505615,4.15243403116861,47.90283212628901,0.0,93.36,True,4.582334280014038
158,0.00756693072617054,1.007339278658037e-06,0.007339396979659796,0.004897193517535925,5.254777875052241e-07,0.004974096082150936,0.000240178284002468,-12.264375686645508,0.7562026977539062,0.0012705160770565271,0.7430438995361328,0.5181429982185364,4.589833042700775e-05,0.526780366897583,0.01574033312499523,-5.609975814819336,0.5002089142799377,9.461980880587362e-06,0.499869167804718,0.00033974647521972656,-4.859076023101807,0.9905861020088196,0.0018375354120507836,1.0,0.00941389799118042,-2.2066125869750977,0.24924015998840332,0.02505766786634922,0.33000001311302185,0.08075985312461853,-0.7942063212394714,0.031259920448064804,0.0,0.031259920448064804,0.01074417494237423,0.0,0.01074417494237423,0.0,0.0,-19.181896209716797,1785284009.6290672,35.498291015625,227.63370013237,4.65916651771181,47.54083225033444,0.0,93.36,True,4.582334280014038
159,0.007613948546350002,1.038684217746777e-06,0.006355452351272106,0.00491589680314064,5.45525665529567e-07,0.004303180146962404,0.0013997264904901385,-11.155153274536133,0.7600513696670532,0.0013059276388958097,0.7453531622886658,0.5174635648727417,4.461071875994094e-05,0.5268888473510742,0.017460620030760765,-5.4129180908203125,0.4998805522918701,9.065929589269217e-06,0.4997943937778473,8.615851402282715e-05,-4.88614559173584,0.9844688773155212,0.0018600312760099769,1.0,0.01553112268447876,-2.1598005294799805,0.24712061882019043,0.02414443902671337,0.33000001311302185,0.08287939429283142,-0.8006641864776611,0.02632841467857361,0.0,0.02632841467857361,0.009828288108110428,0.0,0.009828288108110428,0.0,0.0,-17.928560256958008,1785284009.7226284,35.59185218811035,227.72726130485535,3.912563051496221,47.185290239618055,0.0,93.36,True,4.582334280014038
160,0.0076583381742239,1.0802203860293957e-06,0.008627084083855152,0.004940117709338665,5.73597844777396e-07,0.005835329182446003,0.0013190421741455793,-11.083999633789062,0.7644400596618652,0.0013375881826505065,0.7492170333862305,0.5168382525444031,4.345571142039262e-05,0.5260990858078003,0.0178186297416687,-5.419037342071533,0.49959316849708557,8.690214599482715e-06,0.49945068359375,0.0001424849033355713,-4.906549453735352,0.9782585501670837,0.0018831206252798438,1.0,0.02174144983291626,-2.0929665565490723,0.2470167875289917,0.02335129864513874,0.33000001311302185,0.08298322558403015,-0.8121646046638489,0.02100388891994953,0.0,0.02100388891994953,0.008415118791162968,0.0,0.008415118791162968,0.0,0.0,-17.87250518798828,1785284009.828149,35.697372913360596,227.8327820301056,3.1099045163109054,46.84124864708786,0.0,93.36,True,4.582334280014038
161,0.007731677033007145,1.158480017693364e-06,0.007482406683266163,0.004974773153662682,6.183348659760668e-07,0.005050434730947018,0.0002605002373456955,-12.112995147705078,0.7721350193023682,0.0013832494150847197,0.753182590007782,0.5176805853843689,4.168308441876434e-05,0.5255346298217773,0.020515374839305878,-5.626712799072266,0.5001060366630554,8.072760465438478e-06,0.49881473183631897,0.0012913048267364502,-4.841291427612305,0.9728190898895264,0.0019204701529815793,1.0,0.027180910110473633,-2.0163047313690186,0.24542002379894257,0.02417910471558571,0.33000001311302185,0.08457998931407928,-0.7942616939544678,0.018581420183181763,0.0,0.018581420183181763,0.00850040465593338,0.0,0.00850040465593338,0.0,0.0,-19.035011291503906,1785284009.9146929,35.78391671180725,227.91932582855225,3.4697520846412147,46.47930414384828,0.0,93.36,True,4.582334280014038
162,0.007780546322464943,1.2029042864014627e-06,0.008792449720203876,0.004971778020262718,6.420351041924732e-07,0.005939154885709286,0.001399916596710682,-10.952414512634277,0.7762161493301392,0.0013895478332415223,0.7566659450531006,0.5170831084251404,4.1746006900211796e-05,0.5253874063491821,0.021240806207060814,-5.529971122741699,0.4997502565383911,7.930224455776624e-06,0.498808354139328,0.0009419023990631104,-4.897539138793945,0.9700506329536438,0.001996217295527458,1.0,0.0299493670463562,-1.9646458625793457,0.2441054731607437,0.02360071986913681,0.33000001311302185,0.08589453995227814,-0.7979944348335266,0.015165052376687527,0.0,0.015165052376687527,0.007068398408591747,0.0,0.007068398408591747,0.0,0.0,-17.82516098022461,1785284010.0297434,35.898967266082764,228.03437638282776,2.619749341692227,46.12109238148776,0.0,93.36,True,4.582334280014038
163,0.007839113473892212,1.2388463801471516e-06,0.006228353828191757,0.004955088719725609,6.552917284352588e-07,0.004209405276924372,0.0017749903490766883,-10.610445022583008,0.7800647020339966,0.0013851807452738285,0.7595224976539612,0.5165296792984009,4.264455128577538e-05,0.5252348184585571,0.022310571745038033,-5.443569183349609,0.4993995726108551,7.93793242337415e-06,0.49859482049942017,0.0008047521114349365,-4.912197113037109,0.9694711565971375,0.0021180473268032074,1.0,0.03052884340286255,-1.9396754503250122,0.2414938509464264,0.023310964927077293,0.33000001311302185,0.08850616216659546,-0.7924588322639465,0.013785791583359241,0.0,0.013785791583359241,0.006315863225609064,0.0,0.006315863225609064,0.0,0.0,-17.421398162841797,1785284010.1240554,35.993279218673706,228.1286883354187,1.365983781360427,45.757345016557665,0.0,93.36,True,4.582334280014038
164,0.00794133823364973,1.274374199056183e-06,0.00646872678771615,0.004918687045574188,6.629860536122578e-07,0.004357130266726017,0.0015760490205138922,-10.973240852355957,0.7852455377578735,0.0013667114544659853,0.7624177932739258,0.5159071683883667,4.428943429957144e-05,0.524787187576294,0.024494094774127007,-5.391315937042236,0.49902939796447754,8.057480954448693e-06,0.49802374839782715,0.0010056495666503906,-4.882758617401123,0.9706231951713562,0.0023253168910741806,1.0,0.0293768048286438,-1.9274455308914185,0.23842719197273254,0.023119762539863586,0.33000001311302185,0.0915728211402893,-0.783244252204895,0.013496465981006622,0.0,0.013496465981006622,0.005758184939622879,0.0,0.005758184939622879,0.0,0.0,-17.727672576904297,1785284010.2293208,36.09854459762573,228.23395371437073,0.4184926350911269,45.384383071568514,0.0,93.36,True,4.582334280014038
165,0.008023729547858238,1.2470229648897657e-06,0.0075173890218138695,0.004826391581445932,6.40954624486767e-07,0.005053117871284485,0.0005547842010855675,-11.946754455566406,0.7876332998275757,0.0012867178302258253,0.7664862275123596,0.5149562358856201,4.999418160878122e-05,0.5241100788116455,0.023043252527713776,-5.429953575134277,0.4988122582435608,8.989665730041452e-06,0.49760669469833374,0.0012055635452270508,-4.809942722320557,0.9791962504386902,0.0026489258743822575,1.0,0.020803749561309814,-1.9661693572998047,0.21926355361938477,0.020706281065940857,0.33000001311302185,0.11073645949363708,-0.7236132621765137,0.0181172713637352,0.0,0.0181172713637352,0.007103036157786846,0.0,0.007103036157786846,0.0,0.0,-18.695690155029297,1785284010.3251066,36.19433045387268,228.32973957061768,0.4390190669468268,44.95179013655098,0.0,93.36,True,4.582334280014038
166,0.00807538628578186,1.2536588656075764e-06,0.008871546946465969,0.004772598389536142,6.323823527054628e-07,0.005981427151709795,0.0014474594499915838,-10.685554504394531,0.7893929481506348,0.001275119255296886,0.77058345079422,0.515202522277832,5.084384247311391e-05,0.5229555368423462,0.0203446913510561,-5.708008766174316,0.4986773133277893,9.038429197971709e-06,0.49728479981422424,0.0013925135135650635,-4.780804634094238,0.9847137331962585,0.002871725708246231,1.0,0.015286266803741455,-1.966797947883606,0.2137039303779602,0.019665826112031937,0.33000001311302185,0.11629608273506165,-0.7016328573226929,0.020694222301244736,0.0,0.020694222301244736,0.007759673520922661,0.0,0.007759673520922661,0.0,0.0,-17.642364501953125,1785284010.4223115,36.29153537750244,228.42694449424744,0.032799221220471964,44.49721679667963,0.0,93.36,True,4.582334280014038
167,0.00812533963471651,1.264491743313556e-06,0.007631140761077404,0.004701949656009674,6.202180884429254e-07,0.005113068036735058,0.0006428459309972823,-11.866310119628906,0.7894479036331177,0.0012565485667437315,0.7734993100166321,0.5153851509094238,5.333183435141109e-05,0.5217568874359131,0.01717430166900158,-5.939465522766113,0.49840086698532104,9.358599527331535e-06,0.4965277910232544,0.0018730759620666504,-4.683225631713867,0.9917368292808533,0.003229414578527212,1.0,0.008263170719146729,-1.9382171630859375,0.2040894329547882,0.018858857452869415,0.33000001311302185,0.12591058015823364,-0.6461286544799805,0.02615109272301197,0.0,0.02615109272301197,0.009252600371837616,0.0,0.009252600371837616,0.0,0.0,-18.959495544433594,1785284010.526924,36.39614772796631,228.5315568447113,0.2843318212599968,43.987139253965566,0.0,93.36,True,4.582334280014038
168,0.008201615884900093,1.3392889286478749e-06,0.007614406291395426,0.004689494613558054,6.55877272492944e-07,0.005089122802019119,0.0007102941744960845,-11.791976928710938,0.7924026250839233,0.0012790907640010118,0.7774966359138489,0.5152178406715393,5.4021100368117914e-05,0.5205785036087036,0.015840619802474976,-6.053162574768066,0.498334139585495,9.342244993604254e-06,0.4960451126098633,0.002289026975631714,-4.591115951538086,0.9909467101097107,0.003325308905914426,1.0,0.009053289890289307,-1.9218337535858154,0.18968729674816132,0.020133094862103462,0.33000001311302185,0.14031271636486053,-0.5448188781738281,0.020733918994665146,0.0,0.020733918994665146,0.008610385470092297,0.0,0.008610385470092297,0.0,0.0,-18.930065155029297,1785284010.6215334,36.49075722694397,228.62616634368896,0.5392332531156967,43.37575193494535,0.0,93.36,True,4.582334280014038
169,0.008251317776739597,1.3671586884811404e-06,0.006769236642867327,0.004676329903304577,6.601550239793141e-07,0.0045330761931836605,0.0014889882877469063,-11.210031509399414,0.794507622718811,0.0012760880636051297,0.7797536253929138,0.5149377584457397,5.719361433875747e-05,0.5200891494750977,0.015627453103661537,-6.061351776123047,0.49783897399902344,9.714219231682364e-06,0.49586376547813416,0.0019752085208892822,-4.651209831237793,0.9950916171073914,0.0036902877036482096,1.0,0.004908382892608643,-1.8788225650787354,0.18087227642536163,0.01921311765909195,0.33000001311302185,0.14912773668766022,-0.47839516401290894,0.02440747246146202,0.0,0.02440747246146202,0.009711242280900478,0.0,0.009711242280900478,0.0,0.0,-18.38471794128418,1785284010.7287278,36.59795165061951,228.7333607673645,0.24878747122627942,42.69794090176421,0.0,93.36,True,4.582334280014038
170,0.00830029882490635,1.4097576013227808e-06,0.0077354880049824715,0.00468908715993166,6.706889621455048e-07,0.005164565518498421,0.0007383027113974094,-11.723962783813477,0.7969973087310791,0.0012845153687521815,0.783679187297821,0.5144203901290894,6.066202695365064e-05,0.5190907716751099,0.014113285578787327,-6.097077369689941,0.4971994161605835,1.0082848348247353e-05,0.4951554834842682,0.0020439326763153076,-4.626232147216797,0.997219979763031,0.004055282101035118,1.0,0.002780020236968994,-1.8339762687683105,0.17065753042697906,0.018374072387814522,0.33000001311302185,0.15934248268604279,-0.3885488510131836,0.028955642133951187,0.0,0.028955642133951187,0.011255014687776566,0.0,0.011255014687776566,0.0,0.0,-18.91474151611328,1785284010.8448997,36.714123487472534,228.84953260421753,0.4883652641659637,41.93028355558335,0.0,93.36,True,4.582334280014038
171,0.008333710953593254,1.4587925534215174e-06,0.009141651913523674,0.0047117662616074085,6.893336035318498e-07,0.006067048758268356,0.001577833667397499,-10.418813705444336,0.7991502285003662,0.001301956595852971,0.7875867486000061,0.5138372778892517,6.345319707179442e-05,0.5181853771209717,0.012353948317468166,-6.1163434982299805,0.4966355860233307,1.0397481673862785e-05,0.49443134665489197,0.0022042393684387207,-4.584388256072998,0.9970486760139465,0.004303147085011005,1.0,0.002951323986053467,-1.8042536973953247,0.16273581981658936,0.0176109429448843,0.33000001311302185,0.1672641932964325,-0.30636274814605713,0.032099366188049316,0.0,0.032099366188049316,0.012508857995271683,0.0,0.012508857995271683,0.0,0.0,-17.604082107543945,1785284010.9283447,36.797568559646606,228.9329776763916,0.07108161562965165,41.08044010653536,0.0,93.36,True,4.582334280014038
172,0.008366725407540798,1.5474266774617718e-06,0.007876304909586906,0.004758896771818399,7.164113071667089e-07,0.0052351453341543674,0.0006836117245256901,-11.690075874328613,0.801297664642334,0.0013365841004997492,0.7903778553009033,0.5130895972251892,6.782890704926103e-05,0.5179344415664673,0.011946327984333038,-6.052568435668945,0.49594393372535706,1.0911629942711443e-05,0.49443134665489197,0.0015125870704650879,-4.689063549041748,0.9933390617370605,0.004688298795372248,1.0,0.006660938262939453,-1.7576725482940674,0.15128964185714722,0.017112985253334045,0.33000001311302185,0.17871037125587463,-0.1818869709968567,0.038846082985401154,0.0,0.038846082985401154,0.015460453927516937,0.0,0.015460453927516937,0.0,0.0,-18.876663208007812,1785284011.023449,36.8926727771759,229.0280818939209,0.20149948483421554,40.106120880338175,0.0,93.36,True,4.582334280014038
173,0.008422987535595894,1.6744452295824885e-06,0.007785680703818798,0.004815512336790562,7.577174301331979e-07,0.005157065112143755,0.000723061733879149,-11.66035270690918,0.8046602010726929,0.0013879307080060244,0.7943244576454163,0.5122197866439819,7.290576468221843e-05,0.519916296005249,0.012886575423181057,-5.7705278396606445,0.49525734782218933,1.150108982983511e-05,0.4923047721385956,0.00295257568359375,-4.388601303100586,0.9852469563484192,0.005202265921980143,1.0,0.01475304365158081,-1.6894729137420654,0.14215224981307983,0.016940949484705925,0.0,0.14215224981307983,-0.5236693620681763,0.04773741215467453,0.0,0.04773741215467453,0.01982705295085907,0.0,0.01982705295085907,0.0,0.0,-18.47107696533203,1785284011.1277163,36.99694013595581,229.1323492527008,0.0,39.473584045212306,0.0,93.36,True,4.582334280014038
174,0.008438450284302235,1.5741937886559754e-06,0.006937443278729916,0.004808161873370409,7.054661068650603e-07,0.004578748252242804,0.0015184376388788223,-11.172296524047852,0.8034356832504272,0.0013539675856009126,0.7966151237487793,0.5114478468894958,8.004516712389886e-05,0.5179284811019897,0.009408434852957726,-5.901418209075928,0.4946232736110687,1.1992503459623549e-05,0.49209660291671753,0.0025266706943511963,-4.480506896972656,0.9843065738677979,0.005705579183995724,1.0,0.01569342613220215,-1.6426341533660889,0.11135131120681763,0.012610585428774357,0.42365723848342896,0.31230592727661133,2.5995163917541504,0.07382716238498688,0.0,0.07382716238498688,0.03825945407152176,0.0,0.03825945407152176,0.0,0.0,-18.133684158325195,1785284011.2428687,37.1120924949646,229.2475016117096,0.0,35.71786145626411,0.0,93.36,True,4.582334280014038
175,0.008442881517112255,1.8005916899710428e-06,0.009618395939469337,0.004833120387047529,7.822924885658722e-07,0.006300485227257013,0.0018801578553393483,-10.046436309814453,0.8061683177947998,0.0014492032350972295,0.8012282848358154,0.5120583176612854,8.593491656938568e-05,0.513778805732727,0.005231061484664679,-6.085810661315918,0.4947521388530731,1.3017225683142897e-05,0.4913391172885895,0.0034130215644836426,-4.258245468139648,0.9676982760429382,0.006866660434752703,1.0,0.03230172395706177,-1.4956241846084595,0.1256152242422104,0.017289645969867706,0.40926268696784973,0.28364747762680054,1.2168220281600952,0.076726034283638,0.0,0.076726034283638,0.037611041218042374,0.0,0.037611041218042374,0.0,0.0,-17.044208526611328,1785284011.347201,37.2164249420166,229.3518340587616,0.6309551965622688,33.34483323090997,0.0,93.36,True,4.582334280014038
176,0.008441783487796783,2.021040018007625e-06,0.008022895082831383,0.004893660545349121,8.778389428698574e-07,0.005230179987847805,0.000537320040166378,-11.583061218261719,0.8073010444641113,0.001551085151731968,0.803947389125824,0.5119966864585876,9.755505016073585e-05,0.5174093246459961,0.006367390044033527,-5.860290050506592,0.49496567249298096,1.4710991308675148e-05,0.49107301235198975,0.003892660140991211,-4.129502773284912,0.9586275815963745,0.008784594014286995,0.9976101517677307,0.0389825701713562,-1.3619447946548462,0.13190431892871857,0.022571831941604614,0.3572461009025574,0.2253417819738388,0.14824151992797852,0.06834763288497925,0.0,0.06834763288497925,0.03465934842824936,0.0,0.03465934842824936,0.0,0.0,-18.336044311523438,1785284011.4415317,37.310755491256714,229.4461646080017,0.0,32.040385513787946,0.0,93.36,True,4.582334280014038
177,0.008440346457064152,2.1476764686667593e-06,0.008015384897589684,0.004915539640933275,9.530172633276379e-07,0.0051730661652982235,0.0004969026194885373,-11.542662620544434,0.8070762157440186,0.0016107894480228424,0.8067055344581604,0.512285053730011,0.00010504330566618592,0.5090473890304565,0.0032588152680546045,-5.908268451690674,0.4955964684486389,1.5890416761976667e-05,0.48983678221702576,0.005759686231613159,-3.562122344970703,0.9622974395751953,0.009574361145496368,0.8971412181854248,0.06515622138977051,-1.1836915016174316,0.1392676830291748,0.024774406105279922,0.5505908131599426,0.4113231301307678,2.4845128059387207,0.06072426214814186,0.0,0.06072426214814186,0.03042737767100334,0.0,0.03042737767100334,0.0,0.0,-18.050338745117188,1785284011.5459692,37.4151930809021,229.5506021976471,0.0,28.39966651065518,0.0,93.36,True,4.582334280014038
178,0.008404229767620564,2.7011499241780257e-06,0.00825820118188858,0.005012333393096924,1.1539468687260523e-06,0.005312235094606876,0.0003335646470077336,-11.366281509399414,0.8083591461181641,0.0022130035795271397,0.8078408241271973,0.510077953338623,0.00010789622319862247,0.5045019388198853,0.00560005335137248,-5.641852378845215,0.4922321140766144,1.6919895642786287e-05,0.48945868015289307,0.0027734339237213135,-4.347267150878906,0.8761865496635437,0.01706412248313427,0.8565148115158081,0.019671738147735596,-1.105111002922058,0.2175460010766983,0.045900482684373856,0.5270361304283142,0.3094901442527771,0.4216879606246948,0.047800496220588684,0.0,0.047800496220588684,0.016541404649615288,0.0,0.016541404649615288,0.0,0.0,-18.05339813232422,1785284011.6509721,37.520195960998535,229.65560507774353,0.0,26.82177235283644,0.0,93.36,True,4.582334280014038
179,0.00845550186932087,2.8170454697828973e-06,0.0070469263009727,0.005068366415798664,1.2404564131429652e-06,0.004513226915150881,0.0015140228206291795,-10.87567138671875,0.8134758472442627,0.002321795793250203,0.8081440329551697,0.5058703422546387,0.00011094811634393409,0.5072389841079712,0.005504672881215811,-5.733489990234375,0.48993241786956787,1.7407173800165765e-05,0.4894656836986542,0.0004667341709136963,-4.5541181564331055,0.8132641315460205,0.01826365664601326,0.7755552530288696,0.03770887851715088,-1.0435538291931152,0.22489488124847412,0.0536995530128479,0.636303722858429,0.41140884160995483,1.0327283143997192,0.052336759865283966,0.0,0.052336759865283966,0.018042417243123055,0.0,0.018042417243123055,0.0,0.0,-17.73952293395996,1785284011.7454042,37.614628076553345,229.75003719329834,0.0,24.632837841242676,0.0,93.36,True,4.582334280014038
180,0.008538750931620598,2.576704218881787e-06,0.008177613839507103,0.004978497512638569,1.169342567663989e-06,0.005201927851885557,0.0004246658936608583,-11.37950325012207,0.8147574663162231,0.0022558788768947124,0.8076311945915222,0.5041636824607849,0.00010387227666797116,0.5023108720779419,0.00736319599673152,-5.767624855041504,0.4884377717971802,1.6973859601421282e-05,0.4887809753417969,0.0003432035446166992,-4.569509506225586,0.722751259803772,0.017477141693234444,0.6782806515693665,0.04447060823440552,-1.0479145050048828,0.25144121050834656,0.06881501525640488,0.0,0.25144121050834656,0.04013872146606445,0.052214834839105606,0.0,0.052214834839105606,0.015384838916361332,0.0,0.015384838916361332,0.0,0.0,-18.278358459472656,1785284011.8408222,37.71004605293274,229.84545516967773,0.0,23.436492922582566,0.0,93.36,True,4.582334280014038
181,0.008400097489356995,2.2676620119455038e-06,0.008004737086594105,0.004994433838874102,1.0192467243541614e-06,0.005070213228464127,0.00040255728526972234,-11.521444320678711,0.8114397525787354,0.002108355052769184,0.806287944316864,0.4966295063495636,0.00010001147165894508,0.5002986192703247,0.00632483372464776,-5.774560928344727,0.48473411798477173,1.628565223654732e-05,0.48796749114990234,0.0032333731651306152,-4.272695064544678,0.5723510980606079,0.014982667751610279,0.5999202132225037,0.027569115161895752,-1.156127691268921,0.15700161457061768,0.030993444845080376,0.42594727873802185,0.2689456641674042,0.3488370180130005,0.12456000596284866,0.0,0.12456000596284866,0.07757705450057983,0.0,0.07757705450057983,0.0,0.0,-18.277441024780273,1785284011.9448264,37.81405019760132,229.9494593143463,0.0,21.93144970737552,0.0,93.36,True,4.582334280014038
182,0.008312525227665901,1.9161257114319596e-06,0.00826572347432375,0.004697298165410757,9.277569574805966e-07,0.005184773355722427,0.000489716709125787,-11.561333656311035,0.7977231740951538,0.0018994072452187538,0.803791344165802,0.4956321716308594,9.56498333835043e-05,0.5081914663314819,0.013948425650596619,-5.088396072387695,0.4846620559692383,1.6601816241745837e-05,0.48796749114990234,0.0033054351806640625,-4.255003452301025,0.5189485549926758,0.017178913578391075,0.5881314873695374,0.06918293237686157,-0.9737910032272339,0.18349628150463104,0.04592272639274597,0.2249414026737213,0.04144512116909027,-0.6027570962905884,0.10885028541088104,0.0,0.10885028541088104,0.062055934220552444,0.0,0.062055934220552444,0.0,0.0,-17.759552001953125,1785284012.0493443,37.91856813430786,230.05397725105286,0.0,21.378000606472064,0.0,93.36,True,4.582334280014038
183,0.008278807625174522,1.7939663621291402e-06,0.007988672703504562,0.004524280317127705,8.616039508524409e-07,0.004967775195837021,0.0005299678887240589,-11.622297286987305,0.7909508943557739,0.0017669842345640063,0.8000777363777161,0.4923368990421295,8.832835010252893e-05,0.5049740076065063,0.015588321723043919,-5.071023464202881,0.4837835729122162,1.542192512715701e-05,0.4863778054714203,0.0025942325592041016,-4.402724266052246,0.5281665325164795,0.01652080938220024,0.5969424843788147,0.0687759518623352,-0.9894720315933228,0.1872478574514389,0.04268839210271835,0.3843994140625,0.1971515566110611,-0.20271435379981995,0.11201729625463486,0.0,0.11201729625463486,0.06500313431024551,0.0,0.06500313431024551,0.0,0.0,-17.880477905273438,1785284012.1446335,38.01385736465454,230.14926648139954,0.0,20.42450876307784,0.0,93.36,True,4.582334280014038
184,0.008220113813877106,1.7675852177490015e-06,0.008309093303978443,0.004465414676815271,8.312805448440486e-07,0.005141753237694502,0.0006821665447205305,-11.507843017578125,0.7881369590759277,0.0017314905999228358,0.7971100807189941,0.4912647604942322,8.027110015973449e-05,0.5049489736557007,0.01636382006108761,-4.866901397705078,0.4834320843219757,1.4302323506854009e-05,0.48599424958229065,0.0025621652603149414,-4.429108142852783,0.53974449634552,0.01535442192107439,0.664923369884491,0.12517887353897095,-0.6589689254760742,0.19049188494682312,0.046689473092556,0.1967431604862213,0.006251275539398193,-0.6127613186836243,0.10219772905111313,0.0,0.10219772905111313,0.05947379022836685,0.0,0.05947379022836685,0.0,0.0,-17.61591911315918,1785284012.2495377,38.11876153945923,230.25417065620422,0.059244610014417276,19.881063884567418,0.0,93.36,True,4.582334280014038
185,0.008273404091596603,1.6792571386758937e-06,0.008227367885410786,0.004419182427227497,7.694864621043962e-07,0.0050100539810955524,0.0005926621961407363,-11.621984481811523,0.7866991758346558,0.0016590646700933576,0.7950858473777771,0.4918070137500763,7.376528810709715e-05,0.5069516897201538,0.01731177233159542,-4.544318199157715,0.4839835464954376,1.3108843631925993e-05,0.48583269119262695,0.001849144697189331,-4.571752071380615,0.5918503999710083,0.013008000329136848,0.7045586109161377,0.1127082109451294,-0.7638750076293945,0.19149217009544373,0.045232608914375305,0.3562646508216858,0.16477248072624207,-0.32891497015953064,0.09734945744276047,0.0,0.09734945744276047,0.06137509644031525,0.0,0.06137509644031525,0.0,0.0,-17.54331398010254,1785284012.3449886,38.21421241760254,230.34962153434753,0.19109435308547518,19.053772657532903,0.0,93.36,True,4.582334280014038
186,0.008273058570921421,1.7117321249315864e-06,0.006627170834690332,0.004394447430968285,7.536979751421313e-07,0.004015338607132435,0.0016889849212020636,-10.963628768920898,0.7871941328048706,0.0016369879012927413,0.7939024567604065,0.4906114339828491,6.761432450730354e-05,0.4986743927001953,0.010488703846931458,-5.675920486450195,0.48327216506004333,1.2138050806242973e-05,0.4851313531398773,0.0018591880798339844,-4.598258018493652,0.6334754228591919,0.011127089150249958,0.7429949045181274,0.10951948165893555,-0.7912696003913879,0.20813462138175964,0.04668913036584854,0.4344531297683716,0.22631850838661194,-0.06466096639633179,0.09558617323637009,0.0,0.09558617323637009,0.05576752498745918,0.0,0.05576752498745918,0.0,0.0,-17.803495407104492,1785284012.4499311,38.31915497779846,230.45456409454346,0.06276266915457995,17.96222742673519,0.0,93.36,True,4.582334280014038
187,0.008283430710434914,1.7436946109228302e-06,0.009382802993059158,0.00434850761666894,7.434581448251265e-07,0.005632478278130293,0.0016903254436329007,-10.392559051513672,0.7877806425094604,0.0016338416608050466,0.7932260036468506,0.4896678626537323,6.149528053356335e-05,0.4986690282821655,0.010520121082663536,-5.550976753234863,0.482761025428772,1.1164087482029572e-05,0.4849459230899811,0.0021848976612091064,-4.568665027618408,0.6774120330810547,0.00935801025480032,0.6375870704650879,0.0398249626159668,-1.3320810794830322,0.22915062308311462,0.04666956141591072,0.0,0.22915062308311462,-0.05082070827484131,0.10183288156986237,0.0,0.10183288156986237,0.05032775178551674,0.0,0.05032775178551674,0.0,0.0,-17.117673873901367,1785284012.526567,38.395790815353394,230.5311999320984,0.6202525184268097,16.856841937815986,0.0,93.36,True,4.582334280014038
188,0.008170668967068195,1.4934269074728945e-06,0.0081590311601758,0.004295162856578827,6.081004357838538e-07,0.004852805286645889,0.0005577638512477279,-11.770072937011719,0.7730107307434082,0.0014768301043659449,0.7916662096977234,0.49138206243515015,5.685271025868133e-05,0.4989306926727295,0.020124828442931175,-5.689610481262207,0.48408448696136475,9.956197573046666e-06,0.4845764935016632,0.0004920065402984619,-4.827561855316162,0.7158367037773132,0.007381560746580362,0.6063017845153809,0.10953491926193237,-0.7227526903152466,0.21453632414340973,0.0371435284614563,0.1355932652950287,0.07894305884838104,-0.6436534523963928,0.10849592089653015,0.0,0.10849592089653015,0.05854019150137901,0.0,0.05854019150137901,0.0,0.0,-18.73554229736328,1785284012.6233096,38.492533445358276,230.62794256210327,0.060378574189684286,16.344289193018334,0.0,93.36,True,4.582334280014038
189,0.008032192476093769,1.386368694511475e-06,0.008473986759781837,0.004277242347598076,5.461481009660929e-07,0.004979157354682684,0.0008293773862533271,-11.595273971557617,0.7668336629867554,0.0014062748523429036,0.7882532477378845,0.4907577633857727,5.275407602312043e-05,0.493441104888916,0.021587008610367775,-6.139093399047852,0.4836788773536682,9.238025995728094e-06,0.483853280544281,0.00017440319061279297,-4.875506401062012,0.7289315462112427,0.0068011777475476265,0.6169788837432861,0.11195266246795654,-0.6549775004386902,0.21485254168510437,0.04041097313165665,0.14316649734973907,0.0716860443353653,-0.6218056082725525,0.1051858440041542,0.0,0.1051858440041542,0.05444255471229553,0.0,0.05444255471229553,0.0,0.0,-18.944303512573242,1785284012.7081993,38.577423095703125,230.71283221244812,0.3295183635893295,15.809888604096841,0.0,93.36,True,4.582334280014038
190,0.007939478382468224,1.3014209798711818e-06,0.006788566708564758,0.004262392874807119,5.000454166292911e-07,0.003953898325562477,0.001191539573483169,-11.58836841583252,0.7608040571212769,0.0013531079748645425,0.7846353650093079,0.49054595828056335,4.985646955901757e-05,0.4973827600479126,0.02479260042309761,-5.739353656768799,0.48376700282096863,8.730556146474555e-06,0.4834168553352356,0.0003501474857330322,-4.898380756378174,0.7624503970146179,0.006209684535861015,0.6747993230819702,0.0876510739326477,-1.0032768249511719,0.2170066088438034,0.04477310925722122,0.5188574194908142,0.3018507957458496,0.3833717107772827,0.10691628605127335,0.0,0.10691628605127335,0.051661234349012375,0.0,0.051661234349012375,0.0,0.0,-18.62904167175293,1785284012.8237095,38.692933320999146,230.82834243774414,0.28339631216866223,14.270310696125513,0.0,93.36,True,4.582334280014038
191,0.007891110144555569,1.4290803846961353e-06,0.00820321124047041,0.004255449865013361,5.444899215945043e-07,0.004705904982984066,0.0005480117979459465,-11.882659912109375,0.7632288932800293,0.001426474191248417,0.7832598686218262,0.4888448417186737,4.9801448767539114e-05,0.4988454580307007,0.02238866500556469,-5.247379302978516,0.4827491343021393,8.794402674539015e-06,0.48320919275283813,0.00046005845069885254,-4.889725685119629,0.7737891674041748,0.0068632024340331554,0.6796234846115112,0.09416568279266357,-0.9258580207824707,0.22910860180854797,0.060010991990566254,0.24250487983226776,0.013396278023719788,-0.48618006706237793,0.11886651813983917,0.0,0.11886651813983917,0.05120668560266495,0.0,0.05120668560266495,0.0,0.0,-18.52542495727539,1785284012.92956,38.79878377914429,230.93419289588928,0.1336575462704559,13.600284565993846,0.0,93.36,True,4.582334280014038
192,0.007916079834103584,1.3066684232398984e-06,0.008066501468420029,0.004216679837554693,4.865603955295228e-07,0.00459467526525259,0.00040682576945982873,-12.048604965209961,0.758033275604248,0.001354037201963365,0.7819292545318604,0.4902094006538391,4.715292016044259e-05,0.4996921420097351,0.02570875734090805,-5.281136512756348,0.4838964641094208,8.324107511725742e-06,0.48320919275283813,0.0006872713565826416,-4.900866985321045,0.8079052567481995,0.005917019676417112,0.6173194646835327,0.19058579206466675,1.423338770866394,0.24224352836608887,0.054348964244127274,0.217529296875,0.024714231491088867,-0.5316071510314941,0.12570248544216156,0.0,0.12570248544216156,0.04831762611865997,0.0,0.04831762611865997,0.0,0.0,-18.723947525024414,1785284013.0268087,38.8960325717926,231.0314416885376,0.182441348121273,12.975685519831295,0.0,93.36,True,4.582334280014038
193,0.00787931028753519,1.3044938214079593e-06,0.009490705095231533,0.0041800253093242645,4.770541295329167e-07,0.005344076547771692,0.0019878654275089502,-9.799348831176758,0.7528383731842041,0.0013398451264947653,0.7797393798828125,0.48904672265052795,4.994562914362177e-05,0.4995562434196472,0.02888103574514389,-5.046253204345703,0.48317286372184753,8.857753527991008e-06,0.48320919275283813,3.6329030990600586e-05,-4.898095607757568,0.8004547357559204,0.006049368064850569,0.6401771306991577,0.1602776050567627,0.48830997943878174,0.2371014952659607,0.052583303302526474,0.32033202052116394,0.08323052525520325,-0.48786982893943787,0.15385200083255768,0.0,0.15385200083255768,0.06151992455124855,0.0,0.06151992455124855,0.0,0.0,-16.285398483276367,1785284013.1226375,38.99186134338379,231.12727046012878,1.3897652398972298,12.307349151576688,0.0,93.36,True,4.582334280014038
194,0.0077563924714922905,1.3253518318379065e-06,0.008419747464358807,0.004167548380792141,4.833805178350303e-07,0.004673428367823362,0.000834238831885159,-11.769548416137695,0.7473889589309692,0.001358501729555428,0.7750146389007568,0.48797324299812317,5.1044306019321084e-05,0.49881863594055176,0.029678286984562874,-4.971166133880615,0.48259395360946655,9.171917554340325e-06,0.4828447699546814,0.00025081634521484375,-4.87731409072876,0.7957761287689209,0.00655720429494977,0.8327897191047668,0.03701359033584595,-1.4901913404464722,0.2321307510137558,0.060030221939086914,0.4102441370487213,0.17811338603496552,-0.22327837347984314,0.15640951693058014,0.0,0.15640951693058014,0.06290474534034729,0.0,0.06290474534034729,0.0,0.0,-18.185138702392578,1785284013.228324,39.09754776954651,231.2329568862915,0.8797902606782486,11.374421327862485,0.0,93.36,True,4.582334280014038
195,0.007828272879123688,1.4517589761453564e-06,0.006685235071927309,0.00411209324374795,5.209768119129876e-07,0.003665543394163251,0.0012271683663129807,-11.475909233093262,0.7512620687484741,0.0013962347293272614,0.775809109210968,0.48879489302635193,4.9885707994690165e-05,0.4984559416770935,0.02637978456914425,-5.250722885131836,0.48295581340789795,8.965095730673056e-06,0.4825601279735565,0.00039568543434143066,-4.883415222167969,0.8349744081497192,0.006243343465030193,0.8615419864654541,0.026567578315734863,-1.5626541376113892,0.24816852807998657,0.07065080106258392,0.0,0.24816852807998657,0.029794901609420776,0.18149606883525848,0.0,0.18149606883525848,0.05952898785471916,0.0,0.05952898785471916,0.0,0.0,-18.118194580078125,1785284013.322319,39.191542863845825,231.32695198059082,0.4367594037737206,10.18842022905902,0.0,93.36,True,4.582334280014038
196,0.007879888638854027,1.3121457413944881e-06,0.008148235268890858,0.004055271856486797,4.612417683347303e-07,0.004439063370227814,0.000468301004730165,-12.041604995727539,0.7437890768051147,0.0013039513723924756,0.7770200371742249,0.49164628982543945,4.955009717377834e-05,0.49682068824768066,0.033631399273872375,-5.745946407318115,0.4845094084739685,8.607351446698885e-06,0.4827928841114044,0.001716524362564087,-4.741349220275879,0.8701664805412292,0.005524139851331711,0.7261234521865845,0.14404302835464478,0.1975996494293213,0.24974468350410461,0.06690876185894012,0.0,0.24974468350410461,0.03282627463340759,0.19231952726840973,0.0,0.19231952726840973,0.06603886187076569,0.0,0.06603886187076569,0.0,0.0,-19.009037017822266,1785284013.4267726,39.29599642753601,231.431405544281,0.33387329464866866,8.999387757231567,0.0,93.36,True,4.582334280014038
197,0.007770618423819542,1.2620200777746504e-06,0.00811090599745512,0.004074023105204105,4.420714958541794e-07,0.0043623195961117744,0.0004459938209038228,-12.129535675048828,0.7363556623458862,0.0013016171287745237,0.7773089408874512,0.4918574094772339,5.0507365813246e-05,0.496185302734375,0.041181325912475586,-5.601202964782715,0.48451170325279236,8.637437531433534e-06,0.48275265097618103,0.0017590522766113281,-4.731644153594971,0.872951090335846,0.006024267990142107,0.5903298258781433,0.28262126445770264,4.992376327514648,0.23539486527442932,0.06809815019369125,0.546337902545929,0.31094303727149963,0.2854345440864563,0.1805700659751892,0.0,0.1805700659751892,0.07230673730373383,0.0,0.07230673730373383,0.0,0.0,-18.976320266723633,1785284013.5336368,39.40286064147949,231.5382697582245,0.6350298381987045,7.915837029261242,0.0,93.36,True,4.582334280014038
198,0.007497087121009827,1.3017880746701849e-06,0.008150383830070496,0.003877609968185425,5.10276663590048e-07,0.004346147179603577,0.0008039426174946129,-11.803132057189941,0.7201929092407227,0.0014444409171119332,0.7751505970954895,0.48903247714042664,6.240908987820148e-05,0.49581992626190186,0.05537523701786995,-4.8584394454956055,0.4816681444644928,1.2017728295177221e-05,0.4819943308830261,0.0003261864185333252,-4.741198539733887,0.6706016063690186,0.011265610344707966,0.5367284417152405,0.13387316465377808,-0.5286310911178589,0.2180095911026001,0.08991734683513641,0.2964843809604645,0.07847478985786438,-0.2512495517730713,0.15259140729904175,0.0,0.15259140729904175,0.05019183084368706,0.0,0.05019183084368706,0.0,0.0,-18.060483932495117,1785284013.6381493,39.507373094558716,231.6427822113037,0.020350047520224734,7.820793674682216,0.0,93.36,True,4.582334280014038
199,0.00735610444098711,1.2728161209452082e-06,0.008219723589718342,0.003720552660524845,5.206407536206825e-07,0.004374345298856497,0.0010831818217411637,-11.479879379272461,0.702345609664917,0.0013881560880690813,0.772540271282196,0.48033714294433594,8.442456601187587e-05,0.49630987644195557,0.0719890221953392,-2.8560941219329834,0.47715672850608826,1.801798316591885e-05,0.4819945693016052,0.004837840795516968,-3.8936495780944824,0.6316285133361816,0.011722549796104431,0.5541449785232544,0.07748353481292725,-1.0481071472167969,0.15628260374069214,0.05744286999106407,0.27295899391174316,0.11667639017105103,-0.39104872941970825,0.4348698556423187,0.0,0.4348698556423187,0.2671625316143036,0.0,0.2671625316143036,0.0,0.0,-15.711580276489258,1785284013.7327266,39.6019504070282,231.7373595237732,1.9635834466843392,7.585951142456553,0.0,93.36,True,4.582334280014038
200,0.007277211174368858,1.1968536455242429e-06,0.009806083515286446,0.0036504215095192194,4.977989078724931e-07,0.005071242339909077,0.002900676801800728,-7.537237167358398,0.6949604153633118,0.0013509064447134733,0.7659728527069092,0.4787592589855194,8.61183216329664e-05,0.4967941641807556,0.07326680421829224,-2.3906326293945312,0.47625768184661865,1.8822196580003947e-05,0.48191139101982117,0.005653709173202515,-3.672183036804199,0.6154212355613708,0.012177230790257454,0.5612514019012451,0.05416983366012573,-1.164669156074524,0.15653370320796967,0.058353494852781296,0.4544091820716858,0.29787546396255493,0.2585987448692322,0.41106918454170227,0.0,0.41106918454170227,0.23890316486358643,0.0,0.23890316486358643,1.0,0.0,-11.285835266113281,1785284013.826598,39.69582176208496,231.83123087882996,8.352911903744655,8.00075608451983,0.0,93.36,True,4.582334280014038
201,0.007342003285884857,1.3380105201576953e-06,0.0081449830904603,0.003532678820192814,5.554971949095489e-07,0.004153609741479158,0.001015052548609674,-11.538004875183105,0.6948127746582031,0.0014363032532855868,0.7622118592262268,0.4786832630634308,9.217522165272385e-05,0.49706506729125977,0.06986077129840851,-2.666638135910034,0.4756762981414795,2.025900175794959e-05,0.48207080364227295,0.006394505500793457,-3.4753434658050537,0.5493744611740112,0.015182066708803177,0.5882907509803772,0.03891628980636597,-1.1250044107437134,0.1826360821723938,0.06942829489707947,0.13390137255191803,0.04873470962047577,-0.39768731594085693,0.3789123296737671,0.0,0.3789123296737671,0.1786774843931198,0.0,0.1786774843931198,1.0,0.0,-15.408987045288086,1785284013.9306946,39.79991841316223,231.93532752990723,10.619088581630166,7.7592749657730185,0.0,93.36,True,4.582334280014038
202,0.007361444644629955,1.4062869695408153e-06,0.008152773603796959,0.0034503298811614513,5.861197678314056e-07,0.0040744696743786335,0.0010078452760353684,-11.519315719604492,0.689883828163147,0.0014876832719892263,0.7599637508392334,0.47743329405784607,9.45816354942508e-05,0.4969688057899475,0.07275184988975525,-2.3822989463806152,0.4752510190010071,2.1054420358268544e-05,0.48226282000541687,0.00701180100440979,-3.2976837158203125,0.5485393404960632,0.015389700420200825,0.6275140643119812,0.07897472381591797,-0.9654542207717896,0.1877993643283844,0.06662940233945847,0.2698974609375,0.0820980966091156,-0.3847871422767639,0.407061904668808,0.0,0.407061904668808,0.18206192553043365,0.0,0.18206192553043365,1.0,0.0,-15.073996543884277,1785284014.0250335,39.89425730705261,232.0296664237976,13.220255760919486,7.5306940206903,0.0,93.36,True,4.582334280014038
203,0.0073741162195801735,1.505226919107372e-06,0.008183889091014862,0.0033809677697718143,6.286034590630152e-07,0.004056587349623442,0.001054606051184237,-11.424394607543945,0.6878541707992554,0.0015289243310689926,0.7582759857177734,0.4762011468410492,9.417685214430094e-05,0.4963834881782532,0.07325680553913116,-2.254518508911133,0.4746478497982025,2.143733399861958e-05,0.48233553767204285,0.007687687873840332,-3.077800750732422,0.5611395835876465,0.014860567636787891,0.6509748101234436,0.08983522653579712,-0.914047122001648,0.19457624852657318,0.0694928914308548,0.25362303853034973,0.05904679000377655,-0.38924142718315125,0.4221821129322052,0.0,0.4221821129322052,0.17858120799064636,0.0,0.17858120799064636,1.0,0.0,-14.7669095993042,1785284014.119302,39.98852586746216,232.12393498420715,16.128509884788883,7.297658790701194,0.0,93.36,True,4.582334280014038
204,0.007380111142992973,1.5394493857456837e-06,0.008073054254055023,0.003297563176602125,6.444900009228149e-07,0.0039572324603796005,0.0009567308006808162,-11.48801040649414,0.6830654144287109,0.0015642547514289618,0.7571013569831848,0.47634565830230713,8.823070675134659e-05,0.4965369701385498,0.07673988491296768,-1.9976600408554077,0.4749094843864441,2.0651994418585673e-05,0.48246046900749207,0.007550984621047974,-3.094478130340576,0.5726487636566162,0.014508165419101715,0.6916791200637817,0.11903035640716553,-0.7092987298965454,0.2163752168416977,0.07395604252815247,0.1841748058795929,0.0322004109621048,-0.3761936128139496,0.39860042929649353,0.0,0.39860042929649353,0.13597333431243896,0.0,0.13597333431243896,1.0,0.0,-14.633378028869629,1785284014.2132921,40.08251595497131,232.2179250717163,19.17029557909285,7.077671375081289,0.0,93.36,True,4.582334280014038
205,0.00731443427503109,1.5539239939243998e-06,0.0070069413632154465,0.003232976421713829,6.600707251891436e-07,0.003381910966709256,0.0003416626714169979,-11.917719841003418,0.6754981279373169,0.0015500212321057916,0.7563466429710388,0.4752775728702545,9.24611376831308e-05,0.4973738193511963,0.0838136374950409,-1.2924468517303467,0.4745454490184784,2.2025309590389952e-05,0.48322248458862305,0.008677035570144653,-2.7335288524627686,0.5980137586593628,0.013928446918725967,0.7130730748176575,0.11505931615829468,-0.7427346706390381,0.21348032355308533,0.06755867600440979,0.17885741591453552,0.034622907638549805,-0.4195690453052521,0.46170106530189514,0.0,0.46170106530189514,0.15871241688728333,0.0,0.15871241688728333,1.0,0.0,-14.318441390991211,1785284014.3175378,40.18676161766052,232.32217073440552,22.527017911275237,6.814308526970082,0.0,93.36,True,4.582334280014038
206,0.0073732417076826096,1.6363705981348176e-06,0.008248414844274521,0.0031488067470490932,6.9272715563784e-07,0.003922862000763416,0.0011683704797178507,-11.248454093933105,0.6748949885368347,0.0016077355248853564,0.7558067440986633,0.47575151920318604,9.13816547836177e-05,0.49747753143310547,0.08377786725759506,-1.4101333618164062,0.4748488664627075,2.1946971173747443e-05,0.48312437534332275,0.008275508880615234,-2.8842854499816895,0.6022366285324097,0.01411439012736082,0.7559854984283447,0.15374886989593506,-0.37394410371780396,0.22319214046001434,0.06992875039577484,0.2922949194908142,0.06910277903079987,-0.37705737352371216,0.44565078616142273,0.0,0.44565078616142273,0.13767896592617035,0.0,0.13767896592617035,1.0,0.0,-13.818703651428223,1785284014.4233024,40.29252624511719,232.42793536186218,26.38347798302061,6.593457350640415,0.0,93.36,True,4.582334280014038
207,0.007478765211999416,1.806067984944093e-06,0.008110092021524906,0.0031063961796462536,7.622764996995102e-07,0.003838455071672797,0.0009666869882494211,-11.355917930603027,0.6775999069213867,0.0017188440542668104,0.7556400895118713,0.47555649280548096,9.389010665472597e-05,0.4975240230560303,0.08107306808233261,-1.6403706073760986,0.4745434820652008,2.2664262360194698e-05,0.4833150804042816,0.00877159833908081,-2.731015205383301,0.5932159423828125,0.015516583807766438,0.8051376342773438,0.21192169189453125,0.28320276737213135,0.2296036034822464,0.07353656738996506,0.5829784870147705,0.3533748984336853,0.46301162242889404,0.42535051703453064,0.0,0.42535051703453064,0.11419052630662918,0.0,0.11419052630662918,1.0,0.0,-14.033721923828125,1785284014.5088048,40.37802863121033,232.51343774795532,30.024919782366084,7.2126751702633545,0.0,93.36,True,4.582334280014038
208,0.007532510906457901,2.016415464822785e-06,0.008132492192089558,0.0030123263131827116,8.59909107475687e-07,0.003801224520429969,0.0009911296656355262,-11.251299858093262,0.6790610551834106,0.0018407395109534264,0.7559714913368225,0.4752204418182373,9.972245607059449e-05,0.4981728196144104,0.08026223629713058,-1.6693378686904907,0.47429946064949036,2.4374165150220506e-05,0.4834875464439392,0.009188085794448853,-2.6602840423583984,0.5676916241645813,0.018320849165320396,0.8483248949050903,0.28063327074050903,1.0684089660644531,0.23312723636627197,0.08152367919683456,0.3493945300579071,0.11626729369163513,-0.25158339738845825,0.3997967839241028,0.0,0.3997967839241028,0.0968642383813858,0.0,0.0968642383813858,1.0,0.0,-13.916912078857422,1785284014.6248844,40.49410820007324,232.62951731681824,33.78317142668226,7.117297970068941,0.0,93.36,True,4.582334280014038
209,0.007643558084964752,2.1453618046507472e-06,0.008223632350564003,0.0029376959428191185,9.106335596698045e-07,0.003801574930548668,0.0010405638022348285,-11.15460205078125,0.6810282468795776,0.001956097548827529,0.7570880055427551,0.4751446545124054,0.00010217264934908599,0.498854398727417,0.07966955751180649,-1.645226001739502,0.4739994406700134,2.5292432837886736e-05,0.48335573077201843,0.009356290102005005,-2.6430039405822754,0.5501817464828491,0.021295100450515747,0.8856683969497681,0.33548665046691895,1.6369564533233643,0.2529275715351105,0.08029747754335403,0.14469726383686066,0.10823030769824982,-0.2691299617290497,0.3884980380535126,0.0,0.3884980380535126,0.0788561999797821,0.0,0.0788561999797821,1.0,0.0,-13.792284965515137,1785284014.728911,40.59813475608826,232.73354387283325,37.66605018434072,7.004374205533937,0.0,93.36,True,4.582334280014038
210,0.007671050727367401,2.175595227527083e-06,0.008463600650429726,0.0028341934084892273,9.148779440693033e-07,0.0038698064163327217,0.0013040819903835654,-10.902963638305664,0.6791932582855225,0.0019506521057337523,0.7586870789527893,0.47769176959991455,0.00010226368613075465,0.4968114495277405,0.08176080882549286,-2.4687623977661133,0.4756813943386078,2.57471292570699e-05,0.4835813641548157,0.007899969816207886,-3.152684450149536,0.566460132598877,0.021375756710767746,0.9095758199691772,0.3431156873703003,1.7499721050262451,0.266285240650177,0.07574725896120071,0.5080615282058716,0.24177628755569458,0.014622658491134644,0.4310159385204315,0.0,0.4310159385204315,0.0833941251039505,0.0,0.0833941251039505,1.0,0.0,-14.454316139221191,1785284014.8445795,40.7138032913208,232.8492124080658,40.886897768293124,7.175203061219117,0.0,93.36,True,4.582334280014038
211,0.007703910581767559,2.3601032808073796e-06,0.008468258194625378,0.0028070323169231415,9.4985512077983e-07,0.0038202705327421427,0.0012692040763795376,-10.909807205200195,0.6798698306083679,0.001948691438883543,0.7605445384979248,0.4787178337574005,0.0001018804032355547,0.4963933229446411,0.0825883224606514,-2.675051212310791,0.47698870301246643,2.5403998733963817e-05,0.4836232364177704,0.006634533405303955,-3.5050225257873535,0.6129902005195618,0.01843106560409069,0.9762346744537354,0.3632444739341736,2.501540184020996,0.2913113236427307,0.07664614170789719,0.40958985686302185,0.11827853322029114,-0.2740771770477295,0.44427892565727234,0.0,0.44427892565727234,0.06557760387659073,0.0,0.06557760387659073,1.0,0.0,-14.802359580993652,1785284014.9400187,40.809242486953735,232.94465160369873,43.75970191047307,7.057332081365432,0.0,93.36,True,4.582334280014038
212,0.007886447012424469,2.5236818146368023e-06,0.00832498911768198,0.0028487592935562134,9.293801781495858e-07,0.0037189216818660498,0.0009744238341227174,-11.10593032836914,0.6919883489608765,0.001902304938994348,0.7635911107063293,0.48164328932762146,9.16278877411969e-05,0.49750465154647827,0.07333851605653763,-3.22294020652771,0.4792573153972626,2.18067489186069e-05,0.48359131813049316,0.004334002733230591,-4.017024040222168,0.6916710138320923,0.01268504187464714,1.0,0.3083289861679077,2.4824719429016113,0.3230845332145691,0.08215682208538055,0.541430652141571,0.21834611892700195,-0.04047772288322449,0.4940211772918701,0.0,0.4940211772918701,0.056204475462436676,0.0,0.056204475462436676,1.0,0.0,-15.692794799804688,1785284015.0447135,40.91393733024597,233.04934644699097,45.74207083384198,7.173060555676253,0.0,93.36,True,4.582334280014038
213,0.008031579665839672,2.871948026950122e-06,0.00973797682672739,0.0028637838549911976,9.994155334425159e-07,0.00429187435656786,0.00222513685002923,-9.923175811767578,0.7018352746963501,0.0019922598730772734,0.7675037384033203,0.4837642014026642,8.631200762465596e-05,0.4962964653968811,0.0668536052107811,-3.958036422729492,0.48060691356658936,2.034794852079358e-05,0.48359185457229614,0.002984941005706787,-4.263388633728027,0.7320358753204346,0.010449830442667007,1.0,0.26796412467956543,2.0740442276000977,0.37068602442741394,0.10797165334224701,0.46913087368011475,0.0984448492527008,-0.14912545680999756,0.498850554227829,0.0,0.498850554227829,0.03858613967895508,0.0,0.03858613967895508,1.0,0.0,-15.22130012512207,1785284015.1492562,41.01848006248474,233.15388917922974,48.195934431893505,7.180141296060301,0.0,93.36,True,4.582334280014038
214,0.008246424607932568,2.9904335860919673e-06,0.008527950383722782,0.0029806531965732574,9.367844313601381e-07,0.003701412118971348,0.0007737895357422531,-11.172048568725586,0.7188498973846436,0.0018827394815161824,0.7715751528739929,0.4870619475841522,7.54982975195162e-05,0.49643415212631226,0.05355175584554672,-4.725340366363525,0.48315271735191345,1.6531268556718715e-05,0.48371878266334534,0.0005660653114318848,-4.576498031616211,0.847366452217102,0.006439844146370888,1.0,0.15263354778289795,0.2051302194595337,0.4145406186580658,0.12555661797523499,0.4815624952316284,0.06702187657356262,-0.10067260265350342,0.5729387402534485,0.0,0.5729387402534485,0.03180447593331337,0.0,0.03180447593331337,1.0,0.0,-17.240570068359375,1785284015.2436278,41.11285161972046,233.24826073646545,48.63052808670773,7.235674890600842,0.0,93.36,True,4.582334280014038
215,0.008406274951994419,3.119380153293605e-06,0.008630108088254929,0.003014522371813655,9.305698540629237e-07,0.0037001161836087704,0.0007212074124254286,-11.184209823608398,0.7289503216743469,0.0018643559888005257,0.7757043838500977,0.48926210403442383,7.113826723070815e-05,0.4967542290687561,0.04735054820775986,-5.099212169647217,0.48432573676109314,1.542608515592292e-05,0.48373377323150635,0.000591963529586792,-4.609428405761719,0.8860056400299072,0.005478678736835718,1.0,0.11399435997009277,-0.4985722303390503,0.4876311421394348,0.13757947087287903,0.5502636432647705,0.0626325011253357,-0.058581650257110596,0.5790159106254578,0.0,0.5790159106254578,0.019490960985422134,0.0,0.019490960985422134,1.0,0.0,-17.568294525146484,1785284015.348919,41.21814274787903,233.35355186462402,48.73739728473484,7.333299437537777,0.0,93.36,True,4.582334280014038
216,0.00857485830783844,3.309917019578279e-06,0.00857666227966547,0.003018493764102459,9.491088235336065e-07,0.0036041163839399815,0.0005856254138052464,-11.224615097045898,0.7382457852363586,0.001869192929007113,0.779078483581543,0.4910331666469574,6.942189793335274e-05,0.497389018535614,0.041324399411678314,-5.353951930999756,0.4849984049797058,1.5163145690166857e-05,0.483914852142334,0.0010835528373718262,-4.590667247772217,0.9042025804519653,0.0049837566912174225,1.0,0.09579741954803467,-0.8111415505409241,0.5701098442077637,0.1530171036720276,0.3657519519329071,0.20435789227485657,0.11679805815219879,0.5648930668830872,0.0,0.5648930668830872,0.010894879698753357,0.0,0.010894879698753357,1.0,0.0,-17.803110122680664,1785284015.4424562,41.31168007850647,233.44708919525146,48.60945088522777,7.606303692884021,0.0,93.36,True,4.582334280014038
217,0.008741120807826519,3.278437361586839e-06,0.008523003198206425,0.00308549078181386,9.228642738889903e-07,0.0035428758710622787,0.0005067310994490981,-11.303487777709961,0.7527674436569214,0.001753958291374147,0.7837477326393127,0.4927026629447937,7.011033449089155e-05,0.497885525226593,0.031410831958055496,-5.652609825134277,0.48557475209236145,1.4930496945453342e-05,0.484073668718338,0.0015010833740234375,-4.561655521392822,0.9398940801620483,0.004158702213317156,1.0,0.06010591983795166,-1.3879806995391846,0.5973812341690063,0.13318286836147308,0.0,0.5973812341690063,1.2506755590438843,0.6370848417282104,0.0,0.6370848417282104,0.012180929072201252,0.0,0.012180929072201252,1.0,0.0,-18.106403350830078,1785284015.5264637,41.39568758010864,233.53109669685364,48.17821125757129,9.01318544912195,0.0,93.36,True,4.582334280014038
218,0.008978351019322872,3.705043582158396e-06,0.010168890468776226,0.0030894537921994925,1.0103236718350672e-06,0.004159142263233662,0.0016005054349079728,-10.560102462768555,0.766749382019043,0.001839549862779677,0.7869642376899719,0.4947633147239685,7.023197395028546e-05,0.4971991777420044,0.02036108635365963,-5.939781188964844,0.4859963357448578,1.4796013601880986e-05,0.4842558205127716,0.0017405152320861816,-4.5392656326293945,0.9408082962036133,0.004188394173979759,1.0,0.05919170379638672,-1.4005227088928223,0.6331995129585266,0.15600696206092834,0.38734376430511475,0.24585574865341187,0.18373669683933258,0.6384227275848389,0.0,0.6384227275848389,0.009519049897789955,0.0,0.009519049897789955,1.0,0.0,-17.581560134887695,1785284015.6425261,41.51174998283386,233.64715909957886,48.27181484585719,9.353128343155328,0.0,93.36,True,4.582334280014038
219,0.009161410853266716,3.679233941511484e-06,0.007314341142773628,0.0031106090173125267,9.810145229494083e-07,0.002955887233838439,0.001853538560681045,-10.860025405883789,0.7791215181350708,0.0017936532385647297,0.7914926409721375,0.49619343876838684,6.785587902413681e-05,0.49905288219451904,0.012697286903858185,-6.020024299621582,0.48661985993385315,1.4075939361646306e-05,0.4844207167625427,0.002199143171310425,-4.494792461395264,0.949556827545166,0.00389298633672297,1.0,0.050443172454833984,-1.528543472290039,0.6874991655349731,0.155061274766922,0.0,0.6874991655349731,1.5110623836517334,0.6271045207977295,1.0,0.3728954792022705,0.006277563516050577,1.0,0.9937224388122559,1.0,0.0,-17.92344093322754,1785284015.7487686,41.61799240112305,233.75340151786804,48.02353763580325,11.020396924001107,0.43166038152990693,93.36,True,4.582334280014038
220,0.009375055320560932,4.074191110703396e-06,0.00778191490098834,0.0031058909371495247,1.0682817901397357e-06,0.0031146048568189144,0.0015931642847135663,-10.930750846862793,0.7868702411651611,0.0018577101873233914,0.794180154800415,0.49658098816871643,7.093574095051736e-05,0.499331533908844,0.007810271345078945,-6.0154876708984375,0.4862300157546997,1.4472602742898744e-05,0.48442116379737854,0.001808851957321167,-4.539648532867432,0.9509324431419373,0.00406147725880146,1.0,0.049067556858062744,-1.537768006324768,0.685441255569458,0.17230923473834991,0.0,0.685441255569458,1.4030392169952393,0.6414932608604431,1.0,0.3585067391395569,0.007189600728452206,1.0,0.9928104281425476,1.0,0.0,-18.01296615600586,1785284015.8433852,41.71260905265808,233.84801816940308,47.68573520297099,12.579642338190391,0.8624087523901056,93.36,True,4.582334280014038
221,0.009469646029174328,4.101221747987438e-06,0.010524509474635124,0.0031333905644714832,1.077918227565533e-06,0.0041458080522716045,0.0014620964648202062,-10.623367309570312,0.7942911386489868,0.001852747518569231,0.7986709475517273,0.4970073997974396,7.25286517990753e-05,0.49755144119262695,0.004413468763232231,-6.0662126541137695,0.4863537549972534,1.4642914720752742e-05,0.48448219895362854,0.001871556043624878,-4.527233600616455,0.9491074681282043,0.004175040405243635,1.0,0.050892531871795654,-1.5101944208145142,0.699023962020874,0.1823059469461441,0.0,0.699023962020874,1.4080536365509033,0.6399162411689758,1.0,0.36008375883102417,0.0065329051576554775,1.0,0.9934670925140381,1.0,0.0,-17.739953994750977,1785284015.9494343,41.818658113479614,233.9540672302246,47.62094493139361,14.14390217193534,1.2938137876217948,93.36,True,4.582334280014038
222,0.009548536501824856,3.9505994209321216e-06,0.008784922771155834,0.003135278820991516,1.0345222563046264e-06,0.003415442071855068,0.0008133863448165357,-11.161993980407715,0.7991505861282349,0.0017943207640200853,0.8031642436981201,0.49761030077934265,7.093013118719682e-05,0.4992811679840088,0.00434755627065897,-6.076425552368164,0.486639142036438,1.4153391020954587e-05,0.4844927489757538,0.002146393060684204,-4.501086711883545,0.9552087187767029,0.004006559960544109,1.0,0.04479128122329712,-1.5906007289886475,0.7019953727722168,0.1810411512851715,0.0,0.7019953727722168,1.4254326820373535,0.6303439140319824,1.0,0.3696560859680176,0.006171767134219408,1.0,0.9938282370567322,1.0,0.0,-18.273677825927734,1785284016.021618,41.8908417224884,234.0262508392334,47.02243082863947,15.72554105116674,1.7255799673961776,93.36,True,4.582334280014038
223,0.00963654275983572,3.7957722724968335e-06,0.008962888270616531,0.003131376812234521,9.908146694215247e-07,0.003457111306488514,0.0007482735672965646,-11.201982498168945,0.8049535751342773,0.0017422710079699755,0.8062065243721008,0.4983314275741577,6.917602149769664e-05,0.5003165006637573,0.0023474234621971846,-6.098901748657227,0.4870579242706299,1.3639709322887938e-05,0.484788715839386,0.0022692084312438965,-4.4935622215271,0.9604664444923401,0.003842808771878481,1.0,0.03953355550765991,-1.6584831476211548,0.7106341123580933,0.18125005066394806,0.89111328125,0.18047916889190674,0.15485548973083496,0.6168711185455322,1.0,0.3831288814544678,0.005553136579692364,0.0,0.005553136579692364,1.0,0.0,-18.327884674072266,1785284016.1280246,41.99724841117859,234.13265752792358,46.3697098777408,16.03660273809162,1.169071046693521,93.36,True,4.582334280014038
224,0.009706122800707817,3.5182667943445267e-06,0.008920527994632721,0.0031376327387988567,9.175241757475305e-07,0.0033931112848222256,0.0008260922622866929,-11.268410682678223,0.8114585876464844,0.0016539827920496464,0.8103640079498291,0.4982462525367737,6.64004182908684e-05,0.49960124492645264,0.0017418693751096725,-6.160123825073242,0.4871557056903839,1.3185305760998745e-05,0.4843820631504059,0.0027736425399780273,-4.407535076141357,0.9772068858146667,0.003629008773714304,1.0,0.022793114185333252,-1.8188798427581787,0.7592623233795166,0.169366717338562,0.487060546875,0.2722017765045166,0.24983181059360504,0.6126371026039124,1.0,0.38736289739608765,0.003925802186131477,0.0,0.003925802186131477,1.0,0.0,-18.400278091430664,1785284016.2444813,42.11370515823364,234.24911427497864,45.644595509483736,16.44264074587927,0.6109347915973036,93.36,True,4.582334280014038
225,0.009627294726669788,3.514260924930568e-06,0.00795058999210596,0.0032138938549906015,9.343650049231655e-07,0.002989099593833089,0.0016917065950110555,-10.956131935119629,0.8138267993927002,0.0017078478122130036,0.8127388954162598,0.4974288046360016,6.561083137057722e-05,0.4991917610168457,0.0020716055296361446,-6.140236854553223,0.4867038428783417,1.2959820196556393e-05,0.4844231903553009,0.0022806525230407715,-4.507216453552246,0.9800129532814026,0.0037675141356885433,1.0,0.019987046718597412,-1.8187147378921509,0.7719359397888184,0.16973340511322021,0.97705078125,0.20511484146118164,0.15611118078231812,0.6352032423019409,1.0,0.3647967576980591,0.00376711692661047,0.0,0.00376711692661047,1.0,0.0,-18.121929168701172,1785284016.3487618,42.2179856300354,234.3533947467804,45.19783006395616,16.754958123855634,0.052639851241565117,93.36,True,4.582334280014038
226,0.009663415141403675,3.7230590805847896e-06,0.010691030882298946,0.0031509925611317158,9.872480859485222e-07,0.00395625177770853,0.001305540674366057,-10.856550216674805,0.813464879989624,0.0017426348058506846,0.8173267245292664,0.49762675166130066,6.458999268943444e-05,0.49835729598999023,0.0039303358644247055,-6.153616428375244,0.48686498403549194,1.2977505321032368e-05,0.484392911195755,0.0024720728397369385,-4.471756458282471,0.9871947765350342,0.0037097332533448935,1.0,0.01280522346496582,-1.8573585748672485,0.8253320455551147,0.15786537528038025,0.97314453125,0.14781248569488525,0.06513204425573349,0.5948426723480225,1.0,0.40515732765197754,0.002454667817801237,0.0,0.002454667817801237,0.0,0.0,-18.015321731567383,1785284016.4462745,42.31549835205078,234.45090746879578,44.857672055562375,16.976296365305412,0.0,93.36,True,4.582334280014038
227,0.00967042800039053,3.856519924738677e-06,0.00934864766895771,0.003167196875438094,1.012367306429951e-06,0.0034094934817403555,0.0004028029798064381,-11.25418472290039,0.8153008222579956,0.0017701403703540564,0.820605993270874,0.49744635820388794,6.120368198025972e-05,0.49780118465423584,0.005317023489624262,-6.172144412994385,0.48720782995224,1.2636180144909304e-05,0.4843176305294037,0.0028901994228363037,-4.390005588531494,0.9895846843719482,0.003556011477485299,1.0,0.010415315628051758,-1.8853665590286255,0.8961292505264282,0.14949239790439606,0.9208984375,0.024769186973571777,-0.029264353215694427,0.5194438695907593,1.0,0.4805561304092407,0.0013381062308326364,0.0,0.0013381062308326364,0.0,0.0,-18.386903762817383,1785284016.5197701,42.388993978500366,234.52440309524536,44.14593201591859,17.103238209283763,0.0,93.36,True,4.582334280014038
228,0.009652330540120602,4.032626293337671e-06,0.009237349033355713,0.0032285854686051607,1.0954744311675313e-06,0.0033326041884720325,0.000427819526521489,-11.208539962768555,0.8216719627380371,0.0018702636007219553,0.8231465816497803,0.49696066975593567,5.945174416410737e-05,0.498108446598053,0.0018686606781557202,-6.156473159790039,0.4870816171169281,1.2632352081709541e-05,0.48431020975112915,0.00277140736579895,-4.416676998138428,0.9877761602401733,0.0035826675593852997,1.0,0.01222383975982666,-1.876031756401062,0.9233125448226929,0.16215568780899048,0.9921875,0.06887495517730713,0.023966507986187935,0.5155022740364075,1.0,0.48449772596359253,0.001162404310889542,0.0,0.001162404310889542,0.0,0.0,-18.342056274414062,1785284016.6265476,42.495771408081055,234.63118052482605,43.479039464678124,17.283410914463996,0.0,93.36,True,4.582334280014038
229,0.0096766147762537,4.101873400941258e-06,0.009181592613458633,0.0031601821538060904,1.139375967795786e-06,0.0032599163241684437,0.0005049691535532475,-11.172435760498047,0.8273741006851196,0.0019010837422683835,0.826652467250824,0.49657729268074036,5.6312561355298385e-05,0.49902188777923584,0.0025488820392638445,-6.133886337280273,0.4866795241832733,1.2385099580569658e-05,0.4841660261154175,0.002513498067855835,-4.475518703460693,0.9839733839035034,0.003441867884248495,1.0,0.016026616096496582,-1.8796190023422241,0.9541709423065186,0.17057615518569946,0.98291015625,0.028739213943481445,0.03707285225391388,0.5069883465766907,1.0,0.4930116534233093,0.0010365383932366967,0.0,0.0010365383932366967,0.0,0.0,-18.317302703857422,1785284016.7423756,42.61159944534302,234.747008562088,42.8369004839943,17.476689963911955,0.0,93.36,True,4.582334280014038
230,0.009737406857311726,4.294346581446007e-06,0.00801820121705532,0.0031558172777295113,1.2567523981488193e-06,0.002814573934301734,0.0017527448944747448,-10.744255065917969,0.8359098434448242,0.0019644927233457565,0.8285441994667053,0.49601975083351135,5.568572669290006e-05,0.4985074996948242,0.007774420082569122,-6.106898307800293,0.48625749349594116,1.2337029147602152e-05,0.48425135016441345,0.00200614333152771,-4.569402694702148,0.9814712405204773,0.0032681883312761784,1.0,0.018528759479522705,-1.8902974128723145,0.9479694366455078,0.17568284273147583,1.0,0.05203056335449219,0.05710577964782715,0.4651639759540558,1.0,0.5348360538482666,0.0010201581753790379,0.0,0.0010201581753790379,0.0,0.0,-17.914474487304688,1785284016.8473306,42.716554403305054,234.85196352005005,42.59758971986321,17.690001940753827,0.0,93.36,True,4.582334280014038
231,0.009711232036352158,4.1379362301086076e-06,0.009394911117851734,0.00317101227119565,1.244407940248493e-06,0.0032511057797819376,0.0003263033868279308,-11.143537521362305,0.8406437635421753,0.0019281870918348432,0.8317604660987854,0.49587854743003845,5.618020077235997e-05,0.4768352508544922,0.021013332530856133,-2.93318510055542,0.4859688878059387,1.2570570106618106e-05,0.48413825035095215,0.0018306374549865723,-4.589840412139893,0.9793958067893982,0.0030788034200668335,1.0,0.020604193210601807,-1.9037240743637085,0.9167412519454956,0.17226022481918335,1.0,0.0832587480545044,0.059684790670871735,0.4699040651321411,1.0,0.5300959348678589,0.0015342853730544448,0.0,0.0015342853730544448,0.0,0.0,-15.785005569458008,1785284016.943486,42.81270980834961,234.9481189250946,44.4877478735788,17.905892928618744,0.0,93.36,True,4.582334280014038
232,0.009772857651114464,4.119710411032429e-06,0.00929860956966877,0.0031485343351960182,1.2584275737026474e-06,0.0031059826724231243,0.00047615321818739176,-11.12679386138916,0.8463799953460693,0.0019005333306267858,0.8342557549476624,0.4956680238246918,5.724391667172313e-05,0.4901816248893738,0.01330780889838934,-5.877440452575684,0.48553112149238586,1.275169870496029e-05,0.48413825035095215,0.0013928711414337158,-4.6399126052856445,0.9706742167472839,0.003024614416062832,1.0,0.029325783252716064,-1.839380145072937,0.9017493724822998,0.16460078954696655,1.0,0.0982506275177002,0.046145420521497726,0.4603332281112671,1.0,0.5396667718887329,0.002036395948380232,0.0,0.002036395948380232,0.0,0.0,-18.14870262145996,1785284017.0268817,42.89610552787781,235.0315146446228,44.01420897529243,18.108244546334287,0.0,93.36,True,4.582334280014038
233,0.009842806495726109,4.209741291560931e-06,0.009354005567729473,0.0031149531714618206,1.28556996514817e-06,0.0031390353105962276,0.0004893938312307,-11.104727745056152,0.8512517213821411,0.0018766466528177261,0.8377198576927185,0.4966237246990204,6.013612073729746e-05,0.49480485916137695,0.013653556816279888,-6.084413528442383,0.4859698712825775,1.3147876416041981e-05,0.4845013916492462,0.0014684796333312988,-4.618679523468018,0.9611601233482361,0.0029604616574943066,1.0,0.038839876651763916,-1.7374860048294067,0.8796995878219604,0.15586836636066437,0.9990234375,0.11932384967803955,0.035240538418293,0.459278404712677,1.0,0.540721595287323,0.0028356534894555807,0.0,0.0028356534894555807,0.0,0.0,-18.281599044799805,1785284017.145328,43.014551877975464,235.14996099472046,43.407773653666226,18.299691281946625,0.0,93.36,True,4.582334280014038
234,0.009913100861012936,4.2259571273461916e-06,0.009317182935774326,0.0030697560869157314,1.2841255738749169e-06,0.0030458278488367796,0.0005963981384411454,-11.089731216430664,0.8567225933074951,0.0018221475183963776,0.8402305245399475,0.497160404920578,6.268766446737573e-05,0.4744883179664612,0.028035903349518776,-1.980154037475586,0.48614567518234253,1.3364596270548645e-05,0.4854256510734558,0.0007200241088867188,-4.673116207122803,0.9522476196289062,0.002852387959137559,1.0,0.04775238037109375,-1.61114501953125,0.8511185646057129,0.14455698430538177,1.0,0.1488814353942871,0.02856536954641342,0.44941800832748413,1.0,0.5505819916725159,0.00372228492051363,0.0,0.00372228492051363,0.0,0.0,-15.01041316986084,1785284017.2506437,43.11986756324768,235.25527667999268,46.07252420697898,18.484462848687084,0.0,93.36,True,4.582334280014038
235,0.010028025135397911,4.023265319119673e-06,0.00988220889121294,0.0029722866602241993,1.2074235655745724e-06,0.0031912485137581825,0.00026307161897420883,-11.16484546661377,0.8656003475189209,0.0017007553251460195,0.8429593443870544,0.4968390166759491,6.261734961299226e-05,0.47408777475357056,0.03209725767374039,-1.9058043956756592,0.48581719398498535,1.2934355254401453e-05,0.48547080159187317,0.0003463923931121826,-4.704235076904297,0.9388710856437683,0.002681237179785967,1.0,0.06112891435623169,-1.3449679613113403,0.8304381370544434,0.13910727202892303,0.9990234375,0.16858530044555664,0.03483857214450836,0.41128382086753845,1.0,0.5887161493301392,0.003747754031792283,0.0,0.003747754031792283,0.0,0.0,-15.041606903076172,1785284017.3454812,43.21470499038696,235.35011410713196,48.70608102707641,18.675507618025637,0.0,93.36,True,4.582334280014038
236,0.010087933391332626,4.036203335999744e-06,0.009570153430104256,0.0029516785871237516,1.2107844895581366e-06,0.003008091589435935,0.0005208440707065165,-11.149821281433105,0.8728500604629517,0.0016573803732171655,0.8463923931121826,0.49645310640335083,6.4513435063418e-05,0.48500972986221313,0.028826359659433365,-4.96160888671875,0.4856703579425812,1.2883243471151218e-05,0.48481565713882446,0.0008547008037567139,-4.682501792907715,0.9304319024085999,0.0025818566791713238,1.0,0.06956809759140015,-1.1234288215637207,0.7963205575942993,0.13296811282634735,1.0,0.20367944240570068,0.06611284613609314,0.40108436346054077,1.0,0.5989156365394592,0.004515990149229765,0.0,0.004515990149229765,0.0,0.0,-17.460359573364258,1785284017.4509265,43.32015037536621,235.4555594921112,48.92088517688575,18.897826661355776,0.0,93.36,True,4.582334280014038
237,0.010147292166948318,4.140342298342148e-06,0.009725060313940048,0.002917991718277335,1.2433054052962689e-06,0.0030204234644770622,0.00043447897769510746,-11.132608413696289,0.8770323991775513,0.001647584605962038,0.8488304018974304,0.49641624093055725,6.657464109594002e-05,0.489531934261322,0.02903009206056595,-5.577625274658203,0.485721230506897,1.3047901120444294e-05,0.4856487214565277,7.25090503692627e-05,-4.704301357269287,0.9258250594139099,0.0025373962707817554,1.0,0.07417494058609009,-0.9852029085159302,0.7733175754547119,0.1302962452173233,1.0,0.22668242454528809,0.09715120494365692,0.4030149579048157,1.0,0.5969850420951843,0.005435118451714516,0.0,0.005435118451714516,0.0,0.0,-17.94685935974121,1785284017.525847,43.39507079124451,235.5304799079895,48.64918954031813,19.151184063493478,0.0,93.36,True,4.582334280014038
238,0.010178483091294765,4.1987491385953035e-06,0.011319566518068314,0.002894083969295025,1.2658515515795443e-06,0.0034419167786836624,0.00126577727496624,-10.868767738342285,0.8798178434371948,0.0016505253734067082,0.8528491854667664,0.4963131248950958,6.690152804367244e-05,0.473028302192688,0.03562992438673973,-1.899174690246582,0.4856445789337158,1.3026420674577821e-05,0.4870290160179138,0.001384437084197998,-4.631758689880371,0.9170669913291931,0.0025325745809823275,1.0,0.08293300867080688,-0.7124372720718384,0.7626221179962158,0.12851624190807343,1.0,0.23737788200378418,0.11231480538845062,0.40042442083358765,1.0,0.5995755791664124,0.005972132086753845,0.0,0.005972132086753845,0.0,0.0,-14.703987121582031,1785284017.6324828,43.50170660018921,235.6371157169342,51.6203661419097,19.419705066075974,0.0,93.36,True,4.582334280014038
239,0.010197971947491169,4.1502967178530525e-06,0.009705877862870693,0.002877303399145603,1.2720948916467023e-06,0.0029289093799889088,0.000494792649988085,-11.115490913391113,0.8830665349960327,0.001646916731260717,0.8564212918281555,0.4956769049167633,6.68382053845562e-05,0.482244074344635,0.029839737340807915,-4.607787132263184,0.4851934313774109,1.2923598660563584e-05,0.4872261583805084,0.002032727003097534,-4.549427509307861,0.9079055190086365,0.0025342877488583326,1.0,0.09209448099136353,-0.3966541290283203,0.7484384775161743,0.12481193989515305,0.9970703125,0.24863183498382568,0.12610866129398346,0.395942747592926,1.0,0.604057252407074,0.006806970573961735,0.0,0.006806970573961735,0.0,0.0,-17.076435089111328,1785284017.726978,43.59620189666748,235.73161101341248,52.21909477597197,19.702019924564002,0.0,93.36,True,4.582334280014038
240,0.010237365029752254,4.351190455054166e-06,0.00972696952521801,0.0028439422603696585,1.3486214811564423e-06,0.002889377996325493,0.0005124139133840799,-11.062167167663574,0.8867707252502441,0.001671510748565197,0.8589171767234802,0.49544674158096313,6.966306682443246e-05,0.4846944212913513,0.029856868088245392,-5.083188056945801,0.4851784110069275,1.3153365216567181e-05,0.4870060384273529,0.001827627420425415,-4.573505401611328,0.9016347527503967,0.0025279545225203037,1.0,0.09836524724960327,-0.15748858451843262,0.7118269205093384,0.1188666895031929,0.9990234375,0.2871965169906616,0.2010132074356079,0.40996527671813965,1.0,0.5900347232818604,0.009461907669901848,0.0,0.009461907669901848,0.0,0.0,-17.415470123291016,1785284017.8329132,43.7021369934082,235.8375461101532,52.47878837585455,20.059239329193655,0.0,93.36,True,4.582334280014038
241,0.01032196544110775,4.203561729809735e-06,0.008505195379257202,0.002604332286864519,1.3103884839438251e-06,0.0024919682182371616,0.0018202414503321052,-10.727086067199707,0.8840973377227783,0.001660314854234457,0.8617303967475891,0.49531036615371704,6.85875493218191e-05,0.4840337038040161,0.025048816576600075,-5.078525543212891,0.4851982593536377,1.3105059224471916e-05,0.48651984333992004,0.0013215839862823486,-4.635679244995117,0.8862634301185608,0.002571795368567109,1.0,0.11373656988143921,0.45233917236328125,0.6604591608047485,0.11571505665779114,0.9990234375,0.33856427669525146,0.33591946959495544,0.4495601952075958,1.0,0.5504398345947266,0.01564064621925354,0.0,0.01564064621925354,0.0,0.0,-17.107746124267578,1785284017.9263082,43.79553198814392,235.93094110488892,53.04620597476057,20.551364995982656,0.0,93.36,True,4.582334280014038
242,0.010325776413083076,4.228748366585933e-06,0.010562913492321968,0.0026071257889270782,1.3291166851558955e-06,0.0030626938678324223,0.0005135915125720203,-11.029699325561523,0.8848544359207153,0.0016692918725311756,0.8649051189422607,0.49559900164604187,6.904291512910277e-05,0.48124420642852783,0.024577131494879723,-4.538725852966309,0.4853435456752777,1.3086702892906033e-05,0.4869048297405243,0.001561284065246582,-4.609885215759277,0.8841580748558044,0.002567695453763008,1.0,0.11584192514419556,0.5496773719787598,0.6347322463989258,0.11080215126276016,0.9990234375,0.3642911911010742,0.4177854657173157,0.4609217345714569,1.0,0.5390782356262207,0.01943771168589592,0.0,0.01943771168589592,0.0,0.0,-16.965621948242188,1785284018.0309217,43.900145530700684,236.03555464744568,53.75574774969198,21.125356658894017,0.0,93.36,True,4.582334280014038
243,0.010332589037716389,4.234042535244953e-06,0.009993025101721287,0.0026046079583466053,1.3368457985052373e-06,0.0028191418386995792,0.000401657132897526,-11.080068588256836,0.8850353956222534,0.0016744544263929129,0.8686416745185852,0.49586403369903564,6.924723857082427e-05,0.48900264501571655,0.017771683633327484,-5.726987838745117,0.4854223132133484,1.3035771189606749e-05,0.48700031638145447,0.001578003168106079,-4.609457969665527,0.8821631073951721,0.0025781597942113876,1.0,0.11783689260482788,0.631514310836792,0.6131736040115356,0.10657308250665665,1.0,0.38682639598846436,0.5015047788619995,0.4698992669582367,1.0,0.5301007032394409,0.023215509951114655,0.0,0.023215509951114655,0.0,0.0,-17.966388702392578,1785284018.1362457,44.00546956062317,236.14087867736816,53.464522770472996,21.78306763495006,0.0,93.36,True,4.582334280014038
244,0.01034469623118639,4.256475222064182e-06,0.009839157573878765,0.0025953915901482105,1.3524773976314464e-06,0.0027567092329263687,0.0005306531093083322,-11.062801361083984,0.8849819898605347,0.001681230729445815,0.8709833025932312,0.49654245376586914,6.950648094061762e-05,0.48880237340927124,0.015996001660823822,-5.654044151306152,0.485843300819397,1.2933209291077219e-05,0.4868462383747101,0.0010029375553131104,-4.670030117034912,0.8811301589012146,0.002558901673182845,1.0,0.1188698410987854,0.6958074569702148,0.5886167883872986,0.10213907063007355,0.9921875,0.4035707116127014,0.5755204558372498,0.47201037406921387,1.0,0.5279896259307861,0.027919871732592583,0.0,0.027919871732592583,0.0,0.0,-17.921051025390625,1785284018.23051,44.09973382949829,236.2351429462433,53.21863546825597,22.514794287981356,0.0,93.36,True,4.582334280014038
245,0.010345838963985443,4.218397862132406e-06,0.009889349341392517,0.002588666509836912,1.3480497500495403e-06,0.002733005443587899,0.00047876560711301863,-11.076148986816406,0.8844562768936157,0.0016813083784654737,0.8740308880805969,0.49717995524406433,6.904160545673221e-05,0.48381465673446655,0.016950514167547226,-4.820643424987793,0.48619717359542847,1.274413170904154e-05,0.4868828356266022,0.0006856620311737061,-4.697836399078369,0.8810175061225891,0.0025362411979585886,1.0,0.11898249387741089,0.7213108539581299,0.5640205144882202,0.09767395257949829,0.9990234375,0.4350029230117798,0.7245477437973022,0.47727543115615845,1.0,0.5227245688438416,0.03355895355343819,0.0,0.03355895355343819,0.0,0.0,-17.28158187866211,1785284018.3247247,44.19394850730896,236.32935762405396,53.612217312767456,23.395548228972704,0.0,93.36,True,4.582334280014038
246,0.010349241085350513,4.092541985301068e-06,0.010205356404185295,0.002584688365459442,1.3178292874727049e-06,0.00275988457724452,0.0002267079835291952,-11.120882034301758,0.8843494653701782,0.0016674167709425092,0.8762630820274353,0.49803054332733154,6.767520972061902e-05,0.4935603141784668,0.009239726699888706,-5.993511199951172,0.4867374300956726,1.2368835086817853e-05,0.48669320344924927,4.4226646423339844e-05,-4.731147289276123,0.8792563080787659,0.002481246367096901,0.9969465732574463,0.11769026517868042,0.710578441619873,0.5470869541168213,0.0927623063325882,0.9990234375,0.4519364833831787,0.830994725227356,0.46452388167381287,0.0,0.46452388167381287,0.03748263418674469,0.0,0.03748263418674469,1.0,0.0,-18.281265258789062,1785284018.429338,44.298561811447144,236.43397092819214,53.00611577715199,24.382749151394105,0.0,93.36,True,4.582334280014038
247,0.010526016354560852,5.0997655307583045e-06,0.010029301047325134,0.0023835767060518265,1.7538811789563624e-06,0.002670309040695429,0.0005735342274419963,-10.834492683410645,0.885196328163147,0.0018359585665166378,0.8796284794807434,0.49953246116638184,7.692473445786163e-05,0.5115728378295898,0.013265429064631462,-5.097826957702637,0.4882459342479706,1.22746232591453e-05,0.48678910732269287,0.00145682692527771,-4.648597240447998,0.8741296529769897,0.0023749147076159716,0.9791429042816162,0.10501325130462646,0.21926355361938477,0.20109577476978302,0.09172773361206055,0.9931640625,0.7920683026313782,3.1442253589630127,0.4657563865184784,0.0,0.4657563865184784,0.27095019817352295,0.0,0.27095019817352295,1.0,0.0,-17.23705291748047,1785284018.534103,44.403326749801636,236.53873586654663,53.44422658284512,27.683180707551163,0.0,93.36,True,4.582334280014038
248,0.010625113733112812,5.672683982993476e-06,0.011808911338448524,0.002296091290190816,1.9466485809971346e-06,0.0030685211531817913,0.0014135149540379643,-10.499977111816406,0.8831406831741333,0.0018476854311302304,0.8828185200691223,0.49944406747817993,8.04370574769564e-05,0.4965706467628479,0.0028914243448525667,-5.971700191497803,0.4885939061641693,1.2679204701271374e-05,0.4869953989982605,0.0015985071659088135,-4.618070602416992,0.8830320239067078,0.0022470136173069477,0.9584845900535583,0.07545256614685059,-0.8633254766464233,0.18565337359905243,0.07093590497970581,0.892578125,0.7069247364997864,3.118443489074707,0.4871803820133209,1.0,0.5128196477890015,0.3053804636001587,0.0,0.3053804636001587,1.0,0.0,-17.58637237548828,1785284018.6384356,44.50765943527222,236.6430685520172,53.533017930530434,30.957830393819915,0.0,93.36,True,4.582334280014038
249,0.010557047091424465,5.595482889475534e-06,0.01020717155188322,0.002272872719913721,1.910587570819189e-06,0.0026259911246597767,0.0004970970912836492,-10.749377250671387,0.877230167388916,0.0018326833378523588,0.8844609260559082,0.49812039732933044,7.942023512441665e-05,0.49147891998291016,0.009817998856306076,-5.74152946472168,0.48803821206092834,1.2526173122751061e-05,0.4869503080844879,0.0010879039764404297,-4.677663803100586,0.8758708834648132,0.00238629849627614,0.9311946630477905,0.055323779582977295,-1.4587562084197998,0.20201393961906433,0.03745073452591896,0.0,0.20201393961906433,-0.17858177423477173,0.5562649369239807,1.0,0.4437350630760193,0.34525761008262634,1.0,0.6547423601150513,1.0,0.0,-17.681432723999023,1785284018.7329853,44.60220909118652,236.73761820793152,53.52674892970501,30.93545481677919,0.09268030283270234,93.36,True,4.582334280014038
250,0.010618203319609165,6.013809979776852e-06,0.010212776251137257,0.002281671855598688,2.1305979771568673e-06,0.002591444179415703,0.0005102254799567163,-10.666217803955078,0.8765325546264648,0.0019191860919818282,0.8865485787391663,0.4975019693374634,8.692633855389431e-05,0.5286999344825745,0.032766349613666534,-0.34064507484436035,0.4879993200302124,1.3161892638891004e-05,0.48645439743995667,0.0015449225902557373,-4.60948371887207,0.8662687540054321,0.0024907782208174467,0.9107890725135803,0.04452031850814819,-1.6807620525360107,0.14526036381721497,0.0245572067797184,0.64990234375,0.5046420097351074,4.250671863555908,0.6301145553588867,1.0,0.3698854446411133,0.5360485911369324,0.0,0.5360485911369324,1.0,0.0,-13.243475914001465,1785284018.8269331,44.69615697860718,236.83156609535217,57.95843673887714,35.34233287752914,0.06666683668728579,93.36,True,4.582334280014038
251,0.010458708740770817,6.174242116685491e-06,0.008986745961010456,0.002398256678134203,2.1487001049536048e-06,0.002260652370750904,0.0014783806400373578,-10.505142211914062,0.8751325607299805,0.0019572279416024685,0.8875150680541992,0.49793103337287903,8.776887261774391e-05,0.5140672922134399,0.02033974789083004,-4.428147315979004,0.48900288343429565,1.3122679774824064e-05,0.48658451437950134,0.0024183690547943115,-4.478806018829346,0.8660830855369568,0.002431401750072837,0.9019503593444824,0.035867273807525635,-1.8261535167694092,0.13749033212661743,0.018702832981944084,0.98095703125,0.8434666991233826,17.948871612548828,0.6250258088111877,1.0,0.37497419118881226,0.5244178175926208,0.0,0.5244178175926208,1.0,0.0,-16.287063598632812,1785284018.9312544,44.80047821998596,236.93588733673096,59.346536863417924,53.44741068727201,0.029022596997557715,93.36,True,4.582334280014038
252,0.010312829166650772,6.2328822423296515e-06,0.01382957398891449,0.002523078117519617,2.205931423304719e-06,0.00337016093544662,0.0036173255648463964,-9.512380599975586,0.8762534856796265,0.001986272633075714,0.8897228837013245,0.49788898229599,8.631793025415391e-05,0.5056827068328857,0.015561710111796856,-5.554086685180664,0.48968884348869324,1.2921086636197288e-05,0.48723751306533813,0.0024513304233551025,-4.476858615875244,0.8618758320808411,0.002435438334941864,0.87654709815979,0.014671266078948975,-2.045685291290283,0.12502744793891907,0.017501115798950195,0.98095703125,0.8559296131134033,19.826730728149414,0.5962226986885071,1.0,0.4037773013114929,0.5182121396064758,0.0,0.5182121396064758,1.0,0.0,-16.194080352783203,1785284019.0359435,44.9051673412323,237.0405764579773,60.82762023380832,73.43034761261548,0.0,93.36,True,4.582334280014038
253,0.010237950831651688,5.9298236010363325e-06,0.008508680388331413,0.002603687811642885,2.1665555323124863e-06,0.0020388076081871986,0.0018191937124356627,-10.375279426574707,0.8789637088775635,0.001989342737942934,0.8916208148002625,0.49789732694625854,8.5612824477721e-05,0.506926953792572,0.015547877177596092,-5.4384918212890625,0.49007055163383484,1.2650168173422571e-05,0.48756128549575806,0.0025092661380767822,-4.471114158630371,0.8505909442901611,0.0024273674935102463,0.8643569946289062,0.013766050338745117,-2.0525007247924805,0.09283764660358429,0.0148395374417305,0.0,0.09283764660358429,-0.8958907127380371,0.5753912925720215,1.0,0.4246087074279785,0.5563006401062012,1.0,0.44369935989379883,1.0,0.0,-16.96162986755371,1785284019.1406455,45.00986933708191,237.1452784538269,61.541154089428204,72.69066309707149,0.0,93.36,True,4.582334280014038
254,0.01039156224578619,5.874011094419984e-06,0.010462990961968899,0.0025200340896844864,2.2006731796864187e-06,0.0024744486436247826,8.473543857689947e-05,-10.697076797485352,0.8796119689941406,0.001973333302885294,0.8928404450416565,0.49871933460235596,8.999559941003099e-05,0.5068911910057068,0.015549013391137123,-5.518660068511963,0.4902445673942566,1.2976108337170444e-05,0.4874466359615326,0.002797931432723999,-4.405613899230957,0.8486428260803223,0.0023433712776750326,0.8561016321182251,0.007458806037902832,-2.097273349761963,0.0705055445432663,0.012235689908266068,0.0,0.0705055445432663,-1.0796239376068115,0.6173760890960693,1.0,0.38262391090393066,0.6563587784767151,1.0,0.3436412215232849,1.0,0.0,-17.31481170654297,1785284019.236101,45.10532474517822,237.24073386192322,61.90150610605883,71.76724535665873,0.0,93.36,True,4.582334280014038
255,0.010426453314721584,5.734971637139097e-06,0.010581382550299168,0.0024975487031042576,2.1708437998313457e-06,0.0025033175479620695,0.0001550365996081382,-10.714683532714844,0.8799614906311035,0.0019501075148582458,0.8935316205024719,0.4995194971561432,9.086103818845004e-05,0.509513795375824,0.016853321343660355,-5.338269233703613,0.49051904678344727,1.3026196938881185e-05,0.4877849221229553,0.0027341246604919434,-4.418396949768066,0.845448911190033,0.0022675530053675175,0.8471567034721375,0.0017077922821044922,-2.1249454021453857,0.056107066571712494,0.0107504241168499,0.0,0.056107066571712494,-1.2010536193847656,0.6366345286369324,1.0,0.3633654713630676,0.6967958211898804,1.0,0.30320417881011963,1.0,0.0,-17.19449806213379,1785284019.33052,45.19974374771118,237.33515286445618,62.38217176709864,70.72239793446802,0.0,93.36,True,4.582334280014038
256,0.01046065241098404,5.654034794133622e-06,0.008950265124440193,0.002446600003167987,2.1291000393830473e-06,0.0020880603697150946,0.0015523595502600074,-10.50167179107666,0.8797628879547119,0.0019394978880882263,0.8940724730491638,0.5007468461990356,9.114165732171386e-05,0.512117326259613,0.018277090042829514,-5.174277305603027,0.4909975528717041,1.301281008636579e-05,0.48797404766082764,0.003023505210876465,-4.354596138000488,0.8409320712089539,0.0022280586417764425,0.8423541188240051,0.0014220476150512695,-2.1339199542999268,0.04828453063964844,0.010036463849246502,0.0,0.04828453063964844,-1.2656804323196411,0.6469671130180359,1.0,0.3530328869819641,0.7191558480262756,1.0,0.28084415197372437,0.0,0.0,-16.818391799926758,1785284019.435587,45.304810762405396,237.4402198791504,63.23894369034548,69.61292369934243,0.0,93.36,True,4.582334280014038
257,0.010417205281555653,4.9619584387983195e-06,0.01024993322789669,0.002407246734946966,1.8581624772195937e-06,0.0023025679402053356,0.00019732609507627785,-10.86117172241211,0.8793509006500244,0.0018539712764322758,0.8950724005699158,0.5008358359336853,8.518905815435573e-05,0.5030696392059326,0.015879403799772263,-5.8967084884643555,0.4907054901123047,1.1952278327953536e-05,0.4882010817527771,0.002504408359527588,-4.485976696014404,0.8369789123535156,0.0022565312683582306,0.8338851928710938,0.003093719482421875,-2.125903844833374,0.03505702316761017,0.008886715397238731,0.0,0.03505702316761017,-1.373512625694275,0.6570720076560974,1.0,0.3429279923439026,0.7479504942893982,1.0,0.2520495057106018,0.0,0.0,-17.8215274810791,1785284019.5295153,45.39873909950256,237.53414821624756,63.092579932439975,68.39561727084221,0.0,93.36,True,4.582334280014038
258,0.010431152768433094,4.535118932835758e-06,0.012097343802452087,0.0023417570628225803,1.6777740938778152e-06,0.002614757511764765,0.001688408083282411,-10.634685516357422,0.8784816265106201,0.0018080613808706403,0.8957286477088928,0.5009528994560242,8.146363688865677e-05,0.49873071908950806,0.017389589920639992,-5.914981842041016,0.4903760552406311,1.1239741070312448e-05,0.48885378241539,0.0015222728252410889,-4.6760029792785645,0.8359673619270325,0.002320684492588043,0.8339773416519165,0.001990020275115967,-2.113154649734497,0.02722896635532379,0.008610637858510017,0.0,0.02722896635532379,-1.4153876304626465,0.6594074964523315,1.0,0.34059250354766846,0.7648971080780029,1.0,0.23510289192199707,0.0,1.0,-17.70467185974121,1785284019.6352081,45.50443196296692,237.6398410797119,63.06307179587236,67.13643583757361,0.0,93.36,True,4.582334280014038
259,0.01055123656988144,5.3238554755807854e-06,0.010474208742380142,0.0022732787765562534,1.925446440509404e-06,0.002234439365565777,8.626579074189067e-05,-10.813005447387695,0.8771560192108154,0.001887466642074287,0.8958743214607239,0.5016881823539734,8.936102676670998e-05,0.4896731972694397,0.022242633625864983,-5.059246063232422,0.4904075264930725,1.2100299500161782e-05,0.48927512764930725,0.0011323988437652588,-4.689213752746582,0.8410016894340515,0.0024368155281990767,0.8369792699813843,0.004022419452667236,-2.086272954940796,0.0016982555389404297,0.011544836685061455,0.0,0.0016982555389404297,-1.3116949796676636,0.658154308795929,1.0,0.34184569120407104,0.7891929149627686,1.0,0.21080708503723145,0.0,1.0,-17.20500946044922,1785284019.7408915,45.61011528968811,237.7455244064331,63.53322605859674,65.9809470551,0.0,93.36,True,4.582334280014038
260,0.010620362125337124,5.149522166902898e-06,0.010204155929386616,0.002259047469124198,1.820860802581592e-06,0.002147684572264552,0.0004308471689000726,-10.838300704956055,0.8796032667160034,0.0018365009455010295,0.8960649967193604,0.5025869607925415,8.868111035553738e-05,0.5076320767402649,0.0172174833714962,-5.760013103485107,0.4907113015651703,1.1750840712920763e-05,0.4902145266532898,0.0004967749118804932,-4.7463531494140625,0.8445181846618652,0.0024366439320147038,0.8340174555778503,0.010500729084014893,-2.0670018196105957,-0.014998435974121094,0.013320960104465485,0.0,0.014998435974121094,-1.2318261861801147,0.6232337951660156,1.0,0.3767662048339844,0.7900372743606567,1.0,0.20996272563934326,0.0,1.0,-17.819488525390625,1785284019.8363245,45.70554828643799,237.84095740318298,63.38890125637971,64.90532706611394,0.0,93.36,True,4.582334280014038
261,0.010688801296055317,5.0653557082114276e-06,0.010345494374632835,0.002243001013994217,1.7445777302782517e-06,0.0021273582242429256,0.0003622608201112598,-10.872697830200195,0.8815313577651978,0.001781690982170403,0.8963233828544617,0.5035861134529114,8.92857278813608e-05,0.5034093856811523,0.014793080277740955,-5.9274749755859375,0.49108314514160156,1.1563702173589263e-05,0.49066755175590515,0.00041559338569641113,-4.757412910461426,0.8486135005950928,0.002427435480058193,0.8353432416915894,0.013270258903503418,-2.055248498916626,-0.028505593538284302,0.01512124203145504,0.0,0.028505593538284302,-1.1500203609466553,0.582069993019104,1.0,0.417930006980896,0.7835813760757446,1.0,0.21641862392425537,0.0,1.0,-17.993383407592773,1785284019.9433072,45.81253099441528,237.94794011116028,63.070681571960534,63.91151290236134,0.0,93.36,True,4.582334280014038
262,0.01074625551700592,4.864530637860298e-06,0.010317270644009113,0.0022279517725110054,1.6287174275930738e-06,0.002080753445625305,0.00045353651512414217,-10.917184829711914,0.8832360506057739,0.0017244337359443307,0.8965952396392822,0.5046036839485168,8.78050341270864e-05,0.49564528465270996,0.01608480140566826,-5.505005359649658,0.4914343059062958,1.1197966159670614e-05,0.4919571280479431,0.0005228221416473389,-4.768745422363281,0.852453887462616,0.0024264981038868427,0.8384854793548584,0.013968408107757568,-2.051509141921997,-0.0354992151260376,0.016975613310933113,0.0,0.0354992151260376,-1.0819323062896729,0.5420244336128235,1.0,0.4579755663871765,0.7683167457580566,1.0,0.23168325424194336,0.0,1.0,-17.705562591552734,1785284020.0370579,45.90628170967102,238.04169082641602,63.0402827035814,62.98578679326571,0.0,93.36,True,4.582334280014038
263,0.010790898464620113,4.70160057375324e-06,0.01051382627338171,0.0022088484838604927,1.5361870282504242e-06,0.0020991768687963486,0.0002979880082421005,-10.976951599121094,0.8845270872116089,0.0016797527205199003,0.8965194821357727,0.5055371522903442,8.633505058242008e-05,0.5048309564590454,0.012013169936835766,-5.989617347717285,0.4917713403701782,1.0908574040513486e-05,0.4924077093601227,0.000636368989944458,-4.775480270385742,0.8559510707855225,0.0024320213124156,0.8365257382392883,0.01942533254623413,-2.0129995346069336,-0.04047277569770813,0.018833525478839874,0.0,0.04047277569770813,-1.023632287979126,0.5064802169799805,1.0,0.49351978302001953,0.7529314160346985,1.0,0.2470685839653015,0.0,1.0,-18.156387329101562,1785284020.1203787,45.98960256576538,238.12501168251038,62.55905909765343,62.11836070248063,0.0,93.36,True,4.582334280014038
264,0.01083385106176138,4.63638934888877e-06,0.009660030715167522,0.002185390330851078,1.4786788824494579e-06,0.0019035133300349116,0.0012071904493495822,-10.839632034301758,0.8853969573974609,0.0016499891644343734,0.8962768912315369,0.5065943002700806,8.561250433558598e-05,0.5025303363800049,0.011614162474870682,-5.916128158569336,0.49220213294029236,1.071548649633769e-05,0.49258655309677124,0.00038442015647888184,-4.79607629776001,0.8593254685401917,0.0024357677903026342,0.8398309946060181,0.019494473934173584,-2.011796712875366,-0.044416964054107666,0.020674003288149834,0.0,0.044416964054107666,-0.9727869629859924,0.4724431037902832,1.0,0.5275568962097168,0.7354065775871277,1.0,0.2645934224128723,1.0,1.0,-17.97057342529297,1785284020.2160833,46.085307121276855,238.22071623802185,62.26364939553406,61.30177993668868,0.0,93.36,True,4.582334280014038
265,0.010931317694485188,4.2686378947109915e-06,0.010354649275541306,0.002194012748077512,1.303386852669064e-06,0.0020179853308945894,0.0006029362557455897,-11.06866455078125,0.8912919759750366,0.0015785754658281803,0.8959558606147766,0.5082084536552429,7.861165795475245e-05,0.5066474080085754,0.00491819903254509,-6.090845584869385,0.49266317486763,9.65289927989943e-06,0.4941345751285553,0.001471400260925293,-4.743043899536133,0.8638790845870972,0.0023379758931696415,0.8469325304031372,0.01694655418395996,-2.0488786697387695,-0.03704842925071716,0.02184201404452324,0.0,0.03704842925071716,-0.9616007208824158,0.41734176874160767,1.0,0.5826582312583923,0.6915660500526428,1.0,0.3084339499473572,1.0,1.0,-18.312862396240234,1785284020.3207068,46.18993067741394,238.32533979415894,61.62595072246742,60.49638541300031,0.0,93.36,True,4.582334280014038
266,0.010962431319057941,4.203333901386941e-06,0.010368222370743752,0.002176043577492237,1.2499142485467019e-06,0.001986771821975708,0.0006236249464564025,-11.091826438903809,0.8915706872940063,0.0015556322177872062,0.8957969546318054,0.5094059109687805,7.627789455000311e-05,0.5126996636390686,0.005358184687793255,-6.058769226074219,0.4932093620300293,9.392771971761249e-06,0.4945564866065979,0.0013471245765686035,-4.772243022918701,0.868232011795044,0.002312165219336748,0.847308874130249,0.020923137664794922,-2.021178722381592,-0.04060707986354828,0.02383372001349926,0.0,0.04060707986354828,-0.9147958755493164,0.38706573843955994,1.0,0.6129342317581177,0.6672319173812866,1.0,0.3327680826187134,1.0,1.0,-18.324962615966797,1785284020.4252565,46.294480323791504,238.4298894405365,60.97615182967422,59.73779573464504,0.0,93.36,True,4.582334280014038
267,0.01098190899938345,4.15409658671706e-06,0.010989634320139885,0.002157332608476281,1.2050244322381332e-06,0.0020904906559735537,6.728689913870767e-05,-11.170475006103516,0.8916347026824951,0.0015420126728713512,0.8959049582481384,0.5106671452522278,7.367988291662186e-05,0.5106983184814453,0.004270369186997414,-6.151426792144775,0.49383270740509033,9.099118869926315e-06,0.4947170913219452,0.0008843839168548584,-4.84174919128418,0.8716834187507629,0.0022879985626786947,0.8490787744522095,0.022604644298553467,-2.009437322616577,-0.041322723031044006,0.025617925450205803,0.0,0.041322723031044006,-0.8799654245376587,0.35820430517196655,1.0,0.6417956948280334,0.6408459544181824,1.0,0.3591540455818176,1.0,1.0,-18.512493133544922,1785284020.5198843,46.389108180999756,238.52451729774475,60.1388224193029,59.01403650730143,0.0,93.36,True,4.582334280014038
268,0.010999416001141071,4.116415311727906e-06,0.01049005426466465,0.0021378425881266594,1.1685224308166653e-06,0.001970905577763915,0.0005360199138522148,-11.148834228515625,0.8918617963790894,0.001530975685454905,0.8961421847343445,0.5117191672325134,7.116995402611792e-05,0.5128749012947083,0.004433671943843365,-6.162900447845459,0.4943588376045227,8.839360816637054e-06,0.4955889582633972,0.0012301206588745117,-4.813615322113037,0.8743545413017273,0.002257524523884058,0.8482812643051147,0.02607327699661255,-1.9772381782531738,-0.0415726900100708,0.027177603915333748,0.0,0.0415726900100708,-0.851946234703064,0.33591070771217346,1.0,0.6640893220901489,0.6196669936180115,1.0,0.3803330063819885,1.0,1.0,-18.4859619140625,1785284020.6244552,46.49367904663086,238.62908816337585,59.328024228413994,58.31829646979241,0.0,93.36,True,4.582334280014038
269,0.01101588737219572,4.095050371688558e-06,0.012122856453061104,0.002124214544892311,1.1379378292986075e-06,0.0022539326455444098,0.0011145435273647308,-11.051124572753906,0.8919583559036255,0.0015221998328343034,0.8964560031890869,0.5125971436500549,6.881952140247449e-05,0.5160202383995056,0.00565211521461606,-6.106157302856445,0.49478816986083984,8.605580660514534e-06,0.4964410662651062,0.0016528964042663574,-4.753872871398926,0.87656170129776,0.0022239319514483213,0.8476946949958801,0.028867006301879883,-1.947951316833496,-0.03983841836452484,0.028800224885344505,0.0,0.03983841836452484,-0.8271939158439636,0.3154858648777008,1.0,0.6845141649246216,0.5974966883659363,1.0,0.4025033116340637,1.0,1.0,-18.312986373901367,1785284020.7187545,46.58797836303711,238.7233874797821,58.690201577686224,57.64730875114249,0.0,93.36,True,4.582334280014038
270,0.011078640818595886,4.323516350268619e-06,0.01054530218243599,0.002094580791890621,1.1583036894080578e-06,0.001953239319846034,0.0005517494864761829,-11.13060188293457,0.8941377401351929,0.0015687106642872095,0.8966485857963562,0.5150049328804016,6.848155317129567e-05,0.5148394703865051,0.0025162918027490377,-6.1831374168396,0.4954744577407837,8.636351594759617e-06,0.4965118169784546,0.0010373592376708984,-4.848525047302246,0.8580650687217712,0.002322031185030937,0.8457567691802979,0.012308299541473389,-2.081096887588501,-0.0029680728912353516,0.0383925661444664,0.0,0.0029680728912353516,-0.7108924984931946,0.21301575005054474,0.0,0.21301575005054474,0.39784467220306396,0.0,0.39784467220306396,1.0,1.0,-18.501375198364258,1785284020.8240364,46.693260192871094,238.8286693096161,57.86399010249556,57.09262244984334,0.0,93.36,True,4.582334280014038
271,0.011092254891991615,4.290397100703558e-06,0.01037826668471098,0.0020940047688782215,1.1328687605782761e-06,0.0019122026860713959,0.0007367708021774888,-11.113069534301758,0.8950138092041016,0.0015550283715128899,0.8962697386741638,0.5156457424163818,6.657843914581463e-05,0.5137016177177429,0.002314514946192503,-6.1749267578125,0.49575453996658325,8.435535164608154e-06,0.4972226619720459,0.0014681220054626465,-4.794834136962891,0.8569445610046387,0.002296167891472578,0.8442778587341309,0.012666702270507812,-2.084380865097046,0.0036951303482055664,0.04192112758755684,0.0,0.0036951303482055664,-0.6668813228607178,0.1917150616645813,0.0,0.1917150616645813,0.36688169836997986,0.0,0.36688169836997986,1.0,1.0,-18.450428009033203,1785284020.9429266,46.81215047836304,238.94755959510803,57.08872581663596,56.58194732417667,0.0,93.36,True,4.582334280014038
272,0.011102130636572838,4.3085028664791025e-06,0.009310726076364517,0.002090978203341365,1.1261895451752935e-06,0.0017038052901625633,0.001832766574807465,-10.748947143554688,0.8954408168792725,0.0015533162513747811,0.8959794044494629,0.5161615014076233,6.545674114022404e-05,0.5132426619529724,0.0029681138694286346,-6.147693157196045,0.4960137903690338,8.348008122993633e-06,0.4974798858165741,0.0014660954475402832,-4.799065589904785,0.8556410074234009,0.002282597590237856,0.844200849533081,0.011440157890319824,-2.093613624572754,0.010134845972061157,0.04574742540717125,0.0,0.010134845972061157,-0.6222487092018127,0.1750861257314682,0.0,0.1750861257314682,0.3400457501411438,0.0,0.3400457501411438,1.0,1.0,-18.066635131835938,1785284021.0478165,46.91704034805298,239.05244946479797,56.69725440797362,56.1159048121689,0.0,93.36,True,4.582334280014038
273,0.01111419778317213,4.328862814872991e-06,0.010353194549679756,0.0020853658206760883,1.1227693903492764e-06,0.0018912702798843384,0.000785365526098758,-11.103413581848145,0.8956928253173828,0.00155400182120502,0.8955044746398926,0.5165403485298157,6.458931602537632e-05,0.521495521068573,0.004958751145750284,-6.029227256774902,0.4962024390697479,8.29355758469319e-06,0.4978359341621399,0.0016334950923919678,-4.7702107429504395,0.8544961214065552,0.002276049228385091,0.84297776222229,0.011518359184265137,-2.0945732593536377,0.017561540007591248,0.0500732883810997,0.0,0.017561540007591248,-0.5751156806945801,0.16046634316444397,0.0,0.16046634316444397,0.31178292632102966,0.0,0.31178292632102966,1.0,1.0,-18.311901092529297,1785284021.1442602,47.01348400115967,239.14889311790466,56.06051703861792,55.696995328668365,0.0,93.36,True,4.582334280014038
274,0.011129657737910748,4.403700131661026e-06,0.010442260652780533,0.00207448354922235,1.134344302045065e-06,0.001890471437945962,0.0007116004708223045,-11.104808807373047,0.895845890045166,0.001564197475090623,0.895514965057373,0.5167421698570251,6.434835813706741e-05,0.5347936153411865,0.018054479733109474,-3.685920476913452,0.4962836503982544,8.308826181746554e-06,0.4981936514377594,0.0019100010395050049,-4.710625648498535,0.8532830476760864,0.002288739662617445,0.8433132767677307,0.009969770908355713,-2.099224090576172,0.024427667260169983,0.05523808300495148,0.0,0.024427667260169983,-0.5237115621566772,0.14845915138721466,0.0,0.14845915138721466,0.2871825397014618,0.0,0.2871825397014618,1.0,1.0,-16.408857345581055,1785284021.248513,47.11773681640625,239.25314593315125,57.32682341621046,55.32948996370573,0.0,93.36,True,4.582334280014038
275,0.011149470694363117,4.411102054291405e-06,0.010715563781559467,0.0020317616872489452,1.1315706842651707e-06,0.001951579819433391,0.00044125315616838634,-11.149585723876953,0.8955968618392944,0.001582266646437347,0.8956491351127625,0.5175689458847046,6.296400533756241e-05,0.5183957815170288,0.0008284864015877247,-6.217615127563477,0.49656468629837036,8.19216529635014e-06,0.49846726655960083,0.0019025802612304688,-4.716296195983887,0.8481288552284241,0.0023382853250950575,0.8437001705169678,0.004428684711456299,-2.1060359477996826,0.052667729556560516,0.06904151290655136,0.0,0.052667729556560516,-0.3974965810775757,0.11264078319072723,0.0,0.11264078319072723,0.1872025728225708,0.0,0.1872025728225708,1.0,1.0,-18.481826782226562,1785284021.344044,47.21326780319214,239.34867691993713,56.52016035715749,55.0881995798222,0.0,93.36,True,4.582334280014038
276,0.011158972047269344,4.38182314610458e-06,0.012401157990098,0.0020078530069440603,1.1184035884070909e-06,0.002250460209324956,0.0012656556209549308,-10.980566024780273,0.8952193260192871,0.001595954061485827,0.8960832953453064,0.5180917978286743,6.177460454637185e-05,0.5392821431159973,0.02120795100927353,-2.593611717224121,0.49670708179473877,8.142455953930039e-06,0.49848702549934387,0.0017799437046051025,-4.745722770690918,0.8461538553237915,0.0023620720021426678,0.8382030129432678,0.007950842380523682,-2.091787815093994,0.071335569024086,0.08212282508611679,0.0,0.071335569024086,-0.2998485267162323,0.09545306116342545,0.0,0.09545306116342545,0.13953395187854767,0.0,0.13953395187854767,1.0,1.0,-15.428316116333008,1785284021.4391925,47.30841636657715,239.44382548332214,58.76700796399808,54.944557250300015,0.0,93.36,True,4.582334280014038
277,0.011133257299661636,4.266741598257795e-06,0.010916458442807198,0.0020301772747188807,1.0952570619338076e-06,0.001974781509488821,0.0002237642474938184,-11.199804306030273,0.8944464921951294,0.001599748502485454,0.8964720368385315,0.5191370844841003,6.038427818566561e-05,0.532368004322052,0.013385068625211716,-4.78765869140625,0.49722597002983093,7.989267942321021e-06,0.49854421615600586,0.0013182461261749268,-4.841010570526123,0.8447821140289307,0.0024172512348741293,0.8390549421310425,0.005727171897888184,-2.086838960647583,0.08855360746383667,0.09275133162736893,0.0,0.08855360746383667,-0.22770512104034424,0.07625014334917068,0.0,0.07625014334917068,0.09737344086170197,0.0,0.09737344086170197,1.0,1.0,-17.450435638427734,1785284021.5441208,47.413344621658325,239.54875373840332,58.991736048743945,54.873058326453716,0.0,93.36,True,4.582334280014038
278,0.011126684956252575,4.105199877812993e-06,0.010400664061307907,0.002050445880740881,1.0603976079437416e-06,0.0018685050308704376,0.0007484710076823831,-11.162376403808594,0.8947337865829468,0.001591141102835536,0.8967359066009521,0.5200344920158386,5.8644676755648106e-05,0.5272597074508667,0.007497481070458889,-5.809436798095703,0.49764901399612427,7.800342245900538e-06,0.49893757700920105,0.0012885630130767822,-4.855301856994629,0.8431659936904907,0.0024508449714630842,0.8291031122207642,0.014062881469726562,-2.0463767051696777,0.11211878061294556,0.10369237512350082,0.0,0.11211878061294556,-0.15360984206199646,0.061026278883218765,0.0,0.061026278883218765,0.063715860247612,0.0,0.063715860247612,1.0,1.0,-18.237577438354492,1785284021.6273992,47.496623039245605,239.6320321559906,58.42932233356305,54.875654681585765,0.0,93.36,True,4.582334280014038
279,0.011126463301479816,4.137779342272552e-06,0.010362179018557072,0.0020469119772315025,1.0683019127100124e-06,0.0018513731192797422,0.000788901699706912,-11.146038055419922,0.8948647975921631,0.001599188195541501,0.8969316482543945,0.5204445123672485,5.85783454880584e-05,0.525826096534729,0.0057648345828056335,-6.005287170410156,0.49798721075057983,7.812796866346616e-06,0.49987396597862244,0.0018867552280426025,-4.733113765716553,0.8423277139663696,0.0024546810891479254,0.8231725692749023,0.019155144691467285,-2.011202096939087,0.11681260168552399,0.11121382564306259,0.0,0.11681260168552399,-0.11786511540412903,0.056950610131025314,0.0,0.056950610131025314,0.057974860072135925,0.0,0.057974860072135925,1.0,1.0,-18.316823959350586,1785284021.743568,47.612791776657104,239.7482008934021,57.78766209738606,54.91399576337568,0.0,93.36,True,4.582334280014038
280,0.011090423911809921,3.7404079193947837e-06,0.010517961345613003,0.002006309572607279,9.892072512229788e-07,0.0018785328138619661,0.0005865494604222476,-11.271402359008789,0.8956770896911621,0.0015816364903002977,0.8969495892524719,0.5216847062110901,5.3186347940936685e-05,0.5219538807868958,0.0013006576336920261,-6.306431770324707,0.49858781695365906,7.263674433488632e-06,0.4998355805873871,0.0012477636337280273,-4.890202522277832,0.832231879234314,0.002410569228231907,0.8207436800003052,0.011488199234008789,-2.0676329135894775,0.19783833622932434,0.14317569136619568,0.0,0.19783833622932434,0.08378235995769501,0.03212837874889374,0.0,0.03212837874889374,0.016669072210788727,0.0,0.016669072210788727,1.0,1.0,-18.761648178100586,1785284021.8474388,47.716662645339966,239.85207176208496,56.70117764245907,55.15398432052742,0.0,93.36,True,4.582334280014038
281,0.011093602515757084,3.7317413443815894e-06,0.010524645447731018,0.002024044282734394,9.851515869740979e-07,0.0018783633131533861,0.0005873117479495704,-11.272531509399414,0.8960326910018921,0.0015869075432419777,0.8970178961753845,0.5218818783760071,5.29910103068687e-05,0.5288058519363403,0.00699371425434947,-5.8551411628723145,0.498765766620636,7.258460755110718e-06,0.4996992349624634,0.0009334683418273926,-4.937708854675293,0.8315480947494507,0.0024088765494525433,0.8198438882827759,0.011704206466674805,-2.066924810409546,0.2040482461452484,0.14944155514240265,0.0,0.2040482461452484,0.10781779885292053,0.03098141774535179,0.0,0.03098141774535179,0.015450543724000454,0.0,0.015450543724000454,1.0,1.0,-18.425498962402344,1785284021.9419017,47.81112551689148,239.94653463363647,55.950842403230325,55.41800831657439,0.0,93.36,True,4.582334280014038
282,0.011086578480899334,3.7491272451006807e-06,0.010435827076435089,0.0020380595233291388,9.87509110927931e-07,0.0018739209044724703,0.0006711325258947909,-11.25303840637207,0.8959842920303345,0.0015943215694278479,0.897064745426178,0.5221303105354309,5.304186197463423e-05,0.5273296236991882,0.005310389678925276,-6.049798965454102,0.49897336959838867,7.280102181539405e-06,0.4996992349624634,0.000725865364074707,-4.960058212280273,0.8315421938896179,0.0024095845874398947,0.8188848495483398,0.012657344341278076,-2.0619680881500244,0.21201381087303162,0.15379898250102997,0.0,0.21201381087303162,0.1290159523487091,0.02955787070095539,0.0,0.02955787070095539,0.014127036556601524,0.0,0.014127036556601524,1.0,1.0,-18.572906494140625,1785284022.0456324,47.91485619544983,240.05026531219482,55.0530996322633,55.70323046611714,0.0,93.36,True,4.582334280014038
283,0.011083761230111122,3.7825852814421523e-06,0.009027066640555859,0.0020415913313627243,9.924061714627896e-07,0.001631487044505775,0.002097183372825384,-10.672364234924316,0.8960820436477661,0.0015976475551724434,0.8968021869659424,0.5223274827003479,5.318026160239242e-05,0.5293651223182678,0.007074388675391674,-5.836818695068359,0.4991692900657654,7.311104127438739e-06,0.5001856088638306,0.0010163187980651855,-4.923480033874512,0.8330395817756653,0.0023983162827789783,0.8183944821357727,0.014645099639892578,-2.0528411865234375,0.21783292293548584,0.15341584384441376,0.0,0.21783292293548584,0.13628584146499634,0.029012588784098625,0.0,0.029012588784098625,0.013624424114823341,0.0,0.013624424114823341,1.0,1.0,-17.803560256958008,1785284022.1295438,47.998767614364624,240.13417673110962,54.924703098478886,55.99572250477618,0.0,93.36,True,4.582334280014038
284,0.011077865026891232,3.7276795410434715e-06,0.010383876040577888,0.0020611099898815155,9.782994538909406e-07,0.0018674186430871487,0.00072051165625453,-11.24693489074707,0.8958760499954224,0.001593891647644341,0.8972844481468201,0.5223275423049927,5.277409582049586e-05,0.5299041271209717,0.007706375792622566,-5.763162612915039,0.4992126226425171,7.277315489773173e-06,0.5001505613327026,0.0009379386901855469,-4.935992240905762,0.834013044834137,0.002398294396698475,0.8182314038276672,0.015781641006469727,-2.045635938644409,0.21761953830718994,0.15355339646339417,0.0,0.21761953830718994,0.13629284501075745,0.028666939586400986,0.0,0.028666939586400986,0.013671706430613995,0.0,0.013671706430613995,1.0,1.0,-18.325462341308594,1785284022.2465801,48.115803956985474,240.25121307373047,54.27440448034389,56.288221546980985,0.0,93.36,True,4.582334280014038
285,0.010876893065869808,4.088191417395137e-06,0.010463714599609375,0.002045664004981518,1.027069060910435e-06,0.0018771557370200753,0.0004462190845515579,-11.22552490234375,0.8852274417877197,0.001643873518332839,0.8974992632865906,0.5201663374900818,5.388215504353866e-05,0.5258435010910034,0.013521382585167885,-5.936942100524902,0.49845874309539795,8.28072279546177e-06,0.5000219941139221,0.00156325101852417,-4.784294605255127,0.8165362477302551,0.002429768443107605,0.8178685903549194,0.0013323426246643066,-2.0906758308410645,0.551193118095398,0.14534108340740204,0.0,0.551193118095398,0.9997779726982117,0.01759379543364048,0.0,0.01759379543364048,0.0009788288734853268,0.0,0.0009788288734853268,0.0,1.0,-18.367225646972656,1785284022.3517122,48.22093605995178,240.35634517669678,53.58234255654483,57.44420571687324,0.0,93.36,True,4.582334280014038
286,0.01087645348161459,4.222757979732705e-06,0.010806580074131489,0.0020489213056862354,1.0662399745342555e-06,0.0019476537127047777,0.0001230342168128118,-11.219932556152344,0.8862314224243164,0.0016489769332110882,0.8977323174476624,0.5191739797592163,5.5212232837220654e-05,0.5272254943847656,0.014039140194654465,-5.640909194946289,0.4982697665691376,8.453102054772899e-06,0.500262975692749,0.00199320912361145,-4.686554431915283,0.8194794654846191,0.002497132634744048,0.8166048526763916,0.002874612808227539,-2.0757131576538086,0.5130832195281982,0.15302935242652893,0.0,0.5130832195281982,0.8405192494392395,0.018289312720298767,0.0,0.018289312720298767,0.0016230273758992553,0.0,0.0016230273758992553,0.0,1.0,-18.075937271118164,1785284022.4482913,48.3175151348114,240.4529242515564,53.18156900860026,58.44093116350653,0.0,93.36,True,4.582334280014038
287,0.010840334929525852,4.34901767221163e-06,0.010398872196674347,0.0020629698410630226,1.0980115803249646e-06,0.001869827858172357,0.0004818642628379166,-11.156515121459961,0.8852841854095459,0.001675186213105917,0.8979780673980713,0.5188650488853455,5.596164919552393e-05,0.5232201814651489,0.01342020183801651,-6.035900115966797,0.49817779660224915,8.635898666398134e-06,0.5005344748497009,0.0023566782474517822,-4.589292049407959,0.8186327219009399,0.0025375846307724714,0.8148742914199829,0.0037584304809570312,-2.066549301147461,0.5060032606124878,0.15427131950855255,0.0,0.5060032606124878,0.814251720905304,0.019031492993235588,0.0,0.019031492993235588,0.0019470747793093324,0.0,0.0019470747793093324,0.0,1.0,-18.27988052368164,1785284022.543052,48.41227579116821,240.5476849079132,52.57685220809222,59.411389081605876,0.0,93.36,True,4.582334280014038
288,0.010889480821788311,4.231714683555765e-06,0.010828816331923008,0.0020457080099731684,1.0189888826062088e-06,0.0019314686069265008,0.00012934768164996058,-11.24008560180664,0.8852993249893188,0.0016269948100671172,0.8980674147605896,0.5189874768257141,5.63707944820635e-05,0.5250453948974609,0.014132320880889893,-5.8888044357299805,0.49800238013267517,8.31836041470524e-06,0.5005417466163635,0.0025393664836883545,-4.541984558105469,0.8268336653709412,0.002455518115311861,0.8131788969039917,0.013654768466949463,-2.047804117202759,0.467666894197464,0.1473032534122467,0.85498046875,0.387313574552536,0.4705013632774353,0.020979341119527817,0.0,0.020979341119527817,0.003801927203312516,0.0,0.003801927203312516,0.0,1.0,-18.222122192382812,1785284022.6262991,48.49552297592163,240.63093209266663,52.029893738883004,60.038096642077356,0.0,93.36,True,4.582334280014038
289,0.010954499244689941,4.059033472003648e-06,0.010630079545080662,0.00203982787206769,9.783530003915075e-07,0.0019067981047555804,0.0003506352368276566,-11.266094207763672,0.8887794017791748,0.0016019969480112195,0.8981723189353943,0.5195205211639404,5.183317989576608e-05,0.527006983757019,0.012011411599814892,-5.74592924118042,0.4981101155281067,7.627721060998738e-06,0.500482439994812,0.0023723244667053223,-4.604009628295898,0.8049041032791138,0.002397603588178754,0.8115986585617065,0.0066945552825927734,-2.088358163833618,0.5490262508392334,0.1363096982240677,0.0,0.5490262508392334,1.0282057523727417,0.01764157973229885,0.0,0.01764157973229885,0.0018772224429994822,0.0,0.0018772224429994822,0.0,1.0,-18.16484260559082,1785284022.731349,48.60057282447815,240.73598194122314,51.54021485646578,61.22250859164414,0.0,93.36,True,4.582334280014038
290,0.010922135785222054,4.091105438419618e-06,0.010594409890472889,0.0020412406884133816,9.904209719024948e-07,0.001914930297061801,0.0003512243856675923,-11.256857872009277,0.8867095708847046,0.0016130036674439907,0.8983682990074158,0.5198147892951965,5.352720108930953e-05,0.5280466675758362,0.01427199225872755,-5.619492053985596,0.4981492757797241,7.927988917799667e-06,0.5006142258644104,0.0024649500846862793,-4.5704193115234375,0.8147541880607605,0.0023471794556826353,0.8073736429214478,0.007380545139312744,-2.0967283248901367,0.5763745307922363,0.1393347531557083,0.96337890625,0.38700437545776367,0.4709557890892029,0.019036486744880676,0.0,0.019036486744880676,0.001620835973881185,0.0,0.001620835973881185,0.0,1.0,-18.037660598754883,1785284022.8257036,48.69492745399475,240.83033657073975,51.177717980884495,61.84967057792739,0.0,93.36,True,4.582334280014038
291,0.01095670647919178,3.997761268692557e-06,0.010569993406534195,0.0020355330780148506,9.729840257932665e-07,0.001897407229989767,0.00041064067045226693,-11.269951820373535,0.8890535831451416,0.0015999404713511467,0.8985021710395813,0.5199905633926392,5.0019691116176546e-05,0.5286449193954468,0.012813027948141098,-5.555980682373047,0.4982258081436157,7.4236190812371206e-06,0.5006474852561951,0.0024216771125793457,-4.591492652893066,0.7987846732139587,0.002292695688083768,0.8004328012466431,0.0016481280326843262,-2.1194822788238525,0.6233712434768677,0.13014359772205353,0.8154296875,0.19205844402313232,0.041094496846199036,0.017811011523008347,0.0,0.017811011523008347,0.0011569511843845248,0.0,0.0011569511843845248,0.0,1.0,-18.010482788085938,1785284022.9300957,48.79931950569153,240.93472862243652,50.842398915972154,62.046971271967635,0.0,93.36,True,4.582334280014038
292,0.010942220687866211,3.991229277744424e-06,0.010505233891308308,0.0020230726804584265,9.721110245664022e-07,0.0018989290110766888,0.00045427869190461934,-11.267877578735352,0.8889961242675781,0.0015966598875820637,0.8985721468925476,0.5201884508132935,4.970131703885272e-05,0.5284469127655029,0.012645252048969269,-5.621946334838867,0.4983484148979187,7.341421223827638e-06,0.5006673336029053,0.0023189187049865723,-4.625814914703369,0.8001646995544434,0.0022453530691564083,0.7861760854721069,0.013988614082336426,-2.086933135986328,0.6306240558624268,0.1292084902524948,0.76953125,0.13890719413757324,-0.029558561742305756,0.01822313480079174,0.0,0.01822313480079174,0.0012129690730944276,0.0,0.0012129690730944276,0.0,1.0,-18.07834243774414,1785284023.0250115,48.894235372543335,241.02964448928833,50.43922020140161,62.173618907419375,0.0,93.36,True,4.582334280014038
293,0.010943620465695858,3.945690878026653e-06,0.010816135443747044,0.002019002567976713,9.575562671670923e-07,0.001966868294402957,0.00013773312093690038,-11.309528350830078,0.8893988132476807,0.0015834892401471734,0.8983824849128723,0.5205070376396179,4.937517223879695e-05,0.5280976295471191,0.01176109816879034,-5.735270977020264,0.4985111355781555,7.208544957393315e-06,0.5007331967353821,0.0022220611572265625,-4.658703804016113,0.8021988272666931,0.002215942367911339,0.7826368808746338,0.019561946392059326,-2.050755500793457,0.6331045627593994,0.1272018998861313,0.994140625,0.3610360622406006,0.4003114104270935,0.01887650229036808,0.0,0.01887650229036808,0.0013199916575103998,0.0,0.0013199916575103998,0.0,1.0,-18.227096557617188,1785284023.1296458,48.99886965751648,241.13427877426147,49.88728736695802,62.73013651504051,0.0,93.36,True,4.582334280014038
294,0.010941730812191963,3.924179054592969e-06,0.012272987514734268,0.002008812502026558,9.48491958752129e-07,0.00222682673484087,0.001348990248516202,-11.069629669189453,0.889960527420044,0.0015752349281683564,0.8979368805885315,0.5206665992736816,4.9211947043659166e-05,0.5275775790214539,0.010553854517638683,-5.843026161193848,0.49861693382263184,7.046379778330447e-06,0.500641942024231,0.002025008201599121,-4.721583843231201,0.8026076555252075,0.002187427831813693,0.776865541934967,0.02574211359024048,-1.9921067953109741,0.6314305067062378,0.12562215328216553,0.95361328125,0.3221827745437622,0.29485079646110535,0.019506219774484634,0.0,0.019506219774484634,0.0015069640940055251,0.0,0.0015069640940055251,0.0,1.0,-18.104843139648438,1785284023.2238128,49.09303665161133,241.22844576835632,49.45760795048318,63.181193508695664,0.0,93.36,True,4.582334280014038
295,0.010925167240202427,3.917182766599581e-06,0.010616161860525608,0.0019778511486947536,9.420948003935337e-07,0.0019278241088613868,0.0003130287805106491,-11.31125545501709,0.8940207958221436,0.0015765880234539509,0.8974230885505676,0.5211784243583679,5.000600140192546e-05,0.5277161598205566,0.0073700458742678165,-5.909013271331787,0.4989769458770752,6.926332844159333e-06,0.5006347894668579,0.0016578435897827148,-4.8227458000183105,0.7998440265655518,0.0022314719390124083,0.7760010957717896,0.023842930793762207,-2.0062294006347656,0.47881075739860535,0.14034779369831085,0.49755859375,0.018747836351394653,-0.06162517890334129,0.020740322768688202,0.0,0.020740322768688202,0.005139264743775129,0.0,0.005139264743775129,0.0,1.0,-18.449838638305664,1785284023.3286812,49.19790506362915,241.33331418037415,48.68293303535111,63.27577452698637,0.0,93.36,True,4.582334280014038
296,0.010895919986069202,3.7830459405086003e-06,0.010633631609380245,0.002012318465858698,9.10296023448609e-07,0.001911154598928988,0.00028112155268900096,-11.344648361206055,0.8944087028503418,0.0015645120292901993,0.8970993161201477,0.5211719870567322,4.951141818310134e-05,0.5282676219940186,0.007588638458400965,-5.838104724884033,0.4990312159061432,6.856213531136746e-06,0.5006290674209595,0.0015978515148162842,-4.840047836303711,0.8040992021560669,0.0022306707687675953,0.7770912647247314,0.02700793743133545,-1.9702882766723633,0.45993611216545105,0.1412123590707779,0.99609375,0.5361576080322266,0.9580396413803101,0.023359155282378197,0.0,0.023359155282378197,0.006358218379318714,0.0,0.006358218379318714,0.0,1.0,-18.435157775878906,1785284023.44393,49.3131537437439,241.4485628604889,47.9229389826458,64.39002036556073,0.0,93.36,True,4.582334280014038
297,0.010934718884527683,3.7872257507842733e-06,0.010567457415163517,0.001993665937334299,9.066305324267887e-07,0.0019162283279001713,0.0003753366181626916,-11.339712142944336,0.8940129280090332,0.0015566546935588121,0.896670401096344,0.5214782953262329,4.9081303586717695e-05,0.52775639295578,0.006817380432039499,-5.951956272125244,0.4991756081581116,6.704985935357399e-06,0.500781774520874,0.0016061663627624512,-4.845013618469238,0.8011873960494995,0.0021864946465939283,0.7783461809158325,0.022841215133666992,-2.0244839191436768,0.47707000374794006,0.13772010803222656,0.73291015625,0.25584015250205994,0.16530738770961761,0.022399557754397392,0.0,0.022399557754397392,0.005734466947615147,0.0,0.005734466947615147,0.0,1.0,-18.52378273010254,1785284023.5487998,49.41802358627319,241.5534327030182,47.07431997571686,64.7115339504644,0.0,93.36,True,4.582334280014038
298,0.01092646736651659,3.6503324736258946e-06,0.009168942458927631,0.0020051090978085995,8.745751642891264e-07,0.00166189088486135,0.0017907239962369204,-10.90678882598877,0.8937976360321045,0.0015377072850242257,0.8964394927024841,0.5215849876403809,4.823690323974006e-05,0.5287756323814392,0.007660598959773779,-5.832324981689453,0.4993066191673279,6.590318207599921e-06,0.5008479952812195,0.0015413761138916016,-4.8657636642456055,0.8036108016967773,0.002169629093259573,0.7792965769767761,0.02431422472000122,-2.011420965194702,0.47469618916511536,0.13666971027851105,0.95263671875,0.47794052958488464,0.7595349550247192,0.023742975667119026,0.0,0.023742975667119026,0.006093592848628759,0.0,0.006093592848628759,0.0,1.0,-18.005531311035156,1785284023.6427064,49.51193022727966,241.64733934402466,46.7439523878553,65.62727510268317,0.0,93.36,True,4.582334280014038
299,0.010934264399111271,3.590959749999456e-06,0.010509053245186806,0.0020030252635478973,8.582151167502161e-07,0.0019001108594238758,0.00043748816824518144,-11.383527755737305,0.8928382396697998,0.001525837928056717,0.896083652973175,0.5217498540878296,4.789315062225796e-05,0.5284668803215027,0.007459969725459814,-5.9035139083862305,0.49936696887016296,6.4830383053049445e-06,0.5008262991905212,0.0014593303203582764,-4.889974594116211,0.8046922087669373,0.0021480266004800797,0.7815686464309692,0.023123562335968018,-2.0282013416290283,0.48668602108955383,0.1354726254940033,0.99609375,0.5094077587127686,0.8771899938583374,0.024476096034049988,0.0,0.024476096034049988,0.005832651164382696,0.0,0.005832651164382696,0.0,0.0,-18.551326751708984,1785284023.7264767,49.59570050239563,241.73110961914062,45.867789359319914,66.66067129373556,0.0,93.36,True,4.582334280014038
300,0.010886143893003464,3.5444677450868767e-06,0.012249602004885674,0.0021302723325788975,8.306362246912613e-07,0.0022254539653658867,0.001366776297800243,-11.170024871826172,0.8895384073257446,0.0015160843031480908,0.8956782817840576,0.5173410773277283,4.9192760343430564e-05,0.5280424952507019,0.012337681837379932,-5.191389083862305,0.4970688819885254,6.858753749838797e-06,0.500919759273529,0.003850877285003662,-3.945007801055908,0.819186806678772,0.0021033617667853832,0.7846713066101074,0.03451550006866455,-1.8799766302108765,0.5688495635986328,0.1382986307144165,0.92431640625,0.3554668426513672,0.3865940272808075,0.03157567232847214,0.0,0.03157567232847214,0.003935274668037891,0.0,0.003935274668037891,0.0,0.0,-17.29564094543457,1785284023.8307972,49.70002102851868,241.83543014526367,46.24731213705894,67.20347151821042,0.0,93.36,True,4.582334280014038
301,0.010991389863193035,3.502683739498025e-06,0.01053573563694954,0.002110812347382307,8.058264597821108e-07,0.0019062390783801675,0.0004994706832803786,-11.403207778930664,0.8919135332107544,0.0014924223069101572,0.8954383730888367,0.5177572965621948,4.887499017058872e-05,0.5281648635864258,0.010988264344632626,-5.266653060913086,0.4973567724227905,6.736575414834078e-06,0.5009709596633911,0.003614187240600586,-4.065531253814697,0.8195242881774902,0.0020669593941420317,0.787233829498291,0.03229045867919922,-1.9196757078170776,0.5907210111618042,0.13797900080680847,0.90478515625,0.3140641450881958,0.2860438823699951,0.02913474105298519,0.0,0.02913474105298519,0.003262071404606104,0.0,0.003262071404606104,0.0,0.0,-17.649295806884766,1785284023.9253285,49.79455232620239,241.9299614429474,46.27318005334777,67.64572159777447,0.0,93.36,True,4.582334280014038
302,0.011017783544957638,3.4523573049227707e-06,0.010378380306065083,0.0021052025258541107,7.863650353101548e-07,0.001868683728389442,0.0006817460525780916,-11.383490562438965,0.8920272588729858,0.0014765359228476882,0.8950812816619873,0.5180812478065491,4.8395973863080144e-05,0.5271299481391907,0.009550184942781925,-5.540112495422363,0.4976193904876709,6.622142336709658e-06,0.5010096430778503,0.0033902525901794434,-4.175775527954102,0.8192522525787354,0.0020333509892225266,0.7898686528205872,0.029383599758148193,-1.9677879810333252,0.6154094934463501,0.14112721383571625,0.9873046875,0.3718951940536499,0.42989659309387207,0.0258809644728899,0.0,0.0258809644728899,0.0024788030423223972,0.0,0.0024788030423223972,0.0,0.0,-17.90346908569336,1785284024.029875,49.89909887313843,242.03450798988342,46.04487469082801,68.23182438806239,0.0,93.36,True,4.582334280014038
303,0.011034131050109863,3.4136060094169807e-06,0.009223410859704018,0.0021045682951807976,7.785717457409191e-07,0.0016801190795376897,0.0018598022870719433,-10.89295768737793,0.8918246030807495,0.0014694933779537678,0.8948993682861328,0.5181887745857239,4.782433825312182e-05,0.5278231501579285,0.010113129392266273,-5.4238739013671875,0.49777552485466003,6.521635896206135e-06,0.5011072158813477,0.003331691026687622,-4.200228214263916,0.816867470741272,0.002005399437621236,0.7908589243888855,0.026008546352386475,-2.0183615684509277,0.6466926336288452,0.1437840461730957,0.9951171875,0.3484245538711548,0.3713768720626831,0.0230421032756567,0.0,0.0230421032756567,0.0016863789642229676,0.0,0.0016863789642229676,0.0,0.0,-17.332172393798828,1785284024.1238196,49.993043422698975,242.12845253944397,46.38786602020278,68.75940745731913,0.0,93.36,True,4.582334280014038
304,0.011046542786061764,3.3765070384106366e-06,0.01241806149482727,0.0020995275117456913,7.716233199062117e-07,0.002259431406855583,0.001380808767862618,-11.20372200012207,0.8914313316345215,0.0014637812273576856,0.8945303559303284,0.5182432532310486,4.736307164421305e-05,0.5285157561302185,0.010729784145951271,-5.28704833984375,0.4979037344455719,6.460410531872185e-06,0.5012269616127014,0.0033232271671295166,-4.20123815536499,0.815481424331665,0.001994883641600609,0.7973287105560303,0.018152713775634766,-2.1070547103881836,0.6728312969207764,0.14783251285552979,0.9375,0.26466870307922363,0.20002277195453644,0.020521357655525208,0.0,0.020521357655525208,0.0011607015039771795,0.0,0.0011607015039771795,0.0,0.0,-17.533979415893555,1785284024.2201612,50.08938503265381,242.2247941493988,46.52905032748282,69.11563642646772,0.0,93.36,True,4.582334280014038
305,0.011052167974412441,3.3176520446431823e-06,0.010533195920288563,0.0020893183536827564,7.617350092914421e-07,0.001930538099259138,0.0005427182768471539,-11.45694351196289,0.8907128572463989,0.0014607405755668879,0.8941757082939148,0.5180100798606873,4.632107084034942e-05,0.5288039445877075,0.011335733346641064,-5.154772758483887,0.4978744685649872,6.358880455081817e-06,0.5011925101280212,0.0033180415630340576,-4.198219299316406,0.8138279318809509,0.0019837177824229,0.7981442213058472,0.01568371057510376,-2.130453586578369,0.6885768175125122,0.15009401738643646,0.326416015625,0.3621608018875122,0.407619446516037,0.01889980584383011,0.0,0.01889980584383011,0.0008695906726643443,0.0,0.0008695906726643443,0.0,0.0,-17.67987060546875,1785284024.3273256,50.19654941558838,242.33195853233337,46.52434344518767,69.6794620701778,0.0,93.36,True,4.582334280014038
306,0.011026192456483841,3.06060951515974e-06,0.010568522848188877,0.00203908933326602,6.961899998714216e-07,0.001936581451445818,0.00046900889719836414,-11.557626724243164,0.8891932964324951,0.0014171804068610072,0.8939940929412842,0.5177673697471619,4.3620882934192196e-05,0.5287787914276123,0.012012454681098461,-5.063689231872559,0.4980088472366333,6.092377589084208e-06,0.501167893409729,0.003159046173095703,-4.2662763595581055,0.8213564157485962,0.0019983467645943165,0.8063019514083862,0.015054464340209961,-2.132072687149048,0.6652690172195435,0.1608072966337204,0.947265625,0.28199660778045654,0.2524232268333435,0.01775948330760002,0.0,0.01775948330760002,0.000864473870024085,0.0,0.000864473870024085,0.0,0.0,-17.741716384887695,1785284024.4426165,50.311840295791626,242.44724941253662,46.45779078347357,70.0880914942052,0.0,93.36,True,4.582334280014038
307,0.011025143787264824,3.282395027781604e-06,0.010385346598923206,0.002088149543851614,7.630006848557969e-07,0.0019018168095499277,0.0006663785316050053,-11.433488845825195,0.889095664024353,0.001482851686887443,0.8939066529273987,0.5173311233520508,4.4162636186229065e-05,0.5286723375320435,0.012319446541368961,-4.968784332275391,0.4976985454559326,6.204722012626007e-06,0.5011181235313416,0.0034195780754089355,-4.133853912353516,0.8100419044494629,0.002018660306930542,0.8111869096755981,0.001145005226135254,-2.1833972930908203,0.6916838884353638,0.15465953946113586,0.9970703125,0.30538642406463623,0.2871777415275574,0.017398271709680557,0.0,0.017398271709680557,0.0006480696029029787,0.0,0.0006480696029029787,0.0,0.0,-17.47544288635254,1785284024.5479624,50.41718626022339,242.55259537696838,46.65751162029463,70.53147543292681,0.0,93.36,True,4.582334280014038
308,0.01100893970578909,3.349538246766315e-06,0.009195495396852493,0.002088297391310334,7.918141591289896e-07,0.0016920150956138968,0.0018562381155788898,-10.899871826171875,0.8885172605514526,0.0015073328977450728,0.8938775062561035,0.5173417329788208,4.473146691452712e-05,0.5284408330917358,0.012325674295425415,-5.031720161437988,0.49771493673324585,6.307797320914688e-06,0.501193106174469,0.0034781694412231445,-4.108978271484375,0.8079805374145508,0.0020253632683306932,0.8127387762069702,0.004758238792419434,-2.1764752864837646,0.704664945602417,0.15303605794906616,0.869140625,0.164475679397583,0.06878285855054855,0.01663105934858322,0.0,0.01663105934858322,0.0005245688371360302,0.0,0.0005245688371360302,0.0,0.0,-16.979736328125,1785284024.6420357,50.51125955581665,242.64666867256165,47.352939015343225,70.75646448867141,0.0,93.36,True,4.582334280014038
309,0.011012441478669643,3.3487895052530803e-06,0.012315783649682999,0.0020796949975192547,7.942845741126803e-07,0.0022739015985280275,0.0013177316868677735,-11.211118698120117,0.8879536390304565,0.0015148668317124248,0.8937965035438538,0.517353355884552,4.457296017790213e-05,0.5291687250137329,0.01318112388253212,-4.840255260467529,0.49775493144989014,6.315483460639371e-06,0.5012350678443909,0.0034801363945007324,-4.108452796936035,0.8078198432922363,0.0020416134502738714,0.8189857006072998,0.011165857315063477,-2.1475353240966797,0.7107750177383423,0.15255621075630188,0.9951171875,0.2843421697616577,0.24381324648857117,0.015427629463374615,0.0,0.015427629463374615,0.00043998510227538645,0.0,0.00043998510227538645,0.0,0.0,-17.137548446655273,1785284024.7260332,50.5952570438385,242.7306661605835,47.89055429186155,71.15648393235404,0.0,93.36,True,4.582334280014038
310,0.01099416520446539,3.3897606499522226e-06,0.010497311130166054,0.002089200308546424,8.18368960153748e-07,0.0019350596703588963,0.0005202146712690592,-11.416545867919922,0.8875069618225098,0.0015419143019244075,0.8938124179840088,0.5173295140266418,4.4782158511225134e-05,0.529042661190033,0.013302503153681755,-4.861609935760498,0.4975561499595642,6.371007657435257e-06,0.5011436343193054,0.003587484359741211,-4.052889823913574,0.8007146120071411,0.0020804665982723236,0.8229154348373413,0.022200822830200195,-2.050189733505249,0.694726824760437,0.15637639164924622,0.998046875,0.303320050239563,0.28536564111709595,0.014162716455757618,0.0,0.014162716455757618,0.0004232516512274742,0.0,0.0004232516512274742,0.0,0.0,-17.332279205322266,1785284024.8458955,50.71511936187744,242.85052847862244,48.23343880971288,71.59805577066518,0.0,93.36,True,4.582334280014038
311,0.010992608033120632,3.4141251035180176e-06,0.010484520345926285,0.0020847907289862633,8.345925266439735e-07,0.0019484221702441573,0.0005260698380880058,-11.405131340026855,0.8868119716644287,0.0015577608719468117,0.8939456343650818,0.5175387859344482,4.487563273869455e-05,0.5287526845932007,0.01329062320291996,-4.982738018035889,0.4976487457752228,6.38902520222473e-06,0.5012059211730957,0.003557175397872925,-4.071273326873779,0.8010885715484619,0.0020918643567711115,0.8242964744567871,0.023207902908325195,-2.037172794342041,0.7056580781936646,0.1543923318386078,0.8212890625,0.11563098430633545,0.028109818696975708,0.012776107527315617,0.0,0.012776107527315617,0.0003332806518301368,0.0,0.0003332806518301368,0.0,0.0,-17.426958084106445,1785284024.938981,50.808204889297485,242.94361400604248,48.48164444878003,71.78237178655621,0.0,93.36,True,4.582334280014038
312,0.010991964489221573,3.3804969916673144e-06,0.010434162802994251,0.002072482369840145,8.301503271468391e-07,0.0019419080344960093,0.0005728807300329208,-11.405406951904297,0.886266827583313,0.001563692232593894,0.8940837979316711,0.5175603032112122,4.4403423089534044e-05,0.5286585092544556,0.013574800454080105,-4.997089385986328,0.49769535660743713,6.360509360092692e-06,0.5012236833572388,0.0035283267498016357,-4.085139274597168,0.8031874895095825,0.0021268418058753014,0.8274993896484375,0.02431190013885498,-2.0186655521392822,0.7016006708145142,0.156035915017128,0.9658203125,0.26421964168548584,0.21380893886089325,0.011290069669485092,0.0,0.011290069669485092,0.0002866793656721711,0.0,0.0002866793656721711,0.0,0.0,-17.445648193359375,1785284025.0440946,50.913318395614624,243.04872751235962,48.71115997859425,72.15238692261116,0.0,93.36,True,4.582334280014038
313,0.010988953523337841,3.454879333730787e-06,0.008923540823161602,0.0020832596346735954,8.631061518826755e-07,0.0016562861856073141,0.0021090840455144644,-10.70836067199707,0.8858387470245361,0.0015907454071566463,0.894219696521759,0.5177104473114014,4.474780143937096e-05,0.5285902619361877,0.013733560219407082,-5.046416282653809,0.4977318048477173,6.401380687748315e-06,0.5011334419250488,0.003401637077331543,-4.156759738922119,0.803066611289978,0.0021475295070558786,0.8280236721038818,0.02495706081390381,-2.007763385772705,0.7093210220336914,0.15330706536769867,0.931640625,0.2223196029663086,0.14248166978359222,0.010012645274400711,0.0,0.010012645274400711,0.0002333660377189517,0.0,0.0002333660377189517,0.0,0.0,-16.82387351989746,1785284025.1485302,51.01775407791138,243.15316319465637,49.56245018187039,72.4510747895888,0.0,93.36,True,4.582334280014038
314,0.010989303700625896,3.4534832593635656e-06,0.01204768382012844,0.0020805681124329567,8.707225447324163e-07,0.0022408466320484877,0.001070447382517159,-11.250226974487305,0.8854396343231201,0.0016038414323702455,0.8944430351257324,0.5178177952766418,4.461590651771985e-05,0.528815746307373,0.014213238842785358,-5.007725238800049,0.49779608845710754,6.390978796844138e-06,0.5011277198791504,0.0033316314220428467,-4.192979335784912,0.8046201467514038,0.0021726053673774004,0.8282946944236755,0.02367454767227173,-2.017986536026001,0.7120357751846313,0.1505540907382965,1.0,0.28796422481536865,0.24761611223220825,0.00903290044516325,0.0,0.00903290044516325,0.0002055535587714985,0.0,0.0002055535587714985,0.0,0.0,-17.352895736694336,1785284025.2222474,51.09147119522095,243.22688031196594,49.88471816834965,72.85489709901506,0.0,93.36,True,4.582334280014038
315,0.011000104248523712,3.472001935733715e-06,0.010588906705379486,0.0020813324954360723,8.780831990407023e-07,0.0019736529793590307,0.0004250626952853054,-11.389322280883789,0.8853318691253662,0.0016276335809379816,0.8946890234947205,0.5179934501647949,4.450162668945268e-05,0.5288614630699158,0.014341200701892376,-5.028461456298828,0.49785539507865906,6.361835858115228e-06,0.5012000203132629,0.003344625234603882,-4.184468746185303,0.8030524253845215,0.0021951631642878056,0.8288918137550354,0.025839388370513916,-1.9897325038909912,0.710561990737915,0.1466859132051468,0.7900390625,0.07947707176208496,-0.019261231645941734,0.008011349476873875,0.0,0.008011349476873875,0.00019041242194361985,0.0,0.00019041242194361985,0.0,0.0,-17.50432586669922,1785284025.3285391,51.197762966156006,243.333172082901,50.05555602482403,72.99184206456317,0.0,93.36,True,4.582334280014038
316,0.011000046506524086,3.377598886800115e-06,0.010471798479557037,0.0020952215418219566,8.537334679203923e-07,0.001946133328601718,0.0005488836904987693,-11.393793106079102,0.8859965801239014,0.001640290254727006,0.8948707580566406,0.5179479718208313,4.318603896535933e-05,0.5288991928100586,0.014095398597419262,-4.98103666305542,0.4978841245174408,6.199749805091415e-06,0.5011979937553406,0.0033138692378997803,-4.190903186798096,0.8047524690628052,0.0022692016791552305,0.8288090229034424,0.024056553840637207,-1.9977093935012817,0.7056558132171631,0.14716966450214386,0.9326171875,0.22696137428283691,0.13586100935935974,0.00696369307115674,0.0,0.00696369307115674,0.00017245262279175222,0.0,0.00017245262279175222,0.0,0.0,-17.47407341003418,1785284025.4438658,51.31308960914612,243.4484987258911,50.256646337963446,73.28390927111658,0.0,93.36,True,4.582334280014038
317,0.010993889532983303,3.469467173999874e-06,0.0102988975122571,0.0021508780773729086,8.955752832662256e-07,0.0019189190352335572,0.0007326792692765594,-11.311128616333008,0.8877441883087158,0.001697275321930647,0.8951197266578674,0.5177961587905884,4.256980537320487e-05,0.5288565158843994,0.013293986208736897,-4.930811882019043,0.4978634715080261,6.06461026109173e-06,0.5012118816375732,0.003348410129547119,-4.163214683532715,0.8026953935623169,0.002384673338383436,0.828440248966217,0.025744855403900146,-1.961437702178955,0.7154853343963623,0.14216436445713043,0.970703125,0.2552177906036377,0.17264015972614288,0.00537773547694087,0.0,0.00537773547694087,0.00013108440907672048,0.0,0.00013108440907672048,0.0,0.0,-17.337385177612305,1785284025.5483632,51.41758704185486,243.55299615859985,50.59442488352474,73.61275562803678,0.0,93.36,True,4.582334280014038
318,0.010948528535664082,3.556626325007528e-06,0.00903391931205988,0.0022064184304326773,9.56043777478044e-07,0.0016898628091439605,0.0019830679520964622,-10.710816383361816,0.8895770311355591,0.0017541153356432915,0.8952606320381165,0.5175585150718689,4.101933882338926e-05,0.5288617610931396,0.012651746161282063,-4.819188117980957,0.49795451760292053,5.785972462035716e-06,0.5012537837028503,0.0032992660999298096,-4.170447826385498,0.8044701218605042,0.002546264324337244,0.8274170160293579,0.02294689416885376,-1.9642269611358643,0.7250124216079712,0.13288049399852753,0.0,0.7250124216079712,1.8876646757125854,0.0034704813733696938,0.0,0.0034704813733696938,8.694257121533155e-05,0.0,8.694257121533155e-05,0.0,0.0,-16.651390075683594,1785284025.6426005,51.51182436943054,243.64723348617554,51.61819853101474,75.65662650094342,0.0,93.36,True,4.582334280014038
319,0.011092602275311947,3.377502480361727e-06,0.010532105341553688,0.0020752346608787775,8.83684265318152e-07,0.0019799398723989725,0.0005685401847586036,-11.379247665405273,0.8890169858932495,0.0016991160809993744,0.8955340385437012,0.5179267525672913,4.070338763995096e-05,0.5290395021438599,0.012882746756076813,-4.876058578491211,0.49844229221343994,5.5954078561626375e-06,0.501249372959137,0.0028070807456970215,-4.4237213134765625,0.8051802515983582,0.0026582134887576103,0.8272451162338257,0.02206486463546753,-1.9545358419418335,0.6961092948913574,0.144574373960495,0.8203125,0.12420320510864258,0.005309153348207474,0.002722986275330186,0.0,0.002722986275330186,8.617534331278875e-05,0.0,8.617534331278875e-05,0.0,0.0,-17.491954803466797,1785284025.7407634,51.60998725891113,243.74539637565613,51.80140745072154,75.81814185148568,0.0,93.36,True,4.582334280014038
320,0.01091755647212267,3.4901188428193564e-06,0.010386881418526173,0.0021837542299181223,9.338502877653809e-07,0.001970823621377349,0.0005718002212233841,-11.322263717651367,0.8923337459564209,0.0017234054394066334,0.8959240317344666,0.5163177251815796,3.750264295376837e-05,0.5289781093597412,0.013159614987671375,-4.298671722412109,0.4979914724826813,5.267299457045738e-06,0.5011574625968933,0.003165990114212036,-4.206574440002441,0.8117272853851318,0.003075804328545928,0.8275620341300964,0.0158347487449646,-1.9323959350585938,0.7192598581314087,0.13355140388011932,0.97802734375,0.2587674856185913,0.1629963219165802,0.00218488578684628,0.0,0.00218488578684628,5.499615872395225e-05,0.0,5.499615872395225e-05,0.0,0.0,-16.86448860168457,1785284025.8353977,51.70462155342102,243.84003067016602,52.61208257221057,76.13734437059631,0.0,93.36,True,4.582334280014038
321,0.010893107391893864,3.5445957564661512e-06,0.010374047793447971,0.0021922672167420387,9.618048579795868e-07,0.001962767681106925,0.000567532260902226,-11.299007415771484,0.8918982744216919,0.0017416321206837893,0.8961891531944275,0.5161191821098328,3.781443228945136e-05,0.5289326906204224,0.013512869365513325,-4.253769874572754,0.4978916049003601,5.362519914342556e-06,0.5010409355163574,0.0031493306159973145,-4.224321365356445,0.812482476234436,0.0030255073215812445,0.8261896967887878,0.013707220554351807,-1.950348973274231,0.728187084197998,0.12702663242816925,0.92578125,0.19759416580200195,0.040941402316093445,0.002217757748439908,0.0,0.002217757748439908,5.1428331062197685e-05,0.0,5.1428331062197685e-05,0.0,0.0,-16.814184188842773,1785284025.9408293,51.81005311012268,243.94546222686768,53.47306210654139,76.33449197010646,0.0,93.36,True,4.582334280014038
322,0.010890296660363674,3.485293063931749e-06,0.010486727580428123,0.0021812310442328453,9.445691944165446e-07,0.0019900870975106955,0.00044654676457867026,-11.339164733886719,0.8912942409515381,0.0017290044343098998,0.8964719176292419,0.5161173343658447,3.780102269956842e-05,0.5286132097244263,0.013526094146072865,-4.360682964324951,0.49793022871017456,5.364337539504049e-06,0.5008511543273926,0.0029209256172180176,-4.353696346282959,0.815912127494812,0.0030448788311332464,0.8253546953201294,0.009442567825317383,-1.9635673761367798,0.7361819744110107,0.12132368236780167,0.97509765625,0.23891568183898926,0.09953330457210541,0.002260821405798197,0.0,0.002260821405798197,4.8009842430474237e-05,0.0,4.8009842430474237e-05,0.0,0.0,-17.004558563232422,1785284026.0230393,51.89226317405701,244.027672290802,54.143667266482566,76.59023147187261,0.0,93.36,True,4.582334280014038
323,0.010889620520174503,3.441887429289636e-06,0.010460009798407555,0.002167555969208479,9.262763569495291e-07,0.0019883401691913605,0.0004654929507523775,-11.353765487670898,0.89063560962677,0.0017146741738542914,0.896605908870697,0.5160824656486511,3.8216116081457585e-05,0.5286069512367249,0.01387469656765461,-4.369810104370117,0.49791592359542847,5.429390512290411e-06,0.500856339931488,0.0029404163360595703,-4.346676826477051,0.8196565508842468,0.0031528135295957327,0.8212910890579224,0.0016345381736755371,-1.9603677988052368,0.7466682195663452,0.11566359549760818,0.88427734375,0.13760912418365479,-0.07773695141077042,0.0023410655558109283,0.0,0.0023410655558109283,4.3849049689015374e-05,0.0,4.3849049689015374e-05,0.0,0.0,-17.022951126098633,1785284026.1297343,51.998958110809326,244.13436722755432,54.79587986355753,76.6687007176559,0.0,93.36,True,4.582334280014038
324,0.010888969525694847,3.364303665875923e-06,0.010921405628323555,0.002153456676751375,8.994271638584905e-07,0.0020770200062543154,8.30341232358478e-05,-11.42061710357666,0.889602541923523,0.0017005519475787878,0.8967613577842712,0.5161033272743225,3.795275915763341e-05,0.5282889604568481,0.014132879674434662,-4.468796730041504,0.4979500472545624,5.397219865699299e-06,0.5008338093757629,0.0028837621212005615,-4.375470161437988,0.8222795724868774,0.0031449354719370604,0.8177793622016907,0.004500210285186768,-1.9588227272033691,0.750752329826355,0.11265594512224197,0.984375,0.23362267017364502,0.06947009265422821,0.0023855315521359444,0.0,0.0023855315521359444,4.2553663661237806e-05,0.0,4.2553663661237806e-05,0.0,0.0,-17.18338966369629,1785284026.2243798,52.09360361099243,244.22901272773743,55.28765392303484,76.89437700750418,0.0,93.36,True,4.582334280014038
325,0.01088747289031744,3.3394260299246525e-06,0.010505800135433674,0.0021465704776346684,8.683240935170033e-07,0.001998861553147435,0.0004092578892596066,-11.410955429077148,0.889389157295227,0.001682011759839952,0.8968135714530945,0.5160195827484131,3.909580482286401e-05,0.5278593301773071,0.013975032605230808,-4.621596336364746,0.4979482889175415,5.54190410184674e-06,0.5007270574569702,0.002778768539428711,-4.435995578765869,0.8234519362449646,0.003407564712688327,0.8128854036331177,0.010566532611846924,-1.9055572748184204,0.7701841592788696,0.11253491044044495,0.76708984375,0.003094315528869629,-0.17326487600803375,0.0025341480504721403,0.0,0.0025341480504721403,3.862163794110529e-05,0.0,3.862163794110529e-05,0.0,0.0,-17.326231002807617,1785284026.3312843,52.20050811767578,244.33591723442078,55.63658664340082,76.8773183286902,0.0,93.36,True,4.582334280014038
326,0.010851005092263222,3.0169223919074284e-06,0.01032283529639244,0.0021195714361965656,7.561317829640757e-07,0.0019711742643266916,0.0005486210575327277,-11.504488945007324,0.8885304927825928,0.001614936045370996,0.8968469500541687,0.5156222581863403,3.887583443429321e-05,0.5277377367019653,0.014695178717374802,-4.544641017913818,0.49790990352630615,5.557611075346358e-06,0.5006489157676697,0.0027390122413635254,-4.456284999847412,0.8238366842269897,0.003783932887017727,0.8128608465194702,0.010975837707519531,-1.853638768196106,0.780521035194397,0.10586457699537277,0.654296875,0.12622416019439697,-0.12860910594463348,0.0026805661618709564,0.0,0.0026805661618709564,3.343362914165482e-05,0.0,3.343362914165482e-05,0.0,0.0,-17.368343353271484,1785284026.4254758,52.29469966888428,244.43010878562927,55.94340701330293,76.90491541993961,0.0,93.36,True,4.582334280014038
327,0.010840735398232937,2.9449795420077862e-06,0.01053355261683464,0.0020913598127663136,7.254256502164935e-07,0.0020125373266637325,0.00031713442876935005,-11.577777862548828,0.8869583606719971,0.001598337315954268,0.8968830704689026,0.5153478980064392,3.8527701690327376e-05,0.5280457735061646,0.016116324812173843,-4.340302467346191,0.49783992767333984,5.532120667339768e-06,0.500619113445282,0.0027791857719421387,-4.4354376792907715,0.8218263387680054,0.0038392916321754456,0.8026232719421387,0.0192030668258667,-1.814271092414856,0.779442548751831,0.10582279413938522,0.919921875,0.14047932624816895,-0.11081328243017197,0.002783187199383974,0.0,0.002783187199383974,3.3953183447010815e-05,0.0,3.3953183447010815e-05,0.0,0.0,-17.267738342285156,1785284026.541274,52.41049790382385,244.54590702056885,56.35083239419137,76.9503083347035,0.0,93.36,True,4.582334280014038
328,0.010795773938298225,2.9148081921448465e-06,0.012218467891216278,0.002132370136678219,6.986877565395844e-07,0.002325554145500064,0.0014357500476762652,-11.248096466064453,0.8867607116699219,0.0016000227769836783,0.896806538105011,0.5147740244865417,4.0148232073988765e-05,0.5281507968902588,0.016728917136788368,-4.1824541091918945,0.49777063727378845,5.766001322626835e-06,0.500534176826477,0.0027635395526885986,-4.450570106506348,0.805808961391449,0.0041428604163229465,0.7958822846412659,0.009926676750183105,-1.8123531341552734,0.8093390464782715,0.09672239422798157,0.89453125,0.08519220352172852,-0.21149837970733643,0.002866779686883092,0.0,0.002866779686883092,2.743077311606612e-05,0.0,2.743077311606612e-05,0.0,0.0,-16.819345474243164,1785284026.6454906,52.51471447944641,244.6501235961914,57.206650643121804,76.89501615219021,0.0,93.36,True,4.582334280014038
329,0.010737081989645958,2.9921081932116067e-06,0.010397239588201046,0.0021539065055549145,7.038966032268945e-07,0.00198491127230227,0.00037954215076752007,-11.565620422363281,0.8864299058914185,0.0016450714319944382,0.896674394607544,0.5136442184448242,3.945024582208134e-05,0.5282672047615051,0.017854448407888412,-3.6953012943267822,0.4975014925003052,5.7195247791241854e-06,0.5005435347557068,0.0030420422554016113,-4.307888507843018,0.7593677043914795,0.0040983338840305805,0.7853853702545166,0.02601766586303711,-1.747064232826233,0.8158671855926514,0.07934433966875076,0.666015625,0.14985156059265137,-0.2065340131521225,0.003027647966518998,0.0,0.003027647966518998,2.751154352154117e-05,0.0,2.751154352154117e-05,0.0,0.0,-16.675806045532227,1785284026.739118,52.60834193229675,244.74375104904175,58.206008320763175,76.84468833623214,0.0,93.36,True,4.582334280014038
330,0.010660333558917046,2.9736715987382922e-06,0.007062964607030153,0.002190728671848774,6.558316840710177e-07,0.001344857970252633,0.003695478430017829,-8.922231674194336,0.8830529451370239,0.0016610062448307872,0.8964926600456238,0.5138413310050964,4.049602648592554e-05,0.528769850730896,0.020086977630853653,-3.6134324073791504,0.49716752767562866,6.0434908846218605e-06,0.5005736351013184,0.0034061074256896973,-4.129486083984375,0.720389723777771,0.00425665732473135,0.7845102548599243,0.06412053108215332,-1.327754259109497,0.8380134105682373,0.0960027277469635,0.8212890625,0.016724348068237305,-0.2512941360473633,0.0031748975161463022,0.0,0.0031748975161463022,2.5559467758284882e-05,0.0,2.5559467758284882e-05,0.0,0.0,-13.877720832824707,1785284026.825284,52.69450783729553,244.82991695404053,62.003451211112065,76.74960039737883,0.0,93.36,True,4.582334280014038
331,0.010656088590621948,3.025356363650644e-06,0.012602046132087708,0.0022085090167820454,6.671448318229523e-07,0.002401231089606881,0.0019554775208234787,-10.972821235656738,0.8830349445343018,0.001677038730122149,0.8962979316711426,0.5138468146324158,4.089866706635803e-05,0.5284785032272339,0.019748244434595108,-3.739969253540039,0.49719032645225525,6.115589712862857e-06,0.5005464553833008,0.0033561289310455322,-4.162503242492676,0.709464967250824,0.00434059789404273,0.7788109183311462,0.06934595108032227,-1.246993064880371,0.8470993041992188,0.09475791454315186,0.45556640625,0.39153289794921875,0.5496165156364441,0.0030434320215135813,0.0,0.0030434320215135813,2.3453751055058092e-05,0.0,2.3453751055058092e-05,0.0,0.0,-16.046049118041992,1785284026.9298239,52.79904770851135,244.93445682525635,63.63256581624367,77.45542311020932,0.0,93.36,True,4.582334280014038
332,0.010599113069474697,3.105624955423991e-06,0.012263981625437737,0.002183106727898121,6.892947794767679e-07,0.00233615655452013,0.0016718886326998472,-11.133825302124023,0.8815732002258301,0.001728795119561255,0.8955516219139099,0.5132536292076111,3.963625931646675e-05,0.5274670124053955,0.019935308024287224,-3.8052310943603516,0.49686717987060547,5.923069693380967e-06,0.5005021691322327,0.0036349892616271973,-3.983992099761963,0.70497727394104,0.004260693676769733,0.7763245105743408,0.07134723663330078,-1.2128524780273438,0.7870107889175415,0.09497153013944626,0.94140625,0.1543954610824585,-0.13265003263950348,0.0031728590838611126,0.0,0.0031728590838611126,3.3464668376836926e-05,0.0,3.3464668376836926e-05,0.0,0.0,-16.170005798339844,1785284027.02408,52.893303871154785,245.02871298789978,65.13772374107742,77.47897927476387,0.0,93.36,True,4.582334280014038
333,0.01067072432488203,3.231971732020611e-06,0.010488281026482582,0.0021942323073744774,7.199096785370784e-07,0.0019998939242213964,0.0002665576175786555,-11.52402114868164,0.883352518081665,0.0017440564697608352,0.8949026465415955,0.5135729908943176,4.088806235813536e-05,0.5286306142807007,0.018977288156747818,-3.5793895721435547,0.49706611037254333,6.145311090222094e-06,0.5006046295166016,0.0035385191440582275,-4.06221866607666,0.686757504940033,0.004450986161828041,0.7757594585418701,0.08900195360183716,-0.89853435754776,0.830146074295044,0.0894303247332573,0.958984375,0.12883830070495605,-0.19540339708328247,0.002747282385826111,0.0,0.002747282385826111,2.4352322725462727e-05,0.0,2.4352322725462727e-05,0.0,0.0,-16.418642044067383,1785284027.1281433,52.99736714363098,245.13277626037598,66.39424542018364,77.43978207487464,0.0,93.36,True,4.582334280014038
334,0.010664558969438076,3.222883151465794e-06,0.010429374873638153,0.002206031931564212,7.195665148174157e-07,0.0020082611590623856,0.00030728624551557004,-11.521288871765137,0.8835767507553101,0.001740722917020321,0.8947145938873291,0.5136045217514038,4.108293796889484e-05,0.527889609336853,0.01811395399272442,-3.8696184158325195,0.4971427023410797,6.20791934125009e-06,0.5006420612335205,0.003499358892440796,-4.089622497558594,0.6776393055915833,0.004421647172421217,0.7770119905471802,0.09937268495559692,-0.6750255823135376,0.8418294191360474,0.08808346837759018,0.9951171875,0.15328776836395264,-0.16241678595542908,0.0027005828451365232,0.0,0.0027005828451365232,2.245174619019963e-05,0.0,2.245174619019963e-05,0.0,0.0,-16.661794662475586,1785284027.2431698,53.112393617630005,245.247802734375,67.40761448088165,77.43357148611327,0.0,93.36,True,4.582334280014038
335,0.010673947632312775,3.226494527552859e-06,0.010968842543661594,0.002209780039265752,7.204528742477123e-07,0.00210749264806509,0.00031213092734105885,-11.535135269165039,0.8842180967330933,0.0017386003164574504,0.894451379776001,0.5135831832885742,4.13858906540554e-05,0.5276471376419067,0.017392953857779503,-3.9659886360168457,0.4971356689929962,6.262763690756401e-06,0.5005072355270386,0.0033715665340423584,-4.163962364196777,0.6712343096733093,0.00440693274140358,0.7772349119186401,0.10600060224533081,-0.5185256004333496,0.8442814350128174,0.08768142759799957,0.96337890625,0.11909747123718262,-0.21719911694526672,0.002736460417509079,0.0,0.002736460417509079,2.2382439055945724e-05,0.0,2.2382439055945724e-05,0.0,0.0,-16.789907455444336,1785284027.3491392,53.21836304664612,245.3537721633911,68.29287074861091,77.37257856636205,0.0,93.36,True,4.582334280014038
336,0.010668146423995495,3.1686829515820136e-06,0.008851133286952972,0.0022099330089986324,7.067612273203849e-07,0.0017110363114625216,0.0018842597492039204,-10.877458572387695,0.8838568925857544,0.001728453324176371,0.894154965877533,0.5136434435844421,4.125875420868397e-05,0.5280287861824036,0.0176914781332016,-3.851724624633789,0.4970950782299042,6.2651492953591514e-06,0.5002115964889526,0.003116518259048462,-4.296179294586182,0.6695157885551453,0.004397997632622719,0.781208336353302,0.11169254779815674,-0.3760799169540405,0.846473217010498,0.08912903815507889,0.93115234375,0.08467912673950195,-0.24967080354690552,0.0028154468163847923,0.0,0.0028154468163847923,2.2525349777424708e-05,0.0,2.2525349777424708e-05,0.0,0.0,-16.1069278717041,1785284027.4453192,53.31454300880432,245.44995212554932,69.8611066000804,77.2791139600092,0.0,93.36,True,4.582334280014038
337,0.010658391751348972,3.1472059163206723e-06,0.010406102053821087,0.002212407300248742,7.02612055647478e-07,0.002016926882788539,0.0003191593277733773,-11.543545722961426,0.8834162950515747,0.0017253296682611108,0.8940045237541199,0.5136778950691223,4.128960790694691e-05,0.5282390117645264,0.0180037971585989,-3.790703535079956,0.4971027970314026,6.300024324445985e-06,0.5001772046089172,0.0030744075775146484,-4.318385601043701,0.6671928763389587,0.004413819871842861,0.793237566947937,0.12604469060897827,0.007149457931518555,0.847292423248291,0.0889986976981163,0.9970703125,0.14977788925170898,-0.16459603607654572,0.002829623408615589,0.0,0.002829623408615589,2.2439631720772013e-05,0.0,2.2439631720772013e-05,0.0,0.0,-16.735301971435547,1785284027.5390708,53.408294677734375,245.54370379447937,70.80096835181845,77.2707241211267,0.0,93.36,True,4.582334280014038
338,0.010655838064849377,3.156014372507343e-06,0.010475018993020058,0.002213158179074526,7.071487857501779e-07,0.002029329538345337,0.00025785365141928196,-11.547161102294922,0.8833106756210327,0.0017204431351274252,0.8938160538673401,0.5136845111846924,4.16274051531218e-05,0.5279009342193604,0.017676811665296555,-3.928443670272827,0.49718770384788513,6.355302957672393e-06,0.500102698802948,0.002914994955062866,-4.395659446716309,0.6692978143692017,0.004426058381795883,0.7975277900695801,0.12822997570037842,0.0663292407989502,0.8506546020507812,0.08853507041931152,0.8271484375,0.02350616455078125,-0.2901192605495453,0.0028155967593193054,0.0,0.0028155967593193054,2.1827712771482766e-05,0.0,2.1827712771482766e-05,0.0,0.0,-16.887746810913086,1785284027.645844,53.51506781578064,245.65047693252563,71.58838526407897,77.13681105777121,0.0,93.36,True,4.582334280014038
339,0.010647641494870186,3.0993076052254764e-06,0.012113160453736782,0.0022006570361554623,6.930625318091188e-07,0.0023260621819645166,0.0014708746457472444,-11.237527847290039,0.8825325965881348,0.0017095411894842982,0.8937768340110779,0.513770580291748,4.1324969060951844e-05,0.5272805690765381,0.017577050253748894,-4.14958381652832,0.4971150755882263,6.329004463623278e-06,0.5000653266906738,0.0029502511024475098,-4.3786187171936035,0.6755594611167908,0.004396091215312481,0.7933361530303955,0.11777669191360474,-0.21688997745513916,0.844611406326294,0.08923234045505524,0.97265625,0.12804484367370605,-0.1974477469921112,0.0028755890671163797,0.0,0.0028755890671163797,2.28996232181089e-05,0.0,2.28996232181089e-05,0.0,0.0,-16.746503829956055,1785284027.7426536,53.61187744140625,245.74728655815125,72.51704515729651,77.09556950797315,0.0,93.36,True,4.582334280014038
340,0.010650509037077427,3.1088150080904597e-06,0.007019822020083666,0.0021991701796650887,6.951862019377586e-07,0.0013629067689180374,0.0037257515359669924,-8.969232559204102,0.8824163675308228,0.0017051429022103548,0.893653154373169,0.5137215852737427,4.1650513594504446e-05,0.527227520942688,0.017569169402122498,-4.1654767990112305,0.49721646308898926,6.354806828312576e-06,0.5001152753829956,0.0028988122940063477,-4.403048992156982,0.6752575039863586,0.004467487800866365,0.7789565324783325,0.10369902849197388,-0.5829986333847046,0.8508208990097046,0.08889436721801758,0.94287109375,0.09205019474029541,-0.2435556799173355,0.0028081319760531187,0.0,0.0028081319760531187,2.165838668588549e-05,0.0,2.165838668588549e-05,0.0,0.0,-14.503138542175293,1785284027.8370087,53.70623254776001,245.841641664505,75.68907033829481,77.00822002524987,0.0,93.36,True,4.582334280014038
341,0.010634428821504116,3.0825892736174865e-06,0.01270156167447567,0.002201896859332919,6.885863967909245e-07,0.002450499450787902,0.00208202819339931,-10.863336563110352,0.8818862438201904,0.0017046158900484443,0.8934846520423889,0.5137059688568115,4.150356107857078e-05,0.5269753932952881,0.017623865976929665,-4.233502388000488,0.497239887714386,6.3610364122723695e-06,0.500043511390686,0.002803623676300049,-4.445873260498047,0.6673561930656433,0.004511247854679823,0.7623443603515625,0.09498816728591919,-0.7816239595413208,0.852737545967102,0.08822906762361526,0.9990234375,0.14628589153289795,-0.17369812726974487,0.0027847574092447758,0.0,0.0027847574092447758,2.14483225136064e-05,0.0,2.14483225136064e-05,0.0,0.0,-16.47307586669922,1785284027.9207702,53.78999400138855,245.92540311813354,76.89115819476919,76.99072809517418,0.0,93.36,True,4.582334280014038
342,0.01063174195587635,3.1143522392085288e-06,0.010449827648699284,0.0021952034439891577,6.945363679733418e-07,0.0020122691057622433,0.0002579879655968398,-11.56247329711914,0.8815934658050537,0.0017160644056275487,0.8929494023323059,0.5136786103248596,4.1622643038863316e-05,0.5271952152252197,0.017653780058026314,-4.157140731811523,0.49721038341522217,6.394570391421439e-06,0.4998883008956909,0.00267791748046875,-4.500362873077393,0.6587728261947632,0.004574249032884836,0.7376495599746704,0.07887673377990723,-1.0946567058563232,0.8519802093505859,0.08864343911409378,0.900390625,0.04841041564941406,-0.27940911054611206,0.002766503719612956,0.0,0.002766503719612956,2.1473579181474634e-05,0.0,2.1473579181474634e-05,0.0,0.0,-17.13836669921875,1785284028.016076,53.88529992103577,246.02070903778076,77.42795521872404,76.86752518182212,0.0,93.36,True,4.582334280014038
343,0.010616854764521122,3.0674100344185717e-06,0.010457001626491547,0.0021856469102203846,6.815651545366563e-07,0.0020109941251575947,0.00023676278942730278,-11.582355499267578,0.8810136318206787,0.001727338065393269,0.8923315405845642,0.5136809349060059,4.0771905332803726e-05,0.5282663106918335,0.01846153475344181,-3.7505686283111572,0.49708274006843567,6.327973551378818e-06,0.499885618686676,0.0028028786182403564,-4.44558048248291,0.6378433704376221,0.0046264175325632095,0.704121470451355,0.06627810001373291,-1.2942973375320435,0.8458700180053711,0.08851530402898788,0.96044921875,0.1145792007446289,-0.2191925197839737,0.0027450546622276306,0.0,0.0027450546622276306,2.2313452063826844e-05,0.0,2.2313452063826844e-05,0.0,0.0,-16.805601119995117,1785284028.1210566,53.99028038978577,246.12568950653076,78.29751782190252,76.8045388592322,0.0,93.36,True,4.582334280014038
344,0.010572354309260845,3.0114072160358774e-06,0.011986993253231049,0.0021647580433636904,6.68643679091474e-07,0.0023214532993733883,0.0014232908142730594,-11.277050018310547,0.8792046308517456,0.001752946525812149,0.8910486102104187,0.5138083696365356,3.8855050661368296e-05,0.5278384685516357,0.0183609239757061,-3.8401236534118652,0.4970645010471344,6.195719379320508e-06,0.4999742805957794,0.0029097795486450195,-4.3936076164245605,0.5905604362487793,0.0046540419571101665,0.6716297268867493,0.08106929063796997,-1.0599935054779053,0.8422662019729614,0.08631841093301773,0.51318359375,0.3290826082229614,0.321384072303772,0.002598145045340061,0.0,0.002598145045340061,2.182796197303105e-05,0.0,2.182796197303105e-05,0.0,0.0,-16.54595184326172,1785284028.2149754,54.08419919013977,246.21960830688477,79.4267297018144,77.28212912873002,0.0,93.36,True,4.582334280014038
345,0.010487718507647514,3.0233870802476304e-06,0.010553264059126377,0.0021249810233712196,6.824854494880128e-07,0.0020346553064882755,0.00011160176654811949,-11.6087646484375,0.8735482692718506,0.0018283831886947155,0.889223575592041,0.5139763355255127,3.67185530194547e-05,0.5275940895080566,0.02076435647904873,-3.8280062675476074,0.4966159462928772,6.097722234699177e-06,0.4998073875904083,0.003191441297531128,-4.2496867179870605,0.5495260953903198,0.004523515235632658,0.6412874460220337,0.09176135063171387,-0.8495863676071167,0.7958501577377319,0.08470689505338669,0.9912109375,0.19536077976226807,-0.09005889296531677,0.0023439405485987663,0.0,0.0023439405485987663,2.5740528144524433e-05,0.0,2.5740528144524433e-05,0.0,0.0,-16.79601287841797,1785284028.3217344,54.19095826148987,246.32636737823486,80.30588054657002,77.34827643295876,0.0,93.36,True,4.582334280014038
346,0.010448559187352657,2.9673076369363116e-06,0.01040073111653328,0.002085260581225157,6.660546318926208e-07,0.0020034387707710266,9.477516869083047e-05,-11.631586074829102,0.8698323965072632,0.001814960385672748,0.8867823481559753,0.5143532752990723,3.523971827235073e-05,0.52677321434021,0.021013228222727776,-4.176838397979736,0.4969937801361084,5.940944447502261e-06,0.49975845217704773,0.002764672040939331,-4.4546003341674805,0.5170422792434692,0.004332676529884338,0.5905810594558716,0.07353878021240234,-1.1777572631835938,0.8149253129959106,0.07834906131029129,0.96435546875,0.14943015575408936,-0.2118528187274933,0.002210837323218584,0.0,0.002210837323218584,2.2202713807928376e-05,0.0,2.2202713807928376e-05,0.0,0.0,-17.20035743713379,1785284028.4193532,54.28857707977295,246.42398619651794,80.78068683260983,77.29262981142531,0.0,93.36,True,4.582334280014038
347,0.010360308922827244,2.8305296382313827e-06,0.010221865028142929,0.002054030541330576,6.337549507406948e-07,0.001988684292882681,0.00015309096488635987,-11.678693771362305,0.8637070655822754,0.0017972406931221485,0.8844450116157532,0.514509379863739,3.355542503413744e-05,0.5257004499435425,0.023564856499433517,-4.488217830657959,0.49701446294784546,5.793016498500947e-06,0.4997672140598297,0.002752751111984253,-4.456457614898682,0.4930180311203003,0.004104477819055319,0.5581636428833008,0.06514561176300049,-1.3119096755981445,0.8154690265655518,0.0764639601111412,0.9892578125,0.17378878593444824,-0.16903407871723175,0.0022825924679636955,0.0,0.0022825924679636955,2.2615537091041915e-05,0.0,2.2615537091041915e-05,0.0,0.0,-17.49749755859375,1785284028.5245757,54.39379954338074,246.52920866012573,80.95835299718968,77.27980192990213,0.0,93.36,True,4.582334280014038
348,0.010308182798326015,2.7113171654491453e-06,0.010335461236536503,0.0020175729878246784,6.039283562131459e-07,0.0019851054530590773,4.240582347847521e-05,-11.730055809020996,0.8587379455566406,0.0017635218100622296,0.8798152804374695,0.5144702792167664,3.256496711401269e-05,0.5268504023551941,0.024444252252578735,-4.019267559051514,0.4969189465045929,5.692326794815017e-06,0.4996821880340576,0.0027632415294647217,-4.448573112487793,0.4815148711204529,0.003928171005100012,0.5117241144180298,0.030209243297576904,-1.7346913814544678,0.8120371103286743,0.07589901983737946,0.89501953125,0.08298242092132568,-0.32487377524375916,0.0024017079267650843,0.0,0.0024017079267650843,2.4033754016272724e-05,0.0,2.4033754016272724e-05,0.0,0.0,-17.169755935668945,1785284028.620894,54.49011778831482,246.62552690505981,81.46376078469433,77.11113435185243,0.0,93.36,True,4.582334280014038
349,0.010169041343033314,2.36479218074237e-06,0.010219305753707886,0.0019538525957614183,5.244833118922543e-07,0.001959296641871333,5.055837027612142e-05,-11.869397163391113,0.8463137149810791,0.0016478939214721322,0.8745698928833008,0.5147119164466858,3.058667425648309e-05,0.5267761945724487,0.03072390705347061,-3.942220687866211,0.4968145191669464,5.539646735996939e-06,0.49941256642341614,0.0025980472564697266,-4.523620128631592,0.46877947449684143,0.0038099843077361584,0.4798797369003296,0.01110026240348816,-1.8499565124511719,0.8146836757659912,0.07606322318315506,0.93115234375,0.11646866798400879,-0.27998781204223633,0.0023974787909537554,0.0,0.0023974787909537554,2.3556165615445934e-05,0.0,2.3556165615445934e-05,0.0,0.0,-17.284984588623047,1785284028.7259724,54.59519624710083,246.73060536384583,81.85393991924488,76.98735273700424,0.0,93.36,True,4.582334280014038
350,0.010051078163087368,2.170003199353232e-06,0.011749150231480598,0.0019222669070586562,4.794987376044446e-07,0.0022780776489526033,0.0017349495319649577,-11.161373138427734,0.8371551036834717,0.00157183560077101,0.8647646307945251,0.5145725011825562,2.9826751415384933e-05,0.5270754098892212,0.0303085595369339,-3.736936092376709,0.49665695428848267,5.481999323819764e-06,0.49960532784461975,0.002948373556137085,-4.345222473144531,0.4663562774658203,0.0037127200048416853,0.44784125685691833,0.018515020608901978,-1.8328903913497925,0.8153400421142578,0.07565677165985107,0.9677734375,0.1524333953857422,-0.2182740569114685,0.0024403040297329426,0.0,0.0024403040297329426,2.3654471078771167e-05,0.0,2.3654471078771167e-05,0.0,0.0,-16.323532104492188,1785284028.8199549,54.689178705215454,246.82458782196045,83.20557153792629,76.92528487728683,0.0,93.36,True,4.582334280014038
351,0.009912949986755848,1.973606003957684e-06,0.010240305215120316,0.001900005736388266,4.3427775153759285e-07,0.00197035726159811,0.0003348294703755528,-12.021890640258789,0.826903223991394,0.0014881178503856063,0.8528738617897034,0.5141786932945251,2.9100743631715886e-05,0.5267115235328674,0.028836537152528763,-3.714238405227661,0.49652332067489624,5.430563760455698e-06,0.4994460344314575,0.0029227137565612793,-4.356297016143799,0.46664661169052124,0.0035710190422832966,0.41912734508514404,0.0475192666053772,-1.5823460817337036,0.8201643228530884,0.07464256137609482,0.0,0.8201643228530884,4.127354621887207,0.0024790684692561626,0.0,0.0024790684692561626,2.327700894966256e-05,0.0,2.327700894966256e-05,0.0,0.0,-17.171430587768555,1785284028.925123,54.79434680938721,246.9297559261322,83.70930467333133,81.20884569636809,0.0,93.36,True,4.582334280014038
352,0.009740790352225304,1.847517523856368e-06,0.009952028281986713,0.0018845997983589768,4.126819135308324e-07,0.0019181016832590103,0.00021387809829320759,-12.099815368652344,0.8172173500061035,0.0014562193537130952,0.8411718010902405,0.5145293474197388,2.9201792131061666e-05,0.5262634754180908,0.02667406015098095,-4.09414005279541,0.49618595838546753,5.443088411993813e-06,0.4993310272693634,0.003145068883895874,-4.233017921447754,0.48369327187538147,0.0034955486189574003,0.41394293308258057,0.0697503387928009,-1.2132930755615234,0.731637716293335,0.0791020616889,0.0,0.731637716293335,3.033994197845459,0.0023258973378688097,0.0,0.0023258973378688097,3.357898094691336e-05,0.0,3.357898094691336e-05,0.0,0.0,-17.491636276245117,1785284029.0408578,54.91008162498474,247.04549074172974,83.89283212025981,84.3990460914076,0.0,93.36,True,4.582334280014038
353,0.009635082446038723,1.8052168115900713e-06,0.009706366807222366,0.0018677703337743878,4.0541229395785194e-07,0.0018614177824929357,7.156685751397163e-05,-12.132261276245117,0.8087352514266968,0.001430165022611618,0.8308873176574707,0.514521598815918,2.9556596928159706e-05,0.5261931419372559,0.02503874897956848,-4.175673484802246,0.49629664421081543,5.484337634698022e-06,0.49936267733573914,0.003066033124923706,-4.280831336975098,0.49519598484039307,0.0034749240148812532,0.4090785086154938,0.08611747622489929,-0.8450475931167603,0.6887507438659668,0.07736103236675262,0.0,0.6887507438659668,2.705300807952881,0.0021184333600103855,0.0,0.0021184333600103855,3.952357656089589e-05,0.0,3.952357656089589e-05,0.0,0.0,-17.613216400146484,1785284029.1451344,55.01435828208923,247.14976739883423,83.95477944328692,87.26055309655453,0.0,93.36,True,4.582334280014038
354,0.009562301449477673,1.7859457557278802e-06,0.009686998091638088,0.0018451511859893799,4.030283378142485e-07,0.0018633442232385278,0.00012601682101376355,-12.137269973754883,0.8017903566360474,0.0014046315336599946,0.8171555995941162,0.5145155191421509,2.998984018631745e-05,0.5260692834854126,0.019224468618631363,-4.343820571899414,0.4964383542537689,5.582861831499031e-06,0.49945569038391113,0.003017336130142212,-4.313584804534912,0.505022406578064,0.0034865783527493477,0.41668158769607544,0.08834081888198853,-0.7913155555725098,0.6599466800689697,0.07472819834947586,0.0,0.6599466800689697,2.536081314086914,0.0019366025226190686,0.0,0.0019366025226190686,4.4260294089326635e-05,0.0,4.4260294089326635e-05,0.0,0.0,-17.769119262695312,1785284029.2395618,55.10878562927246,247.24419474601746,83.86082390376521,89.9528406078355,0.0,93.36,True,4.582334280014038
355,0.009523061104118824,1.7912429939315189e-06,0.00956109818071127,0.0018254671012982726,4.075027391081676e-07,0.0018440919229760766,4.2352134187240154e-05,-12.13420295715332,0.7969769239425659,0.001387285883538425,0.8057226538658142,0.514410674571991,3.080028182012029e-05,0.5267505645751953,0.015124836005270481,-4.146812438964844,0.49650490283966064,5.747575414716266e-06,0.4993897080421448,0.002884805202484131,-4.390461444854736,0.5151019096374512,0.0035256841219961643,0.43187665939331055,0.08322525024414062,-0.9226183891296387,0.6341490745544434,0.0722089558839798,0.66064453125,0.02649545669555664,-0.3902961313724518,0.0018525266787037253,0.0,0.0018525266787037253,5.101820715935901e-05,0.0,5.101820715935901e-05,0.0,0.0,-17.646883010864258,1785284029.3447669,55.213990688323975,247.34939980506897,83.88910461607455,89.7187506736571,0.0,93.36,True,4.582334280014038
356,0.00951194204390049,1.7086417756217998e-06,0.009213371202349663,0.0017697965959087014,3.7399064467535936e-07,0.0017701617907732725,0.0002985710743814707,-12.175459861755371,0.7913552522659302,0.0013163603143766522,0.7970666885375977,0.5156425833702087,2.963582483062055e-05,0.5272126197814941,0.012902955524623394,-4.420926094055176,0.4970335364341736,5.686591066478286e-06,0.49927887320518494,0.0022453367710113525,-4.676477909088135,0.5019397735595703,0.0033970666117966175,0.4429531693458557,0.0589866042137146,-1.411361813545227,0.7278900146484375,0.06517639011144638,0.673828125,0.0540618896484375,-0.4239691495895386,0.0018106712959706783,0.0,0.0018106712959706783,3.28311652992852e-05,0.0,3.28311652992852e-05,0.0,0.0,-18.050439834594727,1785284029.420719,55.28994274139404,247.42535185813904,83.51382850465342,89.45098772126161,0.0,93.36,True,4.582334280014038
357,0.009430565871298313,1.5400270285681472e-06,0.009084138087928295,0.0017720672767609358,3.360112827976991e-07,0.001735928002744913,0.0003483076870907098,-12.266130447387695,0.784949541091919,0.0012414314551278949,0.7861891388893127,0.5158165693283081,2.9167986212996766e-05,0.5260418653488159,0.010300159454345703,-4.936149597167969,0.4969654083251953,5.648138539982028e-06,0.49918949604034424,0.0022240877151489258,-4.68526029586792,0.49655988812446594,0.003273828187957406,0.44939905405044556,0.047160834074020386,-1.6022734642028809,0.7626426219940186,0.06394347548484802,0.7431640625,0.019478559494018555,-0.4529726207256317,0.0018973136320710182,0.0,0.0018973136320710182,2.758441769401543e-05,0.0,2.758441769401543e-05,0.0,0.0,-18.557680130004883,1785284029.5272462,55.396470069885254,247.53187918663025,82.63131209782213,89.15422129773003,0.0,93.36,True,4.582334280014038
358,0.009324779734015465,1.4392858247447293e-06,0.009265105240046978,0.0017789952689781785,3.160948836011812e-07,0.0017665160121396184,6.0965376178501174e-05,-12.369932174682617,0.7792885303497314,0.0012018673587590456,0.7775561213493347,0.5154837965965271,2.86977974610636e-05,0.5270520448684692,0.011697248555719852,-4.420544624328613,0.49679601192474365,5.616760518023511e-06,0.49932968616485596,0.0025336742401123047,-4.554479122161865,0.4913768768310547,0.0031967598479241133,0.4694516062736511,0.021925270557403564,-1.8786818981170654,0.7849425077438354,0.06248733773827553,0.9111328125,0.12619030475616455,-0.3400394320487976,0.001985437236726284,0.0,0.001985437236726284,2.4800290702842176e-05,0.0,2.4800290702842176e-05,0.0,0.0,-18.18360710144043,1785284029.6418755,55.511099338531494,247.6465084552765,82.1228687195553,88.97038806287529,0.0,93.36,True,4.582334280014038
359,0.009230277501046658,1.3647832020069472e-06,0.009181857109069824,0.001792172435671091,3.0215133506317216e-07,0.001735305180773139,7.468881813110784e-05,-12.414339065551758,0.7749373912811279,0.0011709840036928654,0.7713609337806702,0.5150090456008911,2.8246739020687528e-05,0.5277307629585266,0.013214883394539356,-3.904090166091919,0.4966895282268524,5.5692248679406475e-06,0.49938100576400757,0.0026914775371551514,-4.479824542999268,0.48671501874923706,0.003122736467048526,0.47358933091163635,0.013125687837600708,-1.9379990100860596,0.8068205118179321,0.060911256819963455,0.9921875,0.18536698818206787,-0.19817286729812622,0.0020856764167547226,0.0,0.0020856764167547226,2.2638258087681606e-05,0.0,2.2638258087681606e-05,0.0,0.0,-17.777523040771484,1785284029.7368174,55.60604119300842,247.74145030975342,82.02050940195741,88.92842139277121,0.0,93.36,True,4.582334280014038
360,0.009115309454500675,1.2702763569905073e-06,0.008975308388471603,0.0018100861925631762,2.842357389454264e-07,0.0017014056211337447,0.00017723363998811692,-12.45849895477295,0.767422080039978,0.001136913662776351,0.7631080746650696,0.5137091875076294,2.7979855076409876e-05,0.5253480672836304,0.01241266168653965,-4.364936828613281,0.49619796872138977,5.484207122208318e-06,0.49950069189071655,0.0033027231693267822,-4.14339017868042,0.48380595445632935,0.0030005963053554296,0.48073500394821167,0.0030709505081176758,-1.983962059020996,0.8165847063064575,0.056914180517196655,0.98291015625,0.16632544994354248,-0.2711328864097595,0.002100202487781644,0.0,0.002100202487781644,2.0222474631736986e-05,0.0,2.0222474631736986e-05,0.0,0.0,-18.022144317626953,1785284029.8422375,55.711461305618286,247.84687042236328,81.67352880750406,88.8134947035555,0.0,93.36,True,4.582334280014038
361,0.009010947309434414,1.2178777524241013e-06,0.007973604835569859,0.0018182978965342045,2.742853268955514e-07,0.001516805263236165,0.0010802672477439046,-11.918386459350586,0.7622435688972473,0.0011150484206154943,0.7585060000419617,0.5132436752319336,2.7772941393777728e-05,0.5259748101234436,0.013268428854644299,-3.8830313682556152,0.4961276650428772,5.4928277677390724e-06,0.49962615966796875,0.0034984946250915527,-4.022963523864746,0.4808270335197449,0.00294720777310431,0.4888765811920166,0.008049547672271729,-1.9835174083709717,0.8261547088623047,0.05605945363640785,0.97705078125,0.1508960723876953,-0.318648099899292,0.0022291510831564665,0.0,0.0022291510831564665,1.97332428797381e-05,0.0,1.97332428797381e-05,0.0,0.0,-17.036293029785156,1785284029.9253883,55.79461216926575,247.93002128601074,82.3123995008925,88.65105280085027,0.0,93.36,True,4.582334280014038
362,0.00891843345016241,1.18095977086341e-06,0.00894777663052082,0.001826792722567916,2.679045678632974e-07,0.0017125953454524279,0.00011790700955316424,-12.528327941894531,0.7571598291397095,0.0010999535443261266,0.7522045969963074,0.5129891633987427,2.776388828351628e-05,0.5263221263885498,0.014224001206457615,-3.6016693115234375,0.49607333540916443,5.536767730518477e-06,0.49966636300086975,0.0035930275917053223,-3.967282295227051,0.48024696111679077,0.002917272737249732,0.4843669831752777,0.0041200220584869385,-1.9967052936553955,0.8313726186752319,0.05504488945007324,0.998046875,0.16667425632476807,-0.2785223126411438,0.002333211712539196,0.0,0.002333211712539196,1.9435374269960448e-05,0.0,1.9435374269960448e-05,0.0,0.0,-17.3933048248291,1785284030.0408807,55.910104513168335,248.04551362991333,82.59425839923699,88.52873668540317,0.0,93.36,True,4.582334280014038
363,0.008835740387439728,1.148678848039708e-06,0.008864126168191433,0.0018304561963304877,2.6213689352516667e-07,0.0016808122163638473,0.00015231242286972702,-12.534707069396973,0.7525287866592407,0.0010856961598619819,0.744720995426178,0.5125691294670105,2.773494998109527e-05,0.5248819589614868,0.01457969006150961,-4.060105323791504,0.4960111379623413,5.579211574513465e-06,0.49957481026649475,0.0035636723041534424,-3.9911608695983887,0.4774971306324005,0.002892938908189535,0.48201507329940796,0.004517942667007446,-2.000274896621704,0.8358167409896851,0.05421577766537666,0.998046875,0.16223013401031494,-0.2957320809364319,0.002421715296804905,0.0,0.002421715296804905,1.9247914678999223e-05,0.0,1.9247914678999223e-05,0.0,0.0,-17.778371810913086,1785284030.1457295,56.01495337486267,248.15036249160767,82.4910503114975,88.3892108016608,0.0,93.36,True,4.582334280014038
364,0.008755337446928024,1.1027909749827813e-06,0.008571610786020756,0.001832714769989252,2.536329475333332e-07,0.0016242593992501497,0.00027786529972217977,-12.513677597045898,0.7475438117980957,0.0010647224262356758,0.7393123507499695,0.5121614933013916,2.7591750040301122e-05,0.5262196063995361,0.01629071868956089,-3.220486879348755,0.4959721267223358,5.594156391452998e-06,0.49939045310020447,0.0034183263778686523,-4.083566188812256,0.47521114349365234,0.0028664334677159786,0.4806332588195801,0.005422115325927734,-2.0032765865325928,0.8399170637130737,0.05298062413930893,0.77099609375,0.06892096996307373,-0.5051473379135132,0.0024965640623122454,0.0,0.0024965640623122454,1.8992930563399568e-05,0.0,1.8992930563399568e-05,0.0,0.0,-17.13184928894043,1785284030.2398756,56.10909938812256,248.24450850486755,83.03436474573067,88.04026966094133,0.0,93.36,True,4.582334280014038
365,0.008534446358680725,1.0521507647354156e-06,0.008564617484807968,0.0017191329970955849,2.418748010768468e-07,0.001643510302528739,8.141921716742218e-05,-12.649627685546875,0.7281357049942017,0.0010506213875487447,0.7320575714111328,0.5137121677398682,2.8218559236847796e-05,0.527296245098114,0.014138889499008656,-3.5521485805511475,0.49627771973609924,6.0075667533965316e-06,0.4995000660419464,0.003222346305847168,-4.2281036376953125,0.46587133407592773,0.002913129748776555,0.4849512279033661,0.019079893827438354,-1.9378421306610107,0.8218414783477783,0.05099497735500336,0.0,0.8218414783477783,6.053375244140625,0.002940781880170107,0.0,0.002940781880170107,2.1930618459009565e-05,0.0,2.1930618459009565e-05,0.0,0.0,-17.605398178100586,1785284030.34429,56.21351385116577,248.34892296791077,83.10413029080368,94.24985110227601,0.0,93.36,True,4.582334280014038
366,0.008470389991998672,9.587960221324465e-07,0.008912076242268085,0.0017144707962870598,2.3138944982292742e-07,0.001707338960841298,0.0004417438176460564,-12.628653526306152,0.7260304689407349,0.0010339103173464537,0.7269766330718994,0.5145074725151062,2.7903033696929924e-05,0.5270353555679321,0.012563562020659447,-4.029901504516602,0.4961787462234497,5.875028818991268e-06,0.49951767921447754,0.003338932991027832,-4.154659748077393,0.4882989227771759,0.0029712868854403496,0.4842926263809204,0.004006296396255493,-1.9877405166625977,0.72672438621521,0.052816879004240036,0.984375,0.25765061378479004,0.07691025733947754,0.0028464901261031628,0.0,0.0028464901261031628,3.2629031920805573e-05,0.0,3.2629031920805573e-05,0.0,0.0,-17.92990493774414,1785284030.4178174,56.28704118728638,248.42245030403137,82.84938907623314,94.48296755680954,0.0,93.36,True,4.582334280014038
367,0.008467751555144787,1.0354108326282585e-06,0.010026351548731327,0.0016923388466238976,2.487143149210169e-07,0.0018985276110470295,0.0015721793752163649,-11.397414207458496,0.7226393222808838,0.0010499885538592935,0.7200244069099426,0.5141733884811401,2.784943353617564e-05,0.5277963280677795,0.013871635310351849,-3.5007781982421875,0.4965556263923645,5.849768513144227e-06,0.4993491470813751,0.00279352068901062,-4.438601493835449,0.47644615173339844,0.0030614035204052925,0.4836306571960449,0.007184505462646484,-1.9670720100402832,0.7992292642593384,0.0472273975610733,0.98291015625,0.18368089199066162,-0.250258207321167,0.002423915546387434,0.0,0.002423915546387434,2.2307260223897174e-05,0.0,2.2307260223897174e-05,0.0,0.0,-16.41733741760254,1785284030.5442197,56.41344356536865,248.54885268211365,84.1072153818042,94.38891554668243,0.0,93.36,True,4.582334280014038
368,0.008390570059418678,9.68678250501398e-07,0.008409255184233189,0.001693967031314969,2.3563499951251288e-07,0.0016130706062540412,8.302629430545494e-05,-12.702213287353516,0.716976523399353,0.0010091920848935843,0.713248074054718,0.5139896869659424,2.751174361037556e-05,0.5270868539810181,0.013617529533803463,-3.737485647201538,0.4967203736305237,5.819600119139068e-06,0.4994027614593506,0.0026823878288269043,-4.49001407623291,0.46953660249710083,0.003032129490748048,0.47475820779800415,0.00522160530090332,-1.9758104085922241,0.8238980770111084,0.045317746698856354,0.85498046875,0.0310823917388916,-0.6174304485321045,0.0024631465785205364,0.0,0.0024631465785205364,1.9790535588981584e-05,0.0,1.9790535588981584e-05,0.0,0.0,-17.93720817565918,1785284030.639006,56.50822973251343,248.64363884925842,83.84517092931861,93.92769129534437,0.0,93.36,True,4.582334280014038
369,0.008279724977910519,9.416939406037272e-07,0.008382415398955345,0.0016875226283445954,2.316366050081342e-07,0.0016020035836845636,0.00013363693142309785,-12.717577934265137,0.7098791599273682,0.000998575589619577,0.7080125212669373,0.5138557553291321,2.7673939257510938e-05,0.5249010324478149,0.011201896704733372,-4.658271789550781,0.49669498205184937,5.939694801782025e-06,0.4994376301765442,0.0027426481246948242,-4.464780330657959,0.4668431282043457,0.0030446334276348352,0.4678347110748291,0.0009915828704833984,-1.9780874252319336,0.8267828226089478,0.04448151960968971,0.984375,0.15759217739105225,-0.35823798179626465,0.002595348982140422,0.0,0.002595348982140422,1.9830984456348233e-05,0.0,1.9830984456348233e-05,0.0,0.0,-18.676584243774414,1785284030.7436426,56.61286640167236,248.74827551841736,82.8437504087178,93.72565951074216,0.0,93.36,True,4.582334280014038
370,0.00815839134156704,8.873556680555339e-07,0.008123140782117844,0.0016805269988253713,2.2044174841084896e-07,0.0015375170623883605,0.0001472903386456892,-12.746360778808594,0.7016540765762329,0.0009692466701380908,0.7005376219749451,0.5132595300674438,2.7524021788849495e-05,0.5258249044418335,0.01261487603187561,-4.013004302978516,0.4966825842857361,5.969406629446894e-06,0.49937424063682556,0.0026916563510894775,-4.4886474609375,0.4596439599990845,0.0029923615511506796,0.45760390162467957,0.0020400583744049072,-1.986212134361267,0.8428481817245483,0.043428219854831696,0.9931640625,0.15031588077545166,-0.38924404978752136,0.0027979256119579077,0.0,0.0027979256119579077,1.9201495888410136e-05,0.0,1.9201495888410136e-05,0.0,0.0,-18.201087951660156,1785284030.83805,56.707273721694946,248.84268283843994,82.31782618023124,93.49262165814869,0.0,93.36,True,4.582334280014038
371,0.00803951546549797,8.497822250319587e-07,0.00713161937892437,0.0016640862450003624,2.1319654308626923e-07,0.0013577458448708057,0.0009581856429576874,-12.126710891723633,0.6932852864265442,0.0009477923740632832,0.6960808634757996,0.5127518177032471,2.7484562451718375e-05,0.5258404016494751,0.013383806683123112,-3.773135185241699,0.4965822994709015,6.063340151740704e-06,0.49939942359924316,0.002817124128341675,-4.433245658874512,0.45419734716415405,0.0029581845737993717,0.4544110596179962,0.00021371245384216309,-1.9926435947418213,0.8529636859893799,0.0427413247525692,0.98193359375,0.12896990776062012,-0.4627757668495178,0.003016088856384158,0.0,0.003016088856384158,1.9091246940661222e-05,0.0,1.9091246940661222e-05,0.0,0.0,-17.361841201782227,1785284030.9221525,56.79137635231018,248.92678546905518,82.6311487016226,93.18605208849323,0.0,93.36,True,4.582334280014038
372,0.007916603237390518,8.180159625226224e-07,0.008109241724014282,0.001632634550333023,2.073571749861003e-07,0.0015494544059038162,0.00020982975547667593,-12.825360298156738,0.6836642622947693,0.00092671113088727,0.6889773011207581,0.512229859828949,2.7570345991989598e-05,0.5247071981430054,0.01356142945587635,-4.064816474914551,0.496471107006073,6.218052021722542e-06,0.4994457960128784,0.00297468900680542,-4.36354923248291,0.4494713544845581,0.0029249992221593857,0.4506237804889679,0.00115242600440979,-1.9980651140213013,0.8626798391342163,0.042253922671079636,1.0,0.1373201608657837,-0.4399535655975342,0.0033127095084637403,0.0,0.0033127095084637403,1.9336705008754507e-05,0.0,1.9336705008754507e-05,0.0,0.0,-18.258987426757812,1785284031.0371456,56.90636944770813,249.04177856445312,82.04732499803839,92.90230472008975,0.0,93.36,True,4.582334280014038
373,0.0078081050887703896,7.944094591039175e-07,0.009350159205496311,0.0016026240773499012,2.0358905317152676e-07,0.0017609765054658055,0.0015501633752137423,-11.33028793334961,0.6743853092193604,0.0009098189184442163,0.6804750561714172,0.5118426084518433,2.7755473638535477e-05,0.5258065462112427,0.015234059654176235,-3.3762450218200684,0.49642863869667053,6.389226200553821e-06,0.49940189719200134,0.0029732584953308105,-4.369699478149414,0.4451865553855896,0.00290371710434556,0.4420364499092102,0.0031501054763793945,-2.000234365463257,0.8721638917922974,0.041775669902563095,0.998046875,0.12588298320770264,-0.4791199564933777,0.0036059683188796043,0.0,0.0036059683188796043,1.953499304363504e-05,0.0,1.953499304363504e-05,0.0,0.0,-16.21613311767578,1785284031.142738,57.011961936950684,249.14737105369568,83.5063556035362,92.57939096079042,0.0,93.36,True,4.582334280014038
374,0.0076963333413004875,7.646484050383151e-07,0.007877358235418797,0.0015641232021152973,1.9878166312992107e-07,0.001485855900682509,0.00019722012802958488,-12.882740020751953,0.6639169454574585,0.0008883985574357212,0.6720721125602722,0.5115556716918945,2.800430047500413e-05,0.5274369120597839,0.017852745950222015,-2.376187324523926,0.496423602104187,6.585130449821008e-06,0.49951669573783875,0.0030930936336517334,-4.319983005523682,0.4408833086490631,0.0028838468715548515,0.43834418058395386,0.002539128065109253,-2.004258632659912,0.8802404403686523,0.041220225393772125,0.966796875,0.08655643463134766,-0.5845967531204224,0.003930747974663973,0.0,0.003930747974663973,1.9881257685483433e-05,0.0,1.9881257685483433e-05,0.0,0.0,-16.943681716918945,1785284031.2370582,57.106281995773315,249.2416911125183,84.23783760979086,92.15100040486405,0.0,93.36,True,4.582334280014038
375,0.007638314738869667,7.636803616151155e-07,0.007703494746237993,0.0015456823166459799,1.9997690969830728e-07,0.001453405013307929,0.00011297580931568518,-12.89314079284668,0.6577458381652832,0.0008873990154825151,0.6657710075378418,0.5114531517028809,2.8488777388702147e-05,0.5269976258277893,0.017493827268481255,-2.631638526916504,0.49641937017440796,6.770422260160558e-06,0.4995911419391632,0.003171771764755249,-4.289587497711182,0.4407425820827484,0.002908827271312475,0.439079612493515,0.0016629695892333984,-2.000588893890381,0.883030891418457,0.04081303998827934,0.9970703125,0.11403942108154297,-0.5211143493652344,0.004122447222471237,0.0,0.004122447222471237,2.003063309530262e-05,0.0,2.003063309530262e-05,1.0,0.0,-17.143245697021484,1785284031.3421252,57.21134901046753,249.34675812721252,84.76975563594297,91.78609225269287,0.0,93.36,True,4.582334280014038
376,0.007585096172988415,7.909438295428117e-07,0.006676319986581802,0.0014906555879861116,2.1037718056504673e-07,0.0012683348031714559,0.0009355750516988337,-12.234771728515625,0.6488221883773804,0.0008979435078799725,0.6595040559768677,0.5122395157814026,2.846255483746063e-05,0.5272709131240845,0.018440313637256622,-2.87062406539917,0.4966934025287628,7.027106676105177e-06,0.4997536838054657,0.003060281276702881,-4.34755802154541,0.4382343292236328,0.0029053213074803352,0.4365244507789612,0.0017098784446716309,-2.001163959503174,0.8912948369979858,0.04056975990533829,0.9931640625,0.10186922550201416,-0.555532693862915,0.003934556618332863,0.0,0.003934556618332863,1.8312079191673547e-05,0.0,1.8312079191673547e-05,1.0,0.0,-16.705049514770508,1785284031.417942,57.28716588020325,249.42257499694824,85.73986984434606,91.386765756024,0.0,93.36,True,4.582334280014038
377,0.007505204528570175,7.840030775696505e-07,0.007911505177617073,0.0014642566675320268,2.114232842131969e-07,0.001496676355600357,0.0004075920151080936,-12.768485069274902,0.6414617300033569,0.0008895696955733001,0.6520597338676453,0.5130118727684021,2.859102278307546e-05,0.5288628339767456,0.01906752772629261,-2.448674201965332,0.4971016049385071,7.206773716461612e-06,0.4996413290500641,0.002539724111557007,-4.553796768188477,0.4358486533164978,0.002900689607486129,0.4357520043849945,9.66489315032959e-05,-2.0024631023406982,0.8936644792556763,0.04095666855573654,0.98388671875,0.09022223949432373,-0.5793079137802124,0.004097864031791687,0.0,0.004097864031791687,1.8740234736469574e-05,0.0,1.8740234736469574e-05,1.0,0.0,-17.004322052001953,1785284031.5224433,57.39166712760925,249.52707624435425,86.4107115155177,90.96366403943784,0.0,93.36,True,4.582334280014038
378,0.007417701184749603,7.595201623189496e-07,0.0087508549913764,0.0014352384023368359,2.0804007760943932e-07,0.0016711581265553832,0.0013538674684241414,-11.596397399902344,0.6337207555770874,0.0008711034315638244,0.6435721516609192,0.51390540599823,2.8629865482798778e-05,0.5272241234779358,0.01656617783010006,-3.76186466217041,0.497531533241272,7.3270107350253966e-06,0.4995364248752594,0.0020048916339874268,-4.718733310699463,0.43473386764526367,0.002870120806619525,0.43059858679771423,0.0041352808475494385,-2.0047829151153564,0.894212007522583,0.040704160928726196,0.97314453125,0.07893252372741699,-0.6052420139312744,0.004326211754232645,0.0,0.004326211754232645,1.9558367057470605e-05,0.0,1.9558367057470605e-05,1.0,0.0,-16.965255737304688,1785284031.6171243,57.486348152160645,249.62175726890564,87.12061950138661,90.51462822270062,0.0,93.36,True,4.582334280014038
379,0.007329203188419342,7.251474016811699e-07,0.007442300207912922,0.0014113940997049212,2.0195307115500327e-07,0.001417608349584043,0.00011326761159580201,-12.929267883300781,0.6257784366607666,0.0008479036041535437,0.6347230076789856,0.514748752117157,2.8524866138468497e-05,0.5255182385444641,0.013999542221426964,-4.8506879806518555,0.49798259139060974,7.3867340688593686e-06,0.4995104670524597,0.0015278756618499756,-4.830960273742676,0.43362319469451904,0.002817857312038541,0.4257481098175049,0.00787508487701416,-2.005946397781372,0.8950692415237427,0.03977542370557785,0.98388671875,0.08881747722625732,-0.5941510200500488,0.004509280901402235,0.0,0.004509280901402235,2.0199979189783335e-05,0.0,2.0199979189783335e-05,1.0,0.0,-19.225297927856445,1785284031.7118435,57.58106732368469,249.7164764404297,85.57048529670377,90.07668339984463,0.0,93.36,True,4.582334280014038
380,0.007221954874694347,7.063679845487059e-07,0.007359264884144068,0.0013743453891947865,1.9977012755134638e-07,0.001394677092321217,0.00013880712504033,-12.94235610961914,0.6151700019836426,0.000832373509183526,0.6283175349235535,0.5152422189712524,2.8807549824705347e-05,0.526029646396637,0.017006652429699898,-4.811581611633301,0.4983399212360382,7.598985575896222e-06,0.49940699338912964,0.0010670721530914307,-4.899888515472412,0.4332430958747864,0.0027499429415911436,0.42383456230163574,0.009408533573150635,-2.013054132461548,0.8962459564208984,0.03868982568383217,0.77978515625,0.11646080017089844,-0.5318706631660461,0.004827435128390789,0.0,0.004827435128390789,2.136409420927521e-05,0.0,2.136409420927521e-05,1.0,0.0,-19.241565704345703,1785284031.8169694,57.686193227767944,249.82160234451294,84.00408331553166,89.70101893387263,0.0,93.36,True,4.582334280014038
381,0.00717527512460947,7.272550988091098e-07,0.006373323034495115,0.0012801518896594644,2.0708371550881566e-07,0.001204929081723094,0.0008054723148234189,-12.468364715576172,0.6028398275375366,0.0008380203507840633,0.6219039559364319,0.5152449607849121,2.9560147595475428e-05,0.5259971618652344,0.02188722975552082,-4.746552467346191,0.4985063076019287,8.016541869437788e-06,0.49933263659477234,0.0008263289928436279,-4.905474662780762,0.43542370200157166,0.002654958749189973,0.42332035303115845,0.012103348970413208,-2.019136667251587,0.8860808610916138,0.03800105303525925,0.97900390625,0.09292304515838623,-0.6025209426879883,0.004959001671522856,0.0,0.004959001671522856,2.3349888579105027e-05,0.0,2.3349888579105027e-05,1.0,0.0,-18.71834373474121,1785284031.9124181,57.78164196014404,249.91705107688904,82.96090330396405,89.2547041883787,0.0,93.36,True,4.582334280014038
382,0.0071364883333444595,7.252680802594114e-07,0.0071449195966124535,0.001263009151443839,2.0740537820529426e-07,0.001348642399534583,8.604730828665197e-05,-12.907052993774414,0.5988222360610962,0.0008317703614011407,0.6129340529441833,0.5161113739013672,2.9931972676422447e-05,0.5248125195503235,0.01657870039343834,-5.531980991363525,0.4988623261451721,8.153678209055215e-06,0.49942508339881897,0.0005627572536468506,-4.920161247253418,0.43579286336898804,0.0026215764228254557,0.4232482314109802,0.012544631958007812,-2.0230369567871094,0.8937363624572754,0.03788710758090019,0.9990234375,0.10528707504272461,-0.5713390111923218,0.005235972348600626,0.0,0.005235972348600626,2.3681401216890663e-05,0.0,2.3681401216890663e-05,1.0,0.0,-19.7927188873291,1785284032.017249,57.886472940444946,250.02188205718994,80.84334813980854,88.83957137438043,0.0,93.36,True,4.582334280014038
383,0.007092735730111599,7.061788096507371e-07,0.007050198502838612,0.0012479592114686966,2.023186169708424e-07,0.0013322837185114622,9.444595343666151e-05,-12.931678771972656,0.5948669910430908,0.0008163675083778799,0.6064611077308655,0.5168180465698242,2.9904305847594514e-05,0.5250619649887085,0.014226233586668968,-5.7075419425964355,0.49912410974502563,8.187937055481598e-06,0.4994654059410095,0.0003412961959838867,-4.930372714996338,0.435957133769989,0.0025784973986446857,0.418548047542572,0.017409086227416992,-2.002565622329712,0.9009209871292114,0.037753503769636154,0.9931640625,0.09224307537078857,-0.6067112684249878,0.005508262664079666,0.0,0.005508262664079666,2.3735414288239554e-05,0.0,2.3735414288239554e-05,1.0,0.0,-19.962900161743164,1785284032.1115298,57.980753660202026,250.11616277694702,78.55561170123897,88.38906630314949,0.0,93.36,True,4.582334280014038
384,0.007059489376842976,6.968643901927862e-07,0.007070843130350113,0.0012355444487184286,1.993305005498769e-07,0.0013332223752513528,9.833557123783976e-05,-12.94058609008789,0.5917112827301025,0.0008063245913945138,0.5973368883132935,0.5174055099487305,2.9969605748192407e-05,0.5260838866233826,0.010342227295041084,-5.655163764953613,0.49932676553726196,8.241929208452348e-06,0.4993404448032379,1.3679265975952148e-05,-4.934187889099121,0.43605512380599976,0.0025449623353779316,0.4220043122768402,0.014050811529159546,-2.0290937423706055,0.9063314199447632,0.0382293201982975,0.986328125,0.07999670505523682,-0.6294392347335815,0.005796609912067652,0.0,0.005796609912067652,2.3972175767994486e-05,0.0,2.3972175767994486e-05,1.0,0.0,-19.931812286376953,1785284032.2163644,58.085588216781616,250.2209973335266,76.29896313803562,87.91583326560996,0.0,93.36,True,4.582334280014038
385,0.00704615842550993,7.005581892371993e-07,0.007032900117337704,0.0012377523817121983,1.9933337114252936e-07,0.0013287197798490524,9.192850848194212e-05,-12.941078186035156,0.5906764268875122,0.0008029958698898554,0.590996503829956,0.5177406668663025,3.025460864591878e-05,0.5261675119400024,0.008432921953499317,-5.755001544952393,0.4993899464607239,8.32391651783837e-06,0.499327689409256,6.225705146789551e-05,-4.929017543792725,0.437433123588562,0.002526776399463415,0.4242174029350281,0.013215720653533936,-2.0369060039520264,0.9104601144790649,0.03945272043347359,0.998046875,0.08758676052093506,-0.6001643538475037,0.006118894089013338,0.0,0.006118894089013338,2.4373812266276218e-05,0.0,2.4373812266276218e-05,1.0,0.0,-20.00958824157715,1785284032.3113527,58.18057656288147,250.31598567962646,73.96453861963207,87.47187510895651,0.0,93.36,True,4.582334280014038
386,0.00699992012232542,6.840713808742294e-07,0.006832693237811327,0.0012222996447235346,1.9653886340620375e-07,0.0012970009120181203,0.00018315324268769473,-12.946290969848633,0.5859519243240356,0.000793342711403966,0.5824791789054871,0.5182718634605408,3.0452425562543795e-05,0.5263141393661499,0.008760032244026661,-5.861867427825928,0.4996584355831146,8.44090391183272e-06,0.4993542432785034,0.00030419230461120605,-4.91679048538208,0.43674102425575256,0.0025139213539659977,0.42512714862823486,0.0116138756275177,-2.047189950942993,0.9122567176818848,0.03891702741384506,1.0,0.08774328231811523,-0.6053090691566467,0.00638931430876255,0.0,0.00638931430876255,2.498454887245316e-05,0.0,2.498454887245316e-05,1.0,0.0,-20.094179153442383,1785284032.4265747,58.295798540115356,250.43120765686035,71.54552318936328,87.02277223699392,0.0,93.36,True,4.582334280014038
387,0.006674156524240971,6.17008367953531e-07,0.0046401130966842175,0.001110064098611474,1.8690595027237578e-07,0.0008816997869871557,0.002046822803094983,-9.565399169921875,0.5614697933197021,0.0007492940640076995,0.5764532089233398,0.5201177000999451,3.07047666865401e-05,0.5263568758964539,0.01623052917420864,-6.172152519226074,0.4998837113380432,9.139618668996263e-06,0.4992997348308563,0.0005839765071868896,-4.8638505935668945,0.427360475063324,0.0025285566225647926,0.4323543310165405,0.004993855953216553,-2.066183567047119,0.9197795391082764,0.03506074845790863,0.990234375,0.07045483589172363,-0.6856082081794739,0.00755945174023509,0.0,0.00755945174023509,2.6188519768766128e-05,0.0,2.6188519768766128e-05,1.0,0.0,-16.935047149658203,1785284032.5316422,58.40086603164673,250.53627514839172,72.28563976287867,86.4933702260085,0.0,93.36,True,4.582334280014038
388,0.006621428765356541,6.074437237657548e-07,0.009160527028143406,0.0011104342993348837,1.8660068690223852e-07,0.0017326577799394727,0.0026142268907278776,-6.722184658050537,0.5572408437728882,0.0007466351380571723,0.5684657692909241,0.5204777121543884,3.092998667852953e-05,0.5260153412818909,0.012516560964286327,-6.373882293701172,0.49997755885124207,9.30586156755453e-06,0.49911966919898987,0.0008578896522521973,-4.833950996398926,0.4266103506088257,0.00254370691254735,0.44040095806121826,0.013790607452392578,-2.030745506286621,0.9209299087524414,0.03457367792725563,0.9970703125,0.0761404037475586,-0.6795521378517151,0.007716897409409285,0.0,0.007716897409409285,2.6353141947765835e-05,0.0,2.6353141947765835e-05,1.0,0.0,-14.238265991210938,1785284032.6167781,58.48600196838379,250.62141108512878,75.72253749484133,85.97002428535083,0.0,93.36,True,4.582334280014038
389,0.006582687608897686,6.090234592193156e-07,0.006627338007092476,0.0011062154080718756,1.880968198975097e-07,0.0012461539590731263,0.00014688925875816494,-13.00728988647461,0.5535714030265808,0.0007492337608709931,0.5631614327430725,0.5207361578941345,3.11692820105236e-05,0.525830864906311,0.010859314352273941,-6.470643997192383,0.5001150369644165,9.453916391066741e-06,0.4990967810153961,0.0010182559490203857,-4.810765266418457,0.4249713718891144,0.0025629824958741665,0.4367303252220154,0.011758953332901001,-2.0373785495758057,0.9211629629135132,0.03454149514436722,0.994140625,0.07297766208648682,-0.686766505241394,0.007816080935299397,0.0,0.007816080935299397,2.660015525179915e-05,0.0,2.660015525179915e-05,1.0,0.0,-20.589187622070312,1785284032.7120178,58.581241607666016,250.716650724411,72.80851359594462,85.43946397730349,0.0,93.36,True,4.582334280014038
390,0.006546893157064915,5.97535915858316e-07,0.006632396951317787,0.0010904539376497269,1.8594221273815492e-07,0.0012392717180773616,0.00017163225857075304,-13.01059341430664,0.5502123832702637,0.0007429420365951955,0.5568618774414062,0.5209558010101318,3.109949830104597e-05,0.5247783660888672,0.00766992662101984,-6.689047813415527,0.500145673751831,9.49906370806275e-06,0.4991745352745056,0.0009711384773254395,-4.813578128814697,0.42277097702026367,0.0025647419970482588,0.44064560532569885,0.01787462830543518,-2.001722812652588,0.9220713376998901,0.03424070402979851,0.98828125,0.06620991230010986,-0.7042177319526672,0.00788164883852005,0.0,0.00788164883852005,2.6717303626355715e-05,0.0,2.6717303626355715e-05,1.0,0.0,-20.76862144470215,1785284032.8283896,58.69761347770691,250.8330225944519,69.71505587441607,84.89145244254487,0.0,93.36,True,4.582334280014038
391,0.006510105915367603,5.970699135104951e-07,0.0064550042152404785,0.0010794834233820438,1.867415306833209e-07,0.0012137839803472161,0.00014516485680360347,-13.023674011230469,0.547050416469574,0.0007438221946358681,0.5496116876602173,0.5211381316184998,3.119157554465346e-05,0.5216662883758545,0.002615159610286355,-6.942776679992676,0.5001868009567261,9.605058949091472e-06,0.49932849407196045,0.000858306884765625,-4.81932258605957,0.42073678970336914,0.002579077146947384,0.43836691975593567,0.01763013005256653,-2.000965118408203,0.9223273992538452,0.034228697419166565,0.9921875,0.06986010074615479,-0.697115421295166,0.007935332134366035,0.0,0.007935332134366035,2.692764246603474e-05,0.0,2.692764246603474e-05,1.0,0.0,-20.98755645751953,1785284032.9328818,58.80210566520691,250.9375147819519,66.40266314007013,84.35054321844376,0.0,93.36,True,4.582334280014038
392,0.006458570249378681,5.835771048623428e-07,0.006298385094851255,0.0010680307168513536,1.8435505921843287e-07,0.0011802873341366649,0.0001956037594936788,-13.03620719909668,0.5431019067764282,0.0007375699933618307,0.5444930791854858,0.5211594104766846,3.1075935112312436e-05,0.5244544744491577,0.003576703369617462,-6.781731605529785,0.5001553893089294,9.646601938584354e-06,0.4993325173854828,0.0008228719234466553,-4.820417404174805,0.418096125125885,0.0025835256092250347,0.4314192831516266,0.013323158025741577,-2.026008367538452,0.9237469434738159,0.03381071984767914,0.984375,0.06062805652618408,-0.7201922535896301,0.007978470996022224,0.0,0.007978470996022224,2.6973802960128523e-05,0.0,2.6973802960128523e-05,1.0,0.0,-20.871803283691406,1785284033.0286968,58.89792060852051,251.0333297252655,63.20602357955232,83.78655716204818,0.0,93.36,True,4.582334280014038
393,0.006248426623642445,5.625508947559865e-07,0.006570515222847462,0.001038289163261652,1.8610555230225145e-07,0.001230284571647644,0.000374971074052155,-12.914749145507812,0.5285695791244507,0.0007282019942067564,0.5381219983100891,0.5209396481513977,3.119220127700828e-05,0.5252752304077148,0.010490280576050282,-6.598293304443359,0.49944108724594116,1.0075492355099414e-05,0.49922820925712585,0.00021287798881530762,-4.831514835357666,0.40547674894332886,0.002616294426843524,0.42758709192276,0.022110342979431152,-1.960632085800171,0.9265427589416504,0.03231418877840042,0.99609375,0.06955099105834961,-0.7223373651504517,0.008330545388162136,0.0,0.008330545388162136,2.7117204808746465e-05,0.0,2.7117204808746465e-05,1.0,0.0,-20.609142303466797,1785284033.13404,59.0032639503479,251.1386730670929,60.27204499925912,83.22042599409178,0.0,93.36,True,4.582334280014038
394,0.006211006082594395,5.682937285200751e-07,0.006260674446821213,0.0010111313313245773,1.8912804478077305e-07,0.0011676516151055694,0.0001642118877498433,-13.025918960571289,0.5250399708747864,0.0007328048232011497,0.5305850505828857,0.5209921598434448,3.141570050502196e-05,0.5240267515182495,0.006321127526462078,-6.787997245788574,0.4994317293167114,1.025355959427543e-05,0.49932777881622314,0.00010395050048828125,-4.824477195739746,0.4015217125415802,0.0026343713980168104,0.42185738682746887,0.020335674285888672,-1.9721274375915527,0.926093339920044,0.03241913020610809,0.92919921875,0.0031058788299560547,-0.795415997505188,0.008417254313826561,0.0,0.008417254313826561,2.7809670427814126e-05,0.0,2.7809670427814126e-05,1.0,0.0,-20.86855697631836,1785284033.2384815,59.10770535469055,251.24311447143555,57.07865174611436,82.58121619378065,0.0,93.36,True,4.582334280014038
395,0.00616849958896637,5.695527534044231e-07,0.006008291617035866,0.000990370288491249,1.9121604566407768e-07,0.0011329988483339548,0.0002144982572644949,-13.010534286499023,0.5211285948753357,0.0007361327297985554,0.5251395106315613,0.520888090133667,3.169626143062487e-05,0.5213031768798828,0.0040323371067643166,-6.935184478759766,0.4993327558040619,1.0460416888236068e-05,0.4994569420814514,0.00012418627738952637,-4.8142805099487305,0.3979543447494507,0.0026472422759979963,0.40579116344451904,0.00783681869506836,-2.0365800857543945,0.9254748821258545,0.0324237234890461,0.9921875,0.06671261787414551,-0.7268625497817993,0.008565389551222324,0.0,0.008565389551222324,2.8385449695633724e-05,0.0,2.8385449695633724e-05,1.0,0.0,-20.965822219848633,1785284033.3327882,59.202012062072754,251.33742117881775,53.787993249439324,82.0105598411929,0.0,93.36,True,4.582334280014038
396,0.006093350239098072,5.770320399278717e-07,0.006030968856066465,0.001058373600244522,1.9896449998668686e-07,0.0011467225849628448,0.00010815257701324299,-13.03688907623291,0.5160673260688782,0.0007420537294819951,0.5171460509300232,0.5214779376983643,3.216652476112358e-05,0.5240094661712646,0.002751778345555067,-6.837059020996094,0.4995734989643097,1.0688117981771939e-05,0.49913230538368225,0.0004411935806274414,-4.795144081115723,0.39532938599586487,0.0026462594978511333,0.39900946617126465,0.0036800801753997803,-2.045806646347046,0.9297890663146973,0.03251366317272186,0.89599609375,0.033792972564697266,-0.7765475511550903,0.00906218122690916,0.0,0.00906218122690916,2.8530263080028817e-05,0.0,2.8530263080028817e-05,1.0,0.0,-20.90410804748535,1785284033.4293668,59.298590660095215,251.4339997768402,50.55904892512757,81.39021848723186,0.0,93.36,True,4.582334280014038
397,0.006039950996637344,5.748267994931666e-07,0.005994467530399561,0.0010551393497735262,2.002891505981097e-07,0.0011444247793406248,0.00010020296031143516,-13.036772727966309,0.5119199752807617,0.0007426046649925411,0.5111977458000183,0.5214684009552002,3.249193468946032e-05,0.5269769430160522,0.005555686540901661,-6.464756965637207,0.49943503737449646,1.0893721082538832e-05,0.49864786863327026,0.0007871687412261963,-4.7662835121154785,0.39171743392944336,0.002654258394613862,0.3924514949321747,0.0007340610027313232,-2.046754837036133,0.9279087781906128,0.03278416395187378,0.98291015625,0.05500137805938721,-0.7438289523124695,0.009337076917290688,0.0,0.009337076917290688,2.93227221845882e-05,0.0,2.93227221845882e-05,1.0,0.0,-20.591720581054688,1785284033.5331662,59.402390003204346,251.53779911994934,47.64249206724648,80.80259573211345,0.0,93.36,True,4.582334280014038
398,0.005989638157188892,5.75854926410102e-07,0.006179682910442352,0.0010459034238010645,2.0287110658046004e-07,0.0011667911894619465,0.00022523512598127127,-12.983798027038574,0.507868766784668,0.000743446871638298,0.5040634274482727,0.5216969847679138,3.29323775076773e-05,0.5258636474609375,0.005642843898385763,-6.651431083679199,0.4993978440761566,1.113402504415717e-05,0.4984685182571411,0.0009293258190155029,-4.745029926300049,0.3884618580341339,0.0026721323374658823,0.38808491826057434,0.0003769397735595703,-2.0434741973876953,0.9293310642242432,0.03280537202954292,0.95068359375,0.021352529525756836,-0.7826939225196838,0.009676720947027206,0.0,0.009676720947027206,3.021707925654482e-05,0.0,3.021707925654482e-05,1.0,0.0,-20.677457809448242,1785284033.6172876,59.48651146888733,251.62192058563232,44.640197980971834,80.17610800678781,0.0,93.36,True,4.582334280014038
399,0.005795690231025219,5.813153052258713e-07,0.005799564532935619,0.0009647575207054615,2.108639165498971e-07,0.0010970364091917872,0.00013233561185188591,-12.985631942749023,0.49316346645355225,0.0007516047917306423,0.4958272874355316,0.5209732055664062,3.4229833545396104e-05,0.5228786468505859,0.0032751562539488077,-6.84222412109375,0.499124675989151,1.2196251191198826e-05,0.49849382042884827,0.0006308555603027344,-4.7219367027282715,0.37855494022369385,0.0027613115962594748,0.3910773694515228,0.01252242922782898,-1.9986919164657593,0.9301444292068481,0.03234739601612091,1.0,0.06985557079315186,-0.7212443351745605,0.011279158294200897,0.0,0.011279158294200897,3.303348057670519e-05,0.0,3.303348057670519e-05,1.0,0.0,-20.82037925720215,1785284033.712741,59.58196473121643,251.71737384796143,41.49498244694328,79.6110698688073,0.0,93.36,True,4.582334280014038
400,0.005743812769651413,5.755323968514858e-07,0.005704055540263653,0.0009618632029742002,2.1141271133728878e-07,0.001074352185241878,0.00011930803884752095,-12.999534606933594,0.489213764667511,0.0007494759629480541,0.49008455872535706,0.5212022662162781,3.4557106118882075e-05,0.5228312611579895,0.001847134786657989,-6.857738971710205,0.49908456206321716,1.2383859939291142e-05,0.49858716130256653,0.0004974007606506348,-4.720630168914795,0.3763568103313446,0.0027722360100597143,0.38235780596733093,0.006000995635986328,-2.0186171531677246,0.9315024614334106,0.03228525072336197,0.9951171875,0.06361472606658936,-0.7349607944488525,0.01180737093091011,0.0,0.01180737093091011,3.427901538088918e-05,0.0,3.427901538088918e-05,1.0,0.0,-20.846040725708008,1785284033.81739,59.68661379814148,251.82202291488647,38.32410544440887,79.0323152715525,0.0,93.36,True,4.582334280014038
401,0.005690503865480423,5.819804300699616e-07,0.005795213393867016,0.0009568324312567711,2.1591456800251763e-07,0.0010922810761258006,0.0001712028606561944,-12.962823867797852,0.4853278696537018,0.0007548590656369925,0.48231956362724304,0.5215003490447998,3.503757397993468e-05,0.5265088677406311,0.005842530634254217,-6.522186756134033,0.49912452697753906,1.2646274626604281e-05,0.49852216243743896,0.0006023645401000977,-4.705789566040039,0.3734564483165741,0.0027934550307691097,0.3780060112476349,0.004549562931060791,-2.017594575881958,0.9316025972366333,0.03266671299934387,0.99609375,0.0644911527633667,-0.7281010746955872,0.012246822938323021,0.0,0.012246822938323021,3.57439203071408e-05,0.0,3.57439203071408e-05,1.0,0.0,-20.533466339111328,1785284033.912728,59.781951904296875,251.91736102104187,35.46580282847114,78.46042039405097,0.0,93.36,True,4.582334280014038
402,0.005628590472042561,5.856106781720882e-07,0.005562301259487867,0.0009457024279981852,2.2016456568962894e-07,0.001048047561198473,0.00012193762813694775,-12.974333763122559,0.48049813508987427,0.0007607112056575716,0.4767948389053345,0.521953284740448,3.558421667548828e-05,0.5277148485183716,0.0068490891717374325,-6.399104118347168,0.4991718828678131,1.295811580348527e-05,0.4985239803791046,0.0006479024887084961,-4.691757678985596,0.3712886869907379,0.002815624000504613,0.37726181745529175,0.005973130464553833,-2.0110116004943848,0.9317705631256104,0.032896608114242554,0.986328125,0.05455756187438965,-0.7430137395858765,0.012807026505470276,0.0,0.012807026505470276,3.736947110155597e-05,0.0,3.736947110155597e-05,1.0,0.0,-20.439495086669922,1785284034.0081444,59.877368211746216,252.0127773284912,32.701471464974816,77.87361285165915,0.0,93.36,True,4.582334280014038
403,0.005564508959650993,5.94112862017937e-07,0.005737121682614088,0.000929113244637847,2.2657428644379252e-07,0.0010848069796338677,0.0002324557863175869,-12.901748657226562,0.4754069149494171,0.000770217040553689,0.4701223373413086,0.5225551724433899,3.609166378737427e-05,0.5258780717849731,0.006242468953132629,-6.6901702880859375,0.4992850124835968,1.3294376913108863e-05,0.4985262155532837,0.0007587969303131104,-4.673491477966309,0.36911875009536743,0.002845640294253826,0.37484657764434814,0.005727827548980713,-2.0062801837921143,0.932053804397583,0.033297739923000336,0.990234375,0.05818057060241699,-0.731365442276001,0.01331096701323986,0.0,0.01331096701323986,3.901722811860964e-05,0.0,3.901722811860964e-05,1.0,0.0,-20.59063148498535,1785284034.1260595,59.995283365249634,252.13069248199463,32.33461579822355,77.2984536065772,0.0,93.36,True,4.582334280014038
404,0.005499866791069508,6.038467859070806e-07,0.005427455063909292,0.0009044022299349308,2.3469081611438014e-07,0.0010207934537902474,0.0001370779937133193,-12.921390533447266,0.4698282480239868,0.0007824994390830398,0.4625140130519867,0.5234232544898987,3.647424455266446e-05,0.5245044231414795,0.007393710780888796,-6.797875881195068,0.4995013177394867,1.3642438716487959e-05,0.4985292851924896,0.0009720325469970703,-4.647594928741455,0.3665034770965576,0.002883035456761718,0.365041047334671,0.0014624297618865967,-2.0051465034484863,0.9339123964309692,0.0337553471326828,0.99609375,0.06218135356903076,-0.7180970311164856,0.013817289844155312,0.0,0.013817289844155312,4.053496741107665e-05,0.0,4.053496741107665e-05,1.0,0.0,-20.683488845825195,1785284034.2308764,60.10010027885437,252.23550939559937,34.34294092087515,76.73656277265476,0.0,93.36,True,4.582334280014038
405,0.005423292517662048,6.252991511246364e-07,0.005450207740068436,0.000854642828926444,2.4878079329937464e-07,0.0010331281227990985,0.00018050326616503298,-12.843381881713867,0.46277838945388794,0.000805661897175014,0.4571637809276581,0.524731457233429,3.6908750189468265e-05,0.5245206952095032,0.005618562921881676,-6.807411193847656,0.4998977780342102,1.4129874216450844e-05,0.49840590357780457,0.0014918744564056396,-4.585912704467773,0.36226803064346313,0.0029436287004500628,0.3607388436794281,0.0015291869640350342,-1.9947203397750854,0.937976598739624,0.03459283709526062,0.9931640625,0.05518746376037598,-0.7190942764282227,0.014326784759759903,0.0,0.014326784759759903,4.206586163491011e-05,0.0,4.206586163491011e-05,1.0,0.0,-20.58226776123047,1785284034.3279207,60.197144508361816,252.3325536251068,36.25004495893202,76.1736746934206,0.0,93.36,True,4.582334280014038
406,0.005319138057529926,6.288518648034369e-07,0.005342685151845217,0.0008499657269567251,2.564108001479326e-07,0.0010084424866363406,0.00016021655756048858,-12.840635299682617,0.45584118366241455,0.0008212204556912184,0.4507995545864105,0.5242985486984253,3.7394747778307647e-05,0.5243895053863525,0.0050424495711922646,-6.795886039733887,0.4997851550579071,1.4609085155825596e-05,0.4981410503387451,0.0016441047191619873,-4.555481433868408,0.3584531843662262,0.002987293526530266,0.3526609241962433,0.00579226016998291,-1.9821397066116333,0.9376547336578369,0.034636691212654114,1.0,0.062345266342163086,-0.7063722610473633,0.015302184969186783,0.0,0.015302184969186783,4.443076250026934e-05,0.0,4.443076250026934e-05,1.0,0.0,-20.555084228515625,1785284034.422367,60.29159092903137,252.42700004577637,38.12996546427405,75.62350862956728,0.0,93.36,True,4.582334280014038
407,0.005284325685352087,6.297844379332673e-07,0.00522666284814477,0.0008401544764637947,2.592177281712793e-07,0.00098230445291847,0.00015340019308496267,-12.842249870300293,0.4532269835472107,0.0008277470478788018,0.44435593485832214,0.5241583585739136,3.747472874238156e-05,0.5243111848831177,0.008872364647686481,-6.758598804473877,0.49975118041038513,1.4738103345734999e-05,0.4981902241706848,0.0015609562397003174,-4.560935974121094,0.3560791313648224,0.003012022702023387,0.34159743785858154,0.014481693506240845,-1.9488193988800049,0.9379246234893799,0.03452632203698158,0.986328125,0.04840350151062012,-0.73014897108078,0.015420815907418728,0.0,0.015420815907418728,4.466957034310326e-05,0.0,4.466957034310326e-05,1.0,0.0,-20.52959632873535,1785284034.5268533,60.396077156066895,252.5314862728119,39.984398069835805,75.04956585568056,0.0,93.36,True,4.582334280014038
408,0.005245995707809925,6.316698772934615e-07,0.0051661888137459755,0.0008335730526596308,2.6273636422047275e-07,0.0009655483299866319,0.0001542290992802009,-12.837441444396973,0.4504634439945221,0.0008358518243767321,0.43782317638397217,0.5239854454994202,3.758493403438479e-05,0.5243136286735535,0.012644526548683643,-6.703096389770508,0.49971169233322144,1.4891870705469046e-05,0.49814867973327637,0.0015630125999450684,-4.556384086608887,0.35354742407798767,0.0030394529458135366,0.3364757299423218,0.017071694135665894,-1.931157112121582,0.9376537799835205,0.03444803133606911,0.998046875,0.06039309501647949,-0.7122737169265747,0.015558198094367981,0.0,0.015558198094367981,4.511591396294534e-05,0.0,4.511591396294534e-05,1.0,0.0,-20.478111267089844,1785284034.6416953,60.51091909408569,252.6463282108307,41.78734561375205,74.49349833594803,0.0,93.36,True,4.582334280014038
409,0.005215256474912167,6.370173082359543e-07,0.005187276750802994,0.0008316892199218273,2.671768015716225e-07,0.0009767139563336968,0.0001476991456001997,-12.823060035705566,0.4482640027999878,0.0008446883875876665,0.4312451183795929,0.5237929821014404,3.769974136957899e-05,0.5243595242500305,0.017028311267495155,-6.617617130279541,0.4996778070926666,1.5034531315905042e-05,0.4982306957244873,0.0014471113681793213,-4.563997745513916,0.35107290744781494,0.0030686049722135067,0.32899707555770874,0.0220758318901062,-1.8949198722839355,0.9375060796737671,0.03451354801654816,0.9951171875,0.05761110782623291,-0.7161800265312195,0.01561528630554676,0.0,0.01561528630554676,4.552111931843683e-05,0.0,4.552111931843683e-05,1.0,0.0,-20.399152755737305,1785284034.7471874,60.616411209106445,252.75182032585144,43.51133464631576,73.93352450661087,0.0,93.36,True,4.582334280014038
410,0.005183819215744734,6.397578431460715e-07,0.004989046137779951,0.0008277141023427248,2.7082819542556535e-07,0.0009320497629232705,0.00022095809981692582,-12.80435562133789,0.4458821713924408,0.0008523567812517285,0.42358484864234924,0.5236378908157349,3.784717773669399e-05,0.5243256092071533,0.022307924926280975,-6.488959789276123,0.4996412694454193,1.5196621461655013e-05,0.4980867803096771,0.0015544891357421875,-4.548774242401123,0.34882915019989014,0.003096051514148712,0.3182712495326996,0.030557900667190552,-1.8190728425979614,0.9375206232070923,0.034461893141269684,0.9990234375,0.061502814292907715,-0.7101311683654785,0.015761177986860275,0.0,0.015761177986860275,4.5978733396623284e-05,0.0,4.5978733396623284e-05,1.0,0.0,-20.26991081237793,1785284034.8414347,60.71065855026245,252.84606766700745,45.10608173552009,73.37959953543944,0.0,93.36,True,4.582334280014038
411,0.005129391327500343,6.478797445197415e-07,0.004938467871397734,0.000817576888948679,2.782888088859181e-07,0.0009299424127675593,0.00022153503959998488,-12.783390045166016,0.44182050228118896,0.000868389499373734,0.418164998292923,0.5236173868179321,3.800116974161938e-05,0.5242025852203369,0.023662740364670753,-6.448802947998047,0.4996706545352936,1.5429570339620113e-05,0.4980096220970154,0.0016610324382781982,-4.531266689300537,0.3441924750804901,0.0031481024343520403,0.3064956068992615,0.03769686818122864,-1.7358391284942627,0.9386047124862671,0.03444518893957138,0.994140625,0.05553591251373291,-0.7204842567443848,0.015912439674139023,0.0,0.015912439674139023,4.6011718950467184e-05,0.0,4.6011718950467184e-05,1.0,0.0,-20.208065032958984,1785284034.9460647,60.81528854370117,252.95069766044617,46.63898304530548,72.8153214758891,0.0,93.36,True,4.582334280014038
412,0.005087222903966904,6.505051715066656e-07,0.00490190926939249,0.0008103030268102884,2.8304052079874964e-07,0.0009142725612036884,0.0002124871825799346,-12.778227806091309,0.4386661648750305,0.0008792021544650197,0.41159388422966003,0.5235123634338379,3.807769462582655e-05,0.5255897045135498,0.027151864022016525,-6.294843673706055,0.4996712803840637,1.5602880012011155e-05,0.49826890230178833,0.0014023780822753906,-4.552066326141357,0.34052908420562744,0.0031843120232224464,0.30193883180618286,0.03859025239944458,-1.7219858169555664,0.9390528202056885,0.03439095616340637,0.94384765625,0.0047948360443115234,-0.7657080888748169,0.01607581414282322,0.0,0.01607581414282322,4.636545418179594e-05,0.0,4.636545418179594e-05,1.0,0.0,-20.09013557434082,1785284035.0414975,60.91072130203247,253.04613041877747,48.0539548964727,72.20581958420834,0.0,93.36,True,4.582334280014038
413,0.004511277191340923,6.794869022996863e-07,0.004787981975823641,0.0007577086798846722,3.1372269404528197e-07,0.0009025866165757179,0.0003123382048215717,-12.66067123413086,0.4089639186859131,0.0009788366733118892,0.4031643569469452,0.5201002359390259,4.24207464675419e-05,0.5282940864562988,0.010038631036877632,-5.852102279663086,0.4995521605014801,1.7836129700299352e-05,0.49840378761291504,0.0011483728885650635,-4.511234760284424,0.31823021173477173,0.003535488387569785,0.29343751072883606,0.02479270100593567,-1.8165836334228516,0.9032778739929199,0.03648778051137924,1.0,0.09672212600708008,-0.6082544922828674,0.02199568785727024,0.0,0.02199568785727024,8.219068695325404e-05,0.0,8.219068695325404e-05,1.0,0.0,-19.597970962524414,1785284035.1463418,61.015565633773804,253.1509747505188,48.97676213582352,71.75377128911953,0.0,93.36,True,4.582334280014038
414,0.004458286799490452,6.775060228392249e-07,0.004609247203916311,0.0007544418331235647,3.1771605790709145e-07,0.0008675052085891366,0.00018860638374462724,-12.708663940429688,0.4051055312156677,0.0009908220963552594,0.3968651294708252,0.5199477672576904,4.2469429899938405e-05,0.5272487998008728,0.011009509675204754,-5.9921369552612305,0.4995136559009552,1.8040891518467106e-05,0.4981716573238373,0.00134199857711792,-4.49258279800415,0.31402483582496643,0.0035924252588301897,0.2792057394981384,0.034819096326828,-1.726785659790039,0.9054101705551147,0.03654128685593605,0.6943359375,0.21107423305511475,-0.12610137462615967,0.022241998463869095,0.0,0.022241998463869095,8.256491855718195e-05,0.0,8.256491855718195e-05,1.0,0.0,-19.74866485595703,1785284035.2409163,61.11014008522034,253.24554920196533,50.050263268606955,71.78387611168742,0.0,93.36,True,4.582334280014038
415,0.004380997270345688,6.74292039093416e-07,0.004641079343855381,0.0007366985082626343,3.250944757837715e-07,0.0008602472371421754,0.0002879357198253274,-12.662863731384277,0.3984896242618561,0.0010141675593331456,0.38921698927879333,0.5199765563011169,4.290597280487418e-05,0.5255323648452759,0.010809660889208317,-6.23512077331543,0.49961504340171814,1.854050969996024e-05,0.4978739619255066,0.0017410814762115479,-4.44708776473999,0.305698037147522,0.0036885214503854513,0.2762078046798706,0.029490232467651367,-1.7644370794296265,0.8929215669631958,0.03739825636148453,1.0,0.1070784330368042,-0.5708339214324951,0.02307048812508583,0.0,0.02307048812508583,9.100341412704438e-05,0.0,9.100341412704438e-05,1.0,0.0,-19.87450408935547,1785284035.3356302,61.204854011535645,253.34026312828064,51.249603634788826,71.36924838744898,0.0,93.36,True,4.582334280014038
416,0.004318639636039734,6.713477205266827e-07,0.004651902709156275,0.0007295897230505943,3.304248252788966e-07,0.0008648397051729262,0.0003596621099859476,-12.620157241821289,0.39431044459342957,0.0010244165314361453,0.38160577416419983,0.5198617577552795,4.2524006858002394e-05,0.525414228439331,0.013865012675523758,-6.195379257202148,0.49968764185905457,1.8651569916983135e-05,0.49814707040786743,0.0015405714511871338,-4.462228298187256,0.3000061810016632,0.0038110287860035896,0.2740221619606018,0.0259840190410614,-1.7774085998535156,0.9008893966674805,0.03761722519993782,0.97998046875,0.07909107208251953,-0.6380627155303955,0.022685907781124115,0.0,0.022685907781124115,8.743534999666736e-05,0.0,8.743534999666736e-05,1.0,0.0,-19.807575225830078,1785284035.4407687,61.30999255180359,253.44540166854858,52.38201513744531,70.88739186911263,0.0,93.36,True,4.582334280014038
417,0.004248936660587788,6.67366691686766e-07,0.00443632248789072,0.0007210439071059227,3.3509044783386344e-07,0.0008253960986621678,0.00021448270126711577,-12.683961868286133,0.3891940116882324,0.0010375309502705932,0.37411633133888245,0.5198032855987549,4.239438203512691e-05,0.5257683992385864,0.016214778646826744,-6.102607727050781,0.4998304545879364,1.8844850274035707e-05,0.49848654866218567,0.0013439059257507324,-4.472776889801025,0.29375159740448,0.003911601845175028,0.2684580087661743,0.025293588638305664,-1.7711877822875977,0.9024566411972046,0.037949349731206894,0.98291015625,0.08045351505279541,-0.631531298160553,0.02289731241762638,0.0,0.02289731241762638,8.873797924024984e-05,0.0,8.873797924024984e-05,1.0,0.0,-19.80243682861328,1785284035.5367422,61.40596604347229,253.54137516021729,53.50928824288499,70.41206676814613,0.0,93.36,True,4.582334280014038
418,0.004176449961960316,6.608107128158736e-07,0.004401823040097952,0.000711329048499465,3.389704943401739e-07,0.0008176516857929528,0.00024919374845921993,-12.670591354370117,0.3838518261909485,0.00105106714181602,0.3667091429233551,0.5198081731796265,4.210652332403697e-05,0.5279586911201477,0.018981637433171272,-5.70011043548584,0.500001847743988,1.9023573258891702e-05,0.4983646273612976,0.0016372203826904297,-4.445525646209717,0.2864084541797638,0.004011760465800762,0.2657293379306793,0.020679116249084473,-1.7870274782180786,0.9032070636749268,0.038264866918325424,0.998046875,0.09483981132507324,-0.5951424241065979,0.023116460070014,0.0,0.023116460070014,9.045781916938722e-05,0.0,9.045781916938722e-05,1.0,0.0,-19.45344352722168,1785284035.641739,61.51096272468567,253.64637184143066,54.287568046933075,69.97313054123359,0.0,93.36,True,4.582334280014038
419,0.0041082194074988365,6.55765802548558e-07,0.004491622559726238,0.0007018328178673983,3.4253258718308643e-07,0.0008438320364803076,0.00040885419002734125,-12.582788467407227,0.37919628620147705,0.0010647502494975924,0.35955166816711426,0.5198763608932495,4.1707255149958655e-05,0.5294662714004517,0.021860407665371895,-5.343303680419922,0.5001634359359741,1.913267988129519e-05,0.49824580550193787,0.0019176304340362549,-4.417017459869385,0.27909308671951294,0.004092894494533539,0.2576427161693573,0.02145037055015564,-1.7741034030914307,0.9038766622543335,0.038590386509895325,0.9970703125,0.0931936502456665,-0.5959088206291199,0.023129120469093323,0.0,0.023129120469093323,9.170144039671868e-05,0.0,9.170144039671868e-05,1.0,0.0,-19.065940856933594,1785284035.7171354,61.58635926246643,253.72176837921143,54.67834518069307,69.53342791779852,0.0,93.36,True,4.582334280014038
420,0.004045235924422741,6.511175456580531e-07,0.004868987947702408,0.0006960632745176554,3.4598042475408874e-07,0.0009297245414927602,0.000856250524520874,-12.122870445251465,0.37477225065231323,0.0010783170582726598,0.3508321940898895,0.5198967456817627,4.1411818529013544e-05,0.5279080271720886,0.0252449382096529,-5.583614349365234,0.5002816319465637,1.9283230358269066e-05,0.4987514317035675,0.0015302002429962158,-4.448484897613525,0.2714889347553253,0.004168360959738493,0.24707138538360596,0.02441754937171936,-1.7496607303619385,0.9042885303497314,0.03878623619675636,0.9931640625,0.08887553215026855,-0.6040807962417603,0.023214034736156464,0.0,0.023214034736156464,9.327072621090338e-05,0.0,9.327072621090338e-05,1.0,0.0,-18.81400489807129,1785284035.823398,61.69262194633484,253.82803106307983,54.81718635559076,69.08555331875081,0.0,93.36,True,4.582334280014038
421,0.003978130407631397,6.45560760403896e-07,0.0041566817089915276,0.0006851775106042624,3.4966055295626575e-07,0.0007775346166454256,0.0002010233874898404,-12.684957504272461,0.3696950674057007,0.0010934199672192335,0.34471794962882996,0.5199122428894043,4.1143888665828854e-05,0.5258541703224182,0.02567416802048683,-5.906224250793457,0.5004439949989319,1.94957283383701e-05,0.4988997280597687,0.001544266939163208,-4.4425578117370605,0.2624369263648987,0.004253502935171127,0.2423172891139984,0.02011963725090027,-1.7634834051132202,0.9042543172836304,0.038839977234601974,0.9462890625,0.04203474521636963,-0.6824679970741272,0.023325428366661072,0.0,0.023325428366661072,9.515396232018247e-05,0.0,9.515396232018247e-05,1.0,0.0,-19.631216049194336,1785284035.918404,61.787627935409546,253.92303705215454,55.7732386816115,68.55929151887074,0.0,93.36,True,4.582334280014038
422,0.003916541114449501,6.429591508094745e-07,0.0039771427400410175,0.0006744740530848503,3.5432407230473473e-07,0.0007431764388456941,9.161099296761677e-05,-12.707725524902344,0.36499953269958496,0.0011096032103523612,0.33989059925079346,0.5199105143547058,4.094841642654501e-05,0.5248838067054749,0.025596722960472107,-6.029496192932129,0.5006014704704285,1.9754996174015105e-05,0.4983757734298706,0.0022256970405578613,-4.371734142303467,0.252582311630249,0.004334123805165291,0.2315559685230255,0.02102634310722351,-1.7506763935089111,0.9025931358337402,0.03902582451701164,1.0,0.09740686416625977,-0.5812655687332153,0.023492546752095222,0.0,0.023492546752095222,9.809856419451535e-05,0.0,9.809856419451535e-05,1.0,0.0,-19.71718978881836,1785284036.0230837,61.89230751991272,254.02771663665771,56.815264747256265,68.13423214733157,0.0,93.36,True,4.582334280014038
423,0.003853526897728443,6.385985784618242e-07,0.003914072178304195,0.0006660502403974533,3.576719223019609e-07,0.0007247449830174446,8.432558388449252e-05,-12.708255767822266,0.3605043292045593,0.001122263609431684,0.33345434069633484,0.5198116898536682,4.065676694153808e-05,0.523868978023529,0.027352577075362206,-6.085059642791748,0.5007001161575317,1.997353319893591e-05,0.49765750765800476,0.0030426084995269775,-4.25986909866333,0.24253934621810913,0.004410112742334604,0.2109537422657013,0.03158560395240784,-1.6798795461654663,0.9034695625305176,0.039037879556417465,0.99609375,0.09262418746948242,-0.5927894115447998,0.02357359230518341,0.0,0.02357359230518341,9.922376921167597e-05,0.0,9.922376921167597e-05,1.0,0.0,-19.70623779296875,1785284036.1190007,61.988224506378174,254.12363362312317,57.84633881705142,67.69764893298083,0.0,93.36,True,4.582334280014038
424,0.0037862465251237154,6.383642130458611e-07,0.0033786355052143335,0.0006548394449055195,3.634997653989558e-07,0.0006260053487494588,0.00040862959576770663,-12.576766967773438,0.35560357570648193,0.0011397438356652856,0.329910546541214,0.519632875919342,4.059982893522829e-05,0.5252135992050171,0.02629213221371174,-5.933320999145508,0.5008092522621155,2.0340577975730412e-05,0.49828290939331055,0.0025263428688049316,-4.325619220733643,0.23127494752407074,0.004496293608099222,0.20163565874099731,0.029639288783073425,-1.685622215270996,0.9026155471801758,0.03911297395825386,0.97607421875,0.07345867156982422,-0.6327300667762756,0.023729566484689713,0.0,0.023729566484689713,0.00010156725329579785,0.0,0.00010156725329579785,1.0,0.0,-19.48623275756836,1785284036.2238004,62.093024253845215,254.2284333705902,58.65740785144618,67.2211250633986,0.0,93.36,True,4.582334280014038
425,0.0036973480600863695,6.384469202203036e-07,0.0038644648157060146,0.0006406630855053663,3.704206790189346e-07,0.0007115197950042784,0.00018151772383134812,-12.669900894165039,0.3494861125946045,0.0011608389904722571,0.32382479310035706,0.519464910030365,4.064370659762062e-05,0.52689528465271,0.026715422049164772,-5.633929252624512,0.5009434819221497,2.0880221200059168e-05,0.4989030361175537,0.0020404458045959473,-4.369718074798584,0.21696731448173523,0.0045931292697787285,0.18192249536514282,0.03504481911659241,-1.638965368270874,0.900556206703186,0.039313968271017075,0.97705078125,0.07649457454681396,-0.6247300505638123,0.023987822234630585,0.0,0.023987822234630585,0.00010505073441891,0.0,0.00010505073441891,1.0,0.0,-19.361902236938477,1785284036.3393118,62.20853567123413,254.34394478797913,59.34414636521106,66.75260121002884,0.0,93.36,True,4.582334280014038
426,0.003622950753197074,6.405264798559074e-07,0.0037459710147231817,0.0006299503147602081,3.7718953649346076e-07,0.0006847898475825787,0.0001346898643532768,-12.672069549560547,0.3442996144294739,0.0011803043307736516,0.3193190395832062,0.519247829914093,4.08674095524475e-05,0.5276647806167603,0.026360467076301575,-5.454585075378418,0.5010408163070679,2.147173108824063e-05,0.49936679005622864,0.0016740262508392334,-4.390191078186035,0.20431643724441528,0.004684462212026119,0.16905146837234497,0.03526496887207031,-1.6300750970840454,0.898513674736023,0.039506945759058,0.98193359375,0.08341991901397705,-0.6086292862892151,0.024467702955007553,0.0,0.024467702955007553,0.00010899154585786164,0.0,0.00010899154585786164,1.0,0.0,-19.230833053588867,1785284036.4444103,62.313634157180786,254.44904327392578,59.89981569562633,66.30017812093368,0.0,93.36,True,4.582334280014038
427,0.0035202177241444588,6.410569426407164e-07,0.003735114587470889,0.0006184771191328764,3.8456380480056396e-07,0.0006876183324493468,0.00022574581089429557,-12.635540008544922,0.33753931522369385,0.0012023255694657564,0.3136952221393585,0.5189629793167114,4.108701250515878e-05,0.5284525752067566,0.025663070380687714,-5.241472244262695,0.5011281371116638,2.2233974959817715e-05,0.4995904862880707,0.0015376508235931396,-4.384835720062256,0.18763850629329681,0.004788790363818407,0.14332205057144165,0.044316455721855164,-1.546743392944336,0.8976098299026489,0.0396689735352993,0.9990234375,0.10141360759735107,-0.5650227069854736,0.02511707693338394,0.0,0.02511707693338394,0.00011286796507192776,0.0,0.00011286796507192776,1.0,0.0,-19.021135330200195,1785284036.5388062,62.40803003311157,254.54343914985657,60.24578730265293,65.89136161114226,0.0,93.36,True,4.582334280014038
428,0.003444033907726407,6.45063323645445e-07,0.003542141756042838,0.0006120996549725533,3.9213870195453637e-07,0.0006544706411659718,0.00010686650784919038,-12.655157089233398,0.3325076997280121,0.0012236129259690642,0.3064677119255066,0.5186940431594849,4.136576899327338e-05,0.5252646803855896,0.026856176555156708,-5.762695789337158,0.5012202858924866,2.291364398843143e-05,0.4986242949962616,0.0025959908962249756,-4.275894641876221,0.1740187555551529,0.004880704451352358,0.12414330244064331,0.04987545311450958,-1.4874582290649414,0.8960158824920654,0.03996560350060463,0.97265625,0.07664036750793457,-0.6174445152282715,0.02572673186659813,0.0,0.02572673186659813,0.00011671605170704424,0.0,0.00011671605170704424,1.0,0.0,-19.403261184692383,1785284036.643086,62.51230978965759,254.6477189064026,60.973884764171714,65.43012329310804,0.0,93.36,True,4.582334280014038
429,0.0033507575280964375,6.471465212598559e-07,0.00423986604437232,0.000601527513936162,3.9939226326168864e-07,0.0007885756203904748,0.0009085708297789097,-11.999561309814453,0.3260127604007721,0.0012474715476855636,0.298762708902359,0.5184145569801331,4.16576222050935e-05,0.5241267681121826,0.027842318639159203,-5.859189033508301,0.5012906789779663,2.373254937992897e-05,0.49944913387298584,0.0018415451049804688,-4.333945274353027,0.15814822912216187,0.004979695193469524,0.09413802623748779,0.06401020288467407,-1.320853590965271,0.8953588008880615,0.0402766615152359,0.91357421875,0.018215417861938477,-0.682934045791626,0.026616975665092468,0.0,0.026616975665092468,0.00012063411122653633,0.0,0.00012063411122653633,1.0,1.0,-18.853885650634766,1785284036.718001,62.58722472190857,254.72263383865356,61.15260669163288,64.90339544451047,0.0,93.36,True,4.582334280014038
430,0.003288780804723501,5.994159550937184e-07,0.0034966866951435804,0.0005597048439085484,3.799367505052942e-07,0.0006482655880972743,0.0002259820030303672,-12.67103099822998,0.31996339559555054,0.0012255223700776696,0.29172274470329285,0.5165044069290161,3.969960744143464e-05,0.5252655148506165,0.029568418860435486,-5.2892937660217285,0.5004393458366394,2.3473514374927618e-05,0.4999895989894867,0.00044974684715270996,-4.406571388244629,0.14581042528152466,0.005107337608933449,0.08647862076759338,0.059331804513931274,-1.3749721050262451,0.8808655738830566,0.04136782884597778,0.85595703125,0.02490854263305664,-0.6661882996559143,0.02920810505747795,0.0,0.02920810505747795,0.00012739993690047413,0.0,0.00012739993690047413,1.0,1.0,-19.105751037597656,1785284036.8251636,62.694387435913086,254.82979655265808,61.58319400605694,64.3934133420486,0.0,93.36,True,4.582334280014038
431,0.0032291028182953596,6.037850539541978e-07,0.0034032005351036787,0.0005236598663032055,3.8975906591076637e-07,0.0006293964106589556,0.0002036915102507919,-12.661572456359863,0.31349900364875793,0.0012602832866832614,0.2844933867454529,0.5167292356491089,4.0095670556183904e-05,0.5269229412078857,0.03074471279978752,-4.932872772216797,0.5007176399230957,2.4494236640748568e-05,0.4998987019062042,0.0008189380168914795,-4.375907897949219,0.13028812408447266,0.005342956632375717,0.03210541605949402,0.09818270802497864,-0.7949418425559998,0.8799644708633423,0.04291804879903793,0.0,0.8799644708633423,8.365824699401855,0.030674511566758156,0.0,0.030674511566758156,0.00013140453665982932,0.0,0.00013140453665982932,1.0,1.0,-18.79582405090332,1785284036.9406624,62.80988621711731,254.9452953338623,61.703854333786666,72.91544423864451,0.0,93.36,True,4.582334280014038
432,0.0030859096441417933,6.074397447264346e-07,0.0032734458800405264,0.0005127370823174715,4.04666366193851e-07,0.0006050398224033415,0.0002090206544380635,-12.639754295349121,0.3038918673992157,0.0013248007744550705,0.2779819667339325,0.5169954299926758,4.219634138280526e-05,0.5273937582969666,0.027918599545955658,-4.977375030517578,0.5010438561439514,2.6704996344051324e-05,0.4998987019062042,0.0011451542377471924,-4.32183837890625,0.1083572506904602,0.005593020934611559,0.048405081033706665,0.05995216965675354,-1.3528627157211304,0.8413442373275757,0.046559445559978485,0.97705078125,0.13570654392242432,-0.41680264472961426,0.033897578716278076,0.0,0.033897578716278076,0.00016942626098170877,0.0,0.00016942626098170877,1.0,1.0,-18.782573699951172,1785284037.0450778,62.91430163383484,255.04971075057983,61.81126431056424,72.65484779110895,0.0,93.36,True,4.582334280014038
433,0.003068614983931184,6.214513064151106e-07,0.003178343642503023,0.0005082264542579651,4.0867243455977587e-07,0.0005844866391271353,0.00013362632307689637,-12.646100044250488,0.3009710907936096,0.0013337649870663881,0.2687658667564392,0.5176926255226135,4.0935887227533385e-05,0.522957980632782,0.03263281285762787,-5.796307563781738,0.5015531778335571,2.66078241111245e-05,0.4969758093357086,0.004577368497848511,-3.9544897079467773,0.0982980728149414,0.005843888036906719,0.03246593475341797,0.06583213806152344,-1.2814371585845947,0.8726741075515747,0.0467987023293972,0.92236328125,0.04968917369842529,-0.58563232421875,0.033133283257484436,0.0,0.033133283257484436,0.00014350951823871583,0.0,0.00014350951823871583,1.0,1.0,-19.260391235351562,1785284037.1394517,63.00867557525635,255.14408469200134,62.396491822742206,72.22542166408425,0.0,93.36,True,4.582334280014038
434,0.003008189145475626,6.360833708640712e-07,0.002692535286769271,0.0005190828815102577,4.211503892292967e-07,0.000494236359372735,0.0003166302340105176,-12.557174682617188,0.2975408732891083,0.0013653119094669819,0.2634369134902954,0.5182188749313354,4.1430419514654204e-05,0.5219552516937256,0.03430802747607231,-5.9116363525390625,0.5020197629928589,2.7386740839574486e-05,0.49786368012428284,0.00415608286857605,-4.018433094024658,0.08728376030921936,0.006008984986692667,0.037210285663604736,0.050073474645614624,-1.4296776056289673,0.879124641418457,0.04785982146859169,0.92431640625,0.04519176483154297,-0.5794647932052612,0.033866386860609055,0.0,0.033866386860609055,0.00014287979865912348,0.0,0.00014287979865912348,1.0,1.0,-19.295700073242188,1785284037.223696,63.09291982650757,255.22832894325256,63.0170281728108,71.80216306807304,0.0,93.36,True,4.582334280014038
435,0.000940587546210736,2.053775602917085e-07,0.001133439363911748,-0.0003963641356676817,1.748897631159707e-07,0.0002189217775594443,0.0006448012427426875,-12.468009948730469,0.08366966247558594,0.0004244665615260601,0.09720161557197571,0.5136440992355347,0.00014826488040853292,0.5340257287025452,0.024464761838316917,-4.836110591888428,0.5129117965698242,0.0001743385219015181,0.5146933794021606,0.0017815828323364258,-3.399214029312134,0.9701657891273499,0.00315542658790946,1.0,0.029834210872650146,-1.8193377256393433,0.30969977378845215,0.0017645842162892222,0.3296777307987213,0.019977957010269165,-2.137890338897705,0.05620058253407478,0.0,0.05620058253407478,0.0007791715324856341,0.0,0.0007791715324856341,0.0,0.0,-18.03650665283203,1785284037.317717,63.18694090843201,255.322350025177,62.37837110246923,69.82047892636939,0.0,93.36,True,4.582334280014038
436,0.0009926422499120235,2.0481176932207745e-07,0.0011907350271940231,-0.00036822864785790443,1.7314087585873494e-07,0.0002306270325789228,0.0006307684816420078,-12.515838623046875,0.08865818381309509,0.0004177227965556085,0.10160225629806519,0.514801025390625,0.0001492535520810634,0.5345435738563538,0.023607566952705383,-4.951125621795654,0.513514518737793,0.0001740325678838417,0.5150507688522339,0.001536250114440918,-3.4024147987365723,0.9714847207069397,0.003138765459880233,1.0,0.028515279293060303,-1.8334953784942627,0.310170978307724,0.0017850936856120825,0.33000001311302185,0.01982903480529785,-2.1350717544555664,0.06160452216863632,0.0,0.06160452216863632,0.0008209249353967607,0.0,0.0008209249353967607,0.0,0.0,-18.177947998046875,1785284037.4430406,63.31226444244385,255.44767355918884,61.88115537734251,67.84161336910788,0.0,93.36,True,4.582334280014038
437,0.0010525381658226252,2.0337888884114363e-07,0.0012236579786986113,-0.00033754692412912846,1.7017062248214643e-07,0.00023735275317449123,0.000599826336838305,-12.616352081298828,0.09383301436901093,0.000410100823501125,0.10701445490121841,0.5156807899475098,0.00014998843835201114,0.5351512432098389,0.023512739688158035,-4.988554954528809,0.5139923691749573,0.0001734588440740481,0.5149422883987427,0.0009499192237854004,-3.40824556350708,0.9728509783744812,0.0031236226204782724,1.0,0.0271490216255188,-1.8474591970443726,0.3106885552406311,0.0018079158617183566,0.3267773389816284,0.016088783740997314,-2.167263984680176,0.06732117384672165,0.0,0.06732117384672165,0.0008611443336121738,0.0,0.0008611443336121738,0.0,0.0,-18.31131935119629,1785284037.537697,63.40692090988159,255.5423300266266,61.5173110053652,65.83055558162175,0.0,93.36,True,4.582334280014038
438,0.0011098564136773348,1.9400711437356222e-07,0.0012754708295688033,-0.0003611315041780472,1.616288471950611e-07,0.0002483094285707921,0.0006315428763628006,-12.489116668701172,0.09593507647514343,0.0004036916943732649,0.11101711541414261,0.516189455986023,0.00014615805412176996,0.5354247689247131,0.02444309927523136,-4.9374847412109375,0.5140350461006165,0.00016780890291556716,0.5146735906600952,0.0006385445594787598,-3.4261889457702637,0.9745500087738037,0.00312262075021863,1.0,0.02544999122619629,-1.861891508102417,0.30883148312568665,0.001756472629494965,0.3296777307987213,0.020846247673034668,-2.1295812129974365,0.06748397648334503,0.0,0.06748397648334503,0.0008889621240086854,0.0,0.0008889621240086854,0.0,0.0,-18.152198791503906,1785284037.6426775,63.51190137863159,255.6473104953766,60.99434607369551,63.85718056581837,0.0,93.36,True,4.582334280014038
439,0.0011597644770517945,1.966303386780055e-07,0.0016066436655819416,-0.000334201380610466,1.618680727233368e-07,0.00031238130759447813,0.0007859835750423372,-11.902137756347656,0.10026529431343079,0.00040183577220886946,0.11757151037454605,0.5170002579689026,0.00014878276851959527,0.5358467698097229,0.02558702975511551,-4.912040710449219,0.5147094130516052,0.00017131147615145892,0.5146639347076416,4.547834396362305e-05,-3.41706919670105,0.9769418239593506,0.0031528885010629892,1.0,0.023058176040649414,-1.8764632940292358,0.3099116086959839,0.001799234189093113,0.3290331959724426,0.01912158727645874,-2.1396501064300537,0.07611004263162613,0.0,0.07611004263162613,0.0009368940372951329,0.0,0.0009368940372951329,0.0,0.0,-17.54030418395996,1785284037.7263985,63.595622301101685,255.73103141784668,59.859486534481874,61.87373665658236,0.0,93.36,True,4.582334280014038
440,0.0012167046079412103,1.9944663165460952e-07,0.0011959841940551996,-0.00029977038502693176,1.6227633636844985e-07,0.00023523067648056895,0.0005354021559469402,-12.809978485107422,0.10479030013084412,0.00040101035847328603,0.12092849612236023,0.5177195072174072,0.0001510935981059447,0.5361133217811584,0.024469854310154915,-5.027346611022949,0.5151239633560181,0.00017444159311708063,0.5147092938423157,0.0004146695137023926,-3.4075286388397217,0.9788523316383362,0.0031780735589563847,1.0,0.02114766836166382,-1.8864407539367676,0.31213444471359253,0.001844224170781672,0.32935547828674316,0.017221033573150635,-2.1485064029693604,0.08508124947547913,0.0,0.08508124947547913,0.000966602296102792,0.0,0.000966602296102792,0.0,0.0,-18.535619735717773,1785284037.821191,63.690414905548096,255.8258240222931,59.71994254702605,59.881436450807044,0.0,93.36,True,4.582334280014038
441,0.0012746737338602543,2.0361933650292485e-07,0.0014506516745314002,-0.00026146741583943367,1.6364037946914323e-07,0.00028610756271518767,0.0005751578719355166,-12.686232566833496,0.10957220196723938,0.0004021956701762974,0.1271042376756668,0.5186061263084412,0.00015363750571850687,0.5367634296417236,0.02524004504084587,-5.006808280944824,0.5156459212303162,0.00017779941845219582,0.5150019526481628,0.0006439685821533203,-3.397322416305542,0.979453980922699,0.003219280391931534,1.0,0.020546019077301025,-1.8847960233688354,0.31437042355537415,0.0018870990024879575,0.3296777307987213,0.015307307243347168,-2.1553356647491455,0.09445323050022125,0.0,0.09445323050022125,0.0009918923024088144,0.0,0.0009918923024088144,0.0,0.0,-18.39034080505371,1785284037.9147375,63.78396129608154,255.91937041282654,59.435119628906165,57.882306983251944,0.0,93.36,True,4.582334280014038
442,0.0013460303889587522,2.084569672433645e-07,0.0014728691894561052,-0.00021760468371212482,1.6551059900393739e-07,0.0002928198373410851,0.000525947951246053,-12.835357666015625,0.11495578289031982,0.0004029996634926647,0.13176800310611725,0.5195291042327881,0.00015685864491388202,0.5373668670654297,0.024511966854333878,-5.085565567016602,0.5160671472549438,0.00018163167987950146,0.515496551990509,0.0005705952644348145,-3.386929750442505,0.9793814420700073,0.003250449663028121,1.0,0.020618557929992676,-1.8801476955413818,0.3169214129447937,0.0019188543083146214,0.3296777307987213,0.012756317853927612,-2.1666736602783203,0.10304255783557892,0.0,0.10304255783557892,0.0009978528833016753,0.0,0.0009978528833016753,0.0,0.0,-18.597274780273438,1785284038.0220108,63.89123463630676,256.02664375305176,59.357230686006005,55.87183952016767,0.0,93.36,True,4.582334280014038
443,0.0014259961899369955,2.1360584412377648e-07,0.0015541799366474152,-0.00017385883256793022,1.6738468389121408e-07,0.0003094527346547693,0.0005000211531296372,-12.906949996948242,0.12069916725158691,0.00040382007136940956,0.13820166885852814,0.520654559135437,0.00016051421698648483,0.5366954803466797,0.023741286247968674,-5.257136821746826,0.5166693925857544,0.00018573629495222121,0.515528678894043,0.0011407136917114258,-3.373149871826172,0.9784442782402039,0.003287255996838212,1.0,0.021555721759796143,-1.8692381381988525,0.3190895915031433,0.0019396578427404165,0.33000001311302185,0.01091042160987854,-2.1729981899261475,0.11102134734392166,0.0,0.11102134734392166,0.0009955524001270533,0.0,0.0009955524001270533,0.0,0.0,-18.79923439025879,1785284038.116545,63.98576879501343,256.1211779117584,59.4813013530912,53.855047527435566,0.0,93.36,True,4.582334280014038
444,0.0015172346029430628,2.1693902851893654e-07,0.0016658290987834334,-0.00012782192789018154,1.6783951650722884e-07,0.00033580552553758025,0.00048685804358683527,-12.942840576171875,0.1273154318332672,0.00040167351835407317,0.14275766909122467,0.5215943455696106,0.00016316863184329122,0.5365267395973206,0.021481133997440338,-5.452315330505371,0.5169503688812256,0.00018759559316094965,0.5155539512634277,0.0013964176177978516,-3.3664748668670654,0.9775240421295166,0.0032927799038589,1.0,0.0224759578704834,-1.862364411354065,0.3215539753437042,0.0019474209984764457,0.32935547828674316,0.00780150294303894,-2.1860597133636475,0.11624354124069214,0.0,0.11624354124069214,0.0009668910643085837,0.0,0.0009668910643085837,0.0,0.0,-18.987930297851562,1785284038.2207503,64.08997416496277,256.22538328170776,59.79406792776916,51.825194011265964,0.0,93.36,True,4.582334280014038
445,0.0016071925638243556,2.2022048540293326e-07,0.0017484953859820962,-8.096755482256413e-05,1.6820014536733652e-07,0.00035417653270997107,0.00045751160359941423,-13.017291069030762,0.13434362411499023,0.0003996523155365139,0.14904533326625824,0.5225059986114502,0.00016599323134869337,0.5369386672973633,0.020601995289325714,-5.528511047363281,0.5171880722045898,0.00018903857562690973,0.5156566500663757,0.0015314221382141113,-3.361638069152832,0.9758080840110779,0.0033053739462047815,1.0,0.02419191598892212,-1.8486344814300537,0.32314690947532654,0.001954764360561967,0.32935547828674316,0.006208568811416626,-2.1899447441101074,0.12015452235937119,0.0,0.12015452235937119,0.0009348298772238195,0.0,0.0009348298772238195,0.0,0.0,-19.12091827392578,1785284038.3068058,64.17602968215942,256.3114387989044,60.23982247852135,49.7914554643499,0.0,93.36,True,4.582334280014038
446,0.0017053044866770506,2.2445300373874488e-07,0.0014722038758918643,-2.5229062885046005e-05,1.693852738071655e-07,0.00029934151098132133,0.00039960225694812834,-13.180460929870605,0.14250166714191437,0.00039753204328007996,0.15521912276744843,0.5234798192977905,0.00016981016960926354,0.5374668836593628,0.018904276192188263,-5.63818359375,0.5172834396362305,0.00019084574887529016,0.5157586932182312,0.0015247464179992676,-3.3569929599761963,0.9732517600059509,0.0033153651747852564,1.0,0.026748239994049072,-1.8277533054351807,0.3247511684894562,0.0019750946667045355,0.32774412631988525,0.002992957830429077,-2.1923635005950928,0.12229122966527939,0.0,0.12229122966527939,0.000889058574102819,0.0,0.000889058574102819,0.0,0.0,-19.369504928588867,1785284038.4216685,64.2908923625946,256.4263014793396,60.93416368393662,47.755298160948854,0.0,93.36,True,4.582334280014038
447,0.0018042444717139006,2.2989063097611506e-07,0.0018062288872897625,3.572739660739899e-05,1.7211075942213938e-07,0.0003674921172205359,0.00033177065779455006,-13.272750854492188,0.15093937516212463,0.0003961724869441241,0.15870985388755798,0.5245749354362488,0.0001746649795677513,0.5378524661064148,0.015384185127913952,-5.824409484863281,0.5173640847206116,0.0001933817402459681,0.5160724520683289,0.0012916326522827148,-3.352169990539551,0.9702053666114807,0.003331305691972375,1.0,0.029794633388519287,-1.8000179529190063,0.3270154893398285,0.0020279157906770706,0.33000001311302185,0.0029845237731933594,-2.1792385578155518,0.12221364676952362,0.0,0.12221364676952362,0.0008364576497115195,0.0,0.0008364576497115195,0.0,0.0,-19.608362197875977,1785284038.517605,64.38682889938354,256.52223801612854,61.867362158639,45.73226580032735,0.0,93.36,True,4.582334280014038
448,0.0019019797910004854,2.3671412918702117e-07,0.0022030645050108433,9.38689336180687e-05,1.7666819474015938e-07,0.0004496206238400191,0.0004660592821892351,-13.015161514282227,0.15884929895401,0.00039615988498553634,0.16476471722126007,0.5256590843200684,0.00017969489272218198,0.5388779640197754,0.014482091180980206,-5.860720634460449,0.5173885226249695,0.0001954442705027759,0.5167745351791382,0.0006139874458312988,-3.350214719772339,0.9670469164848328,0.0033444687724113464,1.0,0.032953083515167236,-1.7689417600631714,0.3307024836540222,0.0021073853131383657,0.3296777307987213,0.0010247528553009033,-2.16196608543396,0.11798440665006638,0.0,0.11798440665006638,0.0007695331005379558,0.0,0.0007695331005379558,0.0,0.0,-19.378847122192383,1785284038.6221535,64.49137735366821,256.6267864704132,62.57104555765778,43.72650591208743,0.0,93.36,True,4.582334280014038
449,0.0019404252525418997,2.429602261599939e-07,0.0020508593879640102,0.00010418472811579704,1.810500975807372e-07,0.0004219512629788369,0.00033640937181189656,-13.235593795776367,0.16156411170959473,0.00039887375896796584,0.16983915865421295,0.5259456634521484,0.0001861137425294146,0.5403169393539429,0.01658342406153679,-5.72943639755249,0.5176750421524048,0.00020287900406401604,0.5176520347595215,2.300739288330078e-05,-3.3325107097625732,0.9665467143058777,0.0033744366373866796,1.0,0.033453285694122314,-1.7610013484954834,0.3318634331226349,0.002184660406783223,0.33000001311302185,0.0018634200096130371,-2.143414258956909,0.1155908852815628,0.0,0.1155908852815628,0.0007454220904037356,0.0,0.0007454220904037356,0.0,0.0,-19.48539924621582,1785284038.7166014,64.58582520484924,256.72123432159424,63.381281080700006,41.73929785032457,0.0,93.36,True,4.582334280014038
450,0.001983896130695939,2.497912703347538e-07,0.0020082774572074413,0.00011662347242236137,1.8565367554401746e-07,0.0004136674979235977,0.0002980429562740028,-13.274311065673828,0.16456396877765656,0.000401533383410424,0.17569492757320404,0.5264942049980164,0.00019362899183761328,0.5424877405166626,0.019485672935843468,-5.532210350036621,0.5181944966316223,0.0002113906666636467,0.51836758852005,0.00017309188842773438,-3.311891794204712,0.9660830497741699,0.003405926749110222,1.0,0.03391695022583008,-1.753304362297058,0.33280178904533386,0.0022758441045880318,0.33000001311302185,0.0028017759323120117,-2.1220388412475586,0.11436180025339127,0.0,0.11436180025339127,0.0007316002156585455,0.0,0.0007316002156585455,0.0,0.0,-19.35602569580078,1785284038.820794,64.69001793861389,256.8254270553589,64.06214305332719,39.773465206271055,0.0,93.36,True,4.582334280014038
451,0.002057097852230072,2.5858773256004497e-07,0.0017050306778401136,0.00013967091217637062,1.917758112313095e-07,0.00035548725281842053,0.0004129503504373133,-13.118502616882324,0.1697329580783844,0.00040388363413512707,0.1798790842294693,0.527461051940918,0.0002029608585871756,0.5437133312225342,0.0191593449562788,-5.542412757873535,0.5186449289321899,0.0002210053789895028,0.5194083452224731,0.0007634162902832031,-3.2884044647216797,0.965994656085968,0.003429131582379341,1.0,0.03400534391403198,-1.7501769065856934,0.3344041407108307,0.0024120816960930824,0.33000001311302185,0.004404127597808838,-2.0906734466552734,0.11126440763473511,0.0,0.11126440763473511,0.000705364509485662,0.0,0.000705364509485662,0.0,0.0,-19.196636199951172,1785284038.9157321,64.78495597839355,256.92036509513855,64.58361553010477,37.83899795680983,0.0,93.36,True,4.582334280014038
452,0.0021669710986316204,2.669105754193879e-07,0.002128632040694356,0.0001658075489103794,1.969399363588309e-07,0.0004452001303434372,0.00028201082022860646,-13.24954605102539,0.17775727808475494,0.00040514039574190974,0.18574251234531403,0.5285513401031494,0.00020981085253879428,0.5454044938087463,0.018649201840162277,-5.54685115814209,0.5188522934913635,0.00022461061598733068,0.5206348896026611,0.0017825961112976074,-3.2745587825775146,0.9667045474052429,0.00344723928719759,1.0,0.03329545259475708,-1.7553589344024658,0.3356711268424988,0.002544781658798456,0.31437012553215027,0.02130100131034851,-1.9787672758102417,0.10722019523382187,0.0,0.10722019523382187,0.0006782980053685606,0.0,0.0006782980053685606,0.0,0.0,-19.32430648803711,1785284039.022971,64.8921947479248,257.0276038646698,65.23275829496828,36.01643687819363,0.0,93.36,True,4.582334280014038
453,0.002239964436739683,2.725849981288775e-07,0.00253159343264997,0.00018212269060313702,1.9967603748227702e-07,0.0005312361172400415,0.00045489301555790007,-12.971868515014648,0.18250438570976257,0.0004055672907270491,0.18909402191638947,0.5297060012817383,0.00021684964303858578,0.5463035106658936,0.017857788130640984,-5.596673011779785,0.5193905830383301,0.00023071965551935136,0.5209847092628479,0.0015941262245178223,-3.2627079486846924,0.968090832233429,0.003472716547548771,1.0,0.031909167766571045,-1.765871286392212,0.3353557586669922,0.0026590328197926283,0.33000001311302185,0.005355745553970337,-2.0405642986297607,0.10871195793151855,0.0,0.10871195793151855,0.0006905723712407053,0.0,0.0006905723712407053,0.0,0.0,-19.0805606842041,1785284039.1175687,64.98679256439209,257.1222016811371,65.63815525599878,34.132078776757915,0.0,93.36,True,4.582334280014038
454,0.0023024207912385464,2.7702375859917083e-07,0.0023371358402073383,0.0001955670304596424,2.0138003264946747e-07,0.0004956538905389607,0.0003020881849806756,-13.194976806640625,0.1863790601491928,0.0004046150133945048,0.1949583888053894,0.530920684337616,0.00022359986905939877,0.547683596611023,0.018830830231308937,-5.551935195922852,0.520022988319397,0.00023690670786891133,0.5216567516326904,0.001633763313293457,-3.249350070953369,0.9701058268547058,0.0034796183463186026,1.0,0.02989417314529419,-1.7830641269683838,0.3357093334197998,0.002762542339041829,0.33000001311302185,0.005709320306777954,-2.0209639072418213,0.11031661927700043,0.0,0.11031661927700043,0.0007063379161991179,0.0,0.0007063379161991179,0.0,0.0,-19.261199951171875,1785284039.222242,65.0914659500122,257.2268750667572,66.22419148399706,32.26732106671014,0.0,93.36,True,4.582334280014038
455,0.0023667272180318832,2.824760372277524e-07,0.0019220674876123667,0.00021088169887661934,2.0307686554588145e-07,0.0004121318634133786,0.0004880818596575409,-12.957098007202148,0.1903204619884491,0.00040448037907481194,0.199983611702919,0.5321130156517029,0.00023060903185978532,0.5488876700401306,0.019358860328793526,-5.530442237854004,0.520474910736084,0.0002430287713650614,0.5224974155426025,0.0020225048065185547,-3.2338109016418457,0.9725436568260193,0.00349075673148036,1.0,0.027456343173980713,-1.8019016981124878,0.33550387620925903,0.0028766633477061987,0.3296777307987213,0.00582614541053772,-2.0007238388061523,0.11380074173212051,0.0,0.11380074173212051,0.0007375174318440259,0.0,0.0007375174318440259,0.0,0.0,-18.99835777282715,1785284039.31635,65.18557381629944,257.32098293304443,66.54738553365061,30.42280342509803,0.0,93.36,True,4.582334280014038
456,0.0024633542634546757,2.9047461680420383e-07,0.0028073065914213657,0.00024594832211732864,2.0310116610744444e-07,0.000602829793933779,0.0004956486518494785,-12.875591278076172,0.19708538055419922,0.00041010198765434325,0.20413340628147125,0.5324764847755432,0.000233429076615721,0.549509584903717,0.018433697521686554,-5.560982704162598,0.5199394822120667,0.00023800575581844896,0.5232484936714172,0.003309011459350586,-3.2296667098999023,0.9737947583198547,0.003530618268996477,1.0,0.026205241680145264,-1.8069512844085693,0.333679735660553,0.002897322876378894,0.33000001311302185,0.003679722547531128,-2.000708818435669,0.12352423369884491,0.0,0.12352423369884491,0.0008128889021463692,0.0,0.0008128889021463692,0.0,0.0,-18.939210891723633,1785284039.4220436,65.29126739501953,257.4266765117645,66.81143270220065,28.578300803856408,0.0,93.36,True,4.582334280014038
457,0.0025281915441155434,2.9516874633372936e-07,0.002436669310554862,0.0002703727222979069,2.010240933714158e-07,0.0005338832270354033,0.00027895180392079055,-13.2030029296875,0.20124876499176025,0.0004134655755478889,0.20904631912708282,0.5326102375984192,0.00023377055185846984,0.5496104955673218,0.018703226000070572,-5.546503067016602,0.5194684863090515,0.0002331219002371654,0.525162935256958,0.005694448947906494,-3.1934869289398193,0.9752846956253052,0.003520371625199914,1.0,0.024715304374694824,-1.818897008895874,0.3303432762622833,0.002899677027016878,0.33000001311302185,0.0003432631492614746,-2.0026190280914307,0.13415087759494781,0.0,0.13415087759494781,0.000933104834984988,0.0,0.000933104834984988,0.0,0.0,-19.236948013305664,1785284039.5159473,65.38517117500305,257.52058029174805,67.37321699233271,26.731887972959022,0.0,93.36,True,4.582334280014038
458,0.002597362268716097,3.029238087037811e-07,0.002467359881848097,0.0002664008643478155,2.0218531915361382e-07,0.0005432621110230684,0.0003058639704249799,-13.156600952148438,0.2042616456747055,0.0004148646257817745,0.21477758884429932,0.5344884991645813,0.00024054716050159186,0.5514072179794312,0.01992054469883442,-5.493937969207764,0.5204309821128845,0.00024164810020010918,0.5263454914093018,0.005914509296417236,-3.172694206237793,0.9787077307701111,0.0035787308588624,1.0,0.021292269229888916,-1.8340940475463867,0.3273266553878784,0.0030372643377631903,0.33000001311302185,0.0026733577251434326,-1.9782841205596924,0.14123335480690002,0.0,0.14123335480690002,0.0010708642657846212,0.0,0.0010708642657846212,0.0,0.0,-19.138099670410156,1785284039.6211874,65.4904112815857,257.6258203983307,67.83615293956927,24.909810049593375,0.0,93.36,True,4.582334280014038
459,0.0026827414985746145,3.147093821098679e-07,0.0025509896222501993,0.0002508554607629776,2.0495077990290156e-07,0.0005716374726034701,0.00034678474185056984,-13.069561958312988,0.20742110908031464,0.0004155079077463597,0.21887320280075073,0.5372092723846436,0.0002525084128137678,0.5530292987823486,0.019530070945620537,-5.543766975402832,0.5220109224319458,0.00025912202545441687,0.5273688435554504,0.005357921123504639,-3.154773473739624,0.9837335348129272,0.003677302971482277,1.0,0.016266465187072754,-1.8478721380233765,0.32464027404785156,0.0032761823385953903,0.3296777307987213,0.005037456750869751,-1.9377269744873047,0.1484907567501068,0.0,0.1484907567501068,0.0012637778418138623,0.0,0.0012637778418138623,0.0,0.0,-19.08196258544922,1785284039.7163053,65.585529088974,257.720938205719,68.2429518018449,23.673873795772955,0.0,93.36,True,4.582334280014038
460,0.0028026006184518337,3.273036099926685e-07,0.0017391560832038522,0.0002314448356628418,2.0521534338513447e-07,0.00038934501935727894,0.0010751030640676618,-11.539545059204102,0.21265512704849243,0.00041687412885949016,0.22461162507534027,0.5404897928237915,0.00026375913876108825,0.5555214285850525,0.019206976518034935,-5.573932647705078,0.5239596962928772,0.0002758675836957991,0.5292205810546875,0.005260884761810303,-3.128692865371704,0.988873302936554,0.003834238974377513,1.0,0.011126697063446045,-1.8468091487884521,0.32086241245269775,0.0035850335843861103,0.3296777307987213,0.00881531834602356,-1.8857172727584839,0.15622231364250183,0.0,0.15622231364250183,0.0015725280391052365,0.0,0.0015725280391052365,0.0,0.0,-17.563037872314453,1785284039.811255,65.68047881126404,257.81588792800903,67.13082595098575,24.403384871337394,0.0,93.36,True,4.582334280014038
461,0.0028735878877341747,3.4155348771491845e-07,0.0031587621197104454,0.00021765055134892464,2.0935381428444089e-07,0.0007234339718706906,0.0005806386470794678,-12.566605567932129,0.21517705917358398,0.0004167998267803341,0.22869320213794708,0.5437332391738892,0.0002797215129248798,0.5590548515319824,0.02043129689991474,-5.50566291809082,0.5262748599052429,0.00029905440169386566,0.5300767421722412,0.003801882266998291,-3.11433744430542,0.9912714958190918,0.003940755035728216,1.0,0.008728504180908203,-1.8395864963531494,0.3211149573326111,0.003936627879738808,0.33000001311302185,0.008885055780410767,-1.8397499322891235,0.15898865461349487,0.0,0.15898865461349487,0.0017536391969770193,0.0,0.0017536391969770193,0.0,0.0,-18.528305053710938,1785284039.9163177,65.78554153442383,257.9209506511688,66.98396728152309,25.086928606432473,0.0,93.36,True,4.582334280014038
462,0.002973868977278471,3.5849453183800506e-07,0.0027630135882645845,0.00021542049944400787,2.1383141302067088e-07,0.0006423800950869918,0.0004761874442920089,-12.773571014404297,0.2197321653366089,0.0004164228739682585,0.23357822000980377,0.5484076142311096,0.0003004886966664344,0.5637907385826111,0.02069670893251896,-5.485127925872803,0.5296534895896912,0.00032757644657976925,0.5325232148170471,0.002869725227355957,-3.08038592338562,0.9928268194198608,0.004120041150599718,1.0,0.00717318058013916,-1.8207632303237915,0.31979477405548096,0.004406020976603031,0.3296777307987213,0.009882956743240356,-1.7823691368103027,0.16010303795337677,0.0,0.16010303795337677,0.0019956070464104414,0.0,0.0019956070464104414,0.0,0.0,-18.701868057250977,1785284040.020994,65.8902177810669,258.0256268978119,67.01067161560047,25.71309154604873,0.0,93.36,True,4.582334280014038
463,0.0030798448715358973,3.799222838551941e-07,0.0027907979674637318,0.00020089722238481045,2.2121623999282747e-07,0.0006552192498929799,0.0005384762189351022,-12.639348983764648,0.2235734760761261,0.000409011758165434,0.23910899460315704,0.5555618405342102,0.0003376529202796519,0.5669299364089966,0.01925060898065567,-5.573338508605957,0.5355120897293091,0.0003819117264356464,0.5334120988845825,0.0020999908447265625,-3.010448455810547,0.9940447211265564,0.004418362397700548,1.0,0.0059552788734436035,-1.788041114807129,0.32158195972442627,0.0052737160585820675,0.33000001311302185,0.008418053388595581,-1.6968529224395752,0.1596478372812271,0.0,0.1596478372812271,0.0022059755865484476,0.0,0.0022059755865484476,0.0,0.0,-18.60324478149414,1785284040.115595,65.98481893539429,258.1202280521393,66.93875267392102,26.25373827129426,0.0,93.36,True,4.582334280014038
464,0.003180015366524458,3.9446391042474716e-07,0.0027934627141803503,0.00019489647820591927,2.256336699701933e-07,0.000671469490043819,0.0006136324373073876,-12.494470596313477,0.228132426738739,0.0003945914504583925,0.24285320937633514,0.5633564591407776,0.00037734993384219706,0.5690016150474548,0.015766078606247902,-5.705306053161621,0.5425740480422974,0.00044054133468307555,0.5351214408874512,0.007452607154846191,-2.881777048110962,0.992680013179779,0.004715899471193552,1.0,0.007319986820220947,-1.7537883520126343,0.32458046078681946,0.006465364247560501,0.33000001311302185,0.005419552326202393,-1.5994380712509155,0.15706783533096313,0.0,0.15706783533096313,0.002383487531915307,0.0,0.002383487531915307,0.0,0.0,-18.499605178833008,1785284040.2220988,66.09132266044617,258.22673177719116,66.76319412958043,26.69697014535113,0.0,93.36,True,4.582334280014038
465,0.003258796874433756,4.027091051739262e-07,0.0030076734255999327,0.00020903535187244415,2.2806253241469676e-07,0.0007370378589257598,0.0005846790736541152,-12.481966018676758,0.23299852013587952,0.00038227386539801955,0.24695098400115967,0.5698223114013672,0.00041243061423301697,0.5724881291389465,0.014204852283000946,-5.730292320251465,0.5484837889671326,0.0004898119950667024,0.5390404462814331,0.009443342685699463,-2.800774574279785,0.9860798120498657,0.0050248452462255955,0.9953358173370361,0.00925600528717041,-1.7192168235778809,0.3259815573692322,0.0077050854451954365,0.3274218738079071,0.0014403164386749268,-1.513864278793335,0.15542015433311462,0.0,0.15542015433311462,0.0025789067149162292,0.0,0.0025789067149162292,0.0,0.0,-18.46658706665039,1785284040.3167374,66.18596124649048,258.3213703632355,66.55461747305722,27.05462822695042,0.0,93.36,True,4.582334280014038
466,0.0033233044669032097,4.129931028273859e-07,0.0029055641498416662,0.00024201348423957825,2.3324246001266147e-07,0.0007207788876257837,0.0006353922071866691,-12.44499397277832,0.23793235421180725,0.0003753753553610295,0.25116920471191406,0.5757648348808289,0.0004518382775131613,0.5764464735984802,0.01325438916683197,-5.723108768463135,0.5537658333778381,0.0005423580878414214,0.5419220924377441,0.011843740940093994,-2.7115349769592285,0.9735763669013977,0.005443130154162645,0.9443027377128601,0.029273629188537598,-1.609043836593628,0.3249337375164032,0.008988510817289352,0.3296777307987213,0.004743993282318115,-1.4357136487960815,0.15493421256542206,0.0,0.15493421256542206,0.002850061282515526,0.0,0.002850061282515526,0.0,0.0,-18.379249572753906,1785284040.4221234,66.29134726524353,258.4267563819885,66.25870332263753,27.334135678552457,0.0,93.36,True,4.582334280014038
467,0.0033691583666950464,4.2741126549117325e-07,0.002946616616100073,0.0002945244777947664,2.4330728365384857e-07,0.0007439100299961865,0.0006168378167785704,-12.48548412322998,0.24298787117004395,0.0003794206422753632,0.2538471519947052,0.580533504486084,0.0004973635077476501,0.5821068286895752,0.010972662828862667,-5.745761871337891,0.5583898425102234,0.0006036953418515623,0.5496106743812561,0.008779168128967285,-2.72344708442688,0.9514510035514832,0.006132614798843861,0.9132992029190063,0.03815180063247681,-1.5094547271728516,0.32119399309158325,0.010158118791878223,0.3296777307987213,0.008483737707138062,-1.3722597360610962,0.15675312280654907,0.0,0.15675312280654907,0.0032934772316366434,0.0,0.0032934772316366434,0.0,0.0,-18.443817138671875,1785284040.5173416,66.38656544685364,258.52197456359863,66.02735673813581,27.550189217419508,0.0,93.36,True,4.582334280014038
468,0.0033981625456362963,4.372968192001281e-07,0.0029401355423033237,0.00035370979458093643,2.541293042668258e-07,0.0007548523717559874,0.0006088547524996102,-12.519689559936523,0.24774283170700073,0.0003816951357293874,0.25709739327430725,0.5861722826957703,0.000544894253835082,0.5902760624885559,0.01021512784063816,-5.724942684173584,0.5637349486351013,0.0006674247561022639,0.5527434945106506,0.010991454124450684,-2.646597385406494,0.9217355251312256,0.006637668237090111,0.8561691045761108,0.06556642055511475,-1.2647285461425781,0.3124547600746155,0.011106334626674652,0.3296777307987213,0.017222970724105835,-1.3178272247314453,0.15937557816505432,0.0,0.15937557816505432,0.003927420824766159,0.0,0.003927420824766159,0.0,0.0,-18.422943115234375,1785284040.6217878,66.49101161956787,258.62642073631287,65.77513613019659,27.711810244956908,0.0,93.36,True,4.582334280014038
469,0.0034033276606351137,4.3321855969225e-07,0.002895747311413288,0.00040937401354312897,2.604435280773032e-07,0.0007626006263308227,0.0006183905643410981,-12.531688690185547,0.2526506781578064,0.0003846432373393327,0.259089857339859,0.590473473072052,0.0005773756420239806,0.5950492024421692,0.007899387739598751,-5.750199317932129,0.5679775476455688,0.0007202464621514082,0.5556442141532898,0.012333333492279053,-2.593423366546631,0.8657109141349792,0.0069609531201422215,0.8193660974502563,0.0463448166847229,-1.4105029106140137,0.3025772273540497,0.011420929804444313,0.32774412631988525,0.02516689896583557,-1.2894867658615112,0.15786634385585785,0.0,0.15786634385585785,0.00449144933372736,0.0,0.00449144933372736,0.0,0.0,-18.428558349609375,1785284040.7159722,66.585196018219,258.720605134964,65.52853075663236,27.845090813624374,0.0,93.36,True,4.582334280014038
470,0.0034077633172273636,4.2668222022257396e-07,0.0030985847115516663,0.00045414664782583714,2.658323694504361e-07,0.000837303523439914,0.0004923419328406453,-12.677787780761719,0.2567659318447113,0.000385086314054206,0.26114794611930847,0.5947087407112122,0.0006085559725761414,0.601299524307251,0.007914573885500431,-5.734733581542969,0.5718361735343933,0.0007756685954518616,0.5600384473800659,0.011797726154327393,-2.5722336769104004,0.7991411089897156,0.00706059392541647,0.7754125595092773,0.023728549480438232,-1.5178022384643555,0.28816795349121094,0.01134431455284357,0.32935547828674316,0.04118752479553223,-1.2458115816116333,0.1545363962650299,0.0,0.1545363962650299,0.005173043347895145,0.0,0.005173043347895145,0.0,0.0,-18.551692962646484,1785284040.8207705,66.68999433517456,258.82540345191956,65.40505999610525,27.934696198041962,0.0,93.36,True,4.582334280014038
471,0.0034299849066883326,4.25823571958972e-07,0.003025850048288703,0.0004882807843387127,2.7393647883400263e-07,0.0008445455459877849,0.000538748106919229,-12.628484725952148,0.25911077857017517,0.00038159394171088934,0.26279446482658386,0.6005821824073792,0.0006647143163718283,0.6106224060058594,0.010694654658436775,-5.662169456481934,0.5773617625236511,0.0008596139377914369,0.5685005784034729,0.008861184120178223,-2.5649032592773438,0.7357385158538818,0.007062422577291727,0.7511551380157471,0.015416622161865234,-1.5407185554504395,0.2684493362903595,0.01080213114619255,0.3287109434604645,0.06026160717010498,-1.1769773960113525,0.1545819491147995,0.0,0.1545819491147995,0.0064238584600389,0.0,0.0064238584600389,0.0,0.0,-18.440671920776367,1785284040.9160962,66.78532004356384,258.92072916030884,65.17056819370802,27.95546739685927,0.0,93.36,True,4.582334280014038
472,0.003458053106442094,4.237034261223016e-07,0.0030445121228694916,0.0005196689162403345,2.800894094434625e-07,0.0008606253541074693,0.000535973347723484,-12.633980751037598,0.2610158920288086,0.00037060529575683177,0.26408132910728455,0.6107430458068848,0.0007379874004982412,0.6191495656967163,0.008947988040745258,-5.657544136047363,0.5860446095466614,0.0009489507647231221,0.5716421604156494,0.014402449131011963,-2.451843500137329,0.6751864552497864,0.006888240110129118,0.6852359771728516,0.010049521923065186,-1.5627005100250244,0.2419290393590927,0.010047795251011848,0.3296777307987213,0.0877486914396286,-0.998102068901062,0.15803581476211548,0.0,0.15803581476211548,0.00842374935746193,0.0,0.00842374935746193,0.0,0.0,-18.385936737060547,1785284041.0127249,66.88194870948792,259.0173578262329,64.88134120759497,27.797363268566286,0.0,93.36,True,4.582334280014038
473,0.0034374657552689314,4.1333149169986427e-07,0.0030240470077842474,0.0005687463562935591,2.8315955091784417e-07,0.0008974192896857858,0.0005281486082822084,-12.652753829956055,0.2604351341724396,0.00035562264383770525,0.2645540237426758,0.624973714351654,0.0008243947522714734,0.6248458623886108,0.004120873287320137,-5.659511089324951,0.599219560623169,0.001053756452165544,0.5810974836349487,0.018122076988220215,-2.3529305458068848,0.6180789470672607,0.006709753070026636,0.6224645376205444,0.004385590553283691,-1.5817248821258545,0.21908389031887054,0.009390038438141346,0.33000001311302185,0.1109161227941513,-0.7600380182266235,0.15344052016735077,0.0,0.15344052016735077,0.010203505866229534,0.0,0.010203505866229534,0.0,0.0,-18.356828689575195,1785284041.117841,66.98706483840942,259.1224739551544,64.56300617399657,27.401195089598865,0.0,93.36,True,4.582334280014038
474,0.0034058026503771544,3.9360250525533047e-07,0.0030432825442403555,0.0006356541998684406,2.7915089617636113e-07,0.000919369631446898,0.0004603425622917712,-12.770718574523926,0.25944024324417114,0.0003395200474187732,0.2643120586872101,0.639765739440918,0.0009049946093000472,0.6340281367301941,0.0075269294902682304,-5.606761455535889,0.6124464273452759,0.0011392985470592976,0.5881892442703247,0.024257183074951172,-2.211498975753784,0.5753248929977417,0.006572408601641655,0.5977905988693237,0.02246570587158203,-1.555102825164795,0.19964748620986938,0.008638635277748108,0.32935547828674316,0.12970799207687378,-0.4830424189567566,0.14579536020755768,0.0,0.14579536020755768,0.011867621913552284,0.0,0.011867621913552284,0.0,0.0,-18.36187744140625,1785284041.2229748,67.09219861030579,259.2276077270508,64.24971989222922,26.728031311361576,0.0,93.36,True,4.582334280014038
475,0.0033885242883116007,3.7692768728447845e-07,0.0031655030325055122,0.0007017429452389479,2.743312279562815e-07,0.0009980184258893132,0.0003708337026182562,-12.886226654052734,0.25934097170829773,0.00032486196141690016,0.2636227309703827,0.6517013311386108,0.0009793094359338284,0.6388002634048462,0.013593049719929695,-5.529314994812012,0.6222080588340759,0.0012036258121952415,0.5914310216903687,0.030777037143707275,-2.048781156539917,0.5467687845230103,0.006445925682783127,0.5789703130722046,0.032201528549194336,-1.522781491279602,0.1811421513557434,0.007830444723367691,0.3158203065395355,0.13467815518379211,-0.3477447032928467,0.1405407190322876,0.0,0.1405407190322876,0.01370908971875906,0.0,0.01370908971875906,0.0,0.0,-18.334070205688477,1785284041.317014,67.18623781204224,259.32164692878723,63.9086263747441,25.919569817460378,0.0,93.36,True,4.582334280014038
476,0.003372602164745331,3.6271916314944974e-07,0.003017981303855777,0.0007674288935959339,2.6999126134796825e-07,0.0009726535645313561,0.0004097232304047793,-12.888030052185059,0.2596451938152313,0.00031496770679950714,0.2622447907924652,0.6603858470916748,0.0010478361509740353,0.6468015909194946,0.01383076049387455,-5.5253753662109375,0.6289355754852295,0.00126096629537642,0.5990028381347656,0.029932737350463867,-2.0637295246124268,0.5259171724319458,0.006428070832043886,0.5522080063819885,0.026290833950042725,-1.5508371591567993,0.16500228643417358,0.007092668674886227,0.32548826932907104,0.16048598289489746,0.26025164127349854,0.1357370764017105,0.0,0.1357370764017105,0.015477615408599377,0.0,0.015477615408599377,0.0,0.0,-18.340194702148438,1785284041.422076,67.29129981994629,259.4267089366913,63.57365735371894,24.503111978992834,0.0,93.36,True,4.582334280014038
477,0.0033596425782889128,3.5414220178608957e-07,0.0029300996102392673,0.0008195983245968819,2.6803593300428474e-07,0.001008460996672511,0.00046922944602556527,-12.82794189453125,0.25952595472335815,0.0003078556328546256,0.26088011264801025,0.6681207418441772,0.0011274907737970352,0.6539850831031799,0.014200372621417046,-5.507352828979492,0.6350674033164978,0.0013273201184347272,0.6077122688293457,0.0273551344871521,-2.1114730834960938,0.5119304060935974,0.006509085651487112,0.545700192451477,0.03376978635787964,-1.5107392072677612,0.15123264491558075,0.006473405286669731,0.26087403297424316,0.10964138805866241,-0.6725786328315735,0.13140027225017548,0.0,0.13140027225017548,0.017208518460392952,0.0,0.017208518460392952,0.0,0.0,-18.289560317993164,1785284041.528066,67.3972897529602,259.5326988697052,63.18805394853851,24.019484414630362,0.0,93.36,True,4.582334280014038
478,0.0033524776808917522,3.4871146681325627e-07,0.0029493330512195826,0.0008606542833149433,2.671795016340184e-07,0.0010277277324348688,0.00043639334035106003,-12.87903118133545,0.25893062353134155,0.00030017943936400115,0.25859326124191284,0.6761307716369629,0.0012172148562967777,0.6618459224700928,0.014288832433521748,-5.489272117614746,0.641784131526947,0.0013837860897183418,0.6094611883163452,0.03232294321060181,-1.9950225353240967,0.5080004930496216,0.006514811422675848,0.5333753228187561,0.02537482976913452,-1.5484832525253296,0.13383749127388,0.0058720652014017105,0.0,0.13383749127388,-0.12460815906524658,0.12750943005084991,0.0,0.12750943005084991,0.019332027062773705,0.0,0.019332027062773705,0.0,0.0,-18.267959594726562,1785284041.6435,67.51272392272949,259.6481330394745,62.780849820091476,22.987886376501564,0.0,93.36,True,4.582334280014038
479,0.003350628539919853,3.303453581793292e-07,0.0028761583380401134,0.0009070946834981441,2.575564792550722e-07,0.0010717991972342134,0.000502244511153549,-12.816299438476562,0.25821661949157715,0.0002881938708014786,0.2568736970424652,0.6877680420875549,0.0012918694410473108,0.666557788848877,0.021252725273370743,-5.3866472244262695,0.6531162261962891,0.0014066623989492655,0.6185595393180847,0.034556686878204346,-1.9398620128631592,0.5132176876068115,0.006470089312642813,0.5318945646286011,0.01867687702178955,-1.5743874311447144,0.11171595752239227,0.005083033815026283,0.0,0.11171595752239227,-0.4943268299102783,0.12047763168811798,0.0,0.12047763168811798,0.021677866578102112,0.0,0.021677866578102112,0.0,0.0,-18.095548629760742,1785284041.7497656,67.61898946762085,259.75439858436584,62.20123472667862,22.326007009217797,0.0,93.36,True,4.582334280014038
480,0.0033361418172717094,3.217697042146028e-07,0.0030152415856719017,0.0009404616430401802,2.5413814341845864e-07,0.001120170345529914,0.0003677936620078981,-13.005975723266602,0.2556562125682831,0.0002777407062239945,0.254618763923645,0.7009971737861633,0.00139867071993649,0.6752031445503235,0.025814885273575783,-5.302868843078613,0.6655019521713257,0.001457337522879243,0.6241509914398193,0.04135096073150635,-1.7599806785583496,0.5228882431983948,0.0064491466619074345,0.5321129560470581,0.00922471284866333,-1.5963678359985352,0.09155596047639847,0.004483561962842941,0.0,0.09155596047639847,-0.8499273657798767,0.11390379071235657,0.0,0.11390379071235657,0.023945998400449753,0.0,0.023945998400449753,0.0,0.0,-18.12826156616211,1785284041.8435721,67.7127959728241,259.8482050895691,61.65433256966713,22.01972817780363,0.0,93.36,True,4.582334280014038
481,0.003310650819912553,3.1492567131863325e-07,0.0028257162775844336,0.0009701885282993317,2.51638084591832e-07,0.0011146599426865578,0.0005059975082986057,-12.830391883850098,0.25263887643814087,0.00026834409800358117,0.25187772512435913,0.7128431797027588,0.0015073851682245731,0.6825034022331238,0.03034932352602482,-5.216022491455078,0.6754820942878723,0.0015125422505661845,0.6290860176086426,0.046396076679229736,-1.616460919380188,0.5354875326156616,0.006436544936150312,0.5236512422561646,0.01183629035949707,-1.5930602550506592,0.07294991612434387,0.004042230546474457,0.0,0.07294991612434387,-1.178279161453247,0.10853974521160126,0.0,0.10853974521160126,0.026207255199551582,0.0,0.026207255199551582,0.0,0.0,-17.81144142150879,1785284041.9477854,67.81700921058655,259.95241832733154,60.790610268002325,22.04180114206283,0.0,93.36,True,4.582334280014038
482,0.003281407058238983,3.089272126999276e-07,0.0027228733524680138,0.0009952206164598465,2.4965822831291007e-07,0.0011071820044890046,0.0005696448497474194,-12.728775024414062,0.2496323436498642,0.0002608289651107043,0.24975351989269257,0.7227627038955688,0.0016065610107034445,0.6912209391593933,0.03154199570417404,-5.19511604309082,0.6831070184707642,0.0015678954077884555,0.6444196701049805,0.03868734836578369,-1.8327726125717163,0.5482398271560669,0.006418379954993725,0.48714423179626465,0.061095595359802246,-1.3145763874053955,0.05866427719593048,0.0037073625717312098,0.0,0.05866427719593048,-1.415635108947754,0.10428544133901596,0.0,0.10428544133901596,0.028169380500912666,0.0,0.028169380500912666,0.0,0.0,-17.801254272460938,1785284042.0216603,67.89088416099548,260.0262932777405,59.916700817289666,22.30123005381654,0.0,93.36,True,4.582334280014038
483,0.003248797031119466,3.0680297413709923e-07,0.00273992121219635,0.0010213656350970268,2.5085839183702774e-07,0.0011995142558589578,0.0005391581798903644,-12.774563789367676,0.24683217704296112,0.0002562392328400165,0.24716031551361084,0.7314022779464722,0.0017034735064953566,0.7028186321258545,0.02858552895486355,-5.2443437576293945,0.6895389556884766,0.0016269629122689366,0.649819016456604,0.03971993923187256,-1.8067293167114258,0.5591773390769958,0.006391663104295731,0.4822928309440613,0.07688450813293457,-1.1450247764587402,0.04857466369867325,0.0034537483006715775,0.0,0.04857466369867325,-1.5736240148544312,0.10034481436014175,0.0,0.10034481436014175,0.029613733291625977,0.0,0.029613733291625977,0.0,0.0,-17.873403549194336,1785284042.127099,67.99632287025452,260.1317319869995,59.114940643310405,22.718647871476925,0.0,93.36,True,4.582334280014038
484,0.0032125485595315695,3.029095978490659e-07,0.002681057434529066,0.0010452843271195889,2.504329188468546e-07,0.00119225203525275,0.000551436620298773,-12.757669448852539,0.2442418932914734,0.00025132682640105486,0.24400532245635986,0.7392373085021973,0.0017808922566473484,0.7077776193618774,0.03146057948470116,-5.193840026855469,0.6951906681060791,0.0016718866536393762,0.652263879776001,0.042926788330078125,-1.7268760204315186,0.5702186226844788,0.00633810181170702,0.48779183626174927,0.08242678642272949,-1.0756707191467285,0.04195244610309601,0.0032591253984719515,0.0,0.04195244610309601,-1.6741974353790283,0.09698719531297684,0.0,0.09698719531297684,0.03051503747701645,0.0,0.03051503747701645,0.0,0.0,-17.776180267333984,1785284042.22181,68.09103393554688,260.22644305229187,58.21595718747079,23.23663910966191,0.0,93.36,True,4.582334280014038
485,0.0031753829680383205,2.977681674565247e-07,0.002640439197421074,0.0010704633314162493,2.491618715794175e-07,0.0011836998164653778,0.0005467973533086479,-12.771932601928711,0.24198852479457855,0.0002468458842486143,0.24165523052215576,0.7462302446365356,0.0018422009889036417,0.7082863450050354,0.03794536367058754,-5.072902202606201,0.7000584602355957,0.0017065303400158882,0.6612135171890259,0.038844943046569824,-1.8256032466888428,0.5795415639877319,0.006286440882831812,0.5253185033798218,0.054223060607910156,-1.3818938732147217,0.03743085265159607,0.0030985658522695303,0.0,0.03743085265159607,-1.7433860301971436,0.09369029849767685,0.0,0.09369029849767685,0.030985644087195396,0.0,0.030985644087195396,0.0,0.0,-17.74305534362793,1785284042.3261888,68.19541263580322,260.3308217525482,57.283848807925125,23.823818942665007,0.0,93.36,True,4.582334280014038
486,0.003134835511445999,2.937889007625927e-07,0.0026552709750831127,0.0010944518726319075,2.48702036742543e-07,0.0013275441015139222,0.0005332111613824964,-12.785192489624023,0.23977956175804138,0.00024265040701720864,0.23872606456279755,0.752979576587677,0.0018971547251567245,0.7160969376564026,0.0368976816534996,-5.0969624519348145,0.7049765586853027,0.001733047072775662,0.671256959438324,0.03371959924697876,-1.931960105895996,0.5896379947662354,0.0062366630882024765,0.570589542388916,0.019048452377319336,-1.5906269550323486,0.03411389887332916,0.00296617578715086,0.0,0.03411389887332916,-1.795130968093872,0.09020121395587921,0.0,0.09020121395587921,0.031124044209718704,0.0,0.031124044209718704,0.0,0.0,-17.82874298095703,1785284042.4203238,68.28954768180847,260.42495679855347,56.43742806570856,24.462743713564834,0.0,93.36,True,4.582334280014038
487,0.003089487086981535,2.929840832166519e-07,0.0025173125322908163,0.0011252895928919315,2.511907553071069e-07,0.0012539724120870233,0.000586466514505446,-12.690555572509766,0.23766222596168518,0.00023963896092027426,0.2354465276002884,0.7608060836791992,0.0019583716057240963,0.7249586582183838,0.035915836691856384,-5.109800815582275,0.7107824087142944,0.0017586681060492992,0.6798362731933594,0.03094613552093506,-1.980391263961792,0.6011752486228943,0.006211579777300358,0.6168975234031677,0.015722274780273438,-1.6018339395523071,0.03103981912136078,0.0028633545152843,0.0,0.03103981912136078,-1.840700626373291,0.08658356219530106,0.0,0.08658356219530106,0.031236542388796806,0.0,0.031236542388796806,0.0,0.0,-17.768592834472656,1785284042.546589,68.41581273078918,260.5512218475342,55.53085717700762,25.14723814274408,0.0,93.36,True,4.582334280014038
488,0.003043966367840767,2.9878512464165397e-07,0.0024222617503255606,0.0011597357224673033,2.597418529148854e-07,0.0012972942786291242,0.0006367408786900342,-12.572443008422852,0.2352822721004486,0.0002383161918260157,0.23315469920635223,0.7706103324890137,0.002052031923085451,0.7345582842826843,0.03611477091908455,-5.101346015930176,0.7182678580284119,0.0018057371489703655,0.6895103454589844,0.02875751256942749,-2.0104639530181885,0.6156966686248779,0.006193326320499182,0.6335824131965637,0.01788574457168579,-1.5973767042160034,0.02756136655807495,0.00278803170658648,0.0,0.02756136655807495,-1.8860408067703247,0.08267516642808914,0.0,0.08267516642808914,0.0315731056034565,0.0,0.0315731056034565,0.0,0.0,-17.65875244140625,1785284042.64204,68.51126384735107,260.64667296409607,54.51444589524027,25.87707275232036,0.0,93.36,True,4.582334280014038
489,0.0029995522927492857,3.1271028433366155e-07,0.002512776292860508,0.0012000440619885921,2.7600250973591756e-07,0.0013269271003082395,0.000503040908370167,-12.794513702392578,0.23279131948947906,0.0002396039926679805,0.23083478212356567,0.7825109958648682,0.0021852662321180105,0.7469558715820312,0.035608917474746704,-5.096157073974609,0.7272498607635498,0.0018787720473483205,0.6962398290634155,0.031010031700134277,-1.9637120962142944,0.6314586400985718,0.006192522589117289,0.6563596725463867,0.02490103244781494,-1.5732024908065796,0.023567423224449158,0.0027415866497904062,0.0,0.023567423224449158,-1.9293746948242188,0.07852575182914734,0.0,0.07852575182914734,0.0322306826710701,0.0,0.0322306826710701,0.0,0.0,-17.853294372558594,1785284042.7469392,68.6161630153656,260.7515721321106,53.69257654462527,26.650241249950533,0.0,93.36,True,4.582334280014038
490,0.002950069960206747,3.2464734545101237e-07,0.0023675914853811264,0.0012412720825523138,2.908812462010246e-07,0.0013513581361621618,0.0005927900783717632,-12.614191055297852,0.23022112250328064,0.00024052054504863918,0.2287857085466385,0.794295072555542,0.002314257435500622,0.7548224925994873,0.039498671889305115,-5.02189826965332,0.735571563243866,0.001945242052897811,0.6997718214988708,0.03579974174499512,-1.8728210926055908,0.6470931768417358,0.006193873938173056,0.6525018215179443,0.005408644676208496,-1.6207972764968872,0.019856378436088562,0.002687878208234906,0.0,0.019856378436088562,-1.9672198295593262,0.07466346025466919,0.0,0.07466346025466919,0.03301125019788742,0.0,0.03301125019788742,0.0,0.0,-17.5681209564209,1785284042.8418128,68.7110366821289,260.8464457988739,52.58553377787257,27.461254882315814,0.0,93.36,True,4.582334280014038
491,0.0028985044918954372,3.326427133742982e-07,0.002288039308041334,0.0012812260538339615,3.027020909485145e-07,0.0013573016040027142,0.0006151871639303863,-12.555757522583008,0.2278202921152115,0.00024135151761583984,0.2275763303041458,0.8044949769973755,0.0024181066546589136,0.7640870213508606,0.04040869325399399,-5.001392841339111,0.7421644926071167,0.0019948978442698717,0.7184153199195862,0.023749172687530518,-2.048276424407959,0.6591454744338989,0.006199974101036787,0.6841973662376404,0.025051891803741455,-1.5720535516738892,0.017050132155418396,0.002622968750074506,0.0,0.017050132155418396,-1.9973702430725098,0.07119704782962799,0.0,0.07119704782962799,0.033736467361450195,0.0,0.033736467361450195,0.0,0.0,-17.581008911132812,1785284042.9464962,68.81572008132935,260.95112919807434,51.491378965831785,28.302418928194278,0.0,93.36,True,4.582334280014038
492,0.0028407834470272064,3.378098654138739e-07,0.0015314151532948017,0.0013231380144134164,3.123542740013363e-07,0.0009066766360774636,0.0013740034773945808,-10.28685474395752,0.2254357486963272,0.00024204934015870094,0.2264973521232605,0.8133236169815063,0.002510492457076907,0.7768471837043762,0.03649187833070755,-5.051623821258545,0.7476694583892822,0.0020327777601778507,0.7245883941650391,0.023081064224243164,-2.049201011657715,0.670960009098053,0.006234606262296438,0.6824630498886108,0.011503040790557861,-1.6092697381973267,0.014495491981506348,0.0025471653789281845,0.0,0.014495491981506348,-2.026202917098999,0.06821713596582413,0.0,0.06821713596582413,0.03450945392251015,0.0,0.03450945392251015,0.0,0.0,-15.352754592895508,1785284043.021291,68.89051485061646,261.02592396736145,48.168969835553696,29.172415648099232,0.0,93.36,True,4.582334280014038
493,0.0027875504456460476,3.421924930080422e-07,0.0030205557122826576,0.0013574076583608985,3.217129176391609e-07,0.002067563124001026,0.0007474036538042128,-12.217737197875977,0.22328877449035645,0.0002430194872431457,0.22588805854320526,0.8205159902572632,0.002588603412732482,0.7798214554786682,0.04077746346592903,-4.967852592468262,0.751829981803894,0.002066304674372077,0.72284334897995,0.028986632823944092,-1.9687422513961792,0.6798878312110901,0.006257663946598768,0.6920374035835266,0.012149572372436523,-1.606241226196289,0.01258067786693573,0.0024806377477943897,0.0,0.01258067786693573,-2.0487794876098633,0.06565036624670029,0.0,0.06565036624670029,0.035194139927625656,0.0,0.035194139927625656,0.0,0.0,-17.176389694213867,1785284043.1259537,68.99517750740051,261.1305866241455,46.670195806593966,30.06498893851505,0.0,93.36,True,4.582334280014038
494,0.002721573691815138,3.3414838185308327e-07,0.0022275717929005623,0.0014112219214439392,3.214220214431407e-07,0.001472244504839182,0.0004977565840817988,-12.722262382507324,0.22285017371177673,0.00024203966313507408,0.22554747760295868,0.8249738812446594,0.002630706876516342,0.7789480686187744,0.046104781329631805,-4.877924919128418,0.7538375854492188,0.002065734937787056,0.7232326865196228,0.030604898929595947,-1.9454824924468994,0.6847123503684998,0.00623482558876276,0.7048582434654236,0.020145893096923828,-1.5873162746429443,0.011073954403400421,0.002368462737649679,0.0,0.011073954403400421,-2.077929735183716,0.06366385519504547,0.0,0.06366385519504547,0.035669609904289246,0.0,0.035669609904289246,0.0,0.0,-17.59734535217285,1785284043.222007,69.09123086929321,261.2266399860382,45.59237743559322,30.98671247650472,0.0,93.36,True,4.582334280014038
495,0.0026525964494794607,3.2530849125578243e-07,0.0021638949401676655,0.0014493749476969242,3.202691232218058e-07,0.0015627669636160135,0.0005016840877942741,-12.72126579284668,0.22168663144111633,0.00024049669445957989,0.22519366443157196,0.8288021087646484,0.0026762227062135935,0.7807103395462036,0.0482194721698761,-4.832524299621582,0.7556127309799194,0.0020744074136018753,0.7322372198104858,0.023375511169433594,-2.0383973121643066,0.6891503930091858,0.0062194629572331905,0.7180987596511841,0.02894836664199829,-1.553727626800537,0.009825468063354492,0.0022459938190877438,0.0,0.009825468063354492,-2.1088733673095703,0.06219586357474327,0.0,0.06219586357474327,0.036273758858442307,0.0,0.036273758858442307,0.0,0.0,-17.60648536682129,1785284043.3263772,69.19560098648071,261.3310101032257,44.52369907924091,31.939379646620246,0.0,93.36,True,4.582334280014038
496,0.0025931766722351313,3.2334384059140575e-07,0.002058539306744933,0.001480307662859559,3.24666274309493e-07,0.0015975410351529717,0.0005473397322930396,-12.641464233398438,0.2200334370136261,0.00024081887386273593,0.22503602504730225,0.8330780267715454,0.0027441440615803003,0.7927504777908325,0.04063664749264717,-4.928714752197266,0.7579274773597717,0.0021012567449361086,0.7443890571594238,0.0135384202003479,-2.1200573444366455,0.6945706605911255,0.006263756193220615,0.7259795069694519,0.031408846378326416,-1.5388011932373047,0.008516937494277954,0.002163103548809886,0.0,0.008516937494277954,-2.132399797439575,0.06102162227034569,0.0,0.06102162227034569,0.03695518150925636,0.0,0.03695518150925636,0.0,0.0,-17.64446449279785,1785284043.421171,69.29039478302002,261.425803899765,43.49299984886517,32.915573246865776,0.0,93.36,True,4.582334280014038
497,0.002541693625971675,3.266068802076916e-07,0.00220782239921391,0.0015092609683051705,3.3474123029009206e-07,0.0017543749418109655,0.00041418697219341993,-12.82394027709961,0.21825331449508667,0.00024292820307891816,0.22484397888183594,0.836502194404602,0.0028405028861016035,0.8040395975112915,0.03312487155199051,-4.980480194091797,0.7599301338195801,0.0021498333662748337,0.7492265105247498,0.010703623294830322,-2.125598430633545,0.7008509635925293,0.006415537558495998,0.7459629774093628,0.045112013816833496,-1.4469711780548096,0.007382631301879883,0.0020669004879891872,0.0,0.007382631301879883,-2.158729314804077,0.06242316588759422,0.0,0.06242316588759422,0.03854259476065636,0.0,0.03854259476065636,0.0,0.0,-17.871124267578125,1785284043.5278616,69.39708542823792,261.5324945449829,42.688960393269696,33.91809636447581,0.0,93.36,True,4.582334280014038
498,0.002499785739928484,3.291016241746547e-07,0.002127172192558646,0.0015427495818585157,3.438277360601205e-07,0.0016920961206778884,0.00040142901707440615,-12.823760032653809,0.2174472063779831,0.0002448997984174639,0.22475974261760712,0.8393962979316711,0.0029353194404393435,0.8166829347610474,0.0238614771515131,-5.037871837615967,0.7614491581916809,0.002195937093347311,0.7534441947937012,0.008004963397979736,-2.1270439624786377,0.7070738077163696,0.006578249856829643,0.7423802614212036,0.035306453704833984,-1.4983071088790894,0.006738156080245972,0.001992663135752082,0.0,0.006738156080245972,-2.1788105964660645,0.0638682022690773,0.0,0.0638682022690773,0.03998147323727608,0.0,0.03998147323727608,0.0,0.0,-17.917579650878906,1785284043.6224437,69.49166750907898,261.627076625824,41.931376320975005,34.94070076374783,0.0,93.36,True,4.582334280014038
499,0.002459421521052718,3.319987342820241e-07,0.0020071545150130987,0.0015772435581311584,3.535559187639592e-07,0.0017450394807383418,0.0004823908384423703,-12.700933456420898,0.2171066254377365,0.0002467802260071039,0.22494088113307953,0.8413505554199219,0.003027547849342227,0.8241091966629028,0.018937792629003525,-5.042184352874756,0.7622513771057129,0.0022401807364076376,0.760953426361084,0.0012979507446289062,-2.1312849521636963,0.7116107940673828,0.006728510372340679,0.7573096752166748,0.04569888114929199,-1.4265727996826172,0.006550803780555725,0.0019343335879966617,0.0,0.006550803780555725,-2.193965196609497,0.06554517149925232,0.0,0.06554517149925232,0.04138296842575073,0.0,0.04138296842575073,0.0,0.0,-17.800323486328125,1785284043.7282307,69.59745454788208,261.7328636646271,41.05653608412953,35.97845976316328,0.0,93.36,True,4.582334280014038
500,0.002412304515019059,3.3580494118723436e-07,0.0018009222112596035,0.0016165191773325205,3.6579623952093243e-07,0.0019618782680481672,0.0007021831697784364,-12.306497573852539,0.21668760478496552,0.000248575524892658,0.22540198266506195,0.8427661061286926,0.003149784170091152,0.8313089609146118,0.014394670724868774,-5.018626689910889,0.7628028392791748,0.0023009078577160835,0.7626370787620544,0.00016576051712036133,-2.118281126022339,0.7186519503593445,0.006919028237462044,0.7270503640174866,0.00839841365814209,-1.56270432472229,0.0065437257289886475,0.0018501641461625695,0.0,0.0065437257289886475,-2.2157299518585205,0.06820932030677795,0.0,0.06820932030677795,0.043304864317178726,0.0,0.043304864317178726,0.0,0.0,-17.38054084777832,1785284043.8437276,69.71295142173767,261.84836053848267,39.761913208734256,37.037983517827755,0.0,93.36,True,4.582334280014038
501,0.0023524463176727295,3.417264906602213e-07,0.0018589876126497984,0.0016624208074063063,3.831124502085004e-07,0.001954865176230669,0.0005736071616411209,-12.526321411132812,0.21634507179260254,0.00025112705770879984,0.22582204639911652,0.8435670733451843,0.0032975077629089355,0.8296513557434082,0.01683627814054489,-4.956010341644287,0.7630196213722229,0.002378471428528428,0.7519420385360718,0.011077582836151123,-2.075913667678833,0.7242224812507629,0.007145626936107874,0.6941002011299133,0.03012228012084961,-1.4881987571716309,0.006626635789871216,0.0017530751647427678,0.0,0.006626635789871216,-2.2417290210723877,0.07151947915554047,0.0,0.07151947915554047,0.045731719583272934,0.0,0.045731719583272934,0.0,0.0,-17.529085159301758,1785284043.9509983,69.82022213935852,261.9556312561035,38.61583464486242,38.1235063417061,0.0,93.36,True,4.582334280014038
502,0.002290265168994665,3.457465993506048e-07,0.001691936980932951,0.001710717799142003,3.9883636304693937e-07,0.002070574089884758,0.0006982070626690984,-12.288201332092285,0.21654865145683289,0.00025303769507445395,0.22648753225803375,0.8441152572631836,0.0034312065690755844,0.8107242584228516,0.03483877331018448,-4.782866477966309,0.7629953026771545,0.0024432919453829527,0.7383086085319519,0.024686694145202637,-1.963550329208374,0.7290598154067993,0.007272799499332905,0.7134884595870972,0.015571355819702148,-1.5261991024017334,0.006772369146347046,0.0016838896553963423,0.0,0.006772369146347046,-2.2607672214508057,0.07201342284679413,0.0,0.07201342284679413,0.04688933864235878,0.0,0.04688933864235878,0.0,0.0,-17.096269607543945,1785284044.0451586,69.91438245773315,262.04979157447815,37.036940529232766,39.22806736596286,0.0,93.36,True,4.582334280014038
503,0.0021456927061080933,3.3159150802930526e-07,0.002020226325839758,0.0017745387740433216,4.0125271993929346e-07,0.002947371220216155,0.0011795243481174111,-11.24835205078125,0.216948002576828,0.0002504020812921226,0.22670744359493256,0.8432221412658691,0.003509123809635639,0.8022657632827759,0.042103108018636703,-4.7053422927856445,0.7596597671508789,0.0024556771386414766,0.7355706691741943,0.02408909797668457,-1.9675860404968262,0.7254664897918701,0.0072985319420695305,0.6956692337989807,0.029797255992889404,-1.4802768230438232,0.006703287363052368,0.0015604925574734807,0.0,0.006703287363052368,-2.2980411052703857,0.06479302048683167,0.0,0.06479302048683167,0.04458964616060257,0.0,0.04458964616060257,0.0,0.0,-15.996418952941895,1785284044.1418395,70.01106333732605,262.14647245407104,34.35819575900106,40.3699022740392,0.0,93.36,True,4.582334280014038
