window,position_pred_mean_0,position_pred_var_0,position_actual_0,position_pred_mean_1,position_pred_var_1,position_actual_1,position_residual_l2,position_nll,velocity_pred_mean_0,velocity_pred_var_0,velocity_actual_0,velocity_pred_mean_1,velocity_pred_var_1,velocity_actual_1,velocity_residual_l2,velocity_nll,steering_pred_mean,steering_pred_var,steering_actual,steering_residual,steering_nll,acceleration_pred_mean,acceleration_pred_var,acceleration_actual,acceleration_residual,acceleration_nll,traffic_light_state_pred_mean,traffic_light_state_pred_var,traffic_light_state_actual,traffic_light_state_residual,traffic_light_state_nll,traffic_light_detected_pred,traffic_light_detected_actual,traffic_light_detected_residual,traffic_light_discrepancy_pred,traffic_light_discrepancy_actual,traffic_light_discrepancy_residual,has_adjacent_lane_actual,n_objects_actual,combined_nll,t_sim,t_bag_rel,t_rel_fault,cusum_combined,cusum_tl_state,cusum_tl_discrepancy,permanent_stop_rel_s,likely_static_collision,mrm_first_trigger_rel_s
0,0.00014022586401551962,1.8177429410570767e-06,0.00013957078044768423,-0.0001903381198644638,1.4212836276783491e-06,9.187099931295961e-05,0.0002822098904289305,-11.475037574768066,0.010746806859970093,0.0014513025525957346,0.017008736729621887,0.45433127880096436,0.0007284804014489055,0.4903773367404938,0.03658592700958252,-4.136734962463379,0.4504120647907257,0.002683753613382578,0.40617379546165466,0.044238269329071045,-1.676724910736084,0.7128447890281677,0.019496846944093704,0.7784336805343628,0.06558889150619507,-0.9394897222518921,0.7970250844955444,0.05021907389163971,1.0,0.20297491550445557,-0.16655078530311584,0.013279209844768047,0.0,0.013279209844768047,7.405060023302212e-05,0.0,7.405060023302212e-05,1.0,2.0,-15.622788429260254,1785284683.9172578,8.17630410194397,-27.686174631118774,0.0,0.0,0.0,65.94,True,5.476089954376221
1,9.377952665090561e-05,1.8637492757989094e-06,0.00019441913173068315,-0.00019375095143914223,1.4760703379579354e-06,0.00012775805953424424,0.00033689223346300423,-11.433915138244629,0.010489672422409058,0.0014749426627531648,0.019030587747693062,0.45238012075424194,0.000728532497305423,0.4872053861618042,0.03585730493068695,-4.176843643188477,0.44961151480674744,0.0026802977081388235,0.39389604330062866,0.055715471506118774,-1.4628949165344238,0.7199168801307678,0.019496623426675797,0.7943395376205444,0.07442265748977661,-0.9077751636505127,0.7783082723617554,0.05023481696844101,1.0,0.22169172763824463,-0.08741003274917603,0.0111259575933218,0.0,0.0111259575933218,6.853119703009725e-05,0.0,6.853119703009725e-05,1.0,2.0,-15.506837844848633,1785284684.042418,8.301464319229126,-27.561014413833618,94.59190277112734,0.016246952458259134,0.0,65.94,True,5.476089954376221
2,4.733703099191189e-05,1.915842176458682e-06,0.00022009786334820092,-0.0001943758688867092,1.533964677946642e-06,0.00014414048928301781,0.00038005216629244387,-11.393486022949219,0.010333240032196045,0.0014985395828261971,0.021075187250971794,0.4505499303340912,0.0007332685054279864,0.48462679982185364,0.03572985529899597,-4.192433834075928,0.44890835881233215,0.002686514286324382,0.3859082758426666,0.06300008296966553,-1.3021252155303955,0.7271330952644348,0.019465196877717972,0.7953994274139404,0.06826633214950562,-0.9309167861938477,0.7566484212875366,0.050141941756010056,1.0,0.24335157871246338,0.013013243675231934,0.009658523835241795,0.0,0.009658523835241795,6.670787115581334e-05,0.0,6.670787115581334e-05,1.0,2.0,-15.3984956741333,1785284684.1378722,8.396918535232544,-27.4655601978302,189.07546337153934,0.13291718134092623,0.0,65.94,True,5.476089954376221
3,6.385729648172855e-06,1.9438359686319018e-06,0.00023486121790483594,-0.00019560568034648895,1.5699212099207216e-06,0.0001536816853331402,0.0004173759662080556,-11.36750602722168,0.010358273983001709,0.0015124292112886906,0.023465096950531006,0.44912660121917725,0.0007331937085837126,0.4811011552810669,0.03455663472414017,-4.264195442199707,0.4483403265476227,0.002666449174284935,0.3737316131591797,0.074608713388443,-1.000768780708313,0.7342026233673096,0.019207337871193886,0.8002749085426331,0.06607228517532349,-0.9436502456665039,0.7345414161682129,0.049799490720033646,1.0,0.2654585838317871,0.12658309936523438,0.00876530259847641,0.0,0.00876530259847641,6.778899114578962e-05,0.0,6.778899114578962e-05,1.0,2.0,-15.27924633026123,1785284684.2224975,8.481543779373169,-27.380934953689575,283.43977462807925,0.36315726591359576,0.0,65.94,True,5.476089954376221
4,-2.493336796760559e-05,1.9346589397173375e-06,0.00023127502936404198,-0.00019485875964164734,1.5697800108682713e-06,0.000150998544995673,0.000430418411269784,-11.367135047912598,0.011067867279052734,0.001508741290308535,0.02518082968890667,0.448241263628006,0.0007253412622958422,0.4792892336845398,0.03410501778125763,-4.2942914962768555,0.44805702567100525,0.002606176072731614,0.36899906396865845,0.0790579617023468,-0.8568911552429199,0.7418837547302246,0.01868828944861889,0.8035120964050293,0.06162834167480469,-0.9693747162818909,0.7115733623504639,0.0492461659014225,0.99609375,0.28452038764953613,0.23538678884506226,0.008211774751543999,0.0,0.008211774751543999,7.119088695617393e-05,0.0,7.119088695617393e-05,1.0,2.0,-15.231014251708984,1785284684.327993,8.587039232254028,-27.275439500808716,377.75585380606697,0.7022010399660932,0.0,65.94,True,5.476089954376221
5,-5.242670886218548e-05,1.845209339990106e-06,0.0002936427481472492,-0.00019361288286745548,1.5002273130448884e-06,0.0001912510342663154,0.0005175754195079207,-11.386710166931152,0.012473583221435547,0.0014737497549504042,0.027570217847824097,0.44875115156173706,0.0006949659436941147,0.47573864459991455,0.030923020094633102,-4.456596374511719,0.4486505687236786,0.0024485329631716013,0.3606867790222168,0.08796378970146179,-0.5071405172348022,0.7517191171646118,0.017696410417556763,0.8091148734092712,0.057395756244659424,-1.0051807165145874,0.6888623237609863,0.047948434948921204,1.0,0.31113767623901367,0.4096111059188843,0.00789119303226471,0.0,0.00789119303226471,7.59599352022633e-05,0.0,7.59599352022633e-05,1.0,2.0,-15.205557823181152,1785284684.432621,8.691667318344116,-27.170811414718628,472.04647655552685,1.2154691310924126,0.0,65.94,True,5.476089954376221
6,-5.6895543821156025e-05,1.8081503867506399e-06,0.00029462596285156906,-0.0001869620755314827,1.4642243968410185e-06,0.00019129326392430812,0.0005163762834854424,-11.407791137695312,0.013749629259109497,0.0014542874414473772,0.029970206320285797,0.4467211961746216,0.0006843969458714128,0.4720064401626587,0.030040817335247993,-4.514684677124023,0.44721102714538574,0.002384008141234517,0.35193508863449097,0.09527593851089478,-0.1967148780822754,0.7586901187896729,0.017107218503952026,0.8130068182945251,0.054316699504852295,-1.0289591550827026,0.6783925294876099,0.048169609159231186,1.0,0.32160747051239014,0.47604143619537354,0.007945733144879341,0.0,0.007945733144879341,8.10921992524527e-05,0.0,8.10921992524527e-05,1.0,1.0,-15.11789608001709,1785284684.5370774,8.796123743057251,-27.066354990005493,566.2494375618227,1.7951675524952213,0.0,65.94,True,5.476089954376221
7,-3.483169712126255e-05,1.7224379007529933e-06,0.00026567213353700936,-0.00018738815560936928,1.396056745761598e-06,0.00017171552462968975,0.00046824992750771344,-11.466537475585938,0.01446300745010376,0.0014149888884276152,0.0313379131257534,0.4459957480430603,0.0006823004805482924,0.47001802921295166,0.029356982558965683,-4.563951015472412,0.44668519496917725,0.00235265982337296,0.34873440861701965,0.09795078635215759,-0.06812119483947754,0.7654892206192017,0.01621904782950878,0.8165693283081055,0.05108010768890381,-1.0614104270935059,0.6708000898361206,0.048440225422382355,1.0,0.3291999101638794,0.5238479375839233,0.008429668843746185,0.0,0.008429668843746185,8.567012991989031e-05,0.0,8.567012991989031e-05,1.0,1.0,-15.151759147644043,1785284684.6313365,8.890382766723633,-26.97209596633911,660.4862616357454,2.42267247528658,0.0,65.94,True,5.476089954376221
8,-8.439179509878159e-06,1.649880118748115e-06,0.0003434843965806067,-0.0001838121097534895,1.3279560562295956e-06,0.00022088282275944948,0.0005363097880035639,-11.486263275146484,0.01678362488746643,0.00137966382317245,0.03340226411819458,0.4451463520526886,0.0006738511146977544,0.4681171178817749,0.02835198864340782,-4.614719390869141,0.4463135004043579,0.0022734564263373613,0.34897422790527344,0.09733927249908447,-0.040471553802490234,0.7719111442565918,0.015466089360415936,0.822166383266449,0.05025523900985718,-1.0839650630950928,0.662919282913208,0.04812921583652496,0.9990234375,0.336104154586792,0.5755754709243774,0.009029669687151909,0.0,0.009029669687151909,9.248522110283375e-05,0.0,9.248522110283375e-05,1.0,1.0,-15.198274612426758,1785284684.7359104,8.994956731796265,-26.86752200126648,754.7696011744509,3.1019049314183924,0.0,65.94,True,5.476089954376221
9,1.6682548448443413e-05,1.5801870176801458e-06,0.0003809361660387367,-0.00018396484665572643,1.2645467677430133e-06,0.00024383697018492967,0.0005618674913421273,-11.517158508300781,0.018889009952545166,0.0013488116674125195,0.03579963743686676,0.4447587728500366,0.000662116683088243,0.4659300446510315,0.02709597907960415,-4.681938171386719,0.4462122321128845,0.002180305775254965,0.34770452976226807,0.09850770235061646,0.08011627197265625,0.7779874801635742,0.014698968268930912,0.823891818523407,0.045904338359832764,-1.1193716526031494,0.6547454595565796,0.0477396622300148,1.0,0.3452545404434204,0.6463873386383057,0.009739406406879425,0.0,0.009739406406879425,0.00010139383812202141,0.0,0.00010139383812202141,1.0,1.0,-15.222650527954102,1785284684.8406453,9.09969162940979,-26.762787103652954,849.0773166286838,3.851949255264133,0.0,65.94,True,5.476089954376221
10,5.098339170217514e-05,1.5130688097997336e-06,0.0003246085543651134,-0.0001841012854129076,1.2039216699122335e-06,0.0002068458852590993,0.0004771901003550738,-11.589554786682129,0.021096378564834595,0.001321762683801353,0.03750528395175934,0.4444286823272705,0.0006483360193669796,0.46355050802230835,0.02519715018570423,-4.763227939605713,0.44602274894714355,0.0020825136452913284,0.3456842303276062,0.10033851861953735,0.24907612800598145,0.7834175229072571,0.013946490362286568,0.827373743057251,0.043956220149993896,-1.1480549573898315,0.6466267108917236,0.0473288856446743,1.0,0.35337328910827637,0.7128229141235352,0.010540572926402092,0.0,0.010540572926402092,0.00011206193448742852,0.0,0.00011206193448742852,1.0,1.0,-15.275598526000977,1785284684.9250193,9.184065580368042,-26.678413152694702,943.4379800809635,4.668429154595103,0.0,65.94,True,5.476089954376221
11,9.285868145525455e-05,1.445864199922653e-06,0.00041766217327676713,-0.00018111290410161018,1.1433064628363354e-06,0.00026460635126568377,0.0005515097291208804,-11.60295295715332,0.023395225405693054,0.0012990067480131984,0.03955184295773506,0.4442555904388428,0.0006313384510576725,0.46146050095558167,0.023601805791258812,-4.83413028717041,0.44585373997688293,0.001980783883482218,0.3456815779209137,0.10017216205596924,0.33975934982299805,0.7881113886833191,0.013209796510636806,0.8289562463760376,0.040844857692718506,-1.181313395500183,0.6392933130264282,0.046956419944763184,1.0,0.3607066869735718,0.7750970125198364,0.011421547271311283,0.0,0.011421547271311283,0.000124078564113006,0.0,0.000124078564113006,1.0,1.0,-15.300376892089844,1785284685.029838,9.288884401321411,-26.573594331741333,1037.823421899332,5.547183152322374,0.0,65.94,True,5.476089954376221
12,0.00014014053158462048,1.3782519090455025e-06,0.00044929710566066206,-0.00017489586025476456,1.0832816315087257e-06,0.00028256370569579303,0.0005521295825019479,-11.645963668823242,0.025595277547836304,0.0012814773945137858,0.04193678870797157,0.4442703127861023,0.0006101070321165025,0.46007299423217773,0.0227325689047575,-4.8840813636779785,0.44576340913772583,0.0018752034520730376,0.3480567932128906,0.0977066159248352,0.32489848136901855,0.7917956709861755,0.012471753172576427,0.8274481892585754,0.0356525182723999,-1.2222466468811035,0.6335605382919312,0.04663485288619995,1.0,0.36643946170806885,0.8259080648422241,0.01232087705284357,0.0,0.01232087705284357,0.0001366438518743962,0.0,0.0001366438518743962,1.0,1.0,-15.390779495239258,1785284685.1347508,9.393797159194946,-26.468681573867798,1132.29926632085,6.476748202372033,0.0,65.94,True,5.476089954376221
13,0.000187933212146163,1.3098998579152976e-06,0.0003728487354237586,-0.00016858335584402084,1.0259097962261876e-06,0.0002337672922294587,0.0004428089887369424,-11.737916946411133,0.027491837739944458,0.0012663014931604266,0.043410565704107285,0.44475433230400085,0.000582586566451937,0.45868736505508423,0.02115502953529358,-4.955299377441406,0.4459833800792694,0.0017560208216309547,0.3499629497528076,0.09602043032646179,0.37181758880615234,0.7950055599212646,0.011687424965202808,0.8299885988235474,0.034983038902282715,-1.2533262968063354,0.6300210952758789,0.04632050544023514,0.9970703125,0.3670492172241211,0.8371241092681885,0.0131271006539464,0.0,0.0131271006539464,0.000148400868056342,0.0,0.000148400868056342,1.0,1.0,-15.516246795654297,1785284685.228314,9.48736023902893,-26.375118494033813,1226.9005780427829,7.417529296847656,0.0,65.94,True,5.476089954376221
14,0.00023309816606342793,1.2533173503470607e-06,0.00048551775398664176,-0.00016587902791798115,9.815869361773366e-07,0.0003024148172698915,0.0005319913034327328,-11.73690414428711,0.029193520545959473,0.0012511942768469453,0.04535527154803276,0.44557613134384155,0.0005544036393985152,0.4524705410003662,0.01757085882127285,-5.105510711669922,0.4464525878429413,0.0016354101244360209,0.3510129451751709,0.09543964266777039,0.4958517551422119,0.7988550066947937,0.010895902290940285,0.8320687413215637,0.03321373462677002,-1.290123462677002,0.6276394128799438,0.046116311103105545,1.0,0.37236058712005615,0.8839346170425415,0.013658941723406315,0.0,0.013658941723406315,0.00015832945064175874,0.0,0.00015832945064175874,1.0,1.0,-15.573387145996094,1785284685.3328369,9.591883182525635,-26.27059555053711,1321.5590301150576,8.405120899097632,0.0,65.94,True,5.476089954376221
15,0.0002684323117136955,1.200682163471356e-06,0.0005195311969146132,-0.00016992934979498386,9.453574421058875e-07,0.00032155963708646595,0.0005519167170859873,-11.76026725769043,0.030302688479423523,0.001234360272064805,0.04771658778190613,0.4468417465686798,0.000522268412169069,0.4596688151359558,0.02162816748023033,-5.009036064147949,0.44714221358299255,0.0015078881988301873,0.3566378057003021,0.09050440788269043,0.38648200035095215,0.8038269877433777,0.010107574053108692,0.8300901651382446,0.026263177394866943,-1.3441758155822754,0.6259092092514038,0.04598047211766243,0.998046875,0.3721376657485962,0.8850959539413452,0.0139225535094738,0.0,0.0139225535094738,0.00016672683705110103,0.0,0.00016672683705110103,1.0,1.0,-15.574254989624023,1785284685.4405782,9.69962453842163,-26.162854194641113,1416.2183500309602,9.393873838246412,0.0,65.94,True,5.476089954376221
16,0.0010568530997261405,1.8524775668993243e-07,0.001037594978697598,0.0002862813416868448,1.6344064590612106e-07,0.0006005218019708991,0.00031483001657761633,-13.423227310180664,0.10388675332069397,0.00036437754170037806,0.09653574973344803,0.5569487810134888,0.00026305587380193174,0.5504727363586426,0.009796755388379097,-6.088489532470703,0.5462692379951477,0.00033285963581874967,0.5777251124382019,0.0314558744430542,-1.5986359119415283,0.9482696056365967,0.002973821945488453,1.0,0.05173039436340332,-1.540083408355713,0.3303321599960327,0.0018729912117123604,0.33000001311302185,0.00033214688301086426,-2.2211413383483887,0.8686648607254028,1.0,0.13133513927459717,0.029565881937742233,0.0,0.029565881937742233,1.0,1.0,-19.093338012695312,1785284685.524566,9.783612251281738,-26.078866481781006,1514.3967529699341,7.276389485105458,0.0,65.94,True,5.476089954376221
17,0.001086754840798676,1.8253440714488534e-07,0.0010900176130235195,0.0003820497076958418,1.5993065005659446e-07,0.0006332173361442983,0.00025118881603702903,-13.547292709350586,0.11006742715835571,0.00035835421294905245,0.10171788185834885,0.5560896992683411,0.00026092922780662775,0.5517127513885498,0.009427225217223167,-6.120766639709473,0.5441280007362366,0.0003248922876082361,0.5750848054885864,0.030956804752349854,-1.622236728668213,0.9490228891372681,0.0028798978310078382,1.0,0.050977110862731934,-1.5548882484436035,0.33237016201019287,0.001860179123468697,0.33000001311302185,0.0023701488971710205,-2.223092794418335,0.8738188743591309,1.0,0.12618112564086914,0.02809634618461132,0.0,0.02809634618461132,1.0,0.0,-19.25502586364746,1785284685.6288757,9.887922048568726,-25.97455668449402,1612.7368437598602,5.156953675894558,0.0,65.94,True,5.476089954376221
18,0.0011498316889628768,1.7745925617873581e-07,0.0007277837139554322,0.00042180297896265984,1.5342369863446947e-07,0.0004254499508533627,0.0004220637201797217,-13.277498245239258,0.11540058255195618,0.0003499191370792687,0.10808966308832169,0.5554219484329224,0.0002554030215833336,0.5525250434875488,0.007863943465054035,-6.184557914733887,0.543244481086731,0.00031219213269650936,0.572484016418457,0.029239535331726074,-1.7477376461029053,0.952395498752594,0.002860592445358634,1.0,0.047604501247406006,-1.6133198738098145,0.32833021879196167,0.0018433985533192754,0.33000001311302185,0.0016697943210601807,-2.228377342224121,0.885341227054596,1.0,0.11465877294540405,0.029791109263896942,0.0,0.029791109263896942,1.0,0.0,-19.099014282226562,1785284685.7351468,9.994193077087402,-25.868285655975342,1710.9209229683654,3.3616405193685392,0.0,65.94,True,5.476089954376221
19,0.0011866821441799402,1.7538236818381847e-07,0.0016572130843997002,0.0004764036275446415,1.5009126741460932e-07,0.0009734522318467498,0.0006844389718025923,-12.342068672180176,0.1196538656949997,0.00034587609115988016,0.11463231593370438,0.5539160370826721,0.00025025909417308867,0.5530762076377869,0.005091294180601835,-6.255483150482178,0.5409355759620667,0.00030251749558374286,0.5675371885299683,0.02660161256790161,-1.9631524085998535,0.9542164206504822,0.0028393033426254988,1.0,0.04578357934951782,-1.6440311670303345,0.32963263988494873,0.0018389110919088125,0.33000001311302185,0.0003673732280731201,-2.230315685272217,0.8908768892288208,1.0,0.1091231107711792,0.030120311304926872,0.0,0.030120311304926872,1.0,0.0,-18.328031539916992,1785284685.8401945,10.099240779876709,-25.763237953186035,1808.334019434561,4.488299219433321,0.0,65.94,True,5.476089954376221
20,0.0012355177896097302,1.73600483321934e-07,0.0010872166603803635,0.0005404639523476362,1.4656862390438619e-07,0.0006427520420402288,0.00018015570822171867,-13.714225769042969,0.1248173713684082,0.00034176078042946756,0.11839383840560913,0.5517643094062805,0.00024484304594807327,0.5527031421661377,0.006491777952760458,-6.248102188110352,0.5382892489433289,0.00029130306211300194,0.5659521222114563,0.02766287326812744,-1.83816659450531,0.9559854865074158,0.002810601145029068,1.0,0.04401451349258423,-1.6736024618148804,0.3324722647666931,0.001854487112723291,0.33000001311302185,0.0024722516536712646,-2.2244873046875,0.8945649266242981,1.0,0.1054350733757019,0.029576336964964867,0.0,0.029576336964964867,1.0,0.0,-19.631790161132812,1785284685.9468045,10.205850839614868,-25.656627893447876,1907.0508745219724,5.609129538913386,0.0,65.94,True,5.476089954376221
21,0.0012823662254959345,1.7212683189882227e-07,0.001327006728388369,0.0005922326818108559,1.4344865917337302e-07,0.0007919241324998438,0.00020462025713641196,-13.683502197265625,0.12953145802021027,0.0003386842436157167,0.12512415647506714,0.5497615337371826,0.00023822576622478664,0.5528011322021484,0.005353827495127916,-6.280422210693359,0.5358493328094482,0.0002786513650789857,0.5643434524536133,0.02849411964416504,-1.716970682144165,0.9569454193115234,0.0027841643895953894,1.0,0.04305458068847656,-1.6900653839111328,0.33664366602897644,0.001881711999885738,0.33000001311302185,0.00664365291595459,-2.207119941711426,0.8966861367225647,1.0,0.1033138632774353,0.02871159091591835,0.0,0.02871159091591835,1.0,0.0,-19.566326141357422,1785284686.0309486,10.289994955062866,-25.572483777999878,2005.7022655896085,6.712592495417377,0.0,65.94,True,5.476089954376221
22,0.0013317358680069447,1.706811758594995e-07,0.0013414687709882855,0.0006404146552085876,1.404951319727843e-07,0.0008060528198257089,0.00016592387692071497,-13.744985580444336,0.134187251329422,0.00033564865589141846,0.13198359310626984,0.5477787256240845,0.00023174005036707968,0.5528379678726196,0.005518336780369282,-6.284333229064941,0.5335608124732971,0.0002658581652212888,0.5589353442192078,0.025374531745910645,-1.986413598060608,0.9578951001167297,0.0027600047178566456,1.0,0.042104899883270264,-1.7061598300933838,0.3414134383201599,0.0019202891271561384,0.33000001311302185,0.011413425207138062,-2.1747827529907227,0.897701621055603,1.0,0.10229837894439697,0.027679521590471268,0.0,0.027679521590471268,1.0,0.0,-19.76565933227539,1785284686.1355343,10.394580602645874,-25.46789813041687,2104.5529898481627,7.783718263200665,0.0,65.94,True,5.476089954376221
23,0.0013769564684480429,1.6770606237059837e-07,0.0012397828977555037,0.0006839281413704157,1.366878734643251e-07,0.0007489806739613414,0.00015181706112343818,-13.793851852416992,0.13857007026672363,0.0003316624497529119,0.13593769073486328,0.5454028844833374,0.00022316536342259496,0.5520563721656799,0.007155300118029118,-6.261987209320068,0.5308178067207336,0.0002503856085240841,0.5571531057357788,0.026335299015045166,-1.842355728149414,0.9589008688926697,0.0027307530399411917,1.0,0.04109913110733032,-1.7233697175979614,0.34542611241340637,0.001963646849617362,0.33000001311302185,0.015426099300384521,-2.1369450092315674,0.8974496126174927,1.0,0.10255038738250732,0.026768628507852554,0.0,0.026768628507852554,1.0,0.0,-19.724620819091797,1785284686.221558,10.480604410171509,-25.381874322891235,2203.3626755935334,8.817006287224798,0.0,65.94,True,5.476089954376221
24,0.001418980653397739,1.6502343669344555e-07,0.0015536188147962093,0.0007211007177829742,1.333059458374919e-07,0.0009457401465624571,0.0002618975122459233,-13.641822814941406,0.14280328154563904,0.0003281091048847884,0.14307989180088043,0.5431452393531799,0.0002150169457308948,0.5475508570671082,0.004414292983710766,-6.350350379943848,0.5285487174987793,0.00023511853942181915,0.5552759170532227,0.02672719955444336,-1.7396589517593384,0.9596529006958008,0.002708181506022811,1.0,0.04034709930419922,-1.7362502813339233,0.34904932975769043,0.002012810902670026,0.33000001311302185,0.01904931664466858,-2.095031261444092,0.8952021598815918,1.0,0.1047978401184082,0.025808969512581825,0.0,0.025808969512581825,1.0,0.0,-19.59193229675293,1785284686.3359327,10.594979047775269,-25.267499685287476,2302.039672816565,9.808380563461455,0.0,65.94,True,5.476089954376221
25,0.001465060980990529,1.633987949389848e-07,0.001283277990296483,0.0007563761901110411,1.307129053884637e-07,0.0007846645312383771,0.0001839708857005462,-13.796611785888672,0.14665773510932922,0.00032576583907939494,0.14811955392360687,0.5406404137611389,0.00020958752429578453,0.5454831719398499,0.00505857914686203,-6.352745056152344,0.5261761546134949,0.00022393807012122124,0.5517429709434509,0.025566816329956055,-1.82366144657135,0.9601925015449524,0.0027032725047320127,1.0,0.03980749845504761,-1.7446117401123047,0.35333555936813354,0.0020976068917661905,0.33000001311302185,0.023335546255111694,-2.034738540649414,0.8934592008590698,1.0,0.10654079914093018,0.02509627491235733,0.0,0.02509627491235733,1.0,0.0,-19.790637969970703,1785284686.440426,10.699472427368164,-25.16300630569458,2400.9153757128147,10.739462118903434,0.0,65.94,True,5.476089954376221
26,0.001512592425569892,1.622686340851942e-07,0.001663497998379171,0.0007835356518626213,1.2845875119182892e-07,0.0010287509066984057,0.00028792882221750915,-13.608742713928223,0.1502232700586319,0.0003234251053072512,0.15409502387046814,0.5385035276412964,0.00020588739425875247,0.5437028408050537,0.006482540629804134,-6.335660934448242,0.5243027806282043,0.00021442647266667336,0.5481283664703369,0.02382558584213257,-1.9811663627624512,0.9607319831848145,0.0026935916393995285,1.0,0.03926801681518555,-1.7532705068588257,0.35701435804367065,0.0022098638582974672,0.33000001311302185,0.027014344930648804,-1.9733558893203735,0.8923839330673218,1.0,0.10761606693267822,0.02504831738770008,0.0,0.02504831738770008,1.0,0.0,-19.66785430908203,1785284686.5240123,10.783058643341064,-25.07942008972168,2499.6682949481756,11.609161023016373,0.0,65.94,True,5.476089954376221
27,0.001572286244481802,1.6370178457236761e-07,0.0016788740176707506,0.0007993143517524004,1.279217798355603e-07,0.0010429921094328165,0.0002659695455804467,-13.643865585327148,0.15378980338573456,0.00032371049746870995,0.1599968522787094,0.5364699363708496,0.00020504494023043662,0.5419951677322388,0.008309971541166306,-6.292141914367676,0.5224703550338745,0.00020788634719792753,0.5456080436706543,0.023137688636779785,-2.03271222114563,0.9607510566711426,0.002698691328987479,1.0,0.03924894332885742,-1.753143310546875,0.36125239729881287,0.0023499219678342342,0.33000001311302185,0.031252384185791016,-1.8999301195144653,0.8897272348403931,1.0,0.11027276515960693,0.024843767285346985,0.0,0.024843767285346985,0.0,0.0,-19.69393539428711,1785284686.6290615,10.888107776641846,-24.9743709564209,2598.4472952687415,12.405434157323404,0.0,65.94,True,5.476089954376221
28,0.0016098361229524016,1.6344080222552293e-07,0.0017786741955205798,0.0008391286246478558,1.277734327231883e-07,0.0011111119529232383,0.0003201268846169114,-13.53534984588623,0.15797805786132812,0.00032086734427139163,0.16587232053279877,0.5334201455116272,0.0002180401934310794,0.552189290523529,0.020361732691526413,-5.4948344230651855,0.5195789337158203,0.00022278859978541732,0.5408411026000977,0.021262168884277344,-2.271111488342285,0.9631232619285583,0.0027040373533964157,1.0,0.03687673807144165,-1.7861100435256958,0.3579716086387634,0.0023869050201028585,0.33000001311302185,0.027971595525741577,-1.9360439777374268,0.8848150968551636,1.0,0.11518490314483643,0.022097542881965637,0.0,0.022097542881965637,0.0,1.0,-19.0667724609375,1785284686.7348044,10.993850708007812,-24.86862802505493,2696.599132655958,13.237821149853396,0.0,65.94,True,5.476089954376221
29,0.0016839922172948718,1.5765998284678062e-07,0.0014845930272713304,0.0008884049020707607,1.2427103968093434e-07,0.000938599812798202,0.0002056199446087703,-13.80770492553711,0.16413560509681702,0.00030971402884460986,0.16998519003391266,0.5334750413894653,0.00023801799397915602,0.5563526749610901,0.023613635450601578,-5.218927383422852,0.5179234147071838,0.0002456835354678333,0.539490818977356,0.02156740427017212,-2.2901439666748047,0.9648982882499695,0.00261393329128623,1.0,0.03510171175003052,-1.8188259601593018,0.3563727140426636,0.0025390172377228737,0.33000001311302185,0.026372700929641724,-1.932084560394287,0.9009173512458801,1.0,0.09908264875411987,0.023113179951906204,0.0,0.023113179951906204,0.0,1.0,-19.127918243408203,1785284686.8292367,11.088283061981201,-24.774195671081543,2794.812115825645,14.066248725040248,0.0,65.94,True,5.476089954376221
30,0.001730373245663941,1.5508983608469862e-07,0.0018768473528325558,0.000900875311344862,1.2329681453593366e-07,0.0011991997016593814,0.00033234336297027767,-13.526013374328613,0.16778019070625305,0.00030190226971171796,0.17492420971393585,0.5337467193603516,0.0002545555180404335,0.5555216073989868,0.022916866466403008,-5.33697509765625,0.5171600580215454,0.00026277988217771053,0.5365110039710999,0.019350945949554443,-2.4906625747680664,0.9704028964042664,0.0025429222732782364,1.0,0.029597103595733643,-1.8960416316986084,0.3522565960884094,0.002674533287063241,0.33000001311302185,0.022256582975387573,-1.9504457712173462,0.9076923131942749,1.0,0.0923076868057251,0.02398635260760784,0.0,0.02398635260760784,0.0,1.0,-19.040924072265625,1785284686.933377,11.192423343658447,-24.670055389404297,2892.9381048241894,14.91303751105016,0.0,65.94,True,5.476089954376221
31,0.0017831819131970406,1.543405829806943e-07,0.0018748665461316705,0.0009166153613477945,1.2356184697637218e-07,0.0011978525435552,0.00029580469708889723,-13.61014461517334,0.1719539314508438,0.0002989557688124478,0.18068154156208038,0.533902645111084,0.000266103888861835,0.552438497543335,0.020487777888774872,-5.5625762939453125,0.5163284540176392,0.00027307774871587753,0.532009482383728,0.015681028366088867,-2.733710289001465,0.9741336703300476,0.0025211090687662363,1.0,0.025866329669952393,-1.939896821975708,0.3500489592552185,0.00281711807474494,0.33000001311302185,0.020048946142196655,-1.9457392692565918,0.9117366671562195,1.0,0.08826333284378052,0.024601396173238754,0.0,0.024601396173238754,0.0,1.0,-19.427061080932617,1785284687.0380218,11.297068119049072,-24.565410614013672,2991.450230831401,15.755119795099318,0.0,65.94,True,5.476089954376221
32,0.0018356972141191363,1.5299553979275515e-07,0.001677285530604422,0.0009347712621092796,1.2320717246439017e-07,0.0010736901313066483,0.00021069578360766172,-13.802923202514648,0.17666716873645782,0.0002976394316647202,0.18494553864002228,0.5335112810134888,0.00027084347675554454,0.5489136576652527,0.017486127093434334,-5.775843620300293,0.5150742530822754,0.00027447985485196114,0.5291988253593445,0.014124572277069092,-2.8179566860198975,0.9765182137489319,0.002510941820219159,1.0,0.023481786251068115,-1.96481192111969,0.34882330894470215,0.002929099602624774,0.33000001311302185,0.018823295831680298,-1.9371094703674316,0.9142974019050598,1.0,0.08570259809494019,0.025047676637768745,0.0,0.025047676637768745,0.0,0.0,-19.832576751708984,1785284687.1217706,11.38081693649292,-24.481661796569824,3090.3678725093887,16.588572280259314,0.0,65.94,True,5.476089954376221
33,0.0019209204474464059,1.5532816632912727e-07,0.002104461658746004,0.0009755748324096203,1.2499673118782084e-07,0.0013630823232233524,0.0004287766641937196,-13.239372253417969,0.18402694165706635,0.00029353811987675726,0.19096313416957855,0.535220205783844,0.00028755186940543354,0.5468799471855164,0.013566884212195873,-5.987586975097656,0.5159111618995667,0.00028555456083267927,0.5273507237434387,0.01143956184387207,-2.9324607849121094,0.9777384400367737,0.0025159730575978756,1.0,0.02226155996322632,-1.9751231670379639,0.3488302230834961,0.0029480820521712303,0.33000001311302185,0.018830209970474243,-1.9342248439788818,0.9199150800704956,1.0,0.0800849199295044,0.02388262003660202,0.0,0.02388262003660202,0.0,0.0,-19.49567222595215,1785284687.2276785,11.486724853515625,-24.37575387954712,3188.9486096616197,17.41914013903076,0.0,65.94,True,5.476089954376221
34,0.0019768099300563335,1.5769477101912344e-07,0.001738306018523872,0.001012138556689024,1.2819899097848975e-07,0.001140665845014155,0.00027093058452010155,-13.683476448059082,0.18924814462661743,0.00029765733052045107,0.19526344537734985,0.5361617207527161,0.0002949215122498572,0.5455164909362793,0.01112185139209032,-6.07716178894043,0.51580411195755,0.00029219911084510386,0.5250807404518127,0.009276628494262695,-3.0028433799743652,0.9792382121086121,0.002589563839137554,1.0,0.02076178789138794,-1.9759658575057983,0.3480253219604492,0.002960087964311242,0.33000001311302185,0.018025308847427368,-1.9374475479125977,0.9240720868110657,1.0,0.07592791318893433,0.023982303217053413,0.0,0.023982303217053413,0.0,0.0,-20.046627044677734,1785284687.333288,11.592334270477295,-24.27014446258545,3288.0803016325763,18.25293070173592,0.0,65.94,True,5.476089954376221
35,0.0020341831259429455,1.5898423555427144e-07,0.002076920820400119,0.0010474584996700287,1.3042121338457946e-07,0.0013823945773765445,0.00033765172702260315,-13.479780197143555,0.1946491152048111,0.0003011426597367972,0.20022626221179962,0.5368903875350952,0.0003001780132763088,0.5447511672973633,0.009638279676437378,-6.117083549499512,0.5155174136161804,0.0002968489716295153,0.5222045183181763,0.00668710470199585,-3.066884756088257,0.9804934859275818,0.0026640279684215784,1.0,0.019506514072418213,-1.973604440689087,0.3476572036743164,0.0029812080319970846,0.33000001311302185,0.017657190561294556,-1.9364845752716064,0.9275140762329102,1.0,0.07248592376708984,0.024003561586141586,0.0,0.024003561586141586,0.0,0.0,-19.906888961791992,1785284687.4393,11.698346376419067,-24.164132356643677,3387.072255520647,19.08575829180009,0.0,65.94,True,5.476089954376221
36,0.0020893423352390528,1.5962955046688876e-07,0.0021325231064110994,0.0010827863588929176,1.319569520319419e-07,0.001417734776623547,0.0003377203247509897,-13.47677993774414,0.19984401762485504,0.0003041548188775778,0.2055748701095581,0.5373002886772156,0.00030362626421265304,0.5329867005348206,0.007172845304012299,-6.176334857940674,0.5149403810501099,0.0002997075498569757,0.5199297070503235,0.004989326000213623,-3.09588360786438,0.9818590879440308,0.002725333208218217,1.0,0.01814091205596924,-1.9732670783996582,0.3472417891025543,0.003013914916664362,0.33000001311302185,0.01724177598953247,-1.9340014457702637,0.930573046207428,1.0,0.06942695379257202,0.02420526184141636,0.0,0.02420526184141636,0.0,0.0,-19.965789794921875,1785284687.5233498,11.782396078109741,-24.080082654953003,3486.123110241848,19.916102752362917,0.0,65.94,True,5.476089954376221
37,0.0021408137399703264,1.564199436643321e-07,0.0017896451754495502,0.0011199512518942356,1.3022842892951303e-07,0.001200783415697515,0.00036035149241797626,-13.505191802978516,0.20532304048538208,0.00030479321139864624,0.2100192755460739,0.5363636612892151,0.00029680313309654593,0.5301133394241333,0.007818001322448254,-6.169290065765381,0.5127226114273071,0.0002925799344666302,0.5161924362182617,0.00346982479095459,-3.128872871398926,0.984930694103241,0.002778902417048812,1.0,0.015069305896759033,-1.983052372932434,0.3483732342720032,0.003071499289944768,0.33000001311302185,0.018373221158981323,-1.9189034700393677,0.9332857131958008,1.0,0.06671428680419922,0.024434981867671013,0.0,0.024434981867671013,0.0,0.0,-20.00506019592285,1785284687.628176,11.887222290039062,-23.97525644302368,3585.2132353640495,20.73134923719485,0.0,65.94,True,5.476089954376221
38,0.0022158410865813494,1.535689051479494e-07,0.0022757891565561295,0.0011840355582535267,1.2895459633455175e-07,0.0015356246149167418,0.00035666319308802485,-13.447587013244629,0.21326452493667603,0.0003043395990971476,0.21565884351730347,0.537373960018158,0.0002957220422104001,0.5260263681411743,0.011597439646720886,-6.04671573638916,0.5114549398422241,0.0002939243277069181,0.513357400894165,0.001902461051940918,-3.140998363494873,0.9881315231323242,0.0028494936414062977,1.0,0.011868476867675781,-1.9866514205932617,0.35232973098754883,0.0033071415964514017,0.33000001311302185,0.022329717874526978,-1.8615121841430664,0.9363993406295776,1.0,0.06360065937042236,0.024710217490792274,0.0,0.024710217490792274,0.0,0.0,-19.855459213256836,1785284687.7339165,11.992962837219238,-23.869515895843506,3684.153759503585,21.48920443613048,0.0,65.94,True,5.476089954376221
39,0.0022858306765556335,1.493407069119712e-07,0.0023281886242330074,0.0012461990118026733,1.2640687430121034e-07,0.0015770544996485114,0.00033355591585859656,-13.52352523803711,0.22064237296581268,0.0003013779642060399,0.22221015393733978,0.5394288301467896,0.00029146557790227234,0.522386908531189,0.017113884910941124,-5.783693313598633,0.5111240148544312,0.00029159151017665863,0.5119937062263489,0.0008696913719177246,-3.1498427391052246,0.9908387064933777,0.002881845459342003,1.0,0.009161293506622314,-1.9911617040634155,0.35708409547805786,0.0035639144480228424,0.33000001311302185,0.02708408236503601,-1.7965961694717407,0.9390034675598145,1.0,0.06099653244018555,0.025341013446450233,0.0,0.025341013446450233,0.0,0.0,-19.725400924682617,1785284687.839436,12.098482370376587,-23.763996362686157,3782.9642253545467,22.182143620394783,0.0,65.94,True,5.476089954376221
40,0.002353218849748373,1.4522969138397457e-07,0.0019428281811997294,0.0013028080575168133,1.2345878985797754e-07,0.001323210191912949,0.00041089748265221715,-13.406749725341797,0.22760777175426483,0.0002969777851831168,0.22618000209331512,0.5420658588409424,0.00028603142709471285,0.5323976278305054,0.00977308675646782,-6.135922431945801,0.5113544464111328,0.00028737972024828196,0.5099122524261475,0.0014421939849853516,-3.1547956466674805,0.9930463433265686,0.002883893670514226,1.0,0.0069536566734313965,-1.996984839439392,0.36263561248779297,0.0038346240762621164,0.33000001311302185,0.03263559937477112,-1.7240264415740967,0.9400755167007446,1.0,0.05992448329925537,0.025612657889723778,0.0,0.025612657889723778,0.0,0.0,-19.892885208129883,1785284687.9455535,12.204599857330322,-23.657878875732422,3881.9421754889554,22.802513076761443,0.0,65.94,True,5.476089954376221
41,0.0024556885473430157,1.46368591913415e-07,0.0023729216773062944,0.0013372820103541017,1.232685207241957e-07,0.0016190302558243275,0.0002936536038760096,-13.639752388000488,0.23469822108745575,0.00029322426416911185,0.23086334764957428,0.5469251275062561,0.000290740339551121,0.5405097007751465,0.007474218960851431,-6.20509147644043,0.512691855430603,0.0002959971025120467,0.5073035955429077,0.0053882598876953125,-3.0945987701416016,0.9938611388206482,0.002898694481700659,1.0,0.006138861179351807,-1.9963085651397705,0.3670846223831177,0.004176801070570946,0.33000001311302185,0.037084609270095825,-1.6555345058441162,0.9397526383399963,1.0,0.06024736166000366,0.02550668828189373,0.0,0.02550668828189373,0.0,0.0,-20.151123046875,1785284688.0299098,12.28895616531372,-23.573522567749023,3981.1783634621092,23.354390597398123,0.0,65.94,True,5.476089954376221
42,0.0025566520635038614,1.4941116432964918e-07,0.002410280518233776,0.0013758873101323843,1.2489182665831322e-07,0.0016546667320653796,0.00031486916122958064,-13.58547592163086,0.24159970879554749,0.000292309996439144,0.23549221456050873,0.5480207204818726,0.00030072059598751366,0.5420829653739929,0.00851812306791544,-6.163209915161133,0.5128672122955322,0.0002972797956317663,0.5092659592628479,0.003601253032684326,-3.1196670532226562,0.9934077858924866,0.0029032123275101185,1.0,0.006592214107513428,-1.9945460557937622,0.3614048957824707,0.004092575050890446,0.33000001311302185,0.03140488266944885,-1.7098573446273804,0.9294195175170898,1.0,0.07058048248291016,0.02306966297328472,0.0,0.02306966297328472,0.0,0.0,-20.075878143310547,1785284688.135434,12.394480228424072,-23.467998504638672,4080.3393065316986,23.960590956818066,0.0,65.94,True,5.476089954376221
43,0.002631209325045347,1.5369654704500135e-07,0.002538741333410144,0.001394599094055593,1.2663178949878784e-07,0.0017493017949163914,0.0003665574186015874,-13.422670364379883,0.2468699961900711,0.00029432144947350025,0.2408754676580429,0.548172652721405,0.0003071654064115137,0.5465774536132812,0.006203147117048502,-6.20641565322876,0.5131728649139404,0.0002964775776490569,0.5128626227378845,0.0003102421760559082,-3.1426684856414795,0.9916601777076721,0.0029338730964809656,1.0,0.00833982229232788,-1.984924077987671,0.3551611006259918,0.003958879038691521,0.33000001311302185,0.02516108751296997,-1.767001748085022,0.9201700687408447,1.0,0.07982993125915527,0.02129969745874405,0.0,0.02129969745874405,0.0,0.0,-19.959136962890625,1785284688.2299128,12.488959074020386,-23.37351965904236,4179.383508420868,24.623935719695652,0.0,65.94,True,5.476089954376221
44,0.0026706689968705177,1.5527675145676767e-07,0.002515563042834401,0.0014277005102485418,1.2693092799054284e-07,0.0017444094410166144,0.00035265053156763315,-13.468379974365234,0.2512008845806122,0.0002919601683970541,0.24624668061733246,0.5515574812889099,0.00030949380015954375,0.5525678396224976,0.005056180525571108,-6.228172779083252,0.5146887302398682,0.0002979895507451147,0.5161289572715759,0.0014402270317077637,-3.1368069648742676,0.9913397431373596,0.0029761691112071276,1.0,0.00866025686264038,-1.977020502090454,0.3492841422557831,0.003919161390513182,0.33000001311302185,0.01928412914276123,-1.8045568466186523,0.9200431108474731,1.0,0.07995688915252686,0.02190100960433483,0.0,0.02190100960433483,0.0,0.0,-20.01932144165039,1785284688.3283446,12.587390899658203,-23.27508783340454,4278.487894788796,25.324835581106868,0.0,65.94,True,5.476089954376221
45,0.002711603417992592,1.5741052550310997e-07,0.0021479211281985044,0.0014595519751310349,1.2712858676877659e-07,0.0014949601609259844,0.0005647932994179428,-12.919164657592773,0.25534960627555847,0.00028883846243843436,0.24929355084896088,0.5556213855743408,0.0003117521700914949,0.5566436052322388,0.006141721270978451,-6.208431243896484,0.5167014002799988,0.0002993670932482928,0.5181064605712891,0.0014050602912902832,-3.1346840858459473,0.9919305443763733,0.0030162460170686245,1.0,0.008069455623626709,-1.9721384048461914,0.34461528062820435,0.0039521255530416965,0.33000001311302185,0.014615267515182495,-1.8207881450653076,0.9209215641021729,1.0,0.07907843589782715,0.022801700979471207,0.0,0.022801700979471207,0.0,0.0,-19.4532527923584,1785284688.433093,12.692139387130737,-23.170339345932007,4377.026212507433,26.04196674096474,0.0,65.94,True,5.476089954376221
46,0.0027442292775958776,1.6005338920876966e-07,0.002556402701884508,0.001485322369262576,1.2740559895974002e-07,0.0017858529463410378,0.00035439731436781585,-13.459283828735352,0.2587409019470215,0.000286011811112985,0.2529910206794739,0.5597715973854065,0.00031253581983037293,0.5650424957275391,0.007800224237143993,-6.175013542175293,0.5189306139945984,0.0002994281821884215,0.5197720527648926,0.0008414387702941895,-3.1366970539093018,0.9929681420326233,0.0030488953925669193,1.0,0.007031857967376709,-1.9694404602050781,0.34055477380752563,0.004031608812510967,0.33000001311302185,0.010554760694503784,-1.824040174484253,0.9229109287261963,1.0,0.07708907127380371,0.02420007809996605,0.0,0.02420007809996605,0.0,0.0,-19.96764373779297,1785284688.540338,12.799384355545044,-23.0630943775177,4476.078921171505,26.762349930241555,0.0,65.94,True,5.476089954376221
47,0.002818244742229581,1.737044357241757e-07,0.0026191482320427895,0.0015008829068392515,1.3418870992154552e-07,0.0018491330556571484,0.00040114534203894436,-13.291092872619629,0.2634257972240448,0.00029154287767596543,0.2582677900791168,0.5618849396705627,0.0003245405969209969,0.5644209980964661,0.0057477499358356,-6.193297863006592,0.5206038355827332,0.0003037015558220446,0.5222379565238953,0.0016341209411621094,-3.1263976097106934,0.9901583790779114,0.003112643025815487,1.0,0.009841620922088623,-1.9516443014144897,0.3402674198150635,0.004103288985788822,0.33000001311302185,0.010267406702041626,-1.8161989450454712,0.9159145951271057,1.0,0.08408540487289429,0.022950705140829086,0.0,0.022950705140829086,0.0,0.0,-19.808929443359375,1785284688.645318,12.904364347457886,-22.95811438560486,4574.972915541142,27.47489189007959,0.0,65.94,True,5.476089954376221
48,0.0028500703629106283,1.7856690703865752e-07,0.002199722919613123,0.0015352702466771007,1.3550085498081899e-07,0.0015595887089148164,0.0006508019287139177,-12.651941299438477,0.26736414432525635,0.0002891043550334871,0.2622746527194977,0.5661494731903076,0.0003232857270631939,0.5698678493499756,0.0063031138852238655,-6.188788414001465,0.5231652855873108,0.00030037041869945824,0.5262767672538757,0.0031114816665649414,-3.1201930046081543,0.9898294806480408,0.003108446253463626,1.0,0.010170519351959229,-1.9512391090393066,0.3397897779941559,0.004240640439093113,0.33000001311302185,0.009789764881134033,-1.8012818098068237,0.9193089604377747,1.0,0.08069103956222534,0.024783561006188393,0.0,0.024783561006188393,0.0,0.0,-19.163068771362305,1785284693.7219048,17.980951070785522,-17.88152766227722,4673.221049238783,28.172516714678977,0.0,65.94,True,5.476089954376221
49,0.0028878815937787294,1.8590614558888774e-07,0.0028195250779390335,0.0015676597831770778,1.3816924138154718e-07,0.0020041288807988167,0.0004417894233483821,-13.106569290161133,0.27102458477020264,0.000286101276287809,0.26716434955596924,0.5714655518531799,0.0003265747509431094,0.5771680474281311,0.006886208895593882,-6.1793012619018555,0.5263102650642395,0.0003011222870554775,0.5305256247520447,0.004215359687805176,-3.105553388595581,0.9888070225715637,0.003090462414547801,1.0,0.01119297742843628,-1.9505095481872559,0.34132513403892517,0.004520096816122532,0.33000001311302185,0.01132512092590332,-1.7664848566055298,0.9231655597686768,1.0,0.07683444023132324,0.02747735008597374,0.0,0.02747735008597374,0.0,0.0,-19.602787017822266,1785284693.8364353,18.095481634140015,-17.76699709892273,4771.908901182884,28.83534458607707,0.0,65.94,True,5.476089954376221
50,0.0029292446561157703,1.967106300071464e-07,0.0027853092178702354,0.0016096147010102868,1.4311994789295568e-07,0.0019852120894938707,0.000402232282795012,-13.217170715332031,0.27476561069488525,0.00028365442994982004,0.27304911613464355,0.5779100656509399,0.00033437443198636174,0.5845018029212952,0.006811560597270727,-6.177457332611084,0.5303242802619934,0.0003051913226954639,0.5358086228370667,0.005484342575073242,-3.0790700912475586,0.9856508374214172,0.0030516854021698236,1.0,0.014349162578582764,-1.943356990814209,0.34512072801589966,0.004895809106528759,0.33000001311302185,0.015120714902877808,-1.7173991203308105,0.9242557287216187,1.0,0.07574427127838135,0.03017105907201767,0.0,0.03017105907201767,0.0,0.0,-19.698673248291016,1785284693.9201546,18.179200887680054,-17.68327784538269,4870.692639357453,29.449086721200445,0.0,65.94,True,5.476089954376221
51,0.0029690975788980722,2.1000795413783635e-07,0.002316857222467661,0.001661825692281127,1.5000378539298254e-07,0.001664916635490954,0.0006522476905956864,-12.693593978881836,0.2784464955329895,0.0002823467366397381,0.27722784876823425,0.5853566527366638,0.0003480157465673983,0.590319037437439,0.00510982982814312,-6.191932678222656,0.535415530204773,0.0003141782362945378,0.5400678515434265,0.0046523213386535645,-3.07939076423645,0.9808928370475769,0.0030226579401642084,1.0,0.019107162952423096,-1.92147958278656,0.35052743554115295,0.0054357838816940784,0.33000001311302185,0.020527422428131104,-1.6496779918670654,0.9203897714614868,1.0,0.07961022853851318,0.03253067657351494,0.0,0.03253067657351494,0.0,0.0,-19.18683624267578,1785284694.024913,18.28395938873291,-17.578519344329834,4968.964540526407,29.995107727860074,0.0,65.94,True,5.476089954376221
52,0.002995559712871909,2.2372535113390768e-07,0.002851224970072508,0.0017298406455665827,1.5839391664940194e-07,0.0020714299753308296,0.00037083119968883693,-13.232746124267578,0.28231629729270935,0.0002841850509867072,0.2821944057941437,0.5930476784706116,0.000368228618754074,0.5966657400131226,0.003620114177465439,-6.180667877197266,0.5416765809059143,0.0003288417065050453,0.5435171723365784,0.0018405914306640625,-3.0858771800994873,0.9748387932777405,0.0030800055246800184,1.0,0.02516120672225952,-1.8696999549865723,0.35515153408050537,0.006244385149329901,0.33000001311302185,0.02515152096748352,-1.5684443712234497,0.9101618528366089,1.0,0.08983814716339111,0.034772127866744995,0.0,0.034772127866744995,0.0,0.0,-19.720218658447266,1785284694.1202323,18.379278659820557,-17.483200073242188,5067.769824111133,30.459895113876087,0.0,65.94,True,5.476089954376221
53,0.0030343809630721807,2.3185167208339408e-07,0.002883471082895994,0.0018235309980809689,1.649579530749179e-07,0.0021086109336465597,0.00032255909172818065,-13.314044952392578,0.2885655462741852,0.00028440621099434793,0.28714442253112793,0.6015231013298035,0.0003880667209159583,0.6053544878959656,0.004086455330252647,-6.149378776550293,0.5491382479667664,0.0003415946557652205,0.5509340763092041,0.0017958283424377441,-3.067283868789673,0.9705190062522888,0.003162863664329052,1.0,0.02948099374771118,-1.821804404258728,0.35633334517478943,0.007099678739905357,0.33000001311302185,0.026333332061767578,-1.5060780048370361,0.8869433999061584,1.0,0.11305660009384155,0.0354822613298893,0.0,0.0354822613298893,0.0,0.0,-19.767189025878906,1785284694.2249491,18.48399543762207,-17.378483295440674,5166.62207806329,30.862316133505686,0.0,65.94,True,5.476089954376221
54,0.0030662897042930126,2.3719441344383085e-07,0.0029879596550017595,0.0019060878548771143,1.692550597454101e-07,0.0022124864626675844,0.000316252582706511,-13.294978141784668,0.2943248152732849,0.0002844889531843364,0.29296958446502686,0.6095060110092163,0.00040563318179920316,0.6130647659301758,0.003808068810030818,-6.1307220458984375,0.555186927318573,0.0003527457593008876,0.5520522594451904,0.0031346678733825684,-3.0420148372650146,0.9618716239929199,0.003258388489484787,1.0,0.03812837600708008,-1.7212411165237427,0.36720743775367737,0.008261687122285366,0.33000001311302185,0.03720742464065552,-1.3953408002853394,0.8768556714057922,1.0,0.12314432859420776,0.0365501269698143,0.0,0.0365501269698143,0.0,0.0,-19.720563888549805,1785284694.3404644,18.599510669708252,-17.262968063354492,5265.427706878118,31.15399994858359,0.0,65.94,True,5.476089954376221
55,0.0031019016169011593,2.3499015355810116e-07,0.0024559148587286472,0.001992599805817008,1.6985291040327866e-07,0.0018482498126104474,0.000661918253172189,-12.63890552520752,0.30014389753341675,0.00028205025591887534,0.2973540425300598,0.6190390586853027,0.0004167805309407413,0.6125286817550659,0.007082958240061998,-6.075665473937988,0.5617932081222534,0.0003549113171175122,0.5547967553138733,0.006996452808380127,-2.9839212894439697,0.9537511467933655,0.003377137705683708,1.0,0.04624885320663452,-1.6097429990768433,0.3747783303260803,0.008901184424757957,0.3296777307987213,0.04510059952735901,-1.3275889158248901,0.865680456161499,1.0,0.13431954383850098,0.036589331924915314,0.0,0.036589331924915314,0.0,0.0,-18.991397857666016,1785284694.4256985,18.684744834899902,-17.177733898162842,5363.504169662063,31.377931879201043,0.0,65.94,True,5.476089954376221
56,0.0031328850891441107,2.298398982247818e-07,0.003082480514422059,0.0020738602615892887,1.7009503494591627e-07,0.002352130366489291,0.0002827982825692743,-13.365370750427246,0.30509066581726074,0.0002822170499712229,0.3026559352874756,0.6280657649040222,0.00041972435428760946,0.6166905164718628,0.011632892303168774,-5.97184944152832,0.5678789615631104,0.0003471552045084536,0.564378559589386,0.0035004019737243652,-3.046283483505249,0.9482548832893372,0.003517172299325466,1.0,0.05174511671066284,-1.5254697799682617,0.3744925558567047,0.008622870780527592,0.33000001311302185,0.04449254274368286,-1.3429431915283203,0.8553857207298279,1.0,0.14461427927017212,0.03647942468523979,0.0,0.03647942468523979,0.0,0.0,-19.665992736816406,1785284694.5284512,18.787497520446777,-17.074981212615967,5462.255227325158,31.617218085521927,0.0,65.94,True,5.476089954376221
57,0.0031779087148606777,2.267286163259996e-07,0.0030555175617337227,0.0020975316874682903,1.7268814644921804e-07,0.002349325455725193,0.0002799637441057712,-13.381165504455566,0.30391788482666016,0.0002902730193454772,0.30864182114601135,0.634391188621521,0.0004216894740238786,0.6294176578521729,0.006859415676444769,-6.052319049835205,0.5735079050064087,0.00034474284620955586,0.5701650381088257,0.003342866897583008,-3.0512101650238037,0.9532791972160339,0.003638718742877245,1.0,0.046720802783966064,-1.5891779661178589,0.3756607174873352,0.007549430709332228,0.33000001311302185,0.045660704374313354,-1.3861197233200073,0.8633792400360107,1.0,0.13662075996398926,0.03502658009529114,0.0,0.03502658009529114,0.0,0.0,-19.748624801635742,1785284694.634337,18.893383264541626,-16.969095468521118,5561.088917053072,31.899680823634498,0.0,65.94,True,5.476089954376221
58,0.0031353230588138103,2.254560627079627e-07,0.0025378759019076824,0.0022069059778004885,1.7611375824344577e-07,0.001977665117010474,0.0006399175617843866,-12.649961471557617,0.31015583872795105,0.00028901174664497375,0.31275293231010437,0.6454984545707703,0.0004421915509738028,0.6368434429168701,0.009036267176270485,-6.002156734466553,0.5798933506011963,0.00035162101266905665,0.5763764977455139,0.003516852855682373,-3.039952516555786,0.94020015001297,0.0039515928365290165,1.0,0.05979984998703003,-1.3954012393951416,0.3650309443473816,0.0087577560916543,0.32935547828674316,0.03567546606063843,-1.3773056268692017,0.8335931301116943,1.0,0.16640686988830566,0.04012460261583328,0.0,0.04012460261583328,0.0,0.0,-18.971662521362305,1785284694.7289233,18.987969636917114,-16.87450909614563,5659.1456445007125,32.17332946529626,0.0,65.94,True,5.476089954376221
59,0.0031245725695043802,2.25961514388473e-07,0.003240768099203706,0.0022648554295301437,1.7847385436198238e-07,0.0025704442523419857,0.00032693412504158914,-13.29149055480957,0.3150346577167511,0.00029008957790210843,0.31738200783729553,0.6498898267745972,0.00045276113087311387,0.6551258563995361,0.005738123320043087,-6.045082092285156,0.582958996295929,0.00035247812047600746,0.5818294882774353,0.0011295080184936523,-3.0545127391815186,0.9287381768226624,0.00411527743563056,0.9913984537124634,0.06266027688980103,-1.3505452871322632,0.36090657114982605,0.009344717487692833,0.32242676615715027,0.03847980499267578,-1.3383071422576904,0.8081107139587402,1.0,0.19188928604125977,0.04053635895252228,0.0,0.04053635895252228,0.0,0.0,-19.65481185913086,1785284694.83318,19.092226266860962,-16.770252466201782,5757.885521286122,32.40797962234652,0.0,65.94,True,5.476089954376221
60,0.0031241781543940306,2.2805588173469005e-07,0.003141698194667697,0.0023182695731520653,1.8202754858975823e-07,0.0025558872148394585,0.00023826265532989055,-13.412749290466309,0.31957465410232544,0.00029291657847352326,0.32169124484062195,0.6540205478668213,0.0004658060788642615,0.6670129299163818,0.013163660652935505,-5.876964569091797,0.5860100984573364,0.0003552681882865727,0.5835333466529846,0.0024767518043518066,-3.0437467098236084,0.9168150424957275,0.0042721983045339584,0.9645886421203613,0.04777359962463379,-1.5417622327804565,0.3570409417152405,0.009784498251974583,0.3287109434604645,0.028329998254776,-1.35352623462677,0.7832581400871277,1.0,0.21674185991287231,0.04039092734456062,0.0,0.04039092734456062,0.0,0.0,-19.636194229125977,1785284694.9377432,19.196789503097534,-16.66568922996521,5856.606780441526,32.65784887176585,0.0,65.94,True,5.476089954376221
61,0.0031427359208464622,2.306834829823856e-07,0.0026099334936589003,0.0023638950660824776,1.85531447982612e-07,0.002177758840844035,0.0005643803160637617,-12.844583511352539,0.32406601309776306,0.0002954463998321444,0.3244883120059967,0.6574561595916748,0.0004792806867044419,0.662486732006073,0.005048266611993313,-6.020544052124023,0.5885922312736511,0.00035911097074858844,0.5864616632461548,0.002130568027496338,-3.0406806468963623,0.9056934714317322,0.004382402170449495,0.9315433502197266,0.025849878787994385,-1.7199019193649292,0.3570338487625122,0.010255119763314724,0.33000001311302185,0.027033835649490356,-1.3354181051254272,0.7586197853088379,1.0,0.2413802146911621,0.03903713822364807,0.0,0.03903713822364807,0.0,0.0,-19.181358337402344,1785284695.022019,19.281065225601196,-16.581413507461548,5954.873203705207,32.88960999168384,0.0,65.94,True,5.476089954376221
62,0.0032222908921539783,2.386208848292881e-07,0.003175716381520033,0.002384999068453908,1.9565948150557233e-07,0.0027097698766738176,0.00032809338881634176,-13.235677719116211,0.32668203115463257,0.0003032895037904382,0.32764390110969543,0.6668082475662231,0.0005163794266991317,0.6704050302505493,0.0037231759633868933,-5.982816696166992,0.5962738990783691,0.0003889073559548706,0.5958806276321411,0.00039327144622802734,-3.0069475173950195,0.8920695781707764,0.004648784175515175,0.8734174966812134,0.01865208148956299,-1.7292178869247437,0.3472842872142792,0.012005075812339783,0.32935547828674316,0.01792880892753601,-1.2788865566253662,0.743834912776947,1.0,0.256165087223053,0.04193427786231041,0.0,0.04193427786231041,0.0,0.0,-19.52540397644043,1785284695.126811,19.385857343673706,-16.476621389389038,6053.483672607926,33.06483956310177,0.0,65.94,True,5.476089954376221
63,0.0031980574131011963,2.4314468305419723e-07,0.0030611222609877586,0.0024383917916566133,2.0448209170353948e-07,0.0026723449118435383,0.00027108172071166337,-13.305924415588379,0.32990193367004395,0.00031140606733970344,0.3310994803905487,0.6710361242294312,0.0005455299979075789,0.6714229583740234,0.00125847477465868,-5.953765869140625,0.5995291471481323,0.00040977486060000956,0.5990771055221558,0.0004520416259765625,-2.9807634353637695,0.8716456294059753,0.004868654068559408,0.8460345268249512,0.02561110258102417,-1.6761679649353027,0.34123504161834717,0.012679682113230228,0.3296777307987213,0.011557310819625854,-1.2596715688705444,0.7260128259658813,1.0,0.27398717403411865,0.04443147033452988,0.0,0.04443147033452988,0.0,0.0,-19.55931854248047,1785284695.2343352,19.49338150024414,-16.369097232818604,6152.1280560766845,33.22085414676488,0.0,65.94,True,5.476089954376221
64,0.003181315725669265,2.489354926638043e-07,0.0026616358663886786,0.0024874177761375904,2.144267199355454e-07,0.0023911658208817244,0.0005285182851366699,-12.878761291503906,0.33309102058410645,0.0003201198996976018,0.33327576518058777,0.6748141050338745,0.0005797457997687161,0.6846125721931458,0.009800208732485771,-5.829133987426758,0.6022772192955017,0.00043376508983783424,0.6035041213035583,0.0012269020080566406,-2.9508299827575684,0.8505190014839172,0.0050265612080693245,0.8171982765197754,0.033320724964141846,-1.6171307563781738,0.3355962634086609,0.013414010405540466,0.3296777307987213,0.005918532609939575,-1.2354836463928223,0.7103294134140015,1.0,0.28967058658599854,0.046779148280620575,0.0,0.046779148280620575,1.0,0.0,-19.01748275756836,1785284695.3180807,19.57712697982788,-16.285351753234863,6250.230603760531,33.352680807950264,0.0,65.94,True,5.476089954376221
65,0.0031908343080431223,2.7737516461456835e-07,0.003114669816568494,0.0025780329015105963,2.4022617139962676e-07,0.002884920686483383,0.0003161979257129133,-13.125431060791016,0.3382279574871063,0.0003435055259615183,0.3355978727340698,0.6819155812263489,0.0006408225162886083,0.7005791664123535,0.018847990781068802,-5.544804096221924,0.6083545684814453,0.00048150483053177595,0.6080553531646729,0.00029921531677246094,-2.900265693664551,0.827376127243042,0.005256805568933487,0.8067764043807983,0.020599722862243652,-1.6648155450820923,0.35882002115249634,0.016506047919392586,0.32935547828674316,0.029464542865753174,-1.1067774295806885,0.6677610278129578,1.0,0.33223897218704224,0.038168057799339294,0.0,0.038168057799339294,1.0,0.0,-19.01140785217285,1785284695.4244432,19.683489561080933,-16.17898917198181,6348.3270765389825,33.355801252323516,0.0,65.94,True,5.476089954376221
66,0.003173645120114088,2.78366854900014e-07,0.00306248408742249,0.0026236088015139103,2.455939238643623e-07,0.0029112964402884245,0.0003084168420173228,-13.128385543823242,0.3408692479133606,0.0003491459647193551,0.33805325627326965,0.6881130337715149,0.0006717709475196898,0.7101355791091919,0.02220185473561287,-5.422593116760254,0.6123199462890625,0.0005024226265959442,0.6104379892349243,0.0018819570541381836,-2.8755712509155273,0.8116427063941956,0.0053611272014677525,0.7549102902412415,0.0567324161529541,-1.3951756954193115,0.3624212145805359,0.018313398584723473,0.33000001311302185,0.03242120146751404,-1.0524241924285889,0.6370419859886169,1.0,0.36295801401138306,0.035948410630226135,0.0,0.035948410630226135,1.0,0.0,-18.904247283935547,1785284695.5289757,19.7880220413208,-16.074456691741943,6446.316388749196,33.30456845954467,0.0,65.94,True,5.476089954376221
67,0.0031349656637758017,2.789530526570161e-07,0.002610044088214636,0.0026847522240132093,2.529635310111189e-07,0.0025513009168207645,0.0005416196654550731,-12.77415657043457,0.3438417911529541,0.0003576994640752673,0.33925583958625793,0.6916387677192688,0.0007021938217803836,0.7207083702087402,0.029429113492369652,-5.129569053649902,0.6142557859420776,0.0005246737273409963,0.6154477000236511,0.0011919140815734863,-2.856074810028076,0.790658175945282,0.005589625798165798,0.691362738609314,0.09929543733596802,-0.7925290465354919,0.3590956926345825,0.01994928903877735,0.32774412631988525,0.031351566314697266,-1.013706922531128,0.609127402305603,1.0,0.390872597694397,0.0353396013379097,0.0,0.0353396013379097,1.0,0.0,-18.305849075317383,1785284695.624016,19.8830623626709,-15.979416370391846,6543.707302750792,33.21461839686836,0.0,65.94,True,5.476089954376221
68,0.0030708289705216885,2.769740774510865e-07,0.002996767172589898,0.0027625306975096464,2.6187399271293543e-07,0.0030230269767344,0.0002708199608605355,-13.150030136108398,0.34703218936920166,0.000367255270248279,0.33906564116477966,0.6948029398918152,0.00073471904033795,0.7192686796188354,0.025730105116963387,-5.231106758117676,0.6160613298416138,0.000547196133993566,0.6213698387145996,0.00530850887298584,-2.8106632232666016,0.7647848129272461,0.005924123805016279,0.744855523109436,0.01992928981781006,-1.611900806427002,0.3490056097507477,0.021270904690027237,0.32935547828674316,0.019650131464004517,-0.9971926808357239,0.5781503915786743,1.0,0.4218496084213257,0.03591940551996231,0.0,0.03591940551996231,1.0,0.0,-18.740245819091797,1785284695.7288997,19.987946033477783,-15.874532699584961,6641.532613496162,33.10815409249665,0.0,65.94,True,5.476089954376221
69,0.0029848460108041763,2.746639324868738e-07,0.00324609549716115,0.002841050736606121,2.7274208491689933e-07,0.00339228636585176,0.000610009883530438,-12.592058181762695,0.34893548488616943,0.00037373314262367785,0.33954891562461853,0.7004067897796631,0.0007791234529577196,0.7141673564910889,0.016657156869769096,-5.447385787963867,0.6200110912322998,0.0005750894779339433,0.6241030097007751,0.004091918468475342,-2.7969963550567627,0.7426002025604248,0.006280571222305298,0.75740647315979,0.014806270599365234,-1.598755955696106,0.3389778435230255,0.022608978673815727,0.3296777307987213,0.0093001127243042,-0.973852813243866,0.5327463746070862,1.0,0.4672536253929138,0.03525920584797859,0.0,0.03525920584797859,1.0,0.0,-18.348464965820312,1785284695.8327913,20.091837644577026,-15.770641088485718,6738.966143388261,32.97834992053308,0.0,65.94,True,5.476089954376221
70,0.0029043194372206926,2.7200016461392806e-07,0.0024466151371598244,0.0029214636888355017,2.825012757057266e-07,0.0026462008245289326,0.0005341000505723059,-12.741443634033203,0.3509254455566406,0.00037967937532812357,0.34012794494628906,0.705527663230896,0.0008217490394599736,0.7160695195198059,0.01509028673171997,-5.4311017990112305,0.6236343383789062,0.000602726882789284,0.6264133453369141,0.0027790069580078125,-2.7816779613494873,0.7206786870956421,0.006697713863104582,0.7672363519668579,0.04655766487121582,-1.4222383499145508,0.3315621614456177,0.02394431084394455,0.32548826932907104,0.006073892116546631,-0.9463034272193909,0.4790949821472168,1.0,0.5209050178527832,0.03290202096104622,0.0,0.03290202096104622,1.0,0.0,-18.477163314819336,1785284695.9393594,20.198405742645264,-15.66407299041748,6836.528371629359,32.82099636254503,0.0,65.94,True,5.476089954376221
71,0.0028356551192700863,2.694419265480974e-07,0.0028416782151907682,0.002984715858474374,2.9075536644995736e-07,0.0031817632261663675,0.0001971393940038979,-13.184133529663086,0.3521583378314972,0.00038435691385529935,0.34100016951560974,0.7095615863800049,0.0008724044309929013,0.7219921350479126,0.01670398935675621,-5.365697860717773,0.6264222860336304,0.0006353661301545799,0.62924724817276,0.0028249621391296387,-2.7554357051849365,0.700872004032135,0.007123243063688278,0.7432056665420532,0.04233366250991821,-1.4274624586105347,0.3223688006401062,0.025320664048194885,0.30937498807907104,0.012993812561035156,-0.9157947301864624,0.4282330274581909,1.0,0.5717669725418091,0.03109702467918396,0.0,0.03109702467918396,1.0,0.0,-18.85441017150879,1785284696.0227234,20.28176975250244,-15.580708980560303,6934.467846727146,32.63313410752406,0.0,65.94,True,5.476089954376221
72,0.0027756812050938606,2.674064774055296e-07,0.002322500804439187,0.003035876899957657,2.987231653150957e-07,0.002670391695573926,0.0005821957602165639,-12.633652687072754,0.35283610224723816,0.0003896277630701661,0.34150147438049316,0.7131034731864929,0.0009279959485866129,0.7255536317825317,0.016836872324347496,-5.330140113830566,0.6289748549461365,0.0006726665305905044,0.6328599452972412,0.0038850903511047363,-2.7219724655151367,0.6799279451370239,0.007612729910761118,0.7348077893257141,0.054879844188690186,-1.322214961051941,0.30968984961509705,0.02660505846142769,0.3280664086341858,0.018376559019088745,-0.8880419135093689,0.38243401050567627,1.0,0.6175659894943237,0.030053110793232918,0.0,0.030053110793232918,1.0,0.0,-18.258750915527344,1785284696.1268773,20.385923624038696,-15.476555109024048,7031.811662568952,32.41751903582599,0.0,65.94,True,5.476089954376221
73,0.002720876596868038,2.6727175850282947e-07,0.00278678722679615,0.003081378061324358,3.0777744086663006e-07,0.0033487072214484215,0.0002753345179371536,-13.10234260559082,0.3530372381210327,0.0003951626131311059,0.34193387627601624,0.7161734700202942,0.0009855206590145826,0.728924036026001,0.01690744236111641,-5.302924156188965,0.6311363577842712,0.000711470318492502,0.6345089673995972,0.0033726096153259277,-2.6971564292907715,0.6620446443557739,0.00809058640152216,0.7525759339332581,0.09053128957748413,-0.9830793142318726,0.2974448800086975,0.02786191552877426,0.32838866114616394,0.03094378113746643,-0.8541255593299866,0.34284892678260803,1.0,0.6571511030197144,0.029144935309886932,0.0,0.029144935309886932,1.0,0.0,-18.693260192871094,1785284696.232084,20.491130352020264,-15.37134838104248,7129.589987688101,32.16798760994854,0.0,65.94,True,5.476089954376221
74,0.0026691134553402662,2.66595463926933e-07,0.00271896505728364,0.0031159413047134876,3.1524396604254434e-07,0.003401439404115081,0.000289817777229473,-13.081908226013184,0.3525647521018982,0.0003987159871030599,0.34236228466033936,0.7194187641143799,0.001040856121107936,0.7330300211906433,0.017010487616062164,-5.290080547332764,0.6335632801055908,0.0007482312503270805,0.6379562616348267,0.00439298152923584,-2.667064905166626,0.6481412649154663,0.008519378490746021,0.7411541938781738,0.09301292896270752,-0.9560188055038452,0.28561705350875854,0.02893717586994171,0.3175927698612213,0.03197571635246277,-0.8347088694572449,0.30813169479370117,1.0,0.6918683052062988,0.02833094820380211,0.0,0.02833094820380211,1.0,0.0,-18.647504806518555,1785284696.337946,20.596992254257202,-15.265486478805542,7227.322557420898,31.899039494198348,0.0,65.94,True,5.476089954376221
75,0.0025851984973996878,2.5701760364427173e-07,0.002708527958020568,0.003116708481684327,3.1561302193949814e-07,0.003531536553055048,0.00043277302756905556,-12.931352615356445,0.34581512212753296,0.0003997929161414504,0.3430161476135254,0.7236761450767517,0.001065478310920298,0.7345569133758545,0.011235007084906101,-5.431215286254883,0.6369017362594604,0.000787507276982069,0.6393575072288513,0.002455770969390869,-2.6505513191223145,0.6170030832290649,0.009087213315069675,0.7405148148536682,0.12351173162460327,-0.592130720615387,0.2541438341140747,0.03015006333589554,0.3117919862270355,0.057648152112960815,-0.7767328023910522,0.2637184262275696,1.0,0.7362815737724304,0.028158199042081833,0.0,0.028158199042081833,1.0,0.0,-18.601600646972656,1785284696.443283,20.702329397201538,-15.160149335861206,7325.009222994149,31.572115311381964,0.0,65.94,True,5.476089954376221
76,0.0025397685822099447,2.5636074951762566e-07,0.0025759118143469095,0.003137308871373534,3.215678816559375e-07,0.0035040101502090693,0.00036847818410024047,-13.013858795166016,0.34513479471206665,0.0004022775683552027,0.3437069356441498,0.7257148027420044,0.001111206249333918,0.7348038554191589,0.009200525470077991,-5.432755947113037,0.6386269330978394,0.0008193019893951714,0.642302930355072,0.003675997257232666,-2.6263439655303955,0.6087976694107056,0.009425319731235504,0.7397647500038147,0.13096708059310913,-0.5033298134803772,0.24351337552070618,0.030602453276515007,0.32838866114616394,0.08487528562545776,-0.7066990733146667,0.24667204916477203,1.0,0.7533279657363892,0.028613995760679245,0.0,0.028613995760679245,0.0,0.0,-18.673234939575195,1785284696.5384963,20.797542572021484,-15.06493616104126,7422.767522860003,31.175157399489194,0.0,65.94,True,5.476089954376221
77,0.002483036369085312,2.395231319951563e-07,0.002085474319756031,0.0031437568832188845,3.0957076546656026e-07,0.0029740147292613983,0.0004322822787798941,-12.901996612548828,0.3438188433647156,0.0003930180100724101,0.3440387547016144,0.7288526296615601,0.001137081766501069,0.737819254398346,0.0089693209156394,-5.437180519104004,0.6402261257171631,0.0008307204116135836,0.6429605484008789,0.0027344226837158203,-2.6231698989868164,0.5970423817634583,0.009693881496787071,0.6182852387428284,0.021242856979370117,-1.3759162425994873,0.2259364277124405,0.029613880440592766,0.3240380883216858,0.0981016606092453,-0.6783273220062256,0.23202942311763763,1.0,0.7679705619812012,0.031112931668758392,0.0,0.031112931668758392,0.0,0.0,-18.563325881958008,1785284696.6222804,20.88132667541504,-14.981152057647705,7520.415913668239,30.749827736287983,0.0,65.94,True,5.476089954376221
78,0.002430228516459465,2.2953274481096742e-07,0.0023966124281287193,0.003171944757923484,3.057155026908731e-07,0.003561614081263542,0.0003911166568286717,-13.055237770080566,0.34430575370788574,0.0003898871364071965,0.3442595303058624,0.7316234111785889,0.0011843910906463861,0.7426605224609375,0.011037208139896393,-5.404783248901367,0.6433391571044922,0.0008572706719860435,0.6442819833755493,0.0009428262710571289,-2.6114213466644287,0.5795993208885193,0.010061485692858696,0.5756551623344421,0.0039441585540771484,-1.3798086643218994,0.2123272567987442,0.027753733098506927,0.3274218738079071,0.1150946170091629,-0.6346054673194885,0.2138693928718567,1.0,0.7861306071281433,0.03217398002743721,0.0,0.03217398002743721,0.0,0.0,-18.68477439880371,1785284696.7277849,20.986831188201904,-14.87564754486084,7618.185752993321,30.280776218400035,0.0,65.94,True,5.476089954376221
79,0.002383571118116379,2.1945086814412207e-07,0.0023088965099304914,0.0031831078231334686,2.9906479426244914e-07,0.003579104319214821,0.00040297582745552063,-13.064616203308105,0.3437870740890503,0.00038266240153461695,0.34359005093574524,0.7328550815582275,0.0012191968271508813,0.7447454929351807,0.011892043985426426,-5.3930511474609375,0.644996166229248,0.0008733054855838418,0.6472654342651367,0.002269268035888672,-2.5997257232666016,0.5673748254776001,0.010240365751087666,0.6625928282737732,0.0952180027961731,-0.9290876388549805,0.19978320598602295,0.025662150233983994,0.2394433617591858,0.03966015577316284,-0.881783664226532,0.20001229643821716,0.0,0.20001229643821716,0.03303007036447525,0.0,0.03303007036447525,0.0,0.0,-18.67892074584961,1785284696.833323,21.092369318008423,-14.770109415054321,7715.949738665449,30.05890289741913,0.0,65.94,True,5.476089954376221
80,0.0023131417110562325,2.2162068091802212e-07,0.001958344830200076,0.00316070718690753,3.059919890802121e-07,0.0031616236083209515,0.0003547980741132051,-13.03912353515625,0.3403247892856598,0.00037328031612560153,0.3425215184688568,0.7378501892089844,0.0012917205458506942,0.746292233467102,0.00872317235916853,-5.400552749633789,0.6497226357460022,0.0009148983517661691,0.6485697627067566,0.0011528730392456055,-2.578683614730835,0.5682269334793091,0.010191275738179684,0.6780919432640076,0.10986500978469849,-0.7819841504096985,0.18997985124588013,0.024983391165733337,0.27183106541633606,0.08185121417045593,-0.7917519807815552,0.175713911652565,0.0,0.175713911652565,0.032275695353746414,0.0,0.032275695353746414,0.0,0.0,-18.648906707763672,1785284696.9278905,21.186936855316162,-14.675541877746582,7813.683710299491,29.74699789299325,0.0,65.94,True,5.476089954376221
81,0.002248520730063319,2.1968108399050834e-07,0.0021581363398581743,0.003166866721585393,3.087268680701527e-07,0.0036492350045591593,0.0004907631664536893,-12.927640914916992,0.3384646773338318,0.00036187670775689185,0.3419072926044464,0.7417092323303223,0.0013668513856828213,0.7464638948440552,0.005870128981769085,-5.397204399108887,0.652653694152832,0.0009467389900237322,0.6485015749931335,0.004152119159698486,-2.5532000064849854,0.5765136480331421,0.010052863508462906,0.6376411318778992,0.06112748384475708,-1.195164442062378,0.17549139261245728,0.024391723796725273,0.32838866114616394,0.15289726853370667,-0.4586060047149658,0.152035653591156,0.0,0.152035653591156,0.032419752329587936,0.0,0.032419752329587936,0.0,0.0,-18.522005081176758,1785284697.0441546,21.3032009601593,-14.559277772903442,7911.2907803069465,29.10194691250078,0.0,65.94,True,5.476089954376221
82,0.0021728086285293102,2.1755548118562729e-07,0.0021163425408303738,0.0031870584934949875,3.1342389661404013e-07,0.003776992904022336,0.0005926305893808603,-12.75786018371582,0.33735570311546326,0.00035332757397554815,0.3413197100162506,0.7449967861175537,0.0014419467188417912,0.7499722242355347,0.006361472886055708,-5.3762407302856445,0.6547681093215942,0.000974305672571063,0.6502755880355835,0.004492521286010742,-2.5375964641571045,0.5829197764396667,0.009988403879106045,0.5587794780731201,0.02414029836654663,-1.3550550937652588,0.16019496321678162,0.02351878210902214,0.3117919862270355,0.1515970230102539,-0.4674585163593292,0.13279098272323608,0.0,0.13279098272323608,0.03294437378644943,0.0,0.03294437378644943,0.0,0.0,-18.327651977539062,1785284697.1287115,21.387757778167725,-14.47472095489502,8008.703497210764,28.46574844365267,0.0,65.94,True,5.476089954376221
83,0.0020889726001769304,2.1696173746477143e-07,0.0019756052643060684,0.0032162563875317574,3.2236997071777296e-07,0.00370988086797297,0.0005064753931947052,-12.900132179260254,0.3368503749370575,0.0003488491347525269,0.34033071994781494,0.7497578263282776,0.001519511453807354,0.7549657225608826,0.0062637836672365665,-5.360956192016602,0.6582849621772766,0.0010001382324844599,0.6528540253639221,0.005430936813354492,-2.520124673843384,0.5823220014572144,0.0100031066685915,0.4858526289463043,0.09646937251091003,-0.9183186888694763,0.13970570266246796,0.021747028455138206,0.3209765553474426,0.18127085268497467,-0.23971521854400635,0.11650662124156952,0.0,0.11650662124156952,0.034049347043037415,0.0,0.034049347043037415,0.0,0.0,-18.448959350585938,1785284697.2329645,21.492010831832886,-14.370467901229858,8106.237521487628,27.60180667698924,0.0,65.94,True,5.476089954376221
84,0.0020000608637928963,2.1513680792395462e-07,0.0016289391787722707,0.003248987253755331,3.2991306397889275e-07,0.003218995174393058,0.0003723316185642034,-12.978872299194336,0.3366125524044037,0.00034510676050558686,0.33930012583732605,0.7549234628677368,0.0016056259628385305,0.7567987442016602,0.0032771527767181396,-5.353512287139893,0.6620720028877258,0.0010293879313394427,0.6537781953811646,0.00829380750656128,-2.4870450496673584,0.5773427486419678,0.01012019906193018,0.5744527578353882,0.00288999080657959,-1.3772599697113037,0.1169518530368805,0.019706062972545624,0.28568848967552185,0.16873663663864136,-0.32205730676651,0.10302114486694336,0.0,0.10302114486694336,0.03530418127775192,0.0,0.03530418127775192,0.0,0.0,-18.505205154418945,1785284697.3388376,21.597883939743042,-14.264594793319702,8203.827791568325,26.820206998548315,0.0,65.94,True,5.476089954376221
85,0.0019090650603175163,2.086209320850685e-07,0.0019316859543323517,0.0032653508242219687,3.2730665111557755e-07,0.0040101055055856705,0.0007450981647707522,-12.471145629882812,0.33461734652519226,0.0003323531709611416,0.33703720569610596,0.7588372230529785,0.0017020604573190212,0.757327675819397,0.002852095989510417,-5.345257759094238,0.6653653383255005,0.001056585693731904,0.6560049057006836,0.009360432624816895,-2.4659550189971924,0.5843831300735474,0.009992451407015324,0.5492327809333801,0.035150349140167236,-1.3222002983093262,0.09562873095273972,0.017755860462784767,0.24314941465854645,0.14752069115638733,-0.4837595820426941,0.09450943768024445,0.0,0.09450943768024445,0.03797091543674469,0.0,0.03797091543674469,0.0,0.0,-17.980329513549805,1785284697.4328032,21.69184947013855,-14.170629262924194,8300.893186008154,26.200309595383573,0.0,65.94,True,5.476089954376221
86,0.0018229489214718342,1.989160125503986e-07,0.0014741936465725303,0.0032859875354915857,3.18896866247087e-07,0.0032565202564001083,0.00034999795025214553,-13.049419403076172,0.33343619108200073,0.0003216377808712423,0.33568620681762695,0.7617833018302917,0.001772934920154512,0.7591702342033386,0.003448288422077894,-5.34092903137207,0.6673904061317444,0.0010661177802830935,0.6567016243934631,0.01068878173828125,-2.449345111846924,0.5889862775802612,0.010037536732852459,0.5129815936088562,0.07600468397140503,-1.0940178632736206,0.07968932390213013,0.015006426721811295,0.18320800364017487,0.10351867973804474,-0.8236490488052368,0.08926532417535782,0.0,0.08926532417535782,0.04026090353727341,0.0,0.04026090353727341,0.0,0.0,-18.54683494567871,1785284697.540658,21.7997043132782,-14.062774419784546,8398.525085880112,25.920301658981373,0.0,65.94,True,5.476089954376221
87,0.001739935833029449,1.8675451940453058e-07,0.001668310258537531,0.0033003066200762987,3.052271608794399e-07,0.0039039594121277332,0.0006078872829675674,-12.799301147460938,0.3321378231048584,0.0003112030099146068,0.3339911997318268,0.76407390832901,0.0018228049157187343,0.7593739032745361,0.005052232649177313,-5.341766357421875,0.6688183546066284,0.0010602028341963887,0.6559594869613647,0.012858867645263672,-2.4277286529541016,0.5924525260925293,0.010054065845906734,0.6184736490249634,0.026021122932434082,-1.3472776412963867,0.06747134029865265,0.011628760024905205,0.1973876953125,0.12991635501384735,-0.5824866890907288,0.0863366350531578,0.0,0.0863366350531578,0.042025916278362274,0.0,0.042025916278362274,0.0,0.0,-18.286579132080078,1785284697.625849,21.88489532470703,-13.977583408355713,8495.896729938471,25.399131362864665,0.0,65.94,True,5.476089954376221
88,0.001656152424402535,1.749353657487518e-07,0.0015508068026974797,0.0033017699606716633,2.8967201615159865e-07,0.003819393692538142,0.0005282348138280213,-12.974607467651367,0.3295474648475647,0.0002979114360641688,0.33215922117233276,0.7651197910308838,0.001876366906799376,0.7573745250701904,0.008173763751983643,-5.333255290985107,0.6697388291358948,0.0010502914665266871,0.6542525291442871,0.015486299991607666,-2.3962340354919434,0.6034294366836548,0.009829534217715263,0.6924322247505188,0.08900278806686401,-0.9892996549606323,0.057494133710861206,0.008741800673305988,0.2255859375,0.1680918037891388,0.16519641876220703,0.08545298129320145,0.0,0.08545298129320145,0.0440116785466671,0.0,0.0440116785466671,0.0,0.0,-18.439327239990234,1785284697.7317417,21.990787982940674,-13.87169075012207,8593.42112210474,24.13027795889502,0.0,65.94,True,5.476089954376221
89,0.0015784642891958356,1.6339602382231533e-07,0.0012105709174647927,0.0033018330577760935,2.7425181770013296e-07,0.0032083981204777956,0.0003795729426201433,-13.100196838378906,0.3268797695636749,0.0002856547653209418,0.33114466071128845,0.7652930021286011,0.0019239288521930575,0.7602571249008179,0.006599193438887596,-5.330750465393066,0.6698138117790222,0.0010359064908698201,0.6561206579208374,0.013693153858184814,-2.4267990589141846,0.6163709163665771,0.009583042934536934,0.7333779335021973,0.11700701713562012,-0.6906254291534424,0.049139127135276794,0.006341606844216585,0.16951172053813934,0.12037259340286255,-0.4689527750015259,0.08692144602537155,0.0,0.08692144602537155,0.04670348018407822,0.0,0.04670348018407822,0.0,0.0,-18.578197479248047,1785284697.8261836,22.085229873657227,-13.777248859405518,8691.084384510268,23.49557374868911,0.0,65.94,True,5.476089954376221
90,0.0015118984738364816,1.536510723099127e-07,0.0014718447346240282,0.00331240426748991,2.6211333192804886e-07,0.004088843706995249,0.0007774718687869608,-12.428442001342773,0.3253740072250366,0.0002762729418464005,0.3305210471153259,0.7654390335083008,0.001959321554750204,0.7642932534217834,0.005273028742522001,-5.328481674194336,0.6701058745384216,0.0010146205313503742,0.6559654474258423,0.014140427112579346,-2.4291465282440186,0.6331661939620972,0.00924881361424923,0.6346570253372192,0.0014908313751220703,-1.4225713014602661,0.043754011392593384,0.004679169971495867,0.0,0.043754011392593384,-1.558811068534851,0.0895480141043663,0.0,0.0895480141043663,0.050331372767686844,0.0,0.050331372767686844,0.0,0.0,-17.905799865722656,1785284697.941175,22.200221300125122,-13.662257432937622,8788.07524930227,23.950727832016526,0.0,65.94,True,5.476089954376221
91,0.001430881442502141,1.4284348992532614e-07,0.0013194161001592875,0.0033384510315954685,2.5105669010372367e-07,0.003965936601161957,0.0006373089272528887,-12.814022064208984,0.32536906003952026,0.00027184499776922166,0.33026865124702454,0.7653727531433105,0.001934740925207734,0.7641585469245911,0.005047800485044718,-5.346617698669434,0.6697044968605042,0.000983628211542964,0.6562058925628662,0.01349860429763794,-2.4505703449249268,0.6385040283203125,0.009062874130904675,0.5989528894424438,0.03955113887786865,-1.3465436697006226,0.038267314434051514,0.003433023812249303,0.18626953661441803,0.14800222218036652,1.272067904472351,0.09064217656850815,0.0,0.09064217656850815,0.053834643214941025,0.0,0.053834643214941025,0.0,0.0,-18.316600799560547,1785284698.026726,22.2857723236084,-13.576706409454346,8885.47691502811,21.575002942336738,0.0,65.94,True,5.476089954376221
92,0.0013441528426483274,1.4161160777348414e-07,0.001009505707770586,0.0033622607588768005,2.5601727315915923e-07,0.0032885633409023285,0.0003426660259719938,-13.230207443237305,0.324500173330307,0.0002725610975176096,0.32967057824134827,0.7628400325775146,0.001983989030122757,0.7610160112380981,0.005482712760567665,-5.327390193939209,0.6672074794769287,0.0009946119971573353,0.654607892036438,0.012599587440490723,-2.4578356742858887,0.6420885920524597,0.009091204032301903,0.6121154427528381,0.029973149299621582,-1.3818756341934204,0.03267127275466919,0.002761275740340352,0.0,0.03267127275466919,-1.833810567855835,0.09588189423084259,0.0,0.09588189423084259,0.059319447726011276,0.0,0.059319447726011276,0.0,0.0,-18.721036911010742,1785284698.1311216,22.390167951583862,-13.472310781478882,8983.2830168654,22.305156524985136,0.0,65.94,True,5.476089954376221
93,0.0012494010152295232,1.322781315593602e-07,0.0011320064077153802,0.003397156484425068,2.471796278769034e-07,0.00398835726082325,0.0006027435883879662,-12.92877197265625,0.32482439279556274,0.00026703113690018654,0.32880857586860657,0.7601732015609741,0.0019618843216449022,0.755572497844696,0.00608606543391943,-5.358003616333008,0.6650791168212891,0.0009598284377716482,0.6526802778244019,0.012398838996887207,-2.4753568172454834,0.6514469385147095,0.008735163137316704,0.49721091985702515,0.15423601865768433,-0.08959484100341797,0.029060393571853638,0.0021184582728892565,0.0,0.029060393571853638,-1.9602739810943604,0.09976301342248917,0.0,0.09976301342248917,0.06509915739297867,0.0,0.06509915739297867,0.0,0.0,-18.45285415649414,1785284698.2350774,22.494123697280884,-13.36835503578186,9080.820935948173,23.16177352087206,0.0,65.94,True,5.476089954376221
94,0.0011279049795120955,1.2721351083655463e-07,0.0010297042317688465,0.003455377882346511,2.4773467544036976e-07,0.003950899932533503,0.0005051589105278254,-13.172799110412598,0.32714176177978516,0.0002708220563363284,0.32710766792297363,0.7536675930023193,0.0019231188343837857,0.7547207474708557,0.0010537062771618366,-5.395759582519531,0.6590930223464966,0.0009227555128745735,0.6555460691452026,0.0035469532012939453,-2.5683176517486572,0.6536062359809875,0.008622787892818451,0.5096779465675354,0.14392828941345215,-0.2565368413925171,0.0264710932970047,0.0016754198586568236,0.0,0.0264710932970047,-2.0677900314331055,0.11080227792263031,0.0,0.11080227792263031,0.07566835731267929,0.0,0.07566835731267929,0.0,0.0,-18.7735652923584,1785284698.3290727,22.58811902999878,-13.274359703063965,9178.679566166811,24.12590656709773,0.0,65.94,True,5.476089954376221
95,0.0010425952496007085,1.2285360639907594e-07,0.0008045893046073616,0.0034714771900326014,2.451429566008301e-07,0.0033555622212588787,0.0002647321380209178,-13.471019744873047,0.3267412483692169,0.0002706300001591444,0.3253595530986786,0.7472870349884033,0.0018661509966477752,0.7526729106903076,0.005560282152146101,-5.40014123916626,0.654502272605896,0.0008891253964975476,0.6526733636856079,0.001828908920288086,-2.5918164253234863,0.6604948043823242,0.008361361920833588,0.5797597169876099,0.08073508739471436,-1.0833501815795898,0.022808372974395752,0.0014138424303382635,0.0,0.022808372974395752,-2.177809000015259,0.11640585213899612,0.0,0.11640585213899612,0.08283846825361252,0.0,0.08283846825361252,0.0,0.0,-19.0870418548584,1785284698.4353442,22.694390535354614,-13.16808819770813,9276.851672947949,25.20005858190555,0.0,65.94,True,5.476089954376221
96,0.0009647223632782698,1.1817262901558934e-07,0.0008890176541171968,0.0034837268758565187,2.403432404207706e-07,0.004064250737428665,0.0005854392657056451,-13.03293514251709,0.3259933888912201,0.00026611200883053243,0.32348403334617615,0.7408381700515747,0.0018208277178928256,0.7455726861953735,0.005358405411243439,-5.4141645431518555,0.6502682566642761,0.0008525018347427249,0.6464892625808716,0.003778994083404541,-2.6063530445098877,0.6792963743209839,0.0078837089240551,0.6214585304260254,0.057837843894958496,-1.2903800010681152,0.01989331841468811,0.0012302049435675144,0.0,0.01989331841468811,-2.2705039978027344,0.12388722598552704,0.0,0.12388722598552704,0.09156234562397003,0.0,0.09156234562397003,0.0,0.0,-18.667444229125977,1785284698.5225487,22.78159499168396,-13.080883741378784,9374.604182103354,26.36690559450085,0.0,65.94,True,5.476089954376221
97,0.0008811856969259679,1.1490512008549558e-07,0.0007851224509067833,0.003498022211715579,2.3781775837505847e-07,0.00398062402382493,0.0004920697538182139,-13.247756958007812,0.3254072070121765,0.00026434578467160463,0.32186734676361084,0.7339459657669067,0.0017682953039184213,0.7406792640686035,0.007607096340507269,-5.41359806060791,0.645662784576416,0.0008151940419338644,0.6450450420379639,0.0006177425384521484,-2.636869430541992,0.7000687122344971,0.0074279955588281155,0.6705380082130432,0.029530704021453857,-1.4736100435256958,0.017940327525138855,0.0010993084870278835,0.0,0.017940327525138855,-2.3412084579467773,0.1337147057056427,0.0,0.1337147057056427,0.10193850845098495,0.0,0.10193850845098495,0.0,0.0,-18.897071838378906,1785284698.6282737,22.887320041656494,-12.97515869140625,9472.586318868012,27.60445706724019,0.0,65.94,True,5.476089954376221
98,0.000800483743660152,1.1405420252685872e-07,0.0005793211166746914,0.0035104078706353903,2.391729481132643e-07,0.003280915319919586,0.0003187157853972167,-13.453927993774414,0.32453757524490356,0.000265256006969139,0.32116633653640747,0.7270764112472534,0.0017291255062445998,0.736983060836792,0.010464557446539402,-5.409798622131348,0.6412153244018555,0.0007862455677241087,0.641413688659668,0.0001983642578125,-2.6551573276519775,0.7239503860473633,0.0069976551458239555,0.7038570642471313,0.020093321800231934,-1.5333032608032227,0.016806259751319885,0.0010123415850102901,0.0,0.016806259751319885,-2.3893027305603027,0.1486775130033493,0.0,0.1486775130033493,0.11575168371200562,0.0,0.11575168371200562,0.0,0.0,-19.109346389770508,1785284698.7334945,22.99254083633423,-12.869937896728516,9570.780730184062,28.890102812593057,0.0,65.94,True,5.476089954376221
99,0.0007239726837724447,1.1332895866189574e-07,0.0006371247000060976,0.003532386850565672,2.409946091574966e-07,0.004050913266837597,0.0005257492302916944,-13.186742782592773,0.3245242238044739,0.0002671788679435849,0.32087695598602295,0.7203867435455322,0.001686312723904848,0.7328730821609497,0.013008121401071548,-5.397402286529541,0.6364544630050659,0.0007566025597043335,0.6401447653770447,0.0036903023719787598,-2.665398359298706,0.7486041188240051,0.006596778519451618,0.7282936573028564,0.02031046152114868,-1.5603821277618408,0.01598137617111206,0.0009511291864328086,0.0,0.01598137617111206,-2.4257280826568604,0.17006446421146393,0.0,0.17006446421146393,0.13441450893878937,0.0,0.13441450893878937,0.0,0.0,-18.837364196777344,1785284698.8173676,23.076413869857788,-12.786064863204956,9668.703159307119,30.21217391004248,0.0,65.94,True,5.476089954376221
100,0.0006470272783190012,1.1434197944026891e-07,0.0005506674060598016,0.0035596881061792374,2.46355682520516e-07,0.003967781085520983,0.00041931503801606596,-13.383793830871582,0.325064092874527,0.0002722706994973123,0.32108888030052185,0.7137552499771118,0.0016465738881379366,0.7321863770484924,0.018854940310120583,-5.338833808898926,0.6319074630737305,0.0007305093458853662,0.6382972598075867,0.006389796733856201,-2.663999557495117,0.771435022354126,0.0062576583586633205,0.7666594982147217,0.004775524139404297,-1.6162139177322388,0.015407361090183258,0.0009100600727833807,0.0,0.015407361090183258,-2.4516375064849854,0.1996554434299469,0.0,0.1996554434299469,0.15936143696308136,0.0,0.15936143696308136,0.0,0.0,-18.986862182617188,1785284698.9332619,23.19230818748474,-12.670170545578003,9766.775086416015,31.56015443132003,0.0,65.94,True,5.476089954376221
101,0.0005678251036442816,1.1557153101193762e-07,0.0004889536648988724,0.003593296743929386,2.523190971714939e-07,0.004164704587310553,0.0005768254632130265,-13.071172714233398,0.32608452439308167,0.00027831809711642563,0.3217189908027649,0.7067714929580688,0.0015997643349692225,0.7264804840087891,0.020186683163046837,-5.318800926208496,0.6269438862800598,0.0007009474211372435,0.6324467658996582,0.005502879619598389,-2.690999746322632,0.7967729568481445,0.0058921813033521175,0.7835772037506104,0.01319575309753418,-1.6333497762680054,0.014921694993972778,0.0008768464904278517,0.0,0.014921694993972778,-2.4736862182617188,0.24166834354400635,0.0,0.24166834354400635,0.19411702454090118,0.0,0.19411702454090118,0.0,0.0,-18.67171287536621,1785284699.0386856,23.29773187637329,-12.564746856689453,9864.53186421766,32.93018366437431,0.0,65.94,True,5.476089954376221
102,0.00048769789282232523,1.166429370869082e-07,0.0003847077605314553,0.0036284634843468666,2.5795176838983025e-07,0.0039375461637973785,0.00032578990794718266,-13.498801231384277,0.3274539113044739,0.0002855145139619708,0.3231644928455353,0.6995397806167603,0.0015445840544998646,0.7195285558700562,0.020443832501769066,-5.317671298980713,0.6217057704925537,0.0006699510850012302,0.6248061060905457,0.0031003355979919434,-2.7280404567718506,0.819029688835144,0.005555012729018927,0.7866842746734619,0.03234541416168213,-1.5834193229675293,0.014530152082443237,0.000849639589432627,0.0,0.014530152082443237,-2.492166757583618,0.2978174388408661,0.0,0.2978174388408661,0.24027886986732483,0.0,0.24027886986732483,0.0,0.0,-19.11695671081543,1785284699.121858,23.38090419769287,-12.481574535369873,9962.733885854755,34.31869343675049,0.0,65.94,True,5.476089954376221
103,0.0004046953981742263,1.1690197965208426e-07,0.00027418197714723647,0.0036488811019808054,2.6136501674045576e-07,0.0033780355006456375,0.00030065112514421344,-13.50857162475586,0.32821178436279297,0.00029256485868245363,0.32418936491012573,0.6911046504974365,0.001477181212976575,0.7139954566955566,0.02324153296649456,-5.284332275390625,0.615508496761322,0.0006362998974509537,0.6232942938804626,0.007785797119140625,-2.713347911834717,0.8366990685462952,0.0052538239397108555,0.8326818943023682,0.004017174243927002,-1.703925371170044,0.013847604393959045,0.0008234020788222551,0.0,0.013847604393959045,-2.515652894973755,0.37535855174064636,0.0,0.37535855174064636,0.30648162961006165,0.0,0.30648162961006165,0.0,0.0,-19.09271240234375,1785284699.2280078,23.487054109573364,-12.37542462348938,10060.911663183379,35.73068934651681,0.0,65.94,True,5.476089954376221
104,0.0003366749733686447,1.1600473470707584e-07,0.00026182414148934186,0.003675192128866911,2.6139400688407477e-07,0.004102259408682585,0.0004335771081969142,-13.352537155151367,0.3296123445034027,0.00029653299134224653,0.3262964189052582,0.6833432912826538,0.0014017196372151375,0.7075450420379639,0.024427855387330055,-5.281355857849121,0.610081672668457,0.0005948262987658381,0.6199640035629272,0.009882330894470215,-2.712590456008911,0.8593157529830933,0.004842975176870823,0.8327887058258057,0.026527047157287598,-1.6735244989395142,0.01325642317533493,0.0007969161961227655,0.0,0.01325642317533493,-2.5381836891174316,0.4526301920413971,0.0,0.4526301920413971,0.3734597861766815,0.0,0.3734597861766815,0.0,0.0,-18.933916091918945,1785284699.332384,23.59143042564392,-12.271048307418823,10158.930644201577,37.16521605042681,0.0,65.94,True,5.476089954376221
105,0.00027859839610755444,1.1538723043713617e-07,0.00016151425370480865,0.003693047445267439,2.616538097299781e-07,0.003435704857110977,0.0002827258431352675,-13.541776657104492,0.3305676281452179,0.000300673273159191,0.3279799818992615,0.6762970089912415,0.0013406684156507254,0.7042635083198547,0.02808595821261406,-5.221332550048828,0.6053035259246826,0.0005627575446851552,0.615947425365448,0.01064389944076538,-2.721734046936035,0.8757597804069519,0.004575049504637718,0.8340247869491577,0.04173499345779419,-1.584270715713501,0.012559399008750916,0.0007777655264362693,0.0,0.012559399008750916,-2.559199094772339,0.5271297693252563,0.0,0.5271297693252563,0.4414065182209015,0.0,0.4414065182209015,0.0,0.0,-19.079710006713867,1785284699.436802,23.69584822654724,-12.166630506515503,10257.09541913457,38.62075815999171,0.0,65.94,True,5.476089954376221
106,0.00022470415569841862,1.1472479144458703e-07,0.00014690340321976691,0.003704216331243515,2.61400032286474e-07,0.004760827403515577,0.001059471513144672,-11.569238662719727,0.3311590552330017,0.00030436975066550076,0.3308195173740387,0.6684026122093201,0.0012764256680384278,0.6940951943397522,0.025694824755191803,-5.283835411071777,0.6002241373062134,0.0005288586835376918,0.6061518788337708,0.005927741527557373,-2.820235252380371,0.8922786116600037,0.004304671194404364,0.7785816788673401,0.11369693279266357,-0.30358099937438965,0.01177304983139038,0.0007616548682563007,0.0,0.01177304983139038,-2.580080986022949,0.5992934107780457,0.0,0.5992934107780457,0.5101985335350037,0.0,0.5101985335350037,0.0,0.0,-17.206424713134766,1785284699.5425105,23.801556825637817,-12.060921907424927,10353.386908773984,40.09718216080722,0.0,65.94,True,5.476089954376221
107,0.00014190131332725286,1.1433998992060879e-07,4.581782559398562e-05,0.0037618763744831085,2.646816597007273e-07,0.0037201980594545603,0.00010473356087459251,-13.682884216308594,0.3346529006958008,0.0003119183820672333,0.33233770728111267,0.6610206365585327,0.0012096399441361427,0.6901525855064392,0.02922380156815052,-5.197836875915527,0.5945194959640503,0.0004935699980705976,0.6050809621810913,0.010561466217041016,-2.774986505508423,0.9036795496940613,0.004082555882632732,0.8299320936203003,0.07374745607376099,-1.1654889583587646,0.011862732470035553,0.0007466739625670016,0.0,0.011862732470035553,-2.586768388748169,0.6446624398231506,0.0,0.6446624398231506,0.5582965612411499,0.0,0.5582965612411499,0.0,0.0,-19.228647232055664,1785284699.6277106,23.886756896972656,-11.975721836090088,10451.700620932319,41.580293564347954,0.0,65.94,True,5.476089954376221
108,5.234917625784874e-05,1.1254694243234553e-07,5.213436224948964e-07,0.00382589572109282,2.6408463327243226e-07,0.003527195192873478,0.00030316354241222143,-13.554708480834961,0.33863186836242676,0.0003154455334879458,0.33332744240760803,0.652197003364563,0.0011262503685429692,0.6898252964019775,0.038000334054231644,-4.9141316413879395,0.5882235765457153,0.00044722887105308473,0.6009287238121033,0.01270514726638794,-2.7568137645721436,0.9227823615074158,0.003637051209807396,0.8721388578414917,0.05064350366592407,-1.5367640256881714,0.011707514524459839,0.0007246190216392279,0.0,0.011707514524459839,-2.6014161109924316,0.6888750791549683,0.0,0.6888750791549683,0.6050760746002197,0.0,0.6050760746002197,0.0,0.0,-18.86441993713379,1785284699.7325778,23.991624116897583,-11.870854616165161,10549.650105795732,43.07805269013295,0.0,65.94,True,5.476089954376221
109,-5.431473255157471e-05,1.1244000575061364e-07,-6.143213977338746e-05,0.003908819518983364,2.684824664811458e-07,0.004231706727296114,0.00032296564313583076,-13.533403396606445,0.3438792824745178,0.0003233616007491946,0.3348830044269562,0.6411951780319214,0.0010323873721063137,0.677039384841919,0.03695591911673546,-4.871039390563965,0.5800193548202515,0.00039460143307223916,0.5939344167709351,0.013915061950683594,-2.7545313835144043,0.943899929523468,0.003218292258679867,0.9212518930435181,0.02264803647994995,-1.8708233833312988,0.011836379766464233,0.0007128240540623665,0.0,0.011836379766464233,-2.605928421020508,0.7424219846725464,0.0,0.7424219846725464,0.6627218723297119,0.0,0.6627218723297119,0.0,0.0,-18.8075008392334,1785284699.8372898,24.096336126327515,-11.76614260673523,10647.542671561245,44.58032412594602,0.03897687221276158,65.94,True,5.476089954376221
110,-0.00010406970977783203,1.0663537608479601e-07,-0.0001242324069608003,0.003945635166019201,2.569966284227121e-07,0.004194972570985556,0.0002501513226889074,-13.653289794921875,0.34730154275894165,0.0003175474121235311,0.3375827968120575,0.6353226900100708,0.0009581816266290843,0.6640841960906982,0.03035915456712246,-5.084413528442383,0.5758032202720642,0.00035663522430695593,0.5845947265625,0.008791506290435791,-2.942099094390869,0.9505888819694519,0.00300022354349494,0.9807937741279602,0.0302048921585083,-1.8335511684417725,0.010885827243328094,0.00069252128014341,0.0,0.010885827243328094,-2.633089542388916,0.7443068623542786,0.0,0.7443068623542786,0.6711133122444153,0.0,0.6711133122444153,0.0,0.0,-19.191871643066406,1785284699.92141,24.180456399917603,-11.682022333145142,10745.81960813059,46.1097566831275,0.08634518434022653,65.94,True,5.476089954376221
111,-0.00016195396892726421,1.0057627264359326e-07,-0.00014721353363711387,0.003992888610810041,2.4499141204614716e-07,0.0035677056293934584,0.0004254384257365018,-13.4592866897583,0.3515925407409668,0.00031196061172522604,0.34009018540382385,0.6280523538589478,0.0008715940057300031,0.6555531620979309,0.029809370636940002,-5.075123310089111,0.570359468460083,0.00031380460131913424,0.57778000831604,0.007420539855957031,-3.0266945362091064,0.9579916596412659,0.002764591248705983,1.0,0.04200834035873413,-1.7073314189910889,0.009751379489898682,0.000669414468575269,0.0,0.009751379489898682,-2.664590835571289,0.7451735734939575,0.0,0.7451735734939575,0.6794385313987732,0.0,0.6794385313987732,0.0,0.0,-19.032733917236328,1785284700.0269692,24.286015510559082,-11.576463222503662,10843.937406974106,47.67069053349135,0.1420387156220494,65.94,True,5.476089954376221
112,-0.00021175388246774673,9.68086411035074e-08,-0.00022803859610576183,0.004033832345157862,2.3780624758273916e-07,0.0044104596599936485,0.0003769792092498392,-13.563680648803711,0.3550523817539215,0.0003093787527177483,0.344422847032547,0.6209717988967896,0.0008080308325588703,0.6490967869758606,0.03006662428379059,-5.090976238250732,0.5652145147323608,0.000283233355730772,0.5750662684440613,0.00985175371170044,-2.9943432807922363,0.9637534022331238,0.0026143155992031097,1.0,0.03624659776687622,-1.8031647205352783,0.00894877314567566,0.0006545664509758353,0.0,0.00894877314567566,-2.685659408569336,0.747055172920227,0.0,0.747055172920227,0.6881870627403259,0.0,0.6881870627403259,0.0,0.0,-19.13363265991211,1785284700.1424942,24.401540517807007,-11.460938215255737,10942.156104560298,49.25269295685325,0.206480778245425,65.94,True,5.476089954376221
113,-0.00025299564003944397,9.408343970562782e-08,-0.0002411792374914512,0.00406683050096035,2.3277458183201816e-07,0.003700065426528454,0.0003669553843792528,-13.598579406738281,0.357851505279541,0.00030782510293647647,0.34800493717193604,0.6150530576705933,0.0007628814782947302,0.6455756425857544,0.03207153081893921,-5.026233673095703,0.5611622333526611,0.00026228398201055825,0.5699582099914551,0.008795976638793945,-3.0566112995147705,0.9675391912460327,0.0025252581108361483,1.0,0.032460808753967285,-1.8631343841552734,0.008525654673576355,0.0006461406010203063,0.0,0.008525654673576355,-2.69706130027771,0.747053325176239,0.0,0.747053325176239,0.6943386197090149,0.0,0.6943386197090149,0.0,0.0,-19.147871017456055,1785284700.2259076,24.48495388031006,-11.377524852752686,11040.389040504033,50.846097271923526,0.27707439783748955,65.94,True,5.476089954376221
114,-0.00028328271582722664,9.17142131129367e-08,-0.00032098666997626424,0.004089747555553913,2.2771655494580045e-07,0.004355816636234522,0.0002687272790353745,-13.748807907104492,0.3602592647075653,0.0003057560825254768,0.3527499735355377,0.6098606586456299,0.0007240044651553035,0.6354464292526245,0.0266649778932333,-5.279536247253418,0.557741105556488,0.0002448364975862205,0.5587083101272583,0.0009672045707702637,-3.2366111278533936,0.9705561995506287,0.002452112967148423,1.0,0.029443800449371338,-1.9096903800964355,0.008720532059669495,0.0006446418119594455,0.0,0.008720532059669495,-2.6954848766326904,0.7533926963806152,0.0,0.7533926963806152,0.7035617828369141,0.0,0.7035617828369141,0.0,0.0,-19.590742111206055,1785284700.3311293,24.59017562866211,-11.272303104400635,11139.064847541518,52.43792516334878,0.3568911805574533,65.94,True,5.476089954376221
115,-0.00032309722155332565,8.884022406618897e-08,-0.00037757723475806415,0.004122479818761349,2.2194707582912088e-07,0.004504666198045015,0.0003860498545691371,-13.594987869262695,0.363186776638031,0.0003041452437173575,0.3578219711780548,0.6043957471847534,0.0006763179553672671,0.6281822323799133,0.024383969604969025,-5.394942283630371,0.5539547801017761,0.00022441668261308223,0.5546182990074158,0.0006635189056396484,-3.281083583831787,0.9731236100196838,0.0023790253326296806,1.0,0.026876389980316162,-1.9497791528701782,0.008712321519851685,0.0006369308684952557,0.0,0.008712321519851685,-2.700899839401245,0.7539352178573608,1.0,0.24606478214263916,0.707817792892456,1.0,0.29218220710754395,0.0,0.0,-19.551483154296875,1785284700.43553,24.694576263427734,-11.16790246963501,11237.701395622094,54.03516801754259,0.025328387548046893,65.94,True,5.476089954376221
116,-0.00039124349132180214,9.224365271620627e-08,-0.0004227945755701512,0.004199353978037834,2.3377535285362683e-07,0.004566658288240433,0.00036865691072307527,-13.602044105529785,0.3687620759010315,0.00032790083787404,0.3637995719909668,0.5941767692565918,0.00059269875055179,0.6126701235771179,0.01914759911596775,-5.562868595123291,0.5468068718910217,0.0001846115628723055,0.5476113557815552,0.0008044838905334473,-3.377936840057373,0.981640636920929,0.00237145833671093,1.0,0.018359363079071045,-2.0321192741394043,0.009352356195449829,0.0006146845989860594,0.0,0.009352356195449829,-2.7071146965026855,0.8827179074287415,1.0,0.11728209257125854,0.8573928475379944,1.0,0.14260715246200562,0.0,0.0,-19.741308212280273,1785284700.5424774,24.801523685455322,-11.060955047607422,11336.527768760654,55.63862572883784,0.0,65.94,True,5.476089954376221
117,-0.0004346545320004225,9.055176519723318e-08,-0.0003984923241659999,0.004261188209056854,2.3285488737201376e-07,0.003973670769482851,0.0002897826489061117,-13.722493171691895,0.37360408902168274,0.00033464012085460126,0.3680163323879242,0.5879957675933838,0.0005380777874961495,0.6019654273986816,0.015045744366943836,-5.699110984802246,0.5425356030464172,0.000162542361067608,0.5423610806465149,0.00017452239990234375,-3.443253755569458,0.9832410216331482,0.0023403409868478775,1.0,0.016758978366851807,-2.04978609085083,0.0087643563747406,0.0006010504439473152,0.0,0.0087643563747406,-2.7255775928497314,0.896352231502533,1.0,0.10364776849746704,0.8764885663986206,1.0,0.1235114336013794,0.0,0.0,-20.003408432006836,1785284700.6265526,24.88559889793396,-10.976879835128784,11435.61624211894,57.26054633648013,0.0,65.94,True,5.476089954376221
118,-0.0004748622886836529,8.946766172357457e-08,-0.000494766456540674,0.004323418252170086,2.3326056464156864e-07,0.004617901984602213,0.00029515562346205115,-13.72426986694336,0.3783748149871826,0.0003421447181608528,0.3739355504512787,0.5822644233703613,0.0004902852815575898,0.5940425395965576,0.012586941942572594,-5.792250633239746,0.5388348698616028,0.00014412420568987727,0.5384740233421326,0.00036084651947021484,-3.5030272006988525,0.9845055937767029,0.0023161883000284433,1.0,0.01549440622329712,-2.0631520748138428,0.007977932691574097,0.0005894933128729463,0.0,0.007977932691574097,-2.7452003955841064,0.9052967429161072,1.0,0.09470325708389282,0.8895072340965271,1.0,0.1104927659034729,0.0,0.0,-20.10958480834961,1785284700.731401,24.990447282791138,-10.872031450271606,11534.810891853569,58.9020897468568,0.0,65.94,True,5.476089954376221
119,-0.000511900638230145,8.904770965045827e-08,-0.0004679957637563348,0.004383455030620098,2.3497428003338428e-07,0.004161067306995392,0.00022668026213068515,-13.795002937316895,0.38281336426734924,0.0003503451298456639,0.37820637226104736,0.5768705010414124,0.0004493837768677622,0.5911463499069214,0.01500080805271864,-5.737190246582031,0.5355537533760071,0.00012900895671918988,0.5359246730804443,0.00037091970443725586,-3.558342218399048,0.9854674339294434,0.0022965495008975267,1.0,0.01453256607055664,-2.073254108428955,0.007291734218597412,0.0005814515170641243,0.0,0.007291734218597412,-2.760331869125366,0.9113324284553528,1.0,0.08866757154464722,0.8981625437736511,1.0,0.10183745622634888,0.0,0.0,-20.163925170898438,1785284700.8360057,25.095052003860474,-10.76742672920227,11634.059881950747,60.55876463077473,0.0,65.94,True,5.476089954376221
120,-0.0005473383935168386,8.907756665621491e-08,-0.000549511460121721,0.004446549341082573,2.3753960931571783e-07,0.004760206677019596,0.00031366487382911146,-13.698358535766602,0.3874964118003845,0.00035930293961428106,0.3833589255809784,0.5716210603713989,0.0004105278349015862,0.5883723497390747,0.017254693433642387,-5.6612443923950195,0.5324597954750061,0.00011521828128024936,0.5347650051116943,0.0023052096366882324,-3.592341661453247,0.9865254163742065,0.002265641000121832,1.0,0.013474583625793457,-2.0859413146972656,0.006754443049430847,0.000577398226596415,0.0,0.006754443049430847,-2.7700438499450684,0.9158018231391907,1.0,0.08419817686080933,0.9040766358375549,1.0,0.09592336416244507,0.0,0.0,-20.02352523803711,1785284700.9201546,25.179200887680054,-10.68327784538269,11733.168472115063,62.225151495512364,0.0,65.94,True,5.476089954376221
121,-0.0005855201743543148,8.882849300562157e-08,-0.0005858475924469531,0.0045194984413683414,2.400580569883459e-07,0.0048274090513587,0.0003079107846133411,-13.704123497009277,0.39308351278305054,0.0003686486161313951,0.38934317231178284,0.5667627453804016,0.00037442828761413693,0.5859900712966919,0.01958775706589222,-5.547364234924316,0.5296334624290466,0.0001029267514240928,0.5330232381820679,0.0033897757530212402,-3.6159884929656982,0.9867509007453918,0.002240696456283331,1.0,0.013249099254608154,-2.0923750400543213,0.006508871912956238,0.0005759566556662321,0.0,0.006508871912956238,-2.774022340774536,0.9190906286239624,1.0,0.0809093713760376,0.9085486531257629,1.0,0.09145134687423706,0.0,0.0,-19.950010299682617,1785284701.035671,25.29471731185913,-10.567761421203613,11832.203547341025,63.89551685107946,0.0,65.94,True,5.476089954376221
122,-0.0006152279675006866,8.874133783365323e-08,-0.0005315755843184888,0.0045722126960754395,2.4186329028452747e-07,0.004195493180304766,0.0003858954878523946,-13.565526962280273,0.39701804518699646,0.00037701602559536695,0.3936748206615448,0.5623665452003479,0.00034359461278654635,0.5810829401016235,0.01901264302432537,-5.567173004150391,0.5272244811058044,9.314170165453106e-05,0.5312302112579346,0.004005730152130127,-3.6356186866760254,0.9869643449783325,0.0022246448788791895,1.0,0.01303565502166748,-2.0969481468200684,0.006371170282363892,0.0005756407044827938,0.0,0.006371170282363892,-2.7758166790008545,0.9228517413139343,1.0,0.07714825868606567,0.9120848774909973,1.0,0.08791512250900269,0.0,0.0,-19.83707618713379,1785284701.1405203,25.399566650390625,-10.46291208267212,11931.125688454438,65.56767654487288,0.0,65.94,True,5.476089954376221
123,-0.0006524256896227598,8.854124189383583e-08,-0.0006569194956682622,0.004647513851523399,2.4457224867546756e-07,0.004992090631276369,0.00034460608731023967,-13.65104866027832,0.402681440114975,0.00038747681537643075,0.3989351689815521,0.557683527469635,0.00030894955853000283,0.5705713033676147,0.013421226292848587,-5.844300270080566,0.5245217680931091,8.240999886766076e-05,0.528416097164154,0.003894329071044922,-3.690948963165283,0.9871596693992615,0.002197470050305128,1.0,0.012840330600738525,-2.103771448135376,0.006269529461860657,0.0005764631787315011,0.0,0.006269529461860657,-2.7762677669525146,0.9261100888252258,1.0,0.07388991117477417,0.9150230884552002,1.0,0.0849769115447998,0.0,0.0,-20.17196273803711,1785284701.2248945,25.483940839767456,-10.378537893295288,12030.382716118755,67.24028732661796,0.0,65.94,True,5.476089954376221
124,-0.0006891684606671333,8.862532752118568e-08,-0.000678081763908267,0.00473116897046566,2.489655628323817e-07,0.00497158570215106,0.00024067221966106445,-13.76774787902832,0.4089745879173279,0.0004002723435405642,0.40498706698417664,0.5527516603469849,0.0002771996660158038,0.5644732713699341,0.01238129660487175,-5.901500701904297,0.5216853618621826,7.274168456206098e-05,0.5254672765731812,0.003781914710998535,-3.74704647064209,0.9867956042289734,0.002183829201385379,1.0,0.013204395771026611,-2.1044793128967285,0.006245940923690796,0.0005789559800177813,0.0,0.006245940923690796,-2.77451229095459,0.9299706816673279,1.0,0.07002931833267212,0.9186573028564453,1.0,0.08134269714355469,0.0,0.0,-20.362472534179688,1785284701.3290439,25.588090181350708,-10.274388551712036,12129.830253579214,68.91114263236511,0.0,65.94,True,5.476089954376221
125,-0.0007215121295303106,8.91566358518503e-08,-0.0005770741263404489,0.004819947294890881,2.5473164555478434e-07,0.004143392667174339,0.0006918009021319449,-12.854640007019043,0.4157193899154663,0.00041414928273297846,0.4093129336833954,0.5479926466941833,0.00024963682517409325,0.5635083913803101,0.01678633503615856,-5.672789573669434,0.5190649032592773,6.444611062761396e-05,0.5222846269607544,0.0032197237014770508,-3.8254733085632324,0.9866114854812622,0.0021690246649086475,1.0,0.013388514518737793,-2.1064794063568115,0.006497830152511597,0.0005848214495927095,0.0,0.006497830152511597,-2.7670655250549316,0.9340322613716125,1.0,0.06596773862838745,0.9221235513687134,1.0,0.07787644863128662,0.0,0.0,-19.30560874938965,1785284701.4348137,25.693860054016113,-10.16861867904663,12228.220927254883,70.57455117221261,0.0,65.94,True,5.476089954376221
126,-0.0007511088624596596,8.951891317110494e-08,-0.0007409653044305742,0.004902064334601164,2.593544081719301e-07,0.005185560788959265,0.00028367788763716817,-13.703548431396484,0.42197227478027344,0.0004264660528860986,0.41453397274017334,0.5439754724502563,0.0002256702573504299,0.5599446892738342,0.01761658862233162,-5.610442161560059,0.5169075131416321,5.746775059378706e-05,0.5207912921905518,0.0038837790489196777,-3.831968307495117,0.9868696331977844,0.0021435203962028027,1.0,0.013130366802215576,-2.1134984493255615,0.006844550371170044,0.0005932058556936681,0.0,0.006844550371170044,-2.756559133529663,0.9369641542434692,1.0,0.06303584575653076,0.9240784645080566,1.0,0.07592153549194336,0.0,0.0,-20.107887268066406,1785284701.5212893,25.780335664749146,-10.082143068313599,12327.413879449228,72.22745332053483,0.0,65.94,True,5.476089954376221
127,-0.0007786739151924849,8.958901531741503e-08,-0.0007956780027598143,0.004976377822458744,2.6316311618757027e-07,0.005426743533462286,0.00045068658073432744,-13.46440315246582,0.42756080627441406,0.0004376184078864753,0.42071571946144104,0.5404878854751587,0.00020588170445989817,0.5548206567764282,0.015883436426520348,-5.7208757400512695,0.5150496959686279,5.1831448217853904e-05,0.5195828676223755,0.004533171653747559,-3.8165829181671143,0.986919105052948,0.0021288185380399227,1.0,0.013080894947052002,-2.116966485977173,0.007405444979667664,0.0006029949872754514,0.0,0.007405444979667664,-2.7423887252807617,0.9392077326774597,1.0,0.06079226732254028,0.9254748821258545,1.0,0.07452511787414551,0.0,0.0,-19.94939422607422,1785284701.6254435,25.88448977470398,-9.977988958358765,12426.448338601582,73.86618506060816,0.0,65.94,True,5.476089954376221
128,-0.0008039770182222128,8.978629750799882e-08,-0.0006461760494858027,0.005048935767263174,2.6760415039461805e-07,0.004315624013543129,0.000750098202843219,-12.698507308959961,0.43305841088294983,0.00044914541649632156,0.4250832498073578,0.5372827649116516,0.0001885188976302743,0.5511174201965332,0.015968747437000275,-5.725920677185059,0.5133424997329712,4.703343802248128e-05,0.516218364238739,0.0028758645057678223,-3.9754648208618164,0.9866138696670532,0.002121817087754607,1.0,0.013386130332946777,-2.1165771484375,0.008038505911827087,0.0006137312739156187,0.0,0.008038505911827087,-2.7263946533203125,0.9413934946060181,1.0,0.058606505393981934,0.9266897439956665,1.0,0.0733102560043335,0.0,0.0,-19.26697540283203,1785284701.7320194,25.991065740585327,-9.871412992477417,12524.800378930693,75.48892272872104,0.0,65.94,True,5.476089954376221
129,-0.0007927508559077978,8.812855867290637e-08,-0.0008056573569774628,0.0050735194236040115,2.6342326009398676e-07,0.005263762082904577,0.00019067995890509337,-13.789467811584473,0.43576934933662415,0.0004500213544815779,0.43022918701171875,0.5362771153450012,0.00018231586727779359,0.5478942394256592,0.01287054643034935,-5.915893077850342,0.512833297252655,4.5354983740253374e-05,0.5146005153656006,0.0017672181129455566,-4.047127723693848,0.9872432351112366,0.0021107669454067945,1.0,0.012756764888763428,-2.1228649616241455,0.009330406785011292,0.0006375183002091944,0.0,0.009330406785011292,-2.6917479038238525,0.9459121227264404,1.0,0.05408787727355957,0.9306704998016357,1.0,0.06932950019836426,0.0,0.0,-20.545745849609375,1785284701.8259828,26.085029125213623,-9.777449607849121,12624.431189706582,77.07701364733745,0.0,65.94,True,5.476089954376221
130,-0.000813889317214489,8.862097189421547e-08,-0.0008593503735028207,0.005139998160302639,2.6822252152669535e-07,0.005556535441428423,0.0004190107574686408,-13.512203216552734,0.44093480706214905,0.00046109315007925034,0.43533340096473694,0.5335707664489746,0.0001680713758105412,0.5397465229034424,0.00833760853856802,-6.2011518478393555,0.5114272236824036,4.157255534664728e-05,0.5134634971618652,0.00203627347946167,-4.075226783752441,0.986870527267456,0.0020946264266967773,1.0,0.013129472732543945,-2.124102830886841,0.010050386190414429,0.0006536687724292278,0.0,0.010050386190414429,-2.6702520847320557,0.9471933841705322,1.0,0.05280661582946777,0.9309982657432556,1.0,0.06900173425674438,0.0,0.0,-20.510738372802734,1785284701.9310496,26.190095901489258,-9.672382831573486,12724.026993005664,78.64360874686207,0.0,65.94,True,5.476089954376221
131,-0.0008368003182113171,8.978933863090788e-08,-0.0008506472804583609,0.005206334870308638,2.7575478611652215e-07,0.005417502485215664,0.00021162112534511834,-13.744977951049805,0.44589173793792725,0.000475029373774305,0.4414489269256592,0.5308868288993835,0.00015640759374946356,0.5368996858596802,0.007476163562387228,-6.233358383178711,0.5099870562553406,3.8555925129912794e-05,0.511076807975769,0.0010897517204284668,-4.1473612785339355,0.985701858997345,0.002109250985085964,1.0,0.01429814100265503,-2.1133108139038086,0.010578207671642303,0.000677724601700902,0.0,0.010578207671642303,-2.6468918323516846,0.9488735795021057,1.0,0.05112642049789429,0.9324542284011841,1.0,0.06754577159881592,0.0,0.0,-20.80534553527832,1785284702.0395775,26.29862380027771,-9.563854932785034,12823.917403467221,80.18684359400632,0.0,65.94,True,5.476089954376221
132,-0.0008723961655050516,9.232275743897844e-08,-0.0007558040670119226,0.005276880227029324,2.8805771989937057e-07,0.004755264148116112,0.0005344876553863287,-13.245269775390625,0.451104998588562,0.0004939805367030203,0.4458712637424469,0.5280914306640625,0.00014575083332601935,0.5357306003570557,0.009260069578886032,-6.1575164794921875,0.508431077003479,3.600879790610634e-05,0.5092431902885437,0.0008121132850646973,-4.187777519226074,0.986066460609436,0.002136669121682644,1.0,0.013933539390563965,-2.1098835468292236,0.009047597646713257,0.0007304971804842353,0.0,0.009047597646713257,-2.6359245777130127,0.9520468711853027,1.0,0.047953128814697266,0.9372886419296265,1.0,0.06271135807037354,0.0,0.0,-20.265172958374023,1785284702.134051,26.393097400665283,-9.469381332397461,12923.267641351875,81.7191111865119,0.0,65.94,True,5.476089954376221
133,-0.0009210433345288038,9.726316108071842e-08,-0.0008998331031762064,0.005347856320440769,3.05516465459732e-07,0.005567479413002729,0.0002206449134973809,-13.654424667358398,0.45589232444763184,0.0005175929400138557,0.4511946439743042,0.525132954120636,0.00013619720994029194,0.5314039587974548,0.007835413329303265,-6.23029899597168,0.5068398714065552,3.392343933228403e-05,0.5077520608901978,0.0009121894836425781,-4.214499473571777,0.9872936010360718,0.0021687133703380823,1.0,0.012706398963928223,-2.1106488704681396,0.008291184902191162,0.0008654821431264281,0.0,0.008291184902191162,-2.5674593448638916,0.9548383355140686,1.0,0.045161664485931396,0.9420972466468811,1.0,0.057902753353118896,0.0,0.0,-20.745914459228516,1785284702.2388484,26.497894763946533,-9.364583969116211,13023.098620737383,83.18291354616835,0.0,65.94,True,5.476089954376221
134,-0.0009563316125422716,1.0251559956486744e-07,-0.000918106350582093,0.00541429128497839,3.206439771474834e-07,0.005610632244497538,0.00020002735254820436,-13.617975234985352,0.4602428078651428,0.0005381868686527014,0.4572908878326416,0.5225152969360352,0.0001274797978112474,0.530044436454773,0.00808713585138321,-6.179115295410156,0.5055663585662842,3.193372322130017e-05,0.5062620043754578,0.000695645809173584,-4.24940824508667,0.9864429831504822,0.002195058623328805,1.0,0.013557016849517822,-2.0999696254730225,0.01034700870513916,0.0010570893064141273,0.0,0.01034700870513916,-2.45654034614563,0.9549890756607056,1.0,0.045010924339294434,0.9428706765174866,1.0,0.05712932348251343,0.0,0.0,-20.685972213745117,1785284702.3226614,26.58170771598816,-9.280771017074585,13122.869657877407,84.53579690710654,0.0,65.94,True,5.476089954376221
135,-0.0009869839996099472,1.0820473050898727e-07,-0.0007706289761699736,0.005482927430421114,3.3542792721164005e-07,0.004714736249297857,0.0007980771479196846,-12.539722442626953,0.46482640504837036,0.0005574079696089029,0.4615348279476166,0.5201916098594666,0.00011934047506656498,0.5261574387550354,0.006813632789999247,-6.266160011291504,0.5045059323310852,3.0033988878130913e-05,0.5047978758811951,0.0002919435501098633,-4.286232948303223,0.9855204224586487,0.0022078007459640503,1.0,0.014479577541351318,-2.0914595127105713,0.01245802640914917,0.0013210397446528077,0.0,0.01245802640914917,-2.336987018585205,0.9537178874015808,1.0,0.04628211259841919,0.9426288604736328,1.0,0.05737113952636719,0.0,0.0,-19.69576644897461,1785284702.4270759,26.686122179031372,-9.176356554031372,13221.650489252661,85.76912694048431,0.0,65.94,True,5.476089954376221
136,-0.0010166473221033812,1.1577428438158677e-07,-0.0009658139897510409,0.005558491684496403,3.543575815001532e-07,0.0058685652911663055,0.0003142127825412899,-13.427592277526855,0.4696595072746277,0.000579864950850606,0.4666604697704315,0.5179080963134766,0.00011194330727448687,0.5242513418197632,0.007016479969024658,-6.249764442443848,0.5034924745559692,2.833158396242652e-05,0.5043359994888306,0.0008435249328613281,-4.304271221160889,0.9844543933868408,0.0022234106436371803,1.0,0.01554560661315918,-2.0810720920562744,0.014513961970806122,0.0017237085849046707,0.0,0.014513961970806122,-2.201594829559326,0.951073169708252,1.0,0.04892683029174805,0.9417413473129272,1.0,0.058258652687072754,0.0,0.0,-20.579540252685547,1785284702.5319686,26.791014909744263,-9.071463823318481,13321.315094431626,86.8670647848362,0.0,65.94,True,5.476089954376221
137,-0.0010484152007848024,1.2526837167570193e-07,-0.0009577680611982942,0.0056410059332847595,3.7728756296928623e-07,0.005790547002106905,0.0001748697686707601,-13.441222190856934,0.4751100242137909,0.0006039152503944933,0.47183704376220703,0.5157331824302673,0.00010602919792290777,0.5247475504875183,0.00959016289561987,-6.051999092102051,0.5025548338890076,2.6934565539704636e-05,0.5026122331619263,5.739927291870117e-05,-4.342050552368164,0.9839088320732117,0.0022378782741725445,1.0,0.01609116792678833,-2.074324369430542,0.016224108636379242,0.002391733694821596,0.0,0.016224108636379242,-2.0439023971557617,0.9460445046424866,1.0,0.05395549535751343,0.9408735036849976,1.0,0.05912649631500244,0.0,0.0,-20.453845977783203,1785284702.6389258,26.897972106933594,-8.96450662612915,13420.854005335688,87.80731019678453,0.0,65.94,True,5.476089954376221
138,-0.0010822571348398924,1.366945241443318e-07,-0.001018061419017613,0.005722512491047382,4.026813940072316e-07,0.006149656139314175,0.0004319407162256539,-13.185821533203125,0.48018187284469604,0.0006295338389463723,0.47809138894081116,0.5138128995895386,0.00010081247455673292,0.519514262676239,0.006072533316910267,-6.2838239669799805,0.5017688274383545,2.5766208636923693e-05,0.5019766688346863,0.0002078413963317871,-4.363446235656738,0.9837347269058228,0.0022488338872790337,1.0,0.016265273094177246,-2.0709116458892822,0.016526639461517334,0.0033942314330488443,0.0,0.016526639461517334,-1.8836660385131836,0.9393388628959656,1.0,0.060661137104034424,0.9394469261169434,1.0,0.06055307388305664,0.0,0.0,-20.394603729248047,1785284702.7445993,27.003645658493042,-8.858833074569702,13520.333673991216,88.58731925009027,0.0,65.94,True,5.476089954376221
139,-0.0011189936194568872,1.4833932482360979e-07,-0.0009068114450201392,0.005804453510791063,4.269851388016832e-07,0.005495383404195309,0.0003748941235244274,-13.093652725219727,0.4848189353942871,0.0006541878101415932,0.4844888746738434,0.5120244026184082,9.627489635022357e-05,0.5153219103813171,0.00331398518756032,-6.395777702331543,0.5010465383529663,2.4692459192010574e-05,0.501198410987854,0.0001518726348876953,-4.385100841522217,0.9839524626731873,0.0022543116938322783,1.0,0.016047537326812744,-2.0713987350463867,0.015359185636043549,0.004645753186196089,0.0,0.015359185636043549,-1.7415730953216553,0.9313226938247681,1.0,0.06867730617523193,0.9371590614318848,1.0,0.06284093856811523,0.0,0.0,-20.4028263092041,1785284702.8303373,27.089383602142334,-8.77309513092041,13619.821565226699,89.2252353602045,0.0,65.94,True,5.476089954376221
140,-0.0011509924661368132,1.580974497983334e-07,-0.0009406834724359214,0.005895310081541538,4.4399845933185134e-07,0.005704271607100964,0.0002841224486473948,-13.12489128112793,0.4905097782611847,0.0006754187634214759,0.48897382616996765,0.5102764368057251,8.965547749539837e-05,0.5139448046684265,0.003976942505687475,-6.395185470581055,0.5003418922424316,2.2921596610103734e-05,0.5008801817893982,0.0005382895469665527,-4.41645622253418,0.9850561022758484,0.0022228516172617674,1.0,0.014943897724151611,-2.085310935974121,0.011794507503509521,0.0060523622669279575,0.0,0.011794507503509521,-1.6232224702835083,0.9185383319854736,1.0,0.08146166801452637,0.9309326410293579,1.0,0.06906735897064209,0.0,0.0,-20.449268341064453,1785284702.9352083,27.194254636764526,-8.668224096298218,13719.355898494043,89.74480084528057,0.0,65.94,True,5.476089954376221
141,-0.0011754820588976145,1.659281991805983e-07,-0.0009712809114716947,0.005984671413898468,4.5179376684245653e-07,0.005877169780433178,0.00023076981597114354,-13.134557723999023,0.4967406988143921,0.0006934107514098287,0.4949913024902344,0.5083029866218567,8.060436084633693e-05,0.5139313340187073,0.0058939531445503235,-6.3133344650268555,0.4995267987251282,2.0483390471781604e-05,0.5007883310317993,0.0012615323066711426,-4.440162181854248,0.9871171712875366,0.0021543395705521107,1.0,0.012882828712463379,-2.112677574157715,0.004911735653877258,0.007629972882568836,0.0,0.004911735653877258,-1.5173159837722778,0.8933778405189514,1.0,0.10662215948104858,0.9153494238853455,1.0,0.08465057611465454,0.0,0.0,-20.40530776977539,1785284703.019815,27.27886128425598,-8.583617448806763,13818.846271190097,90.1584598438454,0.0,65.94,True,5.476089954376221
142,-0.001234973082318902,1.7985838951517508e-07,-0.000979939242824912,0.006140286102890968,4.7178320983221056e-07,0.005901815369725227,0.00034915690775960684,-12.969959259033203,0.5077520608901978,0.0007360341842286289,0.5000895857810974,0.5048739910125732,6.321851833490655e-05,0.5126424431800842,0.010911570861935616,-6.086507797241211,0.49788162112236023,1.6025409422582015e-05,0.500306248664856,0.0024246275424957275,-4.418307304382324,0.9923946261405945,0.001990522025153041,1.0,0.007605373859405518,-2.176211357116699,-0.024425148963928223,0.010115379467606544,0.0,0.024425148963928223,-1.348421573638916,0.6985173225402832,1.0,0.3014826774597168,0.7987304925918579,1.0,0.2012695074081421,0.0,0.0,-20.04831886291504,1785284703.12813,27.387176275253296,-8.475302457809448,13917.979654979292,90.40322443227689,0.0,65.94,True,5.476089954376221
143,-0.0012399263214319944,1.843548886881763e-07,-0.0010451911948621273,0.006205515004694462,4.851186758969561e-07,0.00627496000379324,0.00020674712141044438,-13.076940536499023,0.5129903554916382,0.0007512086885981262,0.5052735209465027,0.5038408041000366,6.125312211224809e-05,0.5071043372154236,0.008378555066883564,-6.482708930969238,0.4975029528141022,1.5466242984985e-05,0.49976688623428345,0.0022639334201812744,-4.453790664672852,0.9923736453056335,0.0019702939316630363,1.0,0.007626354694366455,-2.181088447570801,-0.027967706322669983,0.0105368597432971,0.0,0.027967706322669983,-1.3203822374343872,0.6773002743721008,1.0,0.32269972562789917,0.7858715057373047,1.0,0.2141284942626953,0.0,0.0,-20.490001678466797,1785284703.2324824,27.491528749465942,-8.370949983596802,14017.554721584038,90.61994968450384,0.0,65.94,True,5.476089954376221
144,-0.0012432204093784094,1.889936527277314e-07,-0.0008589717326685786,0.006270517595112324,4.994970481675409e-07,0.005150489509105682,0.0011841071536764503,-11.511391639709473,0.5183255672454834,0.000767855322919786,0.5087394714355469,0.5027998685836792,5.947193130850792e-05,0.5050869584083557,0.009855152107775211,-6.509265899658203,0.49709537625312805,1.4957456187403295e-05,0.4994674026966095,0.0023720264434814453,-4.4481282234191895,0.9920881390571594,0.0019628433510661125,1.0,0.007911860942840576,-2.1817963123321533,-0.03065265715122223,0.010951478965580463,0.0,0.03065265715122223,-1.2953041791915894,0.6534401178359985,1.0,0.34655988216400146,0.7703685164451599,1.0,0.2296314835548401,0.0,0.0,-18.942867279052734,1785284703.3378026,27.596848964691162,-8.265629768371582,14115.58265378937,90.81159687848799,0.0,65.94,True,5.476089954376221
145,-0.0012463650200515985,1.9423382013883383e-07,-0.001006165868602693,0.006338372826576233,5.158022418072505e-07,0.006037025712430477,0.0003853644011542201,-12.891447067260742,0.5239195823669434,0.00078683189349249,0.5148455500602722,0.5017723441123962,5.7739402109291404e-05,0.5030667185783386,0.009165885858237743,-6.548825263977051,0.49671512842178345,1.4465957065112889e-05,0.49894803762435913,0.0022329092025756836,-4.48058557510376,0.9918891787528992,0.0019499162444844842,1.0,0.00811082124710083,-2.1841771602630615,-0.03323103487491608,0.011461221612989902,0.0,0.03323103487491608,-1.267278790473938,0.6295379996299744,1.0,0.37046200037002563,0.7529721856117249,1.0,0.24702781438827515,0.0,0.0,-20.37080192565918,1785284703.4421408,27.701187133789062,-8.161291599273682,14215.038520641308,90.97521868375449,0.0,65.94,True,5.476089954376221
146,-0.001245718216523528,1.9894683589427586e-07,-0.001009060419164598,0.006407468114048243,5.31398939074279e-07,0.006096016615629196,0.0003911636013071984,-12.869084358215332,0.5298382043838501,0.0008055301732383668,0.5191588997840881,0.5007803440093994,5.609103391179815e-05,0.5039153099060059,0.011129938997328281,-6.459997177124023,0.49633973836898804,1.3993976608617231e-05,0.49861323833465576,0.0022734999656677246,-4.484823703765869,0.9916402101516724,0.0019365934422239661,1.0,0.008359789848327637,-2.1864304542541504,-0.034919798374176025,0.012075596489012241,0.0,0.034919798374176025,-1.2388559579849243,0.6039571762084961,1.0,0.3960428237915039,0.731299877166748,1.0,0.26870012283325195,0.0,0.0,-20.279495239257812,1785284703.5261211,27.785167455673218,-8.077311277389526,14314.403080806846,91.11041765653198,0.0,65.94,True,5.476089954376221
147,-0.001244832994416356,2.0251881949207018e-07,-0.0010151308961212635,0.006468391511589289,5.441322059596132e-07,0.00612560473382473,0.0004126327985431999,-12.84213638305664,0.5350598692893982,0.0008214808185584843,0.5251296758651733,0.4999507963657379,5.472413249663077e-05,0.5061236619949341,0.01169243361800909,-6.212759017944336,0.4960421621799469,1.360233909508679e-05,0.49850600957870483,0.0024638473987579346,-4.460552215576172,0.9915995001792908,0.0019203696865588427,1.0,0.008400499820709229,-2.1903064250946045,-0.03582236170768738,0.012788933701813221,0.0,0.03582236170768738,-1.2104791402816772,0.580875813961029,1.0,0.41912418603897095,0.7083004117012024,1.0,0.2916995882987976,0.0,0.0,-20.042619705200195,1785284703.6422732,27.90131950378418,-7.9611592292785645,14413.530765438325,91.21723981160622,0.0,65.94,True,5.476089954376221
148,-0.0012453882955014706,2.0493851593528234e-07,-0.001057427260093391,0.006521177478134632,5.542453891393961e-07,0.006370311602950096,0.00024101838062051684,-12.958501815795898,0.5395240187644958,0.0008349726558662951,0.5293763279914856,0.49926790595054626,5.3518375352723524e-05,0.503780722618103,0.011105906218290329,-6.37199068069458,0.4958062171936035,1.3273211152409203e-05,0.4981956481933594,0.0023894309997558594,-4.480871200561523,0.9916761517524719,0.0019048014655709267,1.0,0.008323848247528076,-2.194563150405884,-0.03579002618789673,0.013629219494760036,0.0,0.03579002618789673,-1.1818392276763916,0.5584331154823303,1.0,0.4415668845176697,0.6826320886611938,1.0,0.31736791133880615,0.0,0.0,-20.296531677246094,1785284703.7261841,27.985230445861816,-7.877248287200928,14512.91236204185,91.29542205407517,0.0,65.94,True,5.476089954376221
149,-0.0012458495330065489,2.070387807862062e-07,-0.0006969957030378282,0.0065695252269506454,5.644887437483703e-07,0.00420362176373601,0.0024287321139127016,-7.365451812744141,0.5434449911117554,0.0008483248529955745,0.5353338122367859,0.498636394739151,5.253502240520902e-05,0.5016751885414124,0.00866172555834055,-6.498598098754883,0.49557486176490784,1.3023131032241508e-05,0.4978964328765869,0.002321571111679077,-4.498525142669678,0.9916307926177979,0.0018987758085131645,1.0,0.008369207382202148,-2.195889949798584,-0.03406059741973877,0.014629111625254154,0.0,0.03406059741973877,-1.1537811756134033,0.5354657173156738,1.0,0.46453428268432617,0.6520962715148926,1.0,0.3479037284851074,0.0,0.0,-14.813593864440918,1785284703.8307323,28.089778661727905,-7.772700071334839,14606.81102083257,91.34554624448114,0.0,65.94,True,5.476089954376221
150,-0.0012502456083893776,2.0885671858650312e-07,-0.0013666843296959996,0.006617817562073469,5.749507181462832e-07,0.008321690373122692,0.0017078467644751072,-10.480241775512695,0.5472773313522339,0.0008629591902717948,0.5396034121513367,0.49803295731544495,5.136428080732003e-05,0.5016932487487793,0.008502162992954254,-6.463438987731934,0.49537959694862366,1.2743682418658864e-05,0.49767759442329407,0.00229799747467041,-4.509106636047363,0.991531252861023,0.0018916063709184527,1.0,0.00846874713897705,-2.1972687244415283,-0.031193852424621582,0.016012344509363174,0.0,0.031193852424621582,-1.1178745031356812,0.5064449906349182,1.0,0.4935550093650818,0.6125441789627075,1.0,0.3874558210372925,0.0,0.0,-17.905546188354492,1785284703.9361296,28.195175886154175,-7.667302846908569,14703.801631947204,91.35976376240939,0.0,65.94,True,5.476089954376221
151,-0.001244053477421403,2.0862736960225448e-07,-0.0010593765182420611,0.0066542113199830055,5.788074872725701e-07,0.006412830203771591,0.0003039250150322914,-12.902559280395508,0.5506460666656494,0.0008716500597074628,0.5455893874168396,0.4975415766239166,5.0354359700577334e-05,0.5045977830886841,0.008681016974151134,-6.123832702636719,0.4952075481414795,1.2504311598604545e-05,0.49741223454475403,0.002204686403274536,-4.531421184539795,0.9914209246635437,0.0018842414719983935,1.0,0.008579075336456299,-2.198645830154419,-0.028056681156158447,0.017559997737407684,0.0,0.028056681156158447,-1.0797134637832642,0.478092223405838,1.0,0.5219078063964844,0.568449854850769,1.0,0.43155014514923096,0.0,0.0,-20.067337036132812,1785284704.020002,28.279048204421997,-7.583430528640747,14802.954033909617,91.33582024098521,0.0,65.94,True,5.476089954376221
152,-0.0012419845443218946,2.0799343758426403e-07,-0.0010415459983050823,0.006694376468658447,5.822843149871915e-07,0.006329619325697422,0.00041620113188400865,-12.822330474853516,0.5543041229248047,0.0008807825506664813,0.5498707294464111,0.4971269369125366,4.917475234833546e-05,0.501126229763031,0.005970704834908247,-6.465752601623535,0.4951024651527405,1.2223150406498462e-05,0.4973851144313812,0.002282649278640747,-4.52401065826416,0.9913882613182068,0.0018689160933718085,1.0,0.008611738681793213,-2.2024190425872803,-0.024496465921401978,0.01968291960656643,0.0,0.024496465921401978,-1.0298198461532593,0.44482147693634033,1.0,0.5551785230636597,0.5174008011817932,1.0,0.4825991988182068,0.0,0.0,-20.25693702697754,1785284704.1373537,28.396399974822998,-7.466078758239746,14902.296035862873,91.26198310193104,0.0,65.94,True,5.476089954376221
153,-0.0012391835916787386,2.074763614245967e-07,-0.0011021116515621543,0.0067318459041416645,5.866210130989202e-07,0.006711712572723627,0.00013854265853296965,-12.985065460205078,0.5576388835906982,0.0008908179006539285,0.5551196336746216,0.49672287702560425,4.8091376811498776e-05,0.49856099486351013,0.003118540858849883,-6.606322288513184,0.49497997760772705,1.1980270755884703e-05,0.4973759949207306,0.00239601731300354,-4.5075883865356445,0.9910796284675598,0.0018641402712091804,1.0,0.008920371532440186,-2.2021963596343994,-0.01916801929473877,0.022306423634290695,0.0,0.01916801929473877,-0.9742661714553833,0.4109162986278534,1.0,0.5890836715698242,0.4622427225112915,1.0,0.5377572774887085,0.0,0.0,-20.523916244506836,1785284704.2328036,28.491849899291992,-7.370628833770752,15001.90501703366,91.13259228817898,0.0,65.94,True,5.476089954376221
154,-0.0012304747942835093,2.0659770427755575e-07,-0.0007229647599160671,0.006771550513803959,5.929009034844057e-07,0.004410985857248306,0.0024145045317709446,-7.704981803894043,0.5614206790924072,0.0008994992822408676,0.5612907409667969,0.49660977721214294,4.688984336098656e-05,0.502048909664154,0.005440684501081705,-6.337340354919434,0.49491262435913086,1.1727340279321652e-05,0.4974295198917389,0.0025168955326080322,-4.487770080566406,0.9907825589179993,0.0018468416528776288,1.0,0.009217441082000732,-2.2051987648010254,-0.013188078999519348,0.023637067526578903,0.0,0.013188078999519348,-0.949851930141449,0.3777552545070648,1.0,0.6222447156906128,0.4133339822292328,1.0,0.5866659879684448,0.0,0.0,-15.018739700317383,1785284704.328893,28.587939262390137,-7.274539470672607,15096.008821660256,90.978787233113,0.0,65.94,True,5.476089954376221
155,-0.001230338355526328,2.0548267798403685e-07,-0.0014280740870162845,0.006806102581322193,5.941039376011759e-07,0.008769695647060871,0.0019735239911824465,-9.689070701599121,0.5645380616188049,0.0009062005556188524,0.5657042860984802,0.49640437960624695,4.5867614971939474e-05,0.5030729174613953,0.006769747473299503,-6.174614906311035,0.4949236214160919,1.1481644833111204e-05,0.49756675958633423,0.0026431381702423096,-4.464209079742432,0.990697979927063,0.0018304619006812572,1.0,0.009302020072937012,-2.209019660949707,-0.00829404592514038,0.02676795795559883,0.0,0.00829404592514038,-0.8900513648986816,0.3482552170753479,0.0,0.3482552170753479,0.3658875823020935,0.0,0.3658875823020935,1.0,0.0,-16.860868453979492,1785284704.4256349,28.684681177139282,-7.177797555923462,15191.954755040515,90.76518161280424,0.0,65.94,True,5.476089954376221
156,-0.0012543045450001955,2.0132381450821413e-07,-0.0010887422831729054,0.0068457601591944695,5.84226768296503e-07,0.006763529032468796,0.0001848589163273573,-12.973922729492188,0.570890486240387,0.0009075473062694073,0.5711007118225098,0.4973296821117401,4.067623376613483e-05,0.4989888072013855,0.0016723907319828868,-6.685577869415283,0.494976669549942,1.0741143341874704e-05,0.4978700876235962,0.002893418073654175,-4.412065505981445,0.9896959066390991,0.0016381581081077456,1.0,0.010304093360900879,-2.2557461261749268,0.032977521419525146,0.040807101875543594,0.0,0.032977521419525146,-0.6671860218048096,0.22400245070457458,0.0,0.22400245070457458,0.18944108486175537,0.0,0.18944108486175537,1.0,0.0,-20.528419494628906,1785284704.530319,28.78936529159546,-7.073113441467285,15291.568239461423,90.32871064940161,0.0,65.94,True,5.476089954376221
157,-0.001286317827180028,2.043988303057631e-07,-0.0010910063283517957,0.006929199211299419,6.136474439699668e-07,0.006772899534553289,0.00025015228311531246,-12.902421951293945,0.579426646232605,0.0009419022244401276,0.5774978995323181,0.49839770793914795,3.810910493484698e-05,0.4935060739517212,0.005258150398731232,-6.417539596557617,0.49537497758865356,1.0219103387498762e-05,0.4980628192424774,0.0026878416538238525,-4.473207473754883,0.9889125227928162,0.00161462533287704,1.0,0.011087477207183838,-2.257319450378418,0.0650852769613266,0.05422036722302437,0.0,0.0650852769613266,-0.49934712052345276,0.16027523577213287,0.0,0.16027523577213287,0.10454154014587402,0.0,0.10454154014587402,1.0,0.0,-20.273056030273438,1785284704.6246243,28.883670568466187,-6.978808164596558,15390.926360417976,89.72440078471763,0.0,65.94,True,5.476089954376221
158,-0.0013159664813429117,2.093380260248523e-07,-0.001130435848608613,0.007018674165010452,6.520610327243048e-07,0.007081450428813696,0.00019586340931709856,-12.888107299804688,0.5882717967033386,0.0009798387764021754,0.5821660757064819,0.4989517629146576,3.6315122997621074e-05,0.4938677251338959,0.007945267483592033,-6.362921714782715,0.4955803155899048,9.859991223493125e-06,0.49793124198913574,0.002350926399230957,-4.56430721282959,0.988258421421051,0.001614957582205534,1.0,0.011741578578948975,-2.252601146697998,0.1006333976984024,0.06736185401678085,0.0,0.1006333976984024,-0.35473042726516724,0.12271607667207718,0.0,0.12271607667207718,0.060538627207279205,0.0,0.060538627207279205,1.0,0.0,-20.26059913635254,1785284704.7319093,28.990955591201782,-6.871523141860962,15490.272024480608,88.97547422677536,0.0,65.94,True,5.476089954376221
159,-0.0013432938139885664,2.1424257568014582e-07,-0.0007323669269680977,0.0071000996977090836,6.884091021674976e-07,0.004617318045347929,0.0025568411219865084,-7.586455345153809,0.5962388515472412,0.001012816559523344,0.5877798199653625,0.4993634819984436,3.479330916889012e-05,0.49457553029060364,0.00972006656229496,-6.377912998199463,0.49577194452285767,9.564371794112958e-06,0.4978530704975128,0.0020811259746551514,-4.633376598358154,0.9886878132820129,0.0016105255344882607,1.0,0.01131218671798706,-2.2569310665130615,0.13357272744178772,0.08101674169301987,0.0,0.13357272744178772,-0.22750017046928406,0.0977482795715332,0.0,0.0977482795715332,0.03690813109278679,0.0,0.03690813109278679,1.0,0.0,-15.005474090576172,1785284704.8374403,29.096486568450928,-6.765992164611816,15584.362563497463,88.09931741203721,0.0,65.94,True,5.476089954376221
160,-0.0013756935950368643,2.1980791586884152e-07,-0.0014582301955670118,0.007186392787843943,7.273864639500971e-07,0.009287470020353794,0.0021026977337896824,-9.84427547454834,0.603951096534729,0.0010468383552506566,0.5944085121154785,0.4996333420276642,3.347353413118981e-05,0.49667003750801086,0.009992101229727268,-6.570831775665283,0.49593108892440796,9.314180715591647e-06,0.49796146154403687,0.0020303726196289062,-4.651750087738037,0.9896039366722107,0.001605834811925888,1.0,0.010396063327789307,-2.264465570449829,0.1636745035648346,0.09505113959312439,0.0,0.1636745035648346,-0.1168108731508255,0.08118049055337906,0.0,0.08118049055337906,0.02400835044682026,0.0,0.02400835044682026,1.0,0.0,-17.426815032958984,1785284704.921474,29.1805202960968,-6.681958436965942,15680.874443456702,87.1124712999806,0.0,65.94,True,5.476089954376221
161,-0.001396459061652422,2.236428287005765e-07,-0.0011037233052775264,0.007251169998198748,7.55228711568634e-07,0.006972918752580881,0.0004038786864839494,-12.624006271362305,0.609745442867279,0.0010690452763810754,0.5992124080657959,0.4999329447746277,3.253989416407421e-05,0.49656379222869873,0.011058752425014973,-6.522830009460449,0.496040403842926,9.166353265754879e-06,0.49822306632995605,0.0021826624870300293,-4.621182441711426,0.9909096360206604,0.0016005580546334386,1.0,0.0090903639793396,-2.2739484310150146,0.19006967544555664,0.1056068167090416,0.0,0.19006967544555664,-0.03403526544570923,0.07080171257257462,0.0,0.07080171257257462,0.016918934881687164,0.0,0.016918934881687164,1.0,0.0,-20.152860641479492,1785284705.0273185,29.286364793777466,-6.576113939285278,15780.11236902446,86.04284958021887,0.0,65.94,True,5.476089954376221
162,-0.0014192217495292425,2.27499072025239e-07,-0.0011482691625133157,0.007325977552682161,7.83471136855951e-07,0.007219692692160606,0.00029105288558639586,-12.671385765075684,0.6157791614532471,0.0010921710636466742,0.6050046682357788,0.5001742839813232,3.1692092306911945e-05,0.4951237440109253,0.011899481527507305,-6.29605770111084,0.49614983797073364,9.024328392115422e-06,0.49831056594848633,0.0021607279777526855,-4.630178928375244,0.9921802878379822,0.0015946330968290567,1.0,0.007819712162017822,-2.2824440002441406,0.21637937426567078,0.11308113485574722,0.0,0.21637937426567078,0.03613324463367462,0.06383275985717773,0.0,0.06383275985717773,0.012478993274271488,0.0,0.012478993274271488,1.0,0.0,-20.02332305908203,1785284705.1316864,29.390732765197754,-6.47174596786499,15879.220757009822,84.90305935037776,0.0,65.94,True,5.476089954376221
163,-0.001435139449313283,2.3066854737407994e-07,-0.000747562968172133,0.007395199500024319,8.065667884693539e-07,0.00479349447414279,0.002691027708351612,-7.597641468048096,0.6212708950042725,0.001111821155063808,0.6107048392295837,0.5004421472549438,3.0921051802579314e-05,0.49699756503105164,0.011113355867564678,-6.51296854019165,0.4962707459926605,8.889976925274823e-06,0.4980216324329376,0.0017508864402770996,-4.723935127258301,0.9933703541755676,0.0015863209264352918,1.0,0.006629645824432373,-2.290376663208008,0.24248553812503815,0.11740397661924362,0.0,0.24248553812503815,0.09828546643257141,0.05915091186761856,0.0,0.05915091186761856,0.00954040139913559,0.0,0.00954040139913559,1.0,0.0,-15.16998291015625,1785284705.2380471,29.497093439102173,-6.365385293960571,15973.475804846257,83.70111689873775,0.0,65.94,True,5.476089954376221
164,-0.0014228236395865679,2.3767614720782149e-07,-0.001538743614219129,0.0074971625581383705,8.378372058359673e-07,0.00993430707603693,0.0024398998357355595,-9.211606979370117,0.6283475160598755,0.0011398460483178496,0.6173967123031616,0.5015869140625,3.0769289878662676e-05,0.5008951425552368,0.010972632095217705,-6.684670448303223,0.49693208932876587,8.94463937584078e-06,0.4980439841747284,0.0011118948459625244,-4.824180603027344,0.9935436844825745,0.0015362163539975882,1.0,0.006456315517425537,-2.3067104816436768,0.2543506324291229,0.13133297860622406,0.0,0.2543506324291229,0.1502274125814438,0.042309992015361786,0.0,0.042309992015361786,0.007192361634224653,0.0,0.007192361634224653,1.0,0.0,-16.971433639526367,1785284705.3435953,29.602641582489014,-6.2598371505737305,16069.532303412063,82.44723250094887,0.0,65.94,True,5.476089954376221
165,-0.0014287701342254877,2.389682549619465e-07,-0.001126686460338533,0.00754540367051959,8.457212175017048e-07,0.007258789148181677,0.00041641618008725345,-12.537626266479492,0.6324546337127686,0.001144692418165505,0.6222081780433655,0.5020464658737183,3.029166691703722e-05,0.4986998736858368,0.010779124684631824,-6.520028114318848,0.4970566928386688,8.851595339365304e-06,0.4983123540878296,0.0012556612491607666,-4.809455394744873,0.9947518706321716,0.0015207362594082952,1.0,0.005248129367828369,-2.3162858486175537,0.27023613452911377,0.12998154759407043,0.0,0.27023613452911377,0.1796722412109375,0.038980633020401,0.0,0.038980633020401,0.006156314630061388,0.0,0.006156314630061388,1.0,0.0,-20.158376693725586,1785284705.4284143,29.68746066093445,-6.175018072128296,16168.775745032068,81.1639032745305,0.0,65.94,True,5.476089954376221
166,-0.001436064951121807,2.4201526116485184e-07,-0.0011385662946850061,0.0076081049628555775,8.640423061478941e-07,0.007339509204030037,0.000400810589781031,-12.535478591918945,0.6374976634979248,0.0011605308391153812,0.6289049983024597,0.5024129152297974,2.9723991247010417e-05,0.49682456254959106,0.010250052437186241,-6.196201324462891,0.4971432387828827,8.722326128918212e-06,0.4984586834907532,0.0013154447078704834,-4.806680202484131,0.9954272508621216,0.0015124739147722721,1.0,0.004572749137878418,-2.321153402328491,0.2858414947986603,0.12714648246765137,0.0,0.2858414947986603,0.20903488993644714,0.03675316274166107,0.0,0.03675316274166107,0.005442154128104448,0.0,0.005442154128104448,1.0,0.0,-19.89577865600586,1785284705.5341234,29.793169736862183,-6.0693089962005615,16267.756588614353,79.85121139938661,0.0,65.94,True,5.476089954376221
167,-0.001438226317986846,2.4474033466503897e-07,-0.00114085478708148,0.007670804392546415,8.8056873437381e-07,0.0074089160189032555,0.00039625162025913596,-12.52540111541748,0.6425849795341492,0.0011747160460799932,0.6336749196052551,0.5027657151222229,2.925032822531648e-05,0.49990135431289673,0.009359152056276798,-6.581258773803711,0.4972239136695862,8.592681297159288e-06,0.4982812702655792,0.001057356595993042,-4.848305702209473,0.9958848357200623,0.0015064761973917484,1.0,0.004115164279937744,-2.324431896209717,0.2976077198982239,0.12411917001008987,0.0,0.2976077198982239,0.23247763514518738,0.03500910475850105,0.0,0.03500910475850105,0.0050008175894618034,0.0,0.0050008175894618034,1.0,0.0,-20.214561462402344,1785284705.618704,29.877750396728516,-5.9847283363342285,16367.056215003035,78.51507677903399,0.0,65.94,True,5.476089954376221
168,-0.0014379608910530806,2.470830509082589e-07,-0.0011915863724425435,0.007727558724582195,8.929989689931972e-07,0.007815579883754253,0.00026162591530010104,-12.606060981750488,0.6474202871322632,0.001184453722089529,0.6393618583679199,0.503121554851532,2.883903835027013e-05,0.5017648935317993,0.00817183032631874,-6.69892692565918,0.49731773138046265,8.47237606649287e-06,0.4982110857963562,0.0008933544158935547,-4.873311996459961,0.9964830875396729,0.0014947374584153295,1.0,0.0035169124603271484,-2.3298263549804688,0.30606263875961304,0.12206323444843292,0.6123046875,0.30624204874038696,0.2514927387237549,0.03311769664287567,0.0,0.03311769664287567,0.004635360091924667,0.0,0.004635360091924667,1.0,0.0,-20.401859283447266,1785284705.7455597,30.004606008529663,-5.857872724533081,16466.54313921276,77.1599270551028,0.0,65.94,True,5.476089954376221
169,-0.0015204825904220343,2.648721419973299e-07,-0.0011735456064343452,0.007848916575312614,9.974313570637605e-07,0.007633001543581486,0.00040863745380192995,-12.392589569091797,0.6570366621017456,0.0012214176822453737,0.6459103226661682,0.5022943019866943,2.9484943297575228e-05,0.499920129776001,0.011376824229955673,-6.58554744720459,0.4967426657676697,8.524889381078538e-06,0.49859917163848877,0.0018565058708190918,-4.715171813964844,0.9938297867774963,0.0015163401840254664,1.0,0.006170213222503662,-2.3142356872558594,0.30988359451293945,0.12966638803482056,0.53271484375,0.22283124923706055,0.08901068568229675,0.033391717821359634,0.0,0.033391717821359634,0.0050502801313996315,0.0,0.0050502801313996315,1.0,0.0,-20.018613815307617,1785284705.8411083,30.100154638290405,-5.762324094772339,16565.646817954348,75.96725938421307,0.0,65.94,True,5.476089954376221
170,-0.0015315290074795485,2.654495858678274e-07,-0.0011618032585829496,0.007911060005426407,1.0071490805785288e-06,0.0076205916702747345,0.0004701797151938081,-12.337867736816406,0.6618653535842896,0.0012200966011732817,0.6505788564682007,0.5023784041404724,2.853335354302544e-05,0.4997270107269287,0.011593744158744812,-6.573363304138184,0.49674859642982483,8.287864147860091e-06,0.49873536825180054,0.001986771821975708,-4.6932854652404785,0.9942255616188049,0.0014884178526699543,1.0,0.005774438381195068,-2.3248813152313232,0.32321053743362427,0.1321452260017395,0.0,0.32321053743362427,0.30227771401405334,0.029659852385520935,0.0,0.029659852385520935,0.004221659153699875,0.0,0.004221659153699875,1.0,0.0,-19.943201065063477,1785284705.9252481,30.18429446220398,-5.678184270858765,16664.67508394569,74.56132468499158,0.0,65.94,True,5.476089954376221
171,-0.001519952667877078,2.567482511039998e-07,-0.0011745739029720426,0.007962233386933804,9.705607908472302e-07,0.007733778562396765,0.0004140991368331015,-12.413213729858398,0.666093111038208,0.0012089869705960155,0.6562228202819824,0.5030062794685364,2.76878727163421e-05,0.5009638071060181,0.010079401545226574,-6.652741432189941,0.4970446825027466,7.99883946456248e-06,0.49874603748321533,0.00170135498046875,-4.768229007720947,0.9951649308204651,0.0014710486866533756,1.0,0.004835069179534912,-2.334005355834961,0.3258717656135559,0.1376764476299286,0.9951171875,0.6692454218864441,1.554115653038025,0.029055865481495857,0.0,0.029055865481495857,0.00422844011336565,0.0,0.00422844011336565,1.0,0.0,-20.119522094726562,1785284706.0302281,30.28927445411682,-5.573204278945923,16763.879670966697,71.90355204674611,0.0,65.94,True,5.476089954376221
172,-0.0015260458458214998,2.7444642114460294e-07,-0.0011620358563959599,0.008051459677517414,1.053882556334429e-06,0.007607374340295792,0.0005742082139477134,-12.262927055358887,0.6719858646392822,0.001248083310201764,0.6630563735961914,0.5030596852302551,2.8031116016791202e-05,0.5033801794052124,0.008935240097343922,-6.712518692016602,0.4971626102924347,8.07054584583966e-06,0.4988037645816803,0.0016411542892456055,-4.777840614318848,0.9955793023109436,0.001478579011745751,1.0,0.0044206976890563965,-2.332789897918701,0.36858534812927246,0.1678449958562851,0.69287109375,0.32428574562072754,0.3398502767086029,0.04709269106388092,0.0,0.04709269106388092,0.00407751277089119,0.0,0.00407751277089119,1.0,0.0,-20.021862030029297,1785284706.1354606,30.39450693130493,-5.4679718017578125,16862.986597923005,70.46004478483007,0.0,65.94,True,5.476089954376221
173,-0.0015246935654431581,2.721131409089139e-07,-0.001238305470906198,0.008141951635479927,1.0497959692656877e-06,0.008114753291010857,0.0002876767248380929,-12.453045845031738,0.6793739795684814,0.0012370861368253827,0.6680848002433777,0.5035146474838257,2.658064477145672e-05,0.5009905099868774,0.011567922309041023,-6.605926513671875,0.49743661284446716,7.659542461624369e-06,0.4988422095775604,0.0014055967330932617,-4.841870307922363,0.9957472681999207,0.001414065482094884,1.0,0.004252731800079346,-2.3553099632263184,0.3749372363090515,0.16584311425685883,0.0,0.3749372363090515,0.4444100558757782,0.03986135125160217,0.0,0.03986135125160217,0.0036322001833468676,0.0,0.0036322001833468676,1.0,0.0,-20.158721923828125,1785284706.22064,30.47968626022339,-5.3827924728393555,16962.230384773113,68.91197774374686,0.0,65.94,True,5.476089954376221
174,-0.0015213133301585913,2.6886334580922266e-07,-0.0012047284981235862,0.00821706559509039,1.0365466778239352e-06,0.007852587848901749,0.0004827732336707413,-12.36599349975586,0.6849595308303833,0.001249041873961687,0.6749058365821838,0.5037682056427002,2.5990551876020618e-05,0.5034950971603394,0.010057402774691582,-6.741804122924805,0.4975954294204712,7.3979845183203e-06,0.4987936019897461,0.0011981725692749023,-4.891185283660889,0.9923039674758911,0.0014377925544977188,1.0,0.007696032524108887,-2.332787275314331,0.3675323724746704,0.1729796677827835,0.0,0.3675323724746704,0.43209853768348694,0.039835236966609955,0.0,0.039835236966609955,0.004100051708519459,0.0,0.004100051708519459,1.0,0.0,-20.20503044128418,1785284706.3362002,30.59524655342102,-5.267232179641724,17061.520480140676,67.37622222085594,0.0,65.94,True,5.476089954376221
175,-0.0015108187217265368,2.7395387292017404e-07,-0.0012174384901300073,0.00826931931078434,1.056644805430551e-06,0.007959486916661263,0.0004266943724360317,-12.394964218139648,0.689204216003418,0.0012645460665225983,0.679848849773407,0.5038694143295288,2.6263554900651798e-05,0.5065101385116577,0.009720920585095882,-6.604942798614502,0.49762284755706787,7.440351055265637e-06,0.49855348467826843,0.0009306371212005615,-4.9271559715271,0.9922071695327759,0.0014547525206580758,1.0,0.007792830467224121,-2.3266489505767822,0.36136841773986816,0.1751146912574768,0.0,0.36136841773986816,0.4206431806087494,0.040932103991508484,0.0,0.040932103991508484,0.004463686142116785,0.0,0.004463686142116785,1.0,0.0,-20.14249610900879,1785284706.4210773,30.680123567581177,-5.182355165481567,17160.748041175964,65.85192205503975,0.0,65.94,True,5.476089954376221
176,-0.001505357911810279,2.782443004889501e-07,-0.0012222552904859185,0.008313638158142567,1.0727327435233747e-06,0.0080050528049469,0.00041877440526150167,-12.393749237060547,0.6930162906646729,0.0012757580261677504,0.6867954134941101,0.5039728879928589,2.6508425435167737e-05,0.5031155347824097,0.006279679015278816,-6.734222412109375,0.4976957142353058,7.459231255779741e-06,0.4984405040740967,0.0007447898387908936,-4.9469075202941895,0.9928101301193237,0.0014666401548311114,1.0,0.0071898698806762695,-2.3258285522460938,0.3604864478111267,0.17552055418491364,0.0,0.3604864478111267,0.41912487149238586,0.04125015437602997,0.0,0.04125015437602997,0.004570465534925461,0.0,0.004570465534925461,1.0,0.0,-20.254581451416016,1785284706.5262356,30.785281896591187,-5.077196836471558,17260.08768755366,64.32914019833993,0.0,65.94,True,5.476089954376221
177,-0.0014969476033002138,2.831295944361045e-07,-0.0008330137934535742,0.008350815623998642,1.0909075172094163e-06,0.005451389122754335,0.002974471775814891,-7.93353271484375,0.6961042881011963,0.0012897724518552423,0.6917188763618469,0.5040375590324402,2.6799381885211915e-05,0.5033621788024902,0.004437113646417856,-6.736368179321289,0.4977196753025055,7.48312550058472e-06,0.4983908236026764,0.0006711483001708984,-4.952394485473633,0.9930756092071533,0.0014873777981847525,1.0,0.00692439079284668,-2.3203139305114746,0.3616671562194824,0.17563073337078094,0.0,0.3616671562194824,0.42163386940956116,0.04180661588907242,0.0,0.04180661588907242,0.004616661928594112,0.0,0.004616661928594112,1.0,0.0,-15.79882526397705,1785284706.6307523,30.889798641204834,-4.97268009185791,17354.971577743916,62.80384934372293,0.0,65.94,True,5.476089954376221
178,-0.0014844222459942102,2.8747496116920956e-07,-0.0016868740785866976,0.008391927927732468,1.1068085541410255e-06,0.011079221963882446,0.0026949092280119658,-9.216585159301758,0.6996122598648071,0.0013017263263463974,0.6976881623268127,0.5040581226348877,2.6980769689544104e-05,0.5057515501976013,0.0025631715543568134,-6.68978214263916,0.4977308511734009,7.47452804716886e-06,0.49826812744140625,0.0005372762680053711,-4.963756084442139,0.9933300614356995,0.0014991102507337928,1.0,0.006669938564300537,-2.3176651000976562,0.3638327717781067,0.17526939511299133,0.74951171875,0.3856789469718933,0.4725647270679474,0.04223547503352165,0.0,0.04223547503352165,0.004572071135044098,0.0,0.004572071135044098,1.0,0.0,-17.050289154052734,1785284706.7351365,30.9941828250885,-4.868295907974243,17451.106931824248,61.22762763144755,0.0,65.94,True,5.476089954376221
179,-0.001459852559491992,3.1160402613750193e-07,-0.001262596226297319,0.008452894166111946,1.2023355111523415e-06,0.008343040943145752,0.00022578262723982334,-12.401058197021484,0.7036828398704529,0.0013378489529713988,0.7035229802131653,0.5033446550369263,2.8001337341265753e-05,0.5056767463684082,0.002337564015761018,-6.614974498748779,0.49748972058296204,7.667359568586107e-06,0.4982563555240631,0.0007666349411010742,-4.932003974914551,0.9922363758087158,0.001536260242573917,1.0,0.00776362419128418,-2.3006463050842285,0.37425750494003296,0.17893700301647186,0.74951171875,0.37525421380996704,0.45205625891685486,0.04147958755493164,0.0,0.04147958755493164,0.003902173601090908,0.0,0.003902173601090908,1.0,0.0,-20.159040451049805,1785284706.8317664,31.09081268310547,-4.771666049957275,17550.351037201577,59.671914387323255,0.0,65.94,True,5.476089954376221
180,-0.0014414316974580288,3.2406035188614624e-07,-0.0012586571974679828,0.008564753457903862,1.26064890082489e-06,0.008311597630381584,0.00031224091071635485,-12.348270416259766,0.7123574018478394,0.0013561805244535208,0.7102527618408203,0.5028170943260193,2.792858322209213e-05,0.5038455724716187,0.002342493738979101,-6.686024188995361,0.4974576532840729,7.554915100627113e-06,0.49831444025039673,0.0008567869663238525,-4.929134368896484,0.9902374148368835,0.0015428152401000261,1.0,0.009762585163116455,-2.2872471809387207,0.38459229469299316,0.1843055933713913,0.93701171875,0.5524194240570068,0.9012422561645508,0.04181478172540665,0.0,0.04181478172540665,0.0035180167760699987,0.0,0.0035180167760699987,1.0,0.0,-20.161657333374023,1785284706.9361384,31.1951847076416,-4.667294025421143,17649.59775946123,57.66701514595127,0.0,65.94,True,5.476089954376221
181,-0.0014208571519702673,3.3602000826249423e-07,-0.0014706529909744859,0.008670534938573837,1.3077125231575337e-06,0.00968064647167921,0.0010113382013514638,-11.994977951049805,0.7201123237609863,0.001363166025839746,0.7150295376777649,0.5024051070213318,2.81421253021108e-05,0.5044801831245422,0.0054900506511330605,-6.6142377853393555,0.49749094247817993,7.451442343153758e-06,0.4984060227870941,0.0009150803089141846,-4.92842435836792,0.9898189902305603,0.0015359696699306369,1.0,0.010181009769439697,-2.286616325378418,0.3942231833934784,0.1886035054922104,0.93701171875,0.5427885055541992,0.8659391403198242,0.04705012962222099,0.0,0.04705012962222099,0.003483823500573635,0.0,0.003483823500573635,1.0,0.0,-19.750581741333008,1785284707.0221717,31.2812180519104,-4.581260681152344,17748.433406128843,55.69741902042401,0.0,65.94,True,5.476089954376221
182,-0.0013214962091296911,3.197931164322654e-07,-0.0010681814746931195,0.008713407441973686,1.2205705388623755e-06,0.007089927792549133,0.0016431233379989862,-11.26799201965332,0.7296791672706604,0.0013123400276526809,0.7217127680778503,0.5040838718414307,2.781899820547551e-05,0.5044155120849609,0.007973299361765385,-6.69883394241333,0.49727821350097656,7.180698958109133e-06,0.49830034375190735,0.0010221302509307861,-4.930371284484863,0.9889929294586182,0.0015103538753464818,1.0,0.011007070541381836,-2.288658857345581,0.3555160164833069,0.1981307566165924,0.0,0.3555160164833069,0.42848464846611023,0.04575760290026665,0.0,0.04575760290026665,0.004122444894164801,0.0,0.004122444894164801,1.0,0.0,-19.09224510192871,1785284707.1267495,31.385795831680298,-4.476682901382446,17846.61071615705,54.16527738675046,0.0,65.94,True,5.476089954376221
183,-0.0013540529180318117,3.2185533882511663e-07,-0.0013165404088795185,0.008866164833307266,1.2595781981872278e-06,0.008845281787216663,4.2933552322210744e-05,-12.426712036132812,0.7404501438140869,0.0013509748969227076,0.7264559268951416,0.5041890144348145,2.673398375918623e-05,0.5040764808654785,0.013994669541716576,-6.657657623291016,0.4973861575126648,6.971005859668367e-06,0.49824368953704834,0.0008575320243835449,-4.9651923179626465,0.9880135655403137,0.0015262573724612594,1.0,0.01198643445968628,-2.2764620780944824,0.3261374235153198,0.2041042000055313,0.0,0.3261374235153198,0.3849431276321411,0.050996292382478714,0.0,0.050996292382478714,0.005604819860309362,0.0,0.005604819860309362,1.0,0.0,-20.23543357849121,1785284707.233199,31.492245197296143,-4.370233535766602,17945.93121466182,52.67667727391088,0.0,65.94,True,5.476089954376221
184,-0.001336126821115613,3.336634222250723e-07,-0.0012763896957039833,0.00896238163113594,1.3017105402468587e-06,0.008584119379520416,0.0003829502093140036,-12.334297180175781,0.746677041053772,0.0013781822053715587,0.733098566532135,0.5038565397262573,2.724702972045634e-05,0.5036174058914185,0.013580580241978168,-6.642960548400879,0.4973430931568146,6.986071184655884e-06,0.4984758496284485,0.0011327564716339111,-4.925022125244141,0.9877423048019409,0.0015523758484050632,1.0,0.012257695198059082,-2.2666518688201904,0.321735143661499,0.20897731184959412,0.5947265625,0.272991418838501,0.31448090076446533,0.05172387510538101,0.0,0.05172387510538101,0.005928191356360912,0.0,0.005928191356360912,1.0,0.0,-20.111177444458008,1785284707.3290138,31.58806014060974,-4.274418592453003,18045.12745703256,51.25853938793898,0.0,65.94,True,5.476089954376221
185,-0.001303408993408084,3.440350440087059e-07,-0.0013131657615303993,0.009004700928926468,1.3244778074295027e-06,0.008884553797543049,0.00012054263788741082,-12.365042686462402,0.7494525909423828,0.00137945800088346,0.7378121018409729,0.5029360055923462,2.778515226964373e-05,0.503699779510498,0.011665519326925278,-6.641048431396484,0.4970031976699829,6.959245638427092e-06,0.49860167503356934,0.0015984773635864258,-4.835203170776367,0.9876921772956848,0.0015493979444727302,1.0,0.012307822704315186,-2.2671213150024414,0.3478586971759796,0.21004043519496918,0.83203125,0.4841725528240204,0.6967536211013794,0.04616828262805939,0.0,0.04616828262805939,0.004417251795530319,0.0,0.004417251795530319,1.0,0.0,-20.095481872558594,1785284707.4330368,31.69208312034607,-4.170395612716675,18144.308003831396,49.458128781630165,0.0,65.94,True,5.476089954376221
186,-0.0012955954298377037,3.5171655099475174e-07,-0.001297173323109746,0.00903368927538395,1.3523300594897592e-06,0.008769485168159008,0.00026420882204547524,-12.323371887207031,0.7518789768218994,0.0013862510677427053,0.744360625743866,0.5029529929161072,2.804822361213155e-05,0.5042963027954102,0.007637413218617439,-6.640936851501465,0.49705591797828674,6.993087026785361e-06,0.4986039698123932,0.0015480518341064453,-4.845010280609131,0.9880676865577698,0.0015371110057458282,1.0,0.011932313442230225,-2.273672580718994,0.3569454848766327,0.2082696110010147,0.83203125,0.4750857651233673,0.6763389110565186,0.045469731092453,0.0,0.045469731092453,0.004108877386897802,0.0,0.004108877386897802,1.0,0.0,-20.058626174926758,1785284707.539132,31.79817843437195,-4.064300298690796,18243.451694932603,47.67813288536621,0.0,65.94,True,5.476089954376221
187,-0.0013093093875795603,3.560724906037649e-07,-0.0012975565623492002,0.00907851941883564,1.3838940731147886e-06,0.008764775469899178,0.00031396400299854577,-12.295734405517578,0.7549456357955933,0.0013972657034173608,0.7490060925483704,0.5029275417327881,2.7919639251194894e-05,0.5042399764060974,0.006082816980779171,-6.6483612060546875,0.4970591068267822,7.0002292886783835e-06,0.4986319839954376,0.0015728771686553955,-4.839140892028809,0.9884825348854065,0.0015285927802324295,1.0,0.011517465114593506,-2.2793750762939453,0.36483055353164673,0.20657466351985931,0.0,0.36483055353164673,0.4525546133518219,0.04526155814528465,0.0,0.04526155814528465,0.003896124893799424,0.0,0.003896124893799424,1.0,0.0,-20.033994674682617,1785284707.6239913,31.883037567138672,-3.9794411659240723,18342.570754533564,46.12192128680695,0.0,65.94,True,5.476089954376221
188,-0.00133554358035326,3.5152791610926215e-07,-0.000881062587723136,0.009153328835964203,1.3889083447793382e-06,0.005950404331088066,0.0032350081019103527,-8.349225044250488,0.7599101662635803,0.0014135823585093021,0.754523754119873,0.5033431053161621,2.7370899260859005e-05,0.5037375092506409,0.005400832276791334,-6.68284797668457,0.49719494581222534,6.944244432816049e-06,0.49861523509025574,0.0014202892780303955,-4.8746161460876465,0.9883195757865906,0.0015399348922073841,1.0,0.011680424213409424,-2.274770736694336,0.33121711015701294,0.20923922955989838,0.50634765625,0.17513054609298706,0.2100909948348999,0.047659263014793396,0.0,0.047659263014793396,0.005179776810109615,0.0,0.005179776810109615,1.0,0.0,-16.132810592651367,1785284707.7283568,31.98740315437317,-3.875075578689575,18437.788630052495,44.808173306764616,0.0,65.94,True,5.476089954376221
189,-0.0013083028607070446,3.5648133689392125e-07,-0.0018424351001158357,0.009166734293103218,1.400285100316978e-06,0.012480245903134346,0.0033562860917299986,-8.004473686218262,0.7612196207046509,0.0014171532820910215,0.7609568238258362,0.5028834342956543,2.7828438760479912e-05,0.5030828714370728,0.00032990510226227343,-6.685662269592285,0.4969256818294525,6.9474590418394655e-06,0.4985853433609009,0.0016596615314483643,-4.821392059326172,0.9873984456062317,0.0015505936462432146,1.0,0.01260155439376831,-2.2644145488739014,0.3464803099632263,0.20751561224460602,0.0,0.3464803099632263,0.421916127204895,0.042818814516067505,0.0,0.042818814516067505,0.004341841675341129,0.0,0.004341841675341129,0.0,1.0,-15.763699531555176,1785284707.8353806,32.09442687034607,-3.768051862716675,18532.63739451033,43.282600194352284,0.0,65.94,True,5.476089954376221
190,-0.0013477648608386517,3.777649624225887e-07,-0.00131606578361243,0.009244551882147789,1.5289311932065175e-06,0.009020308032631874,0.00022647326113656163,-12.234315872192383,0.7664490938186646,0.0014901868999004364,0.7673373222351074,0.5030367374420166,2.8407903300831094e-05,0.5030481815338135,0.0008883021073415875,-6.650704383850098,0.49714964628219604,7.259297490236349e-06,0.4985160231590271,0.0013663768768310547,-4.869082450866699,0.9829167723655701,0.001709765987470746,1.0,0.01708322763442993,-2.1814167499542236,0.34719765186309814,0.21081237494945526,0.98193359375,0.6347359418869019,1.0961098670959473,0.04024002328515053,0.0,0.04024002328515053,0.004389659501612186,0.0,0.004389659501612186,0.0,1.0,-19.989421844482422,1785284707.9211254,32.180171728134155,-3.682307004928589,18631.71188128109,41.0828333420489,0.0,65.94,True,5.476089954376221
191,-0.0012860777787864208,4.152013275415811e-07,-0.0013327071210369468,0.009350629523396492,1.6802682694105897e-06,0.00913888867944479,0.00021681439829990268,-12.141693115234375,0.7739080190658569,0.001584853045642376,0.7718667984008789,0.5025135278701782,3.0264993256423622e-05,0.5034812092781067,0.0022589797154068947,-6.57172966003418,0.4967895448207855,7.329886102525052e-06,0.498516321182251,0.001726776361465454,-4.7894392013549805,0.9749994277954102,0.0018941194284707308,1.0,0.025000572204589844,-2.050570487976074,0.39351508021354675,0.21104826033115387,0.0,0.39351508021354675,0.5079732537269592,0.03788674250245094,0.0,0.03788674250245094,0.002975673181936145,0.0,0.002975673181936145,0.0,1.0,-19.79379653930664,1785284708.0256298,32.28467607498169,-3.5778026580810547,18730.590742746677,39.471203103114505,0.0,65.94,True,5.476089954376221
192,-0.0013420383911579847,4.121431231851602e-07,-0.001319310744293034,0.009443553164601326,1.7287976561419782e-06,0.009100690484046936,0.00034361513098701835,-12.112486839294434,0.7802238464355469,0.0016054752049967647,0.7772610187530518,0.5025398135185242,2.9587466997327283e-05,0.5031766295433044,0.003030492225661874,-6.583783149719238,0.49680477380752563,7.398541129077785e-06,0.49863025546073914,0.001825481653213501,-4.762969970703125,0.9741626977920532,0.0019406428327783942,1.0,0.025837302207946777,-2.031433582305908,0.38243162631988525,0.20793530344963074,0.0,0.38243162631988525,0.48535576462745667,0.03947087377309799,0.0,0.03947087377309799,0.0033786329440772533,0.0,0.0033786329440772533,0.0,1.0,-19.760997772216797,1785284708.1316202,32.390666484832764,-3.4718122482299805,18829.436805445173,37.88219035327961,0.0,65.94,True,5.476089954376221
193,-0.0013545192778110504,4.15082325844196e-07,-0.0008680316968820989,0.009508367627859116,1.7698982901492855e-06,0.006032835692167282,0.0035094148479402065,-8.434289932250977,0.7843736410140991,0.001618971349671483,0.7826070785522461,0.5025196075439453,3.0356886782101355e-05,0.5028212070465088,0.0017921230755746365,-6.573886394500732,0.49676579236984253,7.586468200315721e-06,0.4986414909362793,0.0018756985664367676,-4.743757247924805,0.9736313223838806,0.0020170772913843393,1.0,0.026368677616119385,-2.0117592811584473,0.38225245475769043,0.1973222941160202,0.9541015625,0.5718491077423096,0.9361026287078857,0.03682013228535652,0.0,0.03682013228535652,0.003260854398831725,0.0,0.003260854398831725,0.0,1.0,-16.065277099609375,1785284708.2372062,32.49625253677368,-3.3662261962890625,18924.587147471062,35.84243073936429,0.0,65.94,True,5.476089954376221
194,-0.0013070984277874231,4.129200874558592e-07,-0.0017920216778293252,0.009543411433696747,1.7600204955670051e-06,0.012507520616054535,0.0030035136733204126,-9.356502532958984,0.7870519161224365,0.0016036633169278502,0.7887561321258545,0.5028743743896484,3.070201273658313e-05,0.50287264585495,0.0017042168183252215,-6.574540615081787,0.496677428483963,7.414101219183067e-06,0.4986473023891449,0.0019698739051818848,-4.725434303283691,0.9718846678733826,0.002041863277554512,1.0,0.02811533212661743,-1.9844412803649902,0.4137950539588928,0.1777249425649643,0.74072265625,0.3269276022911072,0.3558734357357025,0.02852470800280571,0.0,0.02852470800280571,0.002158472314476967,0.0,0.002158472314476967,0.0,1.0,-16.978851318359375,1785284708.3321795,32.59122586250305,-3.2712528705596924,19020.6510637157,34.38290031842115,0.0,65.94,True,5.476089954376221
195,-0.001329548191279173,3.892722588716424e-07,-0.0013538036728277802,0.009585896506905556,1.7084684031942743e-06,0.009453407488763332,0.00013469101395457983,-12.175680160522461,0.7897332906723022,0.0015640051569789648,0.7937186360359192,0.5033431649208069,2.9907441785326228e-05,0.5031635165214539,0.003989392425864935,-6.595459938049316,0.4966796040534973,7.253277999552665e-06,0.49866315722465515,0.001983553171157837,-4.726868629455566,0.9724388718605042,0.0020154493395239115,1.0,0.02756112813949585,-1.9960696697235107,0.42052432894706726,0.1559167206287384,0.0,0.42052432894706726,0.5568217635154724,0.02172258123755455,0.0,0.02172258123755455,0.001622852636501193,0.0,0.001622852636501193,0.0,1.0,-19.81548309326172,1785284708.4276679,32.68671417236328,-3.175764560699463,19119.55161173524,32.72242156969824,0.0,65.94,True,5.476089954376221
196,-0.0013703545555472374,3.885939747760858e-07,-0.0013565991539508104,0.009641557931900024,1.7421181155441445e-06,0.009489737451076508,0.00015244234236888587,-12.165834426879883,0.793749213218689,0.0015714073088020086,0.7984619736671448,0.503251314163208,2.9957493097754195e-05,0.5032145977020264,0.004712903406471014,-6.590790748596191,0.496623158454895,7.388830454146955e-06,0.49865028262138367,0.0020271241664886475,-4.710761547088623,0.9737153649330139,0.0020656040869653225,1.0,0.026284635066986084,-2.004992961883545,0.4008215367794037,0.15348926186561584,0.0,0.4008215367794037,0.5052284598350525,0.022575950250029564,0.0,0.022575950250029564,0.0019265074515715241,0.0,0.0019265074515715241,0.0,1.0,-19.793848037719727,1785284708.5317955,32.790841817855835,-3.071636915206909,19218.43052469924,31.113536124655752,0.0,65.94,True,5.476089954376221
197,-0.00140270940028131,3.9079881730685884e-07,-0.0013732521329075098,0.009689873084425926,1.7696129361866042e-06,0.009564384818077087,0.00012889932258985937,-12.156475067138672,0.7963675260543823,0.0015763401752337813,0.8030090928077698,0.5030217170715332,3.0460207199212164e-05,0.5029616355895996,0.006641838699579239,-6.573942184448242,0.4964880645275116,7.505094345106045e-06,0.49855080246925354,0.0020627379417419434,-4.697558879852295,0.9736250638961792,0.002109096385538578,0.9886677265167236,0.015042662620544434,-2.1081652641296387,0.3958163261413574,0.15169136226177216,0.60986328125,0.21404695510864258,0.12700235843658447,0.022636061534285545,0.0,0.022636061534285545,0.002025504829362035,0.0,0.002025504829362035,0.0,1.0,-19.764408111572266,1785284708.6258981,32.884944438934326,-2.977534294128418,19317.279997737092,29.88287678101173,0.0,65.94,True,5.476089954376221
198,-0.001428887015208602,3.723724546489393e-07,-0.0014025743585079908,0.009728673845529556,1.7149469613286783e-06,0.009799244813621044,7.531678420491517e-05,-12.199491500854492,0.7973718643188477,0.0015520431334152818,0.8065347075462341,0.5030794739723206,2.9745080610155128e-05,0.5028055906295776,0.009166935458779335,-6.579329490661621,0.4963873028755188,7.2220195761474315e-06,0.49845921993255615,0.0020719170570373535,-4.703044414520264,0.9725838303565979,0.0020436272025108337,0.9794593453407288,0.006875514984130859,-2.1660101413726807,0.4139147698879242,0.1358068734407425,0.0,0.4139147698879242,0.5514464378356934,0.02106652408838272,0.0,0.02106652408838272,0.0016389405354857445,0.0,0.0016389405354857445,0.0,1.0,-19.814477920532227,1785284708.7325528,32.99159908294678,-2.870879650115967,19416.179540583904,28.2277733579686,0.0,65.94,True,5.476089954376221
199,-0.001448020339012146,3.8008246860954387e-07,-0.0013648446183651686,0.009741491638123989,1.7512886643089587e-06,0.009515970014035702,0.0002403709659120068,-12.157519340515137,0.7989155054092407,0.0015672396402806044,0.8111942410469055,0.5030266642570496,3.0031613277969882e-05,0.5027008056640625,0.01228305883705616,-6.548105239868164,0.49642154574394226,7.395687589450972e-06,0.49822014570236206,0.0017985999584197998,-4.769661903381348,0.9734016060829163,0.00208078371360898,0.9569209814071655,0.016480624675750732,-2.103300094604492,0.4045773148536682,0.13821281492710114,0.0,0.4045773148536682,0.5215986967086792,0.025081176310777664,0.0,0.025081176310777664,0.002072324277833104,0.0,0.002072324277833104,0.0,1.0,-19.780834197998047,1785284708.8264666,33.08551287651062,-2.776965856552124,19515.04543970818,26.602517676052486,0.0,65.94,True,5.476089954376221
200,-0.0014525619335472584,3.905900598510925e-07,-0.001371561549603939,0.00974653847515583,1.7849026789917843e-06,0.009629065170884132,0.000142692108056508,-12.145734786987305,0.7993680238723755,0.0015796271618455648,0.8141589760780334,0.5028024911880493,3.0635757866548374e-05,0.5022596120834351,0.014800911769270897,-6.510019302368164,0.4963386058807373,7.554318017355399e-06,0.49811145663261414,0.001772850751876831,-4.769730091094971,0.9728580117225647,0.002103750593960285,0.9402339458465576,0.03262406587600708,-1.9101183414459229,0.40246888995170593,0.141814187169075,0.94970703125,0.5472381114959717,0.9981716275215149,0.028592083603143692,0.0,0.028592083603143692,0.0024199464824050665,0.0,0.0024199464824050665,0.0,1.0,-19.738615036010742,1785284708.9412084,33.200254678726196,-2.662224054336548,19613.86911967047,24.500689063323534,0.0,65.94,True,5.476089954376221
201,-0.0013685522135347128,3.889584263561119e-07,-0.0013706270838156343,0.009768862277269363,1.7169935517813428e-06,0.00964676309376955,0.00012211680586915463,-12.175140380859375,0.801596999168396,0.001552673988044262,0.8179834485054016,0.5020223259925842,3.0334695111378096e-05,0.5018727779388428,0.016387131065130234,-6.5107831954956055,0.4959227740764618,7.1044073592929635e-06,0.4979640543460846,0.0020412802696228027,-4.715202808380127,0.9616042971611023,0.0021315072663128376,0.8829371929168701,0.07866710424423218,-0.7048492431640625,0.4312880337238312,0.15115921199321747,0.0,0.4312880337238312,0.5895040035247803,0.028386909514665604,0.0,0.028386909514665604,0.0021159269381314516,0.0,0.0021159269381314516,0.0,1.0,-19.74136734008789,1785284709.036508,33.295554399490356,-2.5669243335723877,19712.69555193684,23.304943225389234,0.0,65.94,True,5.476089954376221
202,-0.0013988034334033728,3.9043473520905536e-07,-0.0013687332393601537,0.009776508435606956,1.742066842780332e-06,0.009746658615767956,4.237013490637764e-05,-12.168931007385254,0.8032840490341187,0.0015618382021784782,0.8206791281700134,0.5026097297668457,2.99730909318896e-05,0.5016922950744629,0.017419254407286644,-6.489764213562012,0.4962586462497711,7.2149459811043926e-06,0.4978691339492798,0.001610487699508667,-4.820996284484863,0.9610815644264221,0.0021543672773987055,0.9263128042221069,0.034768760204315186,-1.870628833770752,0.4181664288043976,0.1659902036190033,0.0,0.4181664288043976,0.5477525591850281,0.03777295723557472,0.0,0.03777295723557472,0.003094182349741459,0.0,0.003094182349741459,0.0,1.0,-19.771240234375,1785284709.1402752,33.39932155609131,-2.4631571769714355,19811.551857097493,23.9563527697817,0.0,65.94,True,5.476089954376221
203,-0.001400634879246354,3.9013772834550764e-07,-0.0013634131755679846,0.009770842269062996,1.7338536508759717e-06,0.009805263951420784,5.06981996295508e-05,-12.170970916748047,0.8033267259597778,0.0015571392141282558,0.8232254385948181,0.502486526966095,3.0104622055660002e-05,0.5013026595115662,0.019933899864554405,-6.449570178985596,0.49619442224502563,7.273186383827124e-06,0.4977743327617645,0.0015799105167388916,-4.825122356414795,0.962040364742279,0.002128384541720152,0.9171222448348999,0.04491811990737915,-1.683274269104004,0.4125116765499115,0.16871778666973114,0.8896484375,0.4771367609500885,0.7038500308990479,0.040816087275743484,0.0,0.040816087275743484,0.00350063294172287,0.0,0.00350063294172287,0.0,1.0,-19.743188858032227,1785284709.2354329,33.494479179382324,-2.36799955368042,19910.380110881804,24.763859785888183,0.0,65.94,True,5.476089954376221
204,-0.001287986757233739,3.928299179278838e-07,-0.0011660736054182053,0.00986156053841114,1.6967042029136792e-06,0.008406824432313442,0.0014598355628550053,-11.537923812866211,0.8089258670806885,0.0015389746986329556,0.8252741694450378,0.5016350746154785,2.963187034765724e-05,0.5014832615852356,0.016349008306860924,-6.52655029296875,0.4959000051021576,6.850229510746431e-06,0.4978090822696686,0.0019090771675109863,-4.76065731048584,0.9530712366104126,0.0021866457536816597,0.916556715965271,0.0365145206451416,-1.8388792276382446,0.4716814458370209,0.1609201431274414,0.8896484375,0.4179669916629791,0.5483196377754211,0.026732325553894043,0.0,0.026732325553894043,0.0015564464265480638,0.0,0.0015564464265480638,0.0,1.0,-19.139493942260742,1785284709.3399446,33.59899091720581,-2.2634878158569336,20008.604669750344,25.41583640887104,0.0,65.94,True,5.476089954376221
205,-0.001297432230785489,3.812150168869266e-07,-0.001365268835797906,0.009884724393486977,1.652489231673826e-06,0.009847752749919891,7.725741306785494e-05,-12.202238082885742,0.8103163242340088,0.0015321512473747134,0.828335702419281,0.5017370581626892,2.887829759856686e-05,0.5016306638717651,0.018019692972302437,-6.522716522216797,0.4957955479621887,6.649377155554248e-06,0.4978433847427368,0.0020478367805480957,-4.726214408874512,0.9479660987854004,0.0022043688222765923,0.91588294506073,0.03208315372467041,-1.9062438011169434,0.4925348460674286,0.15686510503292084,0.9951171875,0.502582311630249,0.7978692650794983,0.025829842314124107,0.0,0.025829842314124107,0.0013002915075048804,0.0,0.0013002915075048804,0.0,1.0,-19.783519744873047,1785284709.4464803,33.70552659034729,-2.156952142715454,20107.473254421497,26.317362659157975,0.0,65.94,True,5.476089954376221
206,-0.0013166337739676237,3.7573252598122053e-07,-0.0013883189531043172,0.009920930489897728,1.6350791156583e-06,0.010097907856106758,0.0001909443672047928,-12.204811096191406,0.8120487928390503,0.001534975366666913,0.8313226103782654,0.5016573071479797,2.850004966603592e-05,0.5017571449279785,0.01927407644689083,-6.513365745544434,0.4956508278846741,6.539228252222529e-06,0.49778541922569275,0.0021345913410186768,-4.701511383056641,0.9438270926475525,0.0022396505810320377,0.915833055973053,0.02799403667449951,-1.9568264484405518,0.5104507207870483,0.15376955270767212,0.6826171875,0.17216646671295166,0.07917063683271408,0.026454810053110123,0.0,0.026454810053110123,0.0011556404642760754,0.0,0.0011556404642760754,0.0,1.0,-19.766260147094727,1785284709.5317245,33.79077076911926,-2.0717079639434814,20206.32457949487,26.500190281198126,0.0,65.94,True,5.476089954376221
207,-0.001370026497170329,3.6042246165379765e-07,-0.001369306119158864,0.009982630610466003,1.6016317658795742e-06,0.010005178861320019,2.2559755961992778e-05,-12.252201080322266,0.815044641494751,0.0015214451123028994,0.8344613909721375,0.5017647743225098,2.774044878606219e-05,0.5018405914306641,0.019416896626353264,-6.528477668762207,0.49559006094932556,6.450095952459378e-06,0.4976827800273895,0.002092719078063965,-4.717280387878418,0.9423655271530151,0.0021694875322282314,0.9168631434440613,0.025502383708953857,-1.997802972793579,0.5104720592498779,0.15289750695228577,0.0,0.5104720592498779,0.832089900970459,0.030159639194607735,0.0,0.030159639194607735,0.00126373500097543,0.0,0.00126373500097543,0.0,1.0,-19.8336238861084,1785284709.6260948,33.885141134262085,-1.9773375988006592,20305.24326830726,27.43593716737602,0.0,65.94,True,5.476089954376221
208,-0.001430462347343564,3.6142043313702743e-07,-0.001375654712319374,0.010023970156908035,1.65536914664699e-06,0.010072910226881504,7.34779387130402e-05,-12.229598999023438,0.8171448707580566,0.0015379865653812885,0.8374397158622742,0.5022495985031128,2.717522693274077e-05,0.5014886260032654,0.02030910737812519,-6.512808799743652,0.49592891335487366,6.475449936260702e-06,0.497662216424942,0.0017333030700683594,-4.82282829284668,0.942513644695282,0.0021247437689453363,0.9172858595848083,0.025227785110473633,-2.0083446502685547,0.48850369453430176,0.15762582421302795,0.98193359375,0.49342989921569824,0.7674862146377563,0.034035760909318924,0.0,0.034035760909318924,0.0016354729887098074,0.0,0.0016354729887098074,0.0,1.0,-19.851261138916016,1785284709.730473,33.989519357681274,-1.8729593753814697,20404.179594372454,28.307080367221214,0.0,65.94,True,5.476089954376221
209,-0.0013630485627800226,3.6382084545039106e-07,-0.0014369160635396838,0.010022707283496857,1.6068649983935757e-06,0.010469106957316399,0.0004524699761532247,-12.176532745361328,0.8183543682098389,0.0015202834038063884,0.8403220772743225,0.5022577047348022,2.741338721534703e-05,0.5013481378555298,0.02198653109371662,-6.484988689422607,0.4958696961402893,6.316319741017651e-06,0.49766406416893005,0.001794368028640747,-4.812372207641602,0.9372358918190002,0.0021499276626855135,0.9181239604949951,0.019111931324005127,-2.0672736167907715,0.5330275297164917,0.1510399430990219,0.0,0.5330275297164917,0.9143734574317932,0.0334395095705986,0.0,0.0334395095705986,0.0012266547419130802,0.0,0.0012266547419130802,0.0,1.0,-19.770709991455078,1785284709.8251185,34.08416485786438,-1.7783138751983643,20503.035369290188,29.325110809860444,0.0,65.94,True,5.476089954376221
210,-0.001380973495543003,3.658881837509398e-07,-0.0013783331960439682,0.010023858398199081,1.6341184618795523e-06,0.010076848790049553,5.305612648953684e-05,-12.233926773071289,0.8190950155258179,0.0015377161325886846,0.8432545065879822,0.5025780200958252,2.677149859664496e-05,0.5011063814163208,0.024204270914196968,-6.434700965881348,0.49607938528060913,6.339486390061211e-06,0.49756836891174316,0.0014889836311340332,-4.8905558586120605,0.9396892786026001,0.002077152021229267,0.9193688631057739,0.020320415496826172,-2.070044755935669,0.5124678611755371,0.15775571763515472,0.89892578125,0.3864579200744629,0.4689422845840454,0.03839223086833954,0.0,0.03839223086833954,0.0015503567410632968,0.0,0.0015503567410632968,0.0,1.0,-19.82696533203125,1785284709.9296112,34.18865752220154,-1.673821210861206,20601.9473995485,29.897710079651926,0.0,65.94,True,5.476089954376221
211,-0.0012478663120418787,3.8614746245002607e-07,-0.001373379840515554,0.01016179844737053,1.6334433894371614e-06,0.0100496681407094,0.00016830582171678543,-12.183809280395508,0.8316795825958252,0.0015114695997908711,0.8460648655891418,0.5020118951797485,2.5635961719672196e-05,0.5007014274597168,0.014444850385189056,-6.593266487121582,0.4959928095340729,5.635602974507492e-06,0.4973735213279724,0.0013807117938995361,-4.9551286697387695,0.9316756129264832,0.0019975719042122364,0.9204580783843994,0.01121753454208374,-2.1574764251708984,0.5663882493972778,0.1498844474554062,0.80126953125,0.23488128185272217,0.15403233468532562,0.01674964278936386,0.0,0.01674964278936386,0.00045549473725259304,0.0,0.00045549473725259304,0.0,1.0,-19.93598747253418,1785284710.0238297,34.28287601470947,-1.5796027183532715,20700.968451947312,30.155399399544688,0.0,65.94,True,5.476089954376221
212,-0.0012417447287589312,3.768818430671672e-07,-0.0013429376995190978,0.010135911405086517,1.5931573216221295e-06,0.00995277613401413,0.00020923322881571949,-12.208575248718262,0.8325570821762085,0.0015111902030184865,0.849567174911499,0.5027920007705688,2.562113331805449e-05,0.5008520483970642,0.01712035946547985,-6.526421070098877,0.4963124692440033,5.584259724855656e-06,0.49726760387420654,0.0009551346302032471,-5.0471577644348145,0.929214358329773,0.0020011214073747396,0.9205579161643982,0.008656442165374756,-2.1693620681762695,0.5769885778427124,0.14240983128547668,0.71875,0.1417614221572876,0.014973372220993042,0.016563860699534416,0.0,0.016563860699534416,0.00041772692929953337,0.0,0.00041772692929953337,0.0,1.0,-19.953290939331055,1785284710.1297824,34.38882875442505,-1.4736499786376953,20800.006807812922,30.274029756973118,0.0,65.94,True,5.476089954376221
213,-0.0012893129605799913,3.7426843846333213e-07,-0.0013489802367985249,0.010209647938609123,1.5910766251181485e-06,0.010210530832409859,5.967381002847105e-05,-12.232062339782715,0.8377727270126343,0.001528954948298633,0.8521106839179993,0.5034438371658325,2.4763812689343467e-05,0.5013904571533203,0.014484245330095291,-6.554412364959717,0.49651068449020386,5.381829396355897e-06,0.4972802698612213,0.0007695853710174561,-5.092278480529785,0.9212412238121033,0.001998439896851778,0.920851469039917,0.0003897547721862793,-2.1887176036834717,0.5963659286499023,0.13910850882530212,0.958984375,0.36261844635009766,0.40531235933303833,0.01691109873354435,0.0,0.01691109873354435,0.00036408539745025337,0.0,0.00036408539745025337,0.0,1.0,-20.021730422973633,1785284710.2240498,34.4830961227417,-1.379382610321045,20899.113603162175,30.782999101513592,0.0,65.94,True,5.476089954376221
214,-0.0013227208983153105,3.834659310086863e-07,-0.0009020171710290015,0.010299012064933777,1.6029999869715539e-06,0.00676703779026866,0.0035569416359066963,-8.099076271057129,0.8451457023620605,0.0015772642800584435,0.8555347323417664,0.5047895908355713,2.3928869268274866e-05,0.5071534514427185,0.010654565878212452,-6.557392597198486,0.4970734417438507,5.085959855932742e-06,0.49762704968452454,0.0005536079406738281,-5.145444393157959,0.9036746621131897,0.0021017813123762608,0.9198518991470337,0.016177237033843994,-2.1012890338897705,0.6474926471710205,0.1298697143793106,0.7841796875,0.1366870403289795,-0.029742129147052765,0.01489434577524662,0.0,0.01489434577524662,0.00023047594004310668,0.0,0.00023047594004310668,0.0,1.0,-15.917712211608887,1785284710.3292687,34.5883150100708,-1.2741637229919434,20994.116380300064,30.856913957573976,0.0,65.94,True,5.476089954376221
215,-0.001323243835940957,4.0071913076644705e-07,-0.0018212207360193133,0.010350633412599564,1.6208527995331679e-06,0.013808036223053932,0.0034930810797959566,-8.196532249450684,0.8506636619567871,0.001626074081286788,0.8589615225791931,0.5057674646377563,2.399035292910412e-05,0.5052492618560791,0.008314025588333607,-6.665076732635498,0.49756109714508057,5.0036296670441516e-06,0.49769145250320435,0.0001303553581237793,-5.182036876678467,0.8892477750778198,0.002197242807596922,0.9173187613487244,0.02807098627090454,-1.9620262384414673,0.6848739385604858,0.1222226470708847,0.6416015625,0.04327237606048584,-0.1243567019701004,0.015218812972307205,0.0,0.015218812972307205,0.0001810339599614963,0.0,0.0001810339599614963,0.0,1.0,-16.119611740112305,1785284710.424955,34.684001207351685,-1.1784775257110596,21089.321056966455,30.836214240811312,0.0,65.94,True,5.476089954376221
216,-0.0013482465874403715,4.057567082327296e-07,-0.0013408360537141562,0.010356256738305092,1.6576257166889263e-06,0.010146494023501873,0.00020989358017686754,-12.162601470947266,0.8537462949752808,0.001646510325372219,0.8608174920082092,0.5066511631011963,2.440206299070269e-05,0.5045737624168396,0.0073700351640582085,-6.573482513427734,0.4979647994041443,5.056771897216095e-06,0.49768611788749695,0.00027868151664733887,-5.170773506164551,0.8822051882743835,0.002249256009235978,0.9156852960586548,0.03348010778427124,-1.88046395778656,0.6882433891296387,0.11364194750785828,0.6416015625,0.04664182662963867,-0.15884125232696533,0.013624847866594791,0.0,0.013624847866594791,0.00016174756456166506,0.0,0.00016174756456166506,0.0,1.0,-20.006772994995117,1785284710.5217483,34.780794620513916,-1.0816841125488281,21188.41289488773,30.781029973691783,0.0,65.94,True,5.476089954376221
217,-0.0014184380415827036,4.094533778697951e-07,-0.0013356389245018363,0.010350493714213371,1.8299466546523036e-06,0.010188424959778786,0.0001819944300223142,-12.106407165527344,0.8561228513717651,0.0017247485229745507,0.8642013669013977,0.5063854455947876,2.7931802833336405e-05,0.507010817527771,0.00810268521308899,-6.5604119300842285,0.49798014760017395,5.790248451376101e-06,0.4976087808609009,0.0003713667392730713,-5.098820209503174,0.871368944644928,0.0029712277464568615,0.914724588394165,0.04335564374923706,-1.6741323471069336,0.6443935632705688,0.1019526794552803,0.96337890625,0.31898534297943115,0.2763293385505676,0.008393051102757454,0.0,0.008393051102757454,0.00014404351531993598,0.0,0.00014404351531993598,0.0,1.0,-19.904146194458008,1785284710.6266649,34.88571119308472,-0.9767675399780273,21287.402106008467,31.161016297449788,0.0,65.94,True,5.476089954376221
218,-0.0014429364819079638,4.5023301709079533e-07,-0.0013168271398171782,0.010400311090052128,2.041397010543733e-06,0.010168015956878662,0.00026431912556290627,-11.988933563232422,0.8568737506866455,0.001877873670309782,0.8665662407875061,0.5062751770019531,3.076882057939656e-05,0.5029969215393066,0.01023187767714262,-6.295781135559082,0.4980776309967041,6.3320180743176024e-06,0.49769535660743713,0.0003822743892669678,-5.054467678070068,0.839286208152771,0.0042404127307236195,0.9121628999710083,0.0728766918182373,-1.1863712072372437,0.6888881921768188,0.09953425824642181,0.92822265625,0.23933446407318115,0.053056925535202026,0.006158829666674137,0.0,0.006158829666674137,8.627450733911246e-05,0.0,8.627450733911246e-05,0.0,1.0,-19.552791595458984,1785284710.7305813,34.98962759971619,-0.8728511333465576,21386.039962530205,31.317730208192426,0.0,65.94,True,5.476089954376221
219,-0.001526350388303399,4.2236808894813294e-07,-0.0014580267015844584,0.010320678353309631,2.0917407255183207e-06,0.011262940242886543,0.0009447357733733952,-11.821819305419922,0.8539963960647583,0.0017898496007546782,0.8698539137840271,0.5093958973884583,2.632825453474652e-05,0.504180371761322,0.01669318974018097,-6.010534286499023,0.498826265335083,5.748965577367926e-06,0.4978969991207123,0.0009292662143707275,-5.039202690124512,0.8860276937484741,0.0028219514060765505,0.9067208766937256,0.020693182945251465,-1.9403539896011353,0.6220334768295288,0.1045788824558258,0.0,0.6220334768295288,1.6399540901184082,0.006191769149154425,0.0,0.006191769149154425,0.00017624010797590017,0.0,0.00017624010797590017,0.0,1.0,-19.14984893798828,1785284710.8250387,35.08408498764038,-0.7783937454223633,21484.274876394473,33.061341283518274,0.0,65.94,True,5.476089954376221
220,-0.0016264801379293203,4.312671819661773e-07,-0.0013230940094217658,0.010436692275106907,2.2246113076107576e-06,0.010279519483447075,0.0003416817635297775,-11.886091232299805,0.8616029024124146,0.0018496133852750063,0.8729529976844788,0.5095691680908203,2.5109828129643574e-05,0.5027714967727661,0.013230003416538239,-5.649688243865967,0.49883201718330383,5.526541826839093e-06,0.4984980523586273,0.00033396482467651367,-5.1239447593688965,0.8707286715507507,0.002716491697356105,0.9000536203384399,0.02932494878768921,-1.8769845962524414,0.5779843330383301,0.10901935398578644,0.939453125,0.3614687919616699,0.41007351875305176,0.006063513457775116,0.0,0.006063513457775116,0.0002173959364881739,0.0,0.0002173959364881739,0.0,1.0,-18.96781349182129,1785284710.9295373,35.18858361244202,-0.6738951206207275,21582.327754812573,33.57507178747876,0.0,65.94,True,5.476089954376221
221,-0.0015110194217413664,4.273252898201463e-07,-0.0013497790787369013,0.010472076013684273,2.1102082428114954e-06,0.010529299266636372,0.00017109338659793139,-11.998148918151855,0.8678911924362183,0.0017773808212950826,0.8754887580871582,0.5096826553344727,2.4992405087687075e-05,0.5004671812057495,0.011943533085286617,-4.911645889282227,0.49878549575805664,5.265625077299774e-06,0.49862727522850037,0.00015822052955627441,-5.155839920043945,0.8653606176376343,0.002744107274338603,0.8983302116394043,0.03296959400177002,-1.8321517705917358,0.6286251544952393,0.09946610778570175,0.939453125,0.31082797050476074,0.2506324052810669,0.004437064751982689,0.0,0.004437064751982689,0.000121376957395114,0.0,0.000121376957395114,0.0,1.0,-18.505386352539062,1785284711.0251327,35.28417897224426,-0.5782997608184814,21679.91820609139,33.929361177967266,0.0,65.94,True,5.476089954376221
222,-0.0015081262681633234,4.26312823265107e-07,-0.0013409482780843973,0.010536208748817444,2.1036128146079136e-06,0.01052849180996418,0.0001673560036579147,-11.999302864074707,0.8719850778579712,0.0017921918770298362,0.8780088424682617,0.5096691846847534,2.519141708035022e-05,0.5030602216720581,0.00894226599484682,-5.7417311668396,0.4988609850406647,5.1750334932876285e-06,0.4986555874347687,0.0002053976058959961,-5.16281795501709,0.854095458984375,0.002990381559357047,0.893887996673584,0.039792537689208984,-1.7224819660186768,0.6670037508010864,0.09017655998468399,0.96533203125,0.2983282804489136,0.20942065119743347,0.003561221295967698,0.0,0.003561221295967698,7.306312909349799e-05,0.0,7.306312909349799e-05,0.0,1.0,-19.174097061157227,1785284711.1317582,35.39080452919006,-0.47167420387268066,21778.17736807883,34.242438814372136,0.0,65.94,True,5.476089954376221
223,-0.0015252011362463236,4.368243935459759e-07,-0.0013297365512698889,0.010601380839943886,2.1687346816179343e-06,0.01043618842959404,0.0002559197891969234,-11.954649925231934,0.8756000995635986,0.0018295516492798924,0.8804612159729004,0.5099859833717346,2.540709829190746e-05,0.5036531686782837,0.007983420044183731,-5.80850887298584,0.49905723333358765,5.163588866707869e-06,0.4989045560359955,0.00015267729759216309,-5.165743350982666,0.8444687724113464,0.0031780207064002752,0.8761135339736938,0.03164476156234741,-1.7992603778839111,0.7002792358398438,0.08397874981164932,0.9931640625,0.29288482666015625,0.19107627868652344,0.00325575633905828,0.0,0.00325575633905828,5.2067978685954586e-05,0.0,5.2067978685954586e-05,0.0,1.0,-19.184329986572266,1785284711.2265494,35.485595703125,-0.37688302993774414,21876.44676299168,34.537172078266096,0.0,65.94,True,5.476089954376221
224,-0.0015037572011351585,4.3448295627968037e-07,-0.001338389003649354,0.010610369965434074,2.133508132828865e-06,0.010620568878948689,0.00016568240243941545,-11.984054565429688,0.8773950338363647,0.001812227419577539,0.8826119899749756,0.5102382898330688,2.401330493739806e-05,0.5046883821487427,0.007616961840540171,-5.9883222579956055,0.4991566240787506,4.876726507063722e-06,0.499104768037796,5.1856040954589844e-05,-5.196303844451904,0.845003604888916,0.002922382205724716,0.8647620677947998,0.01975846290588379,-1.9319453239440918,0.719814658164978,0.07992858439683914,0.9931640625,0.273349404335022,0.1230442225933075,0.003263462334871292,0.0,0.003263462334871292,4.629370596376248e-05,0.0,4.629370596376248e-05,0.0,1.0,-19.37286376953125,1785284711.3311357,35.590182065963745,-0.272296667098999,21974.90469168749,34.76387328606684,0.0,65.94,True,5.476089954376221
225,-0.00148751400411129,4.410960627865279e-07,-0.0011570216156542301,0.01062972005456686,2.148947032765136e-06,0.009223956614732742,0.0014440900413319468,-11.420780181884766,0.8790117502212524,0.0018226651009172201,0.8838536143302917,0.5101525187492371,2.3594993763254024e-05,0.5085428357124329,0.0051024239510297775,-6.581750392913818,0.49918049573898315,4.774591616296675e-06,0.4993534982204437,0.0001730024814605713,-5.204028129577637,0.8432289958000183,0.0028926788363605738,0.8580839037895203,0.014854907989501953,-1.9657050371170044,0.7397028207778931,0.07749488204717636,0.697265625,0.042437195777893066,-0.3482135534286499,0.00321218348108232,0.0,0.00321218348108232,3.9090820791898295e-05,0.0,3.9090820791898295e-05,0.0,1.0,-19.28819465637207,1785284711.4264576,35.68550395965576,-0.17697477340698242,22073.27795127014,34.519316717845626,0.0,65.94,True,5.476089954376221
226,-0.0015266381669789553,4.554265728984319e-07,-0.0013153089676052332,0.01067628525197506,2.265322791572544e-06,0.010534204542636871,0.0002546506584621966,-11.908548355102539,0.8815755844116211,0.0018864572048187256,0.8857668042182922,0.5100451111793518,2.4082144591375254e-05,0.5113922357559204,0.004402393475174904,-6.573336124420166,0.499173104763031,4.895238362223608e-06,0.4996434152126312,0.0004703104496002197,-5.172092437744141,0.8348513245582581,0.0031099501065909863,0.846784770488739,0.011933445930480957,-1.9447402954101562,0.7483057975769043,0.07673978060483932,0.0,0.7483057975769043,3.283714771270752,0.003343764925375581,0.0,0.003343764925375581,3.569912223611027e-05,0.0,3.569912223611027e-05,0.0,1.0,-19.753263473510742,1785284711.530086,35.78913235664368,-0.07334637641906738,22172.116279669932,37.906688474323815,0.0,65.94,True,5.476089954376221
227,-0.0015969041269272566,4.691611081852898e-07,-0.0013234822545200586,0.010735764168202877,2.3867673917266075e-06,0.010573165491223335,0.0003181161009706557,-11.835855484008789,0.8847415447235107,0.0019348837668076158,0.8869176506996155,0.5106046199798584,2.36303785641212e-05,0.508082389831543,0.003331228392198682,-6.4766340255737305,0.4993860721588135,4.828704732062761e-06,0.5000358819961548,0.0006498098373413086,-5.157804489135742,0.8238897323608398,0.0030503838788717985,0.8344451189041138,0.010555386543273926,-1.9590426683425903,0.7162768840789795,0.08137686550617218,0.97607421875,0.2597973346710205,0.07931062579154968,0.0034987071994692087,0.0,0.0034987071994692087,4.4791227992391214e-05,0.0,4.4791227992391214e-05,0.0,1.0,-19.596065521240234,1785284711.636431,35.895477294921875,0.03299856185913086,22270.79741011745,38.0896560853228,0.0,65.94,True,5.476089954376221
228,-0.001538584940135479,5.022562277190445e-07,-0.0013287134934216738,0.010749212466180325,2.438862338749459e-06,0.010515181347727776,0.00031435105483978987,-11.821113586425781,0.8849782943725586,0.001962810754776001,0.8883554339408875,0.5101957321166992,2.27420841838466e-05,0.5118018388748169,0.0037396056577563286,-6.564839839935303,0.49931079149246216,4.5745564420940354e-06,0.5002171993255615,0.0009064078330993652,-5.138763427734375,0.8286150097846985,0.0031105794478207827,0.8220311999320984,0.006583809852600098,-1.9605671167373657,0.7539911270141602,0.08255348354578018,0.96337890625,0.20938777923583984,-0.0626714825630188,0.002601213753223419,0.0,0.002601213753223419,2.931601193267852e-05,0.0,2.931601193267852e-05,0.0,1.0,-19.64236831665039,1785284711.7325058,35.991552114486694,0.1290733814239502,22369.52484336038,38.13064158796722,0.0,65.94,True,5.476089954376221
229,-0.0015345599967986345,5.356136512091325e-07,-0.0013267530594021082,0.010781644843518734,2.565851445979206e-06,0.010508200153708458,0.00034344682353548706,-11.763776779174805,0.8853940963745117,0.0020533562637865543,0.8892502784729004,0.5097064971923828,2.395219235040713e-05,0.508091926574707,0.0041805473156273365,-6.517950057983398,0.4992602467536926,4.796101165993605e-06,0.500306248664856,0.00104600191116333,-5.090851783752441,0.8192137479782104,0.0037217417266219854,0.8106845021247864,0.008529245853424072,-1.8680698871612549,0.7939258813858032,0.07959151268005371,0.78564453125,0.008281350135803223,-0.3460545539855957,0.0024662530049681664,0.0,0.0024662530049681664,2.005404712690506e-05,0.0,2.005404712690506e-05,0.0,1.0,-19.523563385009766,1785284711.8262465,36.08529281616211,0.22281408309936523,22468.13347167167,37.88824401918906,0.0,65.94,True,5.476089954376221
230,-0.0015632992144674063,5.565730702983274e-07,-0.001327208592556417,0.010804198682308197,2.7166784093424212e-06,0.010526187717914581,0.00036473124055191875,-11.706608772277832,0.8861832618713379,0.0021257956977933645,0.890314519405365,0.5096790194511414,2.4551207388867624e-05,0.5078941583633423,0.004500335082411766,-6.477408409118652,0.4993528425693512,4.961679678672226e-06,0.500537097454071,0.0011842548847198486,-5.046615123748779,0.8138523101806641,0.003990074619650841,0.8009463548660278,0.01290595531463623,-1.8221619129180908,0.8023648262023926,0.07896444201469421,0.75439453125,0.04797029495239258,-0.3358694612979889,0.002542836358770728,0.0,0.002542836358770728,1.898237496789079e-05,0.0,1.898237496789079e-05,0.0,1.0,-19.411842346191406,1785284711.9306984,36.18974471092224,0.32726597785949707,22566.63037894414,37.65603154309851,0.0,65.94,True,5.476089954376221
231,-0.0015648282133042812,5.62128434467013e-07,-0.0013977568596601486,0.010802015662193298,2.7311721169098746e-06,0.011026866734027863,0.0002801264636218548,-11.729196548461914,0.8870656490325928,0.002135214162990451,0.8910438418388367,0.5096282958984375,2.44375169131672e-05,0.5085885524749756,0.004111822694540024,-6.520587921142578,0.49931108951568604,4.95881386086694e-06,0.500800371170044,0.0014892816543579102,-4.964595317840576,0.815750777721405,0.004007633775472641,0.7953903079032898,0.020360469818115234,-1.7891186475753784,0.8007193803787231,0.07868248224258423,0.98095703125,0.18023765087127686,-0.14579403400421143,0.0027579148299992085,0.0,0.0027579148299992085,2.0062827388755977e-05,0.0,2.0062827388755977e-05,0.0,1.0,-19.42796516418457,1785284712.0362248,36.295271158218384,0.43279242515563965,22665.143409034605,37.61389449430173,0.0,65.94,True,5.476089954376221
232,-0.001583846053108573,5.938639446867455e-07,-0.0013351833913475275,0.010848697274923325,2.9870475373172667e-06,0.010673793964087963,0.00030401363619603217,-11.633861541748047,0.8887134790420532,0.002212232444435358,0.8917815685272217,0.5098599195480347,2.6106394216185436e-05,0.5051366090774536,0.005632302723824978,-6.066253662109375,0.4996193051338196,5.2821956160187256e-06,0.5013272166252136,0.001707911491394043,-4.880533218383789,0.8077746629714966,0.0042864009737968445,0.7880383729934692,0.019736289978027344,-1.761778473854065,0.809184193611145,0.07752523571252823,0.95947265625,0.15028846263885498,-0.21396467089653015,0.002619596431031823,0.0,0.002619596431031823,1.9500967027852312e-05,0.0,1.9500967027852312e-05,0.0,1.0,-18.92713165283203,1785284712.129831,36.388877391815186,0.5263986587524414,22763.155605613716,37.50358680861264,0.0,65.94,True,5.476089954376221
233,-0.0016198728699237108,5.698965424016933e-07,-0.0013403025222942233,0.010865012183785439,3.053147565879044e-06,0.010628648102283478,0.00036609775270335376,-11.622974395751953,0.8903675079345703,0.002179520670324564,0.8925633430480957,0.5108010768890381,2.5331595679745078e-05,0.5076948404312134,0.0038039973005652428,-6.32662296295166,0.500044584274292,5.174580110178795e-06,0.501812756061554,0.0017681717872619629,-4.864842414855957,0.8040766716003418,0.0036879489198327065,0.779990553855896,0.0240861177444458,-1.8037503957748413,0.785234808921814,0.07504216581583023,0.86767578125,0.08244097232818604,-0.33062946796417236,0.002793914405629039,0.0,0.002793914405629039,2.7765972845372744e-05,0.0,2.7765972845372744e-05,0.0,1.0,-19.1166934967041,1785284712.2346027,36.49364900588989,0.6311702728271484,22861.3573640367,37.2766143258559,0.0,65.94,True,5.476089954376221
234,-0.0015874328091740608,5.38758399670769e-07,-0.0013446072116494179,0.010853845626115799,2.7564456104300916e-06,0.010622096247971058,0.0003356665838509798,-11.715442657470703,0.8940455913543701,0.0020868650171905756,0.8930186629295349,0.5116897225379944,2.3779972252668813e-05,0.508951723575592,0.00292424694634974,-6.413624286651611,0.5001943111419678,4.785373221238842e-06,0.5018196105957031,0.0016252994537353516,-4.930027008056641,0.8081616163253784,0.0029433034360408783,0.7747942805290222,0.0333673357963562,-1.8060351610183716,0.766277551651001,0.0801805928349495,0.955078125,0.18880057334899902,-0.12051478028297424,0.004016096703708172,0.0,0.004016096703708172,5.030618922319263e-05,0.0,5.030618922319263e-05,0.0,1.0,-19.311355590820312,1785284712.3290582,36.588104486465454,0.72562575340271,22959.7537845538,37.259756530780365,0.0,65.94,True,5.476089954376221
235,-0.0015778441447764635,5.519188448488421e-07,-0.0013565480476245284,0.01084120012819767,2.7848689114762237e-06,0.010677249170839787,0.0002754121960606426,-11.713518142700195,0.8929542303085327,0.0020961423870176077,0.8934676647186279,0.5113329291343689,2.3218100977828726e-05,0.5091456174850464,0.002246763790026307,-6.478147029876709,0.5001568794250488,4.694402377936058e-06,0.5019510984420776,0.0017942190170288086,-4.872752666473389,0.810431182384491,0.002880911575630307,0.7700146436691284,0.04041653871536255,-1.7223821878433228,0.7886075973510742,0.08083503693342209,0.994140625,0.20553302764892578,-0.0774374008178711,0.004039543215185404,0.0,0.004039543215185404,4.19724929088261e-05,0.0,4.19724929088261e-05,0.0,1.0,-19.332412719726562,1785284712.4337647,36.692811012268066,0.8303322792053223,23058.171262199805,37.28597611516993,0.0,65.94,True,5.476089954376221
236,-0.0015780546236783266,5.617289389192592e-07,-0.0014380203792825341,0.010830320417881012,2.8329566248430638e-06,0.011189344339072704,0.00038536704960279167,-11.7051362991333,0.892125129699707,0.0021071212831884623,0.8938624262809753,0.5110985040664673,2.292070166731719e-05,0.5095127820968628,0.0023521720431745052,-6.529505252838135,0.5001488924026489,4.657137196772965e-06,0.5021855235099792,0.0020366311073303223,-4.774292945861816,0.8128174543380737,0.0028532356955111027,0.763698399066925,0.04911905527114868,-1.5879147052764893,0.7980003356933594,0.0815371721982956,0.8525390625,0.054538726806640625,-0.3161696195602417,0.003969378769397736,0.0,0.003969378769397736,3.7663194234482944e-05,0.0,3.7663194234482944e-05,0.0,1.0,-19.315887451171875,1785284712.527967,36.78701329231262,0.9245345592498779,23156.572214577256,37.073463480817125,0.0,65.94,True,5.476089954376221
237,-0.0015847482718527317,5.755005645369238e-07,-0.001368935452774167,0.010832874104380608,2.8989479687879793e-06,0.010586058720946312,0.00032786125666461885,-11.670744895935059,0.8914445638656616,0.002133774571120739,0.8941597938537598,0.5109544396400452,2.2600639567826875e-05,0.5097423791885376,0.002973476890474558,-6.551591873168945,0.5002163052558899,4.623493623512331e-06,0.5023917555809021,0.002175450325012207,-4.711443901062012,0.813183069229126,0.0028385287150740623,0.7587743997573853,0.05440866947174072,-1.4918458461761475,0.8064419031143188,0.08380638808012009,0.892578125,0.08613622188568115,-0.27641913294792175,0.003899452043697238,0.0,0.003899452043697238,3.457386264926754e-05,0.0,3.457386264926754e-05,0.0,1.0,-19.26774024963379,1785284712.6326466,36.891692876815796,1.0292141437530518,23254.92501975317,36.90070133307664,0.0,65.94,True,5.476089954376221
238,-0.0016253867652267218,5.893202228435257e-07,-0.001384792267344892,0.010875977575778961,3.0941296245146077e-06,0.010615577921271324,0.0003545330837368965,-11.617202758789062,0.8934208154678345,0.0021867500618100166,0.8942945599555969,0.5115786790847778,2.4305531042045914e-05,0.5098505616188049,0.0019364450126886368,-6.475586891174316,0.5005494952201843,4.973579962097574e-06,0.5024008750915527,0.0018513798713684082,-4.842164993286133,0.8058066368103027,0.002968661254271865,0.751962423324585,0.05384421348571777,-1.5025826692581177,0.7760052680969238,0.08380730450153351,0.9208984375,0.14489316940307617,-0.1954272836446762,0.004106803797185421,0.0,0.004106803797185421,4.917422847938724e-05,0.0,4.917422847938724e-05,0.0,1.0,-19.218753814697266,1785284712.7275138,36.986560106277466,1.1240813732147217,23353.228838494146,36.8089310346394,0.0,65.94,True,5.476089954376221
239,-0.0016185750719159842,5.973432166683779e-07,-0.0012322006514295936,0.010864976793527603,3.1135734843701357e-06,0.00939172226935625,0.0015230771386995912,-11.193870544433594,0.8923661708831787,0.0021901291329413652,0.8943342566490173,0.5112188458442688,2.369466528762132e-05,0.5108188390731812,0.0020083244889974594,-6.544889450073242,0.5005467534065247,4.868953965342371e-06,0.5025466680526733,0.0019999146461486816,-4.786646366119385,0.8074514269828796,0.002923719584941864,0.7484180927276611,0.059033334255218506,-1.4025344848632812,0.7920855283737183,0.08508473634719849,0.9208984375,0.12881290912628174,-0.21560794115066528,0.003836000571027398,0.0,0.003836000571027398,4.083090607309714e-05,0.0,4.083090607309714e-05,0.0,0.0,-18.82310676574707,1785284712.8243325,37.08337879180908,1.220900058746338,23451.137010186172,36.69698007869617,0.0,65.94,True,5.476089954376221
240,-0.0016569325234740973,6.171907216412365e-07,-0.0013934322632849216,0.010912150144577026,3.4424538171151653e-06,0.010669844225049019,0.0003579728363547474,-11.536052703857422,0.8951027393341064,0.0023083293344825506,0.8942089080810547,0.5123165249824524,2.792365921777673e-05,0.5164074897766113,0.004187472630292177,-6.140909671783447,0.5009578466415405,5.748965577367926e-06,0.5026676058769226,0.00170975923538208,-4.860062599182129,0.7894546389579773,0.0033811978064477444,0.7454491853713989,0.04400545358657837,-1.639464020729065,0.7244962453842163,0.0838109478354454,0.8896484375,0.1651521921157837,-0.15793849527835846,0.004922825843095779,0.0,0.004922825843095779,9.04146145330742e-05,0.0,9.04146145330742e-05,0.0,0.0,-18.87881088256836,1785284712.9291463,37.18819260597229,1.325713872909546,23549.10088599502,36.64269856862525,0.0,65.94,True,5.476089954376221
241,-0.001655705738812685,6.287332325882744e-07,-0.0013804207555949688,0.010938558727502823,3.542587364790961e-06,0.01057900208979845,0.0004528386052697897,-11.498716354370117,0.8960344791412354,0.0023362706415355206,0.8939406871795654,0.5123395323753357,2.8469581593526527e-05,0.5142453908920288,0.0028313002549111843,-6.360328674316406,0.5010910034179688,5.8615532907424495e-06,0.5027620792388916,0.0016710758209228516,-4.866405010223389,0.7862347364425659,0.0035004569217562675,0.7462661266326904,0.03996860980987549,-1.6803094148635864,0.7213706970214844,0.08521197736263275,0.99609375,0.2747230529785156,0.13048481941223145,0.004895653109997511,0.0,0.004895653109997511,9.145256626652554e-05,0.0,9.145256626652554e-05,0.0,1.0,-19.02018165588379,1785284713.035835,37.29488134384155,1.4324026107788086,23647.206132577183,36.87684037324492,0.0,65.94,True,5.476089954376221
242,-0.0016493962612003088,6.265115075620997e-07,-0.0016571348533034325,0.010962450876832008,3.5359028061066056e-06,0.012538295239210129,0.0015758633380755782,-11.228742599487305,0.8971010446548462,0.002312549389898777,0.8936576247215271,0.5121256113052368,2.7741163648897782e-05,0.5151407718658447,0.004576934967190027,-6.276700019836426,0.5010403990745544,5.669136953656562e-06,0.5031322240829468,0.002091825008392334,-4.735372543334961,0.7884645462036133,0.0034309702459722757,0.7479647397994995,0.04049980640411377,-1.6794838905334473,0.7276210784912109,0.08400342613458633,0.998046875,0.27042579650878906,0.11577016115188599,0.004555940628051758,0.0,0.004555940628051758,7.996254862518981e-05,0.0,7.996254862518981e-05,0.0,1.0,-18.61779022216797,1785284713.1294248,37.3884711265564,1.5259923934936523,23744.90898772563,37.09626751960424,0.0,65.94,True,5.476089954376221
243,-0.0016493857838213444,6.374588110702462e-07,-0.0011688504600897431,0.010961219668388367,3.6028607155458303e-06,0.008761928416788578,0.002251176629215479,-10.709526062011719,0.8965822458267212,0.0023251152597367764,0.8934438824653625,0.5120491981506348,2.756566937023308e-05,0.5158159732818604,0.004902848042547703,-6.184107303619385,0.5010817050933838,5.647988018608885e-06,0.5031660795211792,0.00208437442779541,-4.738550662994385,0.7901803255081177,0.0033892004285007715,0.7506239414215088,0.03955638408660889,-1.6938049793243408,0.736723780632019,0.08325120806694031,0.98388671875,0.24716293811798096,0.04289081692695618,0.004432432819157839,0.0,0.004432432819157839,7.206978625617921e-05,0.0,7.206978625617921e-05,0.0,1.0,-18.02608871459961,1785284713.2240155,37.48306179046631,1.6205830574035645,23842.02014136651,37.24281532173863,0.0,65.94,True,5.476089954376221
244,-0.001641724957153201,6.438108925976849e-07,-0.0014354306040331721,0.0109539944678545,3.644085381893092e-06,0.01067065354436636,0.0003504845662973821,-11.507189750671387,0.8965086936950684,0.0023328904062509537,0.8933232426643372,0.5119176506996155,2.7428337489254773e-05,0.5104853510856628,0.003492646850645542,-6.404841899871826,0.5010586977005005,5.630058240058133e-06,0.5031536817550659,0.0020949840545654297,-4.734977722167969,0.7913599610328674,0.0033570011146366596,0.7516344785690308,0.03972548246383667,-1.6943669319152832,0.7346111536026001,0.08187456429004669,0.9970703125,0.2624591588973999,0.08832794427871704,0.004435024224221706,0.0,0.004435024224221706,7.202278356999159e-05,0.0,7.202278356999159e-05,0.0,1.0,-18.998552322387695,1785284713.3277423,37.58678865432739,1.7243099212646484,23940.103758615176,37.434800251224786,0.0,65.94,True,5.476089954376221
245,-0.001596603775396943,6.039119284650951e-07,-0.0014603869058191776,0.0108730997890234,3.6198612178850453e-06,0.010804248973727226,0.00015262853412423283,-11.570562362670898,0.8968708515167236,0.0023063819389790297,0.8932927250862122,0.5123295783996582,2.7501910153659992e-05,0.5132459402084351,0.003693603677675128,-6.430746078491211,0.5011200308799744,5.6666822274564765e-06,0.5032671689987183,0.0021471381187438965,-4.714733123779297,0.7657645344734192,0.0033594006672501564,0.7518587112426758,0.013905823230743408,-1.900277018547058,0.6530050039291382,0.06629034876823425,0.98291015625,0.3299051523208618,0.38299745321273804,0.014613411389291286,0.0,0.014613411389291286,0.00031023938208818436,0.0,0.00031023938208818436,0.0,1.0,-19.072526931762695,1785284713.4326427,37.691689014434814,1.8292102813720703,24038.261350473218,37.92145468964496,0.0,65.94,True,5.476089954376221
246,-0.0015986759681254625,6.07736069468956e-07,-0.001462348154745996,0.010877151042222977,3.6632634419220267e-06,0.010635575279593468,0.0002773880260065198,-11.554206848144531,0.8967310190200806,0.0023085239809006453,0.8933379650115967,0.5124133229255676,2.7856469387188554e-05,0.5102649927139282,0.004015985410660505,-6.356584548950195,0.5011506676673889,5.72124554309994e-06,0.5035011768341064,0.0023505091667175293,-4.633883476257324,0.7664597034454346,0.0033550108782947063,0.7519248723983765,0.014534831047058105,-1.8982272148132324,0.6462266445159912,0.06443234533071518,0.994140625,0.3479139804840088,0.4871806502342224,0.01540579367429018,0.0,0.01540579367429018,0.00033745396649464965,0.0,0.00033745396649464965,0.0,1.0,-18.956417083740234,1785284713.526998,37.78604435920715,1.9235656261444092,24136.302832483238,38.51229232508662,0.0,65.94,True,5.476089954376221
247,-0.0015918777789920568,6.088983468544029e-07,-0.0015231837751343846,0.010867645964026451,3.6654378163802903e-06,0.01099464576691389,0.000144387740874663,-11.570137023925781,0.8959245681762695,0.002303128130733967,0.8933814167976379,0.512327253818512,2.788779602269642e-05,0.5083985924720764,0.004679956939071417,-6.164400100708008,0.5011347532272339,5.7391825976083055e-06,0.5035842061042786,0.0024494528770446777,-4.592451095581055,0.7677186727523804,0.003339177928864956,0.7497859597206116,0.0179327130317688,-1.883923888206482,0.6468642950057983,0.0641893595457077,0.97705078125,0.33018648624420166,0.3952100872993469,0.016044631600379944,0.0,0.016044631600379944,0.00034694900386966765,0.0,0.00034694900386966765,0.0,0.0,-18.797882080078125,1785284713.6318371,37.890883445739746,2.028404712677002,24234.185779489595,39.0111593975934,0.0,65.94,True,5.476089954376221
248,-0.0015637064352631569,6.161330929899123e-07,-0.0014888470759615302,0.010852482169866562,3.674673507703119e-06,0.010658850893378258,0.00020759814651682973,-11.559398651123047,0.8943629264831543,0.002324627013877034,0.8934301733970642,0.5121986269950867,2.884423520299606e-05,0.5111483335494995,0.0014046867145225406,-6.401711463928223,0.501186192035675,5.9682865867216606e-06,0.5033515691757202,0.002165377140045166,-4.70277214050293,0.7574834823608398,0.0034889308735728264,0.7477113604545593,0.009772121906280518,-1.896456003189087,0.6344865560531616,0.06553862243890762,0.9931640625,0.3586775064468384,0.5378594994544983,0.018946994096040726,0.0,0.018946994096040726,0.0004230612248647958,0.0,0.0004230612248647958,0.0,0.0,-19.032154083251953,1785284713.7269316,37.9859778881073,2.1234991550445557,24332.302998499126,39.65267588225534,0.0,65.94,True,5.476089954376221
249,-0.0015511175151914358,6.098570111134904e-07,-0.001484702923335135,0.01085207425057888,3.624439386840095e-06,0.010592307895421982,0.0002681220939848572,-11.568123817443848,0.8938902616500854,0.00231232144869864,0.8934462666511536,0.5121552348136902,2.907999987655785e-05,0.5115403532981873,0.000758426554966718,-6.413061141967773,0.5012077689170837,6.034073066985002e-06,0.503328263759613,0.002120494842529297,-4.717513084411621,0.7521229982376099,0.0035745427012443542,0.7471408843994141,0.004982113838195801,-1.8945484161376953,0.6295503973960876,0.06627680361270905,0.9482421875,0.31869179010391235,0.32819509506225586,0.02098887786269188,0.0,0.02098887786269188,0.00046832297812215984,0.0,0.00046832297812215984,0.0,0.0,-19.057329177856445,1785284713.8325188,38.09156513214111,2.229086399078369,24430.445392603262,40.08452796252503,0.0,65.94,True,5.476089954376221
250,-0.0016358972061425447,6.424945127037063e-07,-0.0014859855873510242,0.010928923264145851,4.035013262182474e-06,0.010509863495826721,0.0004450669512152672,-11.462076187133789,0.8891409635543823,0.0023443358950316906,0.8934450149536133,0.5143808722496033,3.7464262277353555e-05,0.511497437953949,0.005180642008781433,-6.171148777008057,0.5022860765457153,7.451385499734897e-06,0.5034628510475159,0.0011767745018005371,-4.89169454574585,0.7164934277534485,0.003839019453153014,0.7477562427520752,0.03126281499862671,-1.7350372076034546,0.5921686887741089,0.051312241703271866,0.93017578125,0.3380070924758911,0.5472959280014038,0.05732334032654762,0.0,0.05732334032654762,0.001292443834245205,0.0,0.001292443834245205,0.0,0.0,-18.84484100341797,1785284713.9261441,38.18519043922424,2.322711706161499,24528.37529853296,40.73548087573387,0.0,65.94,True,5.476089954376221
251,-0.001617268193513155,6.273263579714694e-07,-0.0015256835613399744,0.010910495184361935,3.935300355806248e-06,0.010687878355383873,0.0002407197462162003,-11.512802124023438,0.8890401124954224,0.002330285031348467,0.8934395909309387,0.5141962170600891,3.6642246413975954e-05,0.5114618539810181,0.005179976113140583,-6.19398307800293,0.502181887626648,7.3006399361474905e-06,0.5034829378128052,0.0013010501861572266,-4.878905296325684,0.7150585055351257,0.0038063956890255213,0.7464917898178101,0.031433284282684326,-1.736809492111206,0.5846925973892212,0.049966081976890564,0.89892578125,0.3142331838607788,0.4088283181190491,0.058550428599119186,0.0,0.058550428599119186,0.0013364339247345924,0.0,0.0013364339247345924,0.0,0.0,-18.907442092895508,1785284714.0321798,38.29122614860535,2.4287474155426025,24626.367805552134,41.247966179060356,0.0,65.94,True,5.476089954376221
252,-0.0016066802199929953,6.083520247557317e-07,-0.001551836496219039,0.010894499719142914,3.819320227194112e-06,0.010930655524134636,6.568923708982766e-05,-11.553455352783203,0.8893371820449829,0.002316269790753722,0.8934428691864014,0.5140122175216675,3.5340821341378614e-05,0.5113564729690552,0.004889748990535736,-6.217833518981934,0.5020727515220642,7.051460670481902e-06,0.5034155249595642,0.0013427734375,-4.884350776672363,0.7162789106369019,0.003733663819730282,0.7395355701446533,0.023256659507751465,-1.8038123846054077,0.5771341919898987,0.04813529551029205,0.96435546875,0.3872212767601013,0.9595569372177124,0.05963585898280144,0.0,0.05963585898280144,0.0013714866945520043,0.0,0.0013714866945520043,0.0,0.0,-18.96989631652832,1785284714.136767,38.39581322669983,2.533334493637085,24724.42276679494,42.311180101485505,0.0,65.94,True,5.476089954376221
253,-0.0015869603957980871,5.932189424129319e-07,-0.0015237417537719011,0.01087295450270176,3.6892868138238555e-06,0.010591366328299046,0.00028859745361842215,-11.571898460388184,0.8892312049865723,0.0022996917832642794,0.8933696746826172,0.5138694047927856,3.436507540754974e-05,0.5112539529800415,0.004895663354545832,-6.235595703125,0.5019765496253967,6.9161496867309324e-06,0.5033711791038513,0.0013946294784545898,-4.881274700164795,0.7114218473434448,0.0037677595391869545,0.7201625108718872,0.008740663528442383,-1.8615604639053345,0.5785114765167236,0.048368386924266815,0.94189453125,0.36338305473327637,0.7695002555847168,0.0599307119846344,0.0,0.0599307119846344,0.0013506447430700064,0.0,0.0013506447430700064,0.0,0.0,-19.001012802124023,1785284714.2308335,38.489879846572876,2.627401113510132,24822.508844523345,43.18433734227766,0.0,65.94,True,5.476089954376221
254,-0.0015665057580918074,5.678307388734538e-07,-0.0015526491915807128,0.01081397756934166,3.497155375953298e-06,0.010694557800889015,0.00012022098962916061,-11.632415771484375,0.887450098991394,0.0022847827058285475,0.8930894732475281,0.5136566758155823,3.2744661439210176e-05,0.5111478567123413,0.006172253750264645,-6.263180732727051,0.5017621517181396,6.778408987884177e-06,0.5033678412437439,0.001605689525604248,-4.8417649269104,0.6997117400169373,0.003839183831587434,0.7048395872116089,0.005127847194671631,-1.8588848114013672,0.5808089971542358,0.05061691626906395,0.9052734375,0.32446444034576416,0.4671443700790405,0.06052089110016823,0.0,0.06052089110016823,0.0013424641219899058,0.0,0.0013424641219899058,0.0,0.0,-19.0638427734375,1785284714.3352938,38.594340085983276,2.7318613529205322,24920.657752223062,43.755138697564135,0.0,65.94,True,5.476089954376221
255,-0.0015608128160238266,5.461015462060459e-07,-0.001538761775009334,0.01077280007302761,3.3508758860989474e-06,0.010493242181837559,0.0002804262039717287,-11.66339111328125,0.8866509199142456,0.002280960790812969,0.8922845721244812,0.513526439666748,3.126761657767929e-05,0.5108736753463745,0.00622697314247489,-6.27067756652832,0.5016065239906311,6.57993450658978e-06,0.5033085942268372,0.0017020702362060547,-4.826662063598633,0.693179726600647,0.0038392276037484407,0.6694994568824768,0.023680269718170166,-1.789273977279663,0.5744848251342773,0.05013439059257507,0.9853515625,0.41086673736572266,1.106003999710083,0.061611391603946686,0.0,0.061611391603946686,0.001400646986439824,0.0,0.001400646986439824,0.0,0.0,-19.093265533447266,1785284714.4306638,38.68971014022827,2.8272314071655273,25018.83608268279,44.964799682481654,0.0,65.94,True,5.476089954376221
256,-0.0015403830911964178,5.396567530624452e-07,-0.0015579290920868516,0.010735291987657547,3.262246991653228e-06,0.010516843758523464,0.0002191517414757982,-11.687237739562988,0.8843108415603638,0.0022712992504239082,0.8914685845375061,0.513512134552002,3.190186544088647e-05,0.5106161832809448,0.007721387315541506,-6.239526748657227,0.5014840364456177,6.777511771360878e-06,0.5030628442764282,0.0015788078308105469,-4.848121643066406,0.6752253770828247,0.004078567493706942,0.6387314796447754,0.036493897438049316,-1.668797492980957,0.5662716627120972,0.048564087599515915,0.9990234375,0.43275177478790283,1.3346160650253296,0.060383643954992294,0.0,0.060383643954992294,0.001465466571971774,0.0,0.001465466571971774,0.0,0.0,-19.102920532226562,1785284714.5364628,38.79550909996033,2.933030366897583,25117.024068141294,46.40307273271442,0.0,65.94,True,5.476089954376221
257,-0.0016002373304218054,7.117982931958977e-07,-0.0010661686537787318,0.01091251615434885,4.444726982910652e-06,0.007063253317028284,0.0038861362263560295,-9.534608840942383,0.8828624486923218,0.002493105595931411,0.889687716960907,0.5135077238082886,4.416508090798743e-05,0.5104010105133057,0.007499063387513161,-6.054413318634033,0.5018984079360962,8.661734682391398e-06,0.5028757452964783,0.00097733736038208,-4.854220390319824,0.6665943264961243,0.0046380991116166115,0.6103683710098267,0.05622595548629761,-1.4269835948944092,0.547274112701416,0.03893011063337326,0.9951171875,0.447843074798584,1.871886968612671,0.055581629276275635,0.0,0.055581629276275635,0.001500475686043501,0.0,0.001500475686043501,0.0,0.0,-16.80525016784668,1785284714.6320157,38.89106202125549,3.028583288192749,25212.91438323542,48.37861668653453,0.0,65.94,True,5.476089954376221
258,-0.0015909918583929539,6.771522294002352e-07,-0.0019099266501143575,0.010861343704164028,4.199904196866555e-06,0.012612178921699524,0.0017796469619497657,-11.014984130859375,0.8813377618789673,0.0024661479983478785,0.8883443474769592,0.5130496621131897,4.197865564492531e-05,0.5102901458740234,0.007530416361987591,-6.103193283081055,0.5014806985855103,8.407874702243134e-06,0.5026721954345703,0.0011914968490600586,-4.839807987213135,0.6520395874977112,0.004735108464956284,0.5804257988929749,0.07161378860473633,-1.2158933877944946,0.5459070205688477,0.039322491735219955,0.9951171875,0.44921016693115234,1.8667908906936646,0.05338261276483536,0.0,0.05338261276483536,0.0014388764975592494,0.0,0.0014388764975592494,0.0,0.0,-18.31744384765625,1785284714.7368991,38.9959454536438,3.1334667205810547,25310.316892009356,50.34906456243563,0.0,65.94,True,5.476089954376221
259,-0.0015892584342509508,6.488184567388089e-07,-0.0018948960350826383,0.010820812545716763,4.01603028876707e-06,0.01252315565943718,0.0017295625293627381,-11.065998077392578,0.8801270723342896,0.002445923164486885,0.8844916224479675,0.5125999450683594,4.029318006359972e-05,0.5095559358596802,0.00532121118158102,-6.109577178955078,0.5010203123092651,8.21127378003439e-06,0.5022515654563904,0.0012312531471252441,-4.843751430511475,0.6375834941864014,0.004859063774347305,0.5399803519248962,0.09760314226150513,-0.7642477750778198,0.5414990186691284,0.038360998034477234,0.9931640625,0.4516650438308716,1.9475492238998413,0.05009393021464348,0.0,0.05009393021464348,0.0013472139835357666,0.0,0.0013472139835357666,0.0,0.0,-18.37553596496582,1785284714.8412755,39.100321769714355,3.2378430366516113,25407.7774929006,52.40027077154291,0.0,65.94,True,5.476089954376221
260,-0.0015930060762912035,6.382131800819479e-07,-0.0015478904824703932,0.010784575715661049,3.938026111427462e-06,0.010295731946825981,0.0004909212002530694,-11.484899520874023,0.8750454187393188,0.0024468949995934963,0.8791918754577637,0.5113338828086853,4.185923171462491e-05,0.5092512369155884,0.004640099126845598,-6.153866767883301,0.5003039836883545,8.567988516006153e-06,0.5022644400596619,0.001960456371307373,-4.690512657165527,0.6219766139984131,0.005304758436977863,0.4974733889102936,0.1245032250881195,-0.239585280418396,0.5175119638442993,0.03385685384273529,0.91845703125,0.4009450674057007,1.600199580192566,0.04917505010962486,0.0,0.04917505010962486,0.0014517514500766993,0.0,0.0014517514500766993,0.0,0.0,-18.753250122070312,1785284714.935339,39.194385290145874,3.33190655708313,25505.61580794895,54.10412733694291,0.0,65.94,True,5.476089954376221
261,-0.0015950279776006937,6.292532930274319e-07,-0.001583801698870957,0.01073285099118948,3.912222382496111e-06,0.010395733639597893,0.00033730422728694975,-11.512565612792969,0.8695893287658691,0.002446760656312108,0.8739061951637268,0.5107614994049072,4.3520849430933595e-05,0.5091789960861206,0.004597787745296955,-6.157174110412598,0.49978628754615784,8.948381037043873e-06,0.5022882223129272,0.002501934766769409,-4.543314456939697,0.6134470701217651,0.005665167700499296,0.46664127707481384,0.1468057930469513,0.2343740463256836,0.4905906617641449,0.030080953612923622,0.98828125,0.4976905882358551,3.2841625213623047,0.045697156339883804,0.0,0.045697156339883804,0.0015126013895496726,0.0,0.0015126013895496726,0.0,0.0,-18.709962844848633,1785284715.0338058,39.29285216331482,3.430373430252075,25603.41083572008,57.49194684351265,0.0,65.94,True,5.476089954376221
262,-0.001589314779266715,6.155368623694812e-07,-0.0013636199291795492,0.010689835995435715,3.807781695286394e-06,0.008904905058443546,0.0017991432687267661,-11.092012405395508,0.8660116195678711,0.0024240482598543167,0.8674594759941101,0.510279655456543,4.327779242885299e-05,0.5089541077613831,0.0019629988819360733,-6.176484107971191,0.49942678213119507,8.93147625902202e-06,0.5022062063217163,0.0027794241905212402,-4.461555480957031,0.6065645217895508,0.0058683729730546474,0.45568427443504333,0.15088024735450745,0.2894713878631592,0.4785981774330139,0.02800350822508335,0.98828125,0.5096830725669861,3.769516706466675,0.04003841429948807,0.0,0.04003841429948807,0.0014202204765751958,0.0,0.0014202204765751958,0.0,0.0,-18.26397705078125,1785284715.1392508,39.39829707145691,3.535818338394165,25700.75987769714,61.36512053518676,0.0,65.94,True,5.476089954376221
263,-0.0015867778565734625,5.966199410067929e-07,-0.0015643134247511625,0.010628752410411835,3.6857236409559846e-06,0.01022247038781643,0.00040690263267606497,-11.560821533203125,0.8617973327636719,0.0023859653156250715,0.8571060299873352,0.5098742246627808,4.277522748452611e-05,0.5085008144378662,0.004888208117336035,-6.184313774108887,0.4991178512573242,8.911036275094375e-06,0.5019177794456482,0.0027999281883239746,-4.455289840698242,0.6029611825942993,0.005996295250952244,0.4396527111530304,0.16330847144126892,0.5844763517379761,0.4662638008594513,0.026495421305298805,0.9931640625,0.5269002914428711,4.342638969421387,0.03600924834609032,0.0,0.03600924834609032,0.001374703599140048,0.0,0.001374703599140048,0.0,0.0,-18.735916137695312,1785284715.2331138,39.4921600818634,3.629681348800659,25798.580858761114,65.81141648981558,0.0,65.94,True,5.476089954376221
264,-0.0015855641104280949,5.793996251668432e-07,-0.0016023280331864953,0.01057063415646553,3.5778698475041892e-06,0.010368033312261105,0.00020329320977907628,-11.607151985168457,0.8574408292770386,0.00234592636115849,0.8487279415130615,0.5096204876899719,4.3151008867425844e-05,0.5084315538406372,0.008793633431196213,-6.1825032234191895,0.49888336658477783,9.047121238836553e-06,0.5018584132194519,0.0029750466346740723,-4.3984375,0.6016947627067566,0.006146697327494621,0.4158470928668976,0.185847669839859,1.1826049089431763,0.45197594165802,0.024530543014407158,0.966796875,0.51482093334198,4.467277526855469,0.0331108458340168,0.0,0.0331108458340168,0.0013699672417715192,0.0,0.0013699672417715192,0.0,0.0,-18.75237274169922,1785284715.3382576,39.59730386734009,3.7348251342773438,25896.418296429092,70.38235100187849,0.0,65.94,True,5.476089954376221
265,-0.0016272913198918104,5.61377021313092e-07,-0.001548465108498931,0.01036002766340971,3.422768259042641e-06,0.009981468319892883,0.0003866791375912726,-11.62462043762207,0.8404973745346069,0.002181036863476038,0.8418700098991394,0.5056471824645996,5.4373012972064316e-05,0.508162260055542,0.00286526489071548,-6.0773210525512695,0.49727025628089905,1.174635053757811e-05,0.5017787218093872,0.004508465528488159,-3.891829252243042,0.6018316149711609,0.008622034452855587,0.40291252732276917,0.19891908764839172,0.836854100227356,0.4259692430496216,0.022504854947328568,0.9921875,0.5662182569503784,6.14490270614624,0.028726989403367043,0.0,0.028726989403367043,0.0013974353205412626,0.0,0.0013974353205412626,0.0,0.0,-18.432392120361328,1785284715.4348102,39.69385647773743,3.8313777446746826,25993.935753475733,76.63091069323217,0.0,65.94,True,5.476089954376221
266,-0.0016255893278867006,5.327117946762883e-07,-0.0014959446853026748,0.01025008037686348,3.2220159482676536e-06,0.009541741572320461,0.0007201052503660321,-11.613880157470703,0.8348140716552734,0.002094465773552656,0.8289791941642761,0.5053299069404602,5.3701416618423536e-05,0.5078933238983154,0.006373139098286629,-6.093077659606934,0.49725139141082764,1.177093326987233e-05,0.50150066614151,0.004249274730682373,-3.989011764526367,0.583148717880249,0.008978808298707008,0.39745980501174927,0.18568891286849976,0.4825916290283203,0.42165711522102356,0.021427489817142487,0.96044921875,0.5387921333312988,5.771336078643799,0.02486833930015564,0.0,0.02486833930015564,0.001185778877697885,0.0,0.001185778877697885,0.0,0.0,-18.48284912109375,1785284715.5310998,39.79014611244202,3.9276673793792725,26091.503667523106,82.5059037570834,0.0,65.94,True,5.476089954376221
267,-0.001607632264494896,5.062594823357358e-07,-0.0012650765711441636,0.010151617228984833,3.0493335998471593e-06,0.00810672715306282,0.0020733836572617292,-10.958976745605469,0.8290566205978394,0.0020210312213748693,0.8135735392570496,0.5048765540122986,5.403516479418613e-05,0.5075255632400513,0.015708057209849358,-6.05289363861084,0.4971327483654022,1.1998092304565944e-05,0.5013103485107422,0.004177600145339966,-4.019145965576172,0.5748261213302612,0.009235582314431667,0.4037465453147888,0.1710795760154724,0.16112864017486572,0.41144388914108276,0.01970444805920124,0.9697265625,0.5582826733589172,6.864345550537109,0.022230584174394608,0.0,0.022230584174394608,0.00110588688403368,0.0,0.00110588688403368,0.0,0.0,-17.81086540222168,1785284715.625048,39.88409423828125,4.021615505218506,26188.399597851607,89.47390629282795,0.0,65.94,True,5.476089954376221
268,-0.001570908585563302,4.7632556743337773e-07,-0.0020679780282080173,0.010033797472715378,2.8291474336583633e-06,0.013109100982546806,0.003115215804427862,-9.897675514221191,0.822948694229126,0.0019405016209930182,0.8008484840393066,0.5044848918914795,5.259461249806918e-05,0.507355809211731,0.022285902872681618,-6.006771087646484,0.49706074595451355,1.1882962098752614e-05,0.5011906027793884,0.004129856824874878,-4.033609390258789,0.5645725727081299,0.009269274771213531,0.4160943329334259,0.14847823977470398,-0.23240041732788086,0.407120019197464,0.018521972000598907,0.9951171875,0.5879971981048584,8.257798194885254,0.01936856471002102,0.0,0.01936856471002102,0.0009824514854699373,0.0,0.0009824514854699373,0.0,0.0,-16.719898223876953,1785284715.729832,39.98887825012207,4.126399517059326,26284.204561001763,97.83536147292064,0.0,65.94,True,5.476089954376221
269,-0.0015311255119740963,4.4841840463050175e-07,-0.0015020749997347593,0.009906146675348282,2.6170118871959858e-06,0.009513230063021183,0.0003939890884794295,-11.867194175720215,0.8165593147277832,0.0018673096783459187,0.7904950976371765,0.5044951438903809,5.114704981679097e-05,0.507145881652832,0.02619866095483303,-5.993561267852783,0.49717977643013,1.1795398677350022e-05,0.5009866952896118,0.0038069188594818115,-4.140627861022949,0.5576927661895752,0.00931305531412363,0.4357064366340637,0.12198632955551147,-0.6203163862228394,0.4071582853794098,0.01771659590303898,0.3290331959724426,0.07812508940696716,-0.9254337549209595,0.01678447425365448,0.0,0.01678447425365448,0.0008518260437995195,0.0,0.0008518260437995195,0.0,0.0,-18.732357025146484,1785284715.834353,40.09339928627014,4.2309205532073975,26382.02198295319,97.01358470320712,0.0,65.94,True,5.476089954376221
270,-0.0015935618430376053,4.094949019872729e-07,-0.0014597466215491295,0.009925959631800652,2.5061808628379367e-06,0.009325921535491943,0.0006147781969048083,-11.870973587036133,0.8190120458602905,0.0018444359302520752,0.7816669344902039,0.5049800872802734,4.779958544531837e-05,0.5067151784896851,0.03738539665937424,-5.874597549438477,0.4972507357597351,1.1046573490602896e-05,0.5008131265640259,0.0035623908042907715,-4.21334171295166,0.6105799674987793,0.008623600006103516,0.4463346004486084,0.1642453670501709,0.10642361640930176,0.3451455533504486,0.012724700383841991,0.3290331959724426,0.01611235737800598,-1.2529655694961548,0.02312415838241577,0.0,0.02312415838241577,0.0013461052440106869,0.0,0.0013461052440106869,0.0,0.0,-18.677322387695312,1785284715.9291267,40.188173055648804,4.32569432258606,26479.784370267163,95.8642761189184,0.0,65.94,True,5.476089954376221
271,-0.0016507043037563562,4.240089026552596e-07,-0.0014495585346594453,0.010013764724135399,2.6205195808870485e-06,0.009208439849317074,0.000830064935144037,-11.75349235534668,0.820041298866272,0.0018763168482109904,0.7754387259483337,0.5047578811645508,4.830754915019497e-05,0.5065405368804932,0.04463818296790123,-5.707283020019531,0.4971529543399811,1.0873935025301762e-05,0.5008196830749512,0.0036667287349700928,-4.177415370941162,0.6500558853149414,0.008816195651888847,0.41729816794395447,0.23275771737098694,1.6258920431137085,0.31896620988845825,0.009916546754539013,0.33000001311302185,0.011033803224563599,-1.3816983699798584,0.023809442296624184,0.0,0.023809442296624184,0.0015106572536751628,0.0,0.0015106572536751628,0.0,0.0,-18.40802574157715,1785284716.035998,40.29504442214966,4.432565689086914,26577.27746093502,94.58623473414598,0.0,65.94,True,5.476089954376221
272,-0.001651417464017868,4.226426995046495e-07,-0.0012566191144287586,0.010004904121160507,2.5658564482000656e-06,0.007993760518729687,0.0020495278295129538,-10.964529991149902,0.818240761756897,0.001867978717200458,0.7692797183990479,0.504875898361206,4.673532384913415e-05,0.5066132545471191,0.048991858959198,-5.615133285522461,0.4973714351654053,1.041490031639114e-05,0.5008196830749512,0.0034482479095458984,-4.246361255645752,0.6706499457359314,0.009277628734707832,0.5262770652770996,0.1443728804588318,-0.2978140115737915,0.310550332069397,0.008475842885673046,0.33000001311302185,0.019449681043624878,-1.444013237953186,0.02134794183075428,0.0,0.02134794183075428,0.0014010219601914287,0.0,0.0014010219601914287,0.0,1.0,-17.579816818237305,1785284716.130989,40.39003539085388,4.527556657791138,26673.942342679537,93.24587848140023,0.0,65.94,True,5.476089954376221
273,-0.0016634378116577864,3.8678621194776497e-07,-0.0014449285808950663,0.009954188019037247,2.2810938844486373e-06,0.009122773073613644,0.0008596493862569332,-11.827008247375488,0.8198115825653076,0.0018059075810015202,0.7607747912406921,0.5067590475082397,3.998941610916518e-05,0.5062742829322815,0.05903878062963486,-5.415994644165039,0.4989003539085388,8.945074114308227e-06,0.5008288025856018,0.0019284486770629883,-4.685390472412109,0.6535216569900513,0.008655741810798645,0.6199612021446228,0.03356045484542847,-1.3907665014266968,0.3212125301361084,0.008238239213824272,0.33000001311302185,0.008787482976913452,-1.4758591651916504,0.019032159820199013,0.0,0.019032159820199013,0.001215837779454887,0.0,0.001215837779454887,0.0,1.0,-18.502498626708984,1785284716.235482,40.49452829360962,4.632049560546875,26771.529906232525,91.87367630141601,0.0,65.94,True,5.476089954376221
274,-0.0016691235359758139,3.6119462265560287e-07,-0.0014606778277084231,0.009953418746590614,2.038210823229747e-06,0.009158389642834663,0.000821900786831975,-11.915563583374023,0.8237830400466919,0.001763789914548397,0.7610263824462891,0.5085513591766357,3.210723662050441e-05,0.5064824819564819,0.06279075145721436,-5.322368144989014,0.49991950392723083,7.2959137469297275e-06,0.5007239580154419,0.0008044540882110596,-4.950809478759766,0.6591081619262695,0.0077520012855529785,0.5161740779876709,0.14293408393859863,-0.19322943687438965,0.34313368797302246,0.008488353341817856,0.33000001311302185,0.01313367486000061,-1.4554309844970703,0.017392583191394806,0.0,0.017392583191394806,0.0008703172206878662,0.0,0.0008703172206878662,0.0,1.0,-18.648862838745117,1785284716.3304539,40.589500188827515,4.7270214557647705,26869.26383399755,90.52190230212638,0.0,65.94,True,5.476089954376221
275,-0.0016815413255244493,3.641834211975947e-07,-0.0014105322770774364,0.009966542944312096,1.9336366676725447e-06,0.008978696539998055,0.001024346798658371,-11.799811363220215,0.8248039484024048,0.0017559020780026913,0.7581916451454163,0.5093724131584167,2.8120002752984874e-05,0.5062309503555298,0.06668633967638016,-5.135037422180176,0.5002865195274353,6.281157311605057e-06,0.5003893971443176,0.00010287761688232422,-5.069197177886963,0.6578933596611023,0.007339260540902615,0.44758471846580505,0.21030864119529724,1.4749072790145874,0.3724297285079956,0.008888465352356434,0.33000001311302185,0.042429715394973755,-1.3412914276123047,0.015138320624828339,0.0,0.015138320624828339,0.0005857247160747647,0.0,0.0005857247160747647,0.0,1.0,-18.442440032958984,1785284716.434844,40.69389033317566,4.831411600112915,26966.791338956788,89.28426785972151,0.0,65.94,True,5.476089954376221
276,-0.001673584571108222,3.524159524204151e-07,-0.0013947335537523031,0.00987311638891697,1.7148623783214134e-06,0.008773981593549252,0.0011339555494487286,-11.766874313354492,0.8208016157150269,0.001691579120233655,0.7502159476280212,0.5097574591636658,2.4316843337146565e-05,0.5062395334243774,0.07067327946424484,-4.9381818771362305,0.500488817691803,5.398319444793742e-06,0.5004815459251404,7.271766662597656e-06,-5.145768165588379,0.6364291906356812,0.006294977385550737,0.4008040428161621,0.23562514781951904,2.794739246368408,0.4201216697692871,0.009821711108088493,0.33000001311302185,0.09012165665626526,-0.9791741371154785,0.011891315691173077,0.0,0.011891315691173077,0.00032844144152477384,0.0,0.00032844144152477384,0.0,1.0,-18.29030418395996,1785284716.5297964,40.78884267807007,4.926363945007324,27064.166708067027,88.40875070781347,0.0,65.94,True,5.476089954376221
277,-0.0016606731805950403,3.3189866144311964e-07,-0.0009323040721938014,0.009733878076076508,1.4686913800687762e-06,0.005896631628274918,0.0039057626854628325,-6.524906158447266,0.815017580986023,0.0016027216333895922,0.7427212595939636,0.5094407200813293,2.1041940271970816e-05,0.5063756108283997,0.07236126810312271,-4.910815238952637,0.5005396604537964,4.672772320191143e-06,0.5005769729614258,3.731250762939453e-05,-5.217791557312012,0.6070413589477539,0.004751252941787243,0.3675093650817871,0.2395319938659668,4.2822065353393555,0.47264978289604187,0.00986605603247881,0.3296777307987213,0.14297205209732056,-0.3544631004333496,0.009035986848175526,0.0,0.009035986848175526,0.0001900161150842905,0.0,0.0001900161150842905,0.0,1.0,-13.062454223632812,1785284716.638691,40.89773726463318,5.035258531570435,27156.31422721694,88.15794459258755,0.0,65.94,True,5.476089954376221
278,-0.0016187240835279226,3.1574128911415755e-07,-0.001908332807943225,0.009625809267163277,1.3300416412675986e-06,0.012054389342665672,0.002445787191390991,-10.061400413513184,0.8098466396331787,0.0015594229334965348,0.731593132019043,0.5092571973800659,2.0340850824140944e-05,0.506411075592041,0.07830524444580078,-4.6327433586120605,0.5003743171691895,4.582582278089831e-06,0.5004733800888062,9.906291961669922e-05,-5.226614952087402,0.5884220004081726,0.004521948751062155,0.3391851782798767,0.2492368221282959,5.088140964508057,0.47958794236183167,0.00917737279087305,0.33000001311302185,0.14958792924880981,-0.20745348930358887,0.007002240512520075,0.0,0.007002240512520075,0.0001432902063243091,0.0,0.0001432902063243091,0.0,1.0,-16.380903244018555,1785284716.73412,40.99316620826721,5.130687475204468,27251.780195387237,88.0541480884914,0.0,65.94,True,5.476089954376221
279,-0.0015482620801776648,2.9123583544787834e-07,-0.001361803850159049,0.009432438760995865,1.145920691669744e-06,0.008609697222709656,0.0008436055504716933,-12.17129898071289,0.7997105121612549,0.0014870560262352228,0.7164497375488281,0.5091251730918884,1.9720511772902682e-05,0.5064282417297363,0.08330444246530533,-4.3192138671875,0.5000883340835571,4.575027105602203e-06,0.5004074573516846,0.0003191232681274414,-5.217380523681641,0.5583391189575195,0.00431277509778738,0.3306029438972473,0.22773617506027222,4.208658695220947,0.4984501302242279,0.008852310478687286,0.33000001311302185,0.16845011711120605,0.15811383724212646,0.006118360441178083,0.0,0.006118360441178083,0.00011706147051881999,0.0,0.00011706147051881999,0.0,3.0,-18.23535919189453,1785284716.8399374,41.09898376464844,5.236505031585693,27349.10061950541,88.31591891094097,0.0,65.94,True,5.476089954376221
280,-0.00140473828651011,2.525158322441712e-07,-0.0013234821381047368,0.009166620671749115,9.036144774654531e-07,0.00830001663416624,0.0008704051142558455,-12.287822723388672,0.7852522134780884,0.0013839199673384428,0.7052831053733826,0.5082253813743591,1.9216644432162866e-05,0.506335973739624,0.0799914225935936,-4.480035781860352,0.4992503523826599,4.5222391236166e-06,0.500418484210968,0.0011681318283081055,-5.083444118499756,0.538508415222168,0.004362945444881916,0.3295392394065857,0.20896917581558228,3.2060651779174805,0.5174911022186279,0.010743935592472553,0.33000001311302185,0.18749108910560608,0.2881734371185303,0.005104911047965288,0.0,0.005104911047965288,0.00010514623863855377,0.0,0.00010514623863855377,0.0,2.0,-18.413572311401367,1785284716.9343994,41.193445682525635,5.330966949462891,27446.59925674309,88.70774933326693,0.0,65.94,True,5.476089954376221
281,-0.0013374504633247852,2.3479648803004238e-07,-0.0013357610441744328,0.008995341137051582,7.930454444249335e-07,0.008342321962118149,0.0006530213286168873,-12.549223899841309,0.776142954826355,0.0013186795404180884,0.6919388771057129,0.5072140693664551,1.9420798707869835e-05,0.5058836936950684,0.08421459048986435,-4.168281555175781,0.4986821413040161,4.608887593349209e-06,0.5003321170806885,0.0016499757766723633,-4.929478645324707,0.5226404666900635,0.0043759639374911785,0.3315715491771698,0.19106891751289368,2.3744711875915527,0.5251661539077759,0.011746575124561787,0.33000001311302185,0.19516614079475403,0.3181579113006592,0.004992705304175615,0.0,0.004992705304175615,9.948828665073961e-05,0.0,9.948828665073961e-05,0.0,3.0,-18.348588943481445,1785284717.0418587,41.300904989242554,5.43842625617981,27544.032910612852,89.12956422977503,0.0,65.94,True,5.476089954376221
282,-0.001297525130212307,2.2921308584500366e-07,-0.0008650034433230758,0.008876301348209381,7.502562198169471e-07,0.005429478362202644,0.0034738541580736637,-4.5320868492126465,0.768539547920227,0.0012956751743331552,0.6767382621765137,0.5063630938529968,1.949771831277758e-05,0.5056166648864746,0.09180431813001633,-3.6426467895507812,0.49819833040237427,4.688773060479434e-06,0.5002086162567139,0.0020102858543395996,-4.785281658172607,0.5137773752212524,0.0042734527960419655,0.33680015802383423,0.1769772171974182,1.8558655977249146,0.5229235887527466,0.01197644229978323,0.33000001311302185,0.19292357563972473,0.260394811630249,0.0047554392367601395,0.0,0.0047554392367601395,9.552734991302714e-05,0.0,9.552734991302714e-05,0.0,2.0,-9.838845252990723,1785284717.1373496,41.39639592170715,5.533917188644409,27632.956820792122,89.49361602661271,0.0,65.94,True,5.476089954376221
283,-0.0012627711985260248,2.243505718979577e-07,-0.0015569275710731745,0.008753553964197636,7.074041263877007e-07,0.009725518524646759,0.0010155014460906386,-12.037407875061035,0.7604821920394897,0.0012608797987923026,0.6662794947624207,0.5055240988731384,1.9625122149591334e-05,0.5055785179138184,0.09420271217823029,-3.4003405570983887,0.49776628613471985,4.767072823597118e-06,0.5000895857810974,0.0023232996463775635,-4.641804218292236,0.5016419291496277,0.004123210441321135,0.3387117385864258,0.1629301905632019,1.3925005197525024,0.5285419225692749,0.012000672519207,0.33000001311302185,0.19854190945625305,0.34990406036376953,0.004656356293708086,0.0,0.004656356293708086,8.812072337605059e-05,0.0,8.812072337605059e-05,0.0,1.0,-17.078582763671875,1785284717.243014,41.502060413360596,5.639581680297852,27729.120468482073,89.94717707218392,0.0,65.94,True,5.476089954376221
284,-0.0012560945469886065,2.1477755751675431e-07,-0.001276058261282742,0.008611621335148811,6.629873041674728e-07,0.007939803414046764,0.0006721144891344011,-12.610898971557617,0.7520575523376465,0.0012086343485862017,0.6540959477424622,0.5059598684310913,1.9966626496170647e-05,0.5056005716323853,0.09796226769685745,-2.9587795734405518,0.4978248178958893,4.900860858469969e-06,0.5000847578048706,0.0022599399089813232,-4.673047065734863,0.4917210638523102,0.004022718407213688,0.34718039631843567,0.1445406675338745,0.7577918767929077,0.534959077835083,0.011650489643216133,0.33000001311302185,0.20495906472206116,0.4955871105194092,0.005249649751931429,0.0,0.005249649751931429,8.954919030657038e-05,0.0,8.954919030657038e-05,0.0,1.0,-17.31444549560547,1785284717.3387752,41.59782147407532,5.735342741012573,27825.519978903958,90.54642116791076,0.0,65.94,True,5.476089954376221
285,-0.0011765016242861748,1.98629777514725e-07,-0.0012194550363346934,0.008421999402344227,5.887078486921382e-07,0.007645076140761375,0.0007781097665429115,-12.533401489257812,0.7364850044250488,0.0011228108778595924,0.6405268311500549,0.5052294731140137,2.2616866772295907e-05,0.5055471062660217,0.09595870226621628,-2.803849220275879,0.4974958598613739,5.352422704163473e-06,0.4999525547027588,0.0024566948413848877,-4.586246013641357,0.4967741072177887,0.004857171326875687,0.34887123107910156,0.14790287613868713,0.5071407556533813,0.4335632026195526,0.009942375123500824,0.33000001311302185,0.10356318950653076,-0.8471614122390747,0.01025969348847866,0.0,0.01025969348847866,0.00041746278293430805,0.0,0.00041746278293430805,0.0,2.0,-17.069602966308594,1785284717.4426553,41.701701641082764,5.8392229080200195,27921.674646796546,89.80291674087913,0.0,65.94,True,5.476089954376221
286,-0.0011273629497736692,2.0477925488648907e-07,-0.0011881107930094004,0.008316611871123314,5.864296781510348e-07,0.007418124470859766,0.0009005386382341385,-12.340084075927734,0.7281472682952881,0.0011255656136199832,0.6315209269523621,0.5043508410453796,2.3219807189889252e-05,0.5054807662963867,0.0966329425573349,-2.717081069946289,0.497173935174942,5.523538675333839e-06,0.49988943338394165,0.002715498208999634,-4.466806888580322,0.4896600842475891,0.004780649207532406,0.35630691051483154,0.13335317373275757,0.10725009441375732,0.43023040890693665,0.010102162137627602,0.33000001311302185,0.1002303957939148,-0.8813376426696777,0.011093252338469028,0.0,0.011093252338469028,0.0005051695043221116,0.0,0.0005051695043221116,0.0,1.0,-16.74715232849121,1785284717.5473678,41.80641412734985,5.943935394287109,28017.506864051316,89.02523608341689,0.0,65.94,True,5.476089954376221
287,-0.0011303089559078217,1.9777561988121306e-07,-0.001236376934684813,0.008192194625735283,5.53662289348722e-07,0.007653529290109873,0.0005490088951773942,-12.79306411743164,0.7203773856163025,0.0010730036301538348,0.6212013363838196,0.505028247833252,2.370551010244526e-05,0.5055372714996338,0.09917735308408737,-2.3168625831604004,0.4974605441093445,5.668975063599646e-06,0.49984127283096313,0.0023807287216186523,-4.621410369873047,0.4886588752269745,0.004653842654079199,0.3630250096321106,0.1256338655948639,-0.07030355930328369,0.42969760298728943,0.010146096348762512,0.33000001311302185,0.09969758987426758,-0.8865703344345093,0.013629858382046223,0.0,0.013629858382046223,0.0006324294954538345,0.0,0.0006324294954538345,0.0,1.0,-16.957260131835938,1785284717.631151,41.89019727706909,6.027718544006348,28113.54918910943,88.24232273418981,0.0,65.94,True,5.476089954376221
288,-0.0011145591270178556,1.9867097478254436e-07,-0.0011705872602760792,0.008073768578469753,5.410501557889802e-07,0.0073052579537034035,0.0007705502794124186,-12.539109230041504,0.7117183208465576,0.0010476848110556602,0.6115593314170837,0.5053239464759827,2.4423334252787754e-05,0.5051465630531311,0.10015914589166641,-2.1144356727600098,0.49760329723358154,5.836395303049358e-06,0.4996519982814789,0.002048701047897339,-4.747190952301025,0.4843788146972656,0.004611338954418898,0.365997314453125,0.11838150024414062,-0.25114524364471436,0.4291215240955353,0.009995552711188793,0.33000001311302185,0.09912151098251343,-0.8923968076705933,0.015934308990836143,0.0,0.015934308990836143,0.0007960041402839124,0.0,0.0007960041402839124,0.0,1.0,-16.6042537689209,1785284717.7369878,41.996034145355225,6.1335554122924805,28209.23850780463,87.45358291172666,0.0,65.94,True,5.476089954376221
289,-0.0011086813174188137,2.0176497628199286e-07,-0.0011649378575384617,0.007968517020344734,5.378117293730611e-07,0.007318913005292416,0.000652035407256335,-12.687923431396484,0.703898012638092,0.001029622508212924,0.6023790240287781,0.5055481195449829,2.521585156500805e-05,0.5051600933074951,0.10151973366737366,-1.8876395225524902,0.49776491522789,6.031832981534535e-06,0.49954500794410706,0.001780092716217041,-4.8276238441467285,0.479974627494812,0.004564798437058926,0.37227189540863037,0.10770273208618164,-0.5051724910736084,0.4259284436702728,0.00973314419388771,0.33000001311302185,0.09592843055725098,-0.9244424104690552,0.018312983214855194,0.0,0.018312983214855194,0.0010071132564917207,0.0,0.0010071132564917207,0.0,1.0,-16.611846923828125,1785284717.8329906,42.092036962509155,6.229558229446411,28304.93541965474,86.63279748646504,0.0,65.94,True,5.476089954376221
290,-0.0011044868733733892,2.2083567330355436e-07,-0.0011297354940325022,0.00781688466668129,5.606445370176516e-07,0.007110970560461283,0.0007063655066303909,-12.576279640197754,0.6881998777389526,0.001021907082758844,0.592099130153656,0.5061458349227905,3.0171713660820387e-05,0.5049233436584473,0.09610852599143982,-2.2660155296325684,0.49801212549209595,7.230987193906913e-06,0.4996272027492523,0.001615077257156372,-4.819261074066162,0.47644859552383423,0.004973221104592085,0.3769683241844177,0.0994802713394165,-0.7379440665245056,0.36938929557800293,0.009960765950381756,0.33000001311302185,0.03938928246498108,-1.307730793952942,0.029950078576803207,0.0,0.029950078576803207,0.0030722692608833313,0.0,0.0030722692608833313,0.0,2.0,-16.798723220825195,1785284717.9382503,42.19729661941528,6.334817886352539,28400.819207801844,85.42872367771953,0.0,65.94,True,5.476089954376221
291,-0.0010758887510746717,2.314259859304002e-07,-0.0010798696894198656,0.007740565575659275,5.82456834763434e-07,0.006825156044214964,0.0009154182043857872,-12.260251998901367,0.6820183992385864,0.0010307114571332932,0.5851080417633057,0.5055195093154907,3.1756451789988205e-05,0.5053337216377258,0.09691053628921509,-2.223148822784424,0.4978828728199005,7.605726295878412e-06,0.4997027814388275,0.001819908618927002,-4.7566304206848145,0.46970608830451965,0.004752258770167828,0.28605467081069946,0.1836514174938202,1.7929826974868774,0.35294967889785767,0.009684537537395954,0.33000001311302185,0.022949665784835815,-1.3724817037582397,0.030698692426085472,0.0,0.030698692426085472,0.0038908214773982763,0.0,0.0038908214773982763,0.0,2.0,-16.417085647583008,1785284718.033476,42.29252243041992,6.430043697357178,28496.321358375706,84.15989895916873,0.0,65.94,True,5.476089954376221
292,-0.0010658232495188713,2.442805282498739e-07,-0.001312762382440269,0.007632732857018709,6.087927317821595e-07,0.008265992626547813,0.000679703545756638,-12.476322174072266,0.6733404397964478,0.0010270612547174096,0.5716391205787659,0.5048173666000366,3.449644282227382e-05,0.5054493546485901,0.10170328617095947,-1.6988701820373535,0.4977951645851135,8.270317266578786e-06,0.499706894159317,0.0019117295742034912,-4.711526870727539,0.45645397901535034,0.004357410129159689,0.332978755235672,0.12347522377967834,-0.04955148696899414,0.330545574426651,0.00950665958225727,0.33000001311302185,0.0005455613136291504,-1.4089272022247314,0.031165219843387604,0.0,0.031165219843387604,0.00512648606672883,0.0,0.00512648606672883,0.0,1.0,-16.191181182861328,1785284718.1287174,42.3877637386322,6.525285005569458,28591.597604484847,82.85462874215143,0.0,65.94,True,5.476089954376221
293,-0.001099675428122282,2.4381225216529856e-07,-0.001086347852833569,0.007518941070884466,6.198567916726461e-07,0.006847338750958443,0.0006717345677316189,-12.558246612548828,0.663338840007782,0.0009821479907259345,0.5602450966835022,0.5053701400756836,3.74483315681573e-05,0.5057759881019592,0.10309454798698425,-1.3083295822143555,0.49835655093193054,9.082959877559915e-06,0.4996582567691803,0.0013017058372497559,-4.792341232299805,0.45167651772499084,0.003979726228863001,0.3509511351585388,0.10072538256645203,-0.569671630859375,0.3055540919303894,0.008348020724952221,0.33000001311302185,0.024445921182632446,-1.4381338357925415,0.034340593963861465,0.0,0.034340593963861465,0.00660824216902256,0.0,0.00660824216902256,0.0,1.0,-16.001079559326172,1785284718.2330666,42.49211287498474,6.629634141921997,28686.683748970452,81.52015189156633,0.0,65.94,True,5.476089954376221
294,-0.001135074533522129,2.5054504249055753e-07,-0.001061825780197978,0.007416714448481798,6.558107656928769e-07,0.0066886586137115955,0.0007317312993109226,-12.465795516967773,0.6513473987579346,0.0009583665523678064,0.5509413480758667,0.5056011080741882,4.2327177652623504e-05,0.5084097385406494,0.10044532269239426,-1.3194541931152344,0.49891436100006104,1.0449698493175674e-05,0.4996454119682312,0.000731050968170166,-4.789958477020264,0.4452284872531891,0.0037247573491185904,0.39495453238487244,0.05027395486831665,-1.5381582975387573,0.272818386554718,0.006997914519160986,0.33000001311302185,0.05718162655830383,-1.3285106420516968,0.03916346654295921,0.0,0.03916346654295921,0.00905461423099041,0.0,0.00905461423099041,0.0,1.0,-15.916337966918945,1785284718.3374186,42.59646487236023,6.733986139297485,28781.68515186365,80.29529823472207,0.0,65.94,True,5.476089954376221
295,-0.0011681315954774618,2.586797336334712e-07,-0.0012085548369213939,0.007312929257750511,6.949320550120319e-07,0.00760282576084137,0.0002927012392319739,-12.772061347961426,0.6383296251296997,0.0009387730970047414,0.5437998175621033,0.5057911276817322,4.898275437881239e-05,0.5107192993164062,0.09465818107128143,-1.6023578643798828,0.49948248267173767,1.2440797945600934e-05,0.4996379315853119,0.00015544891357421875,-4.727354526519775,0.4402322471141815,0.003581150434911251,0.4488983750343323,0.008666127920150757,-1.8866113424301147,0.23754052817821503,0.005887968931347132,0.33000001311302185,0.09245948493480682,-0.9225324392318726,0.04762998968362808,0.0,0.04762998968362808,0.012613060884177685,0.0,0.012613060884177685,0.0,1.0,-16.417625427246094,1785284718.432089,42.69113540649414,6.8286566734313965,28877.187842217176,79.47642278069763,0.0,65.94,True,5.476089954376221
296,-0.00119556556455791,2.6782609552356007e-07,-0.0006801352137699723,0.007202662993222475,7.281360012711957e-07,0.004244873765856028,0.003002363257110119,-6.291529655456543,0.6252906322479248,0.0009246639092452824,0.5388495922088623,0.5060132741928101,5.6446093367412686e-05,0.510637640953064,0.08656464517116547,-2.3164329528808594,0.499977707862854,1.4857367204967886e-05,0.4996921122074127,0.0002855956554412842,-4.636823654174805,0.4369979798793793,0.0035147489979863167,0.44840455055236816,0.011406570672988892,-1.8879460096359253,0.2077668011188507,0.00524434819817543,0.33000001311302185,0.12223321199417114,-0.28188157081604004,0.061599310487508774,0.0,0.061599310487508774,0.01740872487425804,0.0,0.01740872487425804,0.0,1.0,-10.463088035583496,1785284718.5362792,42.79532551765442,6.932846784591675,28966.73599517904,79.29819819508903,0.0,65.94,True,5.476089954376221
297,-0.0012174765579402447,2.8244616601114103e-07,-0.0006790015613660216,0.007098677568137646,7.640815624654351e-07,0.004235285334289074,0.00291358376853168,-6.865739345550537,0.61347496509552,0.000924352032598108,0.5350307822227478,0.5059722661972046,6.358711107168347e-05,0.5084963440895081,0.07848478108644485,-3.108242988586426,0.5001894235610962,1.7241934983758256e-05,0.49966126680374146,0.0005281567573547363,-4.557055473327637,0.4312589764595032,0.0035081468522548676,0.45186230540275574,0.020603328943252563,-1.8468936681747437,0.18702776730060577,0.005007103551179171,0.33000001311302185,0.14297224581241608,0.31169593334198,0.07825642079114914,0.0,0.07825642079114914,0.023111499845981598,0.0,0.023111499845981598,0.0,1.0,-11.630861282348633,1785284718.6331391,42.89218544960022,7.029706716537476,29057.451921387667,79.71355111363845,0.0,65.94,True,5.476089954376221
298,-0.0012416678946465254,2.983937577027973e-07,-0.0013693812070414424,0.0070078009739518166,8.011664931473206e-07,0.008597713895142078,0.0015950341476127505,-11.088227272033691,0.6033353805541992,0.0009315095376223326,0.5299765467643738,0.5059226751327515,6.967428635107353e-05,0.5092310309410095,0.07343339920043945,-3.470168113708496,0.5003024339675903,1.9426241124165244e-05,0.4994848370552063,0.0008175969123840332,-4.4882988929748535,0.42583274841308594,0.0035056178458034992,0.45670467615127563,0.030871927738189697,-1.7718201875686646,0.1709793508052826,0.004939649719744921,0.33000001311302185,0.15902066230773926,0.8233600854873657,0.09650123864412308,0.0,0.09650123864412308,0.029191497713327408,0.0,0.029191497713327408,0.0,2.0,-16.108510971069336,1785284718.7387192,42.99776554107666,7.135286808013916,29152.645497285015,80.64056818433325,0.0,65.94,True,5.476089954376221
299,-0.001341137569397688,3.102855714587349e-07,-0.0010004978394135833,0.007049456238746643,8.717672699276591e-07,0.006300684064626694,0.0008226148784160614,-12.122834205627441,0.6022036075592041,0.0009813917567953467,0.5261629223823547,0.5051444172859192,6.963517080293968e-05,0.5111297369003296,0.07627587765455246,-3.2083752155303955,0.4996717870235443,1.9074375813943334e-05,0.49926966428756714,0.00040212273597717285,-4.51040506362915,0.4159599244594574,0.0036105564795434475,0.45872706174850464,0.04276713728904724,-1.6397192478179932,0.1077946275472641,0.003931532148271799,0.3296777307987213,0.22188310325145721,4.410761833190918,0.0941910669207573,0.0,0.0941910669207573,0.047477997839450836,0.0,0.047477997839450836,0.0,2.0,-16.94473648071289,1785284718.833144,43.09219026565552,7.229711532592773,29248.675298692007,85.1549870027316,0.0,65.94,True,5.476089954376221
300,-0.0013582257088273764,3.1730988325762155e-07,-0.0009776566876098514,0.007044840604066849,8.876317565409408e-07,0.006175408139824867,0.0009490762022323906,-11.957147598266602,0.6004953384399414,0.0009815578814595938,0.5224243998527527,0.5054643154144287,7.162266410887241e-05,0.5109990835189819,0.07826688140630722,-3.078707695007324,0.500038743019104,1.9668830645969138e-05,0.4993171691894531,0.0007215738296508789,-4.486063003540039,0.4149901866912842,0.003672188613563776,0.45788681507110596,0.04289662837982178,-1.6339969635009766,0.10987193882465363,0.0041407630778849125,0.3296777307987213,0.2198057919740677,4.009520530700684,0.09531710296869278,0.0,0.09531710296869278,0.047753963619470596,0.0,0.047753963619470596,0.0,2.0,-16.663145065307617,1785284718.9376214,43.19666767120361,7.334188938140869,29344.423508683594,89.26816451863972,0.0,65.94,True,5.476089954376221
301,-0.0013667100574821234,3.233593872664642e-07,-0.0009728599106892943,0.007017998956143856,8.960728337115142e-07,0.006128462962806225,0.0009728269069455564,-11.915618896484375,0.5984077453613281,0.0009788222378119826,0.5192318558692932,0.5055465698242188,7.531897426815704e-05,0.5112327337265015,0.07937980443239212,-2.95672869682312,0.5001851916313171,2.073671748803463e-05,0.4993836581707001,0.0008015334606170654,-4.457372665405273,0.415805459022522,0.0037721358239650726,0.39541149139404297,0.020393967628479004,-1.8159886598587036,0.11769405007362366,0.004642324522137642,0.33000001311302185,0.2123059630393982,3.087329387664795,0.09933702647686005,0.0,0.09933702647686005,0.04759446531534195,0.0,0.04759446531534195,0.0,3.0,-16.509689331054688,1785284719.0326214,43.29166769981384,7.429188966751099,29440.01826294093,92.45915089151195,0.0,65.94,True,5.476089954376221
302,-0.0013258806429803371,3.372582284555392e-07,-0.0008435395429842174,0.007058586459606886,8.787117735664651e-07,0.005311938934028149,0.0018120238091796637,-10.50487995147705,0.6057024002075195,0.0010097583290189505,0.5153388977050781,0.5043551921844482,7.339814328588545e-05,0.5100008249282837,0.09053969383239746,-2.1105010509490967,0.4996168315410614,2.0353923900984228e-05,0.4993836581707001,0.00023317337036132812,-4.480844020843506,0.4193374514579773,0.003968116361647844,0.48749035596847534,0.06815290451049805,-1.2605259418487549,0.18267397582530975,0.007465931586921215,0.33000001311302185,0.1473260372877121,-0.07616376876831055,0.08858945965766907,0.0,0.08858945965766907,0.03139789029955864,0.0,0.03139789029955864,1.0,3.0,-14.433703422546387,1785284719.1260178,43.385064125061035,7.522585391998291,29533.537031289754,92.48664410795108,0.0,65.94,True,5.476089954376221
303,-0.0014947766903787851,3.2882300615710847e-07,-0.0009536562138237059,0.007110526319593191,9.7714485036704e-07,0.006033374462276697,0.0012054324615746737,-11.506372451782227,0.5998574495315552,0.0010502755176275969,0.5091275572776794,0.5063345432281494,7.255195669131353e-05,0.5102447271347046,0.09081411361694336,-2.332777976989746,0.5001512169837952,1.910886203404516e-05,0.499438613653183,0.0007126033306121826,-4.500453472137451,0.4076453149318695,0.0038066816050559282,0.531996488571167,0.12435117363929749,0.16450202465057373,0.07159373164176941,0.0035004988312721252,0.33000001311302185,0.25840628147125244,7.629269599914551,0.07628152519464493,0.0,0.07628152519464493,0.05599568784236908,0.0,0.05599568784236908,1.0,3.0,-15.622821807861328,1785284719.230845,43.48989129066467,7.627412557601929,29628.244918023895,100.21957069307307,0.0,65.94,True,5.476089954376221
304,-0.0015071879606693983,3.1587018156642444e-07,-0.0009462713496759534,0.007042943499982357,9.453431744077534e-07,0.00597856380045414,0.0012031340738758445,-11.484712600708008,0.5957745313644409,0.0010453257709741592,0.5076475739479065,0.5063937902450562,7.066955004120246e-05,0.5101691484451294,0.08820778876543045,-2.5569355487823486,0.49979108572006226,1.8132326658815145e-05,0.4993751347064972,0.0004159510135650635,-4.535197734832764,0.41051048040390015,0.003792450064793229,0.5293309092521667,0.1188204288482666,-0.007064342498779297,0.06046886742115021,0.0033612658735364676,0.33000001311302185,0.26953113079071045,8.877717971801758,0.0787571519613266,0.0,0.0787571519613266,0.0622309148311615,0.0,0.0622309148311615,1.0,3.0,-15.797860145568848,1785284719.3371658,43.59621214866638,7.733733415603638,29723.127843095743,109.20094565008226,0.0,65.94,True,5.476089954376221
305,-0.0015027986373752356,3.0396850547731447e-07,-0.0009582976344972849,0.006996327079832554,9.087433454624261e-07,0.006032977718859911,0.001106581767089665,-11.62259292602539,0.5937771797180176,0.001036257017403841,0.5061275362968445,0.5061662197113037,6.817209214204922e-05,0.5101224184036255,0.08773887902498245,-2.573305130004883,0.49939870834350586,1.7064941857825033e-05,0.49944719672203064,4.8488378524780273e-05,-4.570234775543213,0.4138016104698181,0.003816477721557021,0.5359150171279907,0.12211340665817261,0.0883171558380127,0.06019175797700882,0.0034293404314666986,0.33000001311302185,0.26980826258659363,8.69502067565918,0.07758727669715881,0.0,0.07758727669715881,0.06177729740738869,0.0,0.06177729740738869,1.0,3.0,-15.966354370117188,1785284719.4314206,43.69046688079834,7.827988147735596,29818.17926239214,117.99962331094888,0.0,65.94,True,5.476089954376221
306,-0.0013512379955500364,3.300378921267111e-07,-0.0009465874172747135,0.006628222763538361,8.859076388034737e-07,0.005949330050498247,0.0007903400692157447,-12.0842866897583,0.5681238174438477,0.0010124515974894166,0.5039947628974915,0.5090219974517822,7.764604379190132e-05,0.5095850825309753,0.06413152813911438,-4.308467864990234,0.4990617036819458,1.9523380615282804e-05,0.49942547082901,0.000363767147064209,-4.499621391296387,0.3927433490753174,0.003818345023319125,0.5459738373756409,0.1532304883003235,1.2095452547073364,0.03083762526512146,0.003209932940080762,0.33000001311302185,0.2991623878479004,11.988996505737305,0.15646858513355255,0.0,0.15646858513355255,0.14179997146129608,0.0,0.14179997146129608,1.0,3.0,-17.780872344970703,1785284719.525755,43.78480124473572,7.922322511672974,29915.04519966339,130.09227680189363,0.0,65.94,True,5.476089954376221
307,-0.0013521581422537565,3.271254342962493e-07,-0.001141305430792272,0.006626849994063377,8.693266408954514e-07,0.007142812013626099,0.0005573828821070492,-12.385286331176758,0.5683506727218628,0.0010164490668103099,0.5022940039634705,0.5087558031082153,7.53241401980631e-05,0.5058749914169312,0.06611945480108261,-4.153173923492432,0.49890416860580444,1.878756665973924e-05,0.49922552704811096,0.00032135844230651855,-4.519470691680908,0.3955965042114258,0.0038427705876529217,0.594555139541626,0.1989586353302002,3.2886786460876465,0.038774557411670685,0.0034888694062829018,0.33000001311302185,0.29122546315193176,10.244542121887207,0.16263681650161743,0.0,0.16263681650161743,0.13644741475582123,0.0,0.13644741475582123,1.0,3.0,-17.967561721801758,1785284719.6303053,43.88935160636902,8.026872873306274,30012.09782631147,140.44047590898828,0.0,65.94,True,5.476089954376221
308,-0.0013346129562705755,3.2209635492108646e-07,-0.000939744699280709,0.006604474037885666,8.274789706774754e-07,0.005958368070423603,0.0007572145550511777,-12.144486427307129,0.5677970051765442,0.0010062179062515497,0.5013973116874695,0.5087414383888245,7.381756586255506e-05,0.505005955696106,0.06650468707084656,-4.084505558013916,0.49886563420295715,1.8490281945560127e-05,0.49913325905799866,0.0002676248550415039,-4.528256893157959,0.40203261375427246,0.0038863704539835453,0.5494215488433838,0.14738893508911133,0.9386297464370728,0.05505560338497162,0.004243651870638132,0.33000001311302185,0.2749444246292114,7.094540596008301,0.18922129273414612,0.0,0.18922129273414612,0.13512465357780457,0.0,0.13512465357780457,1.0,3.0,-17.676219940185547,1785284719.734571,43.99361729621887,8.131138563156128,30108.859111177935,147.638673490204,0.0,65.94,True,5.476089954376221
309,-0.0013315987307578325,3.2691983165022975e-07,-0.000941552163567394,0.006567705888301134,8.032713481043174e-07,0.005962798837572336,0.0007197561208158731,-12.185739517211914,0.5658284425735474,0.0010053239529952407,0.5002939105033875,0.5086075663566589,7.277470285771415e-05,0.5049542188644409,0.0656362846493721,-4.14970064163208,0.498668909072876,1.8379951143288054e-05,0.4992932379245758,0.0006243288516998291,-4.5225830078125,0.40215691924095154,0.003936431370675564,0.5452965497970581,0.14313963055610657,0.7526761293411255,0.07669757306575775,0.005362517200410366,0.33000001311302185,0.2533024549484253,4.2872419357299805,0.21093279123306274,0.0,0.21093279123306274,0.12386298924684525,0.0,0.12386298924684525,1.0,1.0,-17.76679229736328,1785284719.8397849,44.09883117675781,8.236352443695068,30205.710968401578,152.02957241114143,0.0,65.94,True,5.476089954376221
310,-0.0012755126226693392,3.335677263294201e-07,-0.0009415717795491219,0.0064203208312392235,7.423698775710363e-07,0.005924305412918329,0.000597952981479466,-12.34267807006836,0.555586576461792,0.000980297802016139,0.49887701869010925,0.5090814828872681,7.515870674978942e-05,0.5079860687255859,0.05672013759613037,-4.725616931915283,0.49898943305015564,1.9841805624309927e-05,0.49946245551109314,0.0004730224609375,-4.489283084869385,0.4001559615135193,0.004008615855127573,0.5720927119255066,0.1719367504119873,1.846622109413147,0.11288456618785858,0.0073325964622199535,0.33000001311302185,0.21711544692516327,1.6755791902542114,0.2642648220062256,0.0,0.2642648220062256,0.1090879961848259,0.0,0.1090879961848259,1.0,1.0,-18.367813110351562,1785284719.9353392,44.19438552856445,8.331906795501709,30303.16384643821,153.80880858660308,0.0,65.94,True,5.476089954376221
311,-0.0012478234712034464,3.56559638703402e-07,-0.0008088531903922558,0.006334290839731693,7.345010999415535e-07,0.005093274172395468,0.001316365203820169,-11.328914642333984,0.5493184328079224,0.000996163347736001,0.49799537658691406,0.5095250010490417,7.628808089066297e-05,0.5074048042297363,0.05136683210730553,-5.006856441497803,0.4993249177932739,2.1107309294166043e-05,0.4994354248046875,0.00011050701141357422,-4.463717460632324,0.40040767192840576,0.004211125895380974,0.6046814322471619,0.2042737603187561,3.1383934020996094,0.15593364834785461,0.009710639715194702,0.33000001311302185,0.17406636476516724,0.16177010536193848,0.29505306482315063,0.0,0.29505306482315063,0.08124494552612305,0.0,0.08124494552612305,1.0,1.0,-17.566259384155273,1785284720.0294244,44.28847074508667,8.425992012023926,30399.815170748643,154.07423567717245,0.0,65.94,True,5.476089954376221
312,-0.0012275620829313993,3.735722486908344e-07,-0.0009357676026411355,0.006298094987869263,7.238315902213799e-07,0.0059489174745976925,0.00045504828449338675,-12.433372497558594,0.5464260578155518,0.0010055946186184883,0.4970804452896118,0.5104394555091858,7.579156954307109e-05,0.5041801929473877,0.04974100738763809,-4.887790203094482,0.5000105500221252,2.2138383428682573e-05,0.4993951618671417,0.0006153881549835205,-4.431607246398926,0.4051429331302643,0.004411489237099886,0.634763777256012,0.22962084412574768,4.1831231117248535,0.22150520980358124,0.012854358181357384,0.33000001311302185,0.10849480330944061,-0.8002327680587769,0.31078583002090454,0.0,0.31078583002090454,0.04767516255378723,0.0,0.04767516255378723,1.0,1.0,-18.55940818786621,1785284720.135132,44.39417839050293,8.531699657440186,30497.45964386279,153.3776598943211,0.0,65.94,True,5.476089954376221
313,-0.0011961373966187239,3.3963030432460073e-07,-0.0009409538470208645,0.0063340310007333755,6.796082061555353e-07,0.0059913392178714275,0.0004272660880815238,-12.528433799743652,0.5468741655349731,0.0009103264310397208,0.4970066547393799,0.5089219808578491,8.048240124480799e-05,0.5036395192146301,0.05014651641249657,-4.837489128112793,0.5009079575538635,2.34641174756689e-05,0.49948593974113464,0.0014220178127288818,-4.367990493774414,0.4465009272098541,0.003723066532984376,0.6412366032600403,0.19473567605018616,3.215177059173584,0.2563924193382263,0.013584683649241924,0.33000001311302185,0.07360759377479553,-1.0310490131378174,0.21155628561973572,0.0,0.21155628561973572,0.019249139353632927,0.0,0.019249139353632927,1.0,1.0,-18.582420349121094,1785284720.2293372,44.488383531570435,8.62590479850769,30595.12712913819,152.45026786639073,0.0,65.94,True,5.476089954376221
314,-0.0011949113104492426,3.387070819371729e-07,-0.0009329454624094069,0.006310139782726765,6.584137963727699e-07,0.005904742982238531,0.0004826724180020392,-12.501792907714844,0.5451569557189941,0.0008954728255048394,0.49728822708129883,0.5098451375961304,7.974394975462928e-05,0.5033149123191833,0.048312101513147354,-4.8427228927612305,0.5014584064483643,2.4615135771455243e-05,0.499573290348053,0.0018851161003112793,-4.314951419830322,0.4600009620189667,0.0038206211756914854,0.6634204387664795,0.20341947674751282,3.5505495071411133,0.32339945435523987,0.01792353205382824,0.33000001311302185,0.006600558757781982,-1.0906665325164795,0.2434900403022766,0.0,0.2434900403022766,0.011951972730457783,0.0,0.011951972730457783,1.0,2.0,-18.533447265625,1785284720.3342557,44.59330201148987,8.730823278427124,30692.745641330093,151.4632583190817,0.0,65.94,True,5.476089954376221
315,-0.0012179820332676172,3.248910900310875e-07,-0.0009335510549135506,0.006331185344606638,6.235237037799379e-07,0.00589075218886137,0.0005242922343313694,-12.495893478393555,0.546201765537262,0.0008875550120137632,0.4976294934749603,0.509816586971283,7.732914673397318e-05,0.5048499703407288,0.04882553592324257,-4.920785903930664,0.5009628534317017,2.5072944481507875e-05,0.49955201148986816,0.001410841941833496,-4.338228225708008,0.4750155210494995,0.00418878486379981,0.67877596616745,0.20376044511795044,3.1371569633483887,0.3918282687664032,0.02216934598982334,0.33000001311302185,0.06182825565338135,-0.8993672728538513,0.28955408930778503,0.0,0.28955408930778503,0.007078898139297962,0.0,0.007078898139297962,1.0,2.0,-18.601634979248047,1785284720.4388225,44.69786882400513,8.835390090942383,30790.43234123562,150.66754803143527,0.0,65.94,True,5.476089954376221
316,-0.0012042766902595758,3.146187168567849e-07,-0.0006183338118717074,0.006319410167634487,5.954412927167141e-07,0.003901220392435789,0.002488166093826294,-7.359086990356445,0.5463559627532959,0.0008721054764464498,0.4983268678188324,0.5099021196365356,7.471704157069325e-05,0.5049833059310913,0.04828031733632088,-4.95087194442749,0.5006251335144043,2.4988617951748893e-05,0.499504953622818,0.0011201798915863037,-4.354498863220215,0.48889994621276855,0.004458561073988676,0.7000454664230347,0.2111455202102661,3.2121171951293945,0.45129817724227905,0.0240225438028574,0.33000001311302185,0.1212981641292572,-0.6392045021057129,0.3221709430217743,0.0,0.3221709430217743,0.004161131102591753,0.0,0.004161131102591753,1.0,2.0,-13.497034072875977,1785284720.5347703,44.793816566467285,8.931337833404541,30883.014440234776,150.132000514537,0.0,65.94,True,5.476089954376221
317,-0.0012226647231727839,3.0341283263624064e-07,-0.0012921656016260386,0.006341638974845409,5.748353828494146e-07,0.008203507401049137,0.001863165176473558,-9.827581405639648,0.547817587852478,0.0008606515475548804,0.49946749210357666,0.5093625783920288,7.284857565537095e-05,0.5046936273574829,0.04857499897480011,-4.946860313415527,0.5000556111335754,2.4432112695649266e-05,0.4995012581348419,0.0005543529987335205,-4.384578704833984,0.5126261711120605,0.004792103543877602,0.7310694456100464,0.21844327449798584,3.2273054122924805,0.4864636957645416,0.024740023538470268,0.33000001311302185,0.15646368265151978,-0.4359651803970337,0.3500120937824249,0.0,0.3500120937824249,0.0029895142652094364,0.0,0.0029895142652094364,1.0,2.0,-15.9773588180542,1785284720.6393406,44.89838695526123,9.035908222198486,30978.07686397911,149.7996923193474,0.0,65.94,True,5.476089954376221
318,-0.0012523888144642115,2.9651044997081044e-07,-0.0009409900521859527,0.006374418269842863,5.682431947207078e-07,0.006000118795782328,0.0004868976247962564,-12.581279754638672,0.5488244295120239,0.0008482637931592762,0.5007127523422241,0.5088824033737183,7.296863623196259e-05,0.5047457814216614,0.048289183527231216,-4.979374885559082,0.49977678060531616,2.446054531901609e-05,0.49954676628112793,0.00023001432418823242,-4.389204502105713,0.5409237146377563,0.0052259210497140884,0.7340563535690308,0.19313263893127441,1.86064612865448,0.5182551145553589,0.024502838030457497,0.33000001311302185,0.18825510144233704,-0.21236342191696167,0.3784855306148529,0.0,0.3784855306148529,0.0022191298194229603,0.0,0.0022191298194229603,1.0,1.0,-18.759382247924805,1785284720.733841,44.99288725852966,9.130408525466919,31075.921311153314,149.69098588263788,0.0,65.94,True,5.476089954376221
319,-0.0012922468595206738,3.017459562215663e-07,-0.0009375225636176765,0.006401488557457924,5.919632712902967e-07,0.005939179100096226,0.0005827172426506877,-12.449844360351562,0.5490849614143372,0.0008471801411360502,0.5021480917930603,0.5084176063537598,7.461530913133174e-05,0.5049594044685364,0.04706409201025963,-5.070128917694092,0.4997614026069641,2.470802064635791e-05,0.4998664855957031,0.00010508298873901367,-4.385028839111328,0.5694743394851685,0.00565576646476984,0.7614332437515259,0.19195890426635742,1.5889784097671509,0.5315358638763428,0.024024952203035355,0.33000001311302185,0.20153585076332092,-0.10009020566940308,0.39382144808769226,0.0,0.39382144808769226,0.0019736052490770817,0.0,0.0019736052490770817,1.0,1.0,-18.698461532592773,1785284720.8281255,45.08717179298401,9.224693059921265,31173.704837612186,149.6945526621759,0.0,65.94,True,5.476089954376221
320,-0.0012818316463381052,2.9722613703597744e-07,-0.0009374351939186454,0.006308779586106539,6.145018005554448e-07,0.005947265774011612,0.0004993006587028503,-12.521869659423828,0.5311712622642517,0.0007390565006062388,0.5037218928337097,0.5077563524246216,0.00010156138887396082,0.5055254101753235,0.027539880946278572,-5.830361366271973,0.501071035861969,3.594814916141331e-05,0.4999527633190155,0.0011182725429534912,-4.180384159088135,0.6460403203964233,0.004692871123552322,0.7603702545166016,0.11432993412017822,-0.36923694610595703,0.5305019617080688,0.02321321703493595,0.33000001311302185,0.200501948595047,-0.09666997194290161,0.4367707073688507,0.0,0.4367707073688507,0.002610068069770932,0.0,0.002610068069770932,1.0,2.0,-19.276351928710938,1785284720.9127643,45.17181062698364,9.309331893920898,31272.066254467176,149.70153967544044,0.0,65.94,True,5.476089954376221
321,-0.0013370218221098185,3.1166965186457674e-07,-0.0008249449892900884,0.006326636299490929,6.662955343017529e-07,0.005229812115430832,0.0012104734778404236,-11.440106391906738,0.5286418199539185,0.0007571692694909871,0.5048334002494812,0.5075181126594543,0.00010293589002685621,0.5056559443473816,0.023881133645772934,-5.95462703704834,0.5009270310401917,3.70941634173505e-05,0.499822735786438,0.0011042952537536621,-4.1656494140625,0.669119656085968,0.005077917594462633,0.7574624419212341,0.08834278583526611,-0.9540191888809204,0.5413341522216797,0.027275031432509422,0.33000001311302185,0.21133413910865784,-0.0632169246673584,0.4563082158565521,0.0,0.4563082158565521,0.0030557182617485523,0.0,0.0030557182617485523,1.0,2.0,-18.286632537841797,1785284721.0396564,45.29870271682739,9.436223983764648,31369.437951931297,149.74197973598052,0.0,65.94,True,5.476089954376221
322,-0.0013458465691655874,3.0860098831908545e-07,-0.0009289965382777154,0.006343195214867592,6.743832727806875e-07,0.005935176741331816,0.000583303568419069,-12.357498168945312,0.5288110971450806,0.000755524670239538,0.5067399144172668,0.5073845386505127,0.00010111149458680302,0.5055662393569946,0.0221459548920393,-6.017082214355469,0.500741720199585,3.639778879005462e-05,0.499827116727829,0.0009146034717559814,-4.1800713539123535,0.6807258725166321,0.005213463678956032,0.7454549074172974,0.06472903490066528,-1.3074872493743896,0.541948676109314,0.030190713703632355,0.33000001311302185,0.21194866299629211,-0.08719760179519653,0.45665886998176575,0.0,0.45665886998176575,0.0034639269579201937,0.0,0.0034639269579201937,1.0,2.0,-19.261199951171875,1785284721.134493,45.39353942871094,9.531060695648193,31467.784216808748,149.75843911939276,0.0,65.94,True,5.476089954376221
323,-0.001373692648485303,3.023051533546095e-07,-0.0009390264167450368,0.0063718887977302074,6.788384894207411e-07,0.005990782752633095,0.0005780800711363554,-12.35000991821289,0.5305194854736328,0.0007554137264378369,0.5080143809318542,0.5071296691894531,9.867244807537645e-05,0.5056097507476807,0.022556371986865997,-6.021158218383789,0.5005525946617126,3.504786582197994e-05,0.5001536011695862,0.00039899349212646484,-4.208188056945801,0.6913323998451233,0.005491281393915415,0.7368243336677551,0.045491933822631836,-1.4949218034744263,0.5318326950073242,0.03248647600412369,0.33000001311302185,0.20183268189430237,-0.1675519347190857,0.4674047827720642,0.0,0.4674047827720642,0.004197740461677313,0.0,0.004197740461677313,1.0,2.0,-19.27103042602539,1785284721.2294238,45.48847007751465,9.625991344451904,31566.140312161053,149.6945441698811,0.0,65.94,True,5.476089954376221
324,-0.0013971084263175726,2.985434264246578e-07,-0.0009435624815523624,0.006403560750186443,6.831444352428662e-07,0.006033668294548988,0.0005852557951584458,-12.327924728393555,0.5328842401504517,0.000755595974624157,0.5097025036811829,0.5069224238395691,9.740586392581463e-05,0.5057253837585449,0.023212620988488197,-6.011472702026367,0.5004234910011292,3.4040785976685584e-05,0.5002488493919373,0.00017464160919189453,-4.2245893478393555,0.6960672736167908,0.005774655379354954,0.7327043414115906,0.036637067794799805,-1.5419787168502808,0.5154011249542236,0.03466015309095383,0.33000001311302185,0.18540111184120178,-0.26627784967422485,0.4746522009372711,0.0,0.4746522009372711,0.0051522464491426945,0.0,0.0051522464491426945,1.0,2.0,-19.249399185180664,1785284721.3244321,45.58347845077515,9.720999717712402,31664.474776272513,149.53192330541432,0.0,65.94,True,5.476089954376221
325,-0.0014072346966713667,2.975374684410781e-07,-0.0009375420631840825,0.006436868570744991,6.871350706205703e-07,0.005951405968517065,0.0006754887872375548,-12.229134559631348,0.5359660387039185,0.0007581089739687741,0.5109007358551025,0.5070692300796509,9.746893920237198e-05,0.5059005618095398,0.025092532858252525,-5.951080799102783,0.500465452671051,3.3467982575530186e-05,0.5003198981285095,0.0001455545425415039,-4.233205318450928,0.6952149868011475,0.006128307431936264,0.7327994704246521,0.03758448362350464,-1.5132282972335815,0.49241647124290466,0.03695995360612869,0.33000001311302185,0.1624164581298828,-0.3731609284877777,0.4773856997489929,0.0,0.4773856997489929,0.006519598420709372,0.0,0.006519598420709372,1.0,2.0,-19.10660171508789,1785284721.4192705,45.678316831588745,9.815838098526001,31762.66644291388,149.26241936213398,0.0,65.94,True,5.476089954376221
326,-0.0014092025812715292,2.9956726166346925e-07,-0.0010040460620075464,0.006475105881690979,6.962940233279369e-07,0.006347035523504019,0.0004249162448104471,-12.475573539733887,0.5395017266273499,0.0007660782430320978,0.5124079585075378,0.5077152252197266,9.900626901071519e-05,0.5064212679862976,0.02712465077638626,-5.871833801269531,0.5007002353668213,3.3522272133268416e-05,0.5005270838737488,0.00017315149307250977,-4.232264518737793,0.688716471195221,0.006565771531313658,0.7240049242973328,0.035288453102111816,-1.4991731643676758,0.4620639681816101,0.03951771557331085,0.33000001311302185,0.13206395506858826,-0.4758927822113037,0.4745001792907715,0.0,0.4745001792907715,0.008685464039444923,0.0,0.008685464039444923,1.0,2.0,-19.289173126220703,1785284721.5241363,45.7831826210022,9.920703887939453,31861.04068096638,148.89018356513012,0.0,65.94,True,5.476089954376221
327,-0.0014102302957326174,3.058748916373588e-07,-0.0009468335192650557,0.006533696316182613,7.150463829930231e-07,0.006049627438187599,0.0006701188394799829,-12.222755432128906,0.5449104309082031,0.000787189812399447,0.5140008926391602,0.5085406303405762,0.00010133203613804653,0.5097712874412537,0.030934026464819908,-5.719882488250732,0.5009395480155945,3.390930942259729e-05,0.5006538033485413,0.00028574466705322266,-4.225767612457275,0.6709641218185425,0.007278565317392349,0.7084495425224304,0.03748542070388794,-1.445945143699646,0.42014238238334656,0.04095279797911644,0.33000001311302185,0.09014236927032471,-0.5795215964317322,0.4714750647544861,0.0,0.4714750647544861,0.012596182525157928,0.0,0.012596182525157928,1.0,2.0,-18.91154670715332,1785284721.618659,45.877705335617065,10.015226602554321,31959.037292599813,148.41431895390582,0.0,65.94,True,5.476089954376221
328,-0.0014203989412635565,3.1388375987262407e-07,-0.0009449427016079426,0.006612193305045366,7.434616691170959e-07,0.006033352576196194,0.0007490762509405613,-12.119783401489258,0.551847517490387,0.0008206440834328532,0.5149939656257629,0.509468674659729,0.00010524673416512087,0.511001706123352,0.036885421723127365,-5.455759048461914,0.5013158321380615,3.48836874763947e-05,0.5007066130638123,0.0006092190742492676,-4.2074875831604,0.6424134373664856,0.008282093331217766,0.6868479251861572,0.04443448781967163,-1.35869300365448,0.36500298976898193,0.038147617131471634,0.33000001311302185,0.03500297665596008,-0.6981487274169922,0.48541510105133057,0.0,0.48541510105133057,0.021110927686095238,0.0,0.021110927686095238,1.0,2.0,-18.588134765625,1785284721.7149343,45.97398066520691,10.111501932144165,32056.710492291717,147.81982721169626,0.0,65.94,True,5.476089954376221
329,-0.0013971736188977957,3.0183917942849803e-07,-0.0009340464603155851,0.006624514237046242,6.95294659180945e-07,0.0060408166609704494,0.0007451104465872049,-12.157967567443848,0.555814266204834,0.0008075638324953616,0.5159762501716614,0.5096134543418884,0.00010350082447985187,0.5111817717552185,0.03986887261271477,-5.316323757171631,0.5015147924423218,3.3897831599460915e-05,0.5009241700172424,0.0005906224250793457,-4.2219953536987305,0.6074628829956055,0.007986865937709808,0.6479418277740479,0.04047894477844238,-1.3934625387191772,0.3389888405799866,0.03274358808994293,0.3296777307987213,0.009311109781265259,-0.7892616391181946,0.48495444655418396,0.0,0.48495444655418396,0.02268846146762371,0.0,0.02268846146762371,1.0,2.0,-18.522024154663086,1785284721.8331225,46.0921688079834,10.229690074920654,32154.31758137266,147.1342225577855,0.0,65.94,True,5.476089954376221
330,-0.0013470698613673449,2.7498290933181124e-07,-0.000998658942990005,0.006570938974618912,6.053835477359826e-07,0.006339357700198889,0.00041835400043055415,-12.609085083007812,0.5575684309005737,0.0007663517608307302,0.5162187814712524,0.5105249881744385,9.780457912711427e-05,0.5112342238426208,0.04135573282837868,-5.247214317321777,0.5030144453048706,3.086268043261953e-05,0.5014144778251648,0.0015999674797058105,-4.232570171356201,0.5628923177719116,0.007126564159989357,0.6017045974731445,0.03881227970123291,-1.4473358392715454,0.3069111704826355,0.022987928241491318,0.32935547828674316,0.022444307804107666,-0.9564977884292603,0.4713502526283264,0.0,0.4713502526283264,0.02152421325445175,0.0,0.02152421325445175,1.0,2.0,-18.923141479492188,1785284721.9375837,46.196630001068115,10.334151268005371,32252.32578777843,146.28138175456368,0.0,65.94,True,5.476089954376221
331,-0.0013030970003455877,2.7129550517202006e-07,-0.0009757169173099101,0.006535520311444998,5.751005005549814e-07,0.006186733487993479,0.000478361762361601,-12.603216171264648,0.5582703948020935,0.0007460858905687928,0.5157714486122131,0.5108993053436279,9.862598381005228e-05,0.5115560293197632,0.042504020035266876,-5.161934852600098,0.5042855143547058,3.056967761949636e-05,0.5016945004463196,0.0025910139083862305,-4.169008255004883,0.520645797252655,0.006232905201613903,0.557642936706543,0.03699713945388794,-1.5102144479751587,0.28500258922576904,0.01742447167634964,0.33000001311302185,0.04499742388725281,-1.0478999614715576,0.4794037640094757,0.0,0.4794037640094757,0.02265172079205513,0.0,0.02265172079205513,1.0,2.0,-18.81726837158203,1785284722.0339901,46.293036460876465,10.43055772781372,32350.228121076292,145.33713877829956,0.0,65.94,True,5.476089954376221
332,-0.0013321207370609045,3.2406455829914194e-07,-0.000953297654632479,0.006568640470504761,6.759145776413789e-07,0.006055444944649935,0.0006378687685355544,-12.320642471313477,0.5576642751693726,0.0007841149345040321,0.5144619345664978,0.5088983178138733,0.00011986966273980215,0.5142257213592529,0.04352957010269165,-4.943610668182373,0.5042514204978943,3.880654912791215e-05,0.5013785362243652,0.0028728842735290527,-4.053180694580078,0.4695819616317749,0.005397922825068235,0.5772274732589722,0.10764551162719727,-0.6185972690582275,0.25915998220443726,0.016893796622753143,0.33000001311302185,0.0708400309085846,-0.9729405641555786,0.5704325437545776,0.0,0.5704325437545776,0.04047682508826256,0.0,0.04047682508826256,1.0,2.0,-18.302122116088867,1785284722.1391075,46.39815378189087,10.535675048828125,32447.61530811866,144.46785519935142,0.0,65.94,True,5.476089954376221
333,-0.0013523302040994167,3.5631614991871174e-07,-0.0009596876334398985,0.006562948226928711,7.371065180450387e-07,0.006090315990149975,0.0006144505459815264,-12.278250694274902,0.5573630332946777,0.0008094112272374332,0.5134784579277039,0.5090699791908264,0.00012619499466381967,0.5149011015892029,0.04427028447389603,-4.886180877685547,0.5043695569038391,4.150704262428917e-05,0.5016964673995972,0.0026730895042419434,-4.0398101806640625,0.44957950711250305,0.0050522321835160255,0.5772995948791504,0.12772008776664734,-0.11064660549163818,0.24650558829307556,0.017904601991176605,0.3296777307987213,0.08317214250564575,-0.8992306590080261,0.5872581601142883,0.0,0.5872581601142883,0.0512404665350914,0.0,0.0512404665350914,1.0,2.0,-18.20709991455078,1785284722.2346346,46.49368095397949,10.631202220916748,32544.90747295949,143.67228152555083,0.0,65.94,True,5.476089954376221
334,-0.0013713762164115906,3.8590039252994757e-07,-0.0009576469310559332,0.006556887179613113,7.953008775984927e-07,0.006036794278770685,0.0006645814864896238,-12.176397323608398,0.5567991733551025,0.0008334735757671297,0.5123693943023682,0.5093393325805664,0.0001319788716500625,0.5159580111503601,0.04492006450891495,-4.823346138000488,0.5045127272605896,4.3901975004700944e-05,0.5021722316741943,0.0023404955863952637,-4.035449028015137,0.4388089179992676,0.004865386988967657,0.5780954957008362,0.1392865777015686,0.24988603591918945,0.2318393588066101,0.018746448680758476,0.3290331959724426,0.09719383716583252,-0.8174787163734436,0.5993719696998596,0.0,0.5993719696998596,0.06371601670980453,0.0,0.06371601670980453,1.0,2.0,-18.052799224853516,1785284722.3296854,46.58873176574707,10.726253032684326,32642.045337110623,142.95845979438482,0.0,65.94,True,5.476089954376221
335,-0.0013838298618793488,4.115651961456024e-07,-0.0010000340407714248,0.006537306122481823,8.440659371444781e-07,0.0062367855571210384,0.00048745443928055465,-12.27384090423584,0.5551580190658569,0.0008531391504220665,0.5112699866294861,0.5097725987434387,0.0001371043617837131,0.514949381351471,0.04419228807091713,-4.916202545166016,0.5047083497047424,4.596896906150505e-05,0.5021212100982666,0.00258713960647583,-4.002031326293945,0.43262505531311035,0.00477772718295455,0.5403966307640076,0.10777157545089722,-0.5374506711959839,0.21817010641098022,0.01957361213862896,0.3296777307987213,0.11150762438774109,-0.7302277684211731,0.6044580936431885,0.0,0.6044580936431885,0.07598630338907242,0.0,0.07598630338907242,1.0,2.0,-18.20781707763672,1785284722.4254608,46.68450713157654,10.822028398513794,32739.33821911454,142.33188901117109,0.0,65.94,True,5.476089954376221
336,-0.0013915314339101315,4.3865432530765247e-07,-0.0009752318728715181,0.006508778780698776,8.950534606810834e-07,0.00609027873724699,0.0005902944831177592,-12.149709701538086,0.5526819229125977,0.0008745805243961513,0.5093682408332825,0.5103691220283508,0.0001426285452907905,0.5150191187858582,0.043562572449445724,-4.962282180786133,0.5049844980239868,4.810320388060063e-05,0.5024060606956482,0.002578437328338623,-3.983037233352661,0.426683247089386,0.0047769006341695786,0.5380367040634155,0.11135345697402954,-0.4551730155944824,0.2075786292552948,0.020513860508799553,0.3296777307987213,0.12209910154342651,-0.6610199213027954,0.6025152802467346,0.0,0.6025152802467346,0.08581959456205368,0.0,0.08581959456205368,1.0,2.0,-18.111053466796875,1785284722.530889,46.78993535041809,10.927456617355347,32836.53433750761,141.77452607507573,0.0,65.94,True,5.476089954376221
337,-0.0014000281225889921,4.6208819526327716e-07,-0.0009766879957169294,0.006489661522209644,9.393839945914806e-07,0.006102283950895071,0.000573827710468322,-12.121105194091797,0.5510082244873047,0.0008932144846767187,0.5079832673072815,0.5107675790786743,0.00014730521070305258,0.5154402256011963,0.04327794536948204,-4.973628997802734,0.5050920248031616,5.000924284104258e-05,0.5024647116661072,0.0026273131370544434,-3.963697910308838,0.4242277145385742,0.004793066065758467,0.5344164371490479,0.11018872261047363,-0.48477888107299805,0.19728517532348633,0.021302329376339912,0.33000001311302185,0.13271483778953552,-0.5921201109886169,0.6030775904655457,0.0,0.6030775904655457,0.09569692611694336,0.0,0.09569692611694336,1.0,2.0,-18.081857681274414,1785284722.6357436,46.894789934158325,11.032311201095581,32933.701260115165,141.28606294929455,0.0,65.94,True,5.476089954376221
338,-0.0013890578411519527,4.783387339557521e-07,-0.0009471226949244738,0.0064582559280097485,9.6278120054194e-07,0.0059402924962341785,0.0006808764883317053,-12.021835327148438,0.5486021041870117,0.0009047867497429252,0.5059961676597595,0.5108544826507568,0.0001513250172138214,0.5159275531768799,0.04290689900517464,-4.975887298583984,0.5050671696662903,5.132501610205509e-05,0.5028291344642639,0.002238035202026367,-3.970932722091675,0.4233061969280243,0.004833059385418892,0.5478565692901611,0.12455037236213684,-0.14233624935150146,0.18842512369155884,0.021436352282762527,0.3296777307987213,0.14125260710716248,-0.5370103716850281,0.6013186573982239,0.0,0.6013186573982239,0.1027192622423172,0.0,0.1027192622423172,1.0,1.0,-17.98801040649414,1785284722.7302005,46.98924684524536,11.126768112182617,33030.77433544794,140.85270956281695,0.0,65.94,True,5.476089954376221
339,-0.0013411655090749264,4.619588480636594e-07,-0.0009687931160442531,0.0063852895982563496,9.089250738725241e-07,0.006047894712537527,0.0005024903221055865,-12.198819160461426,0.5448983907699585,0.0008894315105862916,0.5045087933540344,0.5089108943939209,0.00014694257697556168,0.5165479779243469,0.04110528528690338,-4.9718017578125,0.5034686923027039,4.9053371185436845e-05,0.5034347772598267,3.3915042877197266e-05,-4.0423502922058105,0.4257076382637024,0.004791857674717903,0.5695876479148865,0.14388000965118408,0.40858590602874756,0.18828284740447998,0.020868191495537758,0.3296777307987213,0.14139488339424133,-0.5368072986602783,0.5654402375221252,0.0,0.5654402375221252,0.08864980936050415,0.0,0.08864980936050415,1.0,1.0,-18.19743537902832,1785284722.8136396,47.072685956954956,11.210207223892212,33128.05683575325,140.4195592493641,0.0,65.94,True,5.476089954376221
340,-0.0013368625659495592,4.6524911567757954e-07,-0.0009696868946775794,0.006359680090099573,9.073892783817428e-07,0.006032162811607122,0.0004920219071209431,-12.20482063293457,0.543213963508606,0.0008914133650250733,0.5034763813018799,0.5086254477500916,0.000144012228702195,0.5173282027244568,0.04067939892411232,-4.947608947753906,0.5029392838478088,4.7937694034771994e-05,0.5037710666656494,0.0008317828178405762,-4.046648979187012,0.42716333270072937,0.0047538140788674355,0.585229218006134,0.15806588530540466,0.8724058866500854,0.19581028819084167,0.021343495696783066,0.3290331959724426,0.13322290778160095,-0.5887868404388428,0.5395560264587402,0.0,0.5395560264587402,0.07523494958877563,0.0,0.07523494958877563,1.0,1.0,-18.186233520507812,1785284722.9391305,47.198176860809326,11.335698127746582,33225.328134200034,139.9344293941327,0.0,65.94,True,5.476089954376221
341,-0.0013398933224380016,4.73888235319464e-07,-0.0009724671253934503,0.006353164091706276,9.168009569293645e-07,0.0060258898884058,0.0004920471692457795,-12.193602561950684,0.5420951843261719,0.0008987527689896524,0.5026862621307373,0.5085526704788208,0.00014221407764125615,0.5179238319396973,0.04050780087709427,-4.925697326660156,0.5023801922798157,4.746293416246772e-05,0.503967821598053,0.0015876293182373047,-4.032289028167725,0.4312953054904938,0.004732099827378988,0.6126025319099426,0.18130722641944885,1.7155777215957642,0.2053314745426178,0.02243630588054657,0.3280664086341858,0.122734934091568,-0.6438959836959839,0.5231857895851135,0.0,0.5231857895851135,0.06471208482980728,0.0,0.06471208482980728,1.0,1.0,-18.150304794311523,1785284723.033564,47.29261040687561,11.430131673812866,33322.563503920624,139.39419039564416,0.0,65.94,True,5.476089954376221
342,-0.0013498484622687101,4.7508424927400483e-07,-0.0009715334163047373,0.006365794222801924,9.146880870503082e-07,0.005950144957751036,0.000562037923373282,-12.149284362792969,0.5419330596923828,0.0009015598916448653,0.5022868514060974,0.508709192276001,0.0001400656474288553,0.5184199810028076,0.040818147361278534,-4.896165370941162,0.5021316409111023,4.698852717410773e-05,0.5041987299919128,0.002067089080810547,-4.018397808074951,0.4401969909667969,0.004725702106952667,0.629316508769989,0.18911951780319214,2.0257887840270996,0.2163940668106079,0.0240667462348938,0.3280664086341858,0.11167234182357788,-0.6854376196861267,0.5169424414634705,0.0,0.5169424414634705,0.05657854303717613,0.0,0.05657854303717613,1.0,1.0,-18.075416564941406,1785284723.1382086,47.397254943847656,11.534776210784912,33419.723985411845,138.81240976116547,0.0,65.94,True,5.476089954376221
343,-0.0013667021412402391,4.664193795633764e-07,-0.0009672573651187122,0.006378446705639362,8.94599509138061e-07,0.005939324386417866,0.0005936198285780847,-12.13584041595459,0.5416457653045654,0.0008969306945800781,0.5021094679832458,0.5088207125663757,0.00013781253073830158,0.5192338228225708,0.04088461399078369,-4.850418567657471,0.5021027326583862,4.660272315959446e-05,0.5046918392181396,0.002589106559753418,-3.996065378189087,0.45095521211624146,0.0047887107357382774,0.6615771651268005,0.21062195301055908,2.8800859451293945,0.22961187362670898,0.026347851380705833,0.3296777307987213,0.10006585717201233,-0.7092269062995911,0.5192116498947144,0.0,0.5192116498947144,0.04977794364094734,0.0,0.04977794364094734,1.0,1.0,-18.01420783996582,1785284723.2322538,47.491300106048584,11.62882137298584,33516.82325817809,138.20683984007331,0.0,65.94,True,5.476089954376221
344,-0.001386274816468358,4.38801947666434e-07,-0.0009772724006325006,0.006395427975803614,8.418821835221024e-07,0.00594320148229599,0.0006097473087720573,-12.163471221923828,0.5424669981002808,0.0008736177114769816,0.5023465752601624,0.509403645992279,0.0001333313120994717,0.5196021199226379,0.04139634221792221,-4.83359956741333,0.5024663805961609,4.548156357486732e-05,0.5048002004623413,0.00233381986618042,-4.020284652709961,0.4674495458602905,0.004864454735070467,0.6637960076332092,0.1963464617729187,2.218654155731201,0.24455785751342773,0.028540758416056633,0.3287109434604645,0.08415308594703674,-0.7352088093757629,0.5239534378051758,0.0,0.5239534378051758,0.04291999712586403,0.0,0.04291999712586403,1.0,1.0,-18.04049301147461,1785284723.3285732,47.58761954307556,11.725140810012817,33613.948816115844,137.575288015905,0.0,65.94,True,5.476089954376221
345,-0.001372427912428975,4.1459122712694807e-07,-0.0010169434826821089,0.006393676158040762,7.811612476871233e-07,0.006169706117361784,0.0004201568372081965,-12.356842041015625,0.5435605049133301,0.0008539482951164246,0.5026264786720276,0.5081101655960083,0.00012669971329160035,0.5199225544929504,0.04260430857539177,-4.650059223175049,0.5018793344497681,4.330619049142115e-05,0.5049521923065186,0.0030728578567504883,-3.9956488609313965,0.47751984000205994,0.0050064134411513805,0.6033691167831421,0.12584927678108215,-0.14780426025390625,0.26619118452072144,0.029147570952773094,0.33000001311302185,0.06380882859230042,-0.7789093255996704,0.5169102549552917,0.0,0.5169102549552917,0.03273596987128258,0.0,0.03273596987128258,1.0,2.0,-18.0747127532959,1785284723.4235106,47.68255686759949,11.820078134536743,33711.10859379542,136.90003567551275,0.0,65.94,True,5.476089954376221
346,-0.0014244315680116415,4.704898515228706e-07,-0.0008412483730353415,0.006495629902929068,8.970282578957267e-07,0.0050801164470613,0.0015309412265196443,-10.930681228637695,0.5499717593193054,0.000920499034691602,0.5022385120391846,0.508294403553009,0.00012639598571695387,0.5201981663703918,0.049195148050785065,-4.34730339050293,0.5023189783096313,4.3247764551779255e-05,0.5050162076950073,0.0026972293853759766,-4.02123498916626,0.4608306586742401,0.0051485993899405,0.5480617880821228,0.08723112940788269,-0.9766117334365845,0.2805584967136383,0.02875610627233982,0.3296777307987213,0.04911923408508301,-0.8135629892349243,0.5014200806617737,0.0,0.5014200806617737,0.028175441548228264,0.0,0.028175441548228264,1.0,1.0,-16.41914176940918,1785284723.5280774,47.787123680114746,11.924644947052002,33806.61280049111,136.19012967148527,0.0,65.94,True,5.476089954376221
347,-0.001360700000077486,4.606431502907071e-07,-0.0009839888662099838,0.006443154066801071,8.489185461257875e-07,0.00594706367701292,0.0006229100981727242,-12.148106575012207,0.547878623008728,0.0009052038076333702,0.5006855726242065,0.506748616695404,0.00012233498273417354,0.5204629302024841,0.04914535954594612,-4.171241760253906,0.5007551312446594,4.160371463513002e-05,0.5051702260971069,0.00441509485244751,-3.890451431274414,0.4561399817466736,0.0051612453535199165,0.5295817255973816,0.07344174385070801,-1.1918318271636963,0.314344584941864,0.029883136972784996,0.33000001311302185,0.015655428171157837,-0.8321910500526428,0.4477686882019043,0.0,0.4477686882019043,0.01824052818119526,0.0,0.01824052818119526,1.0,1.0,-17.43032455444336,1785284723.6222634,47.88130974769592,12.018831014633179,33903.12818997183,135.46159560664006,0.0,65.94,True,5.476089954376221
348,-0.0011762224603444338,3.8965623616604717e-07,-0.0009821811690926552,0.006148571148514748,6.744637630617945e-07,0.005880116019397974,0.0003312403568997979,-12.544055938720703,0.5253326892852783,0.0008161293808370829,0.4990817606449127,0.5053325295448303,0.00011340336641296744,0.5207230448722839,0.030429907143115997,-4.793328762054443,0.49868616461753845,3.9518828998552635e-05,0.5052974820137024,0.00661131739616394,-3.5974063873291016,0.4781041741371155,0.005741176661103964,0.5776197910308838,0.09951561689376831,-0.7986218929290771,0.4269151985645294,0.024470318108797073,0.33000001311302185,0.09691518545150757,-0.7442914247512817,0.33198899030685425,0.0,0.33198899030685425,0.0038318319711834192,0.0,0.0038318319711834192,1.0,1.0,-18.17742156982422,1785284723.7274184,47.986464738845825,12.123986005783081,34000.390676467934,134.82096116709621,0.0,65.94,True,5.476089954376221
349,-0.0011124133598059416,3.83637996037578e-07,-0.0009983620839193463,0.006099839694797993,6.540652179864992e-07,0.005948979407548904,0.0001891203864943236,-12.634584426879883,0.5189979076385498,0.0008261975599452853,0.4973381459712982,0.5075831413269043,0.00011531972995726392,0.5209105610847473,0.02543158270418644,-5.191323757171631,0.49877995252609253,4.166810686001554e-05,0.505438506603241,0.0066585540771484375,-3.591930866241455,0.47609764337539673,0.006236932706087828,0.5944020748138428,0.11830443143844604,-0.4976738691329956,0.4591485559940338,0.025257885456085205,0.33000001311302185,0.12914854288101196,-0.5901889801025391,0.30053627490997314,0.0,0.30053627490997314,0.002598007908090949,0.0,0.002598007908090949,1.0,1.0,-18.583608627319336,1785284723.8317287,48.09077501296997,12.228296279907227,34098.05935002153,134.3344291722011,0.0,65.94,True,5.476089954376221
350,-0.0009705980774015188,3.6090202115701686e-07,-0.0010343209141865373,0.006015941500663757,6.026631922395609e-07,0.006091219838708639,9.862772276392207e-05,-12.73007869720459,0.5101171731948853,0.0008502682903781533,0.4965232312679291,0.5103762745857239,0.00012471299851313233,0.520702600479126,0.01707126945257187,-5.655667304992676,0.49858781695365906,4.6694971388205886e-05,0.5050386190414429,0.0064508020877838135,-3.6214168071746826,0.46097996830940247,0.006921514868736267,0.6367683410644531,0.17578837275505066,0.6646605730056763,0.48155829310417175,0.025353051722049713,0.3296777307987213,0.15188056230545044,-0.46356001496315,0.28458666801452637,0.0,0.28458666801452637,0.00204380601644516,0.0,0.00204380601644516,1.0,1.0,-19.06532096862793,1785284723.9259694,48.18501567840576,12.322536945343018,34196.20973591644,133.9745261424454,0.0,65.94,True,5.476089954376221
351,-0.0009603502694517374,3.4402424375912233e-07,-0.00100107176695019,0.006044943816959858,5.751447247348551e-07,0.005858903750777245,0.00019044459622818977,-12.75522232055664,0.5133832693099976,0.0008229818195104599,0.4963665008544922,0.5099060535430908,0.0001176008372567594,0.5196988582611084,0.019633375108242035,-5.6538591384887695,0.4983551800251007,4.3069423554698005e-05,0.5044240355491638,0.00606885552406311,-3.679832696914673,0.46743834018707275,0.006641612388193607,0.572575032711029,0.1051366925239563,-0.7561050653457642,0.47868338227272034,0.021756809204816818,0.3296777307987213,0.14900565147399902,-0.48472893238067627,0.27734336256980896,0.0,0.27734336256980896,0.0018230165587738156,0.0,0.0018230165587738156,1.0,1.0,-19.11822509765625,1785284724.0337205,48.2927668094635,12.430288076400757,34294.413025940376,133.59345419527216,0.0,65.94,True,5.476089954376221
352,-0.0009638213086873293,3.3959668144234456e-07,-0.001007828745059669,0.006072788033634424,5.68901043607184e-07,0.00588254164904356,0.00019526992400642484,-12.764993667602539,0.5168172121047974,0.0008169560460373759,0.4960179328918457,0.5083678960800171,0.00011103088036179543,0.5192880630493164,0.02349170297384262,-5.468153953552246,0.4972938001155853,3.945750358980149e-05,0.5044240355491638,0.007130235433578491,-3.5069639682769775,0.46137136220932007,0.006477208808064461,0.6558583378791809,0.19448697566986084,1.3190733194351196,0.4804137945175171,0.018552161753177643,0.3296777307987213,0.15073606371879578,-0.4622817635536194,0.26717859506607056,0.0,0.26717859506607056,0.0015933256363496184,0.0,0.0015933256363496184,0.0,1.0,-18.89299964904785,1785284724.1277177,48.38676404953003,12.524285316467285,34392.3910905157,133.23482941692598,0.0,65.94,True,5.476089954376221
353,-0.0009041221346706152,2.649054522407823e-07,-0.0010047004325315356,0.005991153419017792,4.44159496737484e-07,0.005851281341165304,0.00017227939679287374,-13.006492614746094,0.5140209794044495,0.0007122857496142387,0.49470043182373047,0.5069648623466492,9.916168346535414e-05,0.5170943140983582,0.02181488834321499,-5.615619659423828,0.4963690936565399,3.536573058227077e-05,0.5025652050971985,0.006196111440658569,-3.6631624698638916,0.4760264754295349,0.006189558655023575,0.6970956325531006,0.22106915712356567,2.324397563934326,0.46732833981513977,0.015010730363428593,0.33000001311302185,0.13732832670211792,-0.5523701310157776,0.28580543398857117,1.0,0.7141945362091064,0.0016332734376192093,0.0,0.0016332734376192093,0.0,1.0,-19.330570220947266,1785284724.2325325,48.491578817367554,12.62910008430481,34490.80672566293,132.78611627111763,0.0,65.94,True,5.476089954376221
354,-0.0009242978412657976,2.48899482357956e-07,-0.0009938065195456147,0.005913485772907734,4.197177929654572e-07,0.005711407400667667,0.00021369867317844182,-13.048721313476562,0.5076549053192139,0.0006930604577064514,0.49510279297828674,0.5040227174758911,0.00010371956159360707,0.515560507774353,0.01704922690987587,-5.630829811096191,0.49462756514549255,3.74507944798097e-05,0.5019779801368713,0.007350414991378784,-3.45597505569458,0.4886431396007538,0.006651897449046373,0.6538705825805664,0.16522744297981262,0.46456611156463623,0.4467100501060486,0.012994486838579178,0.33000001311302185,0.11671003699302673,-0.7285608053207397,0.4443056881427765,1.0,0.5556943416595459,0.003030902473255992,0.0,0.003030902473255992,0.0,1.0,-19.2813720703125,1785284724.3478408,48.606887102127075,12.744408369064331,34589.17316265952,132.16121245100433,0.0,65.94,True,5.476089954376221
355,-0.0009358853567391634,2.5543283754814183e-07,-0.0009864240419119596,0.005869549233466387,4.309828227633261e-07,0.005716149229556322,0.0001615107321413234,-13.048575401306152,0.5043613910675049,0.0006978290039114654,0.49607357382774353,0.5007210969924927,0.00011000352242263034,0.5136998295783997,0.015399201773107052,-5.538528919219971,0.49301615357398987,3.911549356416799e-05,0.5001913905143738,0.007175236940383911,-3.4974544048309326,0.4923301935195923,0.007067558821290731,0.6364938020706177,0.1441636085510254,-0.08686137199401855,0.4386175870895386,0.012404498644173145,0.33000001311302185,0.10861757397651672,-0.8003652095794678,0.5466831922531128,1.0,0.4533168077468872,0.004595769569277763,0.0,0.004595769569277763,0.0,1.0,-19.228126525878906,1785284724.442178,48.7012243270874,12.838745594024658,34687.48635411168,131.4645042266323,0.0,65.94,True,5.476089954376221
356,-0.0009437936823815107,2.5848748919088393e-07,-0.0010511064901947975,0.0058505721390247345,4.361358207916055e-07,0.005994838196784258,0.00017980193661060184,-13.022851943969727,0.5023218393325806,0.0006963862106204033,0.49569353461265564,0.4967851936817169,0.000116433271614369,0.5104759931564331,0.015210931189358234,-5.489561557769775,0.491197407245636,4.145531420363113e-05,0.49820637702941895,0.007008969783782959,-3.5339953899383545,0.49307721853256226,0.0074324896559119225,0.6500873565673828,0.15701013803482056,0.12639808654785156,0.43792757391929626,0.012334099039435387,0.33000001311302185,0.10792756080627441,-0.806553840637207,0.6186141967773438,1.0,0.38138580322265625,0.006198386661708355,0.0,0.006198386661708355,0.0,1.0,-19.181499481201172,1785284724.5479174,48.80696368217468,12.944484949111938,34785.75291851916,130.76160737120253,0.0,65.94,True,5.476089954376221
357,-0.0009383317083120346,2.5613201160012977e-07,-0.0010275106178596616,0.005814678501337767,4.3243386471658596e-07,0.0058570438995957375,9.873046656139195e-05,-13.060227394104004,0.49912577867507935,0.0006907979259267449,0.4947870671749115,0.4921872913837433,0.0001229775371029973,0.5032221674919128,0.011857188306748867,-5.793999195098877,0.4890238046646118,4.437993266037665e-05,0.49680250883102417,0.0077787041664123535,-3.4107158184051514,0.4916648268699646,0.0077133867889642715,0.6517205834388733,0.1600557565689087,0.14714884757995605,0.43756386637687683,0.012259638868272305,0.33000001311302185,0.10756385326385498,-0.8099100589752197,0.6710915565490723,1.0,0.32890844345092773,0.007929286919534206,0.0,0.007929286919534206,0.0,1.0,-19.400785446166992,1785284724.6439013,48.902947664260864,13.04046893119812,34884.238768891606,130.05535429743475,0.0,65.94,True,5.476089954376221
358,-0.000924145570024848,2.5477598342149577e-07,-0.001179236569441855,0.005768198519945145,4.325128202253836e-07,0.006786274258047342,0.0010495473397895694,-11.75448226928711,0.49520817399024963,0.0006899919826537371,0.4944426119327545,0.48723456263542175,0.0001306455087615177,0.4989176392555237,0.011708131991326809,-5.750240325927734,0.48655375838279724,4.801289105671458e-05,0.49438726902008057,0.007833510637283325,-3.414046287536621,0.48527809977531433,0.007877008989453316,0.5214899778366089,0.036211878061294556,-1.419729232788086,0.43319961428642273,0.01223928015679121,0.33000001311302185,0.10319960117340088,-0.8475328087806702,0.7033829689025879,1.0,0.2966170310974121,0.009718595072627068,0.0,0.009718595072627068,0.0,1.0,-18.06169891357422,1785284724.747131,49.00617742538452,13.143698692321777,34981.38553273146,129.3114784738615,0.0,65.94,True,5.476089954376221
359,-0.0009221949148923159,2.6805977881849685e-07,-0.0008402768871746957,0.00572162214666605,4.611854080849298e-07,0.004871236626058817,0.000854321988299489,-12.226348876953125,0.4919379651546478,0.0007092890446074307,0.4933260381221771,0.48239293694496155,0.00014257538714446127,0.49278658628463745,0.010485928505659103,-5.835362911224365,0.4842773973941803,5.283632708596997e-05,0.49035611748695374,0.0060787200927734375,-3.6555445194244385,0.46457988023757935,0.007682448718696833,0.5736054182052612,0.10902553796768188,-0.7418515086174011,0.4220859706401825,0.012547320686280727,0.33000001311302185,0.09208595752716064,-0.9322718381881714,0.7095886468887329,1.0,0.2904113531112671,0.010999011807143688,0.0,0.010999011807143688,0.0,1.0,-18.722412109375,1785284724.8341615,49.09320783615112,13.230729103088379,35079.193009767114,128.48286362088078,0.0,65.94,True,5.476089954376221
360,-0.0009176565799862146,2.6323479573875375e-07,-0.001001180848106742,0.005684477277100086,4.611208339611039e-07,0.005765209905803204,0.00011616393749136478,-13.011716842651367,0.488800048828125,0.0007037172908894718,0.49179258942604065,0.47772595286369324,0.00015006065950728953,0.4894866943359375,0.012135499157011509,-5.726698875427246,0.48183900117874146,5.6991924793692306e-05,0.48822933435440063,0.00639033317565918,-3.609097480773926,0.4502098560333252,0.00754169188439846,0.5432912111282349,0.09308135509490967,-0.9502996802330017,0.4069834053516388,0.012804011814296246,0.33000001311302185,0.07698339223861694,-1.0286308526992798,0.7017829418182373,1.0,0.2982170581817627,0.012612876482307911,0.0,0.012612876482307911,0.0,1.0,-19.397624969482422,1785284724.9314528,49.19049906730652,13.328020334243774,35177.675699662876,127.55788975338893,0.0,65.94,True,5.476089954376221
361,-0.0009142328053712845,2.619585472984909e-07,-0.001036720466800034,0.005640740506350994,4.687930186264566e-07,0.005994425620883703,0.0003742945264093578,-12.864158630371094,0.48510462045669556,0.0007001012563705444,0.48979806900024414,0.4730420708656311,0.00016091539873741567,0.48393064737319946,0.011857046745717525,-5.777453422546387,0.4793047308921814,6.24751191935502e-05,0.4853007197380066,0.005995988845825195,-3.6337029933929443,0.430692195892334,0.007362515665590763,0.3482546806335449,0.08243751525878906,-1.0752151012420654,0.3930942714214325,0.013050355948507786,0.33000001311302185,0.06309425830841064,-1.0980111360549927,0.6843537092208862,1.0,0.31564629077911377,0.01359174307435751,0.0,0.01359174307435751,0.0,1.0,-19.3029727935791,1785284725.036298,49.29534435272217,13.432865619659424,35276.063737382734,126.56353560254138,0.0,65.94,True,5.476089954376221
362,-0.0009171946439892054,2.731751749251998e-07,-0.0010042748181149364,0.005602120887488127,5.028518330618681e-07,0.0058317710645496845,0.0002456056827213615,-12.903864860534668,0.48186084628105164,0.0007141568930819631,0.4861122667789459,0.46945855021476746,0.0001761979074217379,0.4743165969848633,0.006455632857978344,-6.026651382446289,0.47730720043182373,6.961506005609408e-05,0.4793384075164795,0.0020312070846557617,-3.837693214416504,0.4038769602775574,0.007128853350877762,0.27954572439193726,0.12433123588562012,-0.46866047382354736,0.3734922409057617,0.0133702103048563,0.32935547828674316,0.044136762619018555,-1.165574073791504,0.6472160220146179,1.0,0.3527839779853821,0.01376111339777708,0.0,0.01376111339777708,0.0,1.0,-19.644031524658203,1785284725.1407921,49.3998384475708,13.537359714508057,35374.79283383367,125.50161851395731,0.0,65.94,True,5.476089954376221
363,-0.0009199029300361872,2.7384564305066306e-07,-0.0009599245968274772,0.00556518929079175,5.181340725357586e-07,0.005723451729863882,0.00016324440366588533,-12.926895141601562,0.477857381105423,0.0007143523544073105,0.4761420786380768,0.4665208160877228,0.00018824586004484445,0.46247202157974243,0.004397158045321703,-6.027470588684082,0.47524166107177734,7.661189010832459e-05,0.47348061203956604,0.0017610490322113037,-3.7992000579833984,0.3848456144332886,0.007037382572889328,0.3331133723258972,0.05173224210739136,-1.3691775798797607,0.35331615805625916,0.013359719887375832,0.33000001311302185,0.023316144943237305,-1.218470811843872,0.6149888038635254,1.0,0.3850111961364746,0.014645532704889774,0.0,0.014645532704889774,0.0,1.0,-19.64847183227539,1785284725.234733,49.49377942085266,13.631300687789917,35473.526370592226,124.38680468732088,0.0,65.94,True,5.476089954376221
364,-0.0009098486043512821,2.829811478477495e-07,-0.0009150991099886596,0.005495556630194187,5.427119162959571e-07,0.005454177036881447,4.171137334196828e-05,-12.912782669067383,0.47062060236930847,0.0007184035493992269,0.4686915874481201,0.45991581678390503,0.00020779954502359033,0.45343661308288574,0.0067602647468447685,-5.917230129241943,0.47045832872390747,8.873896149452776e-05,0.4695555865764618,0.0009027421474456787,-3.741375207901001,0.3623574376106262,0.006785545963793993,0.35106274485588074,0.011294692754745483,-1.5681415796279907,0.3324143886566162,0.013305396772921085,0.33000001311302185,0.0024143755435943604,-1.2406352758407593,0.6159951686859131,1.0,0.3840048313140869,0.01900956779718399,0.0,0.01900956779718399,0.0,1.0,-19.517253875732422,1785284725.331843,49.59088921546936,13.728410482406616,35572.12868939424,123.24982639668755,0.0,65.94,True,5.476089954376221
365,-0.0008770327549427748,2.784175308079284e-07,-0.0009015841060318053,0.0054229083471000195,5.411444021774514e-07,0.00544147239997983,3.077974542975426e-05,-12.92258358001709,0.46394112706184387,0.0007081900839693844,0.4610629975795746,0.45467323064804077,0.00022436873405240476,0.44481101632118225,0.010273601859807968,-5.767034530639648,0.46636849641799927,9.971371036954224e-05,0.4624622166156769,0.003906279802322388,-3.6111507415771484,0.34776386618614197,0.006834662519395351,0.19050315022468567,0.1572607159614563,0.23529279232025146,0.31765276193618774,0.012956141494214535,0.33000001311302185,0.012347251176834106,-1.2482706308364868,0.6046209931373596,1.0,0.3953790068626404,0.02165285125374794,0.0,0.02165285125374794,0.0,1.0,-19.341785430908203,1785284725.4272945,49.68634080886841,13.823862075805664,35670.555539751425,122.1052127510585,0.0,65.94,True,5.476089954376221
366,-0.0008458164520561695,2.8491183456935687e-07,-0.0008974270313046873,0.005364769604057074,5.600173267339414e-07,0.0056498609483242035,0.00028972525615245104,-12.818073272705078,0.45838218927383423,0.0007123678806237876,0.45310401916503906,0.44913795590400696,0.00024500489234924316,0.4376208186149597,0.01266899798065424,-5.6524457931518555,0.4623786211013794,0.0001128717340179719,0.4581335783004761,0.00424504280090332,-3.545863628387451,0.33271917700767517,0.006896487437188625,0.2923586964607239,0.040360480546951294,-1.4513317346572876,0.3020328879356384,0.012524760328233242,0.33000001311302185,0.027967125177383423,-1.2398607730865479,0.587444007396698,1.0,0.412555992603302,0.023521361872553825,0.0,0.023521361872553825,0.0,1.0,-19.11296272277832,1785284725.5321121,49.79115843772888,13.928679704666138,35768.75356740048,120.96900896317939,0.0,65.94,True,5.476089954376221
367,-0.0008182220626622438,2.8269494123378536e-07,-0.0008243824122473598,0.005294155329465866,5.558484303946898e-07,0.005446263123303652,0.0001522324891993776,-12.88207721710205,0.4513911008834839,0.0007005356019362807,0.4445747435092926,0.4430679678916931,0.00026566808810457587,0.4310925006866455,0.013779496774077415,-5.607516288757324,0.4576145112514496,0.00012746642460115254,0.4513559937477112,0.006258517503738403,-3.411245822906494,0.3263295888900757,0.007098005153238773,0.3445386588573456,0.018209069967269897,-1.5316755771636963,0.28815460205078125,0.011953025124967098,0.28907227516174316,0.0009176731109619141,-1.294411540031433,0.5741026997566223,1.0,0.4258973002433777,0.025839895009994507,0.0,0.025839895009994507,0.0,1.0,-19.073713302612305,1785284725.62601,49.885056257247925,14.02257752418518,35866.912345629375,119.7782544083554,0.0,65.94,True,5.476089954376221
368,-0.0007725462783128023,2.806762893214909e-07,-0.0007833146955817938,0.005209196358919144,5.486685950018e-07,0.005309220869094133,0.00010060249041998759,-12.903716087341309,0.4438040554523468,0.0006874490645714104,0.43679800629615784,0.43626177310943604,0.0002932362840510905,0.41904115676879883,0.018591243773698807,-5.3292999267578125,0.4527721405029297,0.00014592688239645213,0.441713809967041,0.011058330535888672,-3.0782642364501953,0.32308003306388855,0.007367070764303207,0.22603297233581543,0.09704706072807312,-0.8972244262695312,0.27107179164886475,0.011037654243409634,0.0,0.27107179164886475,1.9943190813064575,0.5620642900466919,1.0,0.4379357099533081,0.029152745380997658,1.0,0.9708472490310669,0.0,1.0,-18.706287384033203,1785284725.7310302,49.990076541900635,14.12759780883789,35964.70369793969,121.87623047486929,0.34710224891411656,65.94,True,5.476089954376221
369,-0.0007406044751405716,2.6894062443716393e-07,-0.0007771383970975876,0.005110900849103928,5.337961965778959e-07,0.005149028263986111,5.2805560699198395e-05,-12.944293022155762,0.435846209526062,0.000660122896078974,0.427915096282959,0.4275670051574707,0.00034775736276060343,0.4047101140022278,0.02419380098581314,-5.006871223449707,0.4477905035018921,0.00017770160047803074,0.43805593252182007,0.009734570980072021,-3.132131576538086,0.3070395886898041,0.007569802924990654,0.18324851989746094,0.12379106879234314,-0.5106610059738159,0.2191907912492752,0.009522708132863045,0.0,0.2191907912492752,1.11453378200531,0.5758113861083984,1.0,0.42418861389160156,0.051051657646894455,1.0,0.948948323726654,0.0,1.0,-18.515857696533203,1785284725.8470361,50.10608243942261,14.243603706359863,36062.3046205625,123.09442124208203,0.6723055725238203,65.94,True,5.476089954376221
370,-0.0006691466551274061,2.651737247560959e-07,-0.0006635450990870595,0.005008887965232134,5.300655629980611e-07,0.004922671243548393,8.639849693281576e-05,-12.951623916625977,0.4276996850967407,0.0006444418104365468,0.4209904372692108,0.41940197348594666,0.00041692162631079555,0.39643511176109314,0.02392677776515484,-5.059482574462891,0.44237154722213745,0.00021729218133259565,0.4306913912296295,0.011680155992507935,-2.9842722415924072,0.29405057430267334,0.0078474385663867,0.27645134925842285,0.01759922504425049,-1.485110878944397,0.1750742495059967,0.007860658690333366,0.0,0.1750742495059967,0.4456413984298706,0.576249361038208,1.0,0.423750638961792,0.08205496519804001,1.0,0.9179450273513794,0.0,1.0,-18.49134635925293,1785284725.941439,50.20048522949219,14.338006496429443,36159.88103184803,123.64371962571934,0.9665055997582495,65.94,True,5.476089954376221
371,-0.000586802838370204,2.6053527335534454e-07,-0.0006158403120934963,0.00489977840334177,5.198490384827892e-07,0.005106122698634863,0.000208377416129224,-12.93467903137207,0.4194914400577545,0.0006250205915421247,0.4126395881175995,0.41124939918518066,0.0004953531897626817,0.38522711396217346,0.026909239590168,-4.935037136077881,0.4365893304347992,0.00026179972337558866,0.4217122495174408,0.014877080917358398,-2.782322645187378,0.2883164882659912,0.008221277967095375,0.3089834451675415,0.020666956901550293,-1.4555996656417847,0.13578595221042633,0.0064717126078903675,0.0,0.13578595221042633,-0.17672526836395264,0.5649949908256531,1.0,0.4350050091743469,0.11811709403991699,1.0,0.881882905960083,0.0,1.0,-18.27387046813965,1785284726.0407798,50.29982614517212,14.437347412109375,36257.23996724245,123.57065134256283,1.2246435056013822,65.94,True,5.476089954376221
372,-0.0005089226178824902,2.542156778417848e-07,-0.0005485399160534143,0.004797786474227905,5.082906682218891e-07,0.004831681028008461,5.213799886405468e-05,-12.996553421020508,0.41187238693237305,0.0006061455351300538,0.4037254750728607,0.40288177132606506,0.0005749586853198707,0.3759010136127472,0.028183922171592712,-4.909119606018066,0.43053242564201355,0.0003060833550989628,0.4185096025466919,0.012022823095321655,-2.8907620906829834,0.28579258918762207,0.0085980836302042,0.35083532333374023,0.06504273414611816,-1.2131520509719849,0.09625646471977234,0.0054278383031487465,0.0,0.09625646471977234,-0.835669755935669,0.548803985118866,1.0,0.45119601488113403,0.15834875404834747,1.0,0.8416512608528137,0.0,1.0,-18.369230270385742,1785284726.1450374,50.40408372879028,14.541604995727539,36354.694262439116,122.8386385718346,1.442549766337246,65.94,True,5.476089954376221
373,-0.00043371948413550854,2.4861031988621107e-07,-0.00044263352174311876,0.004704682622104883,4.98448287089559e-07,0.004761388525366783,5.7402259699301794e-05,-13.018310546875,0.4051407277584076,0.0005912372726015747,0.39838528633117676,0.3948318064212799,0.0006532517145387828,0.3694089651107788,0.026305072009563446,-5.01225471496582,0.4245922267436981,0.0003487719804979861,0.4096057713031769,0.01498645544052124,-2.7396292686462402,0.2869337201118469,0.008999927900731564,0.370333194732666,0.08339947462081909,-1.049912691116333,0.059921249747276306,0.004596460610628128,0.0,0.059921249747276306,-1.3817174434661865,0.5298331379890442,1.0,0.4701668620109558,0.1970333307981491,1.0,0.8029666543006897,0.0,1.0,-18.39792823791504,1785284726.2304263,50.48947262763977,14.626993894577026,36452.17725560331,121.56057811357584,1.621771420520985,65.94,True,5.476089954376221
374,-0.00036151381209492683,2.4461141379106266e-07,-0.0004194730136077851,0.004619305022060871,4.895026677331771e-07,0.004722162149846554,0.00011806294060079381,-13.021184921264648,0.3989613354206085,0.0005794198368676007,0.39191892743110657,0.3877275288105011,0.0007271718350239098,0.3583478033542633,0.030211979523301125,-4.865730285644531,0.41933029890060425,0.00038960060919635,0.4053366482257843,0.013993650674819946,-2.754944086074829,0.2895810604095459,0.009380977600812912,0.38003009557724,0.09044903516769409,-0.9795535802841187,0.036934494972229004,0.0039194002747535706,0.0,0.036934494972229004,-1.6779435873031616,0.5098350048065186,1.0,0.49016499519348145,0.22237849235534668,1.0,0.7776215076446533,0.0,1.0,-18.291240692138672,1785284726.3358195,50.594865798950195,14.732387065887451,36549.55356122173,119.98629151148012,1.7756479280486879,65.94,True,5.476089954376221
375,-0.0002927989698946476,2.41860419691875e-07,-0.0003541533078532666,0.004546239972114563,4.820533376914682e-07,0.004662635736167431,0.0001315763220191002,-13.030345916748047,0.3935157060623169,0.0005711667472496629,0.38764116168022156,0.3813152313232422,0.0007963933749124408,0.3523199260234833,0.02958442084491253,-4.905701637268066,0.41451847553253174,0.0004298043204471469,0.40283164381980896,0.011686831712722778,-2.7982633113861084,0.29333609342575073,0.00976049154996872,0.3737640976905823,0.08042800426483154,-1.0643980503082275,0.025395110249519348,0.0033674403093755245,0.0,0.025395110249519348,-1.8321058750152588,0.4896382689476013,1.0,0.5103617310523987,0.23255588114261627,1.0,0.7674441337585449,0.0,1.0,-18.35403823852539,1785284726.4407103,50.69975662231445,14.837277889251709,36646.99266438653,118.2578426216723,1.9193470616902824,65.94,True,5.476089954376221
376,-0.0002268573734909296,2.4076140903162013e-07,-0.00020317993767093867,0.004445275757461786,4.771641783918312e-07,0.0030681639909744263,0.0013773152604699135,-11.071195602416992,0.3867243528366089,0.0005691864644177258,0.381562203168869,0.37190645933151245,0.0008568887715227902,0.3400809168815613,0.03224147856235504,-4.814453601837158,0.4080001711845398,0.00047384717618115246,0.3937853276729584,0.014214843511581421,-2.695160150527954,0.2962752878665924,0.010179108008742332,0.2950487732887268,0.0012265145778656006,-1.3746966123580933,0.018721148371696472,0.0028243199922144413,0.0,0.018721148371696472,-1.9537582397460938,0.46046510338783264,1.0,0.5395349264144897,0.22429496049880981,1.0,0.7757050395011902,0.0,1.0,-16.27033805847168,1785284726.5349967,50.79404306411743,14.931564331054688,36742.348067371284,116.40774136713364,2.071307101074522,65.94,True,5.476089954376221
377,-0.00015241699293255806,2.393589966231957e-07,-0.000429115112638101,0.004356761462986469,4.711103542831552e-07,0.006253471598029137,0.0019167866557836533,-9.090811729431152,0.3814849257469177,0.0005633647087961435,0.3758701980113983,0.3650006055831909,0.0009135170839726925,0.33525291085243225,0.030272934585809708,-4.889688968658447,0.4033973813056946,0.0005123104783706367,0.38634192943573,0.0170554518699646,-2.5854527950286865,0.29841017723083496,0.010457719676196575,0.3399355709552765,0.04152539372444153,-1.2788245677947998,0.015242576599121094,0.0024004040751606226,0.0,0.015242576599121094,-2.0487256050109863,0.44180554151535034,0.0,0.44180554151535034,0.22258402407169342,0.0,0.22258402407169342,0.0,1.0,-14.295289993286133,1785284726.6408365,50.899882793426514,15.03740406036377,36835.72842229085,114.46267274733009,1.670146125029265,65.94,True,5.476089954376221
378,-6.408337503671646e-05,2.5189473262798856e-07,-0.0003818987461272627,0.00425209105014801,4.83807809814607e-07,0.004509283695369959,0.00040884551708586514,-12.761183738708496,0.3759218156337738,0.0005638443399220705,0.3713562786579132,0.35955125093460083,0.001006751786917448,0.32577458024024963,0.034083832055330276,-4.7679123878479,0.39873960614204407,0.0005743516958318651,0.3791786730289459,0.019560933113098145,-2.479098320007324,0.3139782249927521,0.010721827857196331,0.35729843378067017,0.04332020878791809,-1.2612833976745605,0.0141010582447052,0.00234814640134573,0.0,0.0141010582447052,-2.065786361694336,0.4200364351272583,0.0,0.4200364351272583,0.20992423593997955,0.0,0.20992423593997955,0.0,1.0,-17.8150634765625,1785284726.7349443,50.993990659713745,15.131511926651001,36932.62855069369,112.50054337084319,1.2563253608522944,65.94,True,5.476089954376221
379,2.430938184261322e-05,2.5358718858115026e-07,-0.0005256783333607018,0.0041556283831596375,4.766530139477254e-07,0.004662784747779369,0.0007481270586140454,-12.167919158935547,0.371357262134552,0.0005496787489391863,0.3655880391597748,0.3535583019256592,0.0010787235805764794,0.31433677673339844,0.03964356333017349,-4.587892532348633,0.39482149481773376,0.0006180443451739848,0.36812758445739746,0.026693910360336304,-2.199069023132324,0.3289696276187897,0.01089270506054163,0.4003460705280304,0.07137644290924072,-1.1070388555526733,0.01136597990989685,0.0022724028676748276,0.0,0.01136597990989685,-2.096095323562622,0.404035359621048,0.0,0.404035359621048,0.20725607872009277,0.0,0.20725607872009277,0.0,1.0,-16.937767028808594,1785284726.8405654,51.09961175918579,15.237133026123047,37028.65138264878,110.508105032488,0.839836439455437,65.94,True,5.476089954376221
380,0.00012946524657309055,2.4660309350110765e-07,-0.00047956546768546104,0.00406213803216815,4.540231657301774e-07,0.004242454655468464,0.0006351633346639574,-12.284562110900879,0.36767029762268066,0.0005287379608489573,0.36026087403297424,0.3482147455215454,0.0011323901126161218,0.29692789912223816,0.05181930214166641,-4.113018035888672,0.3915046155452728,0.0006479331641457975,0.34909430146217346,0.042410314083099365,-1.363944411277771,0.34951868653297424,0.011132852174341679,0.4329156279563904,0.08339694142341614,-1.0176228284835815,0.009939849376678467,0.002175395842641592,0.0,0.009939849376678467,-2.1236250400543213,0.3920302093029022,0.0,0.3920302093029022,0.2075103223323822,0.0,0.2075103223323822,0.0,1.0,-16.256948471069336,1785284726.9367168,51.1957631111145,15.333284378051758,37123.99339604613,108.48813697764112,0.4236017616708688,65.94,True,5.476089954376221
381,0.0002832229947671294,2.2303042612747959e-07,-0.0004171156033407897,0.003984952345490456,4.0771013232188125e-07,0.0036810829769819975,0.0007634204812347889,-11.963650703430176,0.36632829904556274,0.0004995045601390302,0.3572797477245331,0.34498488903045654,0.0011654808185994625,0.28087368607521057,0.06474660336971283,-3.4950966835021973,0.38974055647850037,0.0006596705643460155,0.34127357602119446,0.04846698045730591,-0.9624760150909424,0.38540545105934143,0.011788083240389824,0.36855757236480713,0.016847878694534302,-1.2893548011779785,0.00912773609161377,0.0019497722387313843,0.0,0.00912773609161377,-2.1797173023223877,0.37560248374938965,0.0,0.37560248374938965,0.2105105072259903,0.0,0.2105105072259903,0.0,0.0,-15.240966796875,1785284727.0424721,51.30151844024658,15.439039707183838,37218.31942776928,106.41207666052617,0.01036726877990879,65.94,True,5.476089954376221
382,0.0005221650935709476,1.9727522726498137e-07,-0.00048069230979308486,0.003933797590434551,3.596890394419461e-07,0.004231972619891167,0.0010462463833391666,-10.627842903137207,0.3703412711620331,0.00048552031512372196,0.3524307310581207,0.3443114161491394,0.0011539433617144823,0.2660609483718872,0.0802740529179573,-2.376063346862793,0.38958725333213806,0.0006372989155352116,0.34127357602119446,0.048313677310943604,-0.9288654327392578,0.42944562435150146,0.013106059283018112,0.44988346099853516,0.02043783664703369,-1.232466220855713,0.008741915225982666,0.001757907448336482,0.0,0.008741915225982666,-2.2311408519744873,0.3631593585014343,0.0,0.3631593585014343,0.21687553822994232,0.0,0.21687553822994232,0.0,0.0,-12.993125915527344,1785284727.1387076,51.397753953933716,15.535275220870972,37310.39761861109,104.28459279375912,0.0,65.94,True,5.476089954376221
383,0.0005552304210141301,1.9237955939388485e-07,-0.00048086451715789735,0.003906469792127609,3.4769709600368515e-07,0.004222447518259287,0.0010832056868821383,-10.39637279510498,0.36885249614715576,0.00047494060709141195,0.3483145236968994,0.34237557649612427,0.0011996387038379908,0.2209613025188446,0.12313908338546753,1.2370243072509766,0.38803279399871826,0.0006702551618218422,0.2807665765285492,0.10726621747016907,5.848341464996338,0.43986254930496216,0.013233006931841373,0.42865246534347534,0.011210083961486816,-1.2388336658477783,0.009522825479507446,0.0017594114178791642,0.0,0.009522825479507446,-2.2266783714294434,0.34931352734565735,0.0,0.34931352734565735,0.20579561591148376,0.0,0.20579561591148376,0.0,0.0,-6.482583045959473,1785284727.236594,51.49564027786255,15.633161544799805,37395.96526658333,102.16157140753711,0.0,65.94,True,5.476089954376221
384,0.0005712035344913602,1.9020407648895343e-07,-0.00047520617954432964,0.003892434760928154,3.431595132497023e-07,0.0041618263348937035,0.001080529997125268,-10.358084678649902,0.366940438747406,0.00046420624130405486,0.3438686430454254,0.339532732963562,0.001218621851876378,0.18806229531764984,0.15321749448776245,4.632244110107422,0.3862913250923157,0.0006795516819693148,0.27855032682418823,0.10774099826812744,5.812915325164795,0.44987356662750244,0.013013171963393688,0.4773753583431244,0.027501791715621948,-1.2228971719741821,0.010798037052154541,0.0017344554653391242,0.0,0.010798037052154541,-2.225980281829834,0.3542412221431732,0.0,0.3542412221431732,0.20560581982135773,0.0,0.20560581982135773,0.0,0.0,-3.7458317279815674,1785284727.3309574,51.59000372886658,15.727524995803833,37478.79616323759,100.03924811091471,0.0,65.94,True,5.476089954376221
385,0.0005933906650170684,1.9007917728686152e-07,-0.00046730090980418026,0.003880629315972328,3.421506846734701e-07,0.004081315826624632,0.0010795098496600986,-10.325718879699707,0.3656312823295593,0.0004597452934831381,0.3399592936038971,0.3370036780834198,0.0012407578760758042,0.17093400657176971,0.16804221272468567,6.480024337768555,0.3846948444843292,0.0006862108130007982,0.26657429337501526,0.11812055110931396,7.443087100982666,0.4611460566520691,0.013032913208007812,0.5112082958221436,0.05006223917007446,-1.1550501585006714,0.011313438415527344,0.0017420080257579684,0.0,0.011313438415527344,-2.2206826210021973,0.3595072627067566,0.0,0.3595072627067566,0.20719356834888458,0.0,0.20719356834888458,0.0,0.0,-1.4201557636260986,1785284727.4367144,51.69576072692871,15.833281993865967,37559.30138392749,97.92222247511995,0.0,65.94,True,5.476089954376221
386,0.0006269134464673698,1.9209923607377277e-07,-0.0004803911433555186,0.0038634235970675945,3.4426290085320943e-07,0.00418532220646739,0.0011531445197761059,-9.993805885314941,0.36455708742141724,0.00045966290053911507,0.33609870076179504,0.3337560296058655,0.0012750723399221897,0.14477673172950745,0.1911100447177887,9.54831314086914,0.38306108117103577,0.0006996796000748873,0.2308376431465149,0.15222343802452087,13.845484733581543,0.4683791995048523,0.013234761543571949,0.553242564201355,0.08486336469650269,-0.9714369773864746,0.011440053582191467,0.0017590989591553807,0.0,0.011440053582191467,-2.215338706970215,0.3582240343093872,0.0,0.3582240343093872,0.20488035678863525,0.0,0.20488035678863525,0.0,0.0,4.567586898803711,1785284727.5318093,51.79085564613342,15.928376913070679,37633.81886195497,95.81054075335717,0.0,65.94,True,5.476089954376221
387,0.0006828331970609725,1.9995535183170432e-07,-0.00045888457680121064,0.003832088550552726,3.5523487440514145e-07,0.003986731171607971,0.0011521432315930724,-10.006765365600586,0.36349815130233765,0.0004680147976614535,0.3323364853858948,0.32881584763526917,0.001339254784397781,0.10984379053115845,0.22117823362350464,13.635248184204102,0.3806394338607788,0.0007307594059966505,0.2152653932571411,0.1653740406036377,16.020658493041992,0.46430498361587524,0.013813890516757965,0.569068968296051,0.10476398468017578,-0.8248388767242432,0.011363402009010315,0.0017887984868139029,0.0,0.011363402009010315,-2.208073616027832,0.3380025029182434,0.0,0.3380025029182434,0.19056940078735352,0.0,0.19056940078735352,0.0,0.0,8.911762237548828,1785284727.636784,51.895830392837524,16.03335165977478,37703.9921646437,93.70612412253678,0.0,65.94,True,5.476089954376221
388,0.0007375837303698063,2.0733629924052366e-07,-0.00045797249185852706,0.00382097065448761,3.6724398455589835e-07,0.003968551754951477,0.0012046305928379297,-9.788602828979492,0.3628465533256531,0.00047668718616478145,0.32879018783569336,0.3258284330368042,0.0013789922231808305,0.07481950521469116,0.2533087432384491,18.781665802001953,0.37852782011032104,0.0007453237776644528,0.182384192943573,0.19614362716674805,23.127225875854492,0.45716941356658936,0.01450283732265234,0.5978240370750427,0.14065462350845337,-0.515703022480011,0.010385863482952118,0.0017831523437052965,0.0,0.010385863482952118,-2.215501546859741,0.3133126199245453,0.0,0.3133126199245453,0.17849524319171906,0.0,0.17849524319171906,0.0,0.0,16.800342559814453,1785284727.731093,51.99013924598694,16.127660512924194,37766.276887010165,91.59427956088447,0.0,65.94,True,5.476089954376221
389,0.0007946726400405169,2.1208458633736882e-07,-0.00045277862227521837,0.003804507665336132,3.732239690634742e-07,0.003913416061550379,0.0012521963799372315,-9.561250686645508,0.3627033233642578,0.00048170069931074977,0.32541191577911377,0.32394298911094666,0.0013994105393067002,0.03987196087837219,0.2865082919597626,25.00867462158203,0.37720024585723877,0.0007489184499718249,0.1626148819923401,0.21458536386489868,28.06275177001953,0.45743247866630554,0.014993946067988873,0.6401822566986084,0.18274977803230286,-0.06741690635681152,0.009458482265472412,0.001769438968040049,0.0,0.009458482265472412,-2.22432804107666,0.30019113421440125,0.0,0.30019113421440125,0.17238749563694,0.0,0.17238749563694,0.0,0.0,24.477066040039062,1785284727.8354807,52.09452700614929,16.232048273086548,37820.884885896405,89.47360850501525,0.0,65.94,True,5.476089954376221
390,0.0008451596368104219,2.1726096122165472e-07,-0.00044599641114473343,0.003793156472966075,3.803384629463835e-07,0.003844915423542261,0.0012921930756419897,-9.384193420410156,0.3624740242958069,0.00048776407493278384,0.3219727575778961,0.3228539824485779,0.0014162521110847592,0.005079537630081177,0.32034504413604736,32.07731246948242,0.3762955963611603,0.0007488413830287755,0.14787057042121887,0.2284250259399414,32.15959548950195,0.4574998915195465,0.015392118133604527,0.7078326940536499,0.2503328025341034,0.8676575422286987,0.008709952235221863,0.0017563330475240946,0.0,0.008709952235221863,-2.2317278385162354,0.28941482305526733,1.0,0.7105851769447327,0.167624369263649,1.0,0.8323756456375122,0.0,0.0,32.357452392578125,1785284727.9317815,52.1908278465271,16.328349113464355,37867.612498430106,87.34553765170645,0.20863064552056187,65.94,True,5.476089954376221
391,0.000872496806550771,2.1685754347799957e-07,-0.00045713374856859446,0.003779935883358121,3.787560274304269e-07,0.00393140921369195,0.0013382307952269912,-9.12081527709961,0.3614610731601715,0.0004797998699359596,0.31964653730392456,0.3192378878593445,0.0014014097396284342,0.0,0.32196471095085144,32.9145622253418,0.3743123412132263,0.0007272664806805551,0.11004331707954407,0.26426902413368225,45.319942474365234,0.4638682007789612,0.01519986055791378,0.7230615615844727,0.2591933608055115,1.0356322526931763,0.007786229252815247,0.001663444796577096,0.0,0.007786229252815247,-2.262270927429199,0.2733827829360962,1.0,0.7266172170639038,0.15883265435695648,1.0,0.8411673307418823,0.0,0.0,39.87080383300781,1785284728.0364838,52.29553008079529,16.433051347732544,37906.82675952338,85.18692370948469,0.42605297614549376,65.94,True,5.476089954376221
392,0.0009327042498625815,2.224856245902629e-07,-0.0004360685998108238,0.0037500590551644564,3.8463383589260047e-07,0.0037402594462037086,0.0013688079779967666,-8.996213912963867,0.360901415348053,0.0004825717769563198,0.3165431320667267,0.31751149892807007,0.001416677376255393,0.0,0.3205950856208801,32.35967254638672,0.3738793134689331,0.0007316844421438873,0.09036412835121155,0.28351518511772156,52.237491607666016,0.4656587243080139,0.015440087765455246,0.7456150650978088,0.2799563407897949,1.3715983629226685,0.006392329931259155,0.0015604256186634302,0.0,0.006392329931259155,-2.2993667125701904,0.255996972322464,1.0,0.7440030574798584,0.1513245403766632,1.0,0.8486754894256592,0.0,0.0,43.01026916503906,1785284728.1423743,52.40142059326172,16.538941860198975,37942.90155528462,82.99121398212193,0.6509834654542026,65.94,True,5.476089954376221
393,0.000995551235973835,2.3135631010973157e-07,-0.0005168475327081978,0.003710788208991289,3.9481165003962815e-07,0.004421187099069357,0.0016709327464923263,-7.591732025146484,0.35983043909072876,0.0004848296521231532,0.31482434272766113,0.31529971957206726,0.0014454041374847293,0.0,0.31849563121795654,31.230924606323242,0.3728361129760742,0.0007438218453899026,0.07299381494522095,0.29984229803085327,57.751853942871094,0.47040772438049316,0.015586959198117256,0.7717238664627075,0.30131614208221436,1.7506941556930542,0.005101710557937622,0.0014558440307155252,0.0,0.005101710557937622,-2.3382070064544678,0.24066655337810516,1.0,0.7593334317207336,0.14441470801830292,1.0,0.8555852770805359,0.0,0.0,46.26893615722656,1785284728.2370608,52.49610710144043,16.633628368377686,37975.71768405367,80.7566639608749,0.8828237424177883,65.94,True,5.476089954376221
394,0.0010649270843714476,2.399236223027401e-07,-0.0003708206641022116,0.0036622348707169294,4.029102740332746e-07,0.0031636289786547422,0.0015198616310954094,-8.541465759277344,0.3586541414260864,0.0004854216822423041,0.3128066956996918,0.3132309019565582,0.001485984306782484,0.0,0.3165684640407562,29.944908142089844,0.3715207576751709,0.0007652396452613175,0.03865721821784973,0.33286353945732117,69.72567749023438,0.4779369831085205,0.015634406358003616,0.7428321838378906,0.2648952007293701,1.0838698148727417,0.004856735467910767,0.0013980262447148561,0.0,0.004856735467910767,-2.3589720726013184,0.23202402889728546,1.0,0.7679759860038757,0.13893184065818787,1.0,0.8610681295394897,0.0,0.0,50.27729797363281,1785284728.3420906,52.601136922836304,16.73865818977356,38004.52545100632,78.50134887348102,1.1201468718403278,65.94,True,5.476089954376221
395,0.001143498346209526,2.477011378232419e-07,-0.00043607037514448166,0.003600851632654667,4.0787935517982987e-07,0.0037123202346265316,0.001583496923558414,-8.072174072265625,0.35744109749794006,0.00048395656631328166,0.30932560563087463,0.31092482805252075,0.001524824765510857,0.0,0.31462574005126953,28.870145797729492,0.36993375420570374,0.0007862586644478142,0.0050400495529174805,0.36489370465278625,82.0163345336914,0.4878373146057129,0.015540470369160175,0.7241777777671814,0.2363404631614685,0.6339250802993774,0.005086958408355713,0.001363396062515676,0.0,0.005086958408355713,-2.37045955657959,0.22765283286571503,1.0,0.7723471522331238,0.13469697535037994,1.0,0.8653030395507812,0.0,0.0,56.03211212158203,1785284728.4357755,52.69482183456421,16.832343101501465,38027.578403811014,76.23454630210887,1.3617049112741588,65.94,True,5.476089954376221
396,0.0012012909865006804,2.5973685069402563e-07,-0.000430248532211408,0.0035463059321045876,4.189682556443586e-07,0.0036530254874378443,0.0016350261867046356,-7.948799133300781,0.3563050627708435,0.000481893599499017,0.306708961725235,0.30870068073272705,0.0015621588099747896,0.0,0.312659353017807,27.841751098632812,0.368094265460968,0.0007970590377226472,0.0,0.368094265460968,82.34747314453125,0.4997798800468445,0.015233070589601994,0.8016681671142578,0.30188828706741333,1.8181992769241333,0.00459761917591095,0.001295694848522544,0.0,0.00459761917591095,-2.3972585201263428,0.22795623540878296,1.0,0.772043764591217,0.1350521743297577,1.0,0.8649477958679199,0.0,0.0,55.49833679199219,1785284728.5411296,52.80017590522766,16.937697172164917,38051.1651319453,73.94094476718996,1.6029077070251283,65.94,True,5.476089954376221
397,0.0012733772164210677,2.728859271883266e-07,-0.00044022404472343624,0.003474274417385459,4.273471745364077e-07,0.003728036070242524,0.0017322887433692813,-7.5963969230651855,0.3549268841743469,0.0004811797116417438,0.3035840094089508,0.3068552017211914,0.0016090843128040433,0.0,0.3111208975315094,26.80030632019043,0.3665926456451416,0.000810441211797297,0.0,0.3665926456451416,80.27169799804688,0.5221342444419861,0.01487936545163393,0.7630180716514587,0.24088382720947266,0.7648971080780029,0.004399105906486511,0.001264933031052351,0.0,0.004399105906486511,-2.4097800254821777,0.23147058486938477,1.0,0.7685294151306152,0.1344197541475296,1.0,0.8655802607536316,0.0,0.0,53.979698181152344,1785284728.6353917,52.89443802833557,17.031959295272827,38076.27049869043,71.63482172691522,1.8447429676618095,65.94,True,5.476089954376221
398,0.0013195278588682413,3.01690334936211e-07,-0.0004328606300987303,0.0033556276466697454,4.570168528061913e-07,0.0036565286573022604,0.0017780344933271408,-7.7798380851745605,0.3518028259277344,0.0004945493419654667,0.2995910346508026,0.30372053384780884,0.001698288950137794,0.0,0.308175653219223,24.757553100585938,0.3644927442073822,0.0008321938221342862,0.0,0.3644927442073822,77.1953353881836,0.5767917633056641,0.014734326861798763,0.7328352928161621,0.15604352951049805,-0.36356163024902344,0.003630727529525757,0.0012743854895234108,0.0,0.003630727529525757,-2.4085352420806885,0.2276279479265213,1.0,0.7723720669746399,0.12422513216733932,1.0,0.8757748603820801,0.0,0.0,50.623870849609375,1785284728.7309034,52.98994970321655,17.12747097015381,38104.7316927671,69.32994347004197,2.096772827926939,65.94,True,5.476089954376221
399,0.0013767480850219727,2.968325247820758e-07,-0.0004212580097373575,0.0033151230309158564,4.4277629740463453e-07,0.003550499677658081,0.0018133472185581923,-7.484171390533447,0.352729469537735,0.0004868149117100984,0.29441091418266296,0.3031032681465149,0.0017044931882992387,0.0,0.30866268277168274,25.279815673828125,0.36415934562683105,0.0008325583767145872,0.0,0.36415934562683105,77.01471710205078,0.5758317708969116,0.014923114329576492,0.7625877261161804,0.1867559552192688,-0.014900684356689453,0.003908142447471619,0.0012778484961017966,0.0,0.003908142447471619,-2.406373977661133,0.23076114058494568,1.0,0.7692388296127319,0.12545427680015564,1.0,0.874545693397522,0.0,0.0,51.247039794921875,1785284728.8369102,53.095956563949585,17.23347783088684,38132.569717898456,67.02722647758827,2.3475735212075106,65.94,True,5.476089954376221
400,0.0014287312515079975,2.922856765508186e-07,-0.00042025448055937886,0.0032683813478797674,4.2738460592772753e-07,0.0035321819595992565,0.0018677094485610723,-7.0879669189453125,0.353177547454834,0.0004747901111841202,0.289789617061615,0.30339112877845764,0.0017122235149145126,0.0,0.3099422752857208,25.937088012695312,0.3643478751182556,0.0008311607525683939,0.0,0.3643478751182556,77.23042297363281,0.5802339315414429,0.014894472435116768,0.7845289707183838,0.20429503917694092,0.2166280746459961,0.004459306597709656,0.0012567269150167704,0.0,0.004459306597709656,-2.4127721786499023,0.2334425002336502,1.0,0.766557514667511,0.12658539414405823,1.0,0.8734146356582642,0.0,0.0,52.27691650390625,1785284728.9318857,53.19093203544617,17.328453302383423,38159.37786632083,64.7181112841458,2.5972431567488243,65.94,True,5.476089954376221
401,0.0014975067460909486,2.8771398774551926e-07,-0.00040167084080167115,0.0032101385295391083,4.1106420667347265e-07,0.0033675648737698793,0.001905691111460328,-6.7467241287231445,0.3536936640739441,0.00046409518108703196,0.2861962616443634,0.30450668931007385,0.0017325641820207238,0.0,0.31189778447151184,26.488733291625977,0.36519667506217957,0.0008377223857678473,0.0,0.36519667506217957,76.97843933105469,0.5840293765068054,0.014857598580420017,0.8011667728424072,0.2171373963356018,0.40100133419036865,0.005071312189102173,0.0012339191744104028,0.0,0.005071312189102173,-2.4194202423095703,0.23700548708438873,1.0,0.7629945278167725,0.12737451493740082,1.0,0.872625470161438,0.0,0.0,52.9334831237793,1785284729.0370338,53.296080112457275,17.43360137939453,38185.52944812333,62.40234802704367,2.846123626793312,65.94,True,5.476089954376221
402,0.0015886485343798995,2.819827784605877e-07,-0.000399173324694857,0.0031357507687062025,3.9194048895296874e-07,0.0033384612761437893,0.0019981309305876493,-6.019970893859863,0.35458648204803467,0.00045516437967307866,0.2789844870567322,0.3074414134025574,0.0017504070419818163,0.0,0.316600501537323,28.094675064086914,0.36737069487571716,0.000843093148432672,0.0,0.36737069487571716,77.41905975341797,0.5855261087417603,0.014758646488189697,0.7381582260131836,0.15263211727142334,-0.3997732400894165,0.005646198987960815,0.001185891218483448,0.0,0.005646198987960815,-2.436250686645508,0.23580875992774963,1.0,0.7641912698745728,0.1249651089310646,1.0,0.8750348687171936,0.0,0.0,55.16529846191406,1785284729.1416297,53.400676012039185,17.53819727897644,38209.449214587694,60.0697543256056,3.097413495393555,65.94,True,5.476089954376221
403,0.001707493793219328,2.7192771767658996e-07,-0.0004056120233144611,0.003042773110792041,3.6693782590191404e-07,0.0033844017889350653,0.0021405431907624006,-4.760692596435547,0.35628390312194824,0.0004486578982323408,0.2738155126571655,0.3127628266811371,0.0017410886939615011,0.0,0.3234526515007019,30.477725982666016,0.3713231384754181,0.0008376672631129622,0.0,0.3713231384754181,79.677001953125,0.5783402919769287,0.014561581425368786,0.6324997544288635,0.054159462451934814,-1.0950270891189575,0.006148353219032288,0.001102795242331922,0.0,0.006148353219032288,-2.4688761234283447,0.22647109627723694,0.0,0.22647109627723694,0.11748018860816956,0.0,0.11748018860816956,0.0,0.0,59.459991455078125,1785284729.2357948,53.4948410987854,17.632362365722656,38229.074288058895,57.70453518738469,2.591148683884774,65.94,True,5.476089954376221
404,0.001854888629168272,2.5948642701223434e-07,-0.00038764631608501077,0.0029264690820127726,3.3849053693302267e-07,0.0032259284052997828,0.0022624407429248095,-3.371100902557373,0.3572704792022705,0.000439340656157583,0.2669655978679657,0.3208858370780945,0.0017136485548689961,0.0,0.33335068821907043,34.11253356933594,0.3772450089454651,0.000824450165964663,0.0,0.3772450089454651,83.67684936523438,0.573651134967804,0.013959201984107494,0.5578054189682007,0.01584571599960327,-1.2078760862350464,0.006837084889411926,0.0009906016057357192,0.0,0.006837084889411926,-2.516065835952759,0.20367109775543213,0.0,0.20367109775543213,0.10280968248844147,0.0,0.10280968248844147,0.0,0.0,65.75735473632812,1785284729.340328,53.599374294281006,17.73689556121826,38242.401998248846,55.29212633663937,2.070213366256265,65.94,True,5.476089954376221
405,0.002021488733589649,2.4034542889239674e-07,-0.00037596304900944233,0.002796247135847807,3.0267446504694817e-07,0.003121033078059554,0.002419351367279887,-1.1564435958862305,0.3595467507839203,0.0004275926621630788,0.261878103017807,0.33148321509361267,0.0016312708612531424,0.0,0.34557241201400757,39.58411407470703,0.38506776094436646,0.0007804887136444449,0.0,0.38506776094436646,92.33110046386719,0.5619639754295349,0.013304357416927814,0.4840223491191864,0.07794162631034851,-1.0125885009765625,0.006667077541351318,0.0008770299609750509,0.0,0.006667077541351318,-2.575205087661743,0.17993125319480896,0.0,0.17993125319480896,0.08940437436103821,0.0,0.08940437436103821,0.0,0.0,76.67639923095703,1785284729.4344172,53.69346356391907,17.830984830856323,38244.81066394417,52.820578234185064,1.535872740500353,65.94,True,5.476089954376221
406,0.0022229687310755253,2.25115243779328e-07,-0.00037173531018197536,0.0026539370883256197,2.716089113619091e-07,0.0030788443982601166,0.0026292651891708374,1.9108915328979492,0.3626120388507843,0.0004191678890492767,0.2537042498588562,0.3453632891178131,0.0015279200160875916,0.0,0.36212801933288574,47.8875732421875,0.3955264091491699,0.000724265817552805,0.0,0.3955264091491699,105.30357360839844,0.5458451509475708,0.012906950898468494,0.40947332978248596,0.13637182116508484,-0.535619854927063,0.00587792694568634,0.0007800650782883167,0.0,0.00587792694568634,-2.6369826793670654,0.1608649045228958,0.0,0.1608649045228958,0.08107825368642807,0.0,0.08107825368642807,0.0,0.0,92.87274169921875,1785284729.539838,53.79888439178467,17.936405658721924,38231.02298717123,50.287252540025435,0.9932059940698308,65.94,True,5.476089954376221
407,0.0024611428380012512,2.2650840492133284e-07,-0.0004121663514524698,0.0024858054239302874,2.6200854108537897e-07,0.0034042089246213436,0.0030165163334459066,6.444085597991943,0.36329782009124756,0.00041463153320364654,0.24470961093902588,0.36506593227386475,0.0014690769603475928,0.0,0.3838441073894501,57.0003662109375,0.41109034419059753,0.0006781446863897145,0.0,0.41109034419059753,121.87206268310547,0.5434730052947998,0.013743022456765175,0.3367220163345337,0.2067509889602661,0.33051466941833496,0.003441840410232544,0.0007173208869062364,0.0,0.003441840410232544,-2.6927976608276367,0.17089523375034332,0.0,0.17089523375034332,0.09557940810918808,0.0,0.09557940810918808,0.0,0.0,112.98040771484375,1785284729.6253,53.88434624671936,18.021867513656616,38197.127644382665,47.698111864405234,0.46504040206206854,65.94,True,5.476089954376221
408,0.002700190991163254,2.382992931870831e-07,-0.00034245135611854494,0.002295257057994604,2.585754259598616e-07,0.0028209511656314135,0.003087721997871995,6.587810516357422,0.36480581760406494,0.00042484188452363014,0.23828093707561493,0.37833067774772644,0.0013592871837317944,0.0,0.39892685413360596,66.1466064453125,0.42180877923965454,0.0006115626310929656,0.0,0.42180877923965454,142.68479919433594,0.5550569295883179,0.013670469634234905,0.2511536478996277,0.3039032816886902,2.1506619453430176,0.002142995595932007,0.0007241835701279342,0.0,0.002142995595932007,-2.6931235790252686,0.18425187468528748,1.0,0.8157480955123901,0.11059901863336563,1.0,0.8894009590148926,1.0,0.0,130.84750366210938,1785284729.730294,53.98934030532837,18.126861572265625,38145.365205646835,45.1086452705874,0.730696360960011,65.94,True,5.476089954376221
409,0.002969637978821993,2.6039887757178803e-07,-0.0002945726737380028,0.002102899132296443,2.631819313592132e-07,0.002421621698886156,0.00327973417006433,7.334269046783447,0.36838865280151367,0.0004491612780839205,0.23134495317935944,0.3914373815059662,0.0012299331137910485,0.0,0.41473388671875,77.82937622070312,0.4322148561477661,0.0005320358905009925,0.0,0.4322148561477661,172.71070861816406,0.5632606744766235,0.013970932923257351,0.1869882345199585,0.37627243995666504,3.8505330085754395,0.0009649097919464111,0.0007541283266618848,0.0,0.0009649097919464111,-2.6754181385040283,0.20027980208396912,1.0,0.7997201681137085,0.13387854397296906,1.0,0.8661214709281921,1.0,0.0,155.953125,1785284729.8248444,54.08389067649841,18.22141194343567,38068.497145573114,43.30175445454381,0.9730728317712529,65.94,True,5.476089954376221
410,0.00324208103120327,2.8548925001814496e-07,-0.0003328191232867539,0.0019322410225868225,2.6861980018111353e-07,0.0027292650192976,0.003662670962512493,10.303263664245605,0.3726612329483032,0.00047312938841059804,0.22161610424518585,0.40169382095336914,0.0011260753963142633,0.0,0.42915329337120056,90.37179565429688,0.43999725580215454,0.0004693160008173436,0.0,0.43999725580215454,203.3418731689453,0.5710195899009705,0.014150832779705524,0.11120855808258057,0.4598110318183899,6.260397911071777,-0.00040009617805480957,0.0008058116654865444,0.0,0.00040009617805480957,-2.6427924633026123,0.21858972311019897,1.0,0.781410276889801,0.16246354579925537,1.0,0.8375364542007446,1.0,0.0,184.27163696289062,1785284729.9293692,54.18841552734375,18.325936794281006,37963.3105735365,44.84088993263899,1.1868642858550473,65.94,True,5.476089954376221
411,0.0035324273630976677,3.112487547696219e-07,-0.00031627871794626117,0.0017808107659220695,2.732421648943273e-07,0.0025876425206661224,0.003932367544621229,11.776637077331543,0.3791266679763794,0.000499142799526453,0.20880180597305298,0.4102807343006134,0.0010239063994958997,0.0,0.4442306160926819,105.85491943359375,0.44600826501846313,0.0004084659449290484,0.0,0.44600826501846313,240.5179443359375,0.5785406827926636,0.014384463429450989,0.03670376539230347,0.5418369174003601,9.003146171569824,-0.0021934211254119873,0.0008953320211730897,0.0,0.0021934211254119873,-2.5875327587127686,0.24438872933387756,1.0,0.7556113004684448,0.20384804904460907,1.0,0.7961519360542297,1.0,0.0,216.71954345703125,1785284730.026166,54.28521227836609,18.422733545303345,37825.67609500575,46.32476570614432,1.3592712217923268,65.94,True,5.476089954376221
412,0.0037995902821421623,3.6499773159448523e-07,-0.0002955742529593408,0.0017081776168197393,3.0374124548870896e-07,0.002412069123238325,0.004155218135565519,10.711503982543945,0.39218348264694214,0.0005811916198581457,0.19889019429683685,0.42108258605003357,0.0009218166815117002,0.0,0.4633280038833618,122.93543243408203,0.45356452465057373,0.0003460121515672654,0.0,0.45356452465057373,294.2083435058594,0.5600985884666443,0.016738537698984146,0.0,0.5600985884666443,8.244820594787598,-0.00602036714553833,0.001040822477079928,0.0,0.00602036714553833,-2.4975218772888184,0.2580324411392212,1.0,0.7419675588607788,0.24711528420448303,1.0,0.7528847455978394,1.0,0.0,256.1640319824219,1785284730.1322072,54.39125347137451,18.528774738311768,37648.59712794961,47.7186305982257,1.488410967273216,65.94,True,5.476089954376221
413,0.004155939444899559,4.553959911390848e-07,-0.00028106034733355045,0.0015879743732511997,3.530575725108065e-07,0.0022884653881192207,0.004491954110562801,9.418639183044434,0.41001060605049133,0.0007163911359384656,0.18404339253902435,0.43403416872024536,0.0007956603658385575,0.0,0.48933306336402893,148.67007446289062,0.46194255352020264,0.0002698147436603904,0.0,0.46194255352020264,392.249755859375,0.5326697826385498,0.020692629739642143,0.10010689496994019,0.4325628876686096,3.5011403560638428,-0.011165916919708252,0.0012008144985884428,0.0,0.011165916919708252,-2.3915252685546875,0.24523217976093292,1.0,0.7547678351402283,0.2672805190086365,1.0,0.7327194809913635,1.0,0.0,324.47955322265625,1785284730.2268062,54.48585247993469,18.62337374687195,37403.20263965323,49.00649888157295,1.5973854481476293,65.94,True,5.476089954376221
414,0.0045737577602267265,5.593981882157095e-07,-0.0002578016428742558,0.0014180102152749896,4.0296799852512777e-07,0.002094068331643939,0.004878628998994827,8.709832191467285,0.4289943277835846,0.0008708361419849098,0.17553579807281494,0.4470753073692322,0.0006644722889177501,0.0,0.5139236450195312,181.9436798095703,0.4692824184894562,0.00020073537598364055,0.0,0.4692824184894562,545.210205078125,0.5151106119155884,0.02447034977376461,0.3432365655899048,0.1718740463256836,-0.33260631561279297,-0.014963120222091675,0.001391391851939261,0.0,0.014963120222091675,-2.2893295288085938,0.22221946716308594,1.0,0.7777805328369141,0.2625802755355835,1.0,0.7374197244644165,1.0,0.0,426.869873046875,1785284730.3314848,54.59053111076355,18.728052377700806,37055.417831532635,50.19217142517411,1.7110601724950953,65.94,True,5.476089954376221
415,0.004946401808410883,6.254142022044107e-07,-0.00026367459213361144,0.0012611221754923463,4.217892239921639e-07,0.0021367291919887066,0.0052831415086984634,9.966458320617676,0.44584742188453674,0.00097798986826092,0.16831731796264648,0.4587569534778595,0.0005454946658574045,0.0,0.5361724495887756,226.89974975585938,0.47491687536239624,0.00014965700393076986,0.0,0.47491687536239624,750.05859375,0.5114871263504028,0.026602687314152718,0.44183215498924255,0.06965497136116028,-0.8032426834106445,-0.01712767779827118,0.0016755779506638646,0.0,0.01712767779827118,-2.1893210411071777,0.21284234523773193,1.0,0.7871576547622681,0.26467186212539673,1.0,0.7353281378746033,1.0,0.0,566.5155639648438,1785284730.4273152,54.68636155128479,18.823882818222046,36567.98733249407,51.27783548107385,1.8226433102527482,65.94,True,5.476089954376221
416,0.005244134925305843,6.740684739270364e-07,-0.0002454637724440545,0.0011336300522089005,4.2947155520778324e-07,0.0019839296583086252,0.005555060692131519,10.597883224487305,0.4611435532569885,0.0010638408130034804,0.1624269336462021,0.46968305110931396,0.0004463962686713785,0.0,0.5566271543502808,283.5885314941406,0.4797409772872925,0.00011313789582345635,0.0,0.4797409772872925,1013.5032958984375,0.511573076248169,0.02803429588675499,0.4874360263347626,0.024137049913406372,-0.8578340411186218,-0.018833070993423462,0.0021457697730511427,0.0,0.018833070993423462,-2.070542812347412,0.21210339665412903,1.0,0.7878966331481934,0.2766589820384979,1.0,0.7233409881591797,1.0,0.0,744.2203369140625,1785284730.5230668,54.78211307525635,18.919634342193604,35902.85206050629,52.244721308213826,1.9222392982949774,65.94,True,5.476089954376221
417,0.005458194762468338,7.133460258046398e-07,-0.00023818913905415684,0.0010408470407128334,4.348308380031085e-07,0.0019204943673685193,0.0057639023289084435,11.070894241333008,0.4738609790802002,0.0011336065363138914,0.15682078897953033,0.47803255915641785,0.0003797092358581722,0.0,0.5736110210418701,339.7506408691406,0.4832251965999603,9.122851770371199e-05,0.0,0.4832251965999603,1276.0572509765625,0.5121866464614868,0.028971781954169273,0.5223230719566345,0.010136425495147705,-0.8500046730041504,-0.02102343738079071,0.0027125889901071787,0.0,0.02102343738079071,-1.95451819896698,0.21877479553222656,0.0,0.21877479553222656,0.29783549904823303,0.0,0.29783549904823303,1.0,0.0,920.9000244140625,1785284730.6268675,54.88591384887695,19.02343511581421,35061.037101018504,53.09558252197337,1.59632979722626,65.94,True,5.476089954376221
418,0.005618802271783352,7.517911626564455e-07,-0.00022686365991830826,0.0009777969680726528,4.397185193738551e-07,0.001824790146201849,0.005906709004193544,11.01158618927002,0.4838202893733978,0.0011959768598899245,0.15053682029247284,0.48467350006103516,0.0003311085165478289,0.0,0.5882059931755066,395.63531494140625,0.4858230650424957,7.742521120235324e-05,0.0,0.4858230650424957,1520.3924560546875,0.5128342509269714,0.029454605653882027,0.548539936542511,0.03570568561553955,-0.8218722343444824,-0.02459220588207245,0.003309395397081971,0.0,0.02459220588207245,-1.8451837301254272,0.22652503848075867,0.0,0.22652503848075867,0.32264459133148193,0.0,0.32264459133148193,1.0,0.0,1087.716064453125,1785284730.7317038,54.9907500743866,19.128271341323853,34052.40610149166,53.83710926689136,1.2952293884407917,65.94,True,5.476089954376221
419,0.005726806819438934,7.762985205772566e-07,-0.00021827500313520432,0.0009452397935092449,4.397906820940989e-07,0.0017515562940388918,0.005999512039124966,10.98862075805664,0.49129223823547363,0.0012487097410485148,0.14625795185565948,0.4890890121459961,0.0002968639601022005,0.0,0.598545491695404,444.99432373046875,0.4874458312988281,6.880455475766212e-05,0.0,0.4874458312988281,1722.78173828125,0.5126450061798096,0.029768140986561775,0.5732528567314148,0.060607850551605225,-0.7765210866928101,-0.02760663628578186,0.0038096068892627954,0.0,0.02760663628578186,-1.7661490440368652,0.239776611328125,0.0,0.239776611328125,0.3472908139228821,0.0,0.3472908139228821,1.0,0.0,1228.375,1785284730.8260643,55.085110664367676,19.22263193130493,32903.11616641794,54.49960132572079,1.0187752022467236,65.94,True,5.476089954376221
420,0.0057993438094854355,7.893694942140428e-07,-0.0002226089418400079,0.0009419133421033621,4.3530837956495816e-07,0.0017820823704823852,0.006080279592424631,11.269219398498535,0.4960806369781494,0.0012948629446327686,0.14130693674087524,0.4917639493942261,0.00027233848231844604,0.0,0.6063795685768127,487.0015869140625,0.48839348554611206,6.361871055560187e-05,0.0,0.48839348554611206,1870.7578125,0.511377215385437,0.02995835803449154,0.5894526243209839,0.07807540893554688,-0.73329758644104,-0.029741257429122925,0.004249440506100655,0.0,0.029741257429122925,-1.707468032836914,0.2580660581588745,0.0,0.2580660581588745,0.37110668420791626,0.0,0.37110668420791626,1.0,0.0,1336.2493896484375,1785284730.9315436,55.190589904785156,19.328111171722412,31645.95184169578,55.10341237335027,0.7661368863376896,65.94,True,5.476089954376221
421,0.005848812870681286,8.120307484205114e-07,-0.0002064697036985308,0.000976410461589694,4.4986239799982286e-07,0.0016488509718328714,0.006092505529522896,10.598428726196289,0.4989745616912842,0.0013337135314941406,0.13582094013690948,0.49364757537841797,0.0002676625445019454,0.0,0.6128364205360413,499.071044921875,0.4895179569721222,6.212760490598157e-05,0.0,0.4895179569721222,1924.589111328125,0.5069137215614319,0.030815575271844864,0.611467719078064,0.10455399751663208,-0.6435587406158447,-0.029481753706932068,0.004530758131295443,0.0,0.029481753706932068,-1.68357515335083,0.24895380437374115,0.0,0.24895380437374115,0.3617981970310211,0.0,0.3617981970310211,1.0,0.0,1372.1497802734375,1785284731.0243683,55.28341460227966,19.42093586921692,30352.88712634862,55.68333054149366,0.5041900832517605,65.94,True,5.476089954376221
422,0.005888121202588081,8.343558306478371e-07,-0.0001972473692148924,0.0010025189258158207,4.6479303250634985e-07,0.0015717016067355871,0.0061119296588003635,10.089044570922852,0.502122163772583,0.0013742685550823808,0.1321437507867813,0.49520599842071533,0.00026155225350521505,0.0,0.618152916431427,513.0164184570312,0.4904508590698242,6.0547325119841844e-05,0.0,0.4904508590698242,1982.4598388671875,0.5035221576690674,0.03165576606988907,0.6280491352081299,0.1245269775390625,-0.5625478625297546,-0.02766449749469757,0.004938191268593073,0.0,0.02766449749469757,-1.6589492559432983,0.2389010488986969,0.0,0.2389010488986969,0.34589993953704834,0.0,0.34589993953704834,1.0,0.0,1411.732177734375,1785284731.1284785,55.38752484321594,19.5250461101532,29020.240013540526,56.23862281222952,0.22634502267185852,65.94,True,5.476089954376221
423,0.005919917486608028,8.606097026131465e-07,-0.0001934119063662365,0.0010283158626407385,4.827336397283943e-07,0.0015373708447441459,0.006134487222880125,9.564546585083008,0.5058937072753906,0.0014207287458702922,0.12737420201301575,0.49661415815353394,0.0002539002744015306,0.0,0.6244218349456787,530.518310546875,0.49133211374282837,5.8819179685087875e-05,0.0,0.49133211374282837,2048.16162109375,0.5006231069564819,0.03260624408721924,0.647986114025116,0.14736300706863403,-0.45968568325042725,-0.023796498775482178,0.005572405178099871,0.0,0.023796498775482178,-1.6252152919769287,0.2246367633342743,0.0,0.2246367633342743,0.31959420442581177,0.0,0.31959420442581177,1.0,0.0,1458.06005859375,1785284731.2228332,55.481879472732544,19.6194007396698,27641.265019873055,56.760181118999014,0.0,65.94,True,5.476089954376221
424,0.0059523805975914,8.980710504147282e-07,-0.00018782619736157358,0.0010469923727214336,5.075916078567388e-07,0.0014894816558808088,0.006156130228191614,8.813066482543945,0.511170506477356,0.0014785578241571784,0.1245250403881073,0.4982021152973175,0.00024292495800182223,0.0,0.6306346654891968,555.8407592773438,0.4923248589038849,5.6378106819465756e-05,0.0,0.4923248589038849,2145.654052734375,0.4988407492637634,0.03379230946302414,0.657245397567749,0.1584046483039856,-0.4035540819168091,-0.01721101999282837,0.006556971464306116,0.0,0.01721101999282837,-1.5720865726470947,0.20105108618736267,0.0,0.20105108618736267,0.2775770127773285,0.0,0.2775770127773285,0.0,0.0,1526.312744140625,1785284731.3288455,55.587891817092896,19.72541308403015,26194.03734065871,57.22861070643867,0.0,65.94,True,5.476089954376221
425,0.006002417765557766,9.551050652589765e-07,-0.0001917722838697955,0.0010241970885545015,5.425676476988883e-07,0.0015174014260992408,0.006213794462382793,8.00358772277832,0.5196124315261841,0.001560610719025135,0.12137352675199509,0.5006250739097595,0.00022414443083107471,0.0,0.6397027969360352,604.2879028320312,0.493580162525177,5.208777292864397e-05,0.0,0.493580162525177,2334.553466796875,0.4962656795978546,0.035351771861314774,0.6699489951133728,0.1736833155155182,-0.3256116509437561,-0.007279694080352783,0.008129826746881008,0.0,0.007279694080352783,-1.4839102029800415,0.16636613011360168,0.0,0.16636613011360168,0.2178071290254593,0.0,0.2178071290254593,0.0,0.0,1658.710693359375,1785284731.4349597,55.69400596618652,19.83152723312378,24614.411712225614,57.60886392421128,0.0,65.94,True,5.476089954376221
426,0.006087389774620533,1.023189042825834e-06,-0.00018125800124835223,0.0009285928681492805,5.885428890906041e-07,0.0014305498916655779,0.006288712844252586,7.185513496398926,0.536587119102478,0.0016267342725768685,0.11859718710184097,0.5042601823806763,0.00020228192443028092,0.0,0.6549763083457947,676.6002807617188,0.49529021978378296,4.636941594071686e-05,0.0,0.49529021978378296,2641.125732421875,0.4943859279155731,0.03550517186522484,0.6894659996032715,0.19508007168769836,-0.21417462825775146,-0.0026243627071380615,0.009292392060160637,0.0,0.0026243627071380615,-1.4199705123901367,0.16047531366348267,0.0,0.16047531366348267,0.2111811339855194,0.0,0.2111811339855194,0.0,0.0,1869.028564453125,1785284731.5287297,55.78777599334717,19.925297260284424,22824.46821269877,57.92517745139398,0.0,65.94,True,5.476089954376221
427,0.006123787723481655,1.0903756901825545e-06,-0.00017754558939486742,0.0008348068222403526,6.253843025660899e-07,0.001397967804223299,0.006326448637992144,6.292350769042969,0.5473952293395996,0.0017203078605234623,0.1158679649233818,0.5075210332870483,0.00018293334869667888,0.0,0.6661781668663025,752.4951782226562,0.49649444222450256,4.214556247461587e-05,0.0,0.49649444222450256,2920.350341796875,0.4910256862640381,0.036769259721040726,0.6976783275604248,0.20665264129638672,-0.15188777446746826,0.007649511098861694,0.011774049140512943,0.0,0.007649511098861694,-1.2995052337646484,0.1340150684118271,0.0,0.1340150684118271,0.16023917496204376,0.0,0.16023917496204376,0.0,0.0,2068.463623046875,1785284731.6242325,55.88327884674072,20.02080011367798,20835.089654578172,58.12102569995119,0.0,65.94,True,5.476089954376221
428,0.006163299083709717,1.168917037830397e-06,-0.0001732174860080704,0.0007643229328095913,6.673585630778689e-07,0.0013607077999040484,0.00636452017351985,5.339303970336914,0.5569166541099548,0.0018326082499697804,0.11419183760881424,0.5114032626152039,0.00016850898100528866,0.0,0.6764159798622131,823.841552734375,0.49781784415245056,3.926330464310013e-05,0.0,0.49781784415245056,3151.752685546875,0.48407453298568726,0.03812515363097191,0.7085671424865723,0.224492609500885,-0.053561270236968994,0.016674891114234924,0.015352722257375717,0.0,0.016674891114234924,-1.1602373123168945,0.11530710011720657,0.0,0.11530710011720657,0.12484459578990936,0.0,0.12484459578990936,0.0,0.0,2240.288818359375,1785284731.7290976,55.98814392089844,20.125665187835693,19547.924762799103,58.17760602706065,0.0,65.94,True,5.476089954376221
429,0.006203616037964821,1.2640240356631693e-06,-0.0001715235412120819,0.0007227815221995115,7.212473747131298e-07,0.0013444534270092845,0.00640537915751338,4.320648193359375,0.56575608253479,0.0019721323624253273,0.1122635006904602,0.5157039761543274,0.0001569673913763836,0.0,0.6867358088493347,893.6365356445312,0.4992266297340393,3.724363705259748e-05,0.0,0.4992266297340393,3341.72314453125,0.4725700616836548,0.0394996777176857,0.7192224860191345,0.24665242433547974,0.0733073353767395,0.025159314274787903,0.020320046693086624,0.0,0.025159314274787903,-1.0135595798492432,0.09973552078008652,0.0,0.09973552078008652,0.09804429858922958,0.0,0.09804429858922958,0.0,0.0,2390.09130859375,1785284731.8344543,56.09350061416626,20.231021881103516,21857.931006466573,58.087508621702455,0.0,65.94,True,5.476089954376221
430,0.00622334610670805,1.367581944577978e-06,-0.00017576276150066406,0.0007196245715022087,7.909482633294829e-07,0.0013744643656536937,0.0064325276762247086,3.303870677947998,0.574357271194458,0.0021426782477647066,0.11115161329507828,0.5199806690216064,0.00014635274419561028,0.0,0.6963759064674377,968.1451416015625,0.5005186796188354,3.560250479495153e-05,0.0,0.5005186796188354,3514.074462890625,0.4548843502998352,0.04087552800774574,0.7240050435066223,0.2691206932067871,0.20625954866409302,0.034323595464229584,0.02688153274357319,0.0,0.034323595464229584,-0.8673064112663269,0.0849071517586708,0.0,0.0849071517586708,0.07575159519910812,0.0,0.07575159519910812,0.0,0.0,2534.857177734375,1785284731.9398456,56.19889187812805,20.336413145065308,24312.70311927467,57.851158047761345,0.0,65.94,True,5.476089954376221
431,0.006208846345543861,1.4657771316706203e-06,-0.00016624493582639843,0.0007578087970614433,8.747895208216505e-07,0.0012967827497050166,0.006397834047675133,2.176272392272949,0.5826442241668701,0.002335921162739396,0.10992058366537094,0.523765504360199,0.00013643245620187372,0.0,0.7055479884147644,1047.5616455078125,0.5015400052070618,3.419867789489217e-05,0.0,0.5015400052070618,3673.43994140625,0.43257880210876465,0.042323723435401917,0.7347040176391602,0.3021252155303955,0.41608572006225586,0.04445289075374603,0.03481481224298477,0.0,0.04445289075374603,-0.7315380573272705,0.07153613120317459,0.0,0.07153613120317459,0.058013010770082474,0.0,0.058013010770082474,0.0,0.0,2676.945556640625,1785284732.034617,56.29366326332092,20.43118453025818,26909.563610989015,57.47903911988118,0.0,65.94,True,5.476089954376221
432,0.006158127449452877,1.541825668027741e-06,-0.00016860305913724005,0.0008261275943368673,9.619600405130768e-07,0.001312156324274838,0.006345371715724468,1.3228001594543457,0.590218186378479,0.0025301671121269464,0.10911520570516586,0.5267250537872314,0.00012734274787362665,0.0,0.7133718132972717,1129.4447021484375,0.5022191405296326,3.300699609098956e-05,0.0,0.5022191405296326,3816.526123046875,0.4090685248374939,0.0437304750084877,0.7354882955551147,0.32641977071762085,0.5723398923873901,0.054992884397506714,0.04333558306097984,0.0,0.054992884397506714,-0.6155591011047363,0.061628084629774094,0.0,0.061628084629774094,0.04567805305123329,0.0,0.04567805305123329,0.0,0.0,2813.1416015625,1785284732.1292849,56.388331174850464,20.52585244178772,29642.620147625235,56.99094123577848,0.0,65.94,True,5.476089954376221
433,0.00609081145375967,1.5948839973134454e-06,-0.00016633544873911887,0.000895913690328598,1.0415360520710237e-06,0.0012915035476908088,0.006269639357924461,0.625452995300293,0.5969408750534058,0.002699207980185747,0.10815761238336563,0.5288530588150024,0.00011966273450525478,0.0,0.7201351523399353,1207.261474609375,0.5026631355285645,3.2073803595267236e-05,0.0,0.5026631355285645,3934.633056640625,0.3884994387626648,0.04484251141548157,0.7535295486450195,0.36503010988235474,0.8523608446121216,0.06498406082391739,0.05153288692235947,0.0,0.06498406082391739,-0.5228559374809265,0.055580928921699524,0.0,0.055580928921699524,0.037943143397569656,0.0,0.037943143397569656,0.0,0.0,2933.751220703125,1785284732.233429,56.492475271224976,20.62999653816223,32496.28630340208,56.41014018805197,0.0,65.94,True,5.476089954376221
434,0.00608281884342432,1.637565333112434e-06,-0.00016500534547958523,0.0009203208610415459,1.088635826818063e-06,0.0012782263802364469,0.006258066743612289,0.2889695167541504,0.6025350093841553,0.0028019396122545004,0.10760242491960526,0.529500424861908,0.00011403619282646105,0.0,0.7247958183288574,1267.377685546875,0.5027627348899841,3.109380486421287e-05,0.0,0.5027627348899841,4060.37158203125,0.3802781403064728,0.04525283724069595,0.7642637491226196,0.38398560881614685,1.0003173351287842,0.07507336139678955,0.057858824729919434,0.0,0.07507336139678955,-0.4572313129901886,0.050789471715688705,0.0,0.050789471715688705,0.03077242709696293,0.0,0.03077242709696293,0.0,0.0,3044.376953125,1785284732.3382516,56.59729790687561,20.734819173812866,35460.578191600805,55.76371451583472,0.0,65.94,True,5.476089954376221
435,0.006081142462790012,1.6909091300476575e-06,-0.00011027880100300536,0.0009393841028213501,1.1379722764104372e-06,0.0008525948505848646,0.00619202945381403,-0.31183290481567383,0.6081610918045044,0.002896759891882539,0.10712731629610062,0.530056357383728,0.00010924619709840044,0.0,0.7293795943260193,1323.5869140625,0.502846896648407,3.0236991733545437e-05,0.0,0.502846896648407,4176.935546875,0.37296366691589355,0.04547308385372162,0.7547595500946045,0.38179588317871094,0.9764164686203003,0.08493617177009583,0.0642959401011467,0.0,0.08493617177009583,-0.39708977937698364,0.04773178696632385,0.0,0.04773178696632385,0.02582012116909027,0.0,0.02582012116909027,0.0,0.0,3147.025390625,1785284732.4324908,56.69153714179993,20.829058408737183,38527.518517299526,55.05714731000427,0.0,65.94,True,5.476089954376221
