{
  "timestamp": "2026-01-27T19:21:55.374750",
  "initial_pose": {
    "position": {
      "x": 81380.72506385113,
      "y": 49918.78046596697,
      "z": 41.26299381158614
    },
    "orientation": {
      "x": 0.004759620724091345,
      "y": -0.00496522158539755,
      "z": 0.3005867482407784,
      "w": 0.9537296783508447
    }
  },
  "goal_pose": {
    "position": {
      "x": 81443.0546875,
      "y": 49955.75,
      "z": 0.0
    },
    "orientation": {
      "x": 0.0,
      "y": 0.0,
      "z": -0.9552960416271099,
      "w": 0.2956509307470124
    },
    "frame_id": "map"
  },
  "current_pose": null
}