{
  "timestamp": "2026-01-30T16:27:08.897381",
  "goal_pose": {
    "position": {
      "x": 81536.296875,
      "y": 50196.63671875,
      "z": 34.34079191444999
    },
    "orientation": {
      "x": 0.0,
      "y": 0.0,
      "z": 0.10657199675278987,
      "w": 0.9943049881742138
    },
    "frame_id": "map"
  },
  "route_accepted": true
}