window,position_pred_mean_0,position_pred_var_0,position_actual_0,position_pred_mean_1,position_pred_var_1,position_actual_1,position_residual_l2,position_nll,velocity_pred_mean_0,velocity_pred_var_0,velocity_actual_0,velocity_pred_mean_1,velocity_pred_var_1,velocity_actual_1,velocity_residual_l2,velocity_nll,steering_pred_mean,steering_pred_var,steering_actual,steering_residual,steering_nll,acceleration_pred_mean,acceleration_pred_var,acceleration_actual,acceleration_residual,acceleration_nll,traffic_light_state_pred_mean,traffic_light_state_pred_var,traffic_light_state_actual,traffic_light_state_residual,traffic_light_state_nll,traffic_light_detected_pred,traffic_light_detected_actual,traffic_light_detected_residual,traffic_light_discrepancy_pred,traffic_light_discrepancy_actual,traffic_light_discrepancy_residual,has_adjacent_lane_actual,n_objects_actual,combined_nll,t_sim,t_bag_rel,t_rel_fault,cusum_combined,cusum_tl_state,cusum_tl_discrepancy,permanent_stop_rel_s,likely_static_collision,mrm_first_trigger_rel_s
0,0.001086074160411954,1.9650579474728147e-07,0.0010236880043521523,0.00041564367711544037,1.6839609884300444e-07,0.000593052594922483,0.0001880583877209574,-13.578527450561523,0.11238034069538116,0.00036022948916070163,0.10076198726892471,0.5631330013275146,0.0002967847394756973,0.55125492811203,0.016615496948361397,-5.762702465057373,0.5533521175384521,0.0003659153589978814,0.5754282474517822,0.022076129913330078,-2.371675491333008,0.9494783878326416,0.002933621872216463,1.0,0.0505216121673584,-1.5617892742156982,0.3077969253063202,0.001853177440352738,0.33000001311302185,0.02220308780670166,-2.093479633331299,0.8730078935623169,1.0,0.1269921064376831,0.03460492193698883,0.0,0.03460492193698883,1.0,0.0,-19.374526977539062,1785282654.8177583,3.0011868476867676,-24.08605456352234,0.0,0.0,0.0,96.48,True,1.8231210708618164
1,0.0011132345534861088,1.9752543778395193e-07,0.001101344358175993,0.0004772776737809181,1.664082134311684e-07,0.000643054663669318,0.000166202851687558,-13.602300643920898,0.11705443263053894,0.0003615439054556191,0.10611999034881592,0.5613304376602173,0.0002903865242842585,0.552100658416748,0.014309118501842022,-5.884803771972656,0.5522986650466919,0.0003555202856659889,0.5729873180389404,0.020688652992248535,-2.4500625133514404,0.9501644968986511,0.0029633836820721626,1.0,0.04983550310134888,-1.5727291107177734,0.30950701236724854,0.0018810046603903174,0.33000001311302185,0.020493000745773315,-2.107403516769409,0.8706680536270142,1.0,0.12933194637298584,0.03218265250325203,0.0,0.03218265250325203,1.0,1.0,-19.535175323486328,1785282654.9237711,3.1071996688842773,-23.98004174232483,6.874570594911706,0.7897939254529773,0.0,96.48,True,1.8231210708618164
2,0.0011450080201029778,1.9126530048652057e-07,0.0011311853304505348,0.000535500468686223,1.6136316105530568e-07,0.0006637537735514343,0.0001289960346184671,-13.665261268615723,0.12168510258197784,0.0003546795924194157,0.11166580766439438,0.5586597323417664,0.00028227383154444396,0.5528658628463745,0.011573901399970055,-6.019608497619629,0.5497186779975891,0.0003421471919864416,0.570931077003479,0.021212399005889893,-2.4136343002319336,0.950462281703949,0.0029329820536077023,1.0,0.049537718296051025,-1.578586220741272,0.31670457124710083,0.001859480980783701,0.33000001311302185,0.01329544186592102,-2.1772587299346924,0.8631592392921448,1.0,0.13684076070785522,0.028223998844623566,0.0,0.028223998844623566,1.0,1.0,-19.68776512145996,1785282655.0285654,3.211993932723999,-23.875247478485107,13.901730987797045,1.6494430640712379,0.0,96.48,True,1.8231210708618164
3,0.0011827453272417188,1.855987505905432e-07,0.0012173806317150593,0.0005749058909714222,1.57708015535718e-07,0.0007182814297266304,0.00014749965339433402,-13.67481803894043,0.12598569691181183,0.00034613473690114915,0.11732956767082214,0.556469738483429,0.00027948530623689294,0.5533469915390015,0.009202180430293083,-6.112062454223633,0.5476868152618408,0.0003316985093988478,0.5674786567687988,0.019791841506958008,-2.4962317943573,0.9519966244697571,0.002851797267794609,1.0,0.04800337553024292,-1.6069518327713013,0.3191337287425995,0.0018314553890377283,0.33000001311302185,0.010866284370422363,-2.200148105621338,0.856813371181488,1.0,0.14318662881851196,0.026007939130067825,0.0,0.026007939130067825,1.0,1.0,-19.812583923339844,1785282655.1221561,3.305584669113159,-23.781656742095947,21.053710182562266,2.531981578376144,0.0,96.48,True,1.8231210708618164
4,0.001220069476403296,1.81948820454636e-07,0.001274998765438795,0.0006120575126260519,1.559877063073145e-07,0.0007593843038193882,0.00015723361866548657,-13.68077278137207,0.12988536059856415,0.0003391906211618334,0.12305898219347,0.5548954606056213,0.000281789485597983,0.5529758930206299,0.007091134320944548,-6.16854190826416,0.5453906655311584,0.00032701127929612994,0.5640687346458435,0.01867806911468506,-2.560396671295166,0.9529131650924683,0.002804733347147703,1.0,0.04708683490753174,-1.6240296363830566,0.3221004605293274,0.0018093547550961375,0.33000001311302185,0.007899552583694458,-2.2212092876434326,0.8524912595748901,1.0,0.14750874042510986,0.024788744747638702,0.0,0.024788744747638702,1.0,1.0,-19.89580535888672,1785282655.2171564,3.4005849361419678,-23.68665647506714,28.288910812874363,3.4355812747031447,0.0,96.48,True,1.8231210708618164
5,0.0012691356241703033,1.755466456643262e-07,0.001314914203248918,0.0006489690858870745,1.5176493661783752e-07,0.0007863939390517771,0.0001448491238988936,-13.72208023071289,0.1338924765586853,0.00033084501046687365,0.1289392113685608,0.5535832643508911,0.00028285360895097256,0.5525619983673096,0.005057452246546745,-6.215420722961426,0.5425547957420349,0.00032167640165425837,0.5614880323410034,0.018933236598968506,-2.5448572635650635,0.9553415775299072,0.0027625858783721924,1.0,0.04465842247009277,-1.6658939123153687,0.32510626316070557,0.0018055926775559783,0.33000001311302185,0.004893749952316284,-2.232862949371338,0.8558023571968079,1.0,0.14419764280319214,0.02425568550825119,0.0,0.02425568550825119,1.0,0.0,-19.96684455871582,1785282655.3219078,3.505336284637451,-23.581905126571655,35.59515064301556,4.350834632758051,0.0,96.48,True,1.8231210708618164
6,0.0013415550347417593,1.6348295162060822e-07,0.0013731153449043632,0.0006765269208699465,1.3988007196985563e-07,0.000830601726192981,0.0001572739565744996,-13.778739929199219,0.13861772418022156,0.00031350369681604207,0.135881707072258,0.5523032546043396,0.0002713374560698867,0.5522633790969849,0.002736307680606842,-6.290104866027832,0.5395756959915161,0.00029916048515588045,0.558337926864624,0.01876223087310791,-2.549978017807007,0.9605764150619507,0.0026786362286657095,1.0,0.039423584938049316,-1.752171516418457,0.32029032707214355,0.0017670851666480303,0.33000001311302185,0.009709686040878296,-2.2235970497131348,0.8713452219963074,1.0,0.12865477800369263,0.026542454957962036,0.0,0.026542454957962036,1.0,0.0,-20.085811614990234,1785282655.429964,3.6133925914764404,-23.473848819732666,43.020357529431166,5.2568220911547545,0.0,96.48,True,1.8231210708618164
7,0.0013940492644906044,1.6023322757519054e-07,0.0014705245848745108,0.000728122889995575,1.3559927936057647e-07,0.0008940308471210301,0.0001826853258535266,-13.772475242614746,0.14308010041713715,0.00030954842804931104,0.1409606784582138,0.5502301454544067,0.00026358666946180165,0.5493179559707642,0.002307388000190258,-6.314050674438477,0.5357763767242432,0.0002842180838342756,0.5557785034179688,0.020002126693725586,-2.460111141204834,0.9632396101951599,0.0026471740566194057,1.0,0.03676038980484009,-1.792953610420227,0.3219057023525238,0.0018119201995432377,0.33000001311302185,0.008094310760498047,-2.219666004180908,0.8823102712631226,1.0,0.11768972873687744,0.0285505298525095,0.0,0.0285505298525095,1.0,0.0,-20.053770065307617,1785282655.5240293,3.7074577808380127,-23.379783630371094,50.41352286616416,6.158878504019231,0.0,96.48,True,1.8231210708618164
8,0.0014524614671245217,1.5771097139349877e-07,0.0014685720670968294,0.0007749928627163172,1.3150118149951595e-07,0.0008971811621449888,0.00012324581621214747,-13.857908248901367,0.14751878380775452,0.00030707844416610897,0.1479782909154892,0.5475302934646606,0.00025524263037368655,0.5450294613838196,0.002542697126045823,-6.330379486083984,0.5319057106971741,0.0002696386072784662,0.5510702133178711,0.01916450262069702,-2.509218692779541,0.9658985733985901,0.002624450484290719,1.0,0.03410142660140991,-1.8309510946273804,0.32582932710647583,0.0018975017592310905,0.33000001311302185,0.0041706860065460205,-2.2100865840911865,0.89335036277771,1.0,0.10664963722229004,0.02986563928425312,0.0,0.02986563928425312,1.0,0.0,-20.176822662353516,1785282655.6187143,3.802142858505249,-23.285098552703857,57.92974079994305,7.051355496793986,0.0,96.48,True,1.8231210708618164
9,0.0014969343319535255,1.5476365433642059e-07,0.00151830876711756,0.000800098292529583,1.2716289177205908e-07,0.0009350036852993071,0.00013658817624673247,-13.868669509887695,0.15024849772453308,0.0003044945769943297,0.1529463231563568,0.5433156490325928,0.00024763349210843444,0.5434285998344421,0.002700188895687461,-6.3503546714782715,0.5273409485816956,0.00025859256857074797,0.5485876798629761,0.021246731281280518,-2.3383426666259766,0.9717993140220642,0.0025979038327932358,1.0,0.02820068597793579,-1.9045250415802002,0.3273390531539917,0.002025193301960826,0.33000001311302185,0.0026609599590301514,-2.180358409881592,0.9052842259407043,1.0,0.09471577405929565,0.03129507228732109,0.0,0.03129507228732109,1.0,0.0,-20.118125915527344,1785282655.7237759,3.9072043895721436,-23.180037021636963,65.38726198689577,7.914104315359147,0.0,96.48,True,1.8231210708618164
10,0.0015485287876799703,1.5255572805017437e-07,0.0015661423094570637,0.0008434245828539133,1.2382587044612592e-07,0.0009717137436382473,0.00012949264782946557,-13.894712448120117,0.154990553855896,0.00030041165882721543,0.15982837975025177,0.5404310822486877,0.00024045127793215215,0.5421779751777649,0.005143558606505394,-6.338498115539551,0.5243932008743286,0.0002442831464577466,0.5469322204589844,0.02253901958465576,-2.1998605728149414,0.973048210144043,0.0025577321648597717,1.0,0.02695178985595703,-1.9233781099319458,0.3308247923851013,0.0021182261407375336,0.33000001311302185,0.0008247792720794678,-2.159489393234253,0.9068388938903809,1.0,0.09316110610961914,0.031054604798555374,0.0,0.031054604798555374,1.0,0.0,-20.065441131591797,1785282655.8285236,4.01195216178894,-23.075289249420166,72.79209838991294,8.755984117276968,0.0,96.48,True,1.8231210708618164
11,0.00160313886590302,1.52364037830921e-07,0.0016015083529055119,0.0008853645995259285,1.219966350163304e-07,0.0009976676665246487,0.00011231490498175845,-13.918557167053223,0.15929213166236877,0.000298069731798023,0.16404733061790466,0.5381921529769897,0.0002385369298281148,0.5492600202560425,0.012046144343912601,-6.097008228302002,0.5221185088157654,0.0002355385950068012,0.5422714948654175,0.0201529860496521,-2.395721435546875,0.9744396805763245,0.0025262192357331514,1.0,0.025560319423675537,-1.9422671794891357,0.33391818404197693,0.0022310500498861074,0.3296777307987213,0.004240453243255615,-2.1296730041503906,0.9089090824127197,1.0,0.09109091758728027,0.031042635440826416,0.0,0.031042635440826416,0.0,0.0,-19.9940242767334,1785282655.9333663,4.11679482460022,-22.970446586608887,80.12551793807171,9.568047530110928,0.0,96.48,True,1.8231210708618164
12,0.0016315217362716794,1.4853775098799815e-07,0.0017987462924793363,0.0009133690036833286,1.1865712679082208e-07,0.0011350350687280297,0.0002776686742436141,-13.695669174194336,0.16367271542549133,0.00029337190790101886,0.16982023417949677,0.5341311693191528,0.00024701186339370906,0.5569278597831726,0.0236110370606184,-5.265832901000977,0.5179045796394348,0.00024065084289759398,0.5400904417037964,0.022185862064361572,-2.2244739532470703,0.9803953170776367,0.0025093532167375088,1.0,0.01960468292236328,-1.9983441829681396,0.32450252771377563,0.002215844113379717,0.33000001311302185,0.005497485399246216,-2.130303144454956,0.9162300825119019,1.0,0.08376991748809814,0.03148791193962097,0.0,0.03148791193962097,0.0,0.0,-19.020572662353516,1785282656.0280287,4.211457252502441,-22.875784158706665,86.4854858718506,10.380741083249452,0.0,96.48,True,1.8231210708618164
13,0.001679152948781848,1.5255166374572582e-07,0.0017411637818440795,0.0009391442872583866,1.2168943896995188e-07,0.0011076582595705986,0.0001795614225557074,-13.841619491577148,0.16812442243099213,0.00029719254234805703,0.1747593730688095,0.532849133014679,0.00025823063333518803,0.5566666126251221,0.024724379181861877,-5.181069374084473,0.5170717239379883,0.0002507955941837281,0.5369470715522766,0.01987534761428833,-2.4389450550079346,0.9819759726524353,0.002528092823922634,1.0,0.018024027347564697,-2.00695538520813,0.3205696642398834,0.00230595120228827,0.33000001311302185,0.009430348873138428,-2.0979092121124268,0.9212822914123535,1.0,0.07871770858764648,0.03105090744793415,0.0,0.03105090744793415,0.0,0.0,-19.205947875976562,1785282656.125158,4.308586597442627,-22.77865481376648,93.03082901925254,11.161040704045448,0.0,96.48,True,1.8231210708618164
14,0.0017333502182736993,1.545746499687084e-07,0.0017977982060983777,0.0009629819542169571,1.235804774069038e-07,0.0011468450538814068,0.00019483116921037436,-13.806392669677734,0.1731334626674652,0.0002994430251419544,0.17887993156909943,0.5323542356491089,0.00026282071485184133,0.5540199875831604,0.022414876148104668,-5.392783164978027,0.5165600776672363,0.00025397486751899123,0.5328618288040161,0.016301751136779785,-2.6970231533050537,0.9825114607810974,0.002539849141612649,1.0,0.017488539218902588,-2.008676767349243,0.32101696729660034,0.0023890433367341757,0.3296777307987213,0.008660763502120972,-2.083794116973877,0.9257648587226868,1.0,0.07423514127731323,0.030406134203076363,0.0,0.030406134203076363,0.0,0.0,-19.46912956237793,1785282656.2197673,4.403195858001709,-22.684045553207397,99.83935385305584,11.927225229702893,0.0,96.48,True,1.8231210708618164
15,0.0017957526724785566,1.5463118074876547e-07,0.0019120879005640745,0.0009918615687638521,1.2383260639126092e-07,0.0012307893484830856,0.0002657449513208121,-13.681140899658203,0.17933279275894165,0.00030040391720831394,0.18479198217391968,0.5318887829780579,0.0002613520482555032,0.5494034290313721,0.018345722928643227,-5.705654144287109,0.5155797004699707,0.00024937608395703137,0.5311338305473328,0.01555413007736206,-2.744263172149658,0.9835352301597595,0.0025564704556018114,1.0,0.01646476984024048,-2.0126051902770996,0.3224336802959442,0.002455814043059945,0.33000001311302185,0.007566332817077637,-2.07405424118042,0.9299060702323914,1.0,0.07009392976760864,0.030189795419573784,0.0,0.030189795419573784,0.0,0.0,-19.617795944213867,1785282656.325979,4.5094075202941895,-22.577833890914917,106.79654506869508,12.683669879566882,0.0,96.48,True,1.8231210708618164
16,0.0018522809259593487,1.54065659785374e-07,0.0018702904926612973,0.001018810085952282,1.235756030837365e-07,0.0012104350607842207,0.00019246942247264087,-13.808647155761719,0.1849554479122162,0.00030137592693790793,0.19080102443695068,0.5312323570251465,0.000258900981862098,0.5495963096618652,0.019271884113550186,-5.637258529663086,0.514321506023407,0.0002448374289087951,0.5267318487167358,0.012410342693328857,-2.9239914417266846,0.9850826859474182,0.0025750824715942144,1.0,0.014917314052581787,-2.0187907218933105,0.32436275482177734,0.002516599604859948,0.33000001311302185,0.005637258291244507,-2.067171096801758,0.9332571625709534,1.0,0.06674283742904663,0.029857715591788292,0.0,0.029857715591788292,0.0,0.0,-19.78045082092285,1785282656.429891,4.613319635391235,-22.47392177581787,113.91639116104331,13.433231385052208,0.0,96.48,True,1.8231210708618164
17,0.0019108598353341222,1.543630219202896e-07,0.0019311143551021814,0.0010472682770341635,1.2390134429551836e-07,0.0012800851836800575,0.0002336962934350595,-13.735925674438477,0.19072216749191284,0.0003039312723558396,0.195085808634758,0.5309077501296997,0.0002568978234194219,0.545834481716156,0.015551485121250153,-5.879919052124023,0.5129386782646179,0.00024125394702423364,0.5236876606941223,0.010748982429504395,-3.0064330101013184,0.9869118332862854,0.0026110766921192408,1.0,0.0130881667137146,-2.0222554206848145,0.3251218795776367,0.0025958989281207323,0.33000001311302185,0.004878133535385132,-2.053389549255371,0.9384276866912842,1.0,0.06157231330871582,0.030805518850684166,0.0,0.030805518850684166,0.0,0.0,-19.943077087402344,1785282656.5139503,4.697378873825073,-22.389862537384033,121.19886351987103,14.169011342991148,0.0,96.48,True,1.8231210708618164
18,0.0019717446994036436,1.536692906256576e-07,0.0017354482552036643,0.001080097397789359,1.2357170930954453e-07,0.0011426721466705203,0.00024444141308777034,-13.762057304382324,0.19658878445625305,0.00030688790138810873,0.1992756575345993,0.5311175584793091,0.0002524511073715985,0.5443292856216431,0.013482173904776573,-5.991311073303223,0.5117038488388062,0.00023622684238944203,0.5230767726898193,0.011372923851013184,-2.9826512336730957,0.9893758893013,0.0026580491103231907,1.0,0.010624110698699951,-2.0249109268188477,0.32763826847076416,0.0027215322479605675,0.33000001311302185,0.0023617446422576904,-2.0333170890808105,0.9446802735328674,1.0,0.05531972646713257,0.03242744132876396,0.0,0.03242744132876396,0.0,0.0,-20.046432495117188,1785282656.6196709,4.8030993938446045,-22.284142017364502,128.5846912864136,14.884718840755527,0.0,96.48,True,1.8231210708618164
19,0.002042797626927495,1.5337106162860437e-07,0.0020501313265413046,0.0011241503525525331,1.2383216585476475e-07,0.0013574657496064901,0.00023343063367065042,-13.739521980285645,0.20297852158546448,0.0003107120282948017,0.20386938750743866,0.5332162976264954,0.00025134411407634616,0.5351247191429138,0.0021061135921627283,-6.336266040802002,0.5116245150566101,0.00023674841213505715,0.5193495154380798,0.0077250003814697266,-3.129286050796509,0.9910914301872253,0.0027085363399237394,1.0,0.008908569812774658,-2.0220847129821777,0.33384308218955994,0.002989833476021886,0.33000001311302185,0.003843069076538086,-1.9848604202270508,0.9520671963691711,1.0,0.04793280363082886,0.03444887697696686,0.0,0.03444887697696686,0.0,0.0,-20.373178482055664,1785282656.7140477,4.8974761962890625,-22.189765214920044,136.29726503989463,15.551969669666146,0.0,96.48,True,1.8231210708618164
20,0.002224024385213852,1.5354808624579164e-07,0.0021478591952472925,0.0011521447449922562,1.244948890644082e-07,0.0014340748311951756,0.0002920371771324426,-13.618130683898926,0.21208512783050537,0.00031261570984497666,0.2089168280363083,0.5399692058563232,0.00026414572494104505,0.5299730896949768,0.010486203245818615,-6.111698150634766,0.5126793384552002,0.00027064187452197075,0.5175135135650635,0.004834175109863281,-3.145244598388672,0.9919806122779846,0.0028496512677520514,1.0,0.00801938772201538,-2.000056743621826,0.35254979133605957,0.0039232466369867325,0.33000001311302185,0.02254977822303772,-1.7866743803024292,0.95679771900177,1.0,0.04320228099822998,0.03279956430196762,0.0,0.03279956430196762,0.0,0.0,-20.080110549926758,1785282656.818229,5.001657485961914,-22.085583925247192,143.71677086124674,16.021034458652146,0.0,96.48,True,1.8231210708618164
21,0.002290664240717888,1.513810872211252e-07,0.0021438857074826956,0.001188440015539527,1.2249246594819851e-07,0.0014458280056715012,0.00029629800701513886,-13.629886627197266,0.21881747245788574,0.0003097893495578319,0.21454226970672607,0.5383003354072571,0.0002577978593762964,0.5270864367485046,0.012001203373074532,-6.06020450592041,0.5112874507904053,0.0002544577291700989,0.5132874250411987,0.001999974250793457,-3.2113895416259766,0.9928328990936279,0.002869891468435526,1.0,0.00716710090637207,-1.9988526105880737,0.3536304831504822,0.003734534839168191,0.33000001311302185,0.023630470037460327,-1.8013660907745361,0.953026533126831,1.0,0.046973466873168945,0.030818695202469826,0.0,0.030818695202469826,0.0,0.0,-20.083744049072266,1785282656.922342,5.105770587921143,-21.981470823287964,151.1399101817444,16.50479095811025,0.0,96.48,True,1.8231210708618164
22,0.0023540062829852104,1.5084708593349205e-07,0.002165429061278701,0.0012260670773684978,1.2164855434093624e-07,0.0014605119358748198,0.00030087499180808663,-13.63290023803711,0.22528143227100372,0.0003086503711529076,0.22017963230609894,0.5357859134674072,0.0002537105174269527,0.5220540165901184,0.014649005606770515,-5.929652690887451,0.509921133518219,0.00023759849136695266,0.509917140007019,3.993511199951172e-06,-3.253525733947754,0.9932175278663635,0.0028619247023016214,1.0,0.006782472133636475,-2.001155138015747,0.3515055477619171,0.0034469522070139647,0.33000001311302185,0.021505534648895264,-1.8491073846817017,0.9460629820823669,1.0,0.05393701791763306,0.02802414633333683,0.0,0.02802414633333683,0.0,0.0,-20.003385543823242,1785282661.1296797,9.313108205795288,-17.77413320541382,158.48269099699303,17.036288751475517,0.0,96.48,True,1.8231210708618164
23,0.0024279667995870113,1.5549638021639112e-07,0.002343031344935298,0.0012618170585483313,1.2480398936531856e-07,0.0016013536369428039,0.00034999873605556786,-13.463644027709961,0.23090754449367523,0.00031587504781782627,0.22522932291030884,0.531319260597229,0.00025690466281957924,0.5277510285377502,0.006706301588565111,-6.249790668487549,0.5084465146064758,0.00022379952133633196,0.5090113282203674,0.0005648136138916016,-3.282728910446167,0.994157612323761,0.0028446053620427847,1.0,0.005842387676239014,-2.0062272548675537,0.34256595373153687,0.0031447678338736296,0.33000001311302185,0.012565940618515015,-1.9369635581970215,0.9328104853630066,1.0,0.06718951463699341,0.02484830655157566,0.0,0.02484830655157566,0.0,0.0,-20.104841232299805,1785282661.213579,9.397007465362549,-17.690233945846558,165.92692750071822,17.655642718356106,0.0,96.48,True,1.8231210708618164
24,0.0025050193071365356,1.5192036073585768e-07,0.002241061069071293,0.0013061566278338432,1.2169284957508353e-07,0.0015247439732775092,0.00034271617187187076,-13.547332763671875,0.23769821226596832,0.00031146276160143316,0.2307046800851822,0.5327590703964233,0.00025253318017348647,0.5398253202438354,0.00994190014898777,-6.163844585418701,0.5085409283638,0.00021205282246228307,0.5081365704536438,0.00040435791015625,-3.31001353263855,0.9952179789543152,0.0027984529733657837,1.0,0.0047820210456848145,-2.016319990158081,0.34009668231010437,0.003128276439383626,0.33000001311302185,0.01009666919708252,-1.9484041929244995,0.9306612014770508,1.0,0.06933879852294922,0.024672754108905792,0.0,0.024672754108905792,0.0,0.0,-20.13341522216797,1785282661.3093026,9.492731094360352,-17.594510316848755,173.39973799431158,18.286437319964172,0.0,96.48,True,1.8231210708618164
25,0.002610683673992753,1.5215496773635095e-07,0.0022796897683292627,0.0013332462403923273,1.2078962186024e-07,0.0015580086037516594,0.00040009384974837303,-13.406780242919922,0.24467246234416962,0.00030762559617869556,0.2345658540725708,0.5368797779083252,0.000255811057286337,0.5419613718986511,0.011312210932374,-6.124480724334717,0.5094484686851501,0.00021085173648316413,0.509078323841095,0.0003701448440551758,-3.3129141330718994,0.994464099407196,0.0027719587087631226,1.0,0.005535900592803955,-2.019634246826172,0.3388943672180176,0.0032039727084338665,0.33000001311302185,0.008894354104995728,-1.94039785861969,0.932302713394165,1.0,0.06769728660583496,0.025273576378822327,0.0,0.025273576378822327,0.0,0.0,-19.96282386779785,1785282661.4137094,9.597137928009033,-17.490103483200073,180.70195713353482,18.90922558726743,0.0,96.48,True,1.8231210708618164
26,0.002663140185177326,1.5481420234664256e-07,0.0023481424432247877,0.0013752533122897148,1.2300567675538332e-07,0.001616374938748777,0.00039669033139944077,-13.401371002197266,0.25037330389022827,0.00031090970151126385,0.2399534434080124,0.5396009087562561,0.00025953174917958677,0.5455386638641357,0.011992932297289371,-6.085912704467773,0.5107831954956055,0.00020787047105841339,0.5112393498420715,0.00045615434646606445,-3.3198587894439697,0.9928603768348694,0.0028079671319574118,1.0,0.007139623165130615,-2.009632110595703,0.3328268229961395,0.0030067600309848785,0.33000001311302185,0.0028268098831176758,-1.9831788539886475,0.9322043061256409,1.0,0.06779569387435913,0.026121703907847404,0.0,0.026121703907847404,0.0,0.0,-19.930030822753906,1785282661.5023708,9.685799360275269,-17.401442050933838,187.9713832277141,19.574794849939643,0.0,96.48,True,1.8231210708618164
27,0.002686600899323821,1.577760571080944e-07,0.0023600729182362556,0.0014107851311564445,1.2565034523959184e-07,0.0016315211541950703,0.00039413818740285933,-13.406274795532227,0.25413572788238525,0.0003152961144223809,0.24379801750183105,0.5415801405906677,0.000261125125689432,0.5505036115646362,0.013656374998390675,-5.996433258056641,0.511817216873169,0.00020243551989551634,0.515737771987915,0.003920555114746094,-3.2956411838531494,0.9916875958442688,0.002807915210723877,1.0,0.008312404155731201,-2.0064139366149902,0.32628586888313293,0.0028349224012345076,0.33000001311302185,0.003714144229888916,-2.0114986896514893,0.9333898425102234,1.0,0.06661015748977661,0.027996255084872246,0.0,0.027996255084872246,0.0,0.0,-19.85124397277832,1785282661.6060922,9.789520740509033,-17.297720670700073,195.16202247191782,20.2686839482747,0.0,96.48,True,1.8231210708618164
28,0.002712113782763481,1.6240359457242448e-07,0.0016251401975750923,0.0014480766840279102,1.2968560270110174e-07,0.001126826973631978,0.0011334518203511834,-9.872320175170898,0.25763729214668274,0.0003211351577192545,0.24838632345199585,0.5440429449081421,0.00026503531262278557,0.5561398267745972,0.015228754840791225,-5.892457962036133,0.5131658911705017,0.00019960198551416397,0.5174264907836914,0.004260599613189697,-3.2951817512512207,0.990558385848999,0.002805671188980341,1.0,0.009441614151000977,-2.0032315254211426,0.32000988721847534,0.002706067403778434,0.33000001311302185,0.009990125894546509,-2.0187504291534424,0.9356425404548645,1.0,0.0643574595451355,0.030727602541446686,0.0,0.030727602541446686,0.0,0.0,-16.233877182006836,1785282661.7210987,9.904527187347412,-17.182714223861694,198.73529492535005,20.969824786111708,0.0,96.48,True,1.8231210708618164
29,0.0027303139213472605,1.6661418555941054e-07,0.003528306260704994,0.0014755255542695522,1.3340535076622473e-07,0.002455900888890028,0.001264091581106186,-8.367561340332031,0.2600620687007904,0.0003263611870352179,0.2528432011604309,0.5463005304336548,0.0002677700249478221,0.5651915073394775,0.020223280414938927,-5.542356491088867,0.5144748687744141,0.0001975003251573071,0.5194694399833679,0.004994571208953857,-3.282792568206787,0.9898661971092224,0.002791068283841014,1.0,0.010133802890777588,-2.0033302307128906,0.31527179479599,0.0026106119621545076,0.33000001311302185,0.01472821831703186,-2.0136008262634277,0.9389073848724365,1.0,0.06109261512756348,0.03409653902053833,0.0,0.03409653902053833,0.0,0.0,-14.442843437194824,1785282661.815157,9.99858546257019,-17.088655948638916,200.51753363397026,21.665816021058703,0.0,96.48,True,1.8231210708618164
30,0.0027663176879286766,1.731443006747213e-07,0.0024872953072190285,0.0015265775145962834,1.3960341505026008e-07,0.0017550763441249728,0.00036064552841708064,-13.42710018157959,0.2638639807701111,0.0003327159211039543,0.2580089569091797,0.5503808259963989,0.00027413564384914935,0.5647027492523193,0.015472517348825932,-5.841542720794678,0.5167834758758545,0.00019735912792384624,0.5235238075256348,0.0067403316497802734,-3.231204032897949,0.9889350533485413,0.0027801094111055136,1.0,0.01106494665145874,-2.0016746520996094,0.30933502316474915,0.002500631380826235,0.33000001311302185,0.020664989948272705,-1.9912805557250977,0.9412484169006348,1.0,0.058751583099365234,0.03821622580289841,0.0,0.03821622580289841,0.0,0.0,-19.7159366607666,1785282661.921677,10.105105638504028,-16.982135772705078,207.57286556616225,22.339486985467367,0.0,96.48,True,1.8231210708618164
31,0.002791672945022583,1.768095643228662e-07,0.00257297046482563,0.001550587359815836,1.4304913520390983e-07,0.001820863806642592,0.0003476782003417611,-13.425667762756348,0.2659083306789398,0.0003354920190759003,0.2628220021724701,0.5537027716636658,0.0002731303102336824,0.5714172124862671,0.017981290817260742,-5.676209926605225,0.5189895033836365,0.0001927288103615865,0.5271345973014832,0.00814509391784668,-3.186061143875122,0.9885849356651306,0.002732992870733142,1.0,0.011415064334869385,-2.008401393890381,0.30424901843070984,0.002366436645388603,0.33000001311302185,0.02575099468231201,-1.9641385078430176,0.9417800307273865,1.0,0.058219969272613525,0.041948847472667694,0.0,0.041948847472667694,0.0,0.0,-19.559667587280273,1785282662.0286062,10.212034702301025,-16.87520670890808,214.4719284248679,22.98601590199395,0.0,96.48,True,1.8231210708618164
32,0.0028398961294442415,1.8883001473568584e-07,0.002202965086326003,0.0016001139301806688,1.521632384537952e-07,0.0015639318153262138,0.0006379578844644129,-12.673990249633789,0.2709205150604248,0.00034580600913614035,0.26607030630111694,0.5563033223152161,0.0002911148185376078,0.575509250164032,0.01980889029800892,-5.550278663635254,0.5204653143882751,0.00020837296324316412,0.5287668704986572,0.00830155611038208,-3.153785228729248,0.9860485792160034,0.0028200089000165462,1.0,0.013951420783996582,-1.9820582866668701,0.3058333396911621,0.0024800377432256937,0.33000001311302185,0.02416667342185974,-1.9630566835403442,0.9451805949211121,1.0,0.05481940507888794,0.04263337329030037,0.0,0.04263337329030037,0.0,0.0,-18.69110679626465,1785282662.1133418,10.296770334243774,-16.790471076965332,220.50243049255795,23.631462994217863,0.0,96.48,True,1.8231210708618164
33,0.0029095301870256662,2.0040296533352375e-07,0.0027784339617937803,0.0016440770123153925,1.5963769328664057e-07,0.0019833699334412813,0.0003637387999333441,-13.29532527923584,0.27588799595832825,0.0003552038106136024,0.27110832929611206,0.5593996644020081,0.00031065099756233394,0.5822834968566895,0.023377660661935806,-5.296935558319092,0.5220229029655457,0.00023075375065673143,0.5358445644378662,0.013821661472320557,-2.8541970252990723,0.9831411838531494,0.0029506164137274027,1.0,0.016858816146850586,-1.9457693099975586,0.31213220953941345,0.002705754479393363,0.33000001311302185,0.0178678035736084,-1.9782524108886719,0.9496530294418335,1.0,0.050346970558166504,0.04193250462412834,0.0,0.04193250462412834,0.0,0.0,-18.959972381591797,1785282662.2091296,10.392558097839355,-16.69468331336975,226.80179814557513,24.2921058137901,0.0,96.48,True,1.8231210708618164
34,0.003061633789911866,2.060575354789762e-07,0.002656209049746394,0.0016604954143986106,1.5878842418715067e-07,0.0019056753953918815,0.00047379577881656587,-13.099393844604492,0.2815249562263489,0.0003487904032226652,0.27697232365608215,0.566734790802002,0.00032936601201072335,0.5898048281669617,0.02351495437324047,-5.314145088195801,0.5254322290420532,0.0002619478036649525,0.5399335026741028,0.01450127363204956,-2.8033528327941895,0.9851630330085754,0.0031313442159444094,1.0,0.01483696699142456,-1.9290577173233032,0.3284626305103302,0.0032305633649230003,0.33000001311302185,0.0015373826026916504,-1.9482450485229492,0.9495826959609985,1.0,0.050417304039001465,0.03709431737661362,0.0,0.03709431737661362,0.0,0.0,-18.75238609313965,1785282662.3140876,10.49751615524292,-16.589725255966187,232.89357951014017,24.922741270996617,0.0,96.48,True,1.8231210708618164
35,0.00325378542765975,2.2760924878184596e-07,0.002677367767319083,0.0016148415161296725,1.6489515530793142e-07,0.0019352214876562357,0.0006594699807465076,-12.577795028686523,0.2859579920768738,0.0003122891648672521,0.2811109125614166,0.5866838097572327,0.0003679113578982651,0.5958644151687622,0.010381603613495827,-5.999588489532471,0.5405067801475525,0.0003092758124694228,0.5433516502380371,0.002844870090484619,-3.1086156368255615,0.9967665076255798,0.0033619285095483065,1.0,0.003233492374420166,-1.9271267652511597,0.3406274914741516,0.004602582659572363,0.33000001311302185,0.01062747836112976,-1.7593607902526855,0.9039973616600037,1.0,0.09600263833999634,0.02797628566622734,0.0,0.02797628566622734,0.0,0.0,-18.931774139404297,1785282662.4188619,10.602290391921997,-16.48495101928711,239.16474892096986,25.36449246993287,0.0,96.48,True,1.8231210708618164
36,0.003293486312031746,2.3781036873060657e-07,0.0029368079267442226,0.001692399149760604,1.7164975929517823e-07,0.0021498999558389187,0.0005801090155728161,-12.699750900268555,0.29012104868888855,0.0003079401794821024,0.2868981659412384,0.5955261588096619,0.0003874961694236845,0.6022363901138306,0.007444070186465979,-6.057861804962158,0.5470305681228638,0.00032408538390882313,0.5473579168319702,0.0003273487091064453,-3.0981481075286865,0.9922804236412048,0.0033890872728079557,1.0,0.007719576358795166,-1.9158672094345093,0.3503236472606659,0.005308246240019798,0.33000001311302185,0.020323634147644043,-1.6614019870758057,0.8980454206466675,1.0,0.10195457935333252,0.029640959575772285,0.0,0.029640959575772285,0.0,0.0,-19.09511375427246,1785282662.5233023,10.706730842590332,-16.380510568618774,245.5992579466677,25.708284865692242,0.0,96.48,True,1.8231210708618164
37,0.003317449241876602,2.406105181762541e-07,0.002425662474706769,0.001776549150235951,1.735652404022403e-07,0.001793400733731687,0.0008919459651224315,-11.912067413330078,0.294453501701355,0.0003007865452673286,0.2910524904727936,0.6041975021362305,0.0003996292070951313,0.6073975563049316,0.004669820424169302,-6.0971245765686035,0.5530377626419067,0.00033274004817940295,0.5503666400909424,0.0026711225509643555,-3.0744144916534424,0.9844911694526672,0.0033683425281196833,1.0,0.015508830547332764,-1.8920252323150635,0.35947632789611816,0.006055652163922787,0.33000001311302185,0.029476314783096313,-1.562704086303711,0.8889205455780029,1.0,0.11107945442199707,0.03054073266685009,0.0,0.03054073266685009,0.0,0.0,-18.326974868774414,1785282662.6178415,10.801270008087158,-16.28597140312195,251.2656280868675,25.95337936067952,0.0,96.48,True,1.8231210708618164
38,0.0033260532654821873,2.409873331998824e-07,0.003081162692978978,0.0018647527322173119,1.740119728310674e-07,0.002309687901288271,0.0005078766262158751,-12.870193481445312,0.2989407181739807,0.0002939635596703738,0.2962137460708618,0.6130998134613037,0.00040819222340360284,0.6116956472396851,0.003067255951464176,-6.1149725914001465,0.5589313507080078,0.00033869227627292275,0.5551584362983704,0.003772914409637451,-3.0552561283111572,0.973246157169342,0.0033582753967493773,1.0,0.02675384283065796,-1.8226574659347534,0.3671141266822815,0.006888390984386206,0.33000001311302185,0.037114113569259644,-1.4700363874435425,0.8753188848495483,1.0,0.12468111515045166,0.03107461892068386,0.0,0.03107461892068386,0.0,0.0,-19.2898006439209,1785282662.72429,10.907718420028687,-16.17952299118042,257.8948240022138,26.10580615680663,0.0,96.48,True,1.8231210708618164
39,0.0033256246242672205,2.4341122184523556e-07,0.0029781153425574303,0.0019729756750166416,1.7702461718727136e-07,0.0022547810804098845,0.0004474114393815398,-13.077502250671387,0.3041743338108063,0.0002929394831880927,0.30149057507514954,0.6224774122238159,0.0004164206620771438,0.6183658838272095,0.004909911192953587,-6.089211463928223,0.5651493668556213,0.0003427063056733459,0.5661174058914185,0.0009680390357971191,-3.0690126419067383,0.9596866369247437,0.0034580815117806196,1.0,0.04031336307525635,-1.6796010732650757,0.3728535771369934,0.007568411063402891,0.33000001311302185,0.04285356402397156,-1.4016257524490356,0.85633385181427,1.0,0.14366614818572998,0.030753517523407936,0.0,0.030753517523407936,0.0,0.0,-19.48337745666504,1785282662.821303,11.00473141670227,-16.082509994506836,264.7175967303042,26.18982231793923,0.0,96.48,True,1.8231210708618164
40,0.003323127282783389,2.4668275955264107e-07,0.0029770119581371546,0.002078874735161662,1.8215310149116704e-07,0.002280449727550149,0.0004005350056104362,-13.174566268920898,0.30953195691108704,0.0002973671071231365,0.3065800964832306,0.6319797039031982,0.0004274994716979563,0.6282839775085449,0.004729891661554575,-6.070547580718994,0.5717911720275879,0.0003465997288003564,0.5690950751304626,0.002696096897125244,-3.0542454719543457,0.9474573731422424,0.003695444902405143,1.0,0.05254262685775757,-1.507857322692871,0.37503814697265625,0.008135013282299042,0.33000001311302185,0.0450381338596344,-1.3621773719787598,0.8374252915382385,1.0,0.16257470846176147,0.031242648139595985,0.0,0.031242648139595985,0.0,0.0,-19.55812644958496,1785282662.9158545,11.09928297996521,-15.987958431243896,271.6151184513145,26.23439009860156,0.0,96.48,True,1.8231210708618164
41,0.0033547377679497004,2.4668116793691297e-07,0.002850365126505494,0.0021262734662741423,1.8357496855969657e-07,0.002215084619820118,0.000512132013682276,-12.987916946411133,0.3099815845489502,0.0003039164876099676,0.312264621257782,0.6416332721710205,0.00044102317770011723,0.6377559900283813,0.0044995080679655075,-6.049089431762695,0.5791887640953064,0.0003552554699126631,0.575572669506073,0.0036160945892333984,-3.033994436264038,0.9460582137107849,0.0039828065782785416,1.0,0.05394178628921509,-1.4786611795425415,0.3769513666629791,0.008531481958925724,0.33000001311302185,0.046951353549957275,-1.3338638544082642,0.8400949835777283,1.0,0.15990501642227173,0.03294040262699127,0.0,0.03294040262699127,0.0,0.0,-19.34418487548828,1785282663.0202868,11.203715324401855,-15.883526086807251,278.29869859822816,26.25064436169339,0.0,96.48,True,1.8231210708618164
42,0.0033215172588825226,2.4510327989446523e-07,0.0030020312406122684,0.002199979033321142,1.8607751428589836e-07,0.0023684853222221136,0.0003612003638409078,-13.23694896697998,0.31439343094825745,0.00030175779829733074,0.31677332520484924,0.6489285230636597,0.00045842971303500235,0.6547266244888306,0.0062675257213413715,-6.012866020202637,0.5840420126914978,0.00036297820042818785,0.5821701288223267,0.0018718838691711426,-3.036818742752075,0.9344381093978882,0.004201282747089863,0.9950394630432129,0.06060135364532471,-1.3801723718643188,0.37140053510665894,0.009631557390093803,0.3296777307987213,0.04172280430793762,-1.3120473623275757,0.8140631318092346,1.0,0.18593686819076538,0.03520523011684418,0.0,0.03520523011684418,0.0,0.0,-19.565650939941406,1785282663.127797,11.311225414276123,-15.776015996932983,285.2037448095949,26.245082132704532,0.0,96.48,True,1.8231210708618164
43,0.003286052029579878,2.4299708911712514e-07,0.0025362824089825153,0.002267328090965748,1.8880939478549408e-07,0.0020399868953973055,0.0007834784337319434,-12.224916458129883,0.3185785412788391,0.00030101407901383936,0.32002827525138855,0.6557474136352539,0.00047738850116729736,0.665366530418396,0.009727750904858112,-5.939488410949707,0.5888333916664124,0.00037122098729014397,0.5844948887825012,0.004338502883911133,-3.005065679550171,0.9214661121368408,0.004395457915961742,0.9712661504745483,0.04980003833770752,-1.5125389099121094,0.3649054169654846,0.01062473189085722,0.3287109434604645,0.03619447350502014,-1.2916964292526245,0.7873044013977051,1.0,0.21269559860229492,0.037097424268722534,0.0,0.037097424268722534,0.0,0.0,-18.479040145874023,1785282663.22436,11.407788515090942,-15.679452896118164,291.0221802268943,26.219168970640723,0.0,96.48,True,1.8231210708618164
44,0.0032526319846510887,2.410373554084799e-07,0.0032616569660604,0.0023288915399461985,1.921318926179083e-07,0.0027188488747924566,0.0003900617593899369,-13.117918014526367,0.32261839509010315,0.0003019618452526629,0.32334551215171814,0.6616959571838379,0.0004965428961440921,0.6632912158966064,0.0017531542107462883,-6.015210151672363,0.592941403388977,0.0003798037359956652,0.5867270231246948,0.0062143802642822266,-2.968149423599243,0.9076152443885803,0.004542281851172447,0.9407312870025635,0.033116042613983154,-1.6575061082839966,0.35763418674468994,0.011504185386002064,0.33000001311302185,0.02763417363166809,-1.2803937196731567,0.7640779614448547,1.0,0.23592203855514526,0.039204586297273636,0.0,0.039204586297273636,0.0,0.0,-19.414161682128906,1785282663.3175645,11.500993013381958,-15.586248397827148,297.7757371804486,26.181953098997447,0.0,96.48,True,1.8231210708618164
45,0.0032214100938290358,2.395616434114345e-07,0.002992618829011917,0.002378244884312153,1.959692355057996e-07,0.0025302183348685503,0.00027466591564007103,-13.338824272155762,0.32577699422836304,0.00030397242517210543,0.32650163769721985,0.6663306355476379,0.0005155657418072224,0.6704463362693787,0.00417900737375021,-5.979241371154785,0.5961095094680786,0.0003897908900398761,0.592202365398407,0.003907144069671631,-2.986429452896118,0.8939476609230042,0.004657350480556488,0.8561532497406006,0.037794411182403564,-1.6123648881912231,0.34903520345687866,0.012126290239393711,0.3296777307987213,0.01935747265815735,-1.2718007564544678,0.7456172108650208,1.0,0.25438278913497925,0.04163532331585884,0.0,0.04163532331585884,0.0,0.0,-19.615432739257812,1785282663.4249144,11.60834288597107,-15.478898525238037,304.73056519113175,26.13614426413548,0.0,96.48,True,1.8231210708618164
46,0.0032000518403947353,2.4486126903866534e-07,0.0029990235343575478,0.0024412027560174465,2.0542657352962124e-07,0.002603373257443309,0.00025828598882071674,-13.325965881347656,0.3298412263393402,0.00031340954592451453,0.32998141646385193,0.6704851388931274,0.0005457599181681871,0.6651145219802856,0.005372446030378342,-5.926331520080566,0.5991913080215454,0.00041115478961728513,0.592202365398407,0.006988942623138428,-2.9199318885803223,0.8705915808677673,0.004912043921649456,0.8329405784606934,0.037651002407073975,-1.5947959423065186,0.34282004833221436,0.012794648297131062,0.3251660168170929,0.01765403151512146,-1.248246192932129,0.7271305322647095,1.0,0.2728694677352905,0.04419384524226189,0.0,0.04419384524226189,0.0,0.0,-19.52699851989746,1785282663.5295758,11.713004350662231,-15.374237060546875,311.59695898245457,26.066780865751177,0.0,96.48,True,1.8231210708618164
47,0.0031854920089244843,2.4981301294246805e-07,0.0029922707471996546,0.0024906101170927286,2.1448228437748185e-07,0.002673533046618104,0.0002660737663973123,-13.288190841674805,0.33336085081100464,0.00032170923077501357,0.33196303248405457,0.6740541458129883,0.0005780415376648307,0.6788769960403442,0.005021332763135433,-5.887829780578613,0.6016343235969543,0.0004325641202740371,0.6061534881591797,0.004519164562225342,-2.930344581604004,0.848933219909668,0.005054563283920288,0.8248759508132935,0.02405726909637451,-1.667542815208435,0.33564358949661255,0.013430044054985046,0.3290331959724426,0.006610393524169922,-1.234565019607544,0.7130890488624573,1.0,0.2869109511375427,0.046985045075416565,0.0,0.046985045075416565,1.0,0.0,-19.463626861572266,1785282663.6235495,11.806977987289429,-15.280263423919678,318.3999811154522,25.983736294042288,0.0,96.48,True,1.8231210708618164
48,0.0031913474667817354,2.773448102288967e-07,0.002962088445201516,0.002575325546786189,2.3983744767974713e-07,0.0027290380094200373,0.00027602032059803605,-13.188764572143555,0.33790457248687744,0.0003442085871938616,0.33417296409606934,0.6814576983451843,0.0006393018993549049,0.6992103457450867,0.018140600994229317,-5.5601091384887695,0.6081419587135315,0.00047957070637494326,0.6081997752189636,5.7816505432128906e-05,-2.902367353439331,0.8270561695098877,0.005281539633870125,0.8060382604598999,0.021017909049987793,-1.6610097885131836,0.3570215702056885,0.016311248764395714,0.3296777307987213,0.027343839406967163,-1.1160924434661865,0.6720352172851562,1.0,0.32796478271484375,0.039015863090753555,0.0,0.039015863090753555,1.0,0.0,-19.088035583496094,1785282663.7288513,11.912279844284058,-15.174961566925049,324.82741197037365,25.78221914619204,0.0,96.48,True,1.8231210708618164
49,0.0031908880919218063,2.8609574087568035e-07,0.003125798422843218,0.0026300016324967146,2.5085540755753755e-07,0.0029645913746207952,0.0003408620832487941,-13.064245223999023,0.3407602906227112,0.00035329238744452596,0.33659037947654724,0.691104531288147,0.0006837265100330114,0.709038257598877,0.018412135541439056,-5.520401954650879,0.6144882440567017,0.0005048707826063037,0.6096372604370117,0.004850983619689941,-2.853360652923584,0.8112903237342834,0.005457681138068438,0.7888993620872498,0.02239096164703369,-1.6404961347579956,0.3629852533340454,0.018238341435790062,0.33000001311302185,0.03298524022102356,-1.0533480644226074,0.6108629107475281,1.0,0.3891370892524719,0.03255948796868324,0.0,0.03255948796868324,1.0,0.0,-18.90724754333496,1785282663.8136137,11.997042179107666,-15.09019923210144,331.07405478513397,25.517957619298215,0.0,96.48,True,1.8231210708618164
50,0.003151743672788143,2.860465144749469e-07,0.002522849477827549,0.0026830006390810013,2.5768872546905186e-07,0.002455056644976139,0.0006689292495138943,-12.489283561706543,0.34286826848983765,0.0003596906317397952,0.33786794543266296,0.6955103278160095,0.000717919843737036,0.7175832986831665,0.022632261738181114,-5.372750759124756,0.6171654462814331,0.0005295047303661704,0.6151556372642517,0.0020098090171813965,-2.849031448364258,0.7933117151260376,0.005647897720336914,0.7845253348350525,0.008786380290985107,-1.6624629497528076,0.3601253628730774,0.019949909299612045,0.3296777307987213,0.03044763207435608,-1.0150922536849976,0.579379141330719,1.0,0.420620858669281,0.03179270029067993,0.0,0.03179270029067993,1.0,0.0,-18.211997985839844,1785282663.9204783,12.103906869888306,-14.9833345413208,336.62544804239917,25.21544028166678,0.0,96.48,True,1.8231210708618164
51,0.0030881958082318306,2.838478962985391e-07,0.002958053955808282,0.0027468670159578323,2.656250615018507e-07,0.002959469798952341,0.00024927264894358814,-13.155210494995117,0.3448067009449005,0.0003660144575405866,0.3381517231464386,0.7002139091491699,0.0007549810688942671,0.7268038988113403,0.027410149574279785,-5.184207439422607,0.6201545000076294,0.0005546757020056248,0.6217701435089111,0.0016156435012817383,-2.8272721767425537,0.7736240029335022,0.005908636841922998,0.7821420431137085,0.008518040180206299,-1.6405916213989258,0.35248303413391113,0.021501651033759117,0.32838866114616394,0.024094372987747192,-0.9873744249343872,0.5446113348007202,1.0,0.4553886651992798,0.03182223066687584,0.0,0.03182223066687584,1.0,0.0,-18.716211318969727,1785282664.0149374,12.198365926742554,-14.888875484466553,342.68105463279426,24.885205115284734,0.0,96.48,True,1.8231210708618164
52,0.0030014794319868088,2.7899667998099176e-07,0.0029215309768915176,0.002821835223585367,2.736866520081094e-07,0.0030092312954366207,0.00020373768347781152,-13.188185691833496,0.3467864394187927,0.00037111216806806624,0.33916175365448,0.7057443857192993,0.0007932497537694871,0.7143475413322449,0.011495656333863735,-5.556333541870117,0.623871922492981,0.0005800440558232367,0.6251055598258972,0.0012336373329162598,-2.805953025817871,0.7505990862846375,0.006240085698664188,0.7757223844528198,0.025123298168182373,-1.5688674449920654,0.3437919616699219,0.02303842082619667,0.3296777307987213,0.014114230871200562,-0.9620339870452881,0.4997258484363556,1.0,0.5002741813659668,0.03118269518017769,0.0,0.03118269518017769,1.0,0.0,-19.036230087280273,1785282664.119878,12.303306579589844,-14.783934831619263,349.0566799914999,24.52962951101359,0.0,96.48,True,1.8231210708618164
53,0.0029205845203250647,2.758642949629575e-07,0.0029186480678617954,0.0029064815025776625,2.8315719191596145e-07,0.00310924812220037,0.00020277586008887738,-13.179826736450195,0.3492957055568695,0.0003777288075070828,0.3403783142566681,0.7099195718765259,0.0008307778043672442,0.7173625230789185,0.011615394614636898,-5.510762691497803,0.6267650723457336,0.0006051987875252962,0.6258829832077026,0.0008820891380310059,-2.785395622253418,0.7264940142631531,0.006639397237449884,0.746683657169342,0.020189642906188965,-1.5577313899993896,0.33719131350517273,0.024581005796790123,0.32709962129592896,0.010091692209243774,-0.931880533695221,0.4483805298805237,1.0,0.5516194701194763,0.029209895059466362,0.0,0.029209895059466362,1.0,0.0,-18.98113441467285,1785282664.2242851,12.407713651657104,-14.679527759552002,355.3772096775981,24.143900453392376,0.0,96.48,True,1.8231210708618164
54,0.00285453163087368,2.7335821073393163e-07,0.002371058566495776,0.002979684853926301,2.9165266823838465e-07,0.0026152627542614937,0.0006054334808140993,-12.586996078491211,0.35122936964035034,0.0003839536220766604,0.34116873145103455,0.7128172516822815,0.0008740749908611178,0.7196871042251587,0.012182418256998062,-5.456984519958496,0.6286764740943909,0.0006352252676151693,0.6277884244918823,0.0008880496025085449,-2.7612061500549316,0.7029438018798828,0.007084110286086798,0.7536479830741882,0.05070418119430542,-1.3745555877685547,0.32926350831985474,0.025942867621779442,0.29036131501197815,0.03890219330787659,-0.8778231739997864,0.4000762403011322,1.0,0.5999237298965454,0.027311936020851135,0.0,0.027311936020851135,1.0,0.0,-18.333187103271484,1785282664.320098,12.503526449203491,-14.583714962005615,361.04979205229495,23.70411403607573,0.0,96.48,True,1.8231210708618164
55,0.002792969113215804,2.7136877633893164e-07,0.0027982830069959164,0.0030314079485833645,2.9992921213306545e-07,0.003223512088879943,0.00019217762746848166,-13.170303344726562,0.3518298864364624,0.00038869603304192424,0.3417692184448242,0.7158740758895874,0.0009312019683420658,0.7247034311294556,0.013385609723627567,-5.405937194824219,0.6309784650802612,0.0006733358022756875,0.6322205662727356,0.0012421011924743652,-2.731549024581909,0.6820757389068604,0.007516533136367798,0.7562313079833984,0.07415556907653809,-1.1605896949768066,0.31580543518066406,0.02735610492527485,0.32838866114616394,0.012583225965499878,-0.8775753378868103,0.35700294375419617,1.0,0.6429970264434814,0.026652760803699493,0.0,0.026652760803699493,1.0,0.0,-18.86082649230957,1785282664.4244833,12.607911825180054,-14.479329586029053,367.2500138160299,23.264079782646107,0.0,96.48,True,1.8231210708618164
56,0.0027354969643056393,2.703555139760283e-07,0.0017613890813663602,0.003073908155784011,3.077439316712116e-07,0.002078692428767681,0.0013926021056249738,-9.856781005859375,0.35168778896331787,0.0003929956874344498,0.3423353433609009,0.7189431190490723,0.000986456754617393,0.7287484407424927,0.01355037186294794,-5.383658409118652,0.6332705020904541,0.0007107527926564217,0.6341285705566406,0.0008580684661865234,-2.705136775970459,0.6644209623336792,0.007959960028529167,0.751529335975647,0.08710837364196777,-1.0210996866226196,0.30489587783813477,0.02852984145283699,0.32645508646965027,0.021559208631515503,-0.8513179421424866,0.3191492557525635,1.0,0.6808507442474365,0.0257002804428339,0.0,0.0257002804428339,1.0,0.0,-15.516276359558105,1785282664.519683,12.703111410140991,-14.384130001068115,370.10568544701334,22.79778813347216,0.0,96.48,True,1.8231210708618164
57,0.0026791496202349663,2.6968672273142147e-07,0.003467417322099209,0.003110236022621393,3.159804577990144e-07,0.004248368088155985,0.0013844531495124102,-10.007181167602539,0.35147202014923096,0.0003976154257543385,0.34275558590888977,0.7215759754180908,0.0010419856989756227,0.7321206331253052,0.013680864125490189,-5.361555099487305,0.6353455781936646,0.0007478154730051756,0.6364259123802185,0.001080334186553955,-2.6794583797454834,0.649368405342102,0.008396454155445099,0.7323945164680481,0.08302611112594604,-1.0605435371398926,0.291551411151886,0.029609983786940575,0.19368164241313934,0.09786976873874664,-0.6791390776634216,0.28842535614967346,1.0,0.7115746736526489,0.025530273094773293,0.0,0.025530273094773293,1.0,0.0,-15.636154174804688,1785282664.6243095,12.807738065719604,-14.279503345489502,373.0812348932434,22.15931761981915,0.0,96.48,True,1.8231210708618164
58,0.0026293264236301184,2.6792449148160813e-07,0.0026128017343580723,0.0031390362419188023,3.227777654046804e-07,0.003361600684002042,0.00022317704861052334,-13.124311447143555,0.3511524498462677,0.0004016790771856904,0.34329795837402344,0.7239564061164856,0.0010916704777628183,0.7340148687362671,0.012761885300278664,-5.358942031860352,0.6374809145927429,0.0007825911743566394,0.6386430263519287,0.001162111759185791,-2.656648874282837,0.6335692405700684,0.008790633641183376,0.716179370880127,0.0826101303100586,-1.0599305629730225,0.2756307125091553,0.030315803363919258,0.3108251988887787,0.03519448637962341,-0.8086754083633423,0.2646574079990387,1.0,0.7353426218032837,0.02595559135079384,0.0,0.02595559135079384,1.0,0.0,-18.739789962768555,1785282664.718845,12.902273416519165,-14.184967994689941,379.1604201274373,21.650383436866058,0.0,96.48,True,1.8231210708618164
59,0.0025805679615586996,2.682498632111674e-07,0.001644894015043974,0.003165352391079068,3.3049050784939027e-07,0.00218446203507483,0.0013555927434936166,-10.101659774780273,0.350280225276947,0.00040509289829060435,0.3438115417957306,0.7258663177490234,0.0011451496975496411,0.7342463731765747,0.010586273856461048,-5.371621131896973,0.6387709379196167,0.0008200427400879562,0.6404454112052917,0.0016744732856750488,-2.6324288845062256,0.6224644184112549,0.009160717017948627,0.7216912508010864,0.09922683238983154,-0.8900755643844604,0.26489949226379395,0.03078189119696617,0.3274218738079071,0.06252238154411316,-0.7579799890518188,0.246189683675766,1.0,0.7538102865219116,0.026189051568508148,0.0,0.026189051568508148,1.0,0.0,-15.715170860290527,1785282664.8230872,13.006515741348267,-14.08072566986084,382.2149862591532,21.090753834601443,0.0,96.48,True,1.8231210708618164
60,0.002523406408727169,2.676884491847886e-07,0.003079766873270273,0.0031859027221798897,3.3849053693302267e-07,0.004274122882634401,0.0012221947545185685,-10.850791931152344,0.3493589758872986,0.0004074790922459215,0.34404268860816956,0.7280384302139282,0.0012082054745405912,0.7362246513366699,0.00976100005209446,-5.361780166625977,0.6405652165412903,0.0008589107310399413,0.6422841548919678,0.0017189383506774902,-2.609264373779297,0.6149712800979614,0.009508974850177765,0.7288292050361633,0.1138579249382019,-0.7271687984466553,0.24802586436271667,0.03149047866463661,0.2998681664466858,0.051842302083969116,-0.7674229145050049,0.23073555529117584,1.0,0.7692644596099854,0.027822332456707954,0.0,0.027822332456707954,0.0,0.0,-16.444849014282227,1785282664.928439,13.111867427825928,-13.975373983383179,385.9992305448608,20.540567157790015,0.0,96.48,True,1.8231210708618164
61,0.00247284397482872,2.4818675115056976e-07,0.002457386814057827,0.0031742900609970093,3.218368931356963e-07,0.003615634050220251,0.0004416145966388285,-12.938180923461914,0.3472692370414734,0.00039535839459858835,0.34428176283836365,0.7304643392562866,0.001224772073328495,0.7413450479507446,0.011283387430012226,-5.37286376953125,0.6410128474235535,0.0008667903603054583,0.6439746022224426,0.00296175479888916,-2.60135817527771,0.6063340902328491,0.009731711819767952,0.6024138927459717,0.003920197486877441,-1.3964548110961914,0.23241114616394043,0.030274586752057076,0.3200097680091858,0.08759862184524536,-0.7030527591705322,0.22118741273880005,1.0,0.7788125872612,0.0301175806671381,0.0,0.0301175806671381,0.0,0.0,-18.537151336669922,1785282665.023524,13.206952571868896,-13.88028883934021,391.87577715295606,19.926010325644114,0.0,96.48,True,1.8231210708618164
62,0.0024248678237199783,2.4226233108493034e-07,0.0024198065511882305,0.0031849502120167017,3.226355147489812e-07,0.003691247897222638,0.0005063230055384338,-12.854808807373047,0.3467258810997009,0.00039458865649066865,0.3443089425563812,0.7333627939224243,0.001288835657760501,0.7442091703414917,0.011112401261925697,-5.354922294616699,0.6436738967895508,0.0009087969665415585,0.6446993947029114,0.0010254979133605957,-2.5821774005889893,0.5893593430519104,0.010190512053668499,0.4777376651763916,0.1116216778755188,-0.7628869414329529,0.21515782177448273,0.028909381479024887,0.32935547828674316,0.11419765651226044,-0.6273046135902405,0.20273981988430023,0.0,0.20273981988430023,0.031794365495443344,0.0,0.031794365495443344,0.0,0.0,-18.429834365844727,1785282665.1281145,13.311542987823486,-13.77569842338562,397.64500679022615,19.23570534791792,0.0,96.48,True,1.8231210708618164
63,0.0023568752221763134,2.392002613760269e-07,0.002173293149098754,0.0031855052802711725,3.260207677158178e-07,0.003471286967396736,0.0003396668180357665,-13.057555198669434,0.34478235244750977,0.0003930747916456312,0.3427902162075043,0.7364685535430908,0.0013182541588321328,0.7428868412971497,0.006720344070345163,-5.377928733825684,0.6474417448043823,0.0009380176197737455,0.6467885971069336,0.0006531476974487305,-2.566704750061035,0.5726335644721985,0.010515265166759491,0.5292524695396423,0.04338109493255615,-1.2690399885177612,0.21811527013778687,0.026622993871569633,0.0,0.21811527013778687,-0.0005705952644348145,0.17898668348789215,0.0,0.17898668348789215,0.028220396488904953,0.0,0.028220396488904953,0.0,0.0,-18.64324951171875,1785282665.2227547,13.406183242797852,-13.681058168411255,403.62765157337026,17.918666351865923,0.0,96.48,True,1.8231210708618164
64,0.002285265363752842,2.2558863577160082e-07,0.002071190159767866,0.003181220730766654,3.165447708397551e-07,0.003458669176325202,0.0003504366322886199,-13.074134826660156,0.34252163767814636,0.00037133143632672727,0.34119775891304016,0.7420282363891602,0.0013684025034308434,0.7445681095123291,0.002864194568246603,-5.403669357299805,0.6531081199645996,0.0009560618200339377,0.6498041749000549,0.0033039450645446777,-2.551696538925171,0.5737442970275879,0.01010115072131157,0.5496203303337097,0.024123966693878174,-1.349807620048523,0.18984755873680115,0.025197789072990417,0.31904298067092896,0.1291954219341278,-0.5903522372245789,0.15003234148025513,0.0,0.15003234148025513,0.029825570061802864,0.0,0.029825570061802864,0.0,0.0,-18.67291831970215,1785282665.327453,13.510881423950195,-13.576359987258911,409.63996516449777,17.19140899777407,0.0,96.48,True,1.8231210708618164
65,0.0022162310779094696,2.248944213079085e-07,0.0013636259827762842,0.003188860369846225,3.219448672098224e-07,0.0023904163390398026,0.0011680959723889828,-10.68411636352539,0.3399152457714081,0.0003594026784412563,0.3390127122402191,0.7464061975479126,0.0014621075242757797,0.748514711856842,0.002293555997312069,-5.388941287994385,0.6565666794776917,0.000994454137980938,0.651190996170044,0.005375683307647705,-2.5231902599334717,0.5794760584831238,0.010031879879534245,0.5571219325065613,0.0223541259765625,-1.3571492433547974,0.1749553084373474,0.024303782731294632,0.2636132836341858,0.08865797519683838,-0.7779150009155273,0.12784059345722198,0.0,0.12784059345722198,0.029520295560359955,0.0,0.029520295560359955,0.0,0.0,-16.256864547729492,1785282665.4246225,13.608051061630249,-13.479190349578857,413.2362249836526,16.651714407373163,0.0,96.48,True,1.8231210708618164
66,0.002087240805849433,2.0929280708514852e-07,0.002444868441671133,0.0032273009419441223,3.1338831263383327e-07,0.0044743833132088184,0.0012973480625078082,-10.552963256835938,0.33801108598709106,0.0003474870463833213,0.3375515639781952,0.7493304014205933,0.001474562450312078,0.7521133422851562,0.0028206240385770798,-5.401281356811523,0.6588126420974731,0.0009840407874435186,0.6507712602615356,0.0080413818359375,-2.510126829147339,0.568376898765564,0.01007559709250927,0.6501785516738892,0.0818016529083252,-1.0478157997131348,0.1472850739955902,0.021401988342404366,0.2935839891433716,0.14629891514778137,-0.5031648874282837,0.11049527674913406,0.0,0.11049527674913406,0.03076843172311783,0.0,0.03076843172311783,0.0,0.0,-16.129053115844727,1785282665.5289996,13.712428092956543,-13.374813318252563,416.7046733709227,15.837269703485013,0.0,96.48,True,1.8231210708618164
67,0.001993737183511257,2.103101195416457e-07,0.0018891345243901014,0.0032400735653936863,3.2209635492108646e-07,0.003656224347651005,0.0004290957876946777,-13.028822898864746,0.3353373110294342,0.000337449018843472,0.3360964357852936,0.7544935941696167,0.0015888926573097706,0.7542717456817627,0.0007908774423412979,-5.3806610107421875,0.6630759239196777,0.0010219910182058811,0.6534497737884521,0.009626150131225586,-2.4787282943725586,0.579697847366333,0.009890996851027012,0.6754953265190125,0.09579747915267944,-0.925212025642395,0.12356337904930115,0.019982997328042984,0.19480957090854645,0.0712461918592453,-0.9104897975921631,0.0996701642870903,0.0,0.0996701642870903,0.03348776325583458,0.0,0.03348776325583458,0.0,0.0,-18.572715759277344,1785282665.623775,13.807203531265259,-13.280037879943848,422.6167844016254,15.430149909760745,0.0,96.48,True,1.8231210708618164
68,0.0019038328900933266,2.0120999977280007e-07,0.0018274104222655296,0.0032539870589971542,3.147393101698981e-07,0.003725316608324647,0.0004774850094690919,-12.98991584777832,0.33355677127838135,0.00032354690483771265,0.3349400758743286,0.7591288089752197,0.0016634732019156218,0.7570509910583496,0.0024961689487099648,-5.375374794006348,0.666770875453949,0.0010271669598296285,0.6554769277572632,0.011293947696685791,-2.459446907043457,0.5900628566741943,0.00968110654503107,0.6164315938949585,0.02636873722076416,-1.3639402389526367,0.09958487004041672,0.016901899129152298,0.27134764194488525,0.17176276445388794,-0.24847078323364258,0.0921478420495987,0.0,0.0921478420495987,0.036587364971637726,0.0,0.036587364971637726,0.0,0.0,-18.519939422607422,1785282665.7286706,13.912099123001099,-13.175142288208008,428.4761190956582,14.361011101677956,0.0,96.48,True,1.8231210708618164
69,0.0018202021019533277,1.9427298525442893e-07,0.0016802143072709441,0.0032740309834480286,3.098125489486847e-07,0.003644209122285247,0.0003957631124649197,-13.111184120178223,0.33240407705307007,0.0003147980314679444,0.3341842591762543,0.7614465951919556,0.0017415698384866118,0.7595539093017578,0.002598328050225973,-5.364334583282471,0.667773425579071,0.0010368790244683623,0.6570539474487305,0.010719478130340576,-2.461421251296997,0.5951443910598755,0.00973671954125166,0.6268132328987122,0.03166884183883667,-1.3454853296279907,0.08183735609054565,0.013740711845457554,0.3240380883216858,0.24220073223114014,0.9098187685012817,0.0883093848824501,0.0,0.0883093848824501,0.0389561802148819,0.0,0.0389561802148819,0.0,0.0,-18.633363723754883,1785282665.8242483,14.007676839828491,-13.079564571380615,434.44887809083843,12.133582741860243,0.0,96.48,True,1.8231210708618164
70,0.0017339891055598855,1.8796626477524114e-07,0.0015845102025195956,0.0032910581212490797,3.0482848956125963e-07,0.0036535337567329407,0.0003920873859897256,-13.132434844970703,0.330466091632843,0.000306208006804809,0.3332185447216034,0.7631621956825256,0.0018297163769602776,0.7597074508666992,0.004417154937982559,-5.3439106941223145,0.668602466583252,0.001054020132869482,0.6552180051803589,0.013384461402893066,-2.423651933670044,0.6019457578659058,0.009754592552781105,0.6978102326393127,0.09586447477340698,-0.925010085105896,0.06842345744371414,0.011389628984034061,0.30824705958366394,0.2398236095905304,1.2063132524490356,0.0865970030426979,0.0,0.0865970030426979,0.0415397472679615,0.0,0.0415397472679615,0.0,0.0,-18.6193904876709,1785282665.9183702,14.10179877281189,-12.985442638397217,440.4076638499347,9.609659898094776,0.0,96.48,True,1.8231210708618164
71,0.0016508426051586866,1.771870188349567e-07,0.0016313145169988275,0.0032967159058898687,2.912127854415303e-07,0.003942620009183884,0.0006461992161348462,-12.742382049560547,0.3278621733188629,0.0002938875986728817,0.33274558186531067,0.7641951441764832,0.0018977385479956865,0.7582621574401855,0.0076842703856527805,-5.311978340148926,0.6691685914993286,0.0010556610068306327,0.6538549661636353,0.01531362533569336,-2.3967843055725098,0.6132737398147583,0.009633669629693031,0.7017415761947632,0.08846783638000488,-0.9960983395576477,0.0582847073674202,0.009034436196088791,0.0,0.0582847073674202,-1.2464085817337036,0.08735941350460052,0.0,0.08735941350460052,0.04453819617629051,0.0,0.04453819617629051,0.0,0.0,-18.190357208251953,1785282666.013531,14.196959495544434,-12.890281915664673,445.937416329612,9.538458888512048,0.0,96.48,True,1.8231210708618164
72,0.0015749458689242601,1.540354475082495e-07,0.0014436832861974835,0.003304402343928814,2.590302869975858e-07,0.003753183875232935,0.00046758391545154154,-13.14362907409668,0.3270440995693207,0.0002782077353913337,0.3324694335460663,0.7662086486816406,0.0018579987809062004,0.7604793310165405,0.007890458218753338,-5.338088512420654,0.6704262495040894,0.0009933423716574907,0.6561530828475952,0.01427316665649414,-2.435734748840332,0.6236518621444702,0.009229632094502449,0.7178351879119873,0.09418332576751709,-0.9431849718093872,0.050060585141181946,0.005805060733109713,0.17063964903354645,0.1205790638923645,-0.40327775478363037,0.0882740467786789,0.0,0.0882740467786789,0.047323424369096756,0.0,0.047323424369096756,0.0,0.0,-18.631967544555664,1785282666.1175783,14.30100679397583,-12.786234617233276,451.90877914559303,8.624127051979247,0.0,96.48,True,1.8231210708618164
73,0.0015046086627990007,1.488283203343599e-07,0.0013234189245849848,0.003311380511149764,2.546812254422548e-07,0.00364792556501925,0.00038222019793465734,-13.281330108642578,0.3253514766693115,0.00027225230587646365,0.3324243724346161,0.7652115225791931,0.0019107779953628778,0.7654833793640137,0.007078118156641722,-5.304742813110352,0.669072151184082,0.0009925795020535588,0.6559662222862244,0.013105928897857666,-2.452138662338257,0.6341071724891663,0.00901411846280098,0.6844173073768616,0.05031013488769531,-1.2951462268829346,0.04207058250904083,0.004360145889222622,0.0,0.04207058250904083,-1.5957190990447998,0.08943508565425873,0.0,0.08943508565425873,0.050391051918268204,0.0,0.050391051918268204,0.0,0.0,-18.751192092895508,1785282666.2131271,14.396555662155151,-12.690685749053955,457.9993665099139,8.902236559707616,0.0,96.48,True,1.8231210708618164
74,0.0014285099459812045,1.3930649345184065e-07,0.001244332524947822,0.003333423752337694,2.4481332161485625e-07,0.003662452567368746,0.00037706931470893323,-13.323944091796875,0.32490143179893494,0.0002669481618795544,0.3325326144695282,0.7650146484375,0.0019026575610041618,0.7653267979621887,0.007637564092874527,-5.299501895904541,0.6688796281814575,0.000966361491009593,0.6549793481826782,0.013900279998779297,-2.452075958251953,0.6418525576591492,0.008767195045948029,0.5514387488365173,0.09041380882263184,-0.9832234978675842,0.03651043772697449,0.003216735552996397,0.2222021520137787,0.1856917142868042,3.408935070037842,0.09037096798419952,0.0,0.09037096798419952,0.053875647485256195,0.0,0.053875647485256195,0.0,0.0,-18.789583206176758,1785282666.317602,14.501030445098877,-12.58621096611023,464.128344987516,4.254458011407405,0.0,96.48,True,1.8231210708618164
75,0.001343625714071095,1.413189778531887e-07,0.0007946260739117861,0.0033670361153781414,2.55719243114072e-07,0.0025034737773239613,0.001023298827931285,-11.113332748413086,0.3246736228466034,0.00027248781407251954,0.33201900124549866,0.7630508542060852,0.0019626824650913477,0.7606891989707947,0.007715698331594467,-5.282378196716309,0.6666406989097595,0.000991146662272513,0.6545236110687256,0.012117087841033936,-2.465317726135254,0.6388477087020874,0.009027461521327496,0.5374962687492371,0.10135143995285034,-0.8658665418624878,0.03133445978164673,0.0027475450187921524,0.0,0.03133445978164673,-1.8509079217910767,0.09505786001682281,0.0,0.09505786001682281,0.058782909065485,0.0,0.058782909065485,0.0,0.0,-16.5718936920166,1785282666.4247706,14.608199119567871,-12.479042291641235,468.039633950958,4.708990228827988,0.0,96.48,True,1.8231210708618164
76,0.0012497131247073412,1.3348729055451258e-07,0.0013573186006397009,0.0034049784298986197,2.496116167094442e-07,0.004594019148498774,0.0011938997777178884,-10.80302619934082,0.3253140449523926,0.0002701865159906447,0.33100011944770813,0.7608615159988403,0.0019459789618849754,0.7574285268783569,0.006642051972448826,-5.328456878662109,0.6648961305618286,0.0009643678786233068,0.6545236110687256,0.010372519493103027,-2.497298240661621,0.6429344415664673,0.00884415302425623,0.4133906364440918,0.2295438051223755,1.5337635278701782,0.028451241552829742,0.002153888111934066,0.0,0.028451241552829742,-1.9633921384811401,0.09763962030410767,0.0,0.09763962030410767,0.06332332640886307,0.0,0.06332332640886307,0.0,0.0,-16.314441680908203,1785282666.5186927,14.702121257781982,-12.385120153427124,471.69347090329154,5.354772775992696,0.0,96.48,True,1.8231210708618164
77,0.0011127844918519258,1.2707442920145695e-07,0.0012131630210205913,0.003467278089374304,2.4950423949121614e-07,0.0044726119376719,0.0010103326058015227,-11.63821029663086,0.3276798725128174,0.000275600963504985,0.3284027874469757,0.7525515556335449,0.0019006264628842473,0.7528039216995239,0.0007656987872906029,-5.392221450805664,0.65742027759552,0.0009240282815881073,0.6531404256820679,0.0042798519134521484,-2.5645337104797363,0.6432583332061768,0.008795456029474735,0.4612410068511963,0.18201732635498047,0.43555474281311035,0.026003234088420868,0.0016260499833151698,0.0,0.026003234088420868,-2.0839450359344482,0.11121388524770737,0.0,0.11121388524770737,0.07567737996578217,0.0,0.07567737996578217,0.0,0.0,-17.234254837036133,1785282666.6234615,14.80689001083374,-12.280351400375366,476.26712101175303,6.121108220610713,0.0,96.48,True,1.8231210708618164
78,0.0010271996725350618,1.229512633926788e-07,0.0009208163246512413,0.003480610204860568,2.468774198405299e-07,0.003827289678156376,0.0003626348916441202,-13.435611724853516,0.3269348740577698,0.00027486536419019103,0.3252612054347992,0.7458196878433228,0.0018516419222578406,0.750170111656189,0.004661261104047298,-5.397372722625732,0.6526509523391724,0.0008934524958021939,0.6506266593933105,0.0020242929458618164,-2.5889768600463867,0.6509899497032166,0.00852529052644968,0.539453387260437,0.11153656244277954,-0.733802855014801,0.022542759776115417,0.0013800675515085459,0.0,0.022542759776115417,-2.1897599697113037,0.11622923612594604,0.0,0.11622923612594604,0.08227981626987457,0.0,0.08227981626987457,0.0,0.0,-19.047998428344727,1785282666.7182052,14.901633739471436,-12.185607671737671,482.6545147115231,6.9932585990055856,0.0,96.48,True,1.8231210708618164
79,0.0009510744130238891,1.1943875222186762e-07,0.000852768134791404,0.0034897802397608757,2.437651858144818e-07,0.003877008566632867,0.0003995120641775429,-13.397865295410156,0.325944185256958,0.0002707781386561692,0.32279831171035767,0.7394495606422424,0.0018180973129346967,0.744936466217041,0.006324765272438526,-5.397656440734863,0.6486883759498596,0.000862683227751404,0.6483001112937927,0.00038826465606689453,-2.608705520629883,0.6693249940872192,0.008048471994698048,0.5713270306587219,0.09799796342849731,-0.8955879211425781,0.01979372650384903,0.0012110576499253511,0.0,0.01979372650384903,-2.2774362564086914,0.12186729907989502,0.0,0.12186729907989502,0.08941047638654709,0.0,0.08941047638654709,0.0,0.0,-19.020343780517578,1785282666.8233287,15.006757259368896,-12.08048415184021,489.01425376346606,7.9530852640978456,0.0,96.48,True,1.8231210708618164
80,0.0008901801193132997,1.1736993599242851e-07,0.0006803983706049621,0.00347880064509809,2.4216112137764867e-07,0.0034090369008481503,0.00022107773111201823,-13.560396194458008,0.3244777321815491,0.0002702480705920607,0.3213476836681366,0.7332451939582825,0.001758037367835641,0.7426408529281616,0.009903312660753727,-5.3987531661987305,0.6452280879020691,0.0008247480727732182,0.6478528380393982,0.0026247501373291016,-2.627100944519043,0.6873353123664856,0.007655815687030554,0.5927277207374573,0.09460759162902832,-0.9326443672180176,0.01821165531873703,0.0011134399101138115,0.27763184905052185,0.2594201862812042,27.739919662475586,0.13152021169662476,0.0,0.13152021169662476,0.09971658885478973,0.0,0.09971658885478973,0.0,0.0,-19.192949295043945,1785282666.9075885,15.091017007827759,-11.996224403381348,495.54659832993536,28.05752925379202,0.0,96.48,True,1.8231210708618164
81,0.0008416658383794129,1.2146067263074656e-07,0.0006956615834496915,0.0034965784288942814,2.538693593123753e-07,0.003800793085247278,0.0003374371153768152,-13.447157859802246,0.3241720199584961,0.000275320460787043,0.319640576839447,0.7299437522888184,0.0017868803115561604,0.737506091594696,0.008816062472760677,-5.371258735656738,0.642768383026123,0.000835852581076324,0.6424314975738525,0.0003368854522705078,-2.6245229244232178,0.6960964202880859,0.007635966874659061,0.6574022173881531,0.03869420289993286,-1.4204654693603516,0.016885459423065186,0.0011015745112672448,0.27763184905052185,0.26074638962745667,28.373205184936523,0.14361651241779327,0.0,0.14361651241779327,0.10811828821897507,0.0,0.10811828821897507,0.0,0.0,-19.056427001953125,1785282667.0330706,15.216499090194702,-11.870742321014404,501.94242060331385,56.748344030044976,0.0,96.48,True,1.8231210708618164
82,0.0007969237631186843,1.235196123161586e-07,0.0006163303623907268,0.0035066120326519012,2.5941670855900156e-07,0.0037731199990957975,0.0003219323989469558,-13.429054260253906,0.3233105540275574,0.0002762508229352534,0.3184550702571869,0.7273365259170532,0.0018065571784973145,0.732200026512146,0.006872361991554499,-5.368172645568848,0.6415838003158569,0.0008355252211913466,0.6402590870857239,0.0013247132301330566,-2.6237361431121826,0.7127923369407654,0.007433556020259857,0.6808228492736816,0.03196948766708374,-1.4631913900375366,0.016528144478797913,0.0010788299841806293,0.0,0.016528144478797913,-2.370391607284546,0.1579752266407013,0.0,0.1579752266407013,0.11850525438785553,0.0,0.11850525438785553,0.0,0.0,-19.03546142578125,1785282667.1267316,15.310160160064697,-11.77708125114441,508.31727730052046,54.69556201407686,0.0,96.48,True,1.8231210708618164
83,0.0007237814133986831,1.1821286705071543e-07,0.0005434694467112422,0.0035220992285758257,2.5035680550899997e-07,0.003741346299648285,0.00028386912890709937,-13.504182815551758,0.3232349753379822,0.0002731576969381422,0.317783385515213,0.721900224685669,0.0017287366790696979,0.7300074696540833,0.009769710712134838,-5.371624946594238,0.6385756134986877,0.0007846836233511567,0.6386449337005615,6.93202018737793e-05,-2.6561734676361084,0.7380485534667969,0.006902867928147316,0.7466216087341309,0.008573055267333984,-1.563646912574768,0.016453586518764496,0.0009849276393651962,0.0,0.016453586518764496,-2.4051012992858887,0.17678852379322052,0.0,0.17678852379322052,0.13648012280464172,0.0,0.13648012280464172,0.0,1.0,-19.12957000732422,1785282667.2311437,15.41457223892212,-11.672669172286987,514.78624257927,52.60807030610741,0.0,96.48,True,1.8231210708618164
84,0.0006574105354957283,1.2001051175047905e-07,0.0004541751404758543,0.003548975335434079,2.549139708207804e-07,0.0036748454440385103,0.00023905628768261522,-13.517971992492676,0.32323557138442993,0.00027995550772175193,0.31761434674263,0.7171438932418823,0.001725647714920342,0.7265762686729431,0.010980340652167797,-5.351426124572754,0.6362191438674927,0.0007678915862925351,0.6334056854248047,0.0028134584426879883,-2.6618385314941406,0.772547721862793,0.0067847659811377525,0.7752658128738403,0.0027180910110473633,-1.577054738998413,0.015651121735572815,0.0009330340544693172,0.0,0.015651121735572815,-2.438326358795166,0.21518641710281372,0.0,0.21518641710281372,0.1698283702135086,0.0,0.1698283702135086,0.0,1.0,-19.13003158569336,1785282667.3149722,15.498400688171387,-11.58884072303772,521.2556694363888,50.487353538628675,0.0,96.48,True,1.8231210708618164
85,0.0005718512693420053,1.2276969130198268e-07,0.00042142687016166747,0.00359094119630754,2.644505343596393e-07,0.003937799949198961,0.00037807208718732,-13.37177848815918,0.32455888390541077,0.00029110730974934995,0.3180638253688812,0.7102986574172974,0.0016821976751089096,0.7208297848701477,0.012372971512377262,-5.321437835693359,0.6314901113510132,0.0007358906441368163,0.6311301589012146,0.000359952449798584,-2.688187837600708,0.8004255890846252,0.006518401205539703,0.8202276825904846,0.019802093505859375,-1.5675464868545532,0.014519281685352325,0.000896386569365859,0.0,0.014519281685352325,-2.4720425605773926,0.27058184146881104,0.0,0.27058184146881104,0.21739110350608826,0.0,0.21739110350608826,0.0,1.0,-18.9730224609375,1785282667.4212306,15.604659080505371,-11.482582330703735,527.5680871687516,48.332920569367715,0.0,96.48,True,1.8231210708618164
86,0.0004893246223218739,1.2343282662641286e-07,0.000331622053636238,0.0036317575722932816,2.694003455872007e-07,0.0037926831282675266,0.0002253156271763146,-13.530633926391602,0.32634690403938293,0.0002994173555634916,0.31946682929992676,0.70201176404953,0.0016123183304443955,0.7161367535591125,0.015711484476923943,-5.293081760406494,0.6254166960716248,0.0006923555629327893,0.6274077892303467,0.001991093158721924,-2.7159042358398438,0.8266831636428833,0.006156341638416052,0.8538564443588257,0.027173280715942383,-1.5662280321121216,0.013468876481056213,0.0008652643882669508,0.0,0.013468876481056213,-2.502469778060913,0.3415924608707428,0.0,0.3415924608707428,0.27819934487342834,0.0,0.27819934487342834,0.0,0.0,-19.123050689697266,1785282667.5259678,15.709396362304688,-11.377845048904419,534.0305331298742,46.148060382623235,0.0,96.48,True,1.8231210708618164
87,0.0004100245423614979,1.192335474797801e-07,0.00027709745336323977,0.0036561971064656973,2.6453864165887353e-07,0.0037930684629827738,0.00019079669436905533,-13.59634780883789,0.3282320201396942,0.0002980728750117123,0.3210427165031433,0.690428614616394,0.001506734755821526,0.7109144926071167,0.02171076461672783,-5.2441487312316895,0.6159467697143555,0.000638292811345309,0.6203600168228149,0.004413247108459473,-2.7441611289978027,0.8453853130340576,0.005544372368603945,0.8422402143478394,0.0031450986862182617,-1.6776554584503174,0.012358561158180237,0.000834435923025012,0.0,0.012358561158180237,-2.533919334411621,0.41109076142311096,0.0,0.41109076142311096,0.33674919605255127,0.0,0.33674919605255127,0.0,0.0,-19.163747787475586,1785282667.6202912,15.803719758987427,-11.28352165222168,540.5336761887752,43.93175063952805,0.0,96.48,True,1.8231210708618164
88,0.0003333170898258686,1.1691482626474681e-07,0.00020531646441668272,0.0036958211567252874,2.637395652982377e-07,0.0038704436738044024,0.00021651139832101762,-13.58930778503418,0.3309291899204254,0.00030213320860639215,0.32340705394744873,0.6821052432060242,0.0014226981438696384,0.7031338214874268,0.02233346365392208,-5.242996692657471,0.6092228293418884,0.0005964666488580406,0.6147260069847107,0.005503177642822266,-2.7679178714752197,0.860509991645813,0.005161475855857134,0.9013694524765015,0.04085946083068848,-1.5526013374328613,0.011836633086204529,0.0008071547490544617,0.0,0.011836633086204529,-2.5552687644958496,0.47921353578567505,0.0,0.47921353578567505,0.39848318696022034,0.0,0.39848318696022034,0.0,0.0,-19.16766357421875,1785282667.7256098,15.909038305282593,-11.178203105926514,547.0407350344193,41.69409146634863,0.0,96.48,True,1.8231210708618164
89,0.0002720274496823549,1.1336700111996834e-07,0.00013499501801561564,0.003718638326972723,2.578434816769004e-07,0.0038952231407165527,0.00022351753432303667,-13.600610733032227,0.3326584994792938,0.00030111538944765925,0.32643890380859375,0.6741060018539429,0.001329934224486351,0.6955918073654175,0.02236790582537651,-5.289653778076172,0.6035988926887512,0.0005470978212542832,0.6111051440238953,0.007506251335144043,-2.7850096225738525,0.8804946541786194,0.004641273058950901,0.8188958168029785,0.06159883737564087,-1.3586757183074951,0.010975845158100128,0.0007757506100460887,0.0,0.010975845158100128,-2.584254264831543,0.5427955985069275,0.0,0.5427955985069275,0.4582574665546417,0.0,0.4582574665546417,0.0,1.0,-19.22484016418457,1785282667.8090258,15.992454290390015,-11.094787120819092,553.6049704700292,39.42744679283352,0.0,96.48,True,1.8231210708618164
90,0.000217234599404037,1.1356375750892767e-07,7.988032302819192e-05,0.0037503328640013933,2.6080158477270743e-07,0.00387461856007576,0.00018523803737480193,-13.62464714050293,0.33537817001342773,0.00031330264755524695,0.32878783345222473,0.6669480204582214,0.001255956944078207,0.6925768256187439,0.026462581008672714,-5.20542049407959,0.5985431671142578,0.0005106098833493888,0.6079965829849243,0.009453415870666504,-2.783503532409668,0.8878178000450134,0.004593461286276579,0.8285975456237793,0.05922025442123413,-1.39087975025177,0.011396989226341248,0.0007661589770577848,0.0,0.011396989226341248,-2.5833539962768555,0.6225157380104065,0.0,0.6225157380104065,0.5385257601737976,0.0,0.5385257601737976,0.0,1.0,-19.180736541748047,1785282667.9157062,16.09913468360901,-10.988106727600098,560.1251022832026,37.1617023878731,0.0,96.48,True,1.8231210708618164
91,0.00011999101843684912,1.1268121369312212e-07,3.6366684071253985e-05,0.00381991034373641,2.629080313454324e-07,0.0026460159569978714,0.0011768691474571824,-11.085433959960938,0.3402303457260132,0.0003197273181285709,0.33088672161102295,0.6574016213417053,0.001152270589955151,0.6913260221481323,0.03518761694431305,-4.933236122131348,0.591683030128479,0.00045682821655645967,0.6006768345832825,0.008993804454803467,-2.838130235671997,0.9052507877349854,0.004039338324218988,0.8346959352493286,0.07055485248565674,-1.220710277557373,0.011369302868843079,0.0007473586592823267,0.0,0.011369302868843079,-2.5940656661987305,0.6748371720314026,0.0,0.6748371720314026,0.590132474899292,0.0,0.590132474899292,0.0,0.0,-16.451087951660156,1785282668.0218863,16.205314874649048,-10.881926536560059,563.9155855062882,34.8852463129908,0.0,96.48,True,1.8231210708618164
92,2.4974346160888672e-05,1.1081220208097875e-07,-3.43602841894608e-05,0.0038540279492735863,2.607200428883516e-07,0.005363788455724716,0.0015109260566532612,-9.362549781799316,0.3415936231613159,0.00031756312819197774,0.3329150676727295,0.6475014686584473,0.0010953799355775118,0.6783394813537598,0.03203592449426651,-5.045192718505859,0.585051417350769,0.000426151673309505,0.5959441065788269,0.010892689228057861,-2.82220721244812,0.9224640727043152,0.0036114174872636795,0.932975709438324,0.010511636734008789,-1.8775910139083862,0.010322324931621552,0.000729741994291544,0.0,0.010322324931621552,-2.6194655895233154,0.7083489298820496,0.0,0.7083489298820496,0.6240027546882629,0.0,0.6240027546882629,0.0,0.0,-14.809807777404785,1785282668.1276982,16.311126708984375,-10.776114702224731,566.0647885551183,32.58339031478392,0.0,96.48,True,1.8231210708618164
93,-0.00014415476471185684,1.0590073884486628e-07,-9.357924136565998e-05,0.003932152409106493,2.5564989414306183e-07,0.004078200552612543,0.00015455724496860057,-13.728439331054688,0.3471367359161377,0.00032153009669855237,0.3347914516925812,0.6294422149658203,0.0009082743199542165,0.672296404838562,0.044596944004297256,-4.43734073638916,0.5721294283866882,0.00033437699312344193,0.5917478799819946,0.019618451595306396,-2.5071587562561035,0.9516540169715881,0.0029118957463651896,0.9738727807998657,0.022218763828277588,-1.9157685041427612,0.010628387331962585,0.0006911414675414562,0.0,0.010628387331962585,-2.637922763824463,0.7808154225349426,0.0,0.7808154225349426,0.7080687880516052,0.0,0.7080687880516052,0.0,0.0,-18.531892776489258,1785282668.2223294,16.405757904052734,-10.681483507156372,571.9360766030329,30.26307714227589,0.01839028203061366,96.48,True,1.8231210708618164
94,-0.0001922848168760538,1.002049145881756e-07,-0.000138813178637065,0.003984365612268448,2.448220755013608e-07,0.004043628927320242,7.982077659107745e-05,-13.810073852539062,0.35182011127471924,0.00031507370295003057,0.3377445638179779,0.6236518621444702,0.0008421883103437722,0.6612876653671265,0.04018177092075348,-4.577887535095215,0.5677995085716248,0.000302192842354998,0.5807890892028809,0.012989580631256104,-2.854109287261963,0.956961989402771,0.0027140802703797817,1.0,0.043038010597229004,-1.69447922706604,0.010049998760223389,0.0006724325357936323,0.0,0.010049998760223389,-2.658263683319092,0.7776669859886169,0.0,0.7776669859886169,0.7124218940734863,0.0,0.7124218940734863,0.0,0.0,-18.899438858032227,1785282668.3269298,16.510358333587646,-10.57688307762146,578.1749107324905,27.92242305027323,0.04113367008310842,96.48,True,1.8231210708618164
95,-0.00022927415557205677,9.564131886463656e-08,-0.00020024941477458924,0.004008890129625797,2.348689633890899e-07,0.004240961279720068,0.00023387915280181915,-13.756515502929688,0.3542617857456207,0.00030938611598685384,0.34145012497901917,0.6180182695388794,0.0007885826635174453,0.6505791544914246,0.03499070927500725,-4.837728500366211,0.563812255859375,0.000277191458735615,0.5742850303649902,0.010472774505615234,-2.9786229133605957,0.9613915681838989,0.0025797048583626747,0.9943308234214783,0.032939255237579346,-1.8508071899414062,0.009821087121963501,0.0006562839262187481,0.0,0.009821087121963501,-2.6720352172851562,0.780481219291687,0.0,0.780481219291687,0.7199796438217163,0.0,0.7199796438217163,0.0,0.0,-19.116008758544922,1785282668.4134877,16.59691619873047,-10.490325212478638,584.6303147624608,25.567997424304508,0.07143480788383316,96.48,True,1.8231210708618164
96,-0.0002670378889888525,9.176597615123683e-08,-0.000260971108218655,0.004038566257804632,2.270175514240691e-07,0.004398340824991465,0.0003598257026169449,-13.627969741821289,0.3570548892021179,0.00030573306139558554,0.3463229238986969,0.6122864484786987,0.0007398350862786174,0.6444653272628784,0.03392131254076958,-4.924900054931641,0.5598118901252747,0.0002550445788074285,0.5681695342063904,0.008357644081115723,-3.081160545349121,0.9645492434501648,0.002498279558494687,1.0,0.035450756549835205,-1.8256136178970337,0.009728223085403442,0.0006430587382055819,0.0,0.009728223085403442,-2.6821141242980957,0.7825207114219666,0.0,0.7825207114219666,0.7278689742088318,0.0,0.7278689742088318,0.0,0.0,-19.108470916748047,1785282668.518089,16.701517581939697,-10.38572382926941,591.0781809506342,23.203492891322846,0.10962527607167338,96.48,True,1.8231210708618164
97,-0.00030421698465943336,8.888473956858434e-08,-0.0002839663648046553,0.0040716431103646755,2.2135888855245867e-07,0.0040580593049526215,2.4384571588598192e-05,-13.939102172851562,0.35983240604400635,0.0003033866814803332,0.3516596555709839,0.6069197058677673,0.0006974309799261391,0.6356731653213501,0.029892394319176674,-5.143628120422363,0.5559868812561035,0.00023603547015227377,0.5616440773010254,0.005657196044921875,-3.189030885696411,0.9678850769996643,0.00242232414893806,1.0,0.03211492300033569,-1.8796874284744263,0.009648263454437256,0.0006332613411359489,0.0,0.009648263454437256,-2.689875602722168,0.7831661701202393,0.0,0.7831661701202393,0.7336910367012024,0.0,0.7336910367012024,0.0,0.0,-19.64851951599121,1785282668.6256754,16.809103965759277,-10.278137445449829,598.0660957380508,20.83122687991711,0.1536378067518842,96.48,True,1.8231210708618164
98,-0.00035226624459028244,8.584925836885304e-08,-0.0003463863686192781,0.004122915677726269,2.1626087232107238e-07,0.004264069255441427,0.00014127598842605948,-13.924583435058594,0.3639346957206726,0.00030263516237027943,0.3567335307598114,0.6008996963500977,0.0006470307125709951,0.6308523416519165,0.030806131660938263,-5.106205940246582,0.5515422224998474,0.00021399959223344922,0.5539852380752563,0.0024430155754089355,-3.2918848991394043,0.9708524346351624,0.0023523117415606976,1.0,0.029147565364837646,-1.9266555309295654,0.009767651557922363,0.0006237574270926416,0.0,0.009767651557922363,-2.694458246231079,0.7820552587509155,1.0,0.21794474124908447,0.7383443713188171,1.0,0.26165562868118286,0.0,0.0,-19.65549087524414,1785282668.7210805,16.9045090675354,-10.182732343673706,605.0609818847203,21.293965805042532,0.0,96.48,True,1.8231210708618164
99,-0.0003876257687807083,8.683371532924866e-08,-0.00037986008101142943,0.004181526601314545,2.228809563575851e-07,0.004239740781486034,5.8729863667394966e-05,-13.942123413085938,0.36864277720451355,0.00031482023769058287,0.36102530360221863,0.5964850783348083,0.0006068143993616104,0.619625449180603,0.024361910298466682,-5.364144325256348,0.5473729372024536,0.0001951611920958385,0.549936056137085,0.0025631189346313477,-3.3350727558135986,0.9763911366462708,0.002379209967330098,1.0,0.023608863353729248,-1.9844197034835815,0.011173821985721588,0.0006077581783756614,0.0,0.011173821985721588,-2.681211233139038,0.8309739232063293,1.0,0.16902607679367065,0.7942977547645569,1.0,0.20570224523544312,0.0,0.0,-19.90097427368164,1785282668.8255978,17.009026288986206,-10.0782151222229,612.3013514298273,22.657567446865137,0.0,96.48,True,1.8231210708618164
100,-0.0004218469839543104,8.670807716271156e-08,-0.0004161272954661399,0.004219855647534132,2.2377629704806168e-07,0.004257583059370518,3.815851960098371e-05,-13.945423126220703,0.37151575088500977,0.00032081262907013297,0.366971880197525,0.5920040011405945,0.0005658645532093942,0.603681206703186,0.012530120089650154,-5.770362377166748,0.544465959072113,0.00017701886827126145,0.5419572591781616,0.002508699893951416,-3.3829121589660645,0.9788361191749573,0.0023544353898614645,1.0,0.021163880825042725,-2.0116682052612305,0.01026412844657898,0.000594517623540014,0.0,0.01026412844657898,-2.7063381671905518,0.8599308133125305,1.0,0.14006918668746948,0.8313587307929993,1.0,0.16864126920700073,0.0,0.0,-20.253170013427734,1785282668.9199886,17.10341715812683,-9.983824253082275,619.8939167146804,24.046296022739256,0.0,96.48,True,1.8231210708618164
101,-0.0004541629459708929,8.620235547596167e-08,-0.00045756102190352976,0.004262911155819893,2.2434136326410226e-07,0.004397041629999876,0.00013417350419331342,-13.91029167175293,0.3745521306991577,0.0003268492000643164,0.3720380365848541,0.5875468850135803,0.0005218905862420797,0.595790684223175,0.008618636056780815,-5.879376411437988,0.541551947593689,0.00015925873594824225,0.5397128462791443,0.0018391013145446777,-3.4429328441619873,0.9810683727264404,0.0023193685337901115,1.0,0.01893162727355957,-2.0370278358459473,0.008948475122451782,0.0005793825257569551,0.0,0.008948475122451782,-2.7387311458587646,0.8795431852340698,1.0,0.12045681476593018,0.8575720191001892,1.0,0.1424279808998108,0.0,0.0,-20.33525848388672,1785282669.0259824,17.209410905838013,-9.877830505371094,627.5685704699924,25.467417577281587,0.0,96.48,True,1.8231210708618164
102,-0.0004935683682560921,8.532548889661484e-08,-0.0004996717325411737,0.00433082040399313,2.2515668263167754e-07,0.004538226407021284,0.00020749577379319817,-13.858007431030273,0.3798522353172302,0.0003341038536746055,0.3771608769893646,0.5826887488365173,0.0004743401368614286,0.5925593376159668,0.010230930522084236,-5.877406120300293,0.5383791923522949,0.00014087413728702813,0.536542534828186,0.0018366575241088867,-3.5029103755950928,0.9826554656028748,0.002280120039358735,1.0,0.017344534397125244,-2.056856393814087,0.008160993456840515,0.0005691932747140527,0.0,0.008160993456840515,-2.7582011222839355,0.8920117020606995,1.0,0.10798829793930054,0.8752566576004028,1.0,0.12474334239959717,0.0,0.0,-20.31138801574707,1785282669.1097388,17.29316735267639,-9.794074058532715,635.2193537571649,26.90800910824909,0.0,96.48,True,1.8231210708618164
103,-0.0005256681470200419,8.524578731794463e-08,-0.0005097575485706329,0.004383470863103867,2.2702211310843268e-07,0.004450343083590269,6.87389328959398e-05,-13.938761711120605,0.38371339440345764,0.00034131985739804804,0.3814466893672943,0.5784251093864441,0.0004379592137411237,0.5896809101104736,0.011481767520308495,-5.8679938316345215,0.5357988476753235,0.0001274179230676964,0.53531813621521,0.0004807114601135254,-3.564173936843872,0.9840955138206482,0.0022523091174662113,1.0,0.015904486179351807,-2.0728070735931396,0.0077104270458221436,0.0005633517866954207,0.0,0.0077104270458221436,-2.769099473953247,0.9010162353515625,1.0,0.0989837646484375,0.8865588903427124,1.0,0.1134411096572876,0.0,0.0,-20.41524314880371,1785282669.214853,17.398281574249268,-9.688959836959839,642.9739921773939,28.359498990885903,0.0,96.48,True,1.8231210708618164
104,-0.0005638401489704847,8.504469661829717e-08,-0.0005510114133358002,0.004451652057468891,2.2924821507785964e-07,0.004559647757560015,0.0001087549899239093,-13.919992446899414,0.38887646794319153,0.00034961017081514,0.3874332010746002,0.5740260481834412,0.00039891619235277176,0.58702152967453,0.013075379654765129,-5.840192794799805,0.5331398248672485,0.00011364465899532661,0.5338976979255676,0.0007578730583190918,-3.619751214981079,0.984839141368866,0.002221412258222699,1.0,0.015160858631134033,-2.084132194519043,0.007366761565208435,0.0005603980971500278,0.0,0.007366761565208435,-2.7760727405548096,0.9078720808029175,1.0,0.09212791919708252,0.894955039024353,1.0,0.10504496097564697,0.0,0.0,-20.402023315429688,1785282669.3188183,17.502246856689453,-9.584994554519653,650.715410764249,29.81796214012428,0.0,96.48,True,1.8231210708618164
105,-0.0005942459683865309,8.513750771044215e-08,-0.0005813193856738508,0.004503780510276556,2.31668948913466e-07,0.004615883808583021,0.00011284611537121236,-13.912494659423828,0.39287084341049194,0.00035800691694021225,0.3917423188686371,0.5696856379508972,0.0003658021742012352,0.5838216543197632,0.014180991798639297,-5.811397075653076,0.5307009220123291,0.00010263371950713918,0.5329036116600037,0.0022026896476745605,-3.649596929550171,0.9852440357208252,0.0022058486938476562,1.0,0.014755964279174805,-2.0900280475616455,0.00697055459022522,0.0005580201977863908,0.0,0.00697055459022522,-2.7830824851989746,0.9141544103622437,1.0,0.08584558963775635,0.9017235636711121,1.0,0.09827643632888794,0.0,0.0,-20.386411666870117,1785282669.4247792,17.60820770263672,-9.479033708572388,658.4412177025445,31.28343503400682,0.0,96.48,True,1.8231210708618164
106,-0.0006252117455005646,8.734023992928996e-08,-0.0005268038366921246,0.004622407257556915,2.405691645890329e-07,0.004040820524096489,0.0005898535600863397,-13.150533676147461,0.4012981653213501,0.00037778858677484095,0.3961298167705536,0.5639390349388123,0.0003405862662475556,0.574392557144165,0.011661387048661709,-5.899355411529541,0.5279330611228943,9.200776548823342e-05,0.5289783477783203,0.0010452866554260254,-3.72194242477417,0.9872815608978271,0.0022414284758269787,1.0,0.012718439102172852,-2.0952985286712646,0.006943359971046448,0.00057542126160115,0.0,0.006943359971046448,-2.769374132156372,0.9263629913330078,1.0,0.07363700866699219,0.914537787437439,1.0,0.08546221256256104,0.0,0.0,-19.730989456176758,1785282669.5187697,17.702198266983032,-9.385043144226074,665.5116024301466,32.73519957484676,0.0,96.48,True,1.8231210708618164
107,-0.0006643258966505527,8.744636659230309e-08,-0.00042354530887678266,0.004708415828645229,2.451277225645754e-07,0.003186864545568824,0.0015404848381876945,-8.845226287841797,0.40790650248527527,0.0003901115560438484,0.4013557732105255,0.5586560964584351,0.00030541198793798685,0.5673547387123108,0.010889372788369656,-5.954710960388184,0.5248960852622986,8.098291436908767e-05,0.5275647044181824,0.002668619155883789,-3.747728109359741,0.9870882630348206,0.0022242083214223385,1.0,0.012911736965179443,-2.097761631011963,0.006639882922172546,0.0005770520656369627,0.0,0.006639882922172546,-2.7716495990753174,0.9304054379463196,1.0,0.06959456205368042,0.9186636209487915,1.0,0.0813363790512085,0.0,0.0,-15.48285961151123,1785282669.6131568,17.79658532142639,-9.290656089782715,668.3338573130832,34.189239582605644,0.0,96.48,True,1.8231210708618164
108,-0.0007046971004456282,8.771435489052237e-08,-0.0009177914471365511,0.004800606053322554,2.5054001184798835e-07,0.006664610467851162,0.0018761453684419394,-6.6936421394348145,0.4149933457374573,0.0004035953024867922,0.40655648708343506,0.5534806251525879,0.0002728364779613912,0.5641539096832275,0.013605130836367607,-5.876039505004883,0.5219792127609253,7.109243597369641e-05,0.5236822962760925,0.0017030835151672363,-3.8364267349243164,0.9867406487464905,0.002208141377195716,1.0,0.013259351253509521,-2.0990538597106934,0.006653845310211182,0.0005803884705528617,0.0,0.006653845310211182,-2.7688262462615967,0.9339745044708252,1.0,0.0660254955291748,0.9221128225326538,1.0,0.07788717746734619,0.0,0.0,-13.312686920166016,1785282669.7179825,17.901411056518555,-9.185830354690552,668.9859395046745,35.64045623755081,0.0,96.48,True,1.8231210708618164
109,-0.0007359415758401155,8.792051175987581e-08,-0.0007254055235534906,0.004877816420048475,2.5469125830568373e-07,0.0050926897674798965,0.0002151314984075725,-13.785874366760254,0.4210297465324402,0.00041455839527770877,0.41264066100120544,0.5494198799133301,0.000248070020461455,0.5611494779586792,0.014420825988054276,-5.844981670379639,0.5197530388832092,6.398029654519632e-05,0.5217097997665405,0.001956760883331299,-3.8796067237854004,0.9860884547233582,0.0021899882704019547,1.0,0.013911545276641846,-2.0988056659698486,0.007215365767478943,0.0005879717064090073,0.0,0.007215365767478943,-2.7562053203582764,0.9367255568504333,1.0,0.06327444314956665,0.9234322309494019,1.0,0.07656776905059814,0.0,0.0,-20.40166473388672,1785282669.8118255,17.995254039764404,-9.091987371444702,676.7269995099866,37.07905196659265,0.0,96.48,True,1.8231210708618164
110,-0.0007697695400565863,8.79080275240085e-08,-0.0008480982505716383,0.004961553495377302,2.5857210061985825e-07,0.005806648638099432,0.000848717347253114,-12.453741073608398,0.42771396040916443,0.00042605900671333075,0.4188055694103241,0.5454599857330322,0.00022270300542004406,0.5557972192764282,0.01364616584032774,-5.91438102722168,0.5175790786743164,5.67906754440628e-05,0.5183964371681213,0.0008173584938049316,-3.9632484912872314,0.9853317737579346,0.0021622730419039726,1.0,0.01466822624206543,-2.09960675239563,0.007898122072219849,0.0005975677049718797,0.0,0.007898122072219849,-2.740187883377075,0.9390881657600403,1.0,0.06091183423995972,0.9243916869163513,1.0,0.07560831308364868,0.0,0.0,-19.1668701171875,1785282669.9162805,18.099709033966064,-8.987532377243042,683.2332648985995,38.50163025865329,0.0,96.48,True,1.8231210708618164
111,-0.0007903415244072676,8.873322343561085e-08,-0.0006313173216767609,0.00502474419772625,2.6374948447482893e-07,0.004229135811328888,0.0008113454096019268,-12.512584686279297,0.43237319588661194,0.0004363705520518124,0.4240715205669403,0.5423461198806763,0.0002084635925712064,0.5509858131408691,0.011981740593910217,-6.010503768920898,0.5160404443740845,5.270736801321618e-05,0.5175299048423767,0.0014894604682922363,-3.985393762588501,0.9844777584075928,0.002160614589229226,1.0,0.015522241592407227,-2.0939853191375732,0.008251652121543884,0.0006057979771867394,0.0,0.008251652121543884,-2.7293450832366943,0.9412261247634888,1.0,0.05877387523651123,0.9256303906440735,1.0,0.07436960935592651,0.0,0.0,-19.313684463500977,1785282670.0117,18.195128440856934,-8.892112970352173,689.8863446335258,39.913365750573554,0.0,96.48,True,1.8231210708618164
112,-0.0007981378585100174,8.868563128316964e-08,-0.0006780626135878265,0.005064043216407299,2.638952025790786e-07,0.004462589975446463,0.0006133221904747188,-13.08837890625,0.4345231056213379,0.00044161747791804373,0.4275272786617279,0.5397932529449463,0.0001998570078285411,0.5499659180641174,0.012346040457487106,-5.969305515289307,0.5149861574172974,5.0181672122562304e-05,0.5155824422836304,0.0005962848663330078,-4.027448654174805,0.984192430973053,0.0021744852419942617,1.0,0.01580756902694702,-2.089085817337036,0.008718058466911316,0.0006074997945688665,0.0,0.008718058466911316,-2.721585750579834,0.9441095590591431,1.0,0.055890440940856934,0.9266359210014343,1.0,0.07336407899856567,0.0,0.0,-19.877548217773438,1785282670.1153903,18.298818826675415,-8.788422584533691,697.1032881227246,41.317341909836955,0.0,96.48,True,1.8231210708618164
113,-0.0008227829821407795,8.957960062616621e-08,-0.0008200619486160576,0.005147826857864857,2.696773151456e-07,0.005322815850377083,0.00017501015099696815,-13.78239631652832,0.4405500888824463,0.0004519804788287729,0.4325655996799469,0.5376565456390381,0.0001896504545584321,0.5442257523536682,0.010339561849832535,-6.1139235496521,0.5140267610549927,4.700573117588647e-05,0.513583779335022,0.0004429817199707031,-4.0615949630737305,0.9846267700195312,0.00216481345705688,1.0,0.01537322998046875,-2.094186544418335,0.009343862533569336,0.0006173811852931976,0.0,0.009343862533569336,-2.7053651809692383,0.9452980756759644,1.0,0.054701924324035645,0.9270129799842834,1.0,0.07298702001571655,0.0,0.0,-20.70433235168457,1785282670.2202694,18.403697967529297,-8.68354344367981,705.1470157458346,42.70509749948976,0.0,96.48,True,1.8231210708618164
114,-0.0008433742914348841,9.027752412293921e-08,-0.0008364847162738442,0.005212532822042704,2.7532905733096413e-07,0.005307637155056,9.535355638945475e-05,-13.808272361755371,0.44542741775512695,0.00046480679884552956,0.4377809464931488,0.534421443939209,0.00017428498540539294,0.536739706993103,0.007990173064172268,-6.248162746429443,0.5122702717781067,4.297266423236579e-05,0.5112283825874329,0.0010418891906738281,-4.0959038734436035,0.9841967225074768,0.002153610112145543,1.0,0.015803277492523193,-2.0933837890625,0.00984954833984375,0.0006321587134152651,0.0,0.00984954833984375,-2.687514543533325,0.9472108483314514,1.0,0.052789151668548584,0.9279507398605347,1.0,0.07204926013946533,0.0,0.0,-20.854755401611328,1785282670.3252287,18.508657217025757,-8.57858419418335,713.3411664188712,44.07500245170665,0.0,96.48,True,1.8231210708618164
115,-0.0008618307765573263,9.147610313675614e-08,-0.0008274137508124113,0.005277190823107958,2.832126710927696e-07,0.005229571368545294,5.875495116924867e-05,-13.793771743774414,0.45036497712135315,0.00048075412632897496,0.4439333975315094,0.5312454104423523,0.00016014651919249445,0.5357670187950134,0.007861943915486336,-6.245058059692383,0.5105370879173279,3.93353147956077e-05,0.5103111267089844,0.00022596120834350586,-4.152106285095215,0.9831802248954773,0.0021608099341392517,1.0,0.016819775104522705,-2.084235191345215,0.010194376111030579,0.0006517454166896641,0.0,0.010194376111030579,-2.6692612171173096,0.9491506814956665,1.0,0.050849318504333496,0.9296239614486694,1.0,0.07037603855133057,0.0,0.0,-20.86587142944336,1785282670.419652,18.60308051109314,-8.484160900115967,721.54643311974,45.42665407750753,0.0,96.48,True,1.8231210708618164
116,-0.000902464846149087,9.32882215920472e-08,-0.0009041285375133157,0.005341196432709694,2.932500251517922e-07,0.005623083095997572,0.0002818915818352252,-13.641532897949219,0.45509105920791626,0.0005003840196877718,0.44925859570503235,0.5281007289886475,0.00014557209215126932,0.5342239141464233,0.008456419222056866,-6.216838836669922,0.5086904764175415,3.583154466468841e-05,0.5103111267089844,0.001620650291442871,-4.1627516746521,0.9847681522369385,0.0021637771278619766,1.0,0.015231847763061523,-2.0953996181488037,0.007832184433937073,0.0006927566137164831,0.0,0.007832184433937073,-2.6742026805877686,0.9528536200523376,1.0,0.047146379947662354,0.935274064540863,1.0,0.06472593545913696,0.0,0.0,-20.696378707885742,1785282670.5238073,18.70723581314087,-8.380005598068237,729.5822070990511,46.783247166778864,0.0,96.48,True,1.8231210708618164
117,-0.0009455259423702955,9.688914559546902e-08,-0.0007398251909762621,0.005405553616583347,3.0577135134990385e-07,0.004558729473501444,0.0008714493014849722,-12.346202850341797,0.4594080150127411,0.0005206508794799447,0.45364752411842346,0.5256139039993286,0.00013552162272389978,0.531239926815033,0.008052042685449123,-6.246882438659668,0.5073626637458801,3.3532243833178654e-05,0.5054413080215454,0.0019213557243347168,-4.177517414093018,0.9855754971504211,0.0021814543288201094,1.0,0.014424502849578857,-2.0972533226013184,0.007227584719657898,0.00077090720878914,0.0,0.007227584719657898,-2.6311519145965576,0.9556088447570801,1.0,0.04439115524291992,0.9384425282478333,1.0,0.06155747175216675,0.0,0.0,-19.432466506958008,1785282670.6099632,18.793391704559326,-8.29384970664978,736.3540688774344,48.09678949005899,0.0,96.48,True,1.8231210708618164
118,-0.0009797452948987484,1.0046784382211627e-07,-0.0009218099876306951,0.005472678691148758,3.1741393513584626e-07,0.005622442811727524,0.0001605795550858602,-13.648330688476562,0.46381962299346924,0.0005393214523792267,0.45878610014915466,0.5235665440559387,0.00012676183541771024,0.5273568034172058,0.006300985813140869,-6.331168174743652,0.506356954574585,3.140854460070841e-05,0.5047329664230347,0.001623988151550293,-4.223291873931885,0.9850042462348938,0.0021969559602439404,1.0,0.014995753765106201,-2.090224504470825,0.008301764726638794,0.0008548303158022463,0.0,0.008301764726638794,-2.5730535984039307,0.9565557837486267,1.0,0.04344421625137329,0.9387491345405579,1.0,0.06125086545944214,0.0,0.0,-20.82491111755371,1785282670.7158659,18.89929437637329,-8.187947034835815,744.5183752664135,49.352233497146486,0.0,96.48,True,1.8231210708618164
119,-0.0010249121114611626,1.0542796502477358e-07,-0.0009635744499973953,0.005583745427429676,3.32919455559022e-07,0.005872216075658798,0.0002949196787085384,-13.509602546691895,0.4719429910182953,0.0005697155138477683,0.46388375759124756,0.5209200382232666,0.00010954755271086469,0.5236284732818604,0.008502168580889702,-6.366401195526123,0.5050682425498962,2.7013869839720428e-05,0.5043715238571167,0.000696718692779541,-4.3316569328308105,0.9826107025146484,0.0021814543288201094,1.0,0.017389297485351562,-2.075634479522705,0.00993800163269043,0.001007602782920003,0.0,0.00993800163269043,-2.482142925262451,0.9534037709236145,1.0,0.0465962290763855,0.9358148574829102,1.0,0.06418514251708984,0.0,0.0,-20.768552780151367,1785282670.810845,18.99427342414856,-8.092967987060547,752.6263233179902,50.516766831092504,0.0,96.48,True,1.8231210708618164
120,-0.0010632334742695093,1.1662259424838339e-07,-0.0009041344164870679,0.005660791881382465,3.598758269163227e-07,0.0054934462532401085,0.00023090488684829324,-13.415605545043945,0.47665220499038696,0.0006044938927516341,0.4699190557003021,0.5174257159233093,9.885665349429473e-05,0.5245878100395203,0.009830101393163204,-6.181659698486328,0.5034500360488892,2.4731751182116568e-05,0.5032087564468384,0.00024127960205078125,-4.383595943450928,0.9816774725914001,0.00220052944496274,1.0,0.018322527408599854,-2.064309597015381,0.013159133493900299,0.001527749584056437,0.0,0.013159133493900299,-2.266368865966797,0.9486197233200073,1.0,0.051380276679992676,0.9345300197601318,1.0,0.06546998023986816,0.0,0.0,-20.552730560302734,1785282670.9168673,19.100295782089233,-7.986945629119873,760.5184491497183,51.46552610574287,0.0,96.48,True,1.8231210708618164
121,-0.0011105332523584366,1.4143626003715326e-07,-0.000927520974073559,0.0057626222260296345,4.1487146518193185e-07,0.005587974563241005,0.0002529729390516877,-13.240314483642578,0.4824279248714447,0.0006463334430009127,0.4743286669254303,0.5132164359092712,9.479336586082354e-05,0.5231491923332214,0.01281630340963602,-5.894986629486084,0.50148606300354,2.4378068701480515e-05,0.5021857023239136,0.0006996393203735352,-4.381935119628906,0.9827998280525208,0.002260926878079772,1.0,0.017200171947479248,-2.0616259574890137,0.015308305621147156,0.0037861615419387817,0.0,0.015308305621147156,-1.8383153676986694,0.9298193454742432,1.0,0.07018065452575684,0.9327961802482605,1.0,0.0672038197517395,0.0,0.0,-20.14727210998535,1785282671.02371,19.207138538360596,-7.880102872848511,768.005116531129,51.986231882125104,0.0,96.48,True,1.8231210708618164
122,-0.0011556975077837706,1.5518672569214687e-07,-0.0009388807811774313,0.005868810229003429,4.4407502741705684e-07,0.005683909170329571,0.0002849524316843599,-13.1251220703125,0.4888609051704407,0.0006757492083124816,0.479742169380188,0.5112035870552063,8.918652019929141e-05,0.5171232223510742,0.01087167952209711,-6.216378211975098,0.5007279515266418,2.295456943102181e-05,0.5011525750160217,0.0004246234893798828,-4.418130874633789,0.9840701222419739,0.0022377013228833675,1.0,0.015929877758026123,-2.0755133628845215,0.01190543919801712,0.005449014250189066,0.0,0.01190543919801712,-1.6742156744003296,0.9154195189476013,1.0,0.08458048105239868,0.9282584190368652,1.0,0.07174158096313477,0.0,0.0,-20.307289123535156,1785282671.1178179,19.301246404647827,-7.785995006561279,775.6518009260895,52.342837965209,0.0,96.48,True,1.8231210708618164
123,-0.0011897834483534098,1.6537318003884138e-07,-0.0009570189868099988,0.005955295171588659,4.6109030904517567e-07,0.005794975906610489,0.0002826332638505846,-13.072809219360352,0.4939977526664734,0.0006976913427934051,0.48613110184669495,0.5093925595283508,8.279956819023937e-05,0.5139892101287842,0.009111168794333935,-6.323592185974121,0.49998635053634644,2.1265435862005688e-05,0.5006940960884094,0.0007077455520629883,-4.448497772216797,0.9854528307914734,0.0022045117802917957,1.0,0.014547169208526611,-2.091689109802246,0.006862998008728027,0.007023602724075317,0.0,0.006862998008728027,-1.556947946548462,0.8964758515357971,1.0,0.10352414846420288,0.9184646606445312,1.0,0.08153533935546875,0.0,0.0,-20.355932235717773,1785282671.2241583,19.407586812973022,-7.679654598236084,783.3471284332327,52.58217632044103,0.0,96.48,True,1.8231210708618164
124,-0.0012188809923827648,1.7221915982190694e-07,-0.0008101184503175318,0.006039002910256386,4.681533027905971e-07,0.0048973956145346165,0.0012125815264880657,-11.35958480834961,0.4996470510959625,0.0007146227289922535,0.4905625581741333,0.5075840353965759,7.441664638463408e-05,0.5133193135261536,0.01074343640357256,-6.25816535949707,0.49925580620765686,1.9012606571777724e-05,0.5007407665252686,0.0014849603176116943,-4.458274841308594,0.9878393411636353,0.002121374476701021,1.0,0.012160658836364746,-2.124051809310913,-0.0017195791006088257,0.008480750024318695,0.0,0.0017195791006088257,-1.4658654928207397,0.8570009469985962,1.0,0.1429990530014038,0.8949583768844604,1.0,0.10504162311553955,0.0,0.0,-18.59525489807129,1785282671.328192,19.51162052154541,-7.575620889663696,789.2817786027293,52.730432221945335,0.0,96.48,True,1.8231210708618164
125,-0.0012433694209903479,1.7599957402580912e-07,-0.0010152696631848812,0.00611810851842165,4.6931046426834655e-07,0.006069458555430174,0.00023323018103837967,-13.074182510375977,0.5058733820915222,0.0007317845593206584,0.4956735074520111,0.50529545545578,6.281625246629119e-05,0.5137070417404175,0.013220900669693947,-5.975510597229004,0.4980083405971527,1.6048474208218977e-05,0.5005800724029541,0.0025717318058013916,-4.394952774047852,0.9928258061408997,0.0019828465301543474,1.0,0.007174193859100342,-2.1796936988830566,-0.020196586847305298,0.00932779535651207,0.0,0.020196586847305298,-1.396574854850769,0.6799675226211548,1.0,0.3200324773788452,0.7807446718215942,1.0,0.21925532817840576,0.0,0.0,-20.052066802978516,1785282671.4222898,19.60571837425232,-7.481523036956787,796.6732406771332,52.80939748547967,0.0,96.48,True,1.8231210708618164
126,-0.0012471876107156277,1.7958322473532462e-07,-0.0010446511441841722,0.0061746141873300076,4.787940497408272e-07,0.006256139371544123,0.0002183285978389904,-13.083281517028809,0.5105481147766113,0.000742957228794694,0.5007930397987366,0.504351794719696,6.092769399401732e-05,0.5112942457199097,0.011973266489803791,-6.157896518707275,0.4976642429828644,1.54969184222864e-05,0.4997093379497528,0.0020450949668884277,-4.4835524559021,0.9929558634757996,0.0019595203921198845,1.0,0.0070441365242004395,-2.1859281063079834,-0.023754462599754333,0.009759380482137203,0.0,0.023754462599754333,-1.366915225982666,0.6591454744338989,1.0,0.3408545255661011,0.7692834138870239,1.0,0.23071658611297607,0.0,0.0,-20.251373291015625,1785282671.5266182,19.710046768188477,-7.37719464302063,804.2640092395742,52.858703120145904,0.0,96.48,True,1.8231210708618164
127,-0.0012499433942139149,1.839289183180881e-07,-0.0009993764106184244,0.0062342481687664986,4.909609288006322e-07,0.00597191508859396,0.00036277054459787905,-12.93917179107666,0.5154744386672974,0.0007569921435788274,0.5068464279174805,0.5033648610115051,5.92141441302374e-05,0.5053080916404724,0.008844134397804737,-6.541321754455566,0.49728453159332275,1.5002412510511931e-05,0.4993054270744324,0.002020895481109619,-4.498599052429199,0.9927869439125061,0.0019455747678875923,1.0,0.0072130560874938965,-2.1887893676757812,-0.0269930362701416,0.010219632647931576,0.0,0.0269930362701416,-1.3371355533599854,0.6388604044914246,1.0,0.36113959550857544,0.756925106048584,1.0,0.24307489395141602,0.0,0.0,-20.42152976989746,1785282671.6113884,19.794816970825195,-7.292424440383911,812.024934280897,52.878229082189456,0.0,96.48,True,1.8231210708618164
128,-0.001251858426257968,1.8986669658715982e-07,-0.0010581918759271502,0.0063071963377296925,5.095091637485893e-07,0.006353958044201136,0.00019923200306948274,-13.044586181640625,0.5213351845741272,0.0007774867117404938,0.5120739936828613,0.5022698044776917,5.756564132752828e-05,0.5033469200134277,0.009323617443442345,-6.557901382446289,0.4968530237674713,1.4543601537297945e-05,0.4989331364631653,0.0020801126956939697,-4.501485824584961,0.9922203421592712,0.0019401087192818522,1.0,0.00777965784072876,-2.187969207763672,-0.02912747859954834,0.010731253772974014,0.0,0.02912747859954834,-1.3088290691375732,0.6175729036331177,1.0,0.3824270963668823,0.7407426238059998,1.0,0.25925737619400024,0.0,0.0,-20.541648864746094,1785282671.70537,19.888798475265503,-7.1984429359436035,819.9059784170685,52.869448560010596,0.0,96.48,True,1.8231210708618164
129,-0.001250280998647213,1.9516720328738302e-07,-0.000996237387880683,0.006375141441822052,5.255633936940285e-07,0.006004443857818842,0.0004493938758969307,-12.820151329040527,0.5270500183105469,0.0007968159625306726,0.5181445479393005,0.5012311935424805,5.601151133305393e-05,0.5033936500549316,0.009164256975054741,-6.533034324645996,0.49645566940307617,1.4095498045207933e-05,0.49842265248298645,0.0019669830799102783,-4.5286455154418945,0.9917726516723633,0.0019329896895214915,1.0,0.008227348327636719,-2.187896251678467,-0.03137347102165222,0.011296314187347889,0.0,0.03137347102165222,-1.2791337966918945,0.596883237361908,1.0,0.40311676263809204,0.723456084728241,1.0,0.27654391527175903,0.0,0.0,-20.310901641845703,1785282671.8228977,20.00632619857788,-7.080915212631226,827.5562753303395,52.83097276538606,0.0,96.48,True,1.8231210708618164
130,-0.0012488346546888351,1.9901207792827336e-07,-0.000883549393620342,0.006438491865992546,5.380312586567015e-07,0.005325657781213522,0.0011712528066709638,-11.608646392822266,0.5325421094894409,0.0008126753964461386,0.5215775966644287,0.500322699546814,5.4563715821132064e-05,0.5052181482315063,0.012007745914161205,-6.334207534790039,0.496120810508728,1.365560274280142e-05,0.4983212351799011,0.0022004246711730957,-4.504456520080566,0.9918352961540222,0.0019157672068104148,1.0,0.008164703845977783,-2.192481517791748,-0.03294655680656433,0.011931974440813065,0.0,0.03294655680656433,-1.2498422861099243,0.5744204521179199,1.0,0.4255795478820801,0.7025204300880432,1.0,0.2974795699119568,0.0,0.0,-18.928239822387695,1785282671.928636,20.112064599990845,-6.975176811218262,833.8239104241526,52.76320546017955,0.0,96.48,True,1.8231210708618164
131,-0.0012496027629822493,2.0192798899643094e-07,-0.000684525235556066,0.006491375155746937,5.48445200365677e-07,0.004134706687182188,0.002423468278720975,-7.223928928375244,0.5369726419448853,0.0008262133342213929,0.5266686081886292,0.4995964765548706,5.341478390619159e-05,0.505150556564331,0.011705593205988407,-6.277153015136719,0.4958683252334595,1.332168176304549e-05,0.498275488615036,0.002407163381576538,-4.4766387939453125,0.9920503497123718,0.001899220864288509,1.0,0.007949650287628174,-2.1975796222686768,-0.03332090377807617,0.012644601054489613,0.0,0.03332090377807617,-1.2224204540252686,0.5546391606330872,1.0,0.44536083936691284,0.6805053949356079,1.0,0.3194946050643921,0.0,0.0,-14.483970642089844,1785282672.023564,20.206992626190186,-6.880248785018921,835.6472763376678,52.668016322888384,0.0,96.48,True,1.8231210708618164
132,-0.0012546449434012175,2.0468750960844773e-07,-0.0014217153657227755,0.0065471515990793705,5.619710350401874e-07,0.008627433329820633,0.002086979802697897,-9.140385627746582,0.5415530204772949,0.0008432072936557233,0.5317636132240295,0.49904292821884155,5.194439290789887e-05,0.5022668838500977,0.010306618176400661,-6.477065086364746,0.49565303325653076,1.2958461411471944e-05,0.49801671504974365,0.0023636817932128906,-4.492368698120117,0.9921379089355469,0.0018807100132107735,1.0,0.007862091064453125,-2.202681064605713,-0.03139936923980713,0.013676127418875694,0.0,0.03139936923980713,-1.1910678148269653,0.5225074291229248,1.0,0.4774925708770752,0.641068160533905,1.0,0.35893183946609497,0.0,0.0,-16.568222045898438,1785282672.1200192,20.303447723388672,-6.783793687820435,839.5548936549916,52.541474546398916,0.0,96.48,True,1.8231210708618164
133,-0.0012469228822737932,2.0684984747276758e-07,-0.0010967921698465943,0.006593223661184311,5.719694513572904e-07,0.006643814966082573,0.00015842572611290962,-12.988129615783691,0.5455785989761353,0.0008566392934881151,0.5368943810462952,0.49844369292259216,5.113476436235942e-05,0.5014233589172363,0.009181179106235504,-6.503060817718506,0.4954211413860321,1.2765694009431172e-05,0.49774041771888733,0.0023192763328552246,-4.5047526359558105,0.9915092587471008,0.0018854113295674324,1.0,0.00849074125289917,-2.198747396469116,-0.029284030199050903,0.014807851985096931,0.0,0.029284030199050903,-1.1584043502807617,0.5035127997398376,1.0,0.49648720026016235,0.6102789640426636,1.0,0.3897210359573364,0.0,0.0,-20.442955017089844,1785282672.21443,20.39785861968994,-6.689382791519165,847.3372439435068,52.382269305363245,0.0,96.48,True,1.8231210708618164
134,-0.0012446551118046045,2.0873557105005602e-07,-0.0010601173853501678,0.006645063869655132,5.828402436236502e-07,0.006481744349002838,0.000246429379330948,-12.926443099975586,0.549925684928894,0.0008719708421267569,0.541982889175415,0.4978933036327362,5.0114973419113085e-05,0.5035406351089478,0.009745785966515541,-6.280728340148926,0.49524176120758057,1.252661422768142e-05,0.4975177049636841,0.0022759437561035156,-4.518132209777832,0.9909740090370178,0.00188446044921875,1.0,0.009025990962982178,-2.196502208709717,-0.026214584708213806,0.016331898048520088,0.0,0.026214584708213806,-1.1173402070999146,0.4776608943939209,1.0,0.5223391056060791,0.5694013237953186,1.0,0.4305986762046814,0.0,0.0,-20.210092544555664,1785282672.319259,20.502687454223633,-6.584553956985474,854.8867317594878,52.181999921146726,0.0,96.48,True,1.8231210708618164
135,-0.0012423291336745024,2.0768476360899513e-07,-0.0010470087872818112,0.006681584753096104,5.840302037540823e-07,0.006382725667208433,0.0003570249245967716,-12.864089965820312,0.5533120632171631,0.0008788879495114088,0.5479785799980164,0.497502863407135,4.901653665001504e-05,0.5032378435134888,0.007831732742488384,-6.290544509887695,0.4951452314853668,1.2243247510923538e-05,0.497378408908844,0.002233177423477173,-4.532662868499756,0.9911366701126099,0.0018688199343159795,1.0,0.008863329887390137,-2.2012674808502197,-0.023170769214630127,0.01809513010084629,0.0,0.023170769214630127,-1.0722827911376953,0.4487871825695038,1.0,0.5512127876281738,0.5245696306228638,1.0,0.47543036937713623,0.0,0.0,-20.162857055664062,1785282672.4137306,20.597159147262573,-6.490082263946533,862.3889840865772,51.93667312096799,0.0,96.48,True,1.8231210708618164
136,-0.001238510711118579,2.0626124808131863e-07,-0.001047917758114636,0.0067185754887759686,5.849429385307303e-07,0.006382283288985491,0.00038654639502055943,-12.850332260131836,0.5568709373474121,0.0008857868378981948,0.5523024201393127,0.4971432089805603,4.788209844264202e-05,0.49916553497314453,0.004996113944798708,-6.595536231994629,0.4950588345527649,1.1959591574850492e-05,0.4974132478237152,0.0023544132709503174,-4.516300201416016,0.9911516308784485,0.0018544208724051714,1.0,0.008848369121551514,-2.205042839050293,-0.01883155107498169,0.020498579367995262,0.0,0.01883155107498169,-1.0161112546920776,0.41525450348854065,1.0,0.5847455263137817,0.47155117988586426,1.0,0.5284488201141357,0.0,0.0,-20.384912490844727,1785282672.518034,20.701462507247925,-6.385778903961182,870.1132918488473,51.63517478434363,0.0,96.48,True,1.8231210708618164
137,-0.0012346047442406416,2.0538725209462427e-07,-0.0010740422876551747,0.006749085150659084,5.872152541996911e-07,0.006578687112778425,0.0002341277286177501,-12.947761535644531,0.5596760511398315,0.0008934635552577674,0.5584710836410522,0.49681219458580017,4.6943299821577966e-05,0.5009766221046448,0.004335251171141863,-6.470080375671387,0.49496549367904663,1.1746496966225095e-05,0.49743860960006714,0.002473115921020508,-4.496693134307861,0.9908483028411865,0.00185011129360646,1.0,0.009151697158813477,-2.204681634902954,-0.013375788927078247,0.02312532626092434,0.0,0.013375788927078247,-0.9606066346168518,0.38547641038894653,1.0,0.6145235896110535,0.42093685269355774,1.0,0.5790631771087646,0.0,0.0,-20.37217140197754,1785282672.614898,20.79832649230957,-6.288914918899536,877.8248585222502,51.27817182764405,0.0,96.48,True,1.8231210708618164
138,-0.0012302584946155548,2.049450245067419e-07,-0.0007193949422799051,0.006783372722566128,5.905934585825889e-07,0.004441292956471443,0.002397148171439767,-7.7528228759765625,0.5628029108047485,0.0009018551209010184,0.5628851056098938,0.496543824672699,4.6022600145079195e-05,0.5029146671295166,0.0063713728450238705,-6.219882965087891,0.49491721391677856,1.1539465958776418e-05,0.49755293130874634,0.0026357173919677734,-4.464919567108154,0.9905581474304199,0.0018373358761891723,1.0,0.009441852569580078,-2.2065203189849854,-0.008470773696899414,0.02600879967212677,0.0,0.008470773696899414,-0.9043422341346741,0.3567622900009155,0.0,0.3567622900009155,0.3735296428203583,0.0,0.3735296428203583,0.0,0.0,-14.961189270019531,1785282672.7193117,20.902740240097046,-6.1845011711120605,880.1254430636951,50.86490447046229,0.0,96.48,True,1.8231210708618164
139,-0.0012214269954711199,2.043220774794463e-07,-0.0014734020223841071,0.006809070706367493,5.832632155033934e-07,0.009149698540568352,0.0023541515693068504,-8.1893949508667,0.5661802291870117,0.0009037553099915385,0.568232536315918,0.49698320031166077,4.358176374807954e-05,0.5024846196174622,0.0058717611245810986,-6.3374762535095215,0.49495166540145874,1.1317156349832658e-05,0.4977462887763977,0.002794623374938965,-4.430608749389648,0.9916806817054749,0.0017338977195322514,1.0,0.008319318294525146,-2.239794969558716,0.031144574284553528,0.035127077251672745,0.0,0.031144574284553528,-0.7416461706161499,0.2603774666786194,0.0,0.2603774666786194,0.2059909999370575,0.0,0.2059909999370575,1.0,0.0,-15.47468090057373,1785282672.8138444,20.997272968292236,-6.08996844291687,882.9395192356942,50.28894104976201,0.0,96.48,True,1.8231210708618164
140,-0.00126927369274199,2.0020188173930364e-07,-0.001081464346498251,0.00689335260540247,5.909639639867237e-07,0.006742148194462061,0.00024111225502565503,-12.93741226196289,0.5757476091384888,0.0009210449643433094,0.5745708346366882,0.4978804588317871,3.89778615499381e-05,0.49514415860176086,0.002978613367304206,-6.636584281921387,0.49512267112731934,1.0418204510642681e-05,0.4981350302696228,0.003012359142303467,-4.381536960601807,0.9904161095619202,0.0016221447149291635,1.0,0.009583890438079834,-2.2647531032562256,0.05626185983419418,0.0507027693092823,0.0,0.05626185983419418,-0.5407336354255676,0.17391586303710938,0.0,0.17391586303710938,0.1155674010515213,0.0,0.1155674010515213,1.0,0.0,-20.437448501586914,1785282672.9190063,21.102434873580933,-5.984806537628174,890.7163630087065,49.51206509387114,0.0,96.48,True,1.8231210708618164
141,-0.001304327743127942,2.0386970334129728e-07,-0.0010712104849517345,0.006984680891036987,6.244108021746797e-07,0.006730223074555397,0.0003450977092143148,-12.823115348815918,0.5845122337341309,0.0009561475017108023,0.5792115330696106,0.4986361861228943,3.687948264996521e-05,0.49384939670562744,0.007142182905226946,-6.417004585266113,0.4954032897949219,9.966389370674733e-06,0.49833619594573975,0.002932906150817871,-4.407660484313965,0.9892714619636536,0.001619203481823206,1.0,0.010728538036346436,-2.2584292888641357,0.08681303262710571,0.06343434751033783,0.0,0.08681303262710571,-0.40053242444992065,0.13150964677333832,0.0,0.13150964677333832,0.06983372569084167,0.0,0.06983372569084167,1.0,0.0,-20.16054916381836,1785282673.0127828,21.196211338043213,-5.8910300731658936,898.2163074439502,48.59498792700463,0.0,96.48,True,1.8231210708618164
142,-0.0013310408685356379,2.1069790534511412e-07,-0.001092825667001307,0.007072063162922859,6.666211334049876e-07,0.006867866963148117,0.0003137555904686451,-12.793127059936523,0.5931820869445801,0.0009948755614459515,0.5857520699501038,0.49909040331840515,3.5349075915291905e-05,0.49515384435653687,0.008408427238464355,-6.496751308441162,0.49560683965682983,9.673455679148901e-06,0.4982192814350128,0.0026124417781829834,-4.501362323760986,0.9888498187065125,0.0016176868230104446,1.0,0.011150181293487549,-2.2560129165649414,0.11926105618476868,0.07804306596517563,0.0,0.11926105618476868,-0.2651846408843994,0.10272886604070663,0.0,0.10272886604070663,0.04254833236336708,0.0,0.04254833236336708,1.0,0.0,-20.241209030151367,1785282673.1187744,21.302202939987183,-5.785038471221924,905.7969117455269,47.5425629765726,0.0,96.48,True,1.8231210708618164
143,-0.0012970471289008856,2.0967728175946831e-07,-0.0011552871437743306,0.007087375037372112,6.712039066769648e-07,0.00730089470744133,0.0002562938607297838,-12.876184463500977,0.5951662063598633,0.0010121018858626485,0.5914074182510376,0.4998098313808441,3.50048576365225e-05,0.4958612024784088,0.005451619625091553,-6.510311126708984,0.49620282649993896,9.72664656728739e-06,0.49799755215644836,0.0017947256565093994,-4.6858038902282715,0.9880343675613403,0.0015981897013261914,1.0,0.011965632438659668,-2.2557098865509033,0.1384994089603424,0.11315345764160156,0.0,0.1384994089603424,-0.08580529689788818,0.07831360399723053,0.0,0.07831360399723053,0.02573445439338684,0.0,0.02573445439338684,1.0,0.0,-20.427335739135742,1785282673.2055526,21.388981103897095,-5.698260307312012,913.563642756088,46.31075868215405,0.0,96.48,True,1.8231210708618164
144,-0.0013300282880663872,2.16859717738771e-07,-0.001094845007173717,0.007174758706241846,7.134721613510919e-07,0.0069866543635725975,0.00030115514528006315,-12.758367538452148,0.6028697490692139,0.0010454931762069464,0.5952227115631104,0.5001227259635925,3.398477929295041e-05,0.4975776672363281,0.008059436455368996,-6.615291595458984,0.49630841612815857,9.540173778077587e-06,0.4980772137641907,0.0017687976360321045,-4.697088718414307,0.9890313744544983,0.0015933798858895898,1.0,0.010968625545501709,-2.2642571926116943,0.1636153608560562,0.12267494201660156,0.0,0.1636153608560562,-0.021060675382614136,0.06721311062574387,0.0,0.06721311062574387,0.01868612878024578,0.0,0.01868612878024578,1.0,0.0,-20.399147033691406,1785282673.3196242,21.503052711486816,-5.58418869972229,921.3021850612048,45.01420976622023,0.0,96.48,True,1.8231210708618164
145,-0.0013604818377643824,2.2313426484288357e-07,-0.0007502938387915492,0.007256210781633854,7.506671977353108e-07,0.0047804382629692554,0.002549858530983329,-7.954035758972168,0.609735906124115,0.0010737074771896005,0.6029354929924011,0.5003818273544312,3.3123287721537054e-05,0.4953593313694,0.00845405738800764,-6.335762023925781,0.49639222025871277,9.394338121637702e-06,0.49825236201286316,0.0018601417541503906,-4.684602737426758,0.9903666377067566,0.0015871201176196337,1.0,0.009633362293243408,-2.274742603302002,0.1871699094772339,0.12886399030685425,0.0,0.1871699094772339,0.030368059873580933,0.059596575796604156,0.0,0.059596575796604156,0.014293034560978413,0.0,0.014293034560978413,1.0,0.0,-15.364947319030762,1785282673.4239244,21.60735297203064,-5.479888439178467,924.0065276516609,43.66623211503022,0.0,96.48,True,1.8231210708618164
146,-0.0013898180332034826,2.2978329639045114e-07,-0.001298447954468429,0.007352689281105995,7.905662755547382e-07,0.008292856626212597,0.0009445968316867948,-12.253240585327148,0.6173166036605835,0.0011050906032323837,0.607716977596283,0.5005677938461304,3.222130908397958e-05,0.495625764131546,0.010797059163451195,-6.316784858703613,0.49646931886672974,9.221188520314172e-06,0.49825236201286316,0.0017830431461334229,-4.705676555633545,0.9914844632148743,0.001579740084707737,1.0,0.008515536785125732,-2.2833573818206787,0.21198473870754242,0.1319517344236374,0.0,0.21198473870754242,0.0765591412782669,0.05398249626159668,0.0,0.05398249626159668,0.011203061789274216,0.0,0.011203061789274216,1.0,0.0,-19.659507751464844,1785282673.5181618,21.701590299606323,-5.385651111602783,931.0054306745511,42.27206338243552,0.0,96.48,True,1.8231210708618164
147,-0.0014044360723346472,2.3237319624058728e-07,-0.0011185259791091084,0.0074118031188845634,8.078660584942554e-07,0.007237039040774107,0.00033509262721054256,-12.619224548339844,0.6222177743911743,0.0011179252760484815,0.6134272217750549,0.5009254813194275,3.1545110687147826e-05,0.4994581937789917,0.008912168443202972,-6.673623085021973,0.4965858459472656,9.090429557545576e-06,0.4984411597251892,0.001855313777923584,-4.69587516784668,0.9929490685462952,0.001565942307934165,1.0,0.007050931453704834,-2.29482102394104,0.23515793681144714,0.1337652951478958,0.0,0.23515793681144714,0.11980685591697693,0.049770697951316833,0.0,0.049770697951316833,0.008974547497928143,0.0,0.008974547497928143,1.0,0.0,-20.306060791015625,1785282673.6246006,21.808029174804688,-5.279212236404419,938.6508867369921,40.83464693520211,0.0,96.48,True,1.8231210708618164
148,-0.0014161041472107172,2.3551409356059594e-07,-0.001136292703449726,0.007477440871298313,8.258208481493057e-07,0.007330886088311672,0.0003158682375214994,-12.617090225219727,0.6276533603668213,0.0011327429674565792,0.6191897988319397,0.5012623071670532,3.0752864404348657e-05,0.5013536214828491,0.008464054204523563,-6.716689109802246,0.4967190623283386,8.930684089136776e-06,0.49839499592781067,0.001675933599472046,-4.736817359924316,0.9941184520721436,0.0015440962743014097,1.0,0.005881547927856445,-2.306518316268921,0.2574177384376526,0.13322564959526062,0.0,0.2574177384376526,0.15977342426776886,0.045924413949251175,0.0,0.045924413949251175,0.007238868158310652,0.0,0.007238868158310652,1.0,0.0,-20.358850479125977,1785282673.7303488,21.913777351379395,-5.173464059829712,946.3491324875434,39.35726391961791,0.0,96.48,True,1.8231210708618164
149,-0.001426860224455595,2.385729089837696e-07,-0.0013498797779902816,0.00754625303670764,8.443658430223877e-07,0.00868833065032959,0.0011446690186858177,-11.993959426879883,0.6331014633178711,0.0011483801063150167,0.6259166598320007,0.501623809337616,3.008106978086289e-05,0.4970780313014984,0.008502088487148285,-6.386682510375977,0.4968375265598297,8.790390893409494e-06,0.49851369857788086,0.0016761720180511475,-4.742178916931152,0.9950593113899231,0.0015289956936612725,1.0,0.004940688610076904,-2.3146512508392334,0.277464359998703,0.13131260871887207,0.0,0.277464359998703,0.19699323177337646,0.043067172169685364,0.0,0.043067172169685364,0.0060669430531561375,0.0,0.0060669430531561375,1.0,0.0,-19.474395751953125,1785282673.8346639,22.018092393875122,-5.069149017333984,953.1629235109219,37.8426610965281,0.0,96.48,True,1.8231210708618164
150,-0.0014325559604912996,2.4190356384679035e-07,-0.001131259137764573,0.0076106637716293335,8.641058002467616e-07,0.00737468246370554,0.00038271001540124416,-12.540412902832031,0.6381986141204834,0.001166232512332499,0.6306667327880859,0.5020042061805725,2.9550454200943932e-05,0.49857276678085327,0.008276714943349361,-6.530263900756836,0.49691241979599,8.681114195496775e-06,0.49844443798065186,0.0015320181846618652,-4.773058891296387,0.995406448841095,0.0015269629657268524,1.0,0.004593551158905029,-2.316389560699463,0.29248344898223877,0.12976683676242828,0.0,0.29248344898223877,0.22754696011543274,0.04176086187362671,0.0,0.04176086187362671,0.005468014162033796,0.0,0.005468014162033796,1.0,0.0,-20.151153564453125,1785282673.9302802,22.11370873451233,-4.973532676696777,960.6534723468004,36.29750454509623,0.0,96.48,True,1.8231210708618164
151,-0.0014324840158224106,2.4376831220251916e-07,-0.0011355271562933922,0.00766983674839139,8.755594080867013e-07,0.007470712065696716,0.0003575388400349766,-12.546329498291016,0.6430894136428833,0.0011755817104130983,0.6363964080810547,0.5024366974830627,2.910823604906909e-05,0.501462996006012,0.0067634619772434235,-6.722024917602539,0.4970424473285675,8.556048669561278e-06,0.4983603060245514,0.0013178586959838867,-4.814004898071289,0.9962450861930847,0.0015145897632464767,1.0,0.003754913806915283,-2.3227124214172363,0.3041480779647827,0.1269024908542633,0.0,0.3041480779647827,0.25124725699424744,0.04006088152527809,0.0,0.04006088152527809,0.005055024288594723,0.0,0.005055024288594723,1.0,0.0,-20.330951690673828,1785282674.0272422,22.210670709609985,-4.876570701599121,968.3238193088996,34.72864769678555,0.0,96.48,True,1.8231210708618164
152,-0.0014308302197605371,2.455979597471014e-07,-0.0011534850345924497,0.00771797401830554,8.845262300383183e-07,0.007509151473641396,0.0003471702802926302,-12.55976676940918,0.6472593545913696,0.0011822048109024763,0.6429604887962341,0.5028831362724304,2.8774009479093365e-05,0.5010783672332764,0.004662342369556427,-6.695913314819336,0.4971771538257599,8.460287972411606e-06,0.4986606538295746,0.0014835000038146973,-4.791059970855713,0.9970672726631165,0.0015039403224363923,1.0,0.002932727336883545,-2.328035593032837,0.31223738193511963,0.1251307874917984,0.76708984375,0.45485246181488037,0.7064386606216431,0.03846144303679466,0.0,0.03846144303679466,0.004782783333212137,0.0,0.004782783333212137,1.0,0.0,-20.312028884887695,1785282674.1314,22.314828634262085,-4.7724127769470215,975.9752434652127,32.704599444847474,0.0,96.48,True,1.8231210708618164
153,-0.0015225459355860949,2.6935458663501777e-07,-0.0012496114941313863,0.007923508062958717,1.0234731462333002e-06,0.008157485164701939,0.00035949755692854524,-12.456870079040527,0.6619755029678345,0.0012344467686489224,0.6485734581947327,0.5025258660316467,2.9596578315249644e-05,0.5000891089439392,0.013621768914163113,-6.551551818847656,0.49676281213760376,8.52685570862377e-06,0.49882999062538147,0.00206717848777771,-4.666631698608398,0.9945034384727478,0.001524507300928235,1.0,0.005496561527252197,-2.314194440841675,0.3133160173892975,0.13193397223949432,0.0,0.3133160173892975,0.2782421410083771,0.03318829834461212,0.0,0.03318829834461212,0.004801244009286165,0.0,0.004801244009286165,1.0,0.0,-20.031429290771484,1785282674.2353847,22.418813228607178,-4.668428182601929,983.3460680274095,31.108747712522664,0.0,96.48,True,1.8231210708618164
154,-0.0015171589329838753,2.54389959764012e-07,-0.0011745343217626214,0.007976807653903961,9.608993423171341e-07,0.00772287929430604,0.0004264636372681707,-12.417736053466797,0.666869044303894,0.0012108712689951062,0.6551291346549988,0.5032268762588501,2.7839265385409817e-05,0.5010679960250854,0.011936760507524014,-6.624241828918457,0.4971372187137604,7.97382108430611e-06,0.49880850315093994,0.0016712844371795654,-4.77558708190918,0.993436872959137,0.001481723040342331,1.0,0.006563127040863037,-2.323801040649414,0.3189370036125183,0.1378561109304428,0.8125,0.4935629963874817,0.8117120862007141,0.0315256342291832,0.0,0.0315256342291832,0.004703110549598932,0.0,0.004703110549598932,1.0,0.0,-20.104923248291016,1785282674.3305125,22.513941049575806,-4.573300361633301,990.7903865471259,28.979426035005517,0.0,96.48,True,1.8231210708618164
155,-0.0015140643808990717,2.727929313550703e-07,-0.0011758130276575685,0.008040345273911953,1.0448892453496228e-06,0.007805244997143745,0.0004119297373108566,-12.369041442871094,0.6716187000274658,0.0012362906709313393,0.6599507927894592,0.5030764937400818,2.8539499908220023e-05,0.5043367147445679,0.0117357661947608,-6.659169673919678,0.4969751834869385,8.18533226265572e-06,0.4988163411617279,0.0018411576747894287,-4.7305755615234375,0.9954444766044617,0.0014902024995535612,1.0,0.00455552339553833,-2.3285200595855713,0.3319287896156311,0.14647459983825684,0.97412109375,0.6421923041343689,1.3662768602371216,0.03425028547644615,0.0,0.03425028547644615,0.004395987372845411,0.0,0.004395987372845411,1.0,0.0,-20.061664581298828,1785282674.434358,22.617786407470703,-4.469455003738403,998.1914463998501,26.295539583451962,0.0,96.48,True,1.8231210708618164
156,-0.001524604158475995,2.749040675098513e-07,-0.0011822390370070934,0.008105950430035591,1.0525673133088276e-06,0.007774858735501766,0.0004762726020999253,-12.332420349121094,0.6763455867767334,0.0012318117078393698,0.6669619679450989,0.5037742853164673,2.7750922527047805e-05,0.5013917684555054,0.009681358002126217,-6.619863510131836,0.4975651204586029,7.931424988782965e-06,0.49903789162635803,0.001472771167755127,-4.816662311553955,0.9970345497131348,0.0014408300630748272,1.0,0.0029654502868652344,-2.3492774963378906,0.37076330184936523,0.1621127724647522,0.0,0.37076330184936523,0.43318790197372437,0.041486479341983795,0.0,0.041486479341983795,0.0036863938439637423,0.0,0.0036863938439637423,1.0,0.0,-20.03664207458496,1785282674.5281286,22.711557149887085,-4.3756842613220215,1005.5674837458604,24.544742090161805,0.0,96.48,True,1.8231210708618164
157,-0.0015314531046897173,2.654379045452515e-07,-0.001402894384227693,0.008201546967029572,1.0222424862149637e-06,0.009159820154309273,0.0009668582351878285,-12.1495361328125,0.6835049390792847,0.0012386121088638902,0.6709248423576355,0.5039088129997253,2.6117968445760198e-05,0.5022527575492859,0.012688631191849709,-6.669059753417969,0.49767476320266724,7.426171578117646e-06,0.4991191327571869,0.0014443695545196533,-4.845848560333252,0.9927447438240051,0.0014475247589871287,1.0,0.007255256175994873,-2.33182954788208,0.3649151921272278,0.1703943908214569,0.0,0.3649151921272278,0.4248683452606201,0.041293345391750336,0.0,0.041293345391750336,0.004170634318143129,0.0,0.004170634318143129,1.0,0.0,-19.90770721435547,1785282674.6328044,22.816232919692993,-4.271008491516113,1012.8145862316412,22.80226415358475,0.0,96.48,True,1.8231210708618164
158,-0.0015215885359793901,2.7060045226789953e-07,-0.0009936760179698467,0.008246757090091705,1.0427842198623694e-06,0.006541084498167038,0.0017855000915005803,-10.700315475463867,0.6869114637374878,0.0012554944260045886,0.6777021288871765,0.5040290355682373,2.6441995942150243e-05,0.5052274465560913,0.009286982007324696,-6.711580753326416,0.49771249294281006,7.479641226382228e-06,0.49875137209892273,0.001038879156112671,-4.910576820373535,0.9926003813743591,0.0014714245917275548,1.0,0.007399618625640869,-2.3232176303863525,0.36093342304229736,0.17246688902378082,0.0,0.36093342304229736,0.4178387224674225,0.04277466982603073,0.0,0.04277466982603073,0.004526407457888126,0.0,0.004526407457888126,1.0,0.0,-18.52486801147461,1785282674.7169564,22.9003849029541,-4.186856508255005,1018.6788495145412,21.066815839800896,0.0,96.48,True,1.8231210708618164
159,-0.0015184504445642233,2.7634746402327437e-07,-0.0008028146694414318,0.008298398926854134,1.0668767345123342e-06,0.005283948499709368,0.0030982326716184616,-7.403049468994141,0.6911879777908325,0.001272906898520887,0.6836879849433899,0.5040848851203918,2.6545396394794807e-05,0.5059175491333008,0.007720657624304295,-6.678318977355957,0.4977951645851135,7.4752115324372426e-06,0.49863705039024353,0.0008418858051300049,-4.935612201690674,0.9927803874015808,0.0014808832202106714,1.0,0.0072196125984191895,-2.32102108001709,0.3612520098686218,0.17213240265846252,0.51220703125,0.15095502138137817,0.10538439452648163,0.04322640597820282,0.0,0.04322640597820282,0.004627652931958437,0.0,0.004627652931958437,1.0,0.0,-15.213510513305664,1785282674.8036683,22.987096786499023,-4.100144624710083,1021.2317552992722,19.64382185395798,0.0,96.48,True,1.8231210708618164
160,-0.0015208849217742682,2.8971359711249534e-07,-0.0014733618590980768,0.008348263800144196,1.1325422519803396e-06,0.009633509442210197,0.0012861238792538643,-11.801665306091309,0.6948133111000061,0.001307726721279323,0.6886047720909119,0.5037283897399902,2.6704767151386477e-05,0.5032469630241394,0.006227176636457443,-6.72811222076416,0.4976310729980469,7.515172455896391e-06,0.49869322776794434,0.001062154769897461,-4.905294895172119,0.99307781457901,0.0014853047905489802,1.0,0.00692218542098999,-2.3209989070892334,0.3727703094482422,0.16896483302116394,0.0,0.3727703094482422,0.44110921025276184,0.04527289792895317,0.0,0.04527289792895317,0.004397753160446882,0.0,0.004397753160446882,1.0,0.0,-19.636802673339844,1785282674.9186378,23.10206627845764,-3.985175132751465,1028.2079532440375,17.885103052388786,0.0,96.48,True,1.8231210708618164
161,-0.0015107260551303625,2.87341862303947e-07,-0.0012559493770822883,0.00839444249868393,1.1174220162502024e-06,0.008208227343857288,0.0003155744634568691,-12.417194366455078,0.6986238360404968,0.0013037464814260602,0.694563627243042,0.5040159225463867,2.647756082296837e-05,0.505767822265625,0.004422041121870279,-6.688705921173096,0.4978953003883362,7.3842365964083e-06,0.4986324906349182,0.0007371902465820312,-4.95234489440918,0.9928624033927917,0.0014837238704785705,1.0,0.007137596607208252,-2.320493698120117,0.3710837960243225,0.16966970264911652,0.814453125,0.4433693289756775,0.6112789511680603,0.04364851489663124,0.0,0.04364851489663124,0.004417482763528824,0.0,0.004417482763528824,1.0,0.0,-20.24433135986328,1785282675.0237305,23.2071590423584,-3.880082368850708,1035.7916798753263,15.956214509904292,0.0,96.48,True,1.8231210708618164
162,-0.00139147462323308,3.3685276434880507e-07,-0.0012460113503038883,0.008625814691185951,1.2695938949036645e-06,0.008202830329537392,0.00044729781802743673,-12.300470352172852,0.7191888093948364,0.0013166915159672499,0.7014448046684265,0.5041516423225403,2.7621592380455695e-05,0.5068150758743286,0.01794278621673584,-6.4789228439331055,0.4980309009552002,7.143002221710049e-06,0.49841582775115967,0.00038492679595947266,-4.995378494262695,0.9901607632637024,0.001481447834521532,1.0,0.009839236736297607,-2.3057546615600586,0.3675697445869446,0.17848995327949524,0.9951171875,0.6275474429130554,1.1605145931243896,0.03911497816443443,0.0,0.03911497816443443,0.0043565803207457066,0.0,0.0043565803207457066,1.0,0.0,-19.98129653930664,1785282675.1283004,23.311728954315186,-3.775512456893921,1043.1123716860584,14.116897601541128,0.0,96.48,True,1.8231210708618164
163,-0.0013682518620043993,3.441615490373806e-07,-0.0012628809781745076,0.008703778497874737,1.296706500397704e-06,0.008359125815331936,0.0003604004450608045,-12.319108963012695,0.7256566286087036,0.0013145462144166231,0.7062743306159973,0.5040262937545776,2.7961161322309636e-05,0.5048364400863647,0.01939922198653221,-6.566974639892578,0.49803027510643005,7.12019527782104e-06,0.49840089678764343,0.0003706216812133789,-4.9977030754089355,0.990983784198761,0.0014775155577808619,1.0,0.009016215801239014,-2.3122482299804688,0.38536199927330017,0.18511603772640228,0.0,0.38536199927330017,0.4766625165939331,0.041908521205186844,0.0,0.041908521205186844,0.003679043846204877,0.0,0.003679043846204877,1.0,0.0,-20.07154083251953,1785282675.2339349,23.41736340522766,-3.6698780059814453,1050.5233077900034,14.911169709451492,0.0,96.48,True,1.8231210708618164
164,-0.001374406972900033,3.2098486713039165e-07,-0.0012821368873119354,0.008766229264438152,1.2379080089885974e-06,0.008467203006148338,0.0003129384422209114,-12.389724731445312,0.7314956188201904,0.0013155332999303937,0.7129776477813721,0.5039282441139221,2.6343868739786558e-05,0.5045371055603027,0.018527977168560028,-6.6136474609375,0.49786481261253357,6.844243671366712e-06,0.4985107183456421,0.0006459057331085205,-4.9966349601745605,0.988912045955658,0.0014927288284525275,1.0,0.011087954044342041,-2.2934556007385254,0.35360488295555115,0.19612234830856323,0.99609375,0.6424888372421265,1.1568138599395752,0.047119755297899246,0.0,0.047119755297899246,0.0048102024011313915,0.0,0.0048102024011313915,1.0,0.0,-20.1789608001709,1785282675.3171175,23.500545978546143,-3.586695432662964,1058.0416638615998,16.3855931607075,0.0,96.48,True,1.8231210708618164
165,-0.001309106359258294,3.163606265843555e-07,-0.001309026381932199,0.00865509919822216,1.200057795358589e-06,0.00869066547602415,3.5566368751460686e-05,-12.461357116699219,0.7253947257995605,0.0013023139908909798,0.717755138874054,0.5047053694725037,2.8433210900402628e-05,0.5051975250244141,0.007655423134565353,-6.6912384033203125,0.4973906874656677,7.289815130206989e-06,0.49852392077445984,0.0011332333087921143,-4.90749454498291,0.9894425272941589,0.0015484342584386468,1.0,0.010557472705841064,-2.2803258895874023,0.34527158737182617,0.19612371921539307,0.0,0.34527158737182617,0.40835532546043396,0.04557148367166519,0.0,0.04557148367166519,0.004635307006537914,0.0,0.004635307006537914,1.0,0.0,-20.268095016479492,1785282675.4216967,23.605125188827515,-3.482116222381592,1065.6491541495047,17.111558077484368,0.0,96.48,True,1.8231210708618164
166,-0.0013425215147435665,3.0935200356907444e-07,-0.0008635861449874938,0.008774900808930397,1.2064041357007227e-06,0.005686122924089432,0.0031256882939487696,-8.145581245422363,0.7344430685043335,0.0013221715344116092,0.7234739661216736,0.5047225952148438,2.6877751224674284e-05,0.5046895742416382,0.010969151742756367,-6.692946434020996,0.4975164234638214,7.0246978793875314e-06,0.49846965074539185,0.0009532272815704346,-4.94942569732666,0.988918125629425,0.0015361665282398462,1.0,0.011081874370574951,-2.2803215980529785,0.32060787081718445,0.19915887713432312,0.0,0.32060787081718445,0.3701711595058441,0.04905645176768303,0.0,0.04905645176768303,0.005822979379445314,0.0,0.005822979379445314,1.0,0.0,-15.974651336669922,1785282675.5264862,23.709914684295654,-3.377326726913452,1068.9632007576001,17.799338828306645,0.0,96.48,True,1.8231210708618164
167,-0.001328636659309268,3.255699141391233e-07,-0.0017388392006978393,0.008887026458978653,1.2722308611046174e-06,0.01159154437482357,0.0027354492340236902,-9.285276412963867,0.7415857911109924,0.0013671315973624587,0.7291688919067383,0.5042518973350525,2.7415397198637947e-05,0.5042111873626709,0.012416966259479523,-6.655427932739258,0.4974178373813629,7.061728865664918e-06,0.4984305202960968,0.0010126829147338867,-4.938859939575195,0.9878363609313965,0.0015824520960450172,1.0,0.012163639068603516,-2.2587029933929443,0.32349175214767456,0.2037225067615509,0.0,0.32349175214767456,0.380277156829834,0.050943709909915924,0.0,0.050943709909915924,0.005911730229854584,0.0,0.005911730229854584,1.0,0.0,-17.07904815673828,1785282675.6205764,23.804004907608032,-3.283236503601074,1073.381644185764,18.497225576452912,0.0,96.48,True,1.8231210708618164
168,-0.0013193236663937569,3.3243262009818864e-07,-0.0012836797395721078,0.00894264504313469,1.293546915803745e-06,0.008642197586596012,0.000302554399240762,-12.36279582977295,0.7450807094573975,0.0013792089885100722,0.7358025908470154,0.5038461685180664,2.7717345801647753e-05,0.5037659406661987,0.009278465993702412,-6.670648097991943,0.49738818407058716,7.0491983024112415e-06,0.4984298646450043,0.0010416805744171143,-4.935393333435059,0.987761378288269,0.0015932423993945122,1.0,0.012238621711730957,-2.255047559738159,0.3269662857055664,0.20643632113933563,0.0,0.3269662857055664,0.3889912962913513,0.04903610795736313,0.0,0.04903610795736313,0.00546220364049077,0.0,0.00546220364049077,1.0,0.0,-20.167011260986328,1785282675.7299657,23.91339421272278,-3.173847198486328,1080.8880507181757,19.203826464060697,0.0,96.48,True,1.8231210708618164
169,-0.0013164912816137075,3.420968539558089e-07,-0.001270789303816855,0.009015427902340889,1.3277825701152324e-06,0.008593142032623291,0.0004247517208568752,-12.30200481414795,0.7494077086448669,0.0013947472907602787,0.7404966354370117,0.5032506585121155,2.8074573492631316e-05,0.5037716627120972,0.008926291018724442,-6.6566667556762695,0.49732348322868347,7.072322659951169e-06,0.4985494613647461,0.001225978136062622,-4.90446138381958,0.988140881061554,0.0016087554395198822,1.0,0.011859118938446045,-2.2534983158111572,0.33457762002944946,0.2086753100156784,0.0,0.33457762002944946,0.4036715626716614,0.04872216284275055,0.0,0.04872216284275055,0.0049509634263813496,0.0,0.0049509634263813496,1.0,0.0,-20.07956886291504,1785282675.8154056,23.998834133148193,-3.088407278060913,1088.3070148525162,19.92510761804879,0.0,96.48,True,1.8231210708618164
170,-0.0013166803400963545,3.4458057029951306e-07,-0.0013387370854616165,0.009034456685185432,1.3395982705333154e-06,0.009032323025166988,2.2159705622470938e-05,-12.363454818725586,0.7505218982696533,0.0014028095174580812,0.7460966110229492,0.5032076835632324,2.824388320732396e-05,0.5045260787010193,0.00461750291287899,-6.646327972412109,0.4973262548446655,7.0938131102593616e-06,0.4986577033996582,0.0013314485549926758,-4.884254455566406,0.9876422882080078,0.001620047027245164,1.0,0.012357711791992188,-2.24657940864563,0.3344988226890564,0.20779050886631012,0.0,0.3344988226890564,0.4025622606277466,0.0470137856900692,0.0,0.0470137856900692,0.004773357417434454,0.0,0.004773357417434454,1.0,0.0,-20.122644424438477,1785282675.9204445,24.103873014450073,-2.983368396759033,1095.7690545483802,20.64527946999297,0.0,96.48,True,1.8231210708618164
171,-0.00132194091565907,3.4724877195912995e-07,-0.0008830130682326853,0.009056665003299713,1.3555509212892503e-06,0.005913091823458672,0.003174068173393607,-8.4319486618042,0.7517385482788086,0.0014126712922006845,0.75164395570755,0.5032116174697876,2.8408931029844098e-05,0.5040299892425537,0.0008238204172812402,-6.665872573852539,0.49733275175094604,7.125086540327175e-06,0.49862244725227356,0.0012896955013275146,-4.890283107757568,0.9869886040687561,0.0016324439784511924,1.0,0.013011395931243896,-2.238046169281006,0.33418145775794983,0.20672407746315002,0.0,0.33418145775794983,0.40086519718170166,0.04548179730772972,0.0,0.04548179730772972,0.004597894847393036,0.0,0.004597894847393036,1.0,0.0,-16.209787368774414,1785282676.0258596,24.209288120269775,-2.877953290939331,1099.31823718858,21.363754258491106,0.0,96.48,True,1.8231210708618164
172,-0.001324416371062398,3.506148686938104e-07,-0.0017800802597776055,0.009090553037822247,1.37469430683268e-06,0.012040006928145885,0.0029844443779438734,-8.882380485534668,0.7539884448051453,0.0014232180546969175,0.7580782771110535,0.5031710863113403,2.8520844352897257e-05,0.5032904744148254,0.004091574344784021,-6.665851593017578,0.4973181188106537,7.128533979994245e-06,0.49849754571914673,0.001179426908493042,-4.9091949462890625,0.9864896535873413,0.0016448245150968432,1.0,0.013510346412658691,-2.2306363582611084,0.3365069031715393,0.20552632212638855,0.0,0.3365069031715393,0.40332818031311035,0.04439801722764969,0.0,0.04439801722764969,0.004387682303786278,0.0,0.004387682303786278,0.0,0.0,-16.669658660888672,1785282676.1214092,24.304837703704834,-2.7824037075042725,1103.3272911208942,22.08469203012065,0.0,96.48,True,1.8231210708618164
173,-0.0013331759255379438,3.817747824541584e-07,-0.0015357423108071089,0.009168868884444237,1.5186567452474264e-06,0.010529844090342522,0.001375967520289123,-11.58660888671875,0.7579947710037231,0.0015132566913962364,0.7626640200614929,0.5030146241188049,2.9815604648320004e-05,0.5030654668807983,0.004669525660574436,-6.611860752105713,0.49732136726379395,7.482933142455295e-06,0.4984762668609619,0.0011548995971679688,-4.8933820724487305,0.9803521037101746,0.001804447267204523,1.0,0.01964789628982544,-2.132843017578125,0.33054542541503906,0.21050414443016052,0.97265625,0.6421108245849609,1.1191442012786865,0.04575775936245918,0.0,0.04575775936245918,0.004891181364655495,0.0,0.004891181364655495,0.0,0.0,-19.322790145874023,1785282676.226095,24.409523487091064,-2.677717924118042,1109.9894765381937,23.52144582271577,0.0,96.48,True,1.8231210708618164
174,-0.0012466334737837315,4.104118431769166e-07,-0.001123182475566864,0.00931093841791153,1.6165264469236718e-06,0.007679115980863571,0.0016364854527637362,-11.340591430664062,0.7697118520736694,0.001574913039803505,0.768126904964447,0.5011972784996033,3.0225664886529557e-05,0.5033105611801147,0.0026415942702442408,-6.517635345458984,0.4963952302932739,7.315150924114278e-06,0.4986380338668823,0.0022428035736083984,-4.650023937225342,0.9709447026252747,0.0019279600819572806,1.0,0.029055297374725342,-1.9877692461013794,0.39395609498023987,0.2094080001115799,0.95068359375,0.5567275285720825,0.8772549629211426,0.04376737400889397,0.0,0.04376737400889397,0.002727741375565529,0.0,0.002727741375565529,0.0,0.0,-18.879711151123047,1785282676.3217504,24.505178928375244,-2.5820624828338623,1116.2085829607422,24.716310376953345,0.0,96.48,True,1.8231210708618164
175,-0.0012689719442278147,4.030200955185137e-07,-0.0013282914878800511,0.009359905496239662,1.6055133755799034e-06,0.009116009809076786,0.0002510058111511171,-12.172405242919922,0.7729477882385254,0.0015625378582626581,0.7744560837745667,0.501352071762085,2.9644046662724577e-05,0.5036870241165161,0.002779740607365966,-6.513283729553223,0.49637866020202637,7.178544819907984e-06,0.49869048595428467,0.0023118257522583008,-4.63101053237915,0.9711492657661438,0.0019037373131141067,1.0,0.0288507342338562,-1.9944164752960205,0.4103320837020874,0.20330747961997986,0.0,0.4103320837020874,0.536503791809082,0.040462084114551544,0.0,0.040462084114551544,0.0022847894579172134,0.0,0.0022847894579172134,0.0,1.0,-19.698537826538086,1785282676.4257917,24.609220266342163,-2.4780211448669434,1123.2465160587058,25.57042376007886,0.0,96.48,True,1.8231210708618164
176,-0.0013316904660314322,4.070916475029662e-07,-0.0013642630074173212,0.009416123852133751,1.6469908814542578e-06,0.009384230710566044,4.558665386866778e-05,-12.175905227661133,0.7776576280593872,0.0015853800578042865,0.7789316773414612,0.5014152526855469,2.955490526801441e-05,0.503255307674408,0.002238080371171236,-6.542427062988281,0.49651625752449036,7.296247076737927e-06,0.4986276626586914,0.00211140513420105,-4.689635276794434,0.9729751348495483,0.0019428546074777842,1.0,0.02702486515045166,-2.0149035453796387,0.3887287378311157,0.20694054663181305,0.6884765625,0.2997478246688843,0.34836500883102417,0.04054123908281326,0.0,0.04054123908281326,0.0027179669123142958,0.0,0.0027179669123142958,0.0,0.0,-19.75466537475586,1785282676.5101953,24.693623781204224,-2.393617630004883,1130.340576704887,26.236398360226318,0.0,96.48,True,1.8231210708618164
177,-0.001305518439039588,4.1120537730421347e-07,-0.0013434250140562654,0.00945221446454525,1.6666664350850624e-06,0.009346278384327888,0.00011251382966293022,-12.16143798828125,0.7788412570953369,0.0015887829940766096,0.7851400971412659,0.5010919570922852,2.9527165679610334e-05,0.5026572942733765,0.0064904289320111275,-6.545638084411621,0.49614283442497253,7.242985702760052e-06,0.4985494613647461,0.0024066269397735596,-4.598974704742432,0.9722055792808533,0.0019340930739417672,1.0,0.02779442071914673,-2.005406379699707,0.4109865427017212,0.19838479161262512,0.0,0.4109865427017212,0.53587806224823,0.03742227330803871,0.0,0.03742227330803871,0.002132700989022851,0.0,0.002132700989022851,0.0,0.0,-19.697437286376953,1785282676.6151414,24.798569917678833,-2.2886714935302734,1137.3774092626895,27.08988601379098,0.0,96.48,True,1.8231210708618164
178,-0.0013240620028227568,4.143420540003717e-07,-0.0013513767626136541,0.009515083394944668,1.6846113339852309e-06,0.009333012625575066,0.00018410828488413244,-12.146657943725586,0.7828259468078613,0.0016050697304308414,0.7894218564033508,0.5011583566665649,2.9614189770654775e-05,0.5029107928276062,0.006824738811701536,-6.527641773223877,0.49627476930618286,7.312302386708325e-06,0.4986068606376648,0.0023320913314819336,-4.622154235839844,0.9700621962547302,0.0019453690620139241,1.0,0.029937803745269775,-1.9718528985977173,0.39166221022605896,0.20052914321422577,0.0,0.39166221022605896,0.498026967048645,0.03928874433040619,0.0,0.03928874433040619,0.002635213313624263,0.0,0.002635213313624263,0.0,0.0,-19.679847717285156,1785282676.721986,24.905414581298828,-2.1818268299102783,1144.3966522514002,27.90552257215606,0.0,96.48,True,1.8231210708618164
179,-0.0013289921917021275,4.1791150806602673e-07,-0.0013344924664124846,0.009550683200359344,1.6999116496663191e-06,0.009319406934082508,0.00023134166258387268,-12.132818222045898,0.7861505746841431,0.0016122114611789584,0.7950810790061951,0.5011683702468872,2.9729431844316423e-05,0.5033238530158997,0.009186947718262672,-6.48600959777832,0.4962257742881775,7.272216407727683e-06,0.4986180067062378,0.0023922324180603027,-4.603317737579346,0.9675102829933167,0.0019507785327732563,1.0,0.03248971700668335,-1.930270791053772,0.39034101366996765,0.19911372661590576,0.0,0.39034101366996765,0.4946097135543823,0.038786958903074265,0.0,0.038786958903074265,0.0027096159756183624,0.0,0.0027096159756183624,0.0,0.0,-19.6232852935791,1785282676.82713,25.010558605194092,-2.0766828060150146,1151.3593328164047,28.717741877026874,0.0,96.48,True,1.8231210708618164
180,-0.0013349635992199183,4.188119078207819e-07,-0.0014269768726080656,0.009586730040609837,1.7086756542994408e-06,0.009931827895343304,0.00035715397098101676,-12.099984169006348,0.7895241975784302,0.0016154092736542225,0.7989843487739563,0.5013992190361023,2.9595617888844572e-05,0.5030158758163452,0.009597293101251125,-6.518293380737305,0.49622872471809387,7.20496200301568e-06,0.4984949231147766,0.0022661983966827393,-4.645034313201904,0.9649678468704224,0.0019418831216171384,0.9920387268066406,0.02707087993621826,-2.0144190788269043,0.3914550840854645,0.19653744995594025,0.61328125,0.22182616591453552,0.23067176342010498,0.03757001459598541,0.0,0.03757001459598541,0.0026984529104083776,0.0,0.0026984529104083776,0.0,0.0,-19.637136459350586,1785282676.931326,25.11475443840027,-1.972486972808838,1158.3358645471808,29.266023231763413,0.0,96.48,True,1.8231210708618164
181,-0.001322305528447032,4.1845569853649067e-07,-0.0014133175136521459,0.00960644893348217,1.7162905123768724e-06,0.009895718656480312,0.0003032493114005774,-12.108867645263672,0.7935614585876465,0.0016098873456940055,0.8033464550971985,0.5017768144607544,2.9119753889972344e-05,0.5027528405189514,0.009833553805947304,-6.553871154785156,0.4960332214832306,7.0066657826828305e-06,0.4983956515789032,0.0023624300956726074,-4.617116451263428,0.9615598320960999,0.0019144578836858273,0.9806920289993286,0.01913219690322876,-2.1146225929260254,0.41510578989982605,0.1829388290643692,0.9697265625,0.5546207427978516,0.9103663563728333,0.03255384787917137,0.0,0.03255384787917137,0.0020494323689490557,0.0,0.0020494323689490557,0.0,0.0,-19.6605224609375,1785282677.0259657,25.209394216537476,-1.8778471946716309,1165.3357822795438,30.49399917945268,0.0,96.48,True,1.8231210708618164
182,-0.0013103613164275885,4.2895544538623653e-07,-0.0013656951487064362,0.009773283265531063,1.740247512316273e-06,0.009619356133043766,0.00016357077402062714,-12.113444328308105,0.8067368268966675,0.0015993727138265967,0.8074442744255066,0.5017613768577576,2.8757089239661582e-05,0.5027620792388916,0.0012255151523277164,-6.591939926147461,0.4959101378917694,6.677848432445899e-06,0.49833908677101135,0.0024289488792419434,-4.597675323486328,0.9542972445487976,0.0018839200492948294,0.9664082527160645,0.012111008167266846,-2.179333209991455,0.4373050034046173,0.1772243231534958,0.0,0.4373050034046173,0.5932989716529846,0.029052114114165306,0.0,0.029052114114165306,0.001570813124999404,0.0,0.001570813124999404,0.0,0.0,-19.685834884643555,1785282677.1106875,25.294116020202637,-1.7931253910064697,1172.3610124356128,31.404907742422097,0.0,96.48,True,1.8231210708618164
183,-0.0013400756288319826,4.3781466274595005e-07,-0.0013551347656175494,0.009833250194787979,1.7810087911129813e-06,0.00943683460354805,0.0003967015363741666,-12.057647705078125,0.8095310926437378,0.0016190948663279414,0.8118390440940857,0.5016879439353943,2.8574293537531048e-05,0.5026768445968628,0.0025108892004936934,-6.587811470031738,0.4960516691207886,6.765279067622032e-06,0.49827179312705994,0.0022201240062713623,-4.6686320304870605,0.9536997079849243,0.0018848268082365394,0.9455360174179077,0.008163690567016602,-2.2003419399261475,0.4227907955646515,0.185769185423851,0.92431640625,0.5015256404876709,0.7543039321899414,0.03144998848438263,0.0,0.03144998848438263,0.00184867053758353,0.0,0.00184867053758353,0.0,0.0,-19.662212371826172,1785282677.2049162,25.388344764709473,-1.6988966464996338,1179.3626200788644,32.47682126592847,0.0,96.48,True,1.8231210708618164
184,-0.0013150759041309357,4.36449255403204e-07,-0.001337311347015202,0.009874522686004639,1.7567123222761438e-06,0.009393748827278614,0.00048128777416422963,-12.044097900390625,0.8147585391998291,0.0016026573721319437,0.8147009015083313,0.5018904805183411,2.8118472982896492e-05,0.5023640394210815,0.00047705360339023173,-6.615722179412842,0.4960344731807709,6.384069365594769e-06,0.4981398284435272,0.0021053552627563477,-4.714759349822998,0.9476596713066101,0.0018775132484734058,0.9385176301002502,0.009142041206359863,-2.1977076530456543,0.4548393189907074,0.17355242371559143,0.0,0.4548393189907074,0.6393132209777832,0.028887823224067688,0.0,0.028887823224067688,0.001357899745926261,0.0,0.001357899745926261,0.0,0.0,-19.694055557250977,1785282677.3204877,25.503916263580322,-1.5833251476287842,1186.396070907541,33.43374407822269,0.0,96.48,True,1.8231210708618164
185,-0.0013222473207861185,4.4498878537524433e-07,-0.0009235678589902818,0.010021859779953957,1.7990043943427736e-06,0.006523465272039175,0.0035210379865020514,-8.508736610412598,0.823539137840271,0.0016033592401072383,0.8184900879859924,0.5022478103637695,2.7212348868488334e-05,0.5020268559455872,0.005053882021456957,-6.627023220062256,0.4965135455131531,6.1732430367555935e-06,0.49799880385398865,0.0014852583408355713,-4.900030612945557,0.9444732666015625,0.0018114601261913776,0.9277631640434265,0.016710102558135986,-2.160799980163574,0.44243499636650085,0.17791733145713806,0.87353515625,0.43110015988349915,0.5780060291290283,0.022256260737776756,0.0,0.022256260737776756,0.0010557982604950666,0.0,0.0010557982604950666,0.0,0.0,-16.2603702545166,1785282677.4246633,25.608091831207275,-1.479149580001831,1189.995836433483,34.32935969866815,0.0,96.48,True,1.8231210708618164
186,-0.0012511040549725294,4.4305002688815875e-07,-0.0018469098722562194,0.010017046704888344,1.743995653669117e-06,0.013202168978750706,0.0032403685618191957,-8.79741382598877,0.8280043601989746,0.001573544810526073,0.8212805390357971,0.5026432275772095,2.6687741410569288e-05,0.5017987489700317,0.0067766448482871056,-6.627261638641357,0.4965902864933014,5.783356755273417e-06,0.4977554380893707,0.001165151596069336,-4.993955135345459,0.9411662220954895,0.0017669876106083393,0.9170676469802856,0.024098575115203857,-2.085969924926758,0.45976725220680237,0.1698390394449234,0.86181640625,0.40204915404319763,0.5083591341972351,0.021120617166161537,0.0,0.021120617166161537,0.0008632179233245552,0.0,0.0008632179233245552,0.0,0.0,-16.596200942993164,1785282677.5202656,25.703694105148315,-1.383547306060791,1193.9314326479016,35.15532842418182,0.0,96.48,True,1.8231210708618164
187,-0.0012503655161708593,4.4254645104047086e-07,-0.0014096151571720839,0.010055622085928917,1.7341857301289565e-06,0.010186671279370785,0.00020623854652512819,-12.076364517211914,0.83121657371521,0.0015662482473999262,0.8239371180534363,0.5025328397750854,2.6362688004155643e-05,0.5014586448669434,0.00735828559845686,-6.624638080596924,0.49659329652786255,5.663440788339358e-06,0.49774256348609924,0.0011492669582366943,-5.005192279815674,0.9374842047691345,0.001745692570693791,0.9162925481796265,0.021191656589508057,-2.1277363300323486,0.47871139645576477,0.16613732278347015,0.88037109375,0.40165969729423523,0.5070018172264099,0.0217436570674181,0.0,0.0217436570674181,0.0007648373721167445,0.0,0.0007648373721167445,0.0,0.0,-19.878671646118164,1785282677.626596,25.81002449989319,-1.277216911315918,1201.1494995654452,35.97993983272466,0.0,96.48,True,1.8231210708618164
188,-0.0012648145202547312,4.414777379224688e-07,-0.0015771695179864764,0.010115781798958778,1.7350394045934081e-06,0.011357789859175682,0.0012806833256036043,-11.55589485168457,0.8355568647384644,0.0015605007065460086,0.8275031447410583,0.5023786425590515,2.6001853257184848e-05,0.5018202066421509,0.008073057048022747,-6.645389080047607,0.4965558350086212,5.52291339772637e-06,0.49794477224349976,0.00138893723487854,-4.959714889526367,0.9335401058197021,0.0017221069429069757,0.9148107171058655,0.01872938871383667,-2.16131591796875,0.49665480852127075,0.16071361303329468,0.9970703125,0.5004155039787292,0.7839471101760864,0.022173255681991577,0.0,0.022173255681991577,0.00067565479548648,0.0,0.00067565479548648,0.0,0.0,-19.352062225341797,1785282677.7204795,25.903908014297485,-1.183333396911621,1207.8409570622125,37.08149653421718,0.0,96.48,True,1.8231210708618164
189,-0.001279687974601984,4.385423437724967e-07,-0.0011427865829318762,0.010176338255405426,1.7324437067145482e-06,0.00826658308506012,0.001914655789732933,-11.041040420532227,0.8390645980834961,0.001551518915221095,0.8304830193519592,0.5023127794265747,2.5701174308778718e-05,0.5019919872283936,0.00858757272362709,-6.655135154724121,0.4965648651123047,5.389047146309167e-06,0.49780791997909546,0.0012430548667907715,-5.003268718719482,0.9284551739692688,0.0017129643820226192,0.9161152839660645,0.012339890003204346,-2.221379041671753,0.5166604518890381,0.15577445924282074,0.50439453125,0.012265920639038086,-0.010251639410853386,0.02276882901787758,0.0,0.02276882901787758,0.0005953540094196796,0.0,0.0005953540094196796,0.0,0.0,-18.866783142089844,1785282677.8251896,26.008618116378784,-1.0786232948303223,1214.0471354757278,37.38885448612276,0.0,96.48,True,1.8231210708618164
190,-0.0012949749361723661,4.445865897650947e-07,-0.0013590356102213264,0.010191598907113075,1.7656018371781101e-06,0.009849957190454006,0.00034759577829390764,-12.061023712158203,0.8409007787704468,0.0015716904308646917,0.8330660462379456,0.5021947026252747,2.5522722353343852e-05,0.5019042491912842,0.007840114645659924,-6.65671443939209,0.4965575933456421,5.407299340731697e-06,0.49765780568122864,0.0011002123355865479,-5.033012866973877,0.9248487949371338,0.0017139792907983065,0.9161098003387451,0.008738994598388672,-2.2432515621185303,0.5156779289245605,0.15760032832622528,0.97509765625,0.45941972732543945,0.6647177934646606,0.023877980187535286,0.0,0.023877980187535286,0.000612464442383498,0.0,0.000612464442383498,0.0,0.0,-19.90290069580078,1785282677.9105122,26.09394073486328,-0.9933006763458252,1221.289431442954,38.371181870903854,0.0,96.48,True,1.8231210708618164
191,-0.0012996091973036528,4.429286377671815e-07,-0.001369356526993215,0.010245471261441708,1.7482358316556201e-06,0.00997030921280384,0.0002838641230482608,-12.078356742858887,0.8441468477249146,0.00155557447578758,0.8365779519081116,0.5023746490478516,2.5375655241077766e-05,0.501627504825592,0.007605682592839003,-6.656525611877441,0.49667465686798096,5.25745144841494e-06,0.49758195877075195,0.0009073019027709961,-5.080704689025879,0.9207589030265808,0.0016949642449617386,0.9175621271133423,0.0031967759132385254,-2.2680935859680176,0.5456565022468567,0.14853239059448242,0.0,0.5456565022468567,0.9677388072013855,0.024612389504909515,0.0,0.024612389504909515,0.0005171001539565623,0.0,0.0005171001539565623,0.0,0.0,-19.94392967224121,1785282678.0259848,26.209413290023804,-0.8778281211853027,1228.5727563866208,39.65653026942167,0.0,96.48,True,1.8231210708618164
192,-0.001262611709535122,4.513330793542991e-07,-0.0011991753708571196,0.01039547473192215,1.8012083273788448e-06,0.008817528374493122,0.0015792209887877107,-11.385541915893555,0.851853609085083,0.0015311617171391845,0.8385066986083984,0.5022161602973938,2.4581557227065787e-05,0.5014600157737732,0.013368312269449234,-6.6399431228637695,0.49700137972831726,4.977676326234359e-06,0.497588187456131,0.0005868077278137207,-5.1517462730407715,0.9173460006713867,0.001669590943492949,0.9178404808044434,0.0004944801330566406,-2.278576612472534,0.5063029527664185,0.1605876386165619,0.8447265625,0.33842360973358154,0.36107903718948364,0.015160871669650078,0.0,0.015160871669650078,0.00040012237150222063,0.0,0.00040012237150222063,0.0,0.0,-19.27336883544922,1785282678.12026,26.303688526153564,-0.783552885055542,1235.1855204934955,40.33521889792759,0.0,96.48,True,1.8231210708618164
193,-0.0012077537830919027,4.5476269860955654e-07,-0.0013509545242413878,0.010359138250350952,1.7704320498523884e-06,0.00999430287629366,0.00039193275733850896,-12.025873184204102,0.853697657585144,0.0015158078167587519,0.8413975834846497,0.5026203393936157,2.4313943868037313e-05,0.5012569427490234,0.012375405989587307,-6.6321258544921875,0.49710267782211304,4.775255092681618e-06,0.4975951611995697,0.000492483377456665,-5.181697368621826,0.9186939597129822,0.00161335791926831,0.918398916721344,0.0002950429916381836,-2.295753240585327,0.5190447568893433,0.15151526033878326,0.92578125,0.40673649311065674,0.5213376879692078,0.015363176353275776,0.0,0.015363176353275776,0.00034762918949127197,0.0,0.00034762918949127197,0.0,0.0,-19.922422409057617,1785282678.2249503,26.408378839492798,-0.6788625717163086,1242.4473381739786,41.17416617721323,0.0,96.48,True,1.8231210708618164
194,-0.00120865972712636,4.584117618833261e-07,-0.001357843168079853,0.01039133220911026,1.7803265563998139e-06,0.010011759586632252,0.0004078370693605393,-12.014491081237793,0.8552089929580688,0.0015166515950113535,0.844742476940155,0.5026699900627136,2.4275199393741786e-05,0.5010615587234497,0.01058938167989254,-6.631374359130859,0.49716442823410034,4.754604105983162e-06,0.49763038754463196,0.0004659593105316162,-5.186427593231201,0.9155883193016052,0.0016062891809269786,0.9202314019203186,0.004643082618713379,-2.2912654876708984,0.5414105653762817,0.1474730372428894,0.0,0.5414105653762817,0.9557105898857117,0.01622818037867546,0.0,0.01622818037867546,0.00031206582207232714,0.0,0.00031206582207232714,0.0,0.0,-19.912805557250977,1785282678.319703,26.5031316280365,-0.5841097831726074,1249.699539002655,42.447486358415375,0.0,96.48,True,1.8231210708618164
195,-0.0012351761106401682,5.036613970332837e-07,-0.0013355037663131952,0.010542668402194977,2.008149067478371e-06,0.009912376292049885,0.0006382270366884768,-11.863045692443848,0.8607136011123657,0.0016375252744182944,0.847172737121582,0.5021868348121643,2.4444319933536462e-05,0.5010833144187927,0.013585755601525307,-6.598069667816162,0.49706774950027466,4.792957042809576e-06,0.49756982922554016,0.0005020797252655029,-5.178945541381836,0.8991849422454834,0.0017208014614880085,0.9206521511077881,0.021467208862304688,-2.129641056060791,0.538652777671814,0.15103720128536224,0.0,0.538652777671814,0.934338390827179,0.0121807511895895,0.0,0.0121807511895895,0.0002265957009512931,0.0,0.0002265957009512931,0.0,0.0,-19.730976104736328,1785282678.4257395,26.60916805267334,-0.4780733585357666,1256.7699103788168,43.69943434055899,0.0,96.48,True,1.8231210708618164
196,-0.0012432339135557413,5.059722525402321e-07,-0.0013532687444239855,0.010554684326052666,2.0165207388345152e-06,0.010047000832855701,0.0005194710684008896,-11.89171028137207,0.8618175983428955,0.001649299985729158,0.8507251143455505,0.5021027326583862,2.4408949684584513e-05,0.5015784502029419,0.011104866862297058,-6.63317346572876,0.49705708026885986,4.800078386324458e-06,0.497507780790329,0.0004507005214691162,-5.1833415031433105,0.8959947824478149,0.0017413010355085135,0.9202588796615601,0.024264097213745117,-2.088569164276123,0.5387297868728638,0.1533389836549759,0.97900390625,0.44027411937713623,0.613454282283783,0.012880511581897736,0.0,0.012880511581897736,0.00024085407494567335,0.0,0.00024085407494567335,0.0,0.0,-19.789920806884766,1785282678.5197845,26.70321297645569,-0.38402843475341797,1263.899226457127,44.6304982141592,0.0,96.48,True,1.8231210708618164
197,-0.0012133975978940725,4.940993107993563e-07,-0.0015994542045518756,0.010543428361415863,1.935945874720346e-06,0.01202456746250391,0.0015306250425055623,-11.28243637084961,0.8644552230834961,0.0016311433864757419,0.8532163500785828,0.5029972791671753,2.3951004550326616e-05,0.5045584440231323,0.011346784420311451,-6.6015119552612305,0.49726906418800354,4.582451310852775e-06,0.49750569462776184,0.00023663043975830078,-5.221590042114258,0.8918060660362244,0.0017277611186727881,0.9204888939857483,0.028682827949523926,-2.023442029953003,0.5766375064849854,0.13968972861766815,0.8984375,0.32179999351501465,0.30543431639671326,0.013569124042987823,0.0,0.013569124042987823,0.0002017024380620569,0.0,0.0002017024380620569,0.0,0.0,-19.174442291259766,1785282678.614564,26.79799246788025,-0.2892489433288574,1270.4130640198123,45.25354212187235,0.0,96.48,True,1.8231210708618164
198,-0.0012314447667449713,4.943394174006244e-07,-0.0011221503373235464,0.010560660623013973,1.944031509992783e-06,0.008437682874500751,0.002125789178535342,-10.826237678527832,0.8651562929153442,0.0016275901580229402,0.8566694259643555,0.5032238364219666,2.404016959189903e-05,0.5081967115402222,0.00983648281544447,-6.153878688812256,0.4972783327102661,4.618313596438384e-06,0.49756836891174316,0.0002900362014770508,-5.214694499969482,0.8930483460426331,0.0017046628054231405,0.9183756709098816,0.025327324867248535,-2.0801026821136475,0.5979441404342651,0.13591289520263672,0.0,0.5979441404342651,1.2363853454589844,0.013966895639896393,0.0,0.013966895639896393,0.000181613489985466,0.0,0.000181613489985466,0.0,0.0,-18.356687545776367,1785282678.708463,26.891891479492188,-0.19534993171691895,1276.1091468370141,46.80753705864777,0.0,96.48,True,1.8231210708618164
199,-0.0012705298140645027,5.02489626796887e-07,-0.001320073613896966,0.010618435218930244,1.993234945985023e-06,0.01000053621828556,0.0006198820192366838,-11.87862777709961,0.8675569295883179,0.001662379945628345,0.8590710759162903,0.503006100654602,2.392059104749933e-05,0.5045555830001831,0.008626158349215984,-6.610417366027832,0.49719202518463135,4.680307029047981e-06,0.4977045953273773,0.0005125701427459717,-5.189067363739014,0.8854790925979614,0.0017646151827648282,0.9169156551361084,0.03143656253814697,-1.970952033996582,0.589468240737915,0.145177960395813,0.27693116664886475,0.3125370740890503,0.29045370221138,0.014198893681168556,0.0,0.014198893681168556,0.00020200017024762928,0.0,0.00020200017024762928,0.0,0.0,-19.76149559020996,1785282678.8137746,26.99720311164856,-0.09003829956054688,1283.2100376986496,47.41560035217558,0.0,96.48,True,1.8231210708618164
200,-0.001279665157198906,4.940000621900253e-07,-0.0013328292407095432,0.010589856654405594,1.9742183212656528e-06,0.010148309171199799,0.00044473656453192234,-11.937918663024902,0.870020866394043,0.0016676528612151742,0.8624005913734436,0.5039090514183044,2.3152724679675885e-05,0.5074617862701416,0.008407765068113804,-6.40700101852417,0.497536838054657,4.516158242040547e-06,0.4976772964000702,0.000140458345413208,-5.23280143737793,0.8822093605995178,0.0017346868989989161,0.9167298078536987,0.03452044725418091,-1.9160455465316772,0.5929267406463623,0.13812416791915894,0.0,0.5929267406463623,1.201768159866333,0.015291442163288593,0.0,0.015291442163288593,0.0002051709743682295,0.0,0.0002051709743682295,0.0,0.0,-19.679920196533203,1785282678.911523,27.094951629638672,0.00771021842956543,1290.2293531666082,48.93497810335835,0.0,96.48,True,1.8231210708618164
201,-0.0013245439622551203,4.91247703848785e-07,-0.0013298258418217301,0.010653318837285042,1.9640526716102613e-06,0.010169473476707935,0.0004838742024730891,-11.935905456542969,0.8757896423339844,0.0016659549437463284,0.8648035526275635,0.5054091811180115,2.2392498067347333e-05,0.5061039924621582,0.011008039116859436,-6.6671905517578125,0.49812793731689453,4.375244770926656e-06,0.4976857900619507,0.00044214725494384766,-5.228494644165039,0.8708372712135315,0.0017834632890298963,0.9111990928649902,0.04036182165145874,-1.7889435291290283,0.6155413389205933,0.13601727783679962,0.9921875,0.37664616107940674,0.44293826818466187,0.01528048887848854,0.0,0.01528048887848854,0.000191566621651873,0.0,0.000191566621651873,0.0,0.0,-19.88390350341797,1785282679.028357,27.211785554885864,0.12454414367675781,1297.4526519414517,49.69552596285944,0.0,96.48,True,1.8231210708618164
202,-0.001338050002232194,5.0203141199745e-07,-0.0013142748503014445,0.010688962414860725,2.0011943888675887e-06,0.010113031603395939,0.0005764213274233043,-11.89186954498291,0.8839535713195801,0.0017519596731290221,0.8681440353393555,0.5075021386146545,2.1309975636540912e-05,0.5016759634017944,0.016848908737301826,-5.846026420593262,0.4986494779586792,4.04704587708693e-06,0.4978931248188019,0.0007563531398773193,-5.219145774841309,0.8425778150558472,0.001925616874359548,0.910643458366394,0.06806564331054688,-1.0043425559997559,0.689942479133606,0.12285084277391434,0.79296875,0.10302627086639404,-0.08625325560569763,0.014278852380812168,0.0,0.014278852380812168,0.00012956013961229473,0.0,0.00012956013961229473,0.0,0.0,-19.178264617919922,1785282679.122365,27.305793523788452,0.2185521125793457,1303.970311830797,49.92688229857018,0.0,96.48,True,1.8231210708618164
203,-0.0013619496021419764,5.005284151593514e-07,-0.0013335203984752297,0.010711037553846836,1.9956289634137647e-06,0.010304411873221397,0.0004076182667631656,-11.935965538024902,0.8853363990783691,0.0017664168262854218,0.8699820637702942,0.5080856680870056,2.0904735720250756e-05,0.5052517652511597,0.015613667666912079,-6.46047306060791,0.4988292157649994,4.0084883039526176e-06,0.4981066584587097,0.0007225573062896729,-5.229486465454102,0.8350796699523926,0.0019623853731900454,0.9048583507537842,0.0697786808013916,-0.9572603702545166,0.742632269859314,0.11676594614982605,0.6796875,0.06294476985931396,-0.1378875970840454,0.013723371550440788,0.0,0.013723371550440788,9.390148625243455e-05,0.0,9.390148625243455e-05,0.0,0.0,-19.719085693359375,1785282679.228816,27.41224455833435,0.32500314712524414,1311.028792795582,50.106604292802565,0.0,96.48,True,1.8231210708618164
204,-0.0013752379454672337,5.057258931628894e-07,-0.0015468739438802004,0.0107108224183321,2.041404741248698e-06,0.012073514983057976,0.001373459119349718,-11.477752685546875,0.8857015371322632,0.0017791327554732561,0.8730325102806091,0.507941722869873,2.1094578187330626e-05,0.5021424889564514,0.013933246023952961,-5.868927001953125,0.4987178444862366,4.05826494898065e-06,0.49832892417907715,0.00038892030715942383,-5.269803047180176,0.8370288610458374,0.0019581904634833336,0.900997519493103,0.06396865844726562,-1.1540894508361816,0.72257399559021,0.12162180989980698,0.8642578125,0.14168381690979004,-0.051953382790088654,0.014112559147179127,0.0,0.014112559147179127,0.00010632154589984566,0.0,0.00010632154589984566,0.0,0.0,-18.80779457092285,1785282679.3227909,27.506219387054443,0.4189779758453369,1317.1759826379302,50.37226050132891,0.0,96.48,True,1.8231210708618164
205,-0.0013713857624679804,5.138389269632171e-07,-0.0013624622952193022,0.010718045756220818,2.0948400560882874e-06,0.010761105455458164,4.397460725158453e-05,-11.940298080444336,0.8870323896408081,0.0018002621363848448,0.8760342001914978,0.507995069026947,2.122005753335543e-05,0.5015118718147278,0.012766832485795021,-5.678340911865234,0.4987749755382538,4.074714524904266e-06,0.4985646605491638,0.00021031498908996582,-5.280988693237305,0.8392103910446167,0.001962679671123624,0.8467918038368225,0.0075814127922058105,-2.1831412315368652,0.7263848781585693,0.12210606783628464,0.9716796875,0.24529480934143066,0.11388818919658661,0.014334827661514282,0.0,0.014334827661514282,0.00010495761671336368,0.0,0.00010495761671336368,0.0,0.0,-19.12346649169922,1785282679.428133,27.61156153678894,0.524320125579834,1323.638844401055,50.80375828184193,0.0,96.48,True,1.8231210708618164
206,-0.0014446277637034655,5.381969572226808e-07,-0.0013199008535593748,0.010768609121441841,2.2692988750350196e-06,0.010394581593573093,0.00039427579031325877,-11.832386016845703,0.8880511522293091,0.0018977484432980418,0.8784739375114441,0.5078312158584595,2.114351445925422e-05,0.5034424662590027,0.010534902103245258,-6.198102951049805,0.49871185421943665,4.15076237914036e-06,0.499186635017395,0.000474780797958374,-5.250017166137695,0.8254666924476624,0.0020844689570367336,0.8931074142456055,0.06764072179794312,-1.070216178894043,0.7595596313476562,0.12141105532646179,0.0,0.7595596313476562,2.2405920028686523,0.015573804266750813,0.0,0.015573804266750813,9.7117546829395e-05,0.0,9.7117546829395e-05,0.0,0.0,-19.415878295898438,1785282679.5328007,27.71622920036316,0.6289877891540527,1330.3941179683789,53.361959876027015,0.0,96.48,True,1.8231210708618164
207,-0.0014187635388225317,5.113503789289098e-07,-0.0011616331757977605,0.010776457376778126,2.1308285340637667e-06,0.009171068668365479,0.0016258502146229148,-11.265321731567383,0.8885277509689331,0.001822856953367591,0.8796233534812927,0.507307231426239,2.109214437950868e-05,0.5043269991874695,0.009389892220497131,-6.4668073654174805,0.498488187789917,4.103485480300151e-06,0.4992530643939972,0.0007648766040802002,-5.211613178253174,0.8278006911277771,0.002014388795942068,0.8799105882644653,0.05210989713668823,-1.5107698440551758,0.6943312883377075,0.13203050196170807,0.9892578125,0.2949265241622925,0.2359772026538849,0.015781428664922714,0.0,0.015781428664922714,0.00014124707377050072,0.0,0.00014124707377050072,0.0,0.0,-19.044574737548828,1785282679.6273735,27.81080198287964,0.7235605716705322,1336.7780879773532,53.91554666999733,0.0,96.48,True,1.8231210708618164
208,-0.0013941936194896698,5.182106406209641e-07,-0.0015845337184146047,0.010748859494924545,2.1416078652691795e-06,0.012555621564388275,0.0018167603993788362,-11.128450393676758,0.8882471323013306,0.0018354724161326885,0.8818359971046448,0.5077801942825317,2.1011575881857425e-05,0.505748987197876,0.0067252106964588165,-6.588191986083984,0.49871182441711426,4.056590114487335e-06,0.49920153617858887,0.0004897117614746094,-5.2590861320495605,0.8305822014808655,0.0020000464282929897,0.869737982749939,0.039155781269073486,-1.805069088935852,0.7446489334106445,0.11992593109607697,0.85107421875,0.10642528533935547,-0.09427978843450546,0.015917807817459106,0.0,0.015917807817459106,0.00010699851554818451,0.0,0.00010699851554818451,0.0,0.0,-19.028547286987305,1785282679.7216697,27.90509819984436,0.8178567886352539,1343.146030535766,54.13887647287926,0.0,96.48,True,1.8231210708618164
209,-0.0014202035963535309,5.273749934531224e-07,-0.0011060446267947555,0.01076437532901764,2.21479126594204e-06,0.00883577112108469,0.0019540239591151476,-10.966705322265625,0.8888168334960938,0.0018701530061662197,0.88372403383255,0.5080517530441284,2.0836559997405857e-05,0.5109081268310547,0.005839133635163307,-6.489673614501953,0.49894818663597107,4.080664893990615e-06,0.4993666112422943,0.0004184246063232422,-5.2642340660095215,0.8263991475105286,0.0020520975813269615,0.8619886636734009,0.035589516162872314,-1.8668936491012573,0.7849065065383911,0.1163121685385704,0.986328125,0.2014216184616089,0.017603963613510132,0.014582715928554535,0.0,0.014582715928554535,8.003722905414179e-05,0.0,8.003722905414179e-05,0.0,0.0,-18.790559768676758,1785282679.8265069,28.00993537902832,0.9226939678192139,1349.2759855758682,54.474090027809204,0.0,96.48,True,1.8231210708618164
210,-0.0014661005698144436,5.689479394277441e-07,-0.0013914118753746152,0.010869432240724564,2.464602630425361e-06,0.011171047575771809,0.00031072529964149,-11.785243034362793,0.8899941444396973,0.001951651182025671,0.8854148983955383,0.5106121897697449,2.195326851506252e-05,0.5093576312065125,0.0047479900531470776,-6.603740692138672,0.50019770860672,4.28372413807665e-06,0.49989068508148193,0.0003070235252380371,-5.250402927398682,0.8192811608314514,0.002366442233324051,0.8502944111824036,0.03101325035095215,-1.9010241031646729,0.8504620790481567,0.10329277813434601,0.7607421875,0.08971989154815674,-0.1771901547908783,0.009753442369401455,0.0,0.009753442369401455,3.8132369809318334e-05,0.0,3.8132369809318334e-05,0.0,0.0,-19.693437576293945,1785282679.9198723,28.10330080986023,1.016059398651123,1356.3088184235876,54.61450946433476,0.0,96.48,True,1.8231210708618164
211,-0.0014405378606170416,5.615353302346193e-07,-0.0013456445885822177,0.010888896882534027,2.3965496893652016e-06,0.010717849247157574,0.00019560681539587677,-11.81503677368164,0.8911142349243164,0.0019243943970650434,0.8868505358695984,0.5108567476272583,2.2247691958909854e-05,0.510156512260437,0.004320817068219185,-6.6295881271362305,0.5002312064170837,4.2865576688200235e-06,0.5002211332321167,1.0073184967041016e-05,-5.2610626220703125,0.81695955991745,0.0023627933114767075,0.8366401195526123,0.019680559635162354,-2.0230534076690674,0.8436200618743896,0.10106019675731659,0.9580078125,0.11438775062561035,-0.16234448552131653,0.010446032509207726,0.0,0.010446032509207726,4.13513662351761e-05,0.0,4.13513662351761e-05,0.0,0.0,-19.749238967895508,1785282680.0147805,28.198209047317505,1.1109676361083984,1363.3974526629086,54.769774570129876,0.0,96.48,True,1.8231210708618164
212,-0.0014441695529967546,5.710232926503522e-07,-0.0012947630602866411,0.010922050103545189,2.4278847376990598e-06,0.010331635363399982,0.0006090253591537476,-11.72295093536377,0.8931173086166382,0.001938114408403635,0.8883671760559082,0.5111939907073975,2.271699304401409e-05,0.5104047060012817,0.004815260414034128,-6.611808776855469,0.5003586411476135,4.368181635072688e-06,0.5003591179847717,4.76837158203125e-07,-5.251643180847168,0.812982439994812,0.0023907471913844347,0.8233325481414795,0.01035010814666748,-2.0767323970794678,0.8524909019470215,0.09798450022935867,0.96875,0.11625909805297852,-0.17356351017951965,0.011805012822151184,0.0,0.011805012822151184,4.371923205326311e-05,0.0,4.371923205326311e-05,0.0,0.0,-19.638219833374023,1785282680.1087184,28.292146921157837,1.2049055099487305,1370.375067767708,54.91382065126679,0.0,96.48,True,1.8231210708618164
213,-0.001510752597823739,6.113805852692167e-07,-0.0013386119389906526,0.010953867807984352,2.6832217372430023e-06,0.01069758553057909,0.00030872804927639663,-11.693669319152832,0.8938659429550171,0.0020511311013251543,0.8894526362419128,0.511562705039978,2.2716278181178495e-05,0.5056146383285522,0.007406536024063826,-5.819545745849609,0.500667154788971,4.48455466539599e-06,0.5005316138267517,0.00013554096221923828,-5.236448764801025,0.8027623891830444,0.0025261626578867435,0.8117854595184326,0.009023070335388184,-2.055474042892456,0.8852936029434204,0.09847453981637955,0.87060546875,0.01468813419342041,-0.2389446496963501,0.011320775374770164,0.0,0.011320775374770164,3.593185101635754e-05,0.0,3.593185101635754e-05,0.0,0.0,-18.967531204223633,1785282680.2143047,28.397733211517334,1.3104918003082275,1376.6819942433572,54.99248559288687,0.0,96.48,True,1.8231210708618164
214,-0.0015024419408291578,6.156425342851435e-07,-0.001387895317748189,0.010959303937852383,2.69428323917964e-06,0.01091244537383318,0.00012376047379802912,-11.713546752929688,0.8948343992233276,0.002059254562482238,0.8906197547912598,0.5118356347084045,2.297348328283988e-05,0.5094647407531738,0.004835738800466061,-6.4687604904174805,0.5007349848747253,4.518393325270154e-06,0.5009867548942566,0.00025177001953125,-5.227724075317383,0.8008266091346741,0.002519574947655201,0.8012657165527344,0.00043910741806030273,-2.0728559494018555,0.8771754503250122,0.09619712829589844,0.96044921875,0.08327376842498779,-0.21569609642028809,0.011975673958659172,0.0,0.011975673958659172,3.922536416212097e-05,0.0,3.922536416212097e-05,0.0,0.0,-19.502418518066406,1785282680.3098156,28.493244171142578,1.4060027599334717,1383.523808032849,55.09439908778302,0.0,96.48,True,1.8231210708618164
215,-0.0015764960553497076,6.662091323050845e-07,-0.001361360540613532,0.010998249053955078,3.0445489755948074e-06,0.010757135227322578,0.0003231395676266402,-11.57974910736084,0.8953063488006592,0.002190046012401581,0.8914542198181152,0.512049674987793,2.3177764887805097e-05,0.5058948993682861,0.007260865066200495,-5.739620208740234,0.5010594129562378,4.7066996557987295e-06,0.5012219548225403,0.00016254186630249023,-5.211516380310059,0.793743371963501,0.0026612167712301016,0.7482779622077942,0.04546540975570679,-1.6571718454360962,0.9057146310806274,0.09866403043270111,0.9482421875,0.04252755641937256,-0.22991347312927246,0.011630806140601635,0.0,0.011630806140601635,3.362564166309312e-05,0.0,3.362564166309312e-05,0.0,0.0,-18.777204513549805,1785282680.4144008,28.597829341888428,1.5105879306793213,1389.6404078178243,55.18209520597018,0.0,96.48,True,1.8231210708618164
216,-0.0016028142999857664,7.33049546397524e-07,-0.0013434377033263445,0.010990102775394917,3.4694407986535225e-06,0.010634500533342361,0.0004401467740535736,-11.446796417236328,0.8955655097961426,0.002411747584119439,0.8916308283805847,0.5101956725120544,2.264005524921231e-05,0.5062574148178101,0.005567009095102549,-6.177978515625,0.5008517503738403,4.733592959382804e-06,0.5015110969543457,0.0006593465805053711,-5.165554046630859,0.7865134477615356,0.002943492727354169,0.7843940258026123,0.00211942195892334,-1.994377613067627,0.9171347618103027,0.11243614554405212,0.6748046875,0.24233007431030273,0.08739683032035828,0.008580883964896202,0.0,0.008580883964896202,2.7059442800236866e-05,0.0,2.7059442800236866e-05,0.0,0.0,-18.971956253051758,1785282680.5083797,28.691808223724365,1.6045668125152588,1395.9517593423016,55.58710162760697,0.0,96.48,True,1.8231210708618164
217,-0.0016079898923635483,7.287314360837627e-07,-0.0013514652382582426,0.010969122871756554,3.4688271171035012e-06,0.010626662522554398,0.00042788314749486744,-11.451894760131836,0.8950721025466919,0.0024012262001633644,0.8918135762214661,0.5102298259735107,2.219454836449586e-05,0.508777379989624,0.003567575244233012,-6.486106872558594,0.5008707046508789,4.659375463234028e-06,0.5017275810241699,0.0008568763732910156,-5.140584945678711,0.788456916809082,0.002814739476889372,0.7809156179428101,0.007541298866271973,-2.007401943206787,0.9034466743469238,0.11308951675891876,0.9970703125,0.09362363815307617,-0.1320951282978058,0.008592640049755573,0.0,0.008592640049755573,2.8274951546336524e-05,0.0,2.8274951546336524e-05,0.0,0.0,-19.211074829101562,1785282680.6125977,28.7960262298584,1.708784818649292,1402.5022294428286,55.7726160906256,0.0,96.48,True,1.8231210708618164
218,-0.0015874672681093216,7.433441737703106e-07,-0.0013494450831785798,0.010997669771313667,3.4643769595277263e-06,0.010585689917206764,0.0004757961432915181,-11.442060470581055,0.8961161375045776,0.002385316649451852,0.892365038394928,0.5103324055671692,2.252033846161794e-05,0.5088760256767273,0.004023902118206024,-6.481839179992676,0.5009495615959167,4.6658096835017204e-06,0.5017637610435486,0.0008141994476318359,-5.147645950317383,0.7888621091842651,0.002863301197066903,0.7786076068878174,0.010254502296447754,-1.9905891418457031,0.919345498085022,0.11004195362329483,0.95166015625,0.03231465816497803,-0.17976360023021698,0.008662286214530468,0.0,0.008662286214530468,2.6222105589113198e-05,0.0,2.6222105589113198e-05,0.0,0.0,-19.20135498046875,1785282680.699642,28.883070468902588,1.7958290576934814,1409.0429796947228,55.91046208171181,0.0,96.48,True,1.8231210708618164
219,-0.0015879098791629076,7.514085496040934e-07,-0.0011826796690002084,0.01100494060665369,3.5139432839059737e-06,0.009266633540391922,0.0017849154537543654,-10.952938079833984,0.8967691659927368,0.002394401468336582,0.8928149342536926,0.5104336142539978,2.2586445993511006e-05,0.509131133556366,0.004163220524787903,-6.487693786621094,0.5009954571723938,4.670269390771864e-06,0.5019875168800354,0.0009920597076416016,-5.112841606140137,0.7898881435394287,0.0028678711969405413,0.7735030651092529,0.01638507843017578,-1.9613473415374756,0.9170486927032471,0.10844899713993073,0.74169921875,0.17534947395324707,-0.05003926157951355,0.008735510520637035,0.0,0.008735510520637035,2.6488747607800178e-05,0.0,2.6488747607800178e-05,0.0,0.0,-18.699514389038086,1785282680.813617,28.997045516967773,1.909804105758667,1415.0818893551864,56.17803241144873,0.0,96.48,True,1.8231210708618164
220,-0.0015491130761802197,7.332046720875951e-07,-0.0013688887702301145,0.010995058342814445,3.3176424949488137e-06,0.010587756521999836,0.0004453937290236354,-11.486019134521484,0.8969526290893555,0.002334886696189642,0.8933290839195251,0.5106915235519409,2.2397387510864064e-05,0.5094835758209229,0.00381958344951272,-6.509916305541992,0.5009613633155823,4.5750530262012035e-06,0.5022925138473511,0.0013311505317687988,-5.034852981567383,0.7899363040924072,0.002790276426821947,0.7677034139633179,0.022232890129089355,-1.9332929849624634,0.9118869304656982,0.10692854225635529,0.97998046875,0.06809353828430176,-0.177177295088768,0.009884324856102467,0.0,0.009884324856102467,2.9282900868565775e-05,0.0,2.9282900868565775e-05,0.0,0.0,-19.211380004882812,1785282680.919457,29.102885484695435,2.015644073486328,1421.6326646314947,56.3184647076764,0.0,96.48,True,1.8231210708618164
221,-0.0015348759479820728,7.460304232154158e-07,-0.0013814907288178802,0.011021653190255165,3.3423007153032813e-06,0.010646171867847443,0.00040560230263508856,-11.483939170837402,0.8985834121704102,0.002338577061891556,0.8936366438865662,0.5104767084121704,2.2793976313550957e-05,0.5097715854644775,0.004996770527213812,-6.519598484039307,0.5009121894836426,4.607813025359064e-06,0.5023988485336304,0.001486659049987793,-4.985113143920898,0.7891886830329895,0.002896335208788514,0.7630419731140137,0.02614670991897583,-1.8851958513259888,0.9134302139282227,0.10525799542665482,0.9921875,0.07875728607177734,-0.17726759612560272,0.010097718797624111,0.0,0.010097718797624111,3.0014203730388544e-05,0.0,3.0014203730388544e-05,0.0,0.0,-19.19217300415039,1785282681.0135067,29.196935176849365,2.109693765640259,1428.1642329070705,56.45880670286723,0.0,96.48,True,1.8231210708618164
222,-0.001582316355779767,7.822895895515103e-07,-0.0013890264090150595,0.011016683652997017,3.67693883163156e-06,0.0106798792257905,0.00038832746213302016,-11.410053253173828,0.8975569009780884,0.0024412760976701975,0.893934428691864,0.5105388164520264,2.2913096472620964e-05,0.510062575340271,0.0036536434199661016,-6.50400447845459,0.5012277960777283,4.778969469043659e-06,0.5024552345275879,0.0012274384498596191,-5.049075603485107,0.7886634469032288,0.0030612635891884565,0.7550387978553772,0.03362464904785156,-1.7908601760864258,0.927620530128479,0.10504258424043655,0.9111328125,0.016487717628479004,-0.20646218955516815,0.009125628508627415,0.0,0.009125628508627415,2.6215229809167795e-05,0.0,2.6215229809167795e-05,0.0,0.0,-19.137794494628906,1785282681.1192207,29.30264925956726,2.2154078483581543,1434.641422673125,56.56995410462849,0.0,96.48,True,1.8231210708618164
223,-0.0015722971875220537,7.838090141376597e-07,-0.0013798490399494767,0.01100979559123516,3.667027840492665e-06,0.01060487050563097,0.0004483309166971594,-11.403755187988281,0.8977771997451782,0.0024382458068430424,0.8939743638038635,0.5104748606681824,2.281893466715701e-05,0.5138859748840332,0.005108547862619162,-6.2563982009887695,0.5012166500091553,4.762094249599613e-06,0.5026071667671204,0.0013905167579650879,-5.005459308624268,0.7904211282730103,0.0030843873973935843,0.750961184501648,0.039459943771362305,-1.7193481922149658,0.9233756065368652,0.10389430820941925,0.986328125,0.06295251846313477,-0.1941797137260437,0.009560645557940006,0.0,0.009560645557940006,2.739660703809932e-05,0.0,2.739660703809932e-05,0.0,0.0,-18.911603927612305,1785282681.204225,29.387653589248657,2.300412178039551,1440.8924218721627,56.69338398221888,0.0,96.48,True,1.8231210708618164
224,-0.001579539617523551,7.918224014247244e-07,-0.0014476299984380603,0.01100950501859188,3.7637150853697676e-06,0.011143926531076431,0.00018833292415365577,-11.418251037597656,0.8982771635055542,0.0024467594921588898,0.8938893675804138,0.5103769302368164,2.3252610844792798e-05,0.5173798203468323,0.008263971656560898,-5.4447150230407715,0.5012122392654419,4.853575319430092e-06,0.5027406215667725,0.0015283823013305664,-4.958316326141357,0.7943670749664307,0.003154622856527567,0.7490100860595703,0.04535698890686035,-1.6344345808029175,0.9064738750457764,0.10327067226171494,0.8828125,0.023661375045776367,-0.2135518193244934,0.009426604025065899,0.0,0.009426604025065899,3.0168073863023892e-05,0.0,3.0168073863023892e-05,0.0,0.0,-18.25318145751953,1785282681.320803,29.504231452941895,2.416990041732788,1446.4849986011077,56.79744175421082,0.0,96.48,True,1.8231210708618164
225,-0.0015884472522884607,7.876521976868389e-07,-0.0014179153367877007,0.010985905304551125,3.9504752749053296e-06,0.010741897858679295,0.00029769240063615143,-11.38406753540039,0.897122859954834,0.0024860959965735674,0.8937034606933594,0.5106950402259827,2.4212384232669137e-05,0.5133800506591797,0.004347593989223242,-6.323739051818848,0.5014333724975586,5.1014158088946715e-06,0.5030906200408936,0.001657247543334961,-4.904870510101318,0.7955015301704407,0.0032772088889032602,0.749413013458252,0.04608851671218872,-1.617363691329956,0.8743678331375122,0.10076708346605301,0.9931640625,0.11879622936248779,-0.15850770473480225,0.008324142545461655,0.0,0.008324142545461655,3.5494795156409964e-05,0.0,3.5494795156409964e-05,0.0,0.0,-18.895492553710938,1785282681.4162614,29.599689960479736,2.51244854927063,1452.719886426244,56.956543640792454,0.0,96.48,True,1.8231210708618164
226,-0.0015756271313875914,7.894698228483321e-07,-0.0014145253226161003,0.010998383164405823,4.00640692532761e-06,0.010643000714480877,0.0003901928721461445,-11.369684219360352,0.8974572420120239,0.0025087951216846704,0.8934767842292786,0.5110331773757935,2.5147939595626667e-05,0.5174975395202637,0.007591575849801302,-5.617465972900391,0.5016214847564697,5.310872438712977e-06,0.5032747983932495,0.0016533136367797852,-4.896594524383545,0.7906656265258789,0.003540078876540065,0.7514622807502747,0.03920334577560425,-1.6857928037643433,0.8735125064849854,0.09799168258905411,0.984375,0.11086249351501465,-0.17978587746620178,0.008673791773617268,0.0,0.008673791773617268,3.9513401134172454e-05,0.0,3.9513401134172454e-05,0.0,0.0,-18.311954498291016,1785282681.5204384,29.703866958618164,2.6166255474090576,1458.3712361959606,57.094367354642685,0.0,96.48,True,1.8231210708618164
227,-0.0015942365862429142,7.862125812607701e-07,-0.0014390861615538597,0.010957587510347366,3.925504643120803e-06,0.010744637809693813,0.00026347528910264373,-11.393065452575684,0.8970761299133301,0.002540076617151499,0.8933672904968262,0.5115076303482056,2.5358871425851248e-05,0.5135535001754761,0.004235690459609032,-6.355859756469727,0.5017474293708801,5.497541224031011e-06,0.5031649470329285,0.0014175176620483398,-4.953915596008301,0.7757680416107178,0.0040819342248141766,0.7531460523605347,0.022621989250183105,-1.7689684629440308,0.8791019916534424,0.10289991647005081,0.9921875,0.11308550834655762,-0.155921071767807,0.017032906413078308,0.0,0.017032906413078308,6.156922609079629e-05,0.0,6.156922609079629e-05,0.0,0.0,-18.954710006713867,1785282681.6153202,29.79874873161316,2.7115073204040527,1464.6653414741,57.25605587419131,0.0,96.48,True,1.8231210708618164
228,-0.0015828076284378767,7.82615188654745e-07,-0.0014528179308399558,0.010942126624286175,3.888218543579569e-06,0.010714544914662838,0.0002620892191771418,-11.403759002685547,0.8980504274368286,0.0025283193681389093,0.8933205604553223,0.5113645195960999,2.5878112865029834e-05,0.5105440616607666,0.00480049941688776,-6.415849208831787,0.5016757845878601,5.58460033062147e-06,0.5032157301902771,0.0015399456024169922,-4.916491508483887,0.7786154747009277,0.004291408695280552,0.7541828751564026,0.024432599544525146,-1.7370797395706177,0.8665410280227661,0.10083942115306854,0.990234375,0.12369334697723389,-0.1523110419511795,0.0175614170730114,0.0,0.0175614170730114,6.616883911192417e-05,0.0,6.616883911192417e-05,0.0,0.0,-18.99468421936035,1785282681.7217097,29.90513825416565,2.817896842956543,1470.9994209648858,57.421354423556565,0.0,96.48,True,1.8231210708618164
229,-0.0015504334587603807,7.816659604031884e-07,-0.0014527682214975357,0.010947952046990395,4.009803888038732e-06,0.010664297267794609,0.00029999754042364657,-11.390291213989258,0.8973419666290283,0.002563419518992305,0.8933758735656738,0.5115039348602295,2.777686131594237e-05,0.5132094621658325,0.004317258019000292,-6.335554122924805,0.501806914806366,5.949463229626417e-06,0.5034086108207703,0.0016016960144042969,-4.881564140319824,0.7728604078292847,0.004649310372769833,0.7541532516479492,0.01870715618133545,-1.7289443016052246,0.8340557813644409,0.0998740941286087,0.994140625,0.16008484363555908,-0.10468663275241852,0.01764177717268467,0.0,0.01764177717268467,9.006662730826065e-05,0.0,9.006662730826065e-05,0.0,0.0,-18.899517059326172,1785282681.815804,29.999232530593872,2.9119911193847656,1477.2383332956374,57.63427738212058,0.0,96.48,True,1.8231210708618164
230,-0.0015458809211850166,7.854061436773918e-07,-0.0015845652669668198,0.010954665951430798,4.091249593329849e-06,0.011410919949412346,0.0004578910011332482,-11.367591857910156,0.8963581323623657,0.0025816340930759907,0.893434464931488,0.5117485523223877,2.8736863896483555e-05,0.5087018013000488,0.004222620278596878,-6.207286834716797,0.5019190907478333,6.164450041978853e-06,0.5035076141357422,0.0015885233879089355,-4.8747429847717285,0.7721477150917053,0.0047922153025865555,0.7519747018814087,0.02017301321029663,-1.708983302116394,0.8204139471054077,0.10020498186349869,0.9931640625,0.17275011539459229,-0.08242237567901611,0.01832258142530918,0.0,0.01832258142530918,0.00010713981464505196,0.0,0.00010713981464505196,0.0,0.0,-18.770793914794922,1785282681.922439,30.105867624282837,3.0186262130737305,1483.3485224818578,57.869464597758,0.0,96.48,True,1.8231210708618164
231,-0.0015370415057986975,7.885315085331968e-07,-0.0014816544717177749,0.010993210598826408,4.232837909512455e-06,0.0106172114610672,0.00038005667738616467,-11.356344223022461,0.8956782817840576,0.0026102240663021803,0.8935632705688477,0.5121802687644958,3.0182933187461458e-05,0.5108933448791504,0.002475771587342024,-6.312106609344482,0.5021523833274841,6.442828635044862e-06,0.503401517868042,0.0012491345405578613,-4.93624210357666,0.7666081190109253,0.0049191308207809925,0.7480058073997498,0.018602311611175537,-1.7031996250152588,0.7981678247451782,0.09957683831453323,0.9951171875,0.19694936275482178,-0.03970484435558319,0.019165243953466415,0.0,0.019165243953466415,0.0001407959352945909,0.0,0.0001407959352945909,0.0,0.0,-18.874149322509766,1785282682.0165439,30.19997239112854,3.1127309799194336,1489.562067075793,58.14736934471885,0.0,96.48,True,1.8231210708618164
232,-0.0015358806122094393,7.951421139296144e-07,-0.0014937540981918573,0.010990018025040627,4.243071543896804e-06,0.0106727983802557,0.0003200046194251627,-11.356633186340332,0.8960644006729126,0.0026308249216526747,0.89360111951828,0.5119537115097046,3.0516361221089028e-05,0.5114831328392029,0.002507827477529645,-6.326193809509277,0.5020831227302551,6.507468697236618e-06,0.5032796263694763,0.0011965036392211914,-4.942343235015869,0.7638489007949829,0.005190085154026747,0.7473335266113281,0.016515374183654785,-1.685287356376648,0.8039108514785767,0.099481500685215,0.98291015625,0.17899930477142334,-0.0739145427942276,0.018684498965740204,0.0,0.018684498965740204,0.0001307240454480052,0.0,0.0001307240454480052,0.0,0.0,-18.88875961303711,1785282682.1221676,30.305596113204956,3.2183547019958496,1495.7902219602556,58.39106439324105,0.0,96.48,True,1.8231210708618164
233,-0.001569775165989995,6.939158083696384e-07,-0.0015056438278406858,0.010897932574152946,3.6432745673664613e-06,0.010668876580893993,0.00023786441306583583,-11.503729820251465,0.8918299674987793,0.0026572593487799168,0.893611490726471,0.5120320916175842,3.171636490151286e-05,0.5114481449127197,0.0018747849389910698,-6.300718307495117,0.5017751455307007,7.262084182002582e-06,0.5033610463142395,0.0015859007835388184,-4.824317932128906,0.6558911800384521,0.006763492710888386,0.7465702295303345,0.09067904949188232,-0.9712963700294495,0.8662720918655396,0.10673738270998001,0.958984375,0.09271228313446045,-0.15948837995529175,0.02593161351978779,0.0,0.02593161351978779,8.90875598997809e-05,0.0,8.90875598997809e-05,0.0,0.0,-18.956462860107422,1785282682.229657,30.413085460662842,3.3258440494537354,1502.0860800917885,58.549185604602194,0.0,96.48,True,1.8231210708618164
234,-0.0015622221399098635,6.920262762832863e-07,-0.0015166103839874268,0.010899042710661888,3.680651389004197e-06,0.010676458477973938,0.00022720952983945608,-11.501920700073242,0.8913701772689819,0.002659686142578721,0.8936114311218262,0.5119510889053345,3.239873694838025e-05,0.5114166736602783,0.0023040873929858208,-6.290240287780762,0.5017791986465454,7.380158876912901e-06,0.5034873485565186,0.0017081499099731445,-4.791741847991943,0.6563639640808105,0.00691723357886076,0.7454853057861328,0.08912134170532227,-0.9938132762908936,0.852827787399292,0.10664121061563492,0.9970703125,0.144242525100708,-0.10265316814184189,0.026332223787903786,0.0,0.026332223787903786,9.839244739850983e-05,0.0,9.839244739850983e-05,0.0,0.0,-18.929983139038086,1785282682.3245773,30.50800585746765,3.420764446258545,1508.355458502252,58.764142027776785,0.0,96.48,True,1.8231210708618164
235,-0.0015530993696302176,6.876570637359691e-07,-0.0015037887496873736,0.010889120399951935,3.6492947401711717e-06,0.010536928661167622,0.0003556269803084433,-11.498836517333984,0.8910512924194336,0.002651394344866276,0.893598735332489,0.5118494033813477,3.249881410738453e-05,0.5113226175308228,0.002601339714601636,-6.290117263793945,0.5017338991165161,7.4098447839787696e-06,0.5034438371658325,0.0017099380493164062,-4.790114402770996,0.6497486233711243,0.0070214769802987576,0.7079024314880371,0.05815380811691284,-1.319629430770874,0.850375771522522,0.10541412979364395,0.97998046875,0.12960469722747803,-0.12631753087043762,0.026168812066316605,0.0,0.026168812066316605,9.760737884789705e-05,0.0,9.760737884789705e-05,0.0,0.0,-18.925987243652344,1785282682.421506,30.604934453964233,3.517693042755127,1514.62084101733,58.95543408822278,0.0,96.48,True,1.8231210708618164
236,-0.0015436811372637749,6.599120183636842e-07,-0.0013446691446006298,0.010850563645362854,3.466403541096952e-06,0.009304135106503963,0.0015591814881190658,-11.188945770263672,0.8891712427139282,0.0026373020373284817,0.8933460116386414,0.5115407109260559,3.131176345050335e-05,0.5113515853881836,0.004179050680249929,-6.313005447387695,0.5014321804046631,7.317136351048248e-06,0.5034438371658325,0.0020116567611694336,-4.7171807289123535,0.620168149471283,0.0069633712992072105,0.7294542193412781,0.10928606986999512,-0.7070165872573853,0.8597580194473267,0.10219695419073105,0.9853515625,0.12559354305267334,-0.14431500434875488,0.02636972814798355,0.0,0.02636972814798355,9.144532668869942e-05,0.0,9.144532668869942e-05,0.0,0.0,-18.59794044494629,1785282682.5257173,30.70914578437805,3.6219043731689453,1520.5581767337017,59.12872867519046,0.0,96.48,True,1.8231210708618164
237,-0.0015531366225332022,6.869226467642875e-07,-0.0015998600283637643,0.010905954986810684,3.8055256936786463e-06,0.01095981802791357,7.130430458346382e-05,-11.495203018188477,0.8871859312057495,0.002641690196469426,0.8923737406730652,0.5120299458503723,3.6625446227844805e-05,0.5108885765075684,0.005311882123351097,-6.21479606628418,0.5020462274551392,8.242180228990037e-06,0.5031673312187195,0.0011211037635803223,-4.857937812805176,0.6292563676834106,0.007489704992622137,0.7121719121932983,0.0829155445098877,-1.0692119598388672,0.8122677803039551,0.10387887805700302,0.9052734375,0.09300565719604492,-0.17169106006622314,0.026574596762657166,0.0,0.026574596762657166,0.00013612391194328666,0.0,0.00013612391194328666,0.0,0.0,-18.89600944519043,1785282682.609414,30.792842626571655,3.705601215362549,1526.7935814503176,59.27464720644067,0.0,96.48,True,1.8231210708618164
238,-0.0015669658314436674,6.81324365814362e-07,-0.0015484518371522427,0.010912006720900536,3.8140378819662146e-06,0.010547454468905926,0.0003650220751296729,-11.482473373413086,0.8874188661575317,0.0026523100677877665,0.8917457461357117,0.511904239654541,3.6452620406635106e-05,0.5105206966400146,0.0045426953583955765,-6.208248138427734,0.5019352436065674,8.227198122767732e-06,0.5030673146247864,0.0011320710182189941,-4.85720682144165,0.6291161775588989,0.007535972632467747,0.6827959418296814,0.05367976427078247,-1.3339109420776367,0.8034951686859131,0.10349071770906448,0.947265625,0.14377045631408691,-0.1153343990445137,0.0273736584931612,0.0,0.0273736584931612,0.00014542871213052422,0.0,0.00014542871213052422,0.0,0.0,-18.877676010131836,1785282682.7238078,30.907236337661743,3.8199949264526367,1533.0106527318749,59.47692239871259,0.0,96.48,True,1.8231210708618164
239,-0.0015590537805110216,6.57641919588059e-07,-0.0015488177305087447,0.010877709835767746,3.704557229866623e-06,0.010478625074028969,0.00039921602001413703,-11.510822296142578,0.8855252265930176,0.0026302796322852373,0.8910309672355652,0.511687695980072,3.592334905988537e-05,0.5104360580444336,0.005646218080073595,-6.221949577331543,0.501768946647644,8.194030669983476e-06,0.5030182003974915,0.0012492537498474121,-4.841883659362793,0.6042827367782593,0.007577034179121256,0.658995509147644,0.054712772369384766,-1.3248412609100342,0.7944437265396118,0.10028202086687088,0.9970703125,0.20262658596038818,-0.02623559534549713,0.02577986940741539,0.0,0.02577986940741539,0.0001470270217396319,0.0,0.0001470270217396319,0.0,0.0,-18.909324645996094,1785282682.8289545,31.012382984161377,3.9251415729522705,1539.2593726492964,59.768296394683524,0.0,96.48,True,1.8231210708618164
240,-0.0015640233177691698,6.431994279409992e-07,-0.0015786258736625314,0.01084345206618309,3.6259598346077837e-06,0.01069252286106348,0.00015163396892603487,-11.55091667175293,0.8838359117507935,0.0026244441978633404,0.8897900581359863,0.5115485191345215,3.487570575089194e-05,0.5103963613510132,0.0060645961202681065,-6.239640235900879,0.5016071796417236,8.073291610344313e-06,0.5028665661811829,0.0012593865394592285,-4.846307754516602,0.5851919651031494,0.007602354511618614,0.6271209716796875,0.041929006576538086,-1.4050853252410889,0.7950963973999023,0.09806566685438156,0.986328125,0.19123172760009766,-0.055665984749794006,0.02433856390416622,0.0,0.02433856390416622,0.0001378758461214602,0.0,0.0001378758461214602,0.0,0.0,-18.965782165527344,1785282682.9256332,31.10906171798706,4.021820306777954,1545.5645500862493,60.030240001250164,0.0,96.48,True,1.8231210708618164
241,-0.0015619976911693811,6.251730155781843e-07,-0.0010517549235373735,0.01079836580902338,3.564824282875634e-06,0.007062303833663464,0.0037707434967160225,-9.410955429077148,0.8805878162384033,0.0025974756572395563,0.8882368206977844,0.5112270712852478,3.5020213545067236e-05,0.510330080986023,0.007701419293880463,-6.2457733154296875,0.5013800859451294,8.163492566382047e-06,0.5027426481246948,0.0013625621795654297,-4.825268268585205,0.5663405656814575,0.007807278074324131,0.5991619825363159,0.0328214168548584,-1.4384210109710693,0.7755976915359497,0.09504729509353638,0.33000001311302185,0.44559767842292786,0.786766529083252,0.02292255125939846,0.0,0.02292255125939846,0.0001485964166931808,0.0,0.0001485964166931808,0.0,0.0,-16.820207595825195,1785282683.0289586,31.212387084960938,4.125145673751831,1549.7241529535,61.13461612164985,0.0,96.48,True,1.8231210708618164
242,-0.0015555860009044409,5.166403411749343e-07,-0.0021910713985562325,0.010702976956963539,3.1872725685389014e-06,0.01450137048959732,0.003851186251267791,-9.074075698852539,0.8811867237091064,0.0024849348701536655,0.886132001876831,0.5104877948760986,3.0280521968961693e-05,0.5102019309997559,0.004953533411026001,-6.357110023498535,0.5006568431854248,6.982240847719368e-06,0.5026362538337708,0.0019794106483459473,-4.736557960510254,0.5855247974395752,0.006943256128579378,0.5738257169723511,0.011699080467224121,-1.5561975240707397,0.6440997123718262,0.07045146822929382,0.3280664086341858,0.3160333037376404,0.301358699798584,0.022064832970499992,0.0,0.022064832970499992,0.0002575190446805209,0.0,0.0002575190446805209,0.0,0.0,-16.52804183959961,1785282683.1232846,31.306713104248047,4.21947169303894,1553.591590064525,61.753584412764866,0.0,96.48,True,1.8231210708618164
243,-0.001499983249232173,4.3376948610784893e-07,-0.001613308908417821,0.010657391510903835,2.7333790058037266e-06,0.010655449703335762,0.00011334229202475399,-11.877681732177734,0.8785152435302734,0.002323699649423361,0.8826351165771484,0.5096622705459595,2.9319147870410234e-05,0.5100061297416687,0.004134198185056448,-6.407386779785156,0.5000396370887756,6.377993031492224e-06,0.5024468302726746,0.0024071931838989258,-4.608126163482666,0.5821037292480469,0.0067885322496294975,0.5977182984352112,0.015614569187164307,-1.559363842010498,0.4876241385936737,0.03551232069730759,0.33000001311302185,0.15762412548065186,-0.4001859724521637,0.022943072021007538,0.0,0.022943072021007538,0.0005357128684408963,0.0,0.0005357128684408963,0.0,0.0,-19.307655334472656,1785282683.2288663,31.41229486465454,4.325053453445435,1560.2386406704231,61.671008031629135,0.0,96.48,True,1.8231210708618164
244,-0.0015032379887998104,4.104698803075735e-07,-0.0015651987632736564,0.010658742859959602,2.5856859338091454e-06,0.01027262955904007,0.000391053210478276,-11.914359092712402,0.8781241178512573,0.002262268913909793,0.8784778714179993,0.5100730061531067,2.7700942155206576e-05,0.5096355676651001,0.000562578032258898,-6.451357364654541,0.500093936920166,5.792735464638099e-06,0.5022320747375488,0.0021381378173828125,-4.715913772583008,0.609856128692627,0.006120842415839434,0.6701257228851318,0.06026959419250488,-1.3323633670806885,0.42544808983802795,0.022162647917866707,0.3296777307987213,0.09577035903930664,-0.7788110971450806,0.022208424285054207,0.0,0.022208424285054207,0.0007017506868578494,0.0,0.0007017506868578494,0.0,0.0,-19.43340301513672,1785282683.3141084,31.4975368976593,4.410295486450195,1567.0114389569853,61.20980652580049,0.0,96.48,True,1.8231210708618164
245,-0.0015281615778803825,3.9984706745599397e-07,-0.0015398258110508323,0.010671978816390038,2.522102704460849e-06,0.010114430449903011,0.0005576703697443008,-11.911625862121582,0.8780926465988159,0.0022295063827186823,0.8775332570075989,0.5104604363441467,2.5722865757416002e-05,0.5092529058456421,0.0013308067573234439,-6.470762252807617,0.5002139806747437,5.230159331404138e-06,0.5020709037780762,0.0018569231033325195,-4.831953525543213,0.6483345031738281,0.005432975012809038,0.718808650970459,0.07047414779663086,-1.2316160202026367,0.38259509205818176,0.014867939986288548,0.33000001311302185,0.05259507894515991,-1.0923084020614624,0.02282186597585678,0.0,0.02282186597585678,0.000890300958417356,0.0,0.000890300958417356,0.0,0.0,-19.504213333129883,1785282683.4190156,31.602444171905518,4.515202760696411,1573.8550475615407,60.43510771505546,0.0,96.48,True,1.8231210708618164
246,-0.0015639741905033588,3.9863320466793084e-07,-0.0016450114781036973,0.010707471519708633,2.5170263597829035e-06,0.010724899359047413,8.289011748274788e-05,-11.967653274536133,0.8786146640777588,0.0022066705860197544,0.8771103024482727,0.5107825994491577,2.436375871184282e-05,0.5088537931442261,0.0024460984859615564,-6.45460319519043,0.5003429055213928,4.818541583517799e-06,0.5020102858543396,0.0016673803329467773,-4.914095401763916,0.6907448768615723,0.004932932555675507,0.7707322835922241,0.07998740673065186,-1.088474988937378,0.35547393560409546,0.011078576557338238,0.33000001311302185,0.02547392249107361,-1.303145408630371,0.02382209524512291,0.0,0.02382209524512291,0.0010992896277457476,0.0,0.0010992896277457476,0.0,0.0,-19.5883846282959,1785282683.5132632,31.696691751480103,4.609450340270996,1580.782827461262,59.44957189774152,0.0,96.48,True,1.8231210708618164
247,-0.0016424937639385462,4.168547604876949e-07,-0.001604339457117021,0.010809678584337234,2.6697871362557635e-06,0.010406743735074997,0.00040473724948242307,-11.891990661621094,0.8814116716384888,0.0021854564547538757,0.8775851726531982,0.5113431215286255,2.433256304357201e-05,0.5086608529090881,0.004672971088439226,-6.385747909545898,0.5007167458534241,4.57771375295124e-06,0.5019059181213379,0.0011891722679138184,-5.073758602142334,0.7468628883361816,0.004401314537972212,0.7941304445266724,0.04726755619049072,-1.5401743650436401,0.3342207074165344,0.008724382147192955,0.3296777307987213,0.00454297661781311,-1.4506953954696655,0.026819411665201187,0.0,0.026819411665201187,0.00151821319013834,0.0,0.00151821319013834,0.0,0.0,-19.53746795654297,1785282683.6180925,31.801521062850952,4.714279651641846,1587.6596906892305,58.31648609358829,0.0,96.48,True,1.8231210708618164
248,-0.001684281975030899,4.528217516508448e-07,-0.00138807890471071,0.010681122541427612,2.676296162462677e-06,0.008975325152277946,0.0017313235439360142,-11.241053581237793,0.8742349147796631,0.0021408123429864645,0.8781610131263733,0.5097981691360474,2.8920037948410027e-05,0.5083160400390625,0.004196540918201208,-6.419316291809082,0.5000103116035461,5.430450073617976e-06,0.501674473285675,0.0016641616821289062,-4.887814521789551,0.8088682293891907,0.0068771629594266415,0.8068054914474487,0.0020627379417419434,-1.5705265998840332,0.3252357840538025,0.007845660671591759,0.33000001311302185,0.00476422905921936,-1.5035122632980347,0.02675497904419899,0.0,0.02675497904419899,0.001198932179249823,0.0,0.001198932179249823,0.0,0.0,-18.82041358947754,1785282683.712284,31.89571261405945,4.808471202850342,1593.8194995501335,57.13058342160669,0.0,96.48,True,1.8231210708618164
249,-0.0016849872190505266,4.5213855059955677e-07,-0.0016360166482627392,0.010690856724977493,2.6423897452332312e-06,0.010518670082092285,0.00017901495448313653,-11.880413055419922,0.8767563104629517,0.002111053327098489,0.8793993592262268,0.5096378326416016,2.8170177756692283e-05,0.5079042911529541,0.003160834312438965,-6.4260358810424805,0.49996328353881836,5.186641828913707e-06,0.5015201568603516,0.0015568733215332031,-4.93211030960083,0.8251153826713562,0.006594016216695309,0.8189842700958252,0.006131112575531006,-1.5890074968338013,0.31680792570114136,0.006940043065696955,0.33000001311302185,0.013192087411880493,-1.5537470579147339,0.02446807734668255,0.0,0.02446807734668255,0.0011477033840492368,0.0,0.0011477033840492368,0.0,0.0,-19.48729705810547,1785282683.818879,32.002307415008545,4.9150660037994385,1600.6461918796645,55.894445955008386,0.0,96.48,True,1.8231210708618164
250,-0.0017065450083464384,4.603084846621641e-07,-0.0016318631824105978,0.010733592323958874,2.6889433684118558e-06,0.010498504154384136,0.0002466654113959521,-11.854653358459473,0.8800710439682007,0.0020791073329746723,0.8809341788291931,0.5095563530921936,2.7977988793281838e-05,0.5078475475311279,0.0019144236575812101,-6.439714431762695,0.4999789297580719,5.030484771850752e-06,0.5014340281486511,0.0014550983905792236,-4.97061014175415,0.8375033140182495,0.006127896718680859,0.8311285376548767,0.006374776363372803,-1.6251976490020752,0.3061363995075226,0.006066861562430859,0.33000001311302185,0.023863613605499268,-1.586585283279419,0.022946294397115707,0.0,0.022946294397115707,0.0011742766946554184,0.0,0.0011742766946554184,0.0,0.0,-19.491729736328125,1785282683.912934,32.096362590789795,5.0091211795806885,1607.477316887418,54.6254702630454,0.0,96.48,True,1.8231210708618164
251,-0.001712172757834196,4.589474826843798e-07,-0.001677848631516099,0.01075645163655281,2.685389517864678e-06,0.01079655159264803,5.278401295072399e-05,-11.871546745300293,0.8825128078460693,0.0020604666788131,0.8826611042022705,0.509434700012207,2.697946001717355e-05,0.5075438618659973,0.0018966445932164788,-6.448487281799316,0.4999440014362335,4.791771061718464e-06,0.5013136267662048,0.0013696253299713135,-5.009627342224121,0.8399668335914612,0.005602254066616297,0.8334195017814636,0.006547331809997559,-1.669528603553772,0.30139511823654175,0.00561372609809041,0.32935547828674316,0.027960360050201416,-1.6027004718780518,0.020294878631830215,0.0,0.020294878631830215,0.001100950175896287,0.0,0.001100950175896287,0.0,0.0,-19.5351505279541,1785282684.0087008,32.192129373550415,5.104887962341309,1614.3518626867976,53.34037938248378,0.0,96.48,True,1.8231210708618164
252,-0.0017150396015495062,4.56101190593472e-07,-0.0016812421381473541,0.010772214271128178,2.670240974111948e-06,0.010755249299108982,3.781638224609196e-05,-11.877763748168945,0.8846453428268433,0.0020453149918466806,0.8843585848808289,0.5093179941177368,2.5967225155909546e-05,0.5075164437294006,0.0018242297228425741,-6.475048542022705,0.4999000132083893,4.570292276184773e-06,0.5012293457984924,0.0013293325901031494,-5.035700798034668,0.8396730422973633,0.005146229639649391,0.8377335667610168,0.0019394755363464355,-1.7154415845870972,0.29882895946502686,0.0053056469187140465,0.32935547828674316,0.03052651882171631,-1.6127347946166992,0.018108518794178963,0.0,0.018108518794178963,0.0010266579920426011,0.0,0.0010266579920426011,0.0,0.0,-19.575653076171875,1785282684.114116,32.29754447937012,5.210303068161011,1621.266911034395,52.045254179183516,0.0,96.48,True,1.8231210708618164
253,-0.0017218536231666803,4.5515093916037586e-07,-0.001658232300542295,0.010790904983878136,2.6730660920293303e-06,0.010495943948626518,0.00030174441053532064,-11.858861923217773,0.8860780000686646,0.0020329859107732773,0.8862409591674805,0.5091968178749084,2.5227896912838332e-05,0.5072529911994934,0.0019506454700604081,-6.480134963989258,0.4998672306537628,4.40945268564974e-06,0.5011352896690369,0.0012680590152740479,-5.064609050750732,0.8380404114723206,0.004745506215840578,0.8304418325424194,0.007598578929901123,-1.7502566576004028,0.2965719401836395,0.005082380957901478,0.3296777307987213,0.03310579061508179,-1.6142263412475586,0.01635325513780117,0.0,0.01635325513780117,0.0009700412047095597,0.0,0.0009700412047095597,0.0,0.0,-19.575275421142578,1785282684.2086325,32.39206099510193,5.304819583892822,1628.181581726963,50.74863742925239,0.0,96.48,True,1.8231210708618164
254,-0.0017175925895571709,4.528077965915145e-07,-0.0016585045959800482,0.010798821225762367,2.6520829123910517e-06,0.01052103191614151,0.0002840040542650968,-11.867700576782227,0.8874738216400146,0.002023907843977213,0.8875578045845032,0.5090259313583374,2.4512481104466133e-05,0.5068387389183044,0.002188804093748331,-6.474068641662598,0.499831885099411,4.2540987124084495e-06,0.5008293390274048,0.0009974539279937744,-5.147939682006836,0.8365166783332825,0.004466082900762558,0.8248406648635864,0.011676013469696045,-1.7714204788208008,0.29735544323921204,0.004977140109986067,0.33000001311302185,0.032644569873809814,-1.6254551410675049,0.014661766588687897,0.0,0.014661766588687897,0.0008807458798401058,0.0,0.0008807458798401058,0.0,0.0,-19.620925903320312,1785282684.3132882,32.49671673774719,5.409475326538086,1635.1419029017088,49.44079187950132,0.0,96.48,True,1.8231210708618164
255,-0.0017163183074444532,4.503262118760176e-07,-0.0016508657718077302,0.010809376835823059,2.634678821777925e-06,0.0104552386328578,0.0003601359494496137,-11.863587379455566,0.8882143497467041,0.0020135934464633465,0.8891885876655579,0.5088568925857544,2.3921753381728195e-05,0.5066012144088745,0.0024570762179791927,-6.479816436767578,0.4998030364513397,4.12751342082629e-06,0.5007469058036804,0.0009438693523406982,-5.172058582305908,0.8346091508865356,0.004221025854349136,0.8126281499862671,0.021981000900268555,-1.7576669454574585,0.2989869713783264,0.004876773338764906,0.33000001311302185,0.031013041734695435,-1.6440858840942383,0.013556964695453644,0.0,0.013556964695453644,0.0008002002141438425,0.0,0.0008002002141438425,0.0,0.0,-19.633468627929688,1785282684.4072492,32.5906777381897,5.503436326980591,1642.114766801064,48.114315586723514,0.0,96.48,True,1.8231210708618164
256,-0.0017094423528760672,4.4832100343228376e-07,-0.0017344633815810084,0.01081925816833973,2.607016313049826e-06,0.01091567613184452,9.961162868421525e-05,-11.897172927856445,0.8892757892608643,0.0020087973680347204,0.8903529644012451,0.5086983442306519,2.340070204809308e-05,0.5062792301177979,0.002648097462952137,-6.473274230957031,0.499805748462677,4.0094419091474265e-06,0.5006855130195618,0.0008797645568847656,-5.197970390319824,0.8330537676811218,0.00407212320715189,0.80149245262146,0.031561315059661865,-1.7105475664138794,0.3023548126220703,0.004873628728091717,0.33000001311302185,0.027645200490951538,-1.6646122932434082,0.012497670948505402,0.0,0.012497670948505402,0.0007106768316589296,0.0,0.0007106768316589296,0.0,0.0,-19.67477798461914,1785282684.525568,32.708996534347534,5.621755123138428,1649.1289400571086,46.76731288479654,0.0,96.48,True,1.8231210708618164
257,-0.0017004117835313082,4.433764217992575e-07,-0.0016928636468946934,0.010825281962752342,2.557524112489773e-06,0.010727643966674805,9.792932542040944e-05,-11.912853240966797,0.8901640176773071,0.0019981819204986095,0.8916125297546387,0.5086033344268799,2.2777468984713778e-05,0.5060561299324036,0.0029302623588591814,-6.471799373626709,0.49983686208724976,3.878832103509922e-06,0.5004949569702148,0.0006580948829650879,-5.255222320556641,0.8315778970718384,0.00392976775765419,0.7925960421562195,0.038981854915618896,-1.65730619430542,0.3082979917526245,0.0048970989882946014,0.33000001311302185,0.02170202136039734,-1.6925301551818848,0.011636902578175068,0.0,0.011636902578175068,0.0006110397516749799,0.0,0.0006110397516749799,0.0,0.0,-19.717905044555664,1785282684.6304343,32.813862800598145,5.726621389389038,1656.1862403730897,45.39239232093109,0.0,96.48,True,1.8231210708618164
258,-0.0016913830768316984,4.385921954508376e-07,-0.0016657724045217037,0.010834703221917152,2.512640548957279e-06,0.010584045201539993,0.0002519630070310086,-11.91580867767334,0.8908548355102539,0.0019883590284734964,0.8928864002227783,0.508586049079895,2.2212938347365707e-05,0.5061199069023132,0.0031951703131198883,-6.491827011108398,0.4999048411846161,3.763865606742911e-06,0.5004184246063232,0.0005135834217071533,-5.291053771972656,0.8297215700149536,0.0038065838161855936,0.7800440788269043,0.049677491188049316,-1.542417049407959,0.31483495235443115,0.0049763452261686325,0.33000001311302185,0.015165060758590698,-1.7094841003417969,0.010929207317531109,0.0,0.010929207317531109,0.0005257624434307218,0.0,0.0005257624434307218,0.0,0.0,-19.754796981811523,1785282684.7243268,32.90775537490845,5.820513963699341,1663.2804326263267,44.00051781190572,0.0,96.48,True,1.8231210708618164
259,-0.0016839036252349615,4.364829919722979e-07,-0.0016529785934835672,0.010845109820365906,2.4854216462699696e-06,0.010454868897795677,0.0003914643602911383,-11.905183792114258,0.8914906978607178,0.0019847252406179905,0.89396071434021,0.5085182189941406,2.186863639508374e-05,0.5060088634490967,0.0035210575442761183,-6.492981910705566,0.4999525845050812,3.6893011383654084e-06,0.5005463361740112,0.0005937516689300537,-5.2883195877075195,0.8272996544837952,0.003752101445570588,0.7615176439285278,0.06578201055526733,-1.297134518623352,0.320415198802948,0.0050613065250217915,0.33000001311302185,0.009584814310073853,-1.7150510549545288,0.01028458308428526,0.0,0.01028458308428526,0.00046068296069279313,0.0,0.00046068296069279313,0.0,0.0,-19.743728637695312,1785282684.818407,33.0018355846405,5.9145941734313965,1670.3635565354475,42.60307634826763,0.0,96.48,True,1.8231210708618164
260,-0.001668459502980113,4.3576167740866367e-07,-0.0017451765015721321,0.010841069743037224,2.457958999002585e-06,0.011041085235774517,0.00021422345889732242,-11.928406715393066,0.8921185731887817,0.0019834437407553196,0.894658625125885,0.5083027482032776,2.177810347347986e-05,0.5060505867004395,0.0033947157207876444,-6.5228071212768555,0.49993613362312317,3.655943828562158e-06,0.5004720687866211,0.0005359351634979248,-5.301357269287109,0.8239016532897949,0.0038152500055730343,0.7601557970046997,0.06374585628509521,-1.332897663116455,0.3237532079219818,0.005093609448522329,0.3296777307987213,0.005924522876739502,-1.7175002098083496,0.009685169905424118,0.0,0.009685169905424118,0.00041640535346232355,0.0,0.00041640535346232355,0.0,0.0,-19.797330856323242,1785282684.913221,33.096649408340454,6.009407997131348,1677.5002826631962,41.20318572977571,0.0,96.48,True,1.8231210708618164
261,-0.0016565194819122553,4.371256920876476e-07,-0.0014941359404474497,0.01083363126963377,2.44109173763718e-06,0.009409608319401741,0.0014332515420392156,-11.499661445617676,0.8927290439605713,0.0019860987085849047,0.8950305581092834,0.5080945491790771,2.1784560885862447e-05,0.5056470632553101,0.0033596360590308905,-6.501248359680176,0.4999154508113861,3.6465885386860464e-06,0.5003652572631836,0.00044980645179748535,-5.314178943634033,0.8204464912414551,0.003875985974445939,0.7394825220108032,0.08096396923065186,-1.0119266510009766,0.32535043358802795,0.0050864750519394875,0.33000001311302185,0.0046495795249938965,-1.7195215225219727,0.00942161027342081,0.0,0.00942161027342081,0.00039496473618783057,0.0,0.00039496473618783057,0.0,0.0,-19.357749938964844,1785282685.0175776,33.201006174087524,6.113764762878418,1684.1974278735865,39.80127379857017,0.0,96.48,True,1.8231210708618164
262,-0.0016380080487579107,4.3935148141827085e-07,-0.001717015984468162,0.01080783735960722,2.408318323432468e-06,0.010711747221648693,0.0001244008308276534,-11.940376281738281,0.8934139013290405,0.0019905625376850367,0.8953402638435364,0.5076540112495422,2.2190570234670304e-05,0.5056949257850647,0.0027475240640342236,-6.54230260848999,0.4997875392436981,3.699262151712901e-06,0.5002791881561279,0.0004916489124298096,-5.302079200744629,0.816195547580719,0.004135682713240385,0.716277539730072,0.09991800785064697,-0.6181044578552246,0.32200610637664795,0.004939489997923374,0.33000001311302185,0.007993906736373901,-1.7298394441604614,0.009291979484260082,0.0,0.009291979484260082,0.0003942849871236831,0.0,0.0003942849871236831,0.0,0.0,-19.825258255004883,1785282685.122779,33.30620741844177,6.218966007232666,1691.362081400017,38.389043945726144,0.0,96.48,True,1.8231210708618164
263,-0.001615453278645873,4.773148134518124e-07,-0.0017013679025694728,0.010718796402215958,2.3155869257607264e-06,0.010644285008311272,0.00011372453445801511,-11.918661117553711,0.8875309228897095,0.002104768995195627,0.8951601386070251,0.5048183798789978,2.7493522793520242e-05,0.5052880048751831,0.007643656339496374,-6.476840019226074,0.49834421277046204,4.7480343710049056e-06,0.5001754760742188,0.0018312633037567139,-4.856802463531494,0.8262715339660645,0.006949266418814659,0.6855559349060059,0.1407155990600586,-0.14094698429107666,0.30996549129486084,0.005185833666473627,0.33000001311302185,0.02003452181816101,-1.6732739210128784,0.011189616285264492,0.0,0.011189616285264492,0.0004828335950151086,0.0,0.0004828335950151086,0.0,0.0,-19.528535842895508,1785282685.2285175,33.411946058273315,6.324704647064209,1698.230012514338,37.0333796160297,0.0,96.48,True,1.8231210708618164
264,-0.0016011600382626057,4.720417905446084e-07,-0.0017034460324794054,0.010670925490558147,2.235905412817374e-06,0.010674729011952877,0.00010235668742097914,-11.939568519592285,0.8862559795379639,0.002081317827105522,0.8947144150733948,0.504364550113678,2.7480577045935206e-05,0.5053660869598389,0.008517523296177387,-6.4650774002075195,0.4981492757797241,4.791229002876207e-06,0.5000553727149963,0.0019060969352722168,-4.8262715339660645,0.8088489770889282,0.006976961158216,0.661763608455658,0.14708536863327026,-0.013236403465270996,0.30137503147125244,0.005071528721600771,0.33000001311302185,0.02862498164176941,-1.6423346996307373,0.011270291171967983,0.0,0.011270291171967983,0.0005597032140940428,0.0,0.0005597032140940428,0.0,0.0,-19.524765014648438,1785282685.3241982,33.50762677192688,6.420385360717773,1705.0941728004118,35.708654507715394,0.0,96.48,True,1.8231210708618164
265,-0.0015996124129742384,4.700491160747333e-07,-0.001703114015981555,0.010629463940858841,2.1841933630639687e-06,0.010706352069973946,0.00012893551320303231,-11.95172119140625,0.885226845741272,0.0020663125906139612,0.8935855031013489,0.5042478442192078,2.717584720812738e-05,0.5054275989532471,0.008441503159701824,-6.467194557189941,0.4980621933937073,4.805782737093978e-06,0.5000097155570984,0.0019475221633911133,-4.8092942237854,0.7860908508300781,0.006783643737435341,0.6128636598587036,0.1732271909713745,0.6340838670730591,0.2965417802333832,0.00497641833499074,0.33000001311302185,0.03345823287963867,-1.6201081275939941,0.010864106938242912,0.0,0.010864106938242912,0.000599379010964185,0.0,0.000599379010964185,0.0,0.0,-19.53012466430664,1785282685.4275258,33.61095428466797,6.523712873458862,1711.963692736144,34.40615597143783,0.0,96.48,True,1.8231210708618164
266,-0.001604331424459815,4.6804149178569787e-07,-0.0017820437205955386,0.010578903369605541,2.1322791781130945e-06,0.011186545714735985,0.0006330962642095983,-11.858318328857422,0.8831241130828857,0.0020526284351944923,0.8921920657157898,0.5041075348854065,2.691462213988416e-05,0.5053274631500244,0.009149644523859024,-6.470183372497559,0.4978856146335602,4.855127826886019e-06,0.5000085830688477,0.0021229684352874756,-4.7346510887146,0.7564958333969116,0.006725105457007885,0.5933115482330322,0.1631842851638794,0.397813081741333,0.2907475233078003,0.0049202172085642815,0.33000001311302185,0.03925248980522156,-1.581688642501831,0.010305075906217098,0.0,0.010305075906217098,0.000646800734102726,0.0,0.000646800734102726,0.0,2.0,-19.401790618896484,1785282685.5227108,33.70613932609558,6.618897914886475,1718.7048786264659,33.142076920252435,0.0,96.48,True,1.8231210708618164
267,-0.0016203082632273436,4.5861878561481717e-07,-0.0016772568924352527,0.010489780455827713,2.0362001578178024e-06,0.010477688163518906,5.8218294725520536e-05,-12.00828742980957,0.8768384456634521,0.0020428418647497892,0.8895359635353088,0.5037369132041931,2.5688754249131307e-05,0.5054138898849487,0.012807779014110565,-6.449359893798828,0.4976225197315216,4.812995939573739e-06,0.4999324381351471,0.0023099184036254883,-4.648853302001953,0.7113124132156372,0.006792240310460329,0.5056755542755127,0.2056368589401245,1.5358062982559204,0.2958316206932068,0.005017050076276064,0.33000001311302185,0.034168392419815063,-1.6121670007705688,0.008450196124613285,0.0,0.008450196124613285,0.0005886368453502655,0.0,0.0005886368453502655,0.0,1.0,-19.492202758789062,1785282685.6294625,33.81289100646973,6.72564959526062,1725.5364766566804,31.8475195107983,0.0,96.48,True,1.8231210708618164
268,-0.001562711549922824,4.7441184847230033e-07,-0.0016512073343619704,0.010295884683728218,1.977484089366044e-06,0.010335848666727543,9.710109588922933e-05,-12.00090217590332,0.8637551069259644,0.0021116638090461493,0.8857948184013367,0.5036436319351196,2.6302664991817437e-05,0.5055937767028809,0.022125819697976112,-6.327872276306152,0.49712613224983215,5.59249519938021e-06,0.49981850385665894,0.0026923716068267822,-4.480015277862549,0.6054250001907349,0.008114004507660866,0.5128504037857056,0.0925745964050293,-0.9600406289100647,0.30728697776794434,0.0061372374184429646,0.33000001311302185,0.022713035345077515,-1.5857229232788086,0.0068156542256474495,0.0,0.0068156542256474495,0.0005029888125136495,0.0,0.0005029888125136495,0.0,0.0,-19.303207397460938,1785282685.726426,33.90985441207886,6.822613000869751,1732.1790793255668,30.579406178835924,0.0,96.48,True,1.8231210708618164
269,-0.0015387667808681726,4.813372243006597e-07,-0.0016613882035017014,0.010227961465716362,1.943387815117603e-06,0.010430639609694481,0.00023688487999606878,-11.984823226928711,0.8591805696487427,0.002105405554175377,0.8790132403373718,0.5030800700187683,2.7066378606832586e-05,0.5053341388702393,0.019960353150963783,-6.315086364746094,0.49683430790901184,5.931692612648476e-06,0.499681681394577,0.0028473734855651855,-4.415253639221191,0.5722342729568481,0.0084760170429945,0.467917799949646,0.10431647300720215,-0.824394166469574,0.29807958006858826,0.006493851542472839,0.33000001311302185,0.031920433044433594,-1.5210590362548828,0.007160686422139406,0.0,0.007160686422139406,0.0005902652046643198,0.0,0.0005902652046643198,0.0,0.0,-19.244518280029297,1785282685.830941,34.01436948776245,6.927128076553345,1738.7629928770216,29.375956733897475,0.0,96.48,True,1.8231210708618164
270,-0.0015408231411129236,4.519990000062535e-07,-0.0016443626955151558,0.010094361379742622,1.7650895642873365e-06,0.01040327176451683,0.0003258006472606212,-12.051679611206055,0.8502286672592163,0.0020313384011387825,0.8703763484954834,0.5030820965766907,2.6292789698345587e-05,0.5050550699234009,0.02024405263364315,-6.3608198165893555,0.496649831533432,5.963555395283038e-06,0.49968287348747253,0.0030330419540405273,-4.324686050415039,0.5249199271202087,0.008433029986917973,0.46079427003860474,0.064125657081604,-1.2250518798828125,0.3031346797943115,0.0071480716578662395,0.3296777307987213,0.02654305100440979,-1.5022364854812622,0.006772974040359259,0.0,0.006772974040359259,0.0006061106687411666,0.0,0.0006061106687411666,0.0,0.0,-19.302677154541016,1785282685.9245315,34.10795998573303,7.020718574523926,1745.405065302988,28.191329839732646,0.0,96.48,True,1.8231210708618164
271,-0.0014586893375962973,3.5350117855159624e-07,-0.0017083394341170788,0.009815444238483906,1.3428839338303078e-06,0.010829447768628597,0.0010442836210131645,-11.879169464111328,0.8332905769348145,0.001896571833640337,0.8595104217529297,0.5037227869033813,2.433901136100758e-05,0.5062653422355652,0.026342833414673805,-6.293645858764648,0.49639618396759033,5.805781711387681e-06,0.4997313618659973,0.0033351778984069824,-4.151429653167725,0.42996251583099365,0.009332072921097279,0.45676299929618835,0.026800483465194702,-1.3797268867492676,0.3208642899990082,0.010594664141535759,0.33000001311302185,0.009135723114013672,-1.3508250713348389,0.00700578885152936,0.0,0.00700578885152936,0.0005579733988270164,0.0,0.0005579733988270164,0.0,1.0,-18.98979949951172,1785282686.0198631,34.20329165458679,7.1160502433776855,1751.7342600739253,27.15811435971424,0.0,96.48,True,1.8231210708618164
272,-0.001426000613719225,3.2037507935456233e-07,-0.0014246284263208508,0.009429195895791054,1.1481935189294745e-06,0.00897685531526804,0.0004523426468949765,-12.388565063476562,0.8029530048370361,0.001822477439418435,0.8536552786827087,0.503684401512146,2.349041278648656e-05,0.5109385251998901,0.051218580454587936,-4.8199992179870605,0.4963288903236389,5.935273748036707e-06,0.4997449815273285,0.003416091203689575,-4.115281581878662,0.3766307234764099,0.010155313648283482,0.4581378400325775,0.0815071165561676,-1.0488502979278564,0.3605371415615082,0.01369685772806406,0.33000001311302185,0.030537128448486328,-1.192314624786377,0.006940813269466162,0.0,0.006940813269466162,0.0003816755779553205,0.0,0.0003816755779553205,0.0,1.0,-18.302204132080078,1785282686.1138785,34.29730701446533,7.210065603256226,1757.3758594774308,26.283409326244296,0.0,96.48,True,1.8231210708618164
273,-0.0013723776210099459,3.098082572705607e-07,-0.0016672360943630338,0.009132944978773594,1.0457797543494962e-06,0.010455609299242496,0.0013551318552345037,-11.564409255981445,0.7784243822097778,0.0017723648343235254,0.8447319865226746,0.5037802457809448,2.325243258383125e-05,0.5134143233299255,0.06700383871793747,-3.428223133087158,0.4963657557964325,6.083358584874077e-06,0.4997926354408264,0.003426879644393921,-4.120822429656982,0.3515698313713074,0.010605670511722565,0.4546641409397125,0.10309430956840515,-0.8531715273857117,0.3840446472167969,0.01607366092503071,0.33000001311302185,0.054044634103775024,-1.0554907321929932,0.007664496544748545,0.0,0.007664496544748545,0.0003554760478436947,0.0,0.0003554760478436947,0.0,1.0,-16.367399215698242,1785282686.2184415,34.401870012283325,7.314628601074219,1761.0826539645545,25.545528185367736,0.0,96.48,True,1.8231210708618164
274,-0.0013479562476277351,3.0538404871549574e-07,-0.0016013378044590354,0.008910715579986572,9.840036909736227e-07,0.010128493420779705,0.0012438589474186301,-11.720126152038574,0.7600541114807129,0.001722385990433395,0.8360335230827332,0.5040988922119141,2.370277616137173e-05,0.5095902681350708,0.07617759704589844,-4.3571577072143555,0.4965192973613739,6.28437555860728e-06,0.4997257590293884,0.0032064616680145264,-4.251770496368408,0.34804028272628784,0.01089932955801487,0.46135374903678894,0.1133134663105011,-0.751564085483551,0.38986560702323914,0.01746879145503044,0.33000001311302185,0.059865593910217285,-1.0021514892578125,0.00874102022498846,0.0,0.00874102022498846,0.0004133253823965788,0.0,0.0004133253823965788,0.0,1.0,-17.331737518310547,1785282686.312607,34.4960355758667,7.408794164657593,1765.7537867542906,24.860986287426357,0.0,96.48,True,1.8231210708618164
275,-0.0013320597354322672,3.056385367017356e-07,-0.0010274499654769897,0.008749382570385933,9.486565772931499e-07,0.006516091991215944,0.0022539685014635324,-9.816108703613281,0.7467430830001831,0.001684389659203589,0.8255875110626221,0.5043202042579651,2.4346762074856088e-05,0.513173520565033,0.07933992892503738,-3.211859941482544,0.4966476261615753,6.480557658505859e-06,0.49960407614707947,0.0029564499855041504,-4.380042552947998,0.35892733931541443,0.011207610368728638,0.37854471802711487,0.01961737871170044,-1.3094738721847534,0.39120665192604065,0.018295541405677795,0.33000001311302185,0.0612066388130188,-0.9792287349700928,0.010151012800633907,0.0,0.010151012800633907,0.0004942872328683734,0.0,0.0004942872328683734,0.0,1.0,-14.575618743896484,1785282686.4167418,34.600170373916626,7.5129289627075195,1767.6688007696125,24.199367143772697,0.0,96.48,True,1.8231210708618164
276,-0.0012968673836439848,3.1472887940253713e-07,-0.0018699215725064278,0.008594030514359474,9.362242963106837e-07,0.011831558309495449,0.0032878529746085405,-6.469104290008545,0.7335231304168701,0.0016741184517741203,0.8145696520805359,0.50440913438797,2.5896966690197587e-05,0.5131866335868835,0.0815204456448555,-3.18973970413208,0.4966184198856354,6.900538664922351e-06,0.49960407614707947,0.002985656261444092,-4.377114772796631,0.3548559844493866,0.01164853386580944,0.26190894842147827,0.09294703602790833,-0.9365231990814209,0.3947546184062958,0.01881411112844944,0.33000001311302185,0.06475460529327393,-0.9561989903450012,0.01087005715817213,0.0,0.01087005715817213,0.0005121509893797338,0.0,0.0005121509893797338,0.0,1.0,-11.209453582763672,1785282686.5206974,34.70412588119507,7.616884469985962,1766.2176496238017,23.56077774474413,0.0,96.48,True,1.8231210708618164
277,-0.0012458667624741793,3.232885603665636e-07,-0.0015173573046922684,0.008411573246121407,9.234433946403442e-07,0.009620476514101028,0.0012390133924782276,-11.676761627197266,0.7195414304733276,0.0016729385824874043,0.7948088645935059,0.5046260356903076,2.7472013243823312e-05,0.5104237794876099,0.07549040019512177,-4.304913520812988,0.496612012386322,7.391026429104386e-06,0.4997270107269287,0.0031149983406066895,-4.332264423370361,0.34688428044319153,0.011963971890509129,0.4583885967731476,0.11150431632995605,-0.7743787169456482,0.40896177291870117,0.019344963133335114,0.33000001311302185,0.07896175980567932,-0.8925710916519165,0.011111052706837654,0.0,0.011111052706837654,0.00044830748811364174,0.0,0.00044830748811364174,1.0,2.0,-17.28682518005371,1785282686.615176,34.7986044883728,7.711363077163696,1770.8438700752808,22.985816244408646,0.0,96.48,True,1.8231210708618164
278,-0.001216536620631814,3.338977876410354e-07,-0.0014987052418291569,0.00832575373351574,1.0099927294504596e-06,0.00946533028036356,0.0011739905457943678,-11.759001731872559,0.7101341485977173,0.0017896151402965188,0.7859250903129578,0.506066620349884,3.459076106082648e-05,0.5105637311935425,0.07592424750328064,-4.563741207122803,0.49625954031944275,9.712543942441698e-06,0.49977126717567444,0.0035117268562316895,-4.217247009277344,0.34314799308776855,0.014847624115645885,0.45444023609161377,0.11129224300384521,-0.7689167261123657,0.35198038816452026,0.02216702699661255,0.33000001311302185,0.021980375051498413,-0.9747384786605835,0.007063812110573053,0.0,0.007063812110573053,0.0005723349167965353,0.0,0.0005723349167965353,1.0,2.0,-17.518619537353516,1785282686.719978,34.903406620025635,7.816165208816528,1775.7018848840598,22.328687357064496,0.0,96.48,True,1.8231210708618164
279,-0.0012067861389368773,3.6137689107818005e-07,-0.001524602179415524,0.008236737921833992,1.1244547977184993e-06,0.009585981257259846,0.0013861691113561392,-11.47866439819336,0.6988488435745239,0.0018748363945633173,0.7799491882324219,0.5075751543045044,4.3602256482699886e-05,0.5107316970825195,0.0811617523431778,-4.453592300415039,0.4968396723270416,1.2413290278345812e-05,0.499618798494339,0.0027791261672973633,-4.418333053588867,0.34472203254699707,0.01696784421801567,0.42969390749931335,0.08497187495231628,-0.9065172076225281,0.35024645924568176,0.022465279325842857,0.33000001311302185,0.020246446132659912,-0.9698302149772644,0.00570244574919343,0.0,0.00570244574919343,0.0004779538430739194,0.0,0.0004779538430739194,1.0,2.0,-17.25070571899414,1785282686.824296,35.00772452354431,7.920483112335205,1780.2919858744795,21.676466733403664,0.0,96.48,True,1.8231210708618164
280,-0.0012239816132932901,3.8177549299689417e-07,-0.0014777000760659575,0.008198698051273823,1.206328875014151e-06,0.00924917496740818,0.0010806825011968613,-11.823616027832031,0.6928890347480774,0.0019185316050425172,0.7724130153656006,0.5089915990829468,4.7755762352608144e-05,0.5057515501976013,0.07958995550870895,-4.506860733032227,0.49765387177467346,1.3876066077500582e-05,0.499453604221344,0.0017997324466705322,-4.557020664215088,0.34442847967147827,0.017583204433321953,0.48357969522476196,0.1391512155532837,-0.5508546233177185,0.3553438186645508,0.021134499460458755,0.33000001311302185,0.02534380555152893,-0.9942899942398071,0.004947781562805176,0.0,0.004947781562805176,0.00038730737287551165,0.0,0.00038730737287551165,1.0,2.0,-17.70761489868164,1785282686.9184268,35.10185527801514,8.01461386680603,1785.3389960445866,20.99978633048029,0.0,96.48,True,1.8231210708618164
281,-0.0012354017235338688,3.8585739048357937e-07,-0.0009596481686457992,0.008173029869794846,1.2335185601841658e-06,0.006035591941326857,0.0021551521494984627,-10.398433685302734,0.6907422542572021,0.0019316256511956453,0.7652241587638855,0.5094330310821533,4.8605310439597815e-05,0.5027558207511902,0.07478060573339462,-4.358083248138428,0.49799126386642456,1.4290621038526297e-05,0.4994414150714874,0.0014501512050628662,-4.585437297821045,0.3469187319278717,0.017722541466355324,0.45778462290763855,0.11086589097976685,-0.7507517337799072,0.35448530316352844,0.020094910636544228,0.33000001311302185,0.024485290050506592,-1.019788384437561,0.004545686766505241,0.0,0.004545686766505241,0.00033446794259361923,0.0,0.00033446794259361923,1.0,1.0,-16.1776180267334,1785282687.0239244,35.20735287666321,8.120111465454102,1788.8560093427454,20.297607537359163,0.0,96.48,True,1.8231210708618164
282,-0.0012372713536024094,3.712717102644092e-07,-0.0018353592604398727,0.008030408062040806,1.1780432487284997e-06,0.011461381800472736,0.003482712898403406,-6.913138389587402,0.6814495921134949,0.0019054448930546641,0.7601829171180725,0.5099352598190308,4.9957772716879845e-05,0.5062267780303955,0.0788206160068512,-4.4815263748168945,0.49843016266822815,1.4867778190819081e-05,0.49940747022628784,0.0009773075580596924,-4.607097625732422,0.33736884593963623,0.018085571005940437,0.42261412739753723,0.085245281457901,-0.8864826560020447,0.35171031951904297,0.019525548443198204,0.33000001311302185,0.021710306406021118,-1.0370075702667236,0.004844889976084232,0.0,0.004844889976084232,0.0003145140944980085,0.0,0.0003145140944980085,1.0,1.0,-12.801908493041992,1785282687.1285808,35.31200933456421,8.224767923355103,1788.997313107213,19.578209558408872,0.0,96.48,True,1.8231210708618164
283,-0.0011757768224924803,3.3510625030430674e-07,-0.001433402649126947,0.007744724862277508,9.811108157009585e-07,0.008996928110718727,0.0012784303398802876,-11.635690689086914,0.6608802080154419,0.0018803552957251668,0.7518925666809082,0.5114688277244568,4.4945987610844895e-05,0.5034867525100708,0.09136171638965607,-3.3939402103424072,0.4979705512523651,1.3906382264394779e-05,0.49928757548332214,0.0013170242309570312,-4.61027717590332,0.3228607773780823,0.018804457038640976,0.46418648958206177,0.1413257122039795,-0.5368224382400513,0.33607614040374756,0.017704859375953674,0.33000001311302185,0.006076127290725708,-1.09697687625885,0.006093165837228298,0.0,0.006093165837228298,0.00036614370765164495,0.0,0.00036614370765164495,1.0,1.0,-16.655982971191406,1785282687.223847,35.407275438308716,8.32003402709961,1792.9926913498298,18.798842273466455,0.0,96.48,True,1.8231210708618164
284,-0.0011776657775044441,3.2836692298587877e-07,-0.0014108119066804647,0.007688199169933796,9.666972573540988e-07,0.008895112201571465,0.00122922589071095,-11.715200424194336,0.6572613716125488,0.0018494194373488426,0.7447898387908936,0.5120643377304077,4.467950566322543e-05,0.5013871192932129,0.08817730098962784,-2.9695229530334473,0.49832895398139954,1.3984498764330056e-05,0.49923843145370483,0.0009094774723052979,-4.640267848968506,0.3179389238357544,0.018278073519468307,0.4170422852039337,0.09910336136817932,-0.8134198188781738,0.34145981073379517,0.01647709682583809,0.33000001311302185,0.011459797620773315,-1.129968285560608,0.005903827026486397,0.0,0.005903827026486397,0.00029306559008546174,0.0,0.00029306559008546174,1.0,1.0,-16.410951614379883,1785282687.3294215,35.51285004615784,8.42560863494873,1796.7430382356351,17.98648357922228,0.0,96.48,True,1.8231210708618164
285,-0.0011762480717152357,3.216728146071546e-07,-0.0013950668508186936,0.007621639873832464,9.475114666201989e-07,0.008783195167779922,0.0011819866485893726,-11.785299301147461,0.6527688503265381,0.0018210767302662134,0.7368561625480652,0.5124595165252686,4.410364635987207e-05,0.5034136772155762,0.08457247167825699,-3.4617562294006348,0.49850666522979736,1.3858940292266198e-05,0.4993610382080078,0.0008543729782104492,-4.648015975952148,0.30727720260620117,0.017393099144101143,0.4119604825973511,0.1046832799911499,-0.7918756008148193,0.34323152899742126,0.01512584276497364,0.33000001311302185,0.013231515884399414,-1.1709494590759277,0.005753911565989256,0.0,0.005753911565989256,0.0002523377479519695,0.0,0.0002523377479519695,1.0,1.0,-16.878711700439453,1785282687.4237657,35.60719418525696,8.519952774047852,1800.9611452075,17.133143711462786,0.0,96.48,True,1.8231210708618164
286,-0.0011780820786952972,3.1632498576072976e-07,-0.0014192673843353987,0.007551785092800856,9.336688435723772e-07,0.008961692452430725,0.001430387725122273,-11.430964469909668,0.6485162973403931,0.0017980781849473715,0.7289665341377258,0.5126825571060181,4.329958392190747e-05,0.5047539472579956,0.08083998411893845,-3.820652961730957,0.498622328042984,1.367591721646022e-05,0.4993610382080078,0.0007387101650238037,-4.661047458648682,0.29896947741508484,0.016398189589381218,0.44319725036621094,0.1442277729511261,-0.5020869374275208,0.3404914438724518,0.013733016327023506,0.3296777307987213,0.010813713073730469,-1.2207802534103394,0.005579665768891573,0.0,0.005579665768891573,0.00022650347091257572,0.0,0.00022650347091257572,1.0,1.0,-16.818010330200195,1785282687.5285356,35.71196413040161,8.624722719192505,1805.1185508091257,16.22997304936888,0.0,96.48,True,1.8231210708618164
287,-0.0011943357530981302,3.0826484476165206e-07,-0.001357023837044835,0.007511554751545191,9.184853979604668e-07,0.008586441166698933,0.0010871284175664186,-11.936656951904297,0.646602988243103,0.0017685717903077602,0.7197024822235107,0.5126668214797974,4.1394530853722245e-05,0.504858672618866,0.07351532578468323,-4.129986763000488,0.49870580434799194,1.3108569874020759e-05,0.4995797276496887,0.0008739233016967773,-4.6730523109436035,0.29635512828826904,0.015079399570822716,0.43465831875801086,0.13830319046974182,-0.5440390110015869,0.33521363139152527,0.012029054574668407,0.33000001311302185,0.005213618278503418,-1.2901467084884644,0.005364519543945789,0.0,0.005364519543945789,0.00020508999295998365,0.0,0.00020508999295998365,1.0,1.0,-17.577173233032227,1785282687.6329741,35.81640267372131,8.729161262512207,1810.0351193135834,15.257435932196847,0.0,96.48,True,1.8231210708618164
288,-0.001114922109991312,2.829332572673593e-07,-0.001356551074422896,0.0074989162385463715,8.397769306611735e-07,0.008541315793991089,0.0010700380662456155,-11.94608211517334,0.6553863286972046,0.0016813172260299325,0.7127593159675598,0.5105478763580322,3.208790076314472e-05,0.5048775672912598,0.057652514427900314,-5.049829483032227,0.4983280599117279,9.956463145499583e-06,0.4996894598007202,0.0013613998889923096,-4.74662971496582,0.2945311665534973,0.009252062067389488,0.4444461166858673,0.14991495013237,-0.20794939994812012,0.330291748046875,0.008281907998025417,0.3296777307987213,0.0006140172481536865,-1.4778797626495361,0.005366611294448376,0.0,0.005366611294448376,0.0002177272253902629,0.0,0.0002177272253902629,1.0,1.0,-18.35926055908203,1785282687.7167265,35.90015506744385,8.812913656234741,1815.733775144091,14.097165760863742,0.0,96.48,True,1.8231210708618164
289,-0.0011143798474222422,2.731726453930605e-07,-0.0013412463013082743,0.007498893421143293,8.13998894955148e-07,0.008487720973789692,0.0010145187843590975,-12.034549713134766,0.6578490734100342,0.0016271413769572973,0.705325186252594,0.5106430649757385,3.0431065169977956e-05,0.5055058002471924,0.04775324836373329,-5.446363925933838,0.4983179569244385,9.362077435071114e-06,0.4997923970222473,0.0014744400978088379,-4.754377841949463,0.30052444338798523,0.008098497986793518,0.45556768774986267,0.15504324436187744,-0.004972338676452637,0.3231406509876251,0.006986840628087521,0.33000001311302185,0.0068593621253967285,-1.5595579147338867,0.005626016762107611,0.0,0.005626016762107611,0.0002325116511201486,0.0,0.0002325116511201486,1.0,1.0,-18.768831253051758,1785282687.8224134,36.005841970443726,8.91860055923462,1821.8420016685682,12.855217437446287,0.0,96.48,True,1.8231210708618164
290,-0.0011216267012059689,2.6222997462355124e-07,-0.0012999949976801872,0.00752611318603158,7.881885721872095e-07,0.008227483369410038,0.0007236956735141575,-12.3931884765625,0.6625765562057495,0.001563643803820014,0.6980268359184265,0.5107367038726807,2.8810380172217265e-05,0.5056411027908325,0.03581462800502777,-5.767399787902832,0.4982856810092926,8.757151590543799e-06,0.49982330203056335,0.001537621021270752,-4.768889904022217,0.31152623891830444,0.007049879524856806,0.46185922622680664,0.1503329873085022,0.04443085193634033,0.3160804212093353,0.0059297652915120125,0.33000001311302185,0.013919591903686523,-1.6286091804504395,0.00603955052793026,0.0,0.00603955052793026,0.0002541723661124706,0.0,0.0002541723661124706,1.0,1.0,-19.39155387878418,1785282687.9172091,36.100637674331665,9.013396263122559,1828.5729508187778,11.544217848312279,0.0,96.48,True,1.8231210708618164
291,-0.0011262965854257345,2.496998376955162e-07,-0.0013573078904300928,0.007567270193248987,7.573274842798128e-07,0.008605501614511013,0.0010636214865371585,-11.991837501525879,0.6688089370727539,0.0014851761516183615,0.6933568120002747,0.5107693076133728,2.702533129195217e-05,0.5056041479110718,0.025085395202040672,-5.981141090393066,0.4982590079307556,8.051642907958012e-06,0.5001494288444519,0.001890420913696289,-4.7239556312561035,0.32658272981643677,0.0060141608119010925,0.4665656089782715,0.13998287916183472,-0.008791685104370117,0.309992253780365,0.0050894105806946754,0.33000001311302185,0.02000775933265686,-1.682030439376831,0.006688506342470646,0.0,0.006688506342470646,0.0002923289139289409,0.0,0.0002923289139289409,1.0,1.0,-19.138729095458984,1785282688.0215347,36.20496320724487,9.117721796035767,1835.0510751856623,10.17979700025188,0.0,96.48,True,1.8231210708618164
292,-0.0011419160291552544,2.3853172592680494e-07,-0.0013080377830192447,0.007626915816217661,7.325980391215126e-07,0.008243856951594353,0.0006389153422787786,-12.532220840454102,0.6757586002349854,0.0014037657529115677,0.6879158020019531,0.5108558535575867,2.5188799554598518e-05,0.5057036876678467,0.01320387702435255,-6.161416530609131,0.49839234352111816,7.392624411295401e-06,0.500241219997406,0.0018488764762878418,-4.757375717163086,0.3458331525325775,0.005104690324515104,0.44353923201560974,0.09770607948303223,-0.7847899794578552,0.3059360682964325,0.0045422837138175964,0.3296777307987213,0.02374166250228882,-1.7161774635314941,0.00791530404239893,0.0,0.00791530404239893,0.0003585636441130191,0.0,0.0003585636441130191,1.0,1.0,-19.840042114257812,1785282688.1161513,36.29957985877991,9.2123384475708,1842.2305125713456,8.781229128036816,0.0,96.48,True,1.8231210708618164
293,-0.001014210982248187,2.0267201250590006e-07,-0.0012973113916814327,0.007362111937254667,6.03077637606475e-07,0.008151347748935223,0.0008384741959162056,-12.314420700073242,0.6599981188774109,0.0011902194237336516,0.6824047565460205,0.5129042863845825,2.8837528589065187e-05,0.5062524080276489,0.023373166099190712,-5.777752876281738,0.49941277503967285,8.736596100789029e-06,0.5004385709762573,0.0010257959365844727,-4.84483528137207,0.3596447706222534,0.004150073509663343,0.44194576144218445,0.08230099081993103,-1.0073118209838867,0.29504871368408203,0.003994297701865435,0.3290331959724426,0.033984482288360596,-1.6979310512542725,0.012192197144031525,0.0,0.012192197144031525,0.0004709031491074711,0.0,0.0004709031491074711,1.0,2.0,-19.359039306640625,1785282688.2121103,36.39553880691528,9.308297395706177,1848.9289471494117,7.400907668098975,0.0,96.48,True,1.8231210708618164
294,-0.0009895868133753538,2.0832149516536447e-07,-0.0012761601246893406,0.007337816525250673,6.131364216344082e-07,0.008006419986486435,0.0007274303352460265,-12.444900512695312,0.6580915451049805,0.0011802171356976032,0.6740598678588867,0.5129482746124268,2.949360350612551e-05,0.5114127993583679,0.01604197546839714,-6.60082483291626,0.49933043122291565,8.865908057487104e-06,0.5005871057510376,0.0012566745281219482,-4.808647632598877,0.3638201951980591,0.003995866049081087,0.43406230211257935,0.07024210691452026,-1.2249265909194946,0.293720006942749,0.0038801811169832945,0.32774412631988525,0.03402411937713623,-1.7078248262405396,0.013663961552083492,0.0,0.013663961552083492,0.0005401984672062099,0.0,0.0005401984672062099,1.0,2.0,-20.129884719848633,1785282688.3269315,36.5103600025177,9.423118591308594,1856.3982271406858,6.010692433174867,0.0,96.48,True,1.8231210708618164
295,-0.000998142408207059,2.1502827962649462e-07,-0.001282840152271092,0.007309387903660536,6.262434339987522e-07,0.007780653424561024,0.0005505851586349308,-12.614343643188477,0.6565214395523071,0.0011578252306208014,0.6686784625053406,0.5131537318229675,2.942170794995036e-05,0.5111469626426697,0.012321539223194122,-6.627356052398682,0.49969109892845154,8.76468766364269e-06,0.4991045892238617,0.0005865097045898438,-4.8838276863098145,0.3711838126182556,0.0037471135146915913,0.4460214078426361,0.0748375952243805,-1.1271156072616577,0.29325979948043823,0.0038128558080643415,0.33000001311302185,0.03674021363258362,-1.6887378692626953,0.015573929995298386,0.0,0.015573929995298386,0.0006405403837561607,0.0,0.0006405403837561607,1.0,2.0,-20.358142852783203,1785282688.4211714,36.604599952697754,9.517358541488647,1864.0957652648945,5.81000774251298,0.0,96.48,True,1.8231210708618164
296,-0.0010243121068924665,2.2925803477846785e-07,-0.0013995417393743992,0.007311870809644461,6.615056236114469e-07,0.008229563012719154,0.0009914414258673787,-11.977087020874023,0.6556686162948608,0.001141487737186253,0.6620743274688721,0.5135236382484436,3.0548118957085535e-05,0.5064662098884583,0.009531024843454361,-5.914737701416016,0.5003856420516968,9.049077561940067e-06,0.4961089491844177,0.004276692867279053,-3.8768792152404785,0.3839091360569,0.003584827296435833,0.45981109142303467,0.07590195536613464,-1.093043565750122,0.2951107323169708,0.003865717211738229,0.32838866114616394,0.033277928829193115,-1.7156295776367188,0.01963115856051445,0.0,0.01963115856051445,0.0008072928176261485,0.0,0.0008072928176261485,1.0,2.0,-18.64731788635254,1785282688.527007,36.71043562889099,9.623194217681885,1870.0824784226725,6.208027728833267,0.0,96.48,True,1.8231210708618164
297,-0.0010416381992399693,2.4760390715528047e-07,-0.0013024944346398115,0.007329435553401709,7.040799232527206e-07,0.007739386521279812,0.00048590716323815286,-12.594271659851074,0.6549420952796936,0.00112488295417279,0.6555631756782532,0.51399165391922,3.26900408254005e-05,0.49443382024765015,0.019567692652344704,-0.8706681728363037,0.5012344121932983,9.60140005190624e-06,0.4875296950340271,0.01370471715927124,4.9229655265808105,0.39918431639671326,0.00347523158416152,0.4375661313533783,0.03838181495666504,-1.7001566886901855,0.29756781458854675,0.0039766025729477406,0.1651611328125,0.13240668177604675,0.3596097230911255,0.0270244050770998,0.0,0.0270244050770998,0.0010995655320584774,0.0,0.0010995655320584774,1.0,1.0,-10.829322814941406,1785282688.6222832,36.80571174621582,9.718470335006714,1868.2511965090393,4.53080841442571,0.0,96.48,True,1.8231210708618164
298,-0.0010859936010092497,2.5564028760527435e-07,-0.0013059851480647922,0.007339933421462774,7.248616498145566e-07,0.007617830764502287,0.0003544336650520563,-12.672585487365723,0.6536266207695007,0.0011011483147740364,0.6510293483734131,0.5148681402206421,3.4402244637021795e-05,0.49062448740005493,0.02438238076865673,1.8389339447021484,0.5023314952850342,1.0041971108876169e-05,0.48647141456604004,0.01586008071899414,7.689111709594727,0.40998512506484985,0.0033390680328011513,0.4451935887336731,0.03520846366882324,-1.7464672327041626,0.28870636224746704,0.003988189157098532,0.2848828136920929,0.0038235485553741455,-1.841437578201294,0.03456934913992882,0.0,0.03456934913992882,0.001484012813307345,0.0,0.001484012813307345,1.0,1.0,-7.356882095336914,1785282688.727251,36.91067957878113,9.823438167572021,1862.9474738758017,5.054636401310573,0.0,96.48,True,1.8231210708618164
299,-0.00110125751234591,2.7515025635693746e-07,-0.001322487136349082,0.007314999122172594,7.724103170403396e-07,0.007676888722926378,0.00042415401549078524,-12.57825756072998,0.6475943326950073,0.0010780529119074345,0.6446224451065063,0.5160672068595886,4.013261423096992e-05,0.4891284108161926,0.027102230116724968,2.4052722454071045,0.503746509552002,1.1953155990340747e-05,0.48766347765922546,0.01608303189277649,6.071580410003662,0.415465772151947,0.003262618323788047,0.4411092698574066,0.025643497705459595,-1.842897891998291,0.2912633419036865,0.004191813990473747,0.22703613340854645,0.06422720849514008,-1.3263258934020996,0.044074930250644684,0.0,0.044074930250644684,0.0017057061195373535,0.0,0.0017057061195373535,1.0,1.0,-7.61824893951416,1785282688.8317187,37.01514720916748,9.927905797958374,1857.9051180867414,5.063352703396241,0.0,96.48,True,1.8231210708618164
300,-0.001113938633352518,2.9512685273402894e-07,-0.0012891581282019615,0.007266735192388296,8.174443451025581e-07,0.007634172681719065,0.00040707760490477085,-12.553998947143555,0.6404895782470703,0.0010435298318043351,0.6386625170707703,0.5178742408752441,4.784399425261654e-05,0.4857158958911896,0.032210204750299454,4.240736961364746,0.5054999589920044,1.4563365766662173e-05,0.4862666726112366,0.019233286380767822,8.050775527954102,0.4202248752117157,0.0031707442831248045,0.44471800327301025,0.024493128061294556,-1.8633545637130737,0.2916363775730133,0.00436080526560545,0.3206543028354645,0.029017925262451172,-1.7020643949508667,0.0599018819630146,0.0,0.0599018819630146,0.0020673717372119427,0.0,0.0020673717372119427,1.0,1.0,-5.136021614074707,1785282688.9153655,37.09879398345947,10.011552572250366,1850.3805349722415,5.447807507030676,0.0,96.48,True,1.8231210708618164
301,-0.0011285485234111547,3.291561085916328e-07,-0.0013560050865635276,0.007189049851149321,8.917282912079827e-07,0.007835753262043,0.0006855375831946731,-12.277449607849121,0.6296309232711792,0.0010223095305263996,0.6325675249099731,0.5199229121208191,5.8918249123962596e-05,0.48292282223701477,0.03711644187569618,5.14741849899292,0.5078010559082031,1.8407668903819285e-05,0.4849403202533722,0.022860735654830933,9.663097381591797,0.42355531454086304,0.003091332269832492,0.44843170046806335,0.024876385927200317,-1.8705462217330933,0.2992962598800659,0.004702258855104446,0.31034180521965027,0.01104554533958435,-1.7479445934295654,0.0839027538895607,0.0,0.0839027538895607,0.002450707368552685,0.0,0.002450707368552685,1.0,1.0,-3.3279666900634766,1785282689.0200326,37.20346117019653,10.116219758987427,1841.0478969337305,5.87814250914381,0.0,96.48,True,1.8231210708618164
302,-0.0011504744179546833,3.454684645021189e-07,-0.0011669426457956433,0.007146329153329134,9.215272029905464e-07,0.0074330042116343975,0.0002871476754080504,-12.504939079284668,0.6231228113174438,0.0010016390588134527,0.6263083815574646,0.520825982093811,6.56227784929797e-05,0.48215317726135254,0.03880378231406212,4.969414710998535,0.5091087818145752,2.070179834845476e-05,0.48414281010627747,0.02496597170829773,10.580534934997559,0.4255654513835907,0.00304535124450922,0.4353879988193512,0.009822547435760498,-1.9622900485992432,0.3023569583892822,0.004946936387568712,0.32307130098342896,0.02071434259414673,-1.6921861171722412,0.10673559457063675,0.0,0.10673559457063675,0.0029032693710178137,0.0,0.0029032693710178137,1.0,1.0,-3.239140033721924,1785282689.1141605,37.29758906364441,10.210347652435303,1831.626432238878,6.25271903499962,0.0,96.48,True,1.8231210708618164
303,-0.001162431901320815,3.5696311329047603e-07,-0.0011539028491824865,0.007065418642014265,9.284556767852337e-07,0.00725477933883667,0.0001895526802400127,-12.510398864746094,0.614445149898529,0.0009748142911121249,0.6217419505119324,0.5213214755058289,7.263363659149036e-05,0.4820021390914917,0.03999066725373268,4.276036262512207,0.5103039741516113,2.2990241632214747e-05,0.48455435037612915,0.025749623775482178,9.998817443847656,0.4242168664932251,0.0030347334686666727,0.43408703804016113,0.009870171546936035,-1.9638264179229736,0.30555111169815063,0.0051855770871043205,0.3258105516433716,0.020259439945220947,-1.672423005104065,0.1314769834280014,0.0,0.1314769834280014,0.0033918374683707952,0.0,0.0033918374683707952,1.0,1.0,-4.090161323547363,1785282689.2211833,37.40461182594299,10.317370414733887,1823.0559888338507,6.6075324487872535,0.0,96.48,True,1.8231210708618164
304,-0.0011715248692780733,3.657005720469897e-07,-0.0011015716008841991,0.006967563647776842,9.23273603348207e-07,0.007090756203979254,0.00014166814798954874,-12.505609512329102,0.6047030687332153,0.0009451296646147966,0.6145694851875305,0.5212969779968262,8.087958849500865e-05,0.483691930770874,0.038877829909324646,2.4382596015930176,0.5114381313323975,2.573677193140611e-05,0.4860229790210724,0.025415152311325073,8.183919906616211,0.4226004481315613,0.003080530557781458,0.4336857199668884,0.011085271835327148,-1.95244300365448,0.30927717685699463,0.005530869122594595,0.32548826932907104,0.016211092472076416,-1.6560089588165283,0.16074852645397186,0.0,0.16074852645397186,0.003965774085372686,0.0,0.003965774085372686,1.0,1.0,-6.463042259216309,1785282689.3256826,37.509111166000366,10.42186975479126,1816.8584263644925,6.9459318162873505,0.0,96.48,True,1.8231210708618164
305,-0.0011732254642993212,3.7172952715991414e-07,-0.001198134501464665,0.006843431852757931,9.004804724099813e-07,0.007491967175155878,0.0006490134983323514,-12.29046630859375,0.592850923538208,0.0009115016437135637,0.6086225509643555,0.5206805467605591,9.110820246860385e-05,0.48448485136032104,0.03948256000876427,1.012342929840088,0.5125483274459839,2.921635859820526e-05,0.48645341396331787,0.026094913482666016,7.3520283699035645,0.4186493158340454,0.0032238615676760674,0.3671818971633911,0.0514674186706543,-1.5388227701187134,0.3130606412887573,0.006073073949664831,0.0,0.3130606412887573,6.43596887588501,0.19351281225681305,0.0,0.19351281225681305,0.004692134913057089,0.0,0.004692134913057089,1.0,1.0,-7.804577827453613,1785282689.4199321,37.603360652923584,10.516119241714478,1812.0023994633716,6.753578467201441,0.0,96.48,True,1.8231210708618164
306,-0.0011767540127038956,3.5956401234216173e-07,-0.0008574320818297565,0.006699437275528908,8.338237762473e-07,0.00617050938308239,0.0006178439944051206,-12.270380020141602,0.5802404880523682,0.0008592719095759094,0.6031721830368042,0.519817590713501,0.00010206426668446511,0.48491430282592773,0.041762448847293854,-0.012794017791748047,0.5131902098655701,3.287077561253682e-05,0.48645341396331787,0.026736795902252197,6.631210803985596,0.41323477029800415,0.003502038773149252,0.43117061257362366,0.017935842275619507,-1.8623368740081787,0.29185038805007935,0.0062956479378044605,0.3117919862270355,0.019941598176956177,-1.5834271907806396,0.23137924075126648,0.0,0.23137924075126648,0.006982176564633846,0.0,0.006982176564633846,1.0,1.0,-8.965009689331055,1785282689.5245497,37.70797824859619,10.620736837387085,1808.3068044241281,5.487760867737233,0.0,96.48,True,1.8231210708618164
307,-0.0011331778950989246,3.8656204992548737e-07,-0.0009036955889314413,0.006589079275727272,8.544660090592515e-07,0.007138420362025499,0.0005953467334620655,-12.286800384521484,0.5675336122512817,0.000861725362483412,0.5940024852752686,0.516800582408905,0.00011948030441999435,0.4864324927330017,0.04028426483273506,-1.9407775402069092,0.5109113454818726,3.9327518607024103e-05,0.48780831694602966,0.023103028535842896,2.6331052780151367,0.4111871123313904,0.003876707050949335,0.4339032471179962,0.022716134786605835,-1.7908917665481567,0.29576748609542847,0.00705750472843647,0.0,0.29576748609542847,4.639651775360107,0.26194632053375244,0.0,0.26194632053375244,0.008304963819682598,0.0,0.008304963819682598,1.0,1.0,-12.522869110107422,1785282689.6183374,37.80176591873169,10.714524507522583,1808.169068805661,10.445022234413772,0.0,96.48,True,1.8231210708618164
308,-0.001136096427217126,3.758476623261231e-07,-0.0011066171573475003,0.006545168813318014,8.237026918322954e-07,0.006951204035431147,0.0004071039438713342,-12.462660789489746,0.5639111995697021,0.0008435706840828061,0.5894152522087097,0.5146904587745667,0.00012352921476121992,0.49001866579055786,0.03548455983400345,-3.3512563705444336,0.5084424018859863,4.085486216354184e-05,0.490808367729187,0.017634034156799316,-0.32814717292785645,0.41092076897621155,0.004073700867593288,0.4346008002758026,0.023680031299591064,-1.763838291168213,0.2696043848991394,0.006735135335475206,0.2354150414466858,0.03418934345245361,-1.494493007659912,0.2723311483860016,0.0,0.2723311483860016,0.011001252569258213,0.0,0.011001252569258213,1.0,1.0,-15.307740211486816,1785282689.7239451,37.907373666763306,10.8201322555542,1810.8162042885733,9.268138818070291,0.0,96.48,True,1.8231210708618164
309,-0.0011093902867287397,3.9493241388299793e-07,-0.0010464524384588003,0.006494385190308094,8.551274390811159e-07,0.00820857286453247,0.0017153426306322217,-10.797262191772461,0.5593111515045166,0.0008582305745221674,0.5831384658813477,0.513892412185669,0.00013098292401991785,0.49475622177124023,0.030560344457626343,-4.434032917022705,0.5072874426841736,4.363389962236397e-05,0.4924526810646057,0.014834761619567871,-1.57912015914917,0.4073173403739929,0.004197591450065374,0.4409005641937256,0.033583223819732666,-1.6833406686782837,0.26809489727020264,0.00677437474951148,0.0,0.26809489727020264,3.7265424728393555,0.2789592742919922,0.0,0.2789592742919922,0.01148049533367157,0.0,0.01148049533367157,1.0,1.0,-15.134048461914062,1785282689.8281906,38.011619091033936,10.924377679824829,1813.2896480219129,13.312290882226078,0.0,96.48,True,1.8231210708618164
310,-0.0011272034607827663,3.833744131043204e-07,-0.0008279791218228638,0.006462035235017538,8.318219784086978e-07,0.005672461353242397,0.0008443708065897226,-12.057564735412598,0.5583242177963257,0.0008394186734221876,0.5788090229034424,0.5151471495628357,0.00012908254575449973,0.49780184030532837,0.026841888204216957,-4.765724182128906,0.5082592368125916,4.231523416819982e-05,0.49411413073539734,0.014145106077194214,-1.7520349025726318,0.4057396948337555,0.00416674604639411,0.41828763484954834,0.012547940015792847,-1.8024777173995972,0.24084500968456268,0.006177243310958147,0.30921387672424316,0.06836886703968048,-1.246154546737671,0.26715636253356934,0.0,0.26715636253356934,0.014136063866317272,0.0,0.014136063866317272,1.0,1.0,-16.74616050720215,1785282689.9228096,38.10623812675476,11.018996715545654,1817.3752038005405,12.383745926804838,0.0,96.48,True,1.8231210708618164
311,-0.0011242155451327562,4.023848987344536e-07,-0.0008695924771018326,0.006462082266807556,8.878828907654679e-07,0.007100920658558607,0.000687711697537452,-12.181879043579102,0.5595065355300903,0.0008797302725724876,0.573023796081543,0.5158486366271973,0.00012377044185996056,0.4981008470058441,0.02230919897556305,-4.802310943603516,0.5080710053443909,4.0088289097184315e-05,0.49271586537361145,0.015355139970779419,-1.2025113105773926,0.40884098410606384,0.004113259259611368,0.4062495231628418,0.002591460943222046,-1.8270150423049927,0.23931607604026794,0.005644654389470816,0.32935547828674316,0.09003940224647522,-0.9514632225036621,0.2307639718055725,0.0,0.2307639718055725,0.011609666980803013,0.0,0.011609666980803013,1.0,1.0,-16.624982833862305,1785282690.0277712,38.21119976043701,11.123958349227905,1821.3395819058283,11.749892295617608,0.0,96.48,True,1.8231210708618164
312,-0.001114435726776719,4.2223874174851517e-07,-0.0008931998163461685,0.006442734505981207,9.230297450812941e-07,0.006826843600720167,0.0004432664136402309,-12.310892105102539,0.5573828220367432,0.000891827279701829,0.5650405287742615,0.5156916379928589,0.00012839252303820103,0.5009678602218628,0.01659608632326126,-5.276329517364502,0.508028507232666,4.1438201151322573e-05,0.4958895146846771,0.012138992547988892,-2.3487043380737305,0.40738290548324585,0.004121690057218075,0.39785173535346985,0.009531170129776001,-1.8157871961593628,0.2441951036453247,0.005763913970440626,0.3296777307987213,0.0854826271533966,-1.0252490043640137,0.22866618633270264,0.0,0.22866618633270264,0.011104855686426163,0.0,0.011104855686426163,1.0,1.0,-17.706308364868164,1785282690.133301,38.31672954559326,11.229488134384155,1826.385285542122,11.042252882570025,0.0,96.48,True,1.8231210708618164
313,-0.0011081441771239042,4.346773323504749e-07,-0.0007842085906304419,0.006424203515052795,9.407614811607345e-07,0.006709492765367031,0.00043165290844626725,-12.260780334472656,0.5557457208633423,0.0008961862768046558,0.5593026280403137,0.5157553553581238,0.0001306065241806209,0.5041589736938477,0.012129618786275387,-5.62059211730957,0.5081496238708496,4.196888767182827e-05,0.4973236918449402,0.010825932025909424,-2.7240703105926514,0.4070795476436615,0.004088873043656349,0.3959723711013794,0.011107176542282104,-1.8157185316085815,0.24991834163665771,0.005840052384883165,0.3296777307987213,0.0797593891620636,-1.1079199314117432,0.22241592407226562,0.0,0.22241592407226562,0.010316379368305206,0.0,0.010316379368305206,1.0,0.0,-18.11928939819336,1785282690.2179546,38.4013831615448,11.314141750335693,1831.8439702117407,10.251942542474714,0.0,96.48,True,1.8231210708618164
314,-0.0011270791292190552,4.180433847977838e-07,-0.000904566259123385,0.006336248479783535,8.870561600815563e-07,0.006587082054466009,0.0003353050269652158,-12.378958702087402,0.5492384433746338,0.0008703332277946174,0.5526722073554993,0.5141506195068359,0.0001326290803262964,0.5059127807617188,0.008924837224185467,-5.886810302734375,0.5072727799415588,4.221409108140506e-05,0.49712610244750977,0.010146677494049072,-2.8980002403259277,0.4047417640686035,0.004009583033621311,0.39528709650039673,0.009454667568206787,-1.8294484615325928,0.26679718494415283,0.006365410052239895,0.0,0.26679718494415283,3.9817137718200684,0.24673816561698914,0.0,0.24673816561698914,0.009870284236967564,0.0,0.009870284236967564,0.0,0.0,-18.53740692138672,1785282690.32263,38.50605845451355,11.418817043304443,1837.720772404553,14.551265905611213,0.0,96.48,True,1.8231210708618164
315,-0.0011326640378683805,3.4465301723685116e-07,-0.0009526798385195434,0.006205381825566292,7.237812269522692e-07,0.007653896696865559,0.0014596539549529552,-11.175411224365234,0.542303204536438,0.0007857543532736599,0.5453635454177856,0.515605092048645,0.0001226933964062482,0.5050750374794006,0.01096575241535902,-5.781641006469727,0.5078967809677124,3.8002548535587266e-05,0.49612852931022644,0.011768251657485962,-2.3478524684906006,0.4061611592769623,0.003794638440012932,0.3448854684829712,0.06127569079399109,-1.3734056949615479,0.23444922268390656,0.006044547073543072,0.0,0.23444922268390656,2.9114184379577637,0.23658108711242676,1.0,0.7634189128875732,0.012338610365986824,1.0,0.9876613616943359,0.0,0.0,-16.97464942932129,1785282690.4162471,38.59967565536499,11.512434244155884,1842.0348171052997,17.78029393488541,0.29798285567334437,96.48,True,1.8231210708618164
316,-0.00116618606261909,3.4288672168258927e-07,-0.0006704450352117419,0.006198197137564421,7.089075211297313e-07,0.005395239684730768,0.00094366300618276,-11.871715545654297,0.5406594276428223,0.0007657153764739633,0.5373753905296326,0.513867199420929,0.00013404492347035557,0.5047817230224609,0.009660786017775536,-5.893194675445557,0.5067817568778992,4.232112769386731e-05,0.49612852931022644,0.01065322756767273,-2.775338649749756,0.40090763568878174,0.003864358179271221,0.4033677279949188,0.002460092306137085,-1.8582582473754883,0.17504477500915527,0.005447076167911291,0.0,0.17504477500915527,1.1251801252365112,0.37626180052757263,1.0,0.623738169670105,0.03415735065937042,1.0,0.9658426642417908,0.0,0.0,-17.973939895629883,1785282690.5222697,38.70569825172424,11.618456840515137,1847.348152272355,19.223083651438355,0.5741470138941436,96.48,True,1.8231210708618164
317,-0.001178463688120246,3.252636986417201e-07,-0.0007382933399640024,0.006151259411126375,6.791242981307732e-07,0.006526461336761713,0.0005783825763501227,-12.33118724822998,0.5365327596664429,0.0007351425592787564,0.5274994969367981,0.5114108920097351,0.00014985905727371573,0.5067025423049927,0.010186676867306232,-6.043290138244629,0.5054991841316223,4.800543320016004e-05,0.49966922402381897,0.005829960107803345,-3.6991536617279053,0.3980492353439331,0.004015305079519749,0.40970656275749207,0.01165732741355896,-1.822960615158081,0.11943253874778748,0.004806591663509607,0.0,0.11943253874778748,-0.26613569259643555,0.5009790062904358,1.0,0.4990209937095642,0.08254897594451904,1.0,0.917451024055481,0.0,0.0,-19.015396118164062,1785282690.6165218,38.79995036125183,11.712708950042725,1853.7029436619446,19.274557550158352,0.801919531928633,96.48,True,1.8231210708618164
318,-0.001159075414761901,3.037989415588527e-07,-0.0007530083530582488,0.00607137568295002,6.344310463646252e-07,0.006212340667843819,0.0004298390122130513,-12.513799667358398,0.5309503674507141,0.0007020763005129993,0.5201780200004578,0.5090544819831848,0.00016699499974492937,0.5030593872070312,0.012328204698860645,-5.951375961303711,0.5043219923973083,5.4276719311019406e-05,0.4994731843471527,0.00484880805015564,-3.7751848697662354,0.3958129286766052,0.004233034327626228,0.40870794653892517,0.012895017862319946,-1.793838620185852,0.08174389600753784,0.004418032709509134,0.0,0.08174389600753784,-1.0358657836914062,0.5990757346153259,1.0,0.4009242653846741,0.15438619256019592,1.0,0.8456138372421265,0.0,0.0,-19.162492752075195,1785282690.7223303,38.90575885772705,11.818517446517944,1860.2048316854452,18.55630135778338,0.9578548631497679,96.48,True,1.8231210708618164
319,-0.0011251422110944986,2.861278574073367e-07,-0.0009055095724761486,0.005985788069665432,5.968605591988307e-07,0.006161028053611517,0.00028097606264054775,-12.751306533813477,0.5251557230949402,0.0006746475701220334,0.515181303024292,0.5062587857246399,0.0001861478085629642,0.5011287927627563,0.011216322891414165,-5.962845325469971,0.5028599500656128,6.164974183775485e-05,0.497302770614624,0.0055571794509887695,-3.677616596221924,0.39348286390304565,0.004525064956396818,0.4111748933792114,0.01769202947616577,-1.7455370426177979,0.06042754650115967,0.004172998480498791,0.0,0.06042754650115967,-1.3831079006195068,0.6695489883422852,1.0,0.33045101165771484,0.22997477650642395,1.0,0.7700252532958984,0.0,0.0,-19.36039161682129,1785282690.8280215,39.01145005226135,11.924208641052246,1866.904618573692,17.490803048480306,1.0382016104246747,96.48,True,1.8231210708618164
320,-0.0010859619360417128,2.7604383490142936e-07,-0.0005720360204577446,0.0059091197326779366,5.73964541672467e-07,0.0061551546677947044,0.0005697833257727325,-12.367690086364746,0.5196945667266846,0.000657123455312103,0.5082901120185852,0.5033698081970215,0.0002067715540761128,0.498741090297699,0.012307990342378616,-5.917119026184082,0.5012704730033875,7.003256177995354e-05,0.4962750971317291,0.004995375871658325,-3.686177968978882,0.39013272523880005,0.004864630289375782,0.4082058370113373,0.01807311177253723,-1.7103711366653442,0.04954849183559418,0.0040644025430083275,0.0,0.04954849183559418,-1.5317866802215576,0.7175635099411011,1.0,0.2824364900588989,0.2921938896179199,1.0,0.7078061103820801,0.0,0.0,-18.944473266601562,1785282690.922518,39.10594654083252,12.018705129623413,1873.188487111719,16.27662595957518,1.0563292147857632,96.48,True,1.8231210708618164
321,-0.001039155526086688,2.709165016767656e-07,-0.0008529267506673932,0.005816619843244553,5.5734136594765e-07,0.005894265603274107,0.00020176723774056882,-12.85347843170166,0.5133064985275269,0.0006462333258241415,0.5036935210227966,0.5003474950790405,0.00022849680681247264,0.5013906955718994,0.009669415652751923,-5.952412128448486,0.49941781163215637,7.909171836217865e-05,0.49808791279792786,0.0013298988342285156,-3.7923316955566406,0.38607969880104065,0.005254961084574461,0.4045078754425049,0.018428176641464233,-1.673040747642517,0.04446294903755188,0.0040319617837667465,0.0,0.04446294903755188,-1.5926523208618164,0.7517956495285034,1.0,0.24820435047149658,0.33968260884284973,1.0,0.6603174209594727,0.0,0.0,-19.511573791503906,1785282691.026379,39.20980763435364,12.122566223144531,1880.0394561746484,15.001583230029796,1.0269681297242443,96.48,True,1.8231210708618164
322,-0.0010002267081290483,2.7367633492758614e-07,-0.0005234720883890986,0.005729148164391518,5.541888299376296e-07,0.005934030748903751,0.0005189140792936087,-12.467528343200684,0.5069669485092163,0.0006463374593295157,0.4971269369125366,0.49683067202568054,0.00025138986529782414,0.4900308847427368,0.011960892006754875,-5.811603546142578,0.49719715118408203,8.887589501682669e-05,0.49477243423461914,0.0024247169494628906,-3.712120771408081,0.38298359513282776,0.005749040748924017,0.3993716835975647,0.01638808846473694,-1.6370649337768555,0.04190775752067566,0.004105132073163986,0.0,0.04190775752067566,-1.6149097681045532,0.7795565128326416,1.0,0.2204434871673584,0.3796689510345459,1.0,0.6203310489654541,0.0,0.0,-18.972871780395508,1785282691.1312072,39.31463575363159,12.227394342422485,1886.3517232264694,13.704283053241674,0.9576206726687069,96.48,True,1.8231210708618164
323,-0.0009552885312587023,2.777865120151546e-07,-0.0008695136057212949,0.00563598470762372,5.527831490326207e-07,0.005978072062134743,0.00035267704515717924,-12.795387268066406,0.49989765882492065,0.0006468422943726182,0.492436021566391,0.49233001470565796,0.00027657896862365305,0.4838438630104065,0.011300035752356052,-5.757108688354492,0.4940221607685089,9.973330452339724e-05,0.49378207325935364,0.00024008750915527344,-3.6872777938842773,0.38078799843788147,0.006302418187260628,0.4008721709251404,0.02008417248725891,-1.5824710130691528,0.04092372953891754,0.0042190044187009335,0.0,0.04092372953891754,-1.6166625022888184,0.7992449998855591,1.0,0.20075500011444092,0.4097413420677185,1.0,0.5902586579322815,0.0,0.0,-19.244712829589844,1785282691.2351255,39.418554067611694,12.331312656402588,1892.9358313274847,12.405230142269287,0.8582008245799968,96.48,True,1.8231210708618164
324,-0.0009187536779791117,2.889259178573411e-07,-0.0005768108530901372,0.0055441344156861305,5.630870418826817e-07,0.005813537631183863,0.00043531940900720656,-12.618795394897461,0.49287036061286926,0.0006546479417011142,0.48586204648017883,0.486431360244751,0.0003046153869945556,0.4779410660266876,0.011009158566594124,-5.720224380493164,0.48981302976608276,0.00011245715722907335,0.49042809009552,0.0006150603294372559,-3.6258485317230225,0.37329068779945374,0.006939588580280542,0.4009687006473541,0.02767801284790039,-1.5111221075057983,0.040690213441848755,0.004490455612540245,0.0,0.040690213441848755,-1.5996052026748657,0.8236063122749329,1.0,0.17639368772506714,0.4515143930912018,1.0,0.5484856367111206,0.0,0.0,-19.007898330688477,1785282691.3193989,39.502827405929565,12.415585994720459,1899.2831249295987,11.123234530910853,0.7170079552701258,96.48,True,1.8231210708618164
325,-0.000882498687133193,3.015879883605521e-07,-0.0007137955399230123,0.005462838802486658,5.78822664465406e-07,0.005663145799189806,0.0002618847938720137,-12.768515586853027,0.4867563545703888,0.0006667532143183053,0.48140522837638855,0.48112425208091736,0.0003303029225207865,0.47128045558929443,0.011204234324395657,-5.658261299133301,0.4857732951641083,0.00012437916302587837,0.48641732335090637,0.0006440281867980957,-3.575482130050659,0.3640640676021576,0.007448321674019098,0.3811335265636444,0.017069458961486816,-1.5113855600357056,0.04020608216524124,0.0046352846547961235,0.0,0.04020608216524124,-1.59371817111969,0.8385502696037292,1.0,0.16144973039627075,0.4853166341781616,1.0,0.5146833658218384,0.0,0.0,-19.08286476135254,1785282691.4240026,39.607431173324585,12.520189762115479,1905.7053849623767,9.847125951107595,0.5420128150709727,96.48,True,1.8231210708618164
326,-0.0008512365166097879,3.1536129085907305e-07,-0.0006418810226023197,0.005396612919867039,6.003239150231821e-07,0.006664380431175232,0.0012849373742938042,-11.401663780212402,0.4819141626358032,0.000681490171700716,0.4751819372177124,0.4761139154434204,0.00035225722240284085,0.4670637249946594,0.01127957459539175,-5.633800506591797,0.4818810522556305,0.00013473074068315327,0.4863637089729309,0.004482656717300415,-3.4626057147979736,0.3531632423400879,0.007790393196046352,0.3728301227092743,0.0196668803691864,-1.4836689233779907,0.039312660694122314,0.004621742758899927,0.0,0.039312660694122314,-1.6023560762405396,0.8471789956092834,1.0,0.15282100439071655,0.5080667734146118,1.0,0.4919332265853882,0.0,0.0,-17.64000701904297,1785282691.528298,39.71172642707825,12.62448501586914,1910.6847872528451,8.562379466183486,0.34426753563536927,96.48,True,1.8231210708618164
327,-0.0008135337848216295,3.2725037613090535e-07,-0.0005809659487567842,0.005300960503518581,6.24278357008734e-07,0.004589227959513664,0.000748766353353858,-12.283369064331055,0.4763506054878235,0.000700605392921716,0.47056999802589417,0.4707287549972534,0.0003585939994081855,0.4675852656364441,0.006580041721463203,-5.722939968109131,0.47760963439941406,0.0001388285163557157,0.4843243658542633,0.006714731454849243,-3.3598108291625977,0.33972880244255066,0.007726665120571852,0.35098910331726074,0.011260300874710083,-1.504395604133606,0.037743695080280304,0.003964482806622982,0.0,0.037743695080280304,-1.666582703590393,0.8468557000160217,1.0,0.15314429998397827,0.49731311202049255,1.0,0.5026868581771851,0.0,0.0,-18.5416259765625,1785282691.622801,39.80622959136963,12.718988180160522,1916.565808500833,7.213406353909525,0.15727588779156276,96.48,True,1.8231210708618164
328,-0.0007698647677898407,3.4197080367448507e-07,-0.0005857037613168359,0.005239569116383791,6.446159090955916e-07,0.006514589302241802,0.0012882513692602515,-11.423145294189453,0.4733327329158783,0.0007130901794880629,0.4635854661464691,0.4672067165374756,0.0003720517852343619,0.46148645877838135,0.011301794089376926,-5.622720718383789,0.47509142756462097,0.00014343131624627858,0.47905489802360535,0.003963470458984375,-3.45112681388855,0.33032336831092834,0.007727729622274637,0.34824061393737793,0.017917245626449585,-1.491760492324829,0.03549466282129288,0.0037086722441017628,0.0,0.03549466282129288,-1.709747314453125,0.8482152819633484,1.0,0.1517847180366516,0.5138549208641052,1.0,0.4861450791358948,0.0,0.0,-17.64688491821289,1785282691.716368,39.89979648590088,12.812555074691772,1921.5520886904715,5.821268630772831,0.0,96.48,True,1.8231210708618164
329,-0.0007207442540675402,3.5237286510891863e-07,-0.0005802314262837172,0.005174833815544844,6.545850510519813e-07,0.004714184906333685,0.0004816028231289238,-12.520941734313965,0.4688641428947449,0.0007185809663496912,0.45807287096977234,0.4627397656440735,0.00039780104998499155,0.4567077159881592,0.01236273255199194,-5.569255828857422,0.4715518355369568,0.00015465921023860574,0.4766191244125366,0.005067288875579834,-3.3851916790008545,0.3247376084327698,0.007985132746398449,0.32522666454315186,0.0004890561103820801,-1.4961334466934204,0.03500796854496002,0.003787808818742633,0.0,0.03500796854496002,-1.7072687149047852,0.8427709937095642,1.0,0.1572290062904358,0.5169600248336792,1.0,0.4830399751663208,0.0,0.0,-18.668943405151367,1785282691.8106704,39.99409890174866,12.90685749053955,1927.5604273670483,4.431609507184477,0.0,96.48,True,1.8231210708618164
330,-0.0006734018679708242,3.6368791711538506e-07,-0.00043325262959115207,0.005111057311296463,6.669461640740337e-07,0.005401459522545338,0.0003768356400541961,-12.543375015258789,0.4642622768878937,0.0007247153553180397,0.45039448142051697,0.45815426111221313,0.00042480562115088105,0.4472047686576843,0.01766938529908657,-5.385130882263184,0.46805131435394287,0.00016680416592862457,0.46940407156944275,0.001352757215499878,-3.4249212741851807,0.3182125389575958,0.008186208084225655,0.3131036162376404,0.005108922719955444,-1.4821195602416992,0.034032195806503296,0.00380041659809649,0.0,0.034032195806503296,-1.7150070667266846,0.8341281414031982,1.0,0.16587185859680176,0.5165589451789856,1.0,0.4834410548210144,0.0,0.0,-18.563941955566406,1785282691.9157212,40.09914970397949,13.011908292770386,1933.4637645940402,3.5220893260091533,0.0,96.48,True,1.8231210708618164
331,-0.0006288413424044847,3.740462091172958e-07,-0.0005575102986767888,0.005045969970524311,6.783309913771518e-07,0.0052519491873681545,0.00021798063244204968,-12.625306129455566,0.4591885805130005,0.0007292604423128068,0.44451236724853516,0.4534854590892792,0.00045539074926637113,0.43965503573417664,0.020166106522083282,-5.2633442878723145,0.46426209807395935,0.00018134336278308183,0.4672379791736603,0.0029758810997009277,-3.3642029762268066,0.3108120262622833,0.008403083309531212,0.28740015625953674,0.023411870002746582,-1.4380258321762085,0.0333457887172699,0.003847372718155384,0.0,0.0333457887172699,-1.7167372703552246,0.8225706815719604,1.0,0.17742931842803955,0.5127989053726196,1.0,0.48720109462738037,0.0,0.0,-18.518083572387695,1785282692.02031,40.20373845100403,13.116497039794922,1939.3212434378534,3.9212170050479465,0.0,96.48,True,1.8231210708618164
332,-0.0005902675911784172,3.853902796890907e-07,-0.00036788289435207844,0.004986777435988188,6.925975526428374e-07,0.005276659037917852,0.00036535775871016085,-12.51321029663086,0.4540722668170929,0.0007337877759709954,0.43533313274383545,0.44859492778778076,0.0004907253896817565,0.4410584270954132,0.020197870209813118,-5.283432960510254,0.4603182375431061,0.00019898705068044364,0.466006875038147,0.0056886374950408936,-3.2608835697174072,0.30146050453186035,0.008619612082839012,0.2798515856266022,0.02160891890525818,-1.4308327436447144,0.03244335204362869,0.0038966210559010506,0.0,0.03244335204362869,-1.7198221683502197,0.8077569603919983,1.0,0.1922430396080017,0.5068512558937073,1.0,0.4931487441062927,0.0,1.0,-18.370397567749023,1785282692.1145506,40.29797911643982,13.210737705230713,1945.0310362770279,4.323429582081735,0.0,96.48,True,1.8231210708618164
333,-0.0005810956936329603,4.1128956240754633e-07,-0.0003888746432494372,0.004996550269424915,7.407352313748561e-07,0.005042835604399443,0.00019771511142607778,-12.525552749633789,0.45222634077072144,0.0007539496873505414,0.4284684956073761,0.44325533509254456,0.0005311541026458144,0.4368855357170105,0.024596942588686943,-5.114931583404541,0.4563891589641571,0.00022367961355485022,0.46239879727363586,0.00600963830947876,-3.2029786109924316,0.2842792272567749,0.008903702720999718,0.2725812792778015,0.011697947978973389,-1.43402099609375,0.02835194021463394,0.0038053756579756737,0.0,0.02835194021463394,-1.7611137628555298,0.8107917308807373,1.0,0.1892082691192627,0.5376023054122925,1.0,0.4623976945877075,0.0,1.0,-18.2189884185791,1785282692.22009,40.40351843833923,13.316277027130127,1950.5894199670324,4.766933753620833,0.0,96.48,True,1.8231210708618164
334,-0.0005659062881022692,4.2233153862980544e-07,-0.0004461767675820738,0.004959822166711092,7.650724000995979e-07,0.005053408909589052,0.00015196591266430914,-12.51981258392334,0.44690561294555664,0.0007624390418641269,0.4202229976654053,0.4368624985218048,0.0005735467420890927,0.43169084191322327,0.027179181575775146,-4.993238925933838,0.45085409283638,0.0002490483457222581,0.4575555920600891,0.0067014992237091064,-3.1398298740386963,0.26575547456741333,0.009017259813845158,0.2649286389350891,0.0008268356323242188,-1.4353309869766235,0.026861242949962616,0.0038919025100767612,0.0,0.026861242949962616,-1.7627942562103271,0.8057281374931335,1.0,0.19427186250686646,0.5492365956306458,1.0,0.45076340436935425,0.0,1.0,-18.084320068359375,1785282692.3164644,40.49989295005798,13.412651538848877,1956.0131353068173,5.212118418514729,0.0,96.48,True,1.8231210708618164
335,-0.0005500728730112314,4.199448540020967e-07,-0.000202953873667866,0.004919454455375671,7.699284765294578e-07,0.0042049940675497055,0.0007943206583149731,-12.067222595214844,0.44044196605682373,0.0007613431080244482,0.41073063015937805,0.4296030104160309,0.000613874348346144,0.4240787923336029,0.030220530927181244,-4.845599174499512,0.44440022110939026,0.0002752231084741652,0.4534166753292084,0.009016454219818115,-3.0323336124420166,0.24777474999427795,0.00913884025067091,0.2617124915122986,0.01393774151802063,-1.418044090270996,0.025194019079208374,0.003946844022721052,0.0,0.025194019079208374,-1.768070101737976,0.7985340356826782,1.0,0.20146596431732178,0.5594407916069031,1.0,0.4405592083930969,0.0,0.0,-17.459869384765625,1785282692.4106696,40.59409809112549,13.506856679916382,1960.8123999630084,5.662578928936274,0.0,96.48,True,1.8231210708618164
336,-0.0004842076450586319,4.118467700209294e-07,-0.00044036938925273716,0.0048187365755438805,7.357389790740854e-07,0.006032511591911316,0.001214566407725215,-11.571088790893555,0.43419668078422546,0.0007414897554554045,0.40400680899620056,0.4255773425102234,0.0006451557856053114,0.4209948480129242,0.030535677447915077,-4.807689666748047,0.4415011703968048,0.0002929431211668998,0.44907820224761963,0.007577031850814819,-3.0508368015289307,0.24156178534030914,0.009203712455928326,0.19342643022537231,0.04813535511493683,-1.2992619276046753,0.028615474700927734,0.004217573441565037,0.0,0.028615474700927734,-1.7182337045669556,0.7694286108016968,1.0,0.23057138919830322,0.5252100229263306,1.0,0.47478997707366943,0.0,0.0,-16.942659378051758,1785282692.516173,40.69960141181946,13.612360000610352,1965.0944546124856,6.063203042186798,0.0,96.48,True,1.8231210708618164
337,-0.00045068853069096804,4.2338004391240247e-07,-0.00021571374963968992,0.004777221009135246,7.500515266656294e-07,0.004729850217700005,0.0002397021889919415,-12.484481811523438,0.4288821220397949,0.0007413200801238418,0.3943537771701813,0.4215809106826782,0.0007048717816360295,0.412322998046875,0.0357479453086853,-4.529500961303711,0.43870851397514343,0.00032998088863678277,0.4448913335800171,0.006182819604873657,-3.0313756465911865,0.23088276386260986,0.009587123990058899,0.19214800000190735,0.038734763860702515,-1.3264789581298828,0.027049101889133453,0.004271635320037603,0.0,0.027049101889133453,-1.7232997417449951,0.7465478181838989,1.0,0.2534521818161011,0.5217458605766296,1.0,0.47825413942337036,0.0,0.0,-17.623769760131836,1785282692.6099,40.793328523635864,13.706087112426758,1970.057619644043,6.468893192615361,0.0,96.48,True,1.8231210708618164
338,-0.0004060504725202918,4.2697200797192636e-07,-0.00010198447125731036,0.004735241178423166,7.451717465301044e-07,0.004722855053842068,0.00030431814957410097,-12.441849708557129,0.4247964024543762,0.000730662199202925,0.38776707649230957,0.41722723841667175,0.0007557565695606172,0.41124770045280457,0.0375090092420578,-4.404836654663086,0.43564802408218384,0.00036001039552502334,0.4440017342567444,0.008353710174560547,-2.9488301277160645,0.2281496375799179,0.009820699691772461,0.22206315398216248,0.006086483597755432,-1.390806794166565,0.025670066475868225,0.004317201673984528,0.0,0.025670066475868225,-1.7273184061050415,0.7264696359634399,0.0,0.7264696359634399,0.5126146078109741,0.0,0.5126146078109741,0.0,0.0,-17.440134048461914,1785282692.7145672,40.897995710372925,13.810754299163818,1974.8371489639303,6.8786020074039715,0.0,96.48,True,1.8231210708618164
339,-0.00032656174153089523,4.27296214411399e-07,-0.00013207673327997327,0.004615573212504387,7.609010026499163e-07,0.004570655059069395,0.00019960475037805736,-12.493812561035156,0.410299688577652,0.000720915209967643,0.37898769974708557,0.4046928286552429,0.0008831100421957672,0.40836793184280396,0.03152692690491676,-4.608003616333008,0.4229350686073303,0.0004523764655459672,0.4388749897480011,0.015939921140670776,-2.6507303714752197,0.21245691180229187,0.009822145104408264,0.26455551385879517,0.052098602056503296,-1.254448652267456,0.021395966410636902,0.004097727593034506,0.0,0.021395966410636902,-1.7738640308380127,0.6578035354614258,0.0,0.6578035354614258,0.46610015630722046,0.0,0.46610015630722046,0.0,0.0,-17.50558090209961,1785282692.8198197,41.00324821472168,13.916006803512573,1979.6821251374554,7.334856446925553,0.0,96.48,True,1.8231210708618164
340,-0.00026051432359963655,4.009972087715141e-07,-0.00018547775107435882,0.004552298691123724,7.122923761926359e-07,0.004641619045287371,0.0001166559595731087,-12.591546058654785,0.40354061126708984,0.0006818391848355532,0.37293294072151184,0.39456894993782043,0.0009499223669990897,0.40568622946739197,0.03256414458155632,-4.535004615783691,0.4159184992313385,0.0004906629328615963,0.43399184942245483,0.018073350191116333,-2.5580763816833496,0.21839821338653564,0.009575346484780312,0.3094209134578705,0.09102270007133484,-0.9727148413658142,0.017912887036800385,0.003986250143498182,0.0,0.017912887036800385,-1.8032662868499756,0.6257064938545227,0.0,0.6257064938545227,0.4422631561756134,0.0,0.4422631561756134,0.0,0.0,-17.498586654663086,1785282692.9146428,41.098071336746216,14.01082992553711,1984.520107063544,7.820513142459097,0.0,96.48,True,1.8231210708618164
341,-0.0001749721122905612,3.687978562538774e-07,2.8063001082045957e-05,0.004472382366657257,6.547277280333219e-07,0.0043953219428658485,0.0002171671367250383,-12.627731323242188,0.39371198415756226,0.0006331155891530216,0.364870548248291,0.3802989423274994,0.0010202619014307857,0.3975815773010254,0.03362317383289337,-4.485088348388672,0.4074022173881531,0.0005219515296630561,0.4286787807941437,0.0212765634059906,-2.4263758659362793,0.23990288376808167,0.008982783183455467,0.34270790219306946,0.10280501842498779,-0.8489994406700134,0.012996397912502289,0.0032998821698129177,0.0,0.012996397912502289,-1.9124029874801636,0.5847705006599426,0.0,0.5847705006599426,0.3903776705265045,0.0,0.3903776705265045,0.0,0.0,-17.42898941040039,1785282693.0215802,41.20500874519348,14.117767333984375,1989.2884917453698,8.41530653862283,0.0,96.48,True,1.8231210708618164
342,-0.0001184933353215456,3.403887660624605e-07,-8.754092414164916e-05,0.004379897378385067,6.090463671171165e-07,0.0044198534451425076,5.054244684288278e-05,-12.761678695678711,0.38318994641304016,0.0005792226875200868,0.3595706522464752,0.36211249232292175,0.0010937139159068465,0.3906240463256836,0.03702404350042343,-4.4449262619018555,0.3982459306716919,0.0005389971192926168,0.42278853058815,0.02454259991645813,-2.2852025032043457,0.29752057790756226,0.008560133166611195,0.3508119583129883,0.053291380405426025,-1.2954976558685303,0.009904742240905762,0.002188117941841483,0.0,0.009904742240905762,-2.1210010051727295,0.5409523248672485,0.0,0.5409523248672485,0.316667765378952,0.0,0.316667765378952,0.0,0.0,-17.460220336914062,1785282693.1161087,41.29953718185425,14.212295770645142,1994.0881073537093,9.218697952479127,0.0,96.48,True,1.8231210708618164
343,-0.00019380729645490646,3.18098699381153e-07,0.00011425258708186448,0.004488919395953417,6.003965609124862e-07,0.004318064544349909,0.00035226732143200934,-12.631933212280273,0.3851374387741089,0.0005400675581768155,0.35326990485191345,0.3529691696166992,0.0011903982376679778,0.37889814376831055,0.04108346998691559,-4.068178176879883,0.3947145938873291,0.0005393991013988853,0.41594043374061584,0.021225839853286743,-2.4259607791900635,0.3597840368747711,0.008591950871050358,0.36646008491516113,0.006676048040390015,-1.456932544708252,0.006981417536735535,0.0015675913309678435,0.0,0.006981417536735535,-2.2946228981018066,0.4482082724571228,0.0,0.4482082724571228,0.23763428628444672,0.0,0.23763428628444672,0.0,0.0,-17.099456787109375,1785282693.2231777,41.40660619735718,14.319364786148071,1998.5269594122442,10.195711259264503,0.0,96.48,True,1.8231210708618164
344,0.00022030668333172798,4.733594209938019e-07,8.66839473019354e-05,0.004354987759143114,7.978513281159394e-07,0.004206401761621237,0.00019983200763817877,-12.431804656982422,0.3820015788078308,0.000706797291059047,0.3493213355541229,0.3448915183544159,0.0012981180334463716,0.37398943305015564,0.04375713691115379,-4.031284809112549,0.38202953338623047,0.0006469283252954483,0.4143047630786896,0.032275229692459106,-1.9475939273834229,0.2811506390571594,0.010237757116556168,0.4097539186477661,0.1286032795906067,-0.5641620755195618,0.00809970498085022,0.0031420872546732426,0.0,0.00809970498085022,-1.9520556926727295,0.4405609369277954,0.0,0.4405609369277954,0.315529465675354,0.0,0.315529465675354,0.0,0.0,-16.630630493164062,1785282693.317556,41.50098443031311,14.413743019104004,2002.4969851768337,10.8301573606208,0.0,96.48,True,1.8231210708618164
345,0.0003086219076067209,4.18214625597102e-07,0.00013428668898995966,0.004150428809225559,6.91459945301176e-07,0.004162927158176899,0.0001747826609062031,-12.561538696289062,0.3611298203468323,0.0005868925363756716,0.34445223212242126,0.329264372587204,0.0014646971831098199,0.371924489736557,0.045804232358932495,-4.287299156188965,0.37470248341560364,0.0007705438765697181,0.41190874576568604,0.0372062623500824,-1.767002820968628,0.3657166361808777,0.01035573985427618,0.4483184218406677,0.08260178565979004,-1.0367350578308105,0.0038660168647766113,0.002291533164680004,0.0,0.0038660168647766113,-2.117067337036133,0.37350162863731384,0.0,0.37350162863731384,0.24332410097122192,0.0,0.24332410097122192,0.0,0.0,-16.874879837036133,1785282693.4225974,41.60602593421936,14.518784523010254,2006.7112602852953,11.629615106340502,0.0,96.48,True,1.8231210708618164
346,0.0003932262770831585,4.160933997354732e-07,0.00010837623995030299,0.004081991035491228,6.778212195968081e-07,0.0042623369954526424,0.00033714124583639205,-12.488998413085938,0.35706833004951477,0.0005668899393640459,0.3413565158843994,0.3246762752532959,0.001519605633802712,0.3695547580718994,0.04754933342337608,-4.264017105102539,0.37261223793029785,0.0007912124856375158,0.4060939848423004,0.033481746912002563,-1.943609595298767,0.4000360369682312,0.010460344143211842,0.513561487197876,0.11352545022964478,-0.7451012134552002,0.005490154027938843,0.002162500750273466,0.0,0.005490154027938843,-2.1423370838165283,0.36335939168930054,0.0,0.36335939168930054,0.2296697348356247,0.0,0.2296697348356247,0.0,0.0,-16.87201690673828,1785282693.5173087,41.7007372379303,14.613495826721191,2010.922672463459,12.454342598840599,0.0,96.48,True,1.8231210708618164
347,0.00048159732250496745,4.029039075703622e-07,0.0002972776419483125,0.003996219951659441,6.455880452449492e-07,0.004120060708373785,0.00022205918503459543,-12.596920013427734,0.3520302176475525,0.0005325807724148035,0.33802688121795654,0.31913280487060547,0.0015877727419137955,0.3598596751689911,0.04306705668568611,-4.447296619415283,0.3702220320701599,0.0008163737365975976,0.39688119292259216,0.02665916085243225,-2.2010953426361084,0.4491795599460602,0.0103220846503973,0.5313510298728943,0.0821714699268341,-1.0407233238220215,0.006994515657424927,0.0019638321828097105,0.0,0.006994515657424927,-2.1850340366363525,0.3436841368675232,0.0,0.3436841368675232,0.20901845395565033,0.0,0.20901845395565033,0.0,1.0,-17.25530433654785,1785282693.6219683,41.80539679527283,14.71815538406372,2015.5173720714324,13.32176704416052,0.0,96.48,True,1.8231210708618164
348,0.0005241406615823507,5.451606170936429e-07,0.00027689518174156547,0.0038639926351606846,8.372705906367628e-07,0.0040931981056928635,0.0003371431084815413,-12.28233528137207,0.33672085404396057,0.000627076777163893,0.3351183831691742,0.305289626121521,0.0019122622907161713,0.3460289239883423,0.04077080264687538,-4.543070316314697,0.35755473375320435,0.0011243139160797,0.38739657402038574,0.029841840267181396,-2.080317735671997,0.3835756778717041,0.01081550121307373,0.5688521862030029,0.18527650833129883,0.24250411987304688,0.00043082237243652344,0.0015739693772047758,0.0,0.00043082237243652344,-2.308079957962036,0.2689569890499115,0.0,0.2689569890499115,0.15905223786830902,0.0,0.15905223786830902,0.0,1.0,-16.956951141357422,1785282693.7266083,41.91003680229187,14.822795391082764,2019.8137184842153,14.312237410806125,0.0,96.48,True,1.8231210708618164
349,0.0005493225762620568,5.627680366160348e-07,0.00026400163187645376,0.0037150075659155846,8.512066074217728e-07,0.004046189598739147,0.0004371379327494651,-12.208871841430664,0.32432034611701965,0.0006012886296957731,0.33272281289100647,0.2941300570964813,0.0020862817764282227,0.33917030692100525,0.0458173044025898,-4.4116363525390625,0.34990495443344116,0.0013035358861088753,0.3864983022212982,0.036593347787857056,-1.888767957687378,0.4315715432167053,0.010329148732125759,0.617444634437561,0.1858730912208557,0.3049396276473999,-0.001832529902458191,0.001359524903818965,0.0,0.001832529902458191,-2.380136489868164,0.2318146973848343,0.0,0.2318146973848343,0.13636350631713867,0.0,0.13636350631713867,0.0,0.0,-16.682565689086914,1785282693.8210237,42.00445222854614,14.917210817337036,2023.8356794447277,15.374764309357857,0.0,96.48,True,1.8231210708618164
350,0.000530259741935879,5.190148613110068e-07,0.00045176284038461745,0.0036037308163940907,7.99861538780533e-07,0.0038994895294308662,0.00030599834281019866,-12.356586456298828,0.3180510997772217,0.0005614898400381207,0.33054816722869873,0.2901119589805603,0.0020789606496691704,0.33323410153388977,0.044896502047777176,-4.406228065490723,0.3470606505870819,0.001303661847487092,0.381976455450058,0.034915804862976074,-1.9347777366638184,0.471172571182251,0.009729408659040928,0.6682479977607727,0.19707542657852173,0.5985822677612305,-0.0014432966709136963,0.0013061783974990249,0.0,0.0014432966709136963,-2.4005887508392334,0.21278609335422516,0.0,0.21278609335422516,0.12451346963644028,0.0,0.12451346963644028,0.0,0.0,-16.848957061767578,1785282693.9254243,42.10885286331177,15.021611452102661,2028.0240317779208,16.457743468880658,0.0,96.48,True,1.8231210708618164
351,0.0005492339842021465,5.020248750042811e-07,0.00017463967378716916,0.0034966301172971725,7.660322580704815e-07,0.004111149348318577,0.0007196907536126673,-12.069210052490234,0.31085947155952454,0.0005208668299019337,0.32942259311676025,0.2868362069129944,0.002153420588001609,0.32641494274139404,0.043715737760066986,-4.317977428436279,0.34604963660240173,0.0013647499727085233,0.3737948536872864,0.027745217084884644,-2.0974249839782715,0.5250487923622131,0.009110820479691029,0.694291889667511,0.16924309730529785,0.14172661304473877,0.0008048266172409058,0.0012233423767611384,0.0,0.0008048266172409058,-2.4338812828063965,0.19260506331920624,0.0,0.19260506331920624,0.11036014556884766,0.0,0.11036014556884766,0.0,0.0,-16.572303771972656,1785282694.020063,42.20349144935608,15.116250038146973,2031.9357308213189,17.57401516037062,0.0,96.48,True,1.8231210708618164
352,0.000599596300162375,4.730342766379181e-07,0.0003270978049840778,0.0034400313161313534,7.173220524236967e-07,0.004022473469376564,0.0006430352223105729,-12.203092575073242,0.3085280954837799,0.0004917941987514496,0.3286074697971344,0.28482452034950256,0.002161501906812191,0.3164065182209015,0.03742464259266853,-4.398691177368164,0.34570130705833435,0.0013536373153328896,0.36670640110969543,0.021005094051361084,-2.2205681800842285,0.5576772689819336,0.00871889665722847,0.7090134024620056,0.15133613348007202,-0.1388026475906372,0.0027575790882110596,0.0011957300594076514,0.0,0.0027575790882110596,-2.442380666732788,0.18340246379375458,0.0,0.18340246379375458,0.10339874029159546,0.0,0.10339874029159546,0.0,0.0,-16.83233070373535,1785282694.124237,42.30766558647156,15.220424175262451,2036.1074567964797,18.698786235786976,0.0,96.48,True,1.8231210708618164
353,0.0006489366060122848,4.434020297594543e-07,0.0007177457446232438,0.003419507062062621,6.702549626425025e-07,0.003893650835379958,0.0004791106330230832,-12.411275863647461,0.30883845686912537,0.00046924149501137435,0.3282493054866791,0.2841868996620178,0.0021399029064923525,0.2959662079811096,0.022705355659127235,-4.633918285369873,0.3460407853126526,0.001309503917582333,0.34868544340133667,0.002644658088684082,-2.397444486618042,0.5800226926803589,0.008499770425260067,0.7020031213760376,0.12198042869567871,-0.5896472930908203,0.004912897944450378,0.0011921399272978306,0.0,0.004912897944450378,-2.4369406700134277,0.17807024717330933,1.0,0.8219297528266907,0.09810878336429596,1.0,0.9018912315368652,0.0,0.0,-17.3171329498291,1785282694.2282753,42.41170382499695,15.324462413787842,2040.7639850177343,19.81811731448397,0.21221272551587367,96.48,True,1.8231210708618164
354,0.0007001180201768875,3.9965487985682557e-07,0.0007643463322892785,0.0034254719503223896,6.0855120409542e-07,0.0037787517067044973,0.0003590708365663886,-12.576842308044434,0.3129104673862457,0.0004516248591244221,0.3283059000968933,0.2817819118499756,0.002024905988946557,0.2848406434059143,0.015696343034505844,-4.849850654602051,0.34498265385627747,0.001210749032907188,0.3498445749282837,0.004861921072006226,-2.4295578002929688,0.5769443511962891,0.008266454562544823,0.6516666412353516,0.0747222900390625,-1.1411206722259521,0.004918113350868225,0.0011609834618866444,0.0,0.004918113350868225,-2.449888229370117,0.18343394994735718,1.0,0.8165660500526428,0.10088641196489334,1.0,0.8991135954856873,0.0,0.0,-17.67150115966797,1785282694.3235261,42.50695466995239,15.419713258743286,2045.7748814488277,20.950395952537654,0.42164781498056936,96.48,True,1.8231210708618164
355,0.0007505797548219562,3.861715072162042e-07,0.0007495989557355642,0.003445979906246066,5.880625053578115e-07,0.003774627111852169,0.0003286486607976258,-12.626995086669922,0.3160000741481781,0.0004511411243584007,0.32861483097076416,0.2791617512702942,0.0020187515765428543,0.2970472276210785,0.02188657969236374,-4.861030578613281,0.34378325939178467,0.001186010311357677,0.3663010001182556,0.022517740726470947,-2.235879421234131,0.5729796886444092,0.008677550591528416,0.5909542441368103,0.017974555492401123,-1.4359533786773682,0.005588933825492859,0.0011600228026509285,0.0,0.005588933825492859,-2.4472556114196777,0.18454964458942413,1.0,0.8154503703117371,0.10082371532917023,1.0,0.899176299571991,0.0,0.0,-17.633758544921875,1785282694.4280674,42.61149597167969,15.524254560470581,2050.748035265175,22.0800419726409,0.6311456085315688,96.48,True,1.8231210708618164
356,0.0007936878828331828,3.7788004192407243e-07,0.0008402671664953232,0.0034670031163841486,5.80763696689246e-07,0.003969503566622734,0.000504654657561332,-12.515665054321289,0.318901926279068,0.0004589661257341504,0.32847288250923157,0.27895283699035645,0.002004489302635193,0.30501845479011536,0.027767239138484,-4.842306613922119,0.3441387116909027,0.0011719816830009222,0.3663010001182556,0.022162288427352905,-2.2460455894470215,0.5560064911842346,0.009134403429925442,0.6200215220451355,0.06401503086090088,-1.2046024799346924,0.005726516246795654,0.0011537816608324647,0.0,0.005726516246795654,-2.4492053985595703,0.18236516416072845,1.0,0.8176348209381104,0.09963437914848328,1.0,0.9003655910491943,0.0,0.0,-17.51253318786621,1785282694.5226398,42.70606827735901,15.618826866149902,2055.5999637244668,23.211637779884036,0.8418326935597715,96.48,True,1.8231210708618164
357,0.0008396300836466253,3.733029245722719e-07,0.0009598232572898269,0.0034822672605514526,5.769034032709897e-07,0.0037814753595739603,0.0003224467218387872,-12.648414611816406,0.32114630937576294,0.00046598888002336025,0.3278436064720154,0.2795967161655426,0.002013822551816702,0.30316177010536194,0.02449827641248703,-4.915655136108398,0.3447997570037842,0.001172883901745081,0.3552815914154053,0.010481834411621094,-2.408369302749634,0.543685257434845,0.009668819606304169,0.6326044201850891,0.08891916275024414,-0.9916142225265503,0.0060656070709228516,0.00113798922393471,0.0,0.0060656070709228516,-2.4541425704956055,0.18102213740348816,1.0,0.8189778327941895,0.09776571393013,1.0,0.9022343158721924,0.0,0.0,-17.785123825073242,1785282694.6292543,42.81268286705017,15.725441455841064,2060.7244828209655,24.34817075906321,1.0543885034109723,96.48,True,1.8231210708618164
358,0.0008872976759448647,3.732911579845677e-07,0.0008839948568493128,0.0034811366349458694,5.801543352390581e-07,0.003824743442237377,0.00034362266887910664,-12.640793800354004,0.3222779333591461,0.00047296658158302307,0.3271811902523041,0.2800399959087372,0.0020390572026371956,0.29407280683517456,0.014864780940115452,-5.014296531677246,0.34517309069633484,0.0011895011411979795,0.3503611087799072,0.005188018083572388,-2.4368584156036377,0.5329151153564453,0.01022688765078783,0.6463844776153564,0.11346936225891113,-0.7429463863372803,0.0062227994203567505,0.001116606523282826,0.0,0.0062227994203567505,-2.4624524116516113,0.1772785186767578,1.0,0.8227214813232422,0.09517374634742737,1.0,0.904826283454895,0.0,0.0,-17.87066078186035,1785282694.7141404,42.89756894111633,15.810327529907227,2065.9345388742513,25.493013579398387,1.2695362808448758,96.48,True,1.8231210708618164
359,0.0009372268104925752,3.758406705856032e-07,0.0010317441774532199,0.0034777740947902203,5.87643683047645e-07,0.0038381207268685102,0.0003725362184923142,-12.61037826538086,0.32330670952796936,0.0004787716898135841,0.32647815346717834,0.2807125449180603,0.002074955962598324,0.2886979579925537,0.00859214086085558,-5.047304153442383,0.34568336606025696,0.0012074174592271447,0.35196876525878906,0.0062853991985321045,-2.424337387084961,0.5259093642234802,0.010785580612719059,0.5020546317100525,0.023854732513427734,-1.3194540739059448,0.00627446174621582,0.0010965033434331417,0.0,0.00627446174621582,-2.470923900604248,0.1718936264514923,1.0,0.8281064033508301,0.09200385957956314,1.0,0.9079961180686951,0.0,0.0,-17.860389709472656,1785282694.8085225,42.99195098876953,15.904709577560425,2071.1343238551494,26.6463278886862,1.4878538928925793,96.48,True,1.8231210708618164
360,0.0009830666240304708,3.8395953083636414e-07,0.001084191957488656,0.0034541364293545485,6.128109362180112e-07,0.0037181945517659187,0.0002827596617862582,-12.630884170532227,0.3237026631832123,0.0004929177812300622,0.3257809579372406,0.2816988229751587,0.0020928392186760902,0.28927403688430786,0.007855136878788471,-5.036232948303223,0.34663739800453186,0.001228245673701167,0.3513653576374054,0.004727959632873535,-2.4230458736419678,0.49976426362991333,0.011400926858186722,0.5179982781410217,0.0182340145111084,-1.3035105466842651,0.006736874580383301,0.0010862980270758271,0.0,0.006736874580383301,-2.472661256790161,0.1613970696926117,0.0,0.1613970696926117,0.08701479434967041,0.0,0.08701479434967041,0.0,0.0,-17.87139320373535,1785282694.9130955,43.09652400016785,16.00928258895874,2076.3451123303103,27.80137955415993,0.8851901812212581,96.48,True,1.8231210708618164
361,0.0010379115119576454,4.014206353986083e-07,0.0010943791130557656,0.0034122683573514223,6.437099386857881e-07,0.0036827349103987217,0.0002762982912827283,-12.593467712402344,0.3216175436973572,0.0004971131565980613,0.32393473386764526,0.28660327196121216,0.0021648237016052008,0.28915318846702576,0.003445496316999197,-5.026275634765625,0.34955692291259766,0.0012758778175339103,0.34957191348075867,1.4990568161010742e-05,-2.4131217002868652,0.5148511528968811,0.011864672414958477,0.561556875705719,0.04670572280883789,-1.2062269449234009,0.007720574736595154,0.0010318118147552013,0.0,0.007720574736595154,-2.49039626121521,0.14159801602363586,0.0,0.14159801602363586,0.07651689648628235,0.0,0.07651689648628235,0.0,0.0,-17.821048736572266,1785282695.009799,43.19322752952576,16.10598611831665,2081.505556338308,28.974166224058706,0.2720285716865489,96.48,True,1.8231210708618164
362,0.0010894790757447481,3.999898581241723e-07,0.0012723926920443773,0.003361521288752556,6.422761771318619e-07,0.0038550840690732002,0.0005263664061203599,-12.425695419311523,0.31986671686172485,0.0004836177686229348,0.3224726915359497,0.28832146525382996,0.0021866862662136555,0.2881707549095154,0.002610329072922468,-5.03488826751709,0.35094550251960754,0.0012745305430144072,0.34759584069252014,0.0033496618270874023,-2.4092483520507812,0.532612681388855,0.011890256777405739,0.5102583169937134,0.0223543643951416,-1.276065707206726,0.0068050771951675415,0.000964294362347573,0.0,0.0068050771951675415,-2.529106855392456,0.11782028526067734,0.0,0.11782028526067734,0.06514865905046463,0.0,0.06514865905046463,0.0,0.0,-17.65822982788086,1785282695.111816,43.295244455337524,16.208003044128418,2086.5031814376143,30.18566348813473,0.0,96.48,True,1.8231210708618164
363,0.0011338790645822883,3.956808996008476e-07,0.0013642087578773499,0.003314381232485175,6.30481679309014e-07,0.003617372363805771,0.00038059873622842133,-12.531999588012695,0.31798940896987915,0.0004668475594371557,0.3204059302806854,0.2878044843673706,0.0021814245264977217,0.28421613574028015,0.004326178692281246,-5.0515594482421875,0.35089778900146484,0.0012555100256577134,0.3428155779838562,0.008082211017608643,-2.3951542377471924,0.5494757294654846,0.011390278115868568,0.5314072966575623,0.018068432807922363,-1.3042280673980713,0.005979880690574646,0.0009242714731954038,0.0,0.005979880690574646,-2.554969310760498,0.09697147458791733,0.0,0.09697147458791733,0.05473126843571663,0.0,0.05473126843571663,0.0,0.0,-17.770824432373047,1785282695.2189076,43.40233612060547,16.315094709396362,2091.613401141413,31.423023207578794,0.0,96.48,True,1.8231210708618164
364,0.001176757155917585,3.932010201879166e-07,0.0012647383846342564,0.0032674099784344435,6.192580030983663e-07,0.0036442165728658438,0.0003869417414534837,-12.559484481811523,0.3152517080307007,0.00045037013478577137,0.3187306225299835,0.2874705195426941,0.002189441816881299,0.28285595774650574,0.005779016297310591,-5.058598518371582,0.35093599557876587,0.0012441956205293536,0.3433629274368286,0.007573068141937256,-2.402647018432617,0.5739933848381042,0.010919657535851002,0.6146915555000305,0.04069817066192627,-1.2638148069381714,0.005341321229934692,0.0008822492673061788,0.0,0.005341321229934692,-2.5814106464385986,0.07933129370212555,0.0,0.07933129370212555,0.04585197940468788,0.0,0.04585197940468788,0.0,0.0,-17.80768585205078,1785282695.3129766,43.49640512466431,16.4091637134552,2096.760482264889,32.68682426270096,0.0,96.48,True,1.8231210708618164
365,0.0012407617177814245,4.4822863287663495e-07,0.0015536189312115312,0.002895230893045664,6.682204798380553e-07,0.0035398704931139946,0.0007165471324697137,-12.160297393798828,0.29113680124282837,0.0004609237366821617,0.31698548793792725,0.27817457914352417,0.002476457040756941,0.28283464908599854,0.02626539207994938,-4.27454137802124,0.3425840735435486,0.0016656183870509267,0.34280964732170105,0.00022557377815246582,-2.2798256874084473,0.5937857031822205,0.010353004559874535,0.5444019436836243,0.04938375949859619,-1.2485206127166748,0.005218043923377991,0.0008007874712347984,0.0,0.005218043923377991,-2.6290183067321777,0.056762613356113434,0.0,0.056762613356113434,0.034570980817079544,0.0,0.034570980817079544,0.0,0.0,-16.7198429107666,1785282695.4083683,43.591796875,16.504555463790894,2100.819720447081,33.998232978116704,0.0,96.48,True,1.8231210708618164
366,0.0012944354675710201,4.1507226455905766e-07,0.0014986579772084951,0.002940990962088108,6.207501996868814e-07,0.003492422169074416,0.0005880333483219147,-12.360530853271484,0.2967158555984497,0.0004378250159788877,0.31523191928863525,0.2809174656867981,0.0023602680303156376,0.28291556239128113,0.018623560667037964,-4.661081314086914,0.3452003598213196,0.0014733524294570088,0.34342795610427856,0.0017724037170410156,-2.3401029109954834,0.613862931728363,0.01008398924022913,0.6105117201805115,0.0033512115478515625,-1.3789079189300537,0.005157411098480225,0.0007828956586308777,0.0,0.005157411098480225,-2.640329599380493,0.05353658273816109,0.0,0.05353658273816109,0.03256463259458542,0.0,0.03256463259458542,0.0,0.0,-17.25944709777832,1785282695.5148258,43.698254346847534,16.611012935638428,2105.418562816285,35.320952986180764,0.0,96.48,True,1.8231210708618164
367,0.0013439632020890713,3.903727190390782e-07,0.0014839646173641086,0.0029674163088202477,5.840926178279915e-07,0.0033903871662914753,0.0004455386952031404,-12.538556098937988,0.3007286787033081,0.00042100794962607324,0.3140808641910553,0.2849474549293518,0.002273685997352004,0.2849290072917938,0.013352197594940662,-4.879997730255127,0.3483213782310486,0.0013319397112354636,0.3447812795639038,0.0035400986671447754,-2.3869166374206543,0.6391822695732117,0.010161525569856167,0.6502764821052551,0.011094212532043457,-1.36957848072052,0.005381301045417786,0.000761220755521208,0.0,0.005381301045417786,-2.652334213256836,0.05064220353960991,0.0,0.05064220353960991,0.03102608025074005,0.0,0.03102608025074005,0.0,0.0,-17.63601303100586,1785282695.6099312,43.79335975646973,16.70611834526062,2110.3939711187163,36.65567760812117,0.0,96.48,True,1.8231210708618164
368,0.0013991484884172678,3.681032296753983e-07,0.0017091411864385009,0.0030036347452551126,5.507237688107125e-07,0.00348363583907485,0.000571398762986064,-12.435881614685059,0.30547183752059937,0.0004069846181664616,0.3129337728023529,0.2892078161239624,0.0021885952446609735,0.28286415338516235,0.009794005192816257,-5.050138473510742,0.35173940658569336,0.0012012581573799253,0.33968275785446167,0.01205664873123169,-2.3827500343322754,0.65907883644104,0.010359016247093678,0.68695068359375,0.02787184715270996,-1.3285146951675415,0.005635738372802734,0.0007493726443499327,0.0,0.005635738372802734,-2.6580066680908203,0.047599345445632935,0.0,0.047599345445632935,0.02954813279211521,0.0,0.02954813279211521,0.0,0.0,-17.667367935180664,1785282695.714371,43.897799491882324,16.810558080673218,2115.4007343253224,37.996074684895554,0.0,96.48,True,1.8231210708618164
369,0.0013717124238610268,3.834175004158169e-07,0.001577809569425881,0.0030309006106108427,5.735064974032866e-07,0.0033954496029764414,0.00041877440526150167,-12.563687324523926,0.3082277476787567,0.0004241259302943945,0.3121523857116699,0.2966819107532501,0.0021983222104609013,0.28189021348953247,0.015303499065339565,-5.036971092224121,0.3572484254837036,0.0011793558951467276,0.3423885405063629,0.014859884977340698,-2.358837842941284,0.6362502574920654,0.01099928468465805,0.7447850108146667,0.10853475332260132,-0.8005439639091492,0.006557047367095947,0.0007630182080902159,0.0,0.006557047367095947,-2.6420018672943115,0.04542957991361618,0.0,0.04542957991361618,0.02836628258228302,0.0,0.02836628258228302,0.0,0.0,-17.772682189941406,1785282695.8186126,44.00204110145569,16.914799690246582,2120.5128117866893,39.32046696087343,0.0,96.48,True,1.8231210708618164
370,0.0014158706180751324,3.7853843082302774e-07,0.0018329669255763292,0.002999796299263835,5.538603886634519e-07,0.0032716179266572,0.0004978516953997314,-12.4622802734375,0.30757659673690796,0.0004118775250390172,0.3120777904987335,0.29711174964904785,0.0021716048941016197,0.28206366300582886,0.015706866979599,-5.04892635345459,0.3578145503997803,0.0011387534905225039,0.3413749635219574,0.016439586877822876,-2.3513073921203613,0.6659424304962158,0.010533766821026802,0.8060948848724365,0.1401524543762207,-0.42527735233306885,0.006512448191642761,0.0007468597032129765,0.0,0.006512448191642761,-2.652484655380249,0.044433169066905975,0.0,0.044433169066905975,0.027850663289427757,0.0,0.027850663289427757,0.0,0.0,-17.677074432373047,1785282695.912543,44.09597158432007,17.008730173110962,2125.529281490488,40.65534202493725,0.0,96.48,True,1.8231210708618164
371,0.0014745957450941205,3.676919106965215e-07,0.0018104477785527706,0.0029534888453781605,5.256036956780008e-07,0.003289063461124897,0.0004747703787870705,-12.538982391357422,0.3066393733024597,0.0003963591589126736,0.3127056658267975,0.29832443594932556,0.0021272662561386824,0.2797545790672302,0.019535595551133156,-5.0277018547058105,0.35906630754470825,0.0010890436824411154,0.34107112884521484,0.017995178699493408,-2.343614339828491,0.7006936073303223,0.009999760426580906,0.8614634871482849,0.16076987981796265,-0.09127986431121826,0.006657078862190247,0.0007207862799987197,0.0,0.006657078862190247,-2.6679036617279053,0.043864570558071136,0.0,0.043864570558071136,0.027427060529589653,0.0,0.027427060529589653,0.0,0.0,-17.73295021057129,1785282696.0175135,44.200942039489746,17.11370062828064,2130.6016269724846,42.00563609534872,0.0,96.48,True,1.8231210708618164
372,0.0015387085732072592,3.506298185129708e-07,0.0018219095654785633,0.0029099364764988422,4.90808702124923e-07,0.0032526354771107435,0.00044457329204306006,-12.62348461151123,0.30659231543540955,0.00037956429878249764,0.3138003945350647,0.29953569173812866,0.002064125845208764,0.28064656257629395,0.02021770551800728,-5.037019729614258,0.36032822728157043,0.0010305276373401284,0.3466285467147827,0.01369968056678772,-2.4288430213928223,0.7337467670440674,0.009502865374088287,0.885034441947937,0.15128767490386963,-0.20487618446350098,0.0067964643239974976,0.0006933129043318331,0.0,0.0067964643239974976,-2.6847636699676514,0.04405111074447632,0.0,0.04405111074447632,0.0273510180413723,0.0,0.0273510180413723,1.0,0.0,-17.867523193359375,1785282696.1121793,44.295607805252075,17.20836639404297,2135.8085454372695,43.37279017399994,0.0,96.48,True,1.8231210708618164
373,0.001652532140724361,3.3693129353196127e-07,0.0020780391059815884,0.002858515828847885,4.551331471702724e-07,0.003349882550537586,0.0006499980227090418,-12.381227493286133,0.3075108826160431,0.00036139984149485826,0.3157498836517334,0.3038708567619324,0.001990621443837881,0.28140875697135925,0.023925447836518288,-5.013895034790039,0.3644672632217407,0.0009550056420266628,0.3452967703342438,0.019170492887496948,-2.365546703338623,0.7903339862823486,0.008461258374154568,0.7669525146484375,0.023381471633911133,-1.4348844289779663,0.005884036421775818,0.0006561835180036724,0.0,0.005884036421775818,-2.719215154647827,0.04727989062666893,0.0,0.04727989062666893,0.02891056053340435,0.0,0.02891056053340435,1.0,0.0,-17.575117111206055,1785282696.2163248,44.39975333213806,17.312511920928955,2140.723057819901,44.77439573733133,0.0,96.48,True,1.8231210708618164
374,0.0017383038066327572,3.1123292387746915e-07,0.0020298089366406202,0.0027654627338051796,4.072227000051498e-07,0.0031725254375487566,0.0005006748251616955,-12.670473098754883,0.30896586179733276,0.0003416395920794457,0.31806519627571106,0.3042910099029541,0.0019139682408422232,0.2814291715621948,0.0246061272919178,-5.024571418762207,0.3644479811191559,0.0008888500742614269,0.34657222032546997,0.017875760793685913,-2.4141018390655518,0.824158251285553,0.00806713942438364,0.7273792028427124,0.09677904844284058,-0.9105250239372253,0.006855890154838562,0.000658951757941395,0.0,0.006855890154838562,-2.707826614379883,0.05286179482936859,0.0,0.05286179482936859,0.030930353328585625,0.0,0.030930353328585625,1.0,0.0,-17.897180557250977,1785282696.3111656,44.49459409713745,17.407352685928345,2145.9596336485774,46.16461276039478,0.0,96.48,True,1.8231210708618164
375,0.0018181410850957036,2.9629032383127196e-07,0.0020923824049532413,0.0026934207417070866,3.744262073723803e-07,0.0032343724742531776,0.0006064957706257701,-12.559335708618164,0.31110385060310364,0.00033195415744557977,0.31881439685821533,0.3039082884788513,0.0019017568556591868,0.2805771231651306,0.024572256952524185,-5.067202568054199,0.3639318346977234,0.0008607528870925307,0.342237651348114,0.021694183349609375,-2.3365256786346436,0.847091019153595,0.008140911348164082,0.7601043581962585,0.08698666095733643,-1.0217562913894653,0.007899776101112366,0.0006925020716153085,0.0,0.007899776101112366,-2.67360258102417,0.062252845615148544,0.0,0.062252845615148544,0.034713372588157654,0.0,0.034713372588157654,1.0,0.0,-17.781360626220703,1785282696.4165812,44.60000967979431,17.512768268585205,2151.0803895462236,47.52060575010252,0.0,96.48,True,1.8231210708618164
376,0.0019110089633613825,2.8574154953275865e-07,0.0022425225470215082,0.002653495641425252,3.48924743320822e-07,0.003141727764159441,0.0005901456461288035,-12.596529006958008,0.31414616107940674,0.0003264794941060245,0.3196341097354889,0.3028722107410431,0.001918852562084794,0.27898910641670227,0.02450551465153694,-5.108952522277832,0.36301469802856445,0.0008515100926160812,0.3439424932003021,0.01907220482826233,-2.4017205238342285,0.8645364046096802,0.008331716060638428,0.8213978409767151,0.04313856363296509,-1.3632266521453857,0.008730858564376831,0.0007424124050885439,0.0,0.008730858564376831,-2.632526159286499,0.07378776371479034,0.0,0.07378776371479034,0.03927977383136749,0.0,0.03927977383136749,1.0,0.0,-17.884552001953125,1785282696.510737,44.69416546821594,17.606924057006836,2156.304336819602,48.835522318072584,0.0,96.48,True,1.8231210708618164
377,0.001993033569306135,2.7325597784511046e-07,0.0022584896069020033,0.0026395709719508886,3.247217819080106e-07,0.0031134379096329212,0.0005431544850580394,-12.71400260925293,0.3179505467414856,0.0003212595183867961,0.3204885423183441,0.30305126309394836,0.0019313374068588018,0.2825796902179718,0.020628299564123154,-5.190003395080566,0.36328840255737305,0.0008393366588279605,0.3480639159679413,0.015224486589431763,-2.4844346046447754,0.8818137049674988,0.008462986908853054,0.8685421943664551,0.013271510601043701,-1.4566819667816162,0.009188562631607056,0.0008011340978555381,0.0,0.009188562631607056,-2.593108654022217,0.08781865984201431,0.0,0.08781865984201431,0.04500986635684967,0.0,0.04500986635684967,1.0,0.0,-18.10822296142578,1785282696.6154263,44.79885482788086,17.711613416671753,2161.7519550524535,50.11102138077837,0.0,96.48,True,1.8231210708618164
378,0.0021398712415248156,2.567014121268585e-07,0.0024239325430244207,0.0025560189969837666,2.892099075779697e-07,0.003209897084161639,0.0007129146833904088,-12.381505966186523,0.3213443458080292,0.00031152574229054153,0.32195284962654114,0.3044266700744629,0.001898071262985468,0.28381991386413574,0.02061573788523674,-5.2201409339904785,0.36539024114608765,0.0008015852072276175,0.3472940921783447,0.01809614896774292,-2.4412567615509033,0.9170458912849426,0.008257587440311909,0.7591722011566162,0.15787369012832642,0.029790759086608887,0.009359017014503479,0.0008815494365990162,0.0,0.009359017014503479,-2.5482959747314453,0.106832355260849,0.0,0.106832355260849,0.05177437141537666,0.0,0.05177437141537666,1.0,0.0,-17.778247833251953,1785282696.7106702,44.89409875869751,17.806857347488403,2166.869598157131,51.34170776419338,0.0,96.48,True,1.8231210708618164
379,0.0024034855887293816,2.451597822528129e-07,0.0023495065979659557,0.002445580204948783,2.550955287006218e-07,0.003039204515516758,0.0005960734561085701,-12.666970252990723,0.32787227630615234,0.0003061446768697351,0.3237440884113312,0.3049113154411316,0.0018439377890899777,0.28124111890792847,0.024027487263083458,-5.1760172843933105,0.3658415973186493,0.0007467255927622318,0.3488701581954956,0.016971439123153687,-2.4881060123443604,0.9541558623313904,0.008281109854578972,0.7112976908683777,0.2428581714630127,2.083171844482422,0.010538645088672638,0.0010038024047389627,0.0,0.010538645088672638,-2.477720260620117,0.1357898712158203,0.0,0.1357898712158203,0.06072726473212242,0.0,0.06072726473212242,1.0,0.0,-18.051837921142578,1785282696.8156643,44.99909281730652,17.911851406097412,2172.260831349699,52.501818433497064,0.0,96.48,True,1.8231210708618164
380,0.0024837832897901535,2.4738307047300623e-07,0.00251220865175128,0.002425561426207423,2.5251608803955605e-07,0.0029616046231240034,0.0005367963458411396,-12.793590545654297,0.3302064538002014,0.0003153009165544063,0.3242436647415161,0.3044104278087616,0.0018511974485591054,0.2830033302307129,0.02222203090786934,-5.158918380737305,0.36518704891204834,0.0007473857840523124,0.35080695152282715,0.014380097389221191,-2.5421855449676514,0.9551078677177429,0.008792521432042122,0.7606260776519775,0.19448179006576538,0.7028831243515015,0.010515064001083374,0.0010670606279745698,0.0,0.010515064001083374,-2.450676441192627,0.14919111132621765,0.0,0.14919111132621765,0.06724030524492264,0.0,0.06724030524492264,1.0,0.0,-18.191818237304688,1785282696.9111416,45.09457015991211,18.007328748703003,2177.792044858429,53.63488528337326,0.0,96.48,True,1.8231210708618164
381,0.0025664563290774822,2.5020349880833237e-07,0.0024986397475004196,0.002402206417173147,2.502788731817418e-07,0.002965254010632634,0.0005671170074492693,-12.720434188842773,0.33201277256011963,0.0003215282631572336,0.3247934877872467,0.3051072359085083,0.0018711593002080917,0.28804811835289,0.0185238104313612,-5.16512393951416,0.36548638343811035,0.0007566664135083556,0.3547188639640808,0.010767519474029541,-2.597743511199951,0.9539434313774109,0.009080594405531883,0.7953637838363647,0.15857964754104614,-0.047185540199279785,0.010499462485313416,0.0011100375559180975,0.0,0.010499462485313416,-2.43308687210083,0.15978431701660156,0.0,0.15978431701660156,0.07165364176034927,0.0,0.07165364176034927,1.0,0.0,-18.151405334472656,1785282697.016713,45.20014142990112,18.112900018692017,2183.2828454643272,54.750362564157655,0.0,96.48,True,1.8231210708618164
382,0.0026425509713590145,2.5393893565706094e-07,0.002731619169935584,0.0023787091486155987,2.498619551261072e-07,0.003052209969609976,0.0006793647771701217,-12.433059692382812,0.3333677649497986,0.0003286056744400412,0.32543694972991943,0.30572888255119324,0.0018984402995556593,0.2905696928501129,0.01710844412446022,-5.1495819091796875,0.3655329644680023,0.0007720813155174255,0.3552114963531494,0.010321468114852905,-2.5952811241149902,0.9524229168891907,0.00938310194760561,0.8336901664733887,0.118732750415802,-0.6642681956291199,0.01031406968832016,0.0011418070644140244,0.0,0.01031406968832016,-2.422049045562744,0.1682475060224533,0.0,0.1682475060224533,0.07525542378425598,0.0,0.07525542378425598,1.0,0.0,-17.850364685058594,1785282697.1100645,45.293493032455444,18.206251621246338,2188.4726054208113,55.854802018403966,0.0,96.48,True,1.8231210708618164
383,0.0026965669821947813,2.571962340880418e-07,0.0027371724136173725,0.0023673330433666706,2.5131083702945034e-07,0.002851811470463872,0.0004861770721618086,-12.876928329467773,0.33435577154159546,0.00033618081943131983,0.32655051350593567,0.3059892952442169,0.001936330460011959,0.29094162583351135,0.016951531171798706,-5.135455131530762,0.3652847707271576,0.0007951018633320928,0.35599514842033386,0.00928962230682373,-2.595313549041748,0.9502357840538025,0.009724312461912632,0.8792147636413574,0.07102102041244507,-1.138275384902954,0.010029159486293793,0.0011637891875579953,0.0,0.010029159486293793,-2.415884256362915,0.17445935308933258,0.0,0.17445935308933258,0.078022800385952,0.0,0.078022800385952,1.0,0.0,-18.282949447631836,1785282697.2143452,45.39777374267578,18.310532331466675,2194.0949501398686,56.95307668345045,0.0,96.48,True,1.8231210708618164
384,0.0027866989839822054,2.633681503994012e-07,0.0027384264394640923,0.0023388369008898735,2.523077853311406e-07,0.0028762503061443567,0.0005395770422182977,-12.75652027130127,0.33714818954467773,0.0003447342896834016,0.3281557261943817,0.3068755865097046,0.0019561152439564466,0.2915354371070862,0.017781579867005348,-5.089454174041748,0.3654438853263855,0.0008019811357371509,0.3592642843723297,0.006179600954055786,-2.6214659214019775,0.945227324962616,0.009985911659896374,0.9111121892929077,0.03411513566970825,-1.3260773420333862,0.009827330708503723,0.0011813786113634706,0.0,0.009827330708503723,-2.4107236862182617,0.17775915563106537,0.0,0.17775915563106537,0.07946552336215973,0.0,0.07946552336215973,0.0,0.0,-18.138816833496094,1785282697.3094552,45.49288368225098,18.40564227104187,2199.57316224479,58.046190778352276,0.0,96.48,True,1.8231210708618164
385,0.0028468677774071693,2.5503641154500656e-07,0.0029574320651590824,0.0023268654476851225,2.439391550979053e-07,0.0028607407584786415,0.0005452039185911417,-12.758050918579102,0.3408968448638916,0.0003527269000187516,0.33057308197021484,0.3010828495025635,0.001904790522530675,0.2908836603164673,0.01451218593865633,-5.090336799621582,0.3605545461177826,0.0007859611650928855,0.3597954213619232,0.000759124755859375,-2.654996395111084,0.916355550289154,0.010650277137756348,0.8808712959289551,0.035484254360198975,-1.2930335998535156,0.011298447847366333,0.001227974658831954,0.0,0.011298447847366333,-2.3802783489227295,0.16948407888412476,0.0,0.16948407888412476,0.07593310624361038,0.0,0.07593310624361038,0.0,0.0,-18.157817840576172,1785282697.4055967,45.589025259017944,18.501783847808838,2205.070375356792,59.10885953595857,0.0,96.48,True,1.8231210708618164
386,0.0028926669619977474,2.560043412813684e-07,0.0024282673839479685,0.002305272500962019,2.4416146970906993e-07,0.0023250288795679808,0.000464819633634761,-12.94186019897461,0.34370726346969604,0.000365046231308952,0.33256593346595764,0.3019670248031616,0.001859727199189365,0.2901003062725067,0.01627723127603531,-5.055650234222412,0.36069977283477783,0.0007756837294436991,0.3597954213619232,0.0009043514728546143,-2.661417245864868,0.881805956363678,0.010893200524151325,0.9411582350730896,0.05935227870941162,-1.1791775226593018,0.011487796902656555,0.001228150213137269,0.0,0.011487796902656555,-2.37845778465271,0.15838727355003357,0.0,0.15838727355003357,0.0718391016125679,0.0,0.0718391016125679,0.0,0.0,-18.31709098815918,1785282697.5121982,45.695626735687256,18.60838532447815,2210.7268616163765,60.16970772929485,0.0,96.48,True,1.8231210708618164
387,0.0029544010758399963,2.588147083315562e-07,0.003034838940948248,0.0022682577837258577,2.4319004410244816e-07,0.002664684085175395,0.00040450470987707376,-13.024801254272461,0.3459697663784027,0.0003727745497599244,0.335248202085495,0.30514606833457947,0.001839589443989098,0.2903639078140259,0.018261002376675606,-5.044921875,0.3624889552593231,0.0007727594929747283,0.36084866523742676,0.0016402900218963623,-2.6620917320251465,0.8544867038726807,0.010935893282294273,0.9507119059562683,0.09622520208358765,-0.9155700206756592,0.011881917715072632,0.001200272236019373,0.0,0.011881917715072632,-2.3848533630371094,0.14377209544181824,0.0,0.14377209544181824,0.06560835987329483,0.0,0.06560835987329483,0.0,0.0,-18.39178466796875,1785282697.617504,45.80093240737915,18.713690996170044,2216.4580415557707,61.236951501015525,0.0,96.48,True,1.8231210708618164
388,0.003029577201232314,2.5953829663194483e-07,0.003526895772665739,0.0022312579676508904,2.3999160703169764e-07,0.003108304925262928,0.0010082346852868795,-11.286582946777344,0.3492029309272766,0.00038076238706707954,0.3374110162258148,0.30819010734558105,0.001794719137251377,0.29001790285110474,0.02166283130645752,-4.985650539398193,0.3639053404331207,0.0007551393937319517,0.36120495200157166,0.0027003884315490723,-2.670537233352661,0.8246166706085205,0.010908275842666626,0.9379878044128418,0.11337113380432129,-0.75103759765625,0.011897869408130646,0.0011752938153222203,0.0,0.011897869408130646,-2.3939573764801025,0.1263924092054367,0.0,0.1263924092054367,0.05897657945752144,0.0,0.05897657945752144,0.0,0.0,-16.61037254333496,1785282697.711779,45.89520764350891,18.807966232299805,2220.407809370531,62.313299286179195,0.0,96.48,True,1.8231210708618164
389,0.00311683164909482,2.617046845898585e-07,0.0025326882023364305,0.002192774089053273,2.3739426069369074e-07,0.0022299173288047314,0.0005853231414221227,-12.712088584899902,0.3531794846057892,0.0003920705639757216,0.34068813920021057,0.3110460638999939,0.0017437898786738515,0.2901436686515808,0.02435043826699257,-4.935741424560547,0.36508670449256897,0.0007340738666243851,0.361468106508255,0.003618597984313965,-2.6805927753448486,0.7874486446380615,0.010886471718549728,0.9066609144210815,0.11921226978302002,-0.6884620189666748,0.01183229684829712,0.001163575565442443,0.0,0.01183229684829712,-2.399029493331909,0.10744179785251617,0.0,0.10744179785251617,0.05184943974018097,0.0,0.05184943974018097,0.0,0.0,-18.000978469848633,1785282697.8158286,45.99925708770752,18.912015676498413,2225.7481831118052,63.39471918819467,0.0,96.48,True,1.8231210708618164
390,0.003185343462973833,2.5353213572998357e-07,0.003251749323680997,0.0020868550054728985,2.2224806173198886e-07,0.0026228902861475945,0.0005401329253800213,-12.760623931884766,0.3540549576282501,0.0003893477260135114,0.34289249777793884,0.3150750398635864,0.0016045552911236882,0.2900390625,0.0274116899818182,-4.949765205383301,0.36812326312065125,0.0006567855598405004,0.3598870038986206,0.00823625922203064,-2.693495750427246,0.7772208452224731,0.01098559144884348,0.8820375800132751,0.104816734790802,-0.8366034030914307,0.012322001159191132,0.001085191615857184,0.0,0.012322001159191132,-2.424104928970337,0.0763317346572876,0.0,0.0763317346572876,0.039764340966939926,0.0,0.039764340966939926,0.0,0.0,-18.067184448242188,1785282697.9201908,46.10361933708191,19.016377925872803,2231.154762831473,64.50121452584858,0.0,96.48,True,1.8231210708618164
391,0.0032325112260878086,2.580439968369319e-07,0.0033127563074231148,0.00206608884036541,2.2402171850899322e-07,0.0026110648177564144,0.0005508521571755409,-12.727595329284668,0.356382817029953,0.0004015691811218858,0.3451472222805023,0.31687039136886597,0.001570327440276742,0.28799089789390564,0.030988123267889023,-4.877684593200684,0.3689112663269043,0.00064661237411201,0.35911357402801514,0.00979769229888916,-2.6787140369415283,0.7475308179855347,0.01120698731392622,0.8503725528717041,0.10284173488616943,-0.8548029661178589,0.012158915400505066,0.0010743063176050782,0.0,0.012158915400505066,-2.4302947521209717,0.06637713313102722,0.0,0.06637713313102722,0.03558972850441933,0.0,0.03558972850441933,0.0,0.0,-17.969100952148438,1785282698.0142832,46.1977117061615,19.110470294952393,2236.463259055047,65.61389968665313,0.0,96.48,True,1.8231210708618164
392,0.0032729560043662786,2.638671503518708e-07,0.003318240400403738,0.0020514638163149357,2.270697052608739e-07,0.002512512495741248,0.00046326726442202926,-12.91308879852295,0.35877227783203125,0.00041519978549331427,0.34712132811546326,0.3181648254394531,0.0015408588806167245,0.2892235219478607,0.03119845688343048,-4.857940673828125,0.36937135457992554,0.0006394609808921814,0.3597707748413086,0.009600579738616943,-2.686434507369995,0.7152283787727356,0.011501938104629517,0.7103428840637207,0.004885494709014893,-1.3126436471939087,0.012030713260173798,0.0010700386483222246,0.0,0.012030713260173798,-2.433459758758545,0.05792726203799248,0.0,0.05792726203799248,0.03199261054396629,0.0,0.03199261054396629,0.0,0.0,-18.14266014099121,1785282698.1211421,46.30457067489624,19.217329263687134,2241.9453144674635,66.72974985409525,0.0,96.48,True,1.8231210708618164
393,0.003301034914329648,2.744275207078317e-07,0.0033338398206979036,0.0020353347063064575,2.358647037681294e-07,0.0024193916469812393,0.00038545543793588877,-13.031776428222656,0.3612254559993744,0.0004376751894596964,0.3485555350780487,0.3174382150173187,0.001497825956903398,0.29116424918174744,0.029169302433729172,-4.867183208465576,0.3687913417816162,0.0006330353207886219,0.35971933603286743,0.00907200574874878,-2.6985483169555664,0.6632226705551147,0.012271410785615444,0.6731176972389221,0.009895026683807373,-1.2773135900497437,0.012174278497695923,0.0010713511146605015,0.0,0.012174278497695923,-2.431307554244995,0.04718686640262604,0.0,0.04718686640262604,0.027554452419281006,0.0,0.027554452419281006,0.0,0.0,-18.274797439575195,1785282698.2150984,46.39852690696716,19.311285495758057,2247.559507178464,67.84344781702382,0.0,96.48,True,1.8231210708618164
394,0.0033141125459223986,2.9141801860532723e-07,0.003378899535164237,0.0020044445991516113,2.498768196801393e-07,0.0023463377729058266,0.00034797744592651725,-13.046426773071289,0.36169421672821045,0.00045883137499913573,0.3486073315143585,0.3196119964122772,0.0014922793488949537,0.2929917275905609,0.029663197696208954,-4.835193634033203,0.37050843238830566,0.0006442574667744339,0.36119747161865234,0.00931096076965332,-2.6874852180480957,0.6148399114608765,0.01337513793259859,0.5715211629867554,0.043318748474121094,-1.168091058731079,0.012447237968444824,0.001048312522470951,0.0,0.012447237968444824,-2.4374516010284424,0.0380680188536644,0.0,0.0380680188536644,0.02354770340025425,0.0,0.02354770340025425,0.0,0.0,-18.258323669433594,1785282698.3211143,46.5045428276062,19.417301416397095,2253.1572261193232,68.96328982673583,0.0,96.48,True,1.8231210708618164
395,0.0033099132124334574,3.1392374921779265e-07,0.0034650121815502644,0.0019687670283019543,2.701212622469029e-07,0.002369085093960166,0.0004293136880733073,-12.876428604125977,0.36098718643188477,0.0004833481216337532,0.34806588292121887,0.3217710256576538,0.001495072152465582,0.2953638434410095,0.029398968443274498,-4.8263750076293945,0.3723827600479126,0.0006649278220720589,0.36133021116256714,0.011052548885345459,-2.6471188068389893,0.5590721964836121,0.014690619893372059,0.5994873642921448,0.040415167808532715,-1.1357418298721313,0.012996278703212738,0.0010339299915358424,0.0,0.012996278703212738,-2.436575412750244,0.03308984637260437,0.0,0.03308984637260437,0.021419761702418327,0.0,0.021419761702418327,0.0,0.0,-18.061086654663086,1785282698.4159186,46.59934711456299,19.512105703353882,2258.557708045412,70.08225564816965,0.0,96.48,True,1.8231210708618164
396,0.003301536664366722,3.4405033488837944e-07,0.003699936904013157,0.0018625184893608093,2.919679502610961e-07,0.0023657025303691626,0.0006418075645342469,-12.46240520477295,0.35603028535842896,0.0004920312785543501,0.3468910753726959,0.3258512616157532,0.0015415006782859564,0.29818031191825867,0.029141148552298546,-4.87487268447876,0.37725329399108887,0.000689236621838063,0.36326390504837036,0.013989388942718506,-2.5790536403656006,0.5428451895713806,0.016688404604792595,0.6495352983474731,0.10669010877609253,-0.7865433692932129,0.013400450348854065,0.0009977415902540088,0.0,0.013400450348854065,-2.446080207824707,0.034091196954250336,0.0,0.034091196954250336,0.022908298298716545,0.0,0.022908298298716545,0.0,0.0,-17.65182876586914,1785282698.5210466,46.70447516441345,19.617233753204346,2263.5489320827064,71.21072626467793,0.0,96.48,True,1.8231210708618164
397,0.0033380002714693546,3.74667479263735e-07,0.003623051568865776,0.0017268010415136814,3.1037748726703285e-07,0.002200034214183688,0.0005524526350200176,-12.584269523620605,0.35096120834350586,0.0004991373280063272,0.345799058675766,0.3307728171348572,0.001579600851982832,0.3031407594680786,0.028110112994909286,-4.920351028442383,0.3818553388118744,0.0006991035188548267,0.364208459854126,0.017646878957748413,-2.491194725036621,0.5501115322113037,0.018515855073928833,0.5485163927078247,0.001595139503479004,-1.075556755065918,0.012727916240692139,0.0009571901755407453,0.0,0.012727916240692139,-2.4721930027008057,0.03651740774512291,0.0,0.03651740774512291,0.02539205551147461,0.0,0.02539205551147461,0.0,0.0,-17.76614761352539,1785282698.6150243,46.798452854156494,19.711211442947388,2268.6544749676573,72.36530967606231,0.0,96.48,True,1.8231210708618164
398,0.003409014316275716,4.096831673905399e-07,0.0035539378877729177,0.0016182053368538618,3.2925382242865453e-07,0.002125693019479513,0.0005277751479297876,-12.56254768371582,0.3498201072216034,0.0005143224261701107,0.34468457102775574,0.33394655585289,0.0016024465439841151,0.3058822751045227,0.028530292212963104,-4.895174980163574,0.3844926357269287,0.0007067749975249171,0.3643203377723694,0.020172297954559326,-2.420588731765747,0.5431563854217529,0.019256742671132088,0.5781561732292175,0.0349997878074646,-1.02420175075531,0.012409612536430359,0.0009758383384905756,0.0,0.012409612536430359,-2.4682624340057373,0.04205213487148285,0.0,0.04205213487148285,0.030401643365621567,0.0,0.030401643365621567,0.0,0.0,-17.688982009887695,1785282698.7217875,46.90521597862244,19.81797456741333,2273.6828522489704,73.51596251875162,0.0,96.48,True,1.8231210708618164
399,0.0034952862188220024,4.432102969076368e-07,0.0037110026460140944,0.0015128514496609569,3.397032628527086e-07,0.0020092737395316362,0.0005412658210843801,-12.509113311767578,0.3492971658706665,0.0005233664996922016,0.3435458242893219,0.33771491050720215,0.0016221547266468406,0.3088289797306061,0.02945292741060257,-4.862948417663574,0.38720938563346863,0.0007051719003356993,0.36692172288894653,0.020287662744522095,-2.417760133743286,0.5555511713027954,0.019370561465620995,0.539180338382721,0.016370832920074463,-1.0461440086364746,0.011454746127128601,0.0009894135873764753,0.0,0.011454746127128601,-2.4739532470703125,0.04429278522729874,0.0,0.04429278522729874,0.03351478651165962,0.0,0.03351478651165962,0.0,0.0,-17.60835075378418,1785282698.8159957,46.99942421913147,19.912182807922363,2278.63059827418,74.67230617450551,0.0,96.48,True,1.8231210708618164
400,0.003563822479918599,4.714464409971697e-07,0.0036126929335296154,0.0014383145608007908,3.5097824024887814e-07,0.0019012275151908398,0.00046548547106795013,-12.569316864013672,0.3495330214500427,0.0005371938459575176,0.3417697846889496,0.3407644033432007,0.0016242365818470716,0.3142103850841522,0.027665570378303528,-4.864901542663574,0.38884085416793823,0.0007049749838188291,0.36902743577957153,0.0198134183883667,-2.4313058853149414,0.553786039352417,0.019419308751821518,0.5767964124679565,0.02301037311553955,-1.0381723642349243,0.010596975684165955,0.0010120917577296495,0.0,0.010596975684165955,-2.473452568054199,0.046106986701488495,0.0,0.046106986701488495,0.0364001989364624,0.0,0.0364001989364624,0.0,0.0,-17.676891326904297,1785282698.9202101,47.103638648986816,20.01639723777771,2283.64688487251,75.82814915124328,0.0,96.48,True,1.8231210708618164
401,0.00362051441334188,4.855914994550403e-07,0.003666295437142253,0.0013629806926473975,3.4976196161551343e-07,0.0019019147148355842,0.0005408750148490071,-12.446709632873535,0.3490128517150879,0.0005357195623219013,0.34029245376586914,0.344247043132782,0.0016106122639030218,0.32003718614578247,0.02573251910507679,-4.890713691711426,0.3910425305366516,0.0006919081788510084,0.3752378225326538,0.015804708003997803,-2.5385828018188477,0.5695322751998901,0.018960565328598022,0.6066752076148987,0.037142932415008545,-1.0273778438568115,0.00954514741897583,0.0010156243806704879,0.0,0.00954514741897583,-2.482333183288574,0.0458487793803215,0.0,0.0458487793803215,0.037727806717157364,0.0,0.037727806717157364,0.0,0.0,-17.628570556640625,1785282699.0245636,47.20799207687378,20.120750665664673,2288.614850700576,76.99287274321543,0.0,96.48,True,1.8231210708618164
402,0.003679511835798621,4.882969619757205e-07,0.0039000187534838915,0.0012840962735936046,3.4084882827301044e-07,0.0018050245707854629,0.0005656762514263391,-12.42634391784668,0.3485381603240967,0.0005258412566035986,0.3385719358921051,0.3482851982116699,0.0015673614107072353,0.32204318046569824,0.028070786967873573,-4.8524322509765625,0.3937462270259857,0.000663071870803833,0.37771105766296387,0.01603516936302185,-2.5464844703674316,0.5944769978523254,0.01785294897854328,0.6683285236358643,0.07385152578353882,-0.9411055445671082,0.008533358573913574,0.0010102008236572146,0.0,0.008533358573913574,-2.493823289871216,0.04532327502965927,0.0,0.04532327502965927,0.03898049145936966,0.0,0.03898049145936966,0.0,0.0,-17.581533432006836,1785282699.1187599,47.30218839645386,20.21494698524475,2293.5357794040083,78.16908644177022,0.0,96.48,True,1.8231210708618164
403,0.003699381137266755,4.7436623162866454e-07,0.0036851991899311543,0.0012257436756044626,3.2482594747307303e-07,0.001674338011071086,0.00044881843496114016,-12.602781295776367,0.346393883228302,0.0005075020017102361,0.3370159864425659,0.35317355394363403,0.0015070951776579022,0.32828229665756226,0.02659924142062664,-4.911715507507324,0.3971029818058014,0.0006262641400098801,0.3819834291934967,0.015119552612304688,-2.586418867111206,0.6268448829650879,0.016729341819882393,0.6989628076553345,0.07211792469024658,-0.9709116220474243,0.0080462247133255,0.0009707088465802372,0.0,0.0080462247133255,-2.51645565032959,0.04294351115822792,0.0,0.04294351115822792,0.03806097432971001,0.0,0.03806097432971001,0.0,0.0,-17.825363159179688,1785282699.2234719,47.40690040588379,20.319658994674683,2298.7005378346134,79.36793250078338,0.0,96.48,True,1.8231210708618164
404,0.003725670278072357,4.5859653141633316e-07,0.003737133927643299,0.0011700603645294905,3.0956104524193506e-07,0.001632966217584908,0.00046304779243655503,-12.607476234436035,0.34488555788993835,0.0004906002432107925,0.3363312780857086,0.3583570122718811,0.001436948194168508,0.3364192247390747,0.023546596989035606,-5.002641201019287,0.4005512595176697,0.0005858119111508131,0.3897733688354492,0.010777890682220459,-2.7031707763671875,0.6576128602027893,0.015488711185753345,0.7066678404808044,0.04905498027801514,-1.0872013568878174,0.00754489004611969,0.0009352780180051923,0.0,0.00754489004611969,-2.5379624366760254,0.041534166783094406,0.0,0.041534166783094406,0.038019921630620956,0.0,0.038019921630620956,0.0,0.0,-17.96117401123047,1785282699.327493,47.510921478271484,20.423680067062378,2304.0011071172694,80.58828534614298,0.0,96.48,True,1.8231210708618164
405,0.003752462798729539,4.448278616564494e-07,0.0039198193699121475,0.0011194818653166294,2.973140738049551e-07,0.0016568537103012204,0.0005628291983157396,-12.472040176391602,0.3437460660934448,0.00047734094550833106,0.3358393907546997,0.36337292194366455,0.0013669569743797183,0.3463611304759979,0.018759438768029213,-5.1120076179504395,0.4037317633628845,0.0005480708787217736,0.3941778838634491,0.009553879499435425,-2.7523438930511475,0.6834694147109985,0.014356515370309353,0.6497276425361633,0.033741772174835205,-1.1631858348846436,0.007147178053855896,0.000903426727745682,0.0,0.007147178053855896,-2.557447671890259,0.04123368486762047,0.0,0.04123368486762047,0.03877635300159454,0.0,0.03877635300159454,0.0,0.0,-17.937816619873047,1785282699.422205,47.60563349723816,20.518392086029053,2309.278319008568,81.82812342671681,0.0,96.48,True,1.8231210708618164
406,0.0037687260191887617,4.4023232703693793e-07,0.0038092711474746466,0.0010845311917364597,2.9335325280044344e-07,0.0014721450861543417,0.0003897286660503596,-12.7431001663208,0.3429543972015381,0.0004736694390885532,0.3353232443332672,0.3664889335632324,0.0013161401730030775,0.3515847325325012,0.01674424484372139,-5.160288333892822,0.4053366184234619,0.0005257881712168455,0.39850836992263794,0.006828248500823975,-2.8120293617248535,0.6920498013496399,0.013611067086458206,0.7383490204811096,0.04629921913146973,-1.1507521867752075,0.007512226700782776,0.0008864550036378205,0.0,0.007512226700782776,-2.5633704662323,0.04336585849523544,0.0,0.04336585849523544,0.0409325510263443,0.0,0.0409325510263443,0.0,0.0,-18.277345657348633,1785282699.527945,47.71137356758118,20.62413215637207,2314.895059937342,83.07388430163269,0.0,96.48,True,1.8231210708618164
407,0.0037901317700743675,4.2008718992292415e-07,0.003941627684980631,0.0010228226892650127,2.74766165375695e-07,0.001475208206102252,0.0004770782543346286,-12.65746784210205,0.34051159024238586,0.00044894739403389394,0.3346739113330841,0.3734804391860962,0.0012269159778952599,0.35903680324554443,0.015578738413751125,-5.24507999420166,0.410330206155777,0.0004787134821526706,0.403479665517807,0.006850540637969971,-2.8542487621307373,0.7447485327720642,0.011761759407818317,0.7989277839660645,0.054179251194000244,-1.1777268648147583,0.006926223635673523,0.0008430751040577888,0.0,0.006926223635673523,-2.5918378829956055,0.04395965486764908,0.0,0.04395965486764908,0.042475730180740356,0.0,0.042475730180740356,0.0,0.0,-18.280654907226562,1785282699.6215842,47.805012702941895,20.717771291732788,2320.515110115994,84.34811259331187,0.0,96.48,True,1.8231210708618164
408,0.003819461911916733,3.8562518511753296e-07,0.0037732128985226154,0.0009575854055583477,2.487835502051894e-07,0.0013811750104650855,0.000426106940722093,-12.786279678344727,0.33912283182144165,0.0004166023572906852,0.33454835414886475,0.381378173828125,0.001101951114833355,0.3644857108592987,0.01750089041888714,-5.304556369781494,0.41597527265548706,0.00041757826693356037,0.4087820053100586,0.007193267345428467,-2.9096248149871826,0.8017640113830566,0.009561692364513874,0.8776315450668335,0.07586753368377686,-1.1050701141357422,0.006687730550765991,0.000801480608060956,0.0,0.006687730550765991,-2.6176846027374268,0.04501821845769882,0.0,0.04501821845769882,0.04444396495819092,0.0,0.04444396495819092,0.0,0.0,-18.484737396240234,1785282699.7259858,47.909414291381836,20.82217288017273,2326.3392427836598,85.64818760473287,0.0,96.48,True,1.8231210708618164
409,0.0038666725158691406,3.5372664797250764e-07,0.0037978615146130323,0.000895580742508173,2.2556457679456798e-07,0.0013383093755692244,0.00044804418575949967,-12.80064582824707,0.3395515978336334,0.00038979382952675223,0.33548083901405334,0.389209508895874,0.000979919102974236,0.37338945269584656,0.016335397958755493,-5.4021315574646,0.42132243514060974,0.00036045003798790276,0.4141581654548645,0.007164269685745239,-2.9739420413970947,0.8488325476646423,0.007761654444038868,0.9208328723907471,0.07200032472610474,-1.1763888597488403,0.006250143051147461,0.0007656397647224367,0.0,0.006250143051147461,-2.6429500579833984,0.04622042924165726,0.0,0.04622042924165726,0.04654935747385025,0.0,0.04654935747385025,0.0,0.0,-18.60932159423828,1785282699.820128,48.00355648994446,20.91631507873535,2332.2879596493235,86.97352807139984,0.0,96.48,True,1.8231210708618164
410,0.003917790949344635,3.277111773059005e-07,0.0038461065851151943,0.0008364850655198097,2.0662395172621473e-07,0.0013096353504806757,0.0004785497148986906,-12.774295806884766,0.34074199199676514,0.0003692730388138443,0.3373476564884186,0.39671438932418823,0.0008682296611368656,0.37522438168525696,0.021756423637270927,-5.357081413269043,0.4262150526046753,0.00031142894295044243,0.4170191287994385,0.009195923805236816,-2.982461452484131,0.882645845413208,0.006411909591406584,0.973800003528595,0.09115415811538696,-0.9579194188117981,0.006046280264854431,0.000736362999305129,0.0,0.006046280264854431,-2.663132429122925,0.0475873239338398,0.0,0.0475873239338398,0.048603810369968414,0.0,0.048603810369968414,0.0,0.0,-18.551191329956055,1785282699.9250493,48.10847783088684,21.021236419677734,2338.178546250705,88.31905090920634,0.0,96.48,True,1.8231210708618164
411,0.003968202508985996,3.0430288688876317e-07,0.003812657669186592,0.0007947185076773167,1.900563404433342e-07,0.001254005474038422,0.00048491102643311024,-12.80801010131836,0.3428061008453369,0.0003525719221215695,0.3395589590072632,0.40376976132392883,0.0007546824053861201,0.38277435302734375,0.021245025098323822,-5.424856662750244,0.4307296872138977,0.00026453466853126884,0.4200953543186188,0.01063433289527893,-2.986079692840576,0.9108986854553223,0.0051912106573581696,1.0,0.08910131454467773,-0.9467935562133789,0.006143614649772644,0.0007034922600723803,0.0,0.006143614649772644,-2.683962106704712,0.05085601657629013,0.0,0.05085601657629013,0.05131533369421959,0.0,0.05131533369421959,0.0,0.0,-18.64093589782715,1785282700.019512,48.202940464019775,21.11569905281067,2344.1588774199577,89.68540342459463,0.0,96.48,True,1.8231210708618164
412,0.004036297090351582,2.9189320116529416e-07,0.003337675938382745,0.0007497016340494156,1.787351493476308e-07,0.0011279088212177157,0.0007944257231429219,-12.218050003051758,0.34614264965057373,0.0003430255164857954,0.34231892228126526,0.4112588167190552,0.0006579575128853321,0.38896384835243225,0.022620487958192825,-5.4151153564453125,0.4354342222213745,0.00022509624250233173,0.4257200360298157,0.009714186191558838,-3.070941686630249,0.9325908422470093,0.0042756088078022,1.0,0.06740915775299072,-1.2770901918411255,0.006196066737174988,0.0006881171721033752,0.0,0.006196066737174988,-2.693941116333008,0.05361570790410042,0.0,0.05361570790410042,0.05464585870504379,0.0,0.05464585870504379,0.0,0.0,-18.085613250732422,1785282700.1237605,48.307188987731934,21.219947576522827,2349.5838859421156,91.0617349496112,0.0,96.48,True,1.8231210708618164
413,0.004109837114810944,2.8564664944497054e-07,0.004044597968459129,0.0007165698334574699,1.715277306857388e-07,0.0012369389878585935,0.0005244427593424916,-12.688858032226562,0.3502092659473419,0.00034043952473439276,0.3462751805782318,0.41930755972862244,0.0005720722256228328,0.3947678506374359,0.02485305443406105,-5.3388214111328125,0.44047975540161133,0.0001915838074637577,0.4290359914302826,0.011443763971328735,-3.0193722248077393,0.9479248523712158,0.0036209081299602985,1.0,0.05207514762878418,-1.5171096324920654,0.006522223353385925,0.0006769390893168747,0.0,0.006522223353385925,-2.69860577583313,0.05645088106393814,0.0,0.05645088106393814,0.05864148959517479,0.0,0.05864148959517479,0.0,0.0,-18.469600677490234,1785282700.2173975,48.40082597732544,21.313584566116333,2355.3928818910313,92.44273113412791,0.0,96.48,True,1.8231210708618164
414,0.004199476912617683,2.8316551947682456e-07,0.004679972771555185,0.000687245512381196,1.6695987881121255e-07,0.001310264109633863,0.0007867835811339319,-11.933414459228516,0.3557101786136627,0.0003437515697441995,0.3516363203525543,0.43039166927337646,0.0004825039068236947,0.400343120098114,0.030323451384902,-5.008383274078369,0.4477289617061615,0.00015868300397414714,0.4344364404678345,0.013292521238327026,-2.8986198902130127,0.9594636559486389,0.003074194071814418,1.0,0.040536344051361084,-1.706161379814148,0.006644248962402344,0.000661456142552197,0.0,0.006644248962402344,-2.7082245349884033,0.05743492394685745,0.0,0.05743492394685745,0.06297792494297028,0.0,0.06297792494297028,0.0,0.0,-17.38943099975586,1785282700.3221223,48.50555086135864,21.418309450149536,2360.1217081622126,93.83334607779989,0.0,96.48,True,1.8231210708618164
415,0.004290797747671604,2.889472057177045e-07,0.0033281701616942883,0.000671489629894495,1.6589801532518322e-07,0.0010085811372846365,0.0010199424577876925,-11.55061149597168,0.36197739839553833,0.0003504674241412431,0.355759859085083,0.4356468915939331,0.000434092158684507,0.4064573049545288,0.02984442561864853,-4.974824905395508,0.4511689245700836,0.00013971175940241665,0.43937525153160095,0.011793673038482666,-3.0212483406066895,0.9652540683746338,0.0027960725128650665,1.0,0.03474593162536621,-1.8049426078796387,0.006506279110908508,0.000680429395288229,0.0,0.006506279110908508,-2.696348190307617,0.06038880720734596,0.0,0.06038880720734596,0.06861888617277145,0.0,0.06861888617277145,0.0,0.0,-17.041095733642578,1785282700.4169261,48.60035467147827,21.513113260269165,2364.5021991672807,95.21208467679108,0.0,96.48,True,1.8231210708618164
416,0.004386702552437782,2.970946866298618e-07,0.004059846978634596,0.0006581021007150412,1.665190723088017e-07,0.0011230900418013334,0.0005683734198100865,-12.651792526245117,0.36831387877464294,0.00036020507104694843,0.3615250289440155,0.4405886232852936,0.0003930891980417073,0.41329267621040344,0.02812751568853855,-5.035593509674072,0.4542807340621948,0.0001240270648850128,0.4432528018951416,0.011027932167053223,-3.088289260864258,0.969487726688385,0.0026074384804815054,1.0,0.03051227331161499,-1.8772276639938354,0.006395801901817322,0.0007040434284135699,0.0,0.006395801901817322,-2.6813457012176514,0.0639648586511612,0.0,0.0639648586511612,0.07499729096889496,0.0,0.07499729096889496,0.0,0.0,-18.224411010742188,1785282700.5209763,48.70440483093262,21.61716341972351,2370.0660054494483,96.5758207866923,0.0,96.48,True,1.8231210708618164
417,0.00447865528985858,3.061331597109529e-07,0.0041383239440619946,0.000643476378172636,1.6775373978816788e-07,0.001064404146745801,0.0005412999307736754,-12.744858741760254,0.3743148744106293,0.0003705339040607214,0.3658393919467926,0.44529271125793457,0.00035853791632689536,0.418155312538147,0.02843012847006321,-4.955208778381348,0.4571837782859802,0.00011111052299384028,0.4488586187362671,0.008325159549713135,-3.321665048599243,0.9726757407188416,0.0024719475768506527,1.0,0.027324259281158447,-1.931418538093567,0.00618511438369751,0.000732063315808773,0.0,0.00618511438369751,-2.664754629135132,0.06696946918964386,0.0,0.06696946918964386,0.08083841949701309,0.0,0.08083841949701309,0.0,0.0,-18.36985969543457,1785282700.6257756,48.8092041015625,21.721962690353394,2375.7752604163084,97.92296582451101,0.0,96.48,True,1.8231210708618164
418,0.004566824529320002,3.148637404137844e-07,0.004339410457760096,0.0006300932727754116,1.6901012145353889e-07,0.0012587711680680513,0.0006685454864054918,-12.192946434020996,0.3801652789115906,0.000381323741748929,0.37107470631599426,0.4499509632587433,0.0003272951580584049,0.42921268939971924,0.0226431991904974,-5.345005035400391,0.4600335359573364,9.970390965463594e-05,0.45266661047935486,0.007366925477981567,-3.4155502319335938,0.9751878380775452,0.002374005503952503,1.0,0.024812161922454834,-1.9729862213134766,0.0059105753898620605,0.0007626654696650803,0.0,0.0059105753898620605,-2.647503614425659,0.06953933835029602,0.0,0.06953933835029602,0.08629906177520752,0.0,0.08629906177520752,0.0,0.0,-18.176725387573242,1785282700.719499,48.90292763710022,21.815686225891113,2381.291381075307,99.25285984762024,0.0,96.48,True,1.8231210708618164
419,0.004648528061807156,3.2340571465283574e-07,0.00435208436101675,0.0006170452106744051,1.7041797661931923e-07,0.0010521444492042065,0.0005264885840006173,-12.735509872436523,0.3857201039791107,0.00039175403071567416,0.3771243989467621,0.45439863204956055,0.00029985816217958927,0.4336361289024353,0.022471485659480095,-5.327550411224365,0.46282365918159485,8.992671791929752e-05,0.45270565152168274,0.01011800765991211,-3.1701109409332275,0.9768518805503845,0.0022936328314244747,1.0,0.02314811944961548,-2.003061294555664,0.005603522062301636,0.0007960344082675874,0.0,0.005603522062301636,-2.629272937774658,0.07170870900154114,0.0,0.07170870900154114,0.09131088107824326,0.0,0.09131088107824326,0.0,0.0,-18.58260726928711,1785282700.8143852,48.99781370162964,21.910572290420532,2387.2133836160197,100.56452319407848,0.0,96.48,True,1.8231210708618164
420,0.004721162840723991,3.312745491257374e-07,0.004426209721714258,0.0006038008723407984,1.715824282655376e-07,0.001157403807155788,0.0006272746832109988,-12.386988639831543,0.3906349539756775,0.00040209904545918107,0.38150763511657715,0.45860975980758667,0.00027508483617566526,0.4351709485054016,0.025153247639536858,-5.068592071533203,0.4654066860675812,8.140657155308872e-05,0.4561900794506073,0.009216606616973877,-3.267350435256958,0.9784470796585083,0.002231787657365203,1.0,0.0215529203414917,-2.0294668674468994,0.0055045485496521,0.0008369592833332717,0.0,0.0055045485496521,-2.605827808380127,0.0732233002781868,0.0,0.0732233002781868,0.09503886848688126,0.0,0.09503886848688126,0.0,0.0,-18.075536727905273,1785282700.9187713,49.10219979286194,22.014958381652832,2392.6283156153504,101.85274141114218,0.0,96.48,True,1.8231210708618164
421,0.004783102311193943,3.409987243685464e-07,0.004546338226646185,0.0005946545861661434,1.7368584792620823e-07,0.0010355619015172124,0.0005004562553949654,-12.749000549316406,0.39484652876853943,0.00041340524330735207,0.38677939772605896,0.4621393382549286,0.0002558178675826639,0.4404579997062683,0.023133505135774612,-5.1956963539123535,0.46748098731040955,7.491878932341933e-05,0.4587605595588684,0.008720427751541138,-3.323092222213745,0.9797447919845581,0.002192667918279767,1.0,0.020255208015441895,-2.0488240718841553,0.005768924951553345,0.000887988309841603,0.0,0.005768924951553345,-2.5755982398986816,0.07464807480573654,0.0,0.07464807480573654,0.09831637889146805,0.0,0.09831637889146805,0.0,0.0,-18.56710433959961,1785282701.02294,49.2063684463501,22.11912703514099,2398.5348152263755,103.11073005972443,0.0,96.48,True,1.8231210708618164
422,0.00483057601377368,3.4522892633503943e-07,0.004548519849777222,0.0005905516445636749,1.7311832323230192e-07,0.0010652930941432714,0.0005522093269973993,-12.620134353637695,0.39852774143218994,0.0004198354436084628,0.39189836382865906,0.4652736485004425,0.00023752806009724736,0.44437187910079956,0.02192789502441883,-5.250571250915527,0.46942803263664246,6.875588587718084e-05,0.4606407582759857,0.008787274360656738,-3.312011480331421,0.9810929298400879,0.002142343670129776,1.0,0.01890707015991211,-2.0705575942993164,0.006148532032966614,0.0009435637621209025,0.0,0.006148532032966614,-2.543951988220215,0.07509728521108627,0.0,0.07509728521108627,0.09973682463169098,0.0,0.09973682463169098,0.0,0.0,-18.47659683227539,1785282701.1168418,49.300270318984985,22.21302890777588,2404.3508073300763,104.33707245662822,0.0,96.48,True,1.8231210708618164
423,0.004878713749349117,3.491038569336524e-07,0.0046341074630618095,0.0005942762363702059,1.712057979830206e-07,0.001123011694289744,0.0005825748085044324,-12.484128952026367,0.40272876620292664,0.0004281076544430107,0.39700233936309814,0.46898940205574036,0.00021455246314872056,0.4489772319793701,0.020815351977944374,-5.292062759399414,0.4718443751335144,6.124746141722426e-05,0.4652434289455414,0.0066009461879730225,-3.5756468772888184,0.9822974801063538,0.002082660561427474,1.0,0.01770251989364624,-2.0928807258605957,0.007214456796646118,0.0010509188286960125,0.0,0.007214456796646118,-2.4853432178497314,0.07647287100553513,0.0,0.07647287100553513,0.10096509009599686,0.0,0.10096509009599686,0.0,0.0,-18.50560188293457,1785282701.2221859,49.405614376068115,22.31837296485901,2410.1958044844364,105.50480608316153,0.0,96.48,True,1.8231210708618164
424,0.004921063780784607,3.533492360929813e-07,0.004903282038867474,0.0006075275596231222,1.669739617682353e-07,0.0010380655294284225,0.00043090502731502056,-12.837228775024414,0.4076697528362274,0.0004368246882222593,0.40210458636283875,0.47364097833633423,0.00018544995691627264,0.45345526933670044,0.02093881368637085,-5.192445755004883,0.47484368085861206,5.224465348874219e-05,0.4661599397659302,0.008683741092681885,-3.289172649383545,0.9829678535461426,0.0020196347031742334,1.0,0.017032146453857422,-2.1116623878479004,0.010234281420707703,0.0013383411569520831,0.0,0.010234281420707703,-2.350092887878418,0.07647306472063065,0.0,0.07647306472063065,0.09945310652256012,0.0,0.09945310652256012,0.0,0.0,-18.635772705078125,1785282701.3182786,49.50170707702637,22.41446566581726,2416.17097246094,106.53728937972352,0.0,96.48,True,1.8231210708618164
425,0.004967492073774338,3.643037018719042e-07,0.004826533608138561,0.0006245477125048637,1.6365180499633425e-07,0.0011084801517426968,0.0005040435353294015,-12.644739151000977,0.4121284484863281,0.0004463415825739503,0.4072236716747284,0.4775811731815338,0.00016043861978687346,0.4564732611179352,0.021670274436473846,-4.972668170928955,0.47740551829338074,4.469437408261001e-05,0.46783220767974854,0.009573310613632202,-3.063615322113037,0.9833933711051941,0.001988326897844672,1.0,0.016606628894805908,-2.1219425201416016,0.013744860887527466,0.001819323399104178,0.0,0.013744860887527466,-2.183786153793335,0.07454009354114532,0.0,0.07454009354114532,0.09584769606590271,0.0,0.09584769606590271,0.0,0.0,-18.154680252075195,1785282701.422346,49.60577464103699,22.51853322982788,2421.6650479844407,107.40346594220043,0.0,96.48,True,1.8231210708618164
426,0.0050184885039925575,3.8808340718787804e-07,0.005068546161055565,0.0006481728050857782,1.6334512054072547e-07,0.0010719971032813191,0.00042677021701820195,-12.803778648376465,0.41654449701309204,0.000462366733700037,0.4125370979309082,0.4814521372318268,0.00013879926700610667,0.4585750699043274,0.02322540618479252,-4.540260314941406,0.47982552647590637,3.844213642878458e-05,0.47127366065979004,0.008551865816116333,-3.213012218475342,0.9843553900718689,0.001977708423510194,1.0,0.015644609928131104,-2.132091522216797,0.016174882650375366,0.002664965344592929,0.0,0.016174882650375366,-1.9957573413848877,0.0717286765575409,0.0,0.0717286765575409,0.0922420397400856,0.0,0.0922420397400856,0.0,0.0,-18.04249382019043,1785282701.5169106,49.7003390789032,22.613097667694092,2427.0469370760566,108.08161369226889,0.0,96.48,True,1.8231210708618164
427,0.005070480518043041,4.1746901047190477e-07,0.004826459102332592,0.0006809888873249292,1.646792071596792e-07,0.0009813203942030668,0.0003869695938192308,-12.971101760864258,0.4210405647754669,0.0004811663820873946,0.4187328517436981,0.4851497709751129,0.00012169856199761853,0.4654039144515991,0.019880250096321106,-4.881315231323242,0.4820917844772339,3.3620144677115604e-05,0.4736100137233734,0.008481770753860474,-3.161353349685669,0.9858912229537964,0.001963620539754629,1.0,0.014108777046203613,-2.146857738494873,0.013509020209312439,0.003916472662240267,0.0,0.013509020209312439,-1.8290451765060425,0.0700368732213974,0.0,0.0700368732213974,0.09358321130275726,0.0,0.09358321130275726,0.0,0.0,-18.456830978393555,1785282701.6213987,49.80482721328735,22.717585802078247,2432.8431633258756,108.5930492774585,0.0,96.48,True,1.8231210708618164
428,0.005140523426234722,4.4190304038238537e-07,0.004830689635127783,0.0007041352801024914,1.6594307794548513e-07,0.0010387105867266655,0.00045600178418681026,-12.838116645812988,0.42634084820747375,0.0004971916205249727,0.4232262074947357,0.48841315507888794,0.00010963898967020214,0.4700365960597992,0.018638640642166138,-4.974748611450195,0.4841013550758362,3.0084482204983942e-05,0.47748255729675293,0.006618797779083252,-3.558720827102661,0.9870402812957764,0.0019335091346874833,1.0,0.012959718704223633,-2.1618382930755615,0.003933697938919067,0.005170672200620174,0.0,0.003933697938919067,-1.7119413614273071,0.07096123695373535,0.0,0.07096123695373535,0.10327883064746857,0.0,0.10327883064746857,0.0,0.0,-18.597274780273438,1785282701.7157605,49.89918899536133,22.81194758415222,2438.7798333775745,108.98738104756939,0.0,96.48,True,1.8231210708618164
429,0.005212952382862568,4.64454416260196e-07,0.005342033691704273,0.0007280753925442696,1.6768004229561484e-07,0.0009383159340359271,0.00024670441052876413,-13.104188919067383,0.4315202534198761,0.0005138124688528478,0.42960333824157715,0.49140167236328125,0.0001016547903418541,0.4753105044364929,0.016204945743083954,-5.268783092498779,0.48580458760261536,2.762322583294008e-05,0.4786151051521301,0.0071894824504852295,-3.3938868045806885,0.9876861572265625,0.0019151056185364723,1.0,0.0123138427734375,-2.1704649925231934,-0.010927081108093262,0.006332612130790949,0.0,0.010927081108093262,-1.6026554107666016,0.07638564705848694,0.0,0.07638564705848694,0.12352369725704193,0.0,0.12352369725704193,0.0,0.0,-19.016159057617188,1785282701.8219697,50.00539827346802,22.91815686225891,2445.135387706617,109.27242686701956,0.0,96.48,True,1.8231210708618164
430,0.005282511003315449,4.763429330978397e-07,0.005087778437882662,0.0007369734812527895,1.6811024750040815e-07,0.0013195861829444766,0.0006142950151115656,-12.190637588500977,0.4365890622138977,0.0005235389107838273,0.4359438121318817,0.49398624897003174,9.598514589015394e-05,0.47776055335998535,0.016238519921898842,-5.193406581878662,0.48730164766311646,2.57030624197796e-05,0.48098471760749817,0.006316930055618286,-3.5892691612243652,0.9880461096763611,0.0018787854351103306,1.0,0.011953890323638916,-2.1815977096557617,-0.023327142000198364,0.006936703342944384,0.0,0.023327142000198364,-1.527302861213684,0.08115682750940323,0.0,0.08115682750940323,0.14214502274990082,0.0,0.14214502274990082,0.0,0.0,-18.139997482299805,1785282701.9164774,50.0999059677124,23.012664556503296,2450.6147804603424,109.48212013691682,0.0,96.48,True,1.8231210708618164
431,0.005355167202651501,4.898114980278478e-07,0.005243159364908934,0.0007465386297553778,1.693910576250346e-07,0.0009562813211232424,0.000237776679568924,-13.079612731933594,0.4418041408061981,0.0005350740975700319,0.441335529088974,0.49621453881263733,9.140292240772396e-05,0.4804266691207886,0.015794822946190834,-5.215081214904785,0.48856091499328613,2.413233414699789e-05,0.47932538390159607,0.009235531091690063,-2.629805088043213,0.988314151763916,0.0018574491841718554,1.0,0.011685848236083984,-2.188577175140381,-0.034161269664764404,0.007411171682178974,0.0,0.034161269664764404,-1.4547127485275269,0.08815772086381912,0.0,0.08815772086381912,0.16384072601795197,0.0,0.16384072601795197,0.0,0.0,-18.56658172607422,1785282702.020753,50.204181432724,23.116940021514893,2456.520757457842,109.61922329412792,0.0,96.48,True,1.8231210708618164
432,0.005430376157164574,4.93887910124613e-07,0.005254789721220732,0.0007601450197398663,1.6780323619514093e-07,0.0010249164188280702,0.00031770189525559545,-12.982738494873047,0.44805556535720825,0.0005412884638644755,0.4467127323150635,0.497749000787735,8.576955588068813e-05,0.4786708354949951,0.01912536658346653,-4.481332302093506,0.4895196855068207,2.2223592168302275e-05,0.48013272881507874,0.009386956691741943,-2.455775260925293,0.9892458319664001,0.0018225365784019232,1.0,0.010754168033599854,-2.203096389770508,-0.04281154274940491,0.007710108067840338,0.0,0.04281154274940491,-1.394814133644104,0.09538060426712036,0.0,0.09538060426712036,0.18368421494960785,0.0,0.18368421494960785,0.0,0.0,-17.795692443847656,1785282702.1154428,50.29887127876282,23.21162986755371,2461.6558451731153,109.6964278364556,0.0,96.48,True,1.8231210708618164
433,0.005500421859323978,5.004283138987375e-07,0.0054656872525811195,0.0007869303226470947,1.6669964963966777e-07,0.0007935949834063649,3.5368215321796015e-05,-13.218220710754395,0.45422297716140747,0.0005507796304300427,0.4522126615047455,0.4989362955093384,8.078063547145575e-05,0.4818875789642334,0.017166830599308014,-4.823367118835449,0.49023693799972534,2.0582407159963623e-05,0.4845119118690491,0.0057250261306762695,-3.6803860664367676,0.9904077649116516,0.0017953184433281422,1.0,0.009592235088348389,-2.2167224884033203,-0.05289071798324585,0.008158361539244652,0.0,0.05289071798324585,-1.313971996307373,0.10879502445459366,0.0,0.10879502445459366,0.21315845847129822,0.0,0.21315845847129822,0.0,0.0,-18.91710662841797,1785282702.2202728,50.403701305389404,23.316459894180298,2467.9123470729587,109.69279024144654,0.0,96.48,True,1.8231210708618164
434,0.005553917959332466,5.046501314609486e-07,0.004672137089073658,0.000810371246188879,1.6608844077836693e-07,0.0008485972066409886,0.000882609048858285,-12.442423820495605,0.4592953026294708,0.0005597968120127916,0.45595216751098633,0.5004082322120667,7.715701940469444e-05,0.48629236221313477,0.014506354928016663,-5.339694023132324,0.4910799264907837,1.9397637515794486e-05,0.48669135570526123,0.004388570785522461,-4.009799957275391,0.991104245185852,0.0017706785583868623,1.0,0.00889575481414795,-2.226911783218384,-0.06037852168083191,0.008795422501862049,0.0,0.06037852168083191,-1.2405811548233032,0.12446983903646469,0.0,0.12446983903646469,0.24290017783641815,0.0,0.24290017783641815,0.0,0.0,-18.719079971313477,1785282702.3251917,50.508620262145996,23.42137885093689,2473.9708223156977,109.61576180495342,0.0,96.48,True,1.8231210708618164
435,0.005599247291684151,5.073572424407757e-07,0.005321954842656851,0.0008288396056741476,1.6610437114650267e-07,0.0010893348371610045,0.00038045874680392444,-12.93443489074707,0.46374157071113586,0.0005688278470188379,0.4624840021133423,0.502085268497467,7.413463026750833e-05,0.49837785959243774,0.0039148894138634205,-6.558811187744141,0.49201035499572754,1.8471098883310333e-05,0.4942399859428406,0.002229630947113037,-4.396144866943359,0.9911758899688721,0.0017536114901304245,1.0,0.00882411003112793,-2.2318990230560303,-0.06234240531921387,0.009655303321778774,0.0,0.06234240531921387,-1.1999189853668213,0.13941659033298492,0.0,0.13941659033298492,0.26298463344573975,0.0,0.26298463344573975,0.0,0.0,-20.37955665588379,1785282702.4196534,50.603081941604614,23.515840530395508,2481.689774243007,109.49807119900382,0.0,96.48,True,1.8231210708618164
436,0.005705865100026131,5.30518093455612e-07,0.005516576115041971,0.0008283213246613741,1.7321308121154289e-07,0.0008647843496873975,0.00019276895909570158,-13.13359260559082,0.47159937024116516,0.0005834698094986379,0.4672728478908539,0.503922700881958,7.227763126138598e-05,0.5008767247200012,0.005291197448968887,-6.57265567779541,0.4931332767009735,1.7819662389229052e-05,0.491115927696228,0.0020173490047454834,-4.434474468231201,0.9916284680366516,0.0017674076370894909,1.0,0.008371531963348389,-2.230355739593506,-0.055030614137649536,0.010621367022395134,0.0,0.055030614137649536,-1.2109450101852417,0.12440645694732666,0.0,0.12440645694732666,0.23270976543426514,0.0,0.23270976543426514,0.0,0.0,-20.60895538330078,1785282702.5256052,50.709033727645874,23.621792316436768,2489.638124897733,109.39140661787263,0.0,96.48,True,1.8231210708618164
437,0.005802502855658531,5.557162694458384e-07,0.005564656108617783,0.0008210842497646809,1.8126262091300305e-07,0.0009504485642537475,0.0002707511594053358,-13.02822494506836,0.47843074798583984,0.0005998363485559821,0.47400930523872375,0.5056173205375671,7.093013118719682e-05,0.4988909065723419,0.00804945919662714,-6.313223838806152,0.494170218706131,1.7348422261420637e-05,0.4898320734500885,0.0043381452560424805,-4.019668102264404,0.9921759366989136,0.001771309645846486,1.0,0.007824063301086426,-2.231799840927124,-0.04541143774986267,0.011600639671087265,0.0,0.04541143774986267,-1.220526099205017,0.10982459038496017,0.0,0.10982459038496017,0.1989477276802063,0.0,0.1989477276802063,0.0,0.0,-20.088638305664062,1785282702.6327865,50.81621503829956,23.728973627090454,2497.0661584748227,109.29432312576122,0.0,96.48,True,1.8231210708618164
438,0.0059057604521512985,5.877412263544102e-07,0.005627782084047794,0.0008082871790975332,1.922017247579788e-07,0.0009302719845436513,0.0003035659028682858,-12.963525772094727,0.48621106147766113,0.0006209728308022022,0.47880709171295166,0.5069395303726196,6.940375897102058e-05,0.5035133957862854,0.008158257231116295,-6.5133137702941895,0.4950777292251587,1.6843177945702337e-05,0.496891587972641,0.0018138587474822998,-4.479175567626953,0.9934183955192566,0.0017700770404189825,1.0,0.006581604480743408,-2.237191677093506,-0.0315074622631073,0.012296922504901886,0.0,0.0315074622631073,-1.2398998737335205,0.08887491375207901,0.0,0.08887491375207901,0.15325260162353516,0.0,0.15325260162353516,0.0,0.0,-20.41376495361328,1785282702.7164357,50.899864196777344,23.812622785568237,2504.8193186998615,109.21661340817832,0.0,96.48,True,1.8231210708618164
439,0.005980588495731354,6.176686611070181e-07,0.006089405156672001,0.0008115251548588276,2.027616972100077e-07,0.0009208065457642078,0.00015421897114720196,-12.977361679077148,0.49289363622665405,0.000644940824713558,0.4845781624317169,0.508195161819458,6.801652489230037e-05,0.5112133026123047,0.00884625781327486,-6.512609004974365,0.49590232968330383,1.639474430703558e-05,0.5005958676338196,0.004693537950515747,-3.9184961318969727,0.9939966797828674,0.0017852084711194038,1.0,0.006003320217132568,-2.2350776195526123,-0.020605802536010742,0.013531994074583054,0.0,0.020605802536010742,-1.2167221307754517,0.076393723487854,0.0,0.076393723487854,0.12432130426168442,0.0,0.12432130426168442,0.0,0.0,-20.146696090698242,1785282702.8112364,50.994664907455444,23.907423496246338,2512.305410061985,109.11572594763734,0.0,96.48,True,1.8231210708618164
440,0.006052068434655666,6.553963771693816e-07,0.005679457914084196,0.0008120876736938953,2.1602789956887136e-07,0.000977270188741386,0.0004075829638168216,-12.785993576049805,0.499047189950943,0.0006729199667461216,0.49122026562690735,0.509598970413208,6.730473978677765e-05,0.5205187797546387,0.013435139320790768,-5.685848236083984,0.4968046545982361,1.6150634110090323e-05,0.5044018626213074,0.007597208023071289,-2.810985565185547,0.9940434694290161,0.0018064926844090223,1.0,0.005956530570983887,-2.2294251918792725,-0.009427547454833984,0.015188535675406456,0.0,0.009427547454833984,-1.1717427968978882,0.06676545739173889,0.0,0.06676545739173889,0.10112635046243668,0.0,0.10112635046243668,0.0,0.0,-18.74016571044922,1785282702.90944,51.09286856651306,24.005627155303955,2518.38497104386,108.9698591532188,0.0,96.48,True,1.8231210708618164
441,0.0061178142204880714,7.07991659965046e-07,0.005790140479803085,0.0008107631001621485,2.3359274337053648e-07,0.0009987523080781102,0.0003777697857003659,-12.725911140441895,0.50406414270401,0.0007055713795125484,0.4959377944469452,0.5111479759216309,6.787858728785068e-05,0.5230299830436707,0.014395125210285187,-5.502511501312256,0.49772676825523376,1.6285248420899734e-05,0.503122866153717,0.005396097898483276,-3.6996912956237793,0.9934902787208557,0.001844229525886476,1.0,0.006509721279144287,-2.2174196243286133,0.00040584802627563477,0.017284726724028587,0.0,0.00040584802627563477,-1.1100226640701294,0.06085294112563133,0.0,0.06085294112563133,0.08594700694084167,0.0,0.08594700694084167,0.0,0.0,-18.977766036987305,1785282703.0130177,51.19644618034363,24.10920476913452,2524.7021323522727,108.76227222597251,0.0,96.48,True,1.8231210708618164
442,0.006191505119204521,7.524054694840743e-07,0.005908128339797258,0.0008098280522972345,2.4779635054983373e-07,0.0008362102089449763,0.00028460222529247403,-12.762680053710938,0.5097411274909973,0.0007317413692362607,0.5024734139442444,0.5125594139099121,6.757662049494684e-05,0.5234274864196777,0.013074197806417942,-5.663262844085693,0.4984985589981079,1.619621616555378e-05,0.5031736493110657,0.004675090312957764,-3.9216880798339844,0.9935787320137024,0.0018666604300960898,1.0,0.006421267986297607,-2.2118191719055176,0.010142400860786438,0.019108755514025688,0.0,0.010142400860786438,-1.0571742057800293,0.056644365191459656,0.0,0.056644365191459656,0.07520651072263718,0.0,0.07520651072263718,0.0,1.0,-19.254135131835938,1785282703.117181,51.30060958862305,24.21336817741394,2531.295662755534,108.50183684043611,0.0,96.48,True,1.8231210708618164
443,0.006159004755318165,6.904728593326581e-07,0.005935544613748789,0.0007520443759858608,2.3104641400095716e-07,0.0010299038840457797,0.0003565674414858222,-12.69215202331543,0.5050333142280579,0.0006999704637564719,0.5071052312850952,0.5123584270477295,6.488456710940227e-05,0.5251797437667847,0.012987648136913776,-5.34598445892334,0.49863073229789734,1.601582334842533e-05,0.5056107044219971,0.0069799721240997314,-3.0810317993164062,0.9985690712928772,0.0017692180117592216,1.0,0.0014309287071228027,-2.249091863632202,0.03269597142934799,0.024741819128394127,0.0,0.03269597142934799,-0.9090880751609802,0.04798088222742081,0.0,0.04798088222742081,0.04135371372103691,0.0,0.04135371372103691,0.0,1.0,-18.509456634521484,1785282703.2123027,51.39573121070862,24.30848979949951,2537.144514661481,108.09331532428067,0.0,96.48,True,1.8231210708618164
444,0.006180235184729099,6.817387543378572e-07,0.006377877201884985,0.0007533782627433538,2.3115944713936187e-07,0.0009406454628333449,0.0002722707577049732,-12.797008514404297,0.5074345469474792,0.0007036153110675514,0.5125769972801208,0.5132325887680054,6.242784002097324e-05,0.5272632241249084,0.01494334451854229,-5.03702974319458,0.4991942346096039,1.5468011042685248e-05,0.5053730607032776,0.006178826093673706,-3.3853378295898438,0.9999465346336365,0.0017481377581134439,1.0,5.346536636352539e-05,-2.255662679672241,0.05529987812042236,0.030137432739138603,0.0,0.05529987812042236,-0.7813195586204529,0.042134419083595276,0.0,0.042134419083595276,0.027874184772372246,0.0,0.027874184772372246,0.0,1.0,-18.519302368164062,1785282703.318875,51.50230360031128,24.415062189102173,2543.0032123010706,107.5570252915847,0.0,96.48,True,1.8231210708618164
445,0.006200253963470459,6.772056622139644e-07,0.006384661886841059,0.0007458296604454517,2.3233799595345772e-07,0.0010120216757059097,0.0003238278441131115,-12.724706649780273,0.5089409351348877,0.0007111526792868972,0.5189610123634338,0.5139807462692261,6.08950576861389e-05,0.5280683040618896,0.01728760451078415,-4.939504623413086,0.4996911585330963,1.5268149581970647e-05,0.506054699420929,0.006363540887832642,-3.2998170852661133,0.9995452761650085,0.0017546811141073704,1.0,0.0004547238349914551,-2.253736734390259,0.08115119487047195,0.03726176917552948,0.0,0.08115119487047195,-0.6375869512557983,0.037700507789850235,0.0,0.037700507789850235,0.017964309081435204,0.0,0.017964309081435204,0.0,1.0,-18.326217651367188,1785282703.4133654,51.59679388999939,24.509552478790283,2548.668825223863,106.87700265152407,0.0,96.48,True,1.8231210708618164
446,0.006239376030862331,6.686129268018703e-07,0.006182757206261158,0.0007437900640070438,2.3139472205002676e-07,0.0007780317682772875,6.616786413360387e-05,-12.905792236328125,0.5123345255851746,0.0007158490479923785,0.52543705701828,0.5149171352386475,5.883167978026904e-05,0.5286234617233276,0.018961532041430473,-4.937029838562012,0.5001317858695984,1.481119488744298e-05,0.519355297088623,0.019223511219024658,7.834012508392334,0.999786913394928,0.0017423524986952543,1.0,0.00021308660507202148,-2.257307767868042,0.1076890081167221,0.0428270623087883,0.0,0.1076890081167221,-0.5209616422653198,0.034585483372211456,0.0,0.034585483372211456,0.0123562291264534,0.0,0.0123562291264534,0.0,1.0,-12.938408851623535,1785282703.5090585,51.69248700141907,24.60524559020996,2548.9466293469122,106.08035470247296,0.0,96.48,True,1.8231210708618164
447,0.006282941438257694,6.770122240595811e-07,0.006217082031071186,0.0007448820397257805,2.3549129934963275e-07,0.000946292479056865,0.00021190475672483444,-12.80637264251709,0.515784740447998,0.0007314222166314721,0.5299816727638245,0.5158902406692505,5.757376493420452e-05,0.54853355884552,0.03559689596295357,2.738271951675415,0.500575840473175,1.4613944586017169e-05,0.5232464671134949,0.022670626640319824,12.936653137207031,0.9994146823883057,0.0017376107862219214,1.0,0.0005853176116943359,-2.258585214614868,0.135298490524292,0.048288699239492416,0.0,0.135298490524292,-0.4067961573600769,0.0329829603433609,0.0,0.0329829603433609,0.008948198519647121,0.0,0.008948198519647121,0.0,1.0,-4.147428512573242,1785282703.6136916,51.797120094299316,24.70987868309021,2540.433453130911,105.16954126851661,0.0,96.48,True,1.8231210708618164
448,0.006341021507978439,7.290104235835315e-07,0.006199775729328394,0.0007509402930736542,2.5387330992998614e-07,0.0009449045755900443,0.00023994273215066642,-12.733346939086914,0.5187738537788391,0.0007717906264588237,0.5362889766693115,0.5173565149307251,5.9066180256195366e-05,0.5588576793670654,0.045045822858810425,8.164600372314453,0.5011173486709595,1.5230231838359032e-05,0.522737979888916,0.021620631217956543,10.719002723693848,0.9970611929893494,0.0017703919438645244,1.0,0.0029388070106506348,-2.246899366378784,0.16765615344047546,0.057311054319143295,0.0,0.16765615344047546,-0.26546406745910645,0.0333104208111763,0.0,0.0333104208111763,0.006681701634079218,0.0,0.006681701634079218,0.0,1.0,-0.8421649932861328,1785282703.718847,51.90227556228638,24.81503415107727,2528.6150133956226,104.11739574465929,0.0,96.48,True,1.8231210708618164
449,0.006423295475542545,8.022196880119736e-07,0.005498459562659264,0.0007523319218307734,2.7742385100282263e-07,0.0008919673273339868,0.0009353178320452571,-12.160685539245605,0.5226714611053467,0.0008200790616683662,0.5399208664894104,0.5193180441856384,6.132132693892345e-05,0.5608992576599121,0.04501710087060928,7.714388847351074,0.5018282532691956,1.6080581190180965e-05,0.5225364565849304,0.020708203315734863,8.7337646484375,0.994507372379303,0.001802901504561305,1.0,0.0054926276206970215,-2.2318737506866455,0.2009381353855133,0.06703419238328934,0.0,0.2009381353855133,-0.13117700815200806,0.034543078392744064,0.0,0.034543078392744064,0.005428125150501728,0.0,0.005428125150501728,0.0,1.0,-1.6222920417785645,1785282703.812976,51.99640440940857,24.909162998199463,2517.5767007088266,102.93096316149487,0.0,96.48,True,1.8231210708618164
450,0.006527016870677471,8.807464269011689e-07,0.006414842791855335,0.0007543140091001987,3.0115700155874947e-07,0.0010078473715111613,0.0002772402949631214,-12.527324676513672,0.5281667709350586,0.0008682880434207618,0.5462506413459778,0.5214071273803711,6.288875738391653e-05,0.562539279460907,0.04493195191025734,7.115793228149414,0.5025510787963867,1.678846456343308e-05,0.5235538482666016,0.021002769470214844,8.559011459350586,0.992559015750885,0.0018133856356143951,1.0,0.00744098424911499,-2.2220747470855713,0.23954856395721436,0.07367818057537079,0.0,0.23954856395721436,0.004334181547164917,0.03520776703953743,0.0,0.03520776703953743,0.004362640902400017,0.0,0.004362640902400017,0.0,1.0,-2.5551843643188477,1785282703.9171216,52.100550174713135,25.01330876350403,2507.471280344571,101.60901938863128,0.0,96.48,True,1.8231210708618164
451,0.006627968512475491,9.458830163566745e-07,0.006456124596297741,0.000762168550863862,3.200526350610744e-07,0.00104011211078614,0.0003267766151111573,-12.438789367675781,0.5338761806488037,0.00090670125791803,0.5508003830909729,0.5234218835830688,6.362872227327898e-05,0.5636698007583618,0.043661464005708694,6.391030311584473,0.5032358169555664,1.724620960885659e-05,0.5243691205978394,0.02113330364227295,8.383231163024902,0.9914312362670898,0.001808825647458434,1.0,0.008568763732910156,-2.218304395675659,0.28258806467056274,0.07452242076396942,0.0,0.28258806467056274,0.1563960313796997,0.03612212464213371,0.0,0.03612212464213371,0.0035000324714928865,0.0,0.0035000324714928865,0.0,1.0,-3.1343493461608887,1785282704.022411,52.20583963394165,25.118598222732544,2497.9450249621573,100.13501376593516,0.0,96.48,True,1.8231210708618164
452,0.006723267957568169,9.947408443622408e-07,0.006537596695125103,0.0007707735057920218,3.3382951869498356e-07,0.00108494539745152,0.00036493531661108136,-12.363668441772461,0.5394924879074097,0.0009344016434624791,0.5563526153564453,0.525288462638855,6.366070010699332e-05,0.5655940175056458,0.04368983581662178,6.4305596351623535,0.5038281679153442,1.743101529427804e-05,0.524444043636322,0.020615875720977783,7.631633281707764,0.9910703897476196,0.0017938438104465604,1.0,0.008929610252380371,-2.2205333709716797,0.3220506012439728,0.07029848545789719,0.0,0.3220506012439728,0.32912325859069824,0.03676072880625725,0.0,0.03676072880625725,0.002896074205636978,0.0,0.002896074205636978,0.0,1.0,-3.4034039974212646,1785282704.1166523,52.3000807762146,25.212839365005493,2488.687824231004,98.48828091602803,0.0,96.48,True,1.8231210708618164
453,0.006813059560954571,1.0353286370445858e-06,0.006560150533914566,0.0007821095641702414,3.455519674844254e-07,0.001071801409125328,0.0003845573519356549,-12.339259147644043,0.5450211763381958,0.000956932024564594,0.5629484057426453,0.526918351650238,6.324251444311813e-05,0.5681367516517639,0.044948216527700424,7.127720832824707,0.5043059587478638,1.7415321053704247e-05,0.5233400464057922,0.019034087657928467,5.841518402099609,0.9910820126533508,0.0017758277244865894,1.0,0.00891798734664917,-2.2254130840301514,0.3551666736602783,0.063071109354496,0.0,0.3551666736602783,0.5372012853622437,0.03670124709606171,0.0,0.03670124709606171,0.0024649000260978937,0.0,0.0024649000260978937,0.0,1.0,-3.7163233757019043,1785282704.2211719,52.404600381851196,25.31735897064209,2479.7435428781314,96.63347003934936,0.0,96.48,True,1.8231210708618164
454,0.006888638250529766,1.0662470231181942e-06,0.006680719088762999,0.0007919014897197485,3.5548288224163116e-07,0.0012403088621795177,0.0004942666855640709,-12.159616470336914,0.549687385559082,0.0009728347649797797,0.5676772594451904,0.5284050703048706,6.275781197473407e-05,0.5667427778244019,0.04234873503446579,5.408385276794434,0.5047862529754639,1.7345430023851804e-05,0.5223087668418884,0.01752251386642456,4.28855037689209,0.9911065697669983,0.0017582039581611753,1.0,0.008893430233001709,-2.230300188064575,0.3781222403049469,0.05515340343117714,0.0,0.3781222403049469,0.7662906646728516,0.036081381142139435,0.0,0.036081381142139435,0.0021917494013905525,0.0,0.0021917494013905525,0.0,1.0,-5.688632965087891,1785282704.3256764,52.50910496711731,25.421863555908203,2472.7715711146448,94.54956978336008,0.0,96.48,True,1.8231210708618164
455,0.006964399479329586,1.0792522289193585e-06,0.0069954292848706245,0.0008055455982685089,3.602013123327197e-07,0.0012862866278737783,0.00048174141556955874,-12.128789901733398,0.5551229119300842,0.0009810307528823614,0.5734077095985413,0.5294776558876038,6.117316661402583e-05,0.5633920431137085,0.03852946311235428,3.0949859619140625,0.5050670504570007,1.6864285498741083e-05,0.521882176399231,0.016815125942230225,3.8068370819091797,0.9915181994438171,0.0017302207415923476,1.0,0.008481800556182861,-2.240025043487549,0.39322060346603394,0.04710494726896286,0.0,0.39322060346603394,1.032504677772522,0.03433065861463547,0.0,0.03433065861463547,0.001977949170395732,0.0,0.001977949170395732,0.0,1.0,-7.749382972717285,1785282704.4200866,52.60351514816284,25.516273736953735,2467.8603493587875,92.19945551427114,0.0,96.48,True,1.8231210708618164
456,0.0070366645231842995,1.0699553740778356e-06,0.006945932749658823,0.0008203287143260241,3.5782181839749683e-07,0.0012852216605097055,0.0004736641130875796,-12.151836395263672,0.5608855485916138,0.0009795104851946235,0.5792595148086548,0.5301356315612793,5.859376324224286e-05,0.560686469078064,0.03565047308802605,1.638155460357666,0.5052273869514465,1.5999956303858198e-05,0.5184560418128967,0.013228654861450195,0.866157054901123,0.9925348162651062,0.0016839683521538973,1.0,0.007465183734893799,-2.2578155994415283,0.4014607071876526,0.03888421505689621,1.0,0.5985392928123474,3.901970624923706,0.03179512545466423,0.0,0.03179512545466423,0.001785000436939299,0.0,0.001785000436939299,0.0,1.0,-10.408233642578125,1785282704.5246353,52.70806384086609,25.620822429656982,2465.607978272791,86.979875298031,0.0,96.48,True,1.8231210708618164
457,0.007023492828011513,8.39845768041414e-07,0.0067148357629776,0.0009303148835897446,2.717611664593278e-07,0.0013492985162883997,0.0005204002954997122,-12.336618423461914,0.557317852973938,0.0008107065805234015,0.5832083821296692,0.5343042016029358,6.0570593632292e-05,0.5588445663452148,0.03567280247807503,-1.1920561790466309,0.5058279633522034,1.6925861928029917e-05,0.5166606307029724,0.010832667350769043,-1.1079046726226807,0.9942517876625061,0.001792636699974537,1.0,0.0057482123374938965,-2.233879327774048,0.5852420330047607,0.06942038983106613,0.65380859375,0.06856656074523926,-0.3809871971607208,0.035215649753808975,0.0,0.035215649753808975,0.0006650634459219873,0.0,0.0006650634459219873,0.0,1.0,-13.844215393066406,1785282704.629952,52.81338047981262,25.726139068603516,2466.791588937283,86.0432529038753,0.0,96.48,True,1.8231210708618164
458,0.007024660706520081,8.754429359214555e-07,0.006959259510040283,0.0009759508538991213,2.8392494755280495e-07,0.00139345764182508,0.00042259818292222917,-12.3642578125,0.5604625940322876,0.000827459036372602,0.5910946726799011,0.5338955521583557,5.959420377621427e-05,0.556513249874115,0.038077350705862045,-1.7156524658203125,0.5058009624481201,1.696135768725071e-05,0.5160545706748962,0.010253608226776123,-1.4740536212921143,0.995328962802887,0.001744014210999012,1.0,0.004671037197113037,-2.25058913230896,0.619293749332428,0.07353001087903976,0.0,0.619293749332428,2.2218546867370605,0.030660124495625496,0.0,0.030660124495625496,0.0005080453702248633,0.0,0.0005080453702248633,0.0,1.0,-14.473807334899902,1785282704.7244759,52.907904386520386,25.82066297531128,2468.6047915436084,82.50378862582181,0.0,96.48,True,1.8231210708618164
459,0.0070762792602181435,8.704049037078221e-07,0.0070566353388130665,0.0010237183887511492,2.7894768095393374e-07,0.0014804982347413898,0.0004572020552586764,-12.31118392944336,0.566780686378479,0.0008422035607509315,0.597141444683075,0.5321659445762634,5.722617788705975e-05,0.5524631142616272,0.03652055189013481,-2.439342498779297,0.5050075054168701,1.6116408005473204e-05,0.5130320191383362,0.008024513721466064,-2.601156711578369,0.9948974847793579,0.001795069663785398,1.0,0.00510251522064209,-2.2351653575897217,0.5896204710006714,0.08030255883932114,0.0,0.5896204710006714,1.8226017951965332,0.030745211988687515,0.0,0.030745211988687515,0.0006607446703128517,0.0,0.0006607446703128517,0.0,1.0,-15.563236236572266,1785282704.8312068,53.01463532447815,25.927393913269043,2471.507423051606,79.36357723930885,0.0,96.48,True,1.8231210708618164
460,0.007337845861911774,9.007768539959216e-07,0.0073176478035748005,0.0010499791242182255,2.873074720355362e-07,0.0015039636055007577,0.0004544335824903101,-12.294578552246094,0.5828853845596313,0.0008692884584888816,0.6031761169433594,0.5314139723777771,5.449165473692119e-05,0.5468391180038452,0.02548821270465851,-4.1747355461120605,0.5034332275390625,1.4858684153296053e-05,0.5112388134002686,0.007805585861206055,-2.589303493499756,0.9986550211906433,0.0018545039929449558,1.0,0.0013449788093566895,-2.225642681121826,0.5717857480049133,0.07868928462266922,0.76708984375,0.19530409574508667,-0.10981658101081848,0.019627142697572708,0.0,0.019627142697572708,0.0005251631955616176,0.0,0.0005251631955616176,0.0,1.0,-16.929018020629883,1785282704.9243968,53.10782527923584,26.020583868026733,2475.7758363436615,78.15578422900325,0.0,96.48,True,1.8231210708618164
461,0.007384397089481354,8.677700975567859e-07,0.007120028603821993,0.001071062870323658,2.7681932124323794e-07,0.0015443390002474189,0.0005421079113148153,-12.245893478393555,0.5867503881454468,0.0008401920204050839,0.6102502346038818,0.533531665802002,5.110191341373138e-05,0.5429819822311401,0.0253288634121418,-5.441439628601074,0.504360556602478,1.4019632544659544e-05,0.5099925398826599,0.005631983280181885,-3.537343740463257,1.0015407800674438,0.0017344875959679484,1.0,0.0015407800674438477,-2.2588987350463867,0.6494756937026978,0.07272917032241821,0.0,0.6494756937026978,2.508359909057617,0.016066892072558403,0.0,0.016066892072558403,0.00027983932523056865,0.0,0.00027983932523056865,0.0,1.0,-18.36771583557129,1785282705.0311947,53.21462321281433,26.127381801605225,2481.4829474506582,74.3298147286292,0.0,96.48,True,1.8231210708618164
462,0.007384448312222958,8.267620046353841e-07,0.00708927633240819,0.0011371285654604435,2.5928022751031676e-07,0.0015128235099837184,0.0004777794238179922,-12.422794342041016,0.5904526114463806,0.0008413501782342792,0.6153066754341125,0.5303709506988525,4.898901534033939e-05,0.5407205820083618,0.026922840625047684,-5.20397424697876,0.5029176473617554,1.3190294339437969e-05,0.5084725618362427,0.005554914474487305,-3.5293874740600586,1.0021796226501465,0.0017583414446562529,1.0,0.0021796226501464844,-2.2514028549194336,0.613930344581604,0.08234977722167969,0.96435546875,0.350425124168396,0.416135311126709,0.01594998873770237,0.0,0.01594998873770237,0.00035306226345710456,0.0,0.00035306226345710456,0.0,1.0,-18.35066795349121,1785282705.1266587,53.31008720397949,26.222845792770386,2487.173010675575,72.59606982618607,0.0,96.48,True,1.8231210708618164
463,0.007415279746055603,7.937192663121095e-07,0.007278477307409048,0.0011768937110900879,2.492469661774521e-07,0.0016027638921514153,0.00044730337685905397,-12.412185668945312,0.5937513113021851,0.0008226021891459823,0.621372640132904,0.5322480797767639,4.608126255334355e-05,0.5364324450492859,0.027936477214097977,-6.052480697631836,0.5036525726318359,1.2512678949860856e-05,0.5061585903167725,0.0025060176849365234,-4.474494934082031,1.0040314197540283,0.001700634486041963,1.0,0.00403141975402832,-2.264659881591797,0.6989164352416992,0.07404234260320663,0.712890625,0.013974189758300781,-0.3813018798828125,0.014803005382418633,0.0,0.014803005382418633,0.00019873051496688277,0.0,0.00019873051496688277,0.0,1.0,-19.491416931152344,1785282705.2314572,53.41488575935364,26.32764434814453,2494.0038228781527,71.65976211475245,0.0,96.48,True,1.8231210708618164
464,0.007400534115731716,7.819714369361463e-07,0.007312392815947533,0.0012336731888353825,2.436223383028846e-07,0.0016476765740662813,0.0004232820647303015,-12.449931144714355,0.5968008041381836,0.0008236528374254704,0.6284505724906921,0.5307353138923645,4.427638850756921e-05,0.5328263640403748,0.031718768179416656,-6.0680670738220215,0.5031522512435913,1.2048903954564594e-05,0.505111038684845,0.001958787441253662,-4.585110187530518,1.004770278930664,0.0016404114430770278,1.0,0.0047702789306640625,-2.280529737472534,0.7177740335464478,0.07648341357707977,0.94140625,0.22363221645355225,-0.03945958614349365,0.013456843793392181,0.0,0.013456843793392181,0.00016108756244648248,0.0,0.00016108756244648248,0.0,1.0,-19.596939086914062,1785282705.3150568,53.49848532676697,26.41124391555786,2500.9401572364923,70.38161210957952,0.0,96.48,True,1.8231210708618164
465,0.0074195656925439835,7.838111741875764e-07,0.007274342235177755,0.0013118023052811623,2.4250653041235637e-07,0.0016457769088447094,0.00036418248782865703,-12.56436538696289,0.6019587516784668,0.0008354535675607622,0.6335111260414124,0.5299918055534363,4.270004865247756e-05,0.5298757553100586,0.03155258670449257,-6.140572547912598,0.5029965043067932,1.1664773410302587e-05,0.5030046105384827,8.106231689453125e-06,-4.76052713394165,1.0046896934509277,0.0016384025802835822,1.0,0.004689693450927734,-2.2813665866851807,0.7517338991165161,0.07668886333703995,0.97607421875,0.2243403196334839,-0.036926060914993286,0.013617857359349728,0.0,0.013617857359349728,0.0001350302336504683,0.0,0.0001350302336504683,0.0,1.0,-19.857088088989258,1785282705.420406,53.60383462905884,26.51659321784973,2508.136640596907,69.10092857917809,0.0,96.48,True,1.8231210708618164
466,0.007435227744281292,7.508642738685012e-07,0.007737745996564627,0.0015371725894510746,2.3438290952526586e-07,0.0017738096648827195,0.0003840760327875614,-12.665901184082031,0.6096054911613464,0.0008352536824531853,0.6395862698554993,0.5299861431121826,4.02568512072321e-05,0.5266141891479492,0.030169805511832237,-6.086838245391846,0.5032888650894165,1.1160907888552174e-05,0.5014812350273132,0.0018076300621032715,-4.63622522354126,1.0047798156738281,0.001601289608515799,1.0,0.004779815673828125,-2.292400598526001,0.7786787748336792,0.07527823746204376,0.92578125,0.1471024751663208,-0.23061591386795044,0.015672679990530014,0.0,0.015672679990530014,0.0001317108835792169,0.0,0.0001317108835792169,0.0,1.0,-19.853485107421875,1785282705.515011,53.698439598083496,26.61119818687439,2515.3295209757543,68.01393490172961,0.0,96.48,True,1.8231210708618164
467,0.00743671040982008,7.135559485504928e-07,0.007518019061535597,0.001836927025578916,2.2807043364991841e-07,0.0017437607748433948,0.00012365696602500975,-12.86176872253418,0.6190476417541504,0.0008480346295982599,0.6456552147865295,0.5295425057411194,3.712204488692805e-05,0.5230777263641357,0.02738167904317379,-5.818734169006348,0.5035504698753357,1.0620673492667265e-05,0.4999814033508301,0.0035690665245056152,-4.2077250480651855,1.004335641860962,0.0015655229799449444,1.0,0.004335641860961914,-2.3048255443573,0.8017170429229736,0.07352304458618164,0.9326171875,0.13090014457702637,-0.269612580537796,0.01752079837024212,0.0,0.01752079837024212,0.0001275242684641853,0.0,0.0001275242684641853,0.0,1.0,-19.62061882019043,1785282705.6181872,53.801615715026855,26.71437430381775,2522.2895350673703,66.96593789095098,0.0,96.48,True,1.8231210708618164
468,0.00744277611374855,7.335227678595402e-07,0.007624594960361719,0.002029518596827984,2.403258747563086e-07,0.0017479985253885388,0.00033512929803691804,-12.658039093017578,0.628481388092041,0.0008934541838243604,0.6517155766487122,0.5281487703323364,3.5166282032150775e-05,0.5208206176757812,0.024362457916140556,-5.73439884185791,0.5033751726150513,1.0349033800594043e-05,0.49894028902053833,0.0044348835945129395,-3.8701272010803223,1.0029168128967285,0.0016023595817387104,1.0,0.0029168128967285156,-2.2965457439422607,0.8186267614364624,0.07500386983156204,0.990234375,0.1716076135635376,-0.17985163629055023,0.016508454456925392,0.0,0.016508454456925392,0.00011756968888221309,0.0,0.00011756968888221309,0.0,1.0,-19.180622100830078,1785282705.7143161,53.89774465560913,26.810503244400024,2528.809552439626,65.8281799359251,0.0,96.48,True,1.8231210708618164
469,0.007441040128469467,7.611989758515847e-07,0.008130865171551704,0.002201859839260578,2.5591782559786225e-07,0.0018893465166911483,0.0007573131006211042,-12.292129516601562,0.6378694772720337,0.0009347330196760595,0.6587761044502258,0.5268954634666443,3.383351941010915e-05,0.5182760953903198,0.022613724693655968,-5.465046405792236,0.5032344460487366,1.0123892934643663e-05,0.498038113117218,0.005196332931518555,-3.497795581817627,1.0023193359375,0.0016394980484619737,1.0,0.0023193359375,-2.2861034870147705,0.8294793367385864,0.07511629909276962,0.5771484375,0.2523308992385864,0.048395007848739624,0.014641438610851765,0.0,0.014641438610851765,0.00011112212087027729,0.0,0.00011112212087027729,0.0,1.0,-18.41306495666504,1785282705.8083181,53.99174666404724,26.904505252838135,2534.5620126677163,64.46217533675994,0.0,96.48,True,1.8231210708618164
470,0.007506207562983036,8.114977276818536e-07,0.007635783404111862,0.002255811356008053,2.7885073450306663e-07,0.0017684483900666237,0.000504294119309634,-12.284368515014648,0.649777889251709,0.0009399903938174248,0.6658194065093994,0.5257925987243652,3.270703382440843e-05,0.515701174736023,0.01895170472562313,-5.117220878601074,0.5031045079231262,9.56497297011083e-06,0.4959840476512909,0.007120460271835327,-2.2094178199768066,1.0055980682373047,0.0014740785118192434,1.0,0.0055980682373046875,-2.3302929401397705,0.7757813930511475,0.07880100607872009,0.927734375,0.15195298194885254,-0.20496976375579834,0.01169065572321415,0.0,0.01169065572321415,0.00014741714403498918,0.0,0.00014741714403498918,0.0,0.0,-17.48285484313965,1785282705.915189,54.09861755371094,27.01137614250183,2539.3842627822814,63.349535509199306,0.0,96.48,True,1.8231210708618164
471,0.007882649078965187,1.110400035031489e-06,0.0078107682056725025,0.0020300322212278843,3.583569423426525e-07,0.0017990595661103725,0.00024189920804928988,-12.361625671386719,0.6663954257965088,0.0010449052788317204,0.6708648204803467,0.5240591764450073,3.7527144741034135e-05,0.5137209892272949,0.011262929998338223,-5.2556915283203125,0.5021268129348755,1.0266971003147773e-05,0.4957568347454071,0.006369978189468384,-2.8482751846313477,1.0042815208435059,0.0015722394455224276,1.0,0.004281520843505859,-2.302858829498291,0.7085589170455933,0.0803840234875679,0.8720703125,0.16351139545440674,-0.17522984743118286,0.008403133600950241,0.0,0.008403133600950241,0.00017474048945587128,0.0,0.00017474048945587128,0.0,0.0,-17.99031639099121,1785282706.0094647,54.192893266677856,27.10565185546875,2544.713974444698,62.207155765314056,0.0,96.48,True,1.8231210708618164
472,0.008097759447991848,1.2416163599482388e-06,0.007795343641191721,0.00202308502048254,3.9038687305037456e-07,0.001792376977391541,0.0003803702420555055,-12.234734535217285,0.6786302328109741,0.0010967213893309236,0.6770186424255371,0.5231120586395264,3.9150676457211375e-05,0.5124334096908569,0.010799572803080082,-5.186358451843262,0.5014853477478027,1.035735840559937e-05,0.49515581130981445,0.006329536437988281,-2.8859310150146484,1.0018774271011353,0.001631986815482378,1.0,0.001877427101135254,-2.2889602184295654,0.691426157951355,0.08301028609275818,0.83935546875,0.14792931079864502,-0.19364739954471588,0.007574003655463457,0.0,0.007574003655463457,0.00018330541206523776,0.0,0.00018330541206523776,0.0,0.0,-17.826786041259766,1785282706.1136966,54.29712510108948,27.20988368988037,2549.8801557573834,61.08319357354234,0.0,96.48,True,1.8231210708618164
473,0.008205489255487919,1.2551209920275141e-06,0.007807850372046232,0.0021327724680304527,3.930329626200546e-07,0.0017932408954948187,0.0005228751106187701,-12.12130355834961,0.6885104179382324,0.0011091253254562616,0.6821720004081726,0.522758424282074,3.8533358747372404e-05,0.5095868110656738,0.01461735088378191,-4.3769121170043945,0.5012708902359009,1.0058535735879559e-05,0.4944574236869812,0.006813466548919678,-2.526947498321533,1.0008704662322998,0.0016316991532221437,1.0,0.0008704662322998047,-2.289896011352539,0.7051500082015991,0.08334533870220184,0.0,0.7051500082015991,2.659546375274658,0.007716036401689053,0.0,0.007716036401689053,0.00017395152826793492,0.0,0.00017395152826793492,0.0,0.0,-16.886306762695312,1785282706.207829,54.391257524490356,27.30401611328125,2554.105857791504,57.10603760695125,0.0,96.48,True,1.8231210708618164
474,0.00819805171340704,1.1107580348834745e-06,0.00830724835395813,0.0023536626249551773,3.580009888537461e-07,0.0019037043675780296,0.00046301871770992875,-12.15058708190918,0.6969709992408752,0.0011150622740387917,0.6891881823539734,0.5208525657653809,3.45248008670751e-05,0.5048763751983643,0.017771068960428238,-2.974846601486206,0.5004477500915527,8.97067366167903e-06,0.49396616220474243,0.006481587886810303,-2.550262689590454,0.9949453473091125,0.0016687767347320914,1.0,0.005054652690887451,-2.271238327026367,0.6730824708938599,0.0917055681347847,0.76025390625,0.08717143535614014,-0.23421677947044373,0.00814860314130783,0.0,0.00814860314130783,0.00022496416931971908,0.0,0.00022496416931971908,0.0,0.0,-15.805595397949219,1785282706.3123338,54.49576234817505,27.408520936965942,2557.250848460879,56.02264479510526,0.0,96.48,True,1.8231210708618164
475,0.008319305256009102,1.2024025863865972e-06,0.009280349127948284,0.0024000704288482666,3.8953459124968504e-07,0.002105225343257189,0.00100525573361665,-11.861221313476562,0.705737829208374,0.001117262290790677,0.6962513327598572,0.5210373997688293,3.569001637515612e-05,0.5064237117767334,0.017422785982489586,-3.6487340927124023,0.5002843737602234,9.100584065890871e-06,0.49370259046554565,0.006581783294677734,-2.504587411880493,0.9968610405921936,0.0016376415733247995,1.0,0.0031389594078063965,-2.28530216217041,0.714914083480835,0.08483896404504776,0.98828125,0.27336716651916504,0.1258586049079895,0.007656043395400047,0.0,0.007656043395400047,0.00016749583301134408,0.0,0.00016749583301134408,0.0,0.0,-16.032503128051758,1785282706.4163594,54.59978795051575,27.51254653930664,2560.622746860356,54.579176598880835,0.0,96.48,True,1.8231210708618164
476,0.008434941060841084,1.2812805607609334e-06,0.006832960061728954,0.002419926691800356,4.100496084902261e-07,0.001554889022372663,0.0018206133972853422,-10.385527610778809,0.7117059826850891,0.0011421918170526624,0.7021724581718445,0.5207165479660034,3.664189716801047e-05,0.506492018699646,0.01712382398545742,-3.855888843536377,0.5001564025878906,9.242744454240892e-06,0.49314063787460327,0.0070157647132873535,-2.214216709136963,0.9959660768508911,0.0016632743645459414,1.0,0.004033923149108887,-2.275653600692749,0.7509829998016357,0.08526798337697983,0.98388671875,0.23290371894836426,0.006040751934051514,0.007912690751254559,0.0,0.007912690751254559,0.00013803172623738647,0.0,0.00013803172623738647,0.0,0.0,-14.577346801757812,1785282706.514698,54.698126554489136,27.61088514328003,2562.5394889335394,53.25552625563035,0.0,96.48,True,1.8231210708618164
477,0.00854942575097084,1.3500290378942736e-06,0.008290792815387249,0.0024227325338870287,4.277059417745477e-07,0.0018981709145009518,0.000584855442866683,-11.905780792236328,0.7180027961730957,0.0011689651291817427,0.7072029709815979,0.5203055143356323,3.724011912709102e-05,0.5024402141571045,0.020875947549939156,-2.301830291748047,0.49993354082107544,9.272288480133284e-06,0.4930877983570099,0.006845742464065552,-2.348191261291504,0.9946531057357788,0.0016837477451190352,1.0,0.005346894264221191,-2.2659380435943604,0.7731962203979492,0.08718077838420868,0.0,0.7731962203979492,3.12774658203125,0.00798916257917881,0.0,0.00798916257917881,0.00012449253699742258,0.0,0.00012449253699742258,0.0,0.0,-14.921340942382812,1785282706.6215515,54.80498003959656,27.71773862838745,2564.8002251473476,48.81017008228267,0.0,96.48,True,1.8231210708618164
478,0.008699502795934677,1.2790251275873743e-06,0.008368613198399544,0.002335802186280489,3.899880312019377e-07,0.0018902684096246958,0.0005549669149331748,-12.028106689453125,0.7228531241416931,0.0011734733125194907,0.7132430076599121,0.518207311630249,3.557224044925533e-05,0.504148006439209,0.01702992618083954,-3.8402912616729736,0.49900102615356445,8.577233529649675e-06,0.4928010106086731,0.006200015544891357,-2.673433780670166,0.9878163933753967,0.0017580415587872267,1.0,0.012183606624603271,-2.2106215953826904,0.7361310720443726,0.10194326192140579,0.99609375,0.25996267795562744,0.10873094201087952,0.00797148048877716,0.0,0.00797148048877716,0.00015681644435971975,0.0,0.00015681644435971975,0.0,0.0,-16.437057495117188,1785282706.726492,54.90992045402527,27.822679042816162,2568.5766779138903,47.383829548955354,0.0,96.48,True,1.8231210708618164
479,0.008868264965713024,1.3959974012323073e-06,0.008554581552743912,0.0023038473445922136,4.168465750353789e-07,0.0019047873793169856,0.0005075885565020144,-12.022089004516602,0.7315038442611694,0.001164376619271934,0.7192217707633972,0.5198714733123779,3.71414098481182e-05,0.5061818957328796,0.018391678109765053,-4.052667617797852,0.49928927421569824,8.646500646136701e-06,0.4923900067806244,0.0068992674350738525,-2.157686948776245,0.98885577917099,0.001735543366521597,1.0,0.01114422082901001,-2.223499298095703,0.7979151010513306,0.09084496647119522,0.9462890625,0.14837396144866943,-0.15919485688209534,0.0074707879684865475,0.0,0.0074707879684865475,0.00010788658255478367,0.0,0.00010788658255478367,0.0,0.0,-16.343067169189453,1785282706.8222668,55.00569534301758,27.91845393180847,2572.2591403545052,46.22541481452102,0.0,96.48,True,1.8231210708618164
480,0.008994544856250286,1.4937593277863925e-06,0.00823161005973816,0.0022127097472548485,4.3443358777039975e-07,0.0018477707635611296,0.0008457244839519262,-11.84572696685791,0.7359280586242676,0.0011887740110978484,0.7261647582054138,0.5194990038871765,3.837468466372229e-05,0.5019733905792236,0.020061634480953217,-2.5715532302856445,0.49918293952941895,8.83407483343035e-06,0.492354154586792,0.006828784942626953,-2.2601656913757324,0.9884420037269592,0.0017507632728666067,1.0,0.011557996273040771,-2.216762065887451,0.8120900392532349,0.09381428360939026,0.9677734375,0.15568339824676514,-0.13510343432426453,0.007745760027319193,0.0,0.007745760027319193,0.0001018406474031508,0.0,0.0001018406474031508,0.0,0.0,-15.033052444458008,1785282706.9257274,55.109155893325806,28.0219144821167,2574.6315880703887,45.04290865752885,0.0,96.48,True,1.8231210708618164
481,0.009110093116760254,1.524649519524246e-06,0.008442409336566925,0.002134830690920353,4.35791349673309e-07,0.0018779563251882792,0.0007153922342695296,-11.960142135620117,0.7399958372116089,0.0011883967090398073,0.7301957607269287,0.5193352699279785,3.8698188291164115e-05,0.5042812824249268,0.017962852492928505,-3.6410720348358154,0.49916359782218933,8.798315320746042e-06,0.4923037886619568,0.006859809160232544,-2.227332353591919,0.9878625273704529,0.0017508523305878043,1.0,0.01213747262954712,-2.2128171920776367,0.8296360969543457,0.09352331608533859,0.966796875,0.1371607780456543,-0.1652541160583496,0.008256391622126102,0.0,0.008256391622126102,9.652120934333652e-05,0.0,9.652120934333652e-05,0.0,0.0,-15.986666679382324,1785282707.0303707,55.213799238204956,28.12655782699585,2577.9576500211965,43.890553182270764,0.0,96.48,True,1.8231210708618164
482,0.00920497439801693,1.5693664181526401e-06,0.010031257756054401,0.0020709712989628315,4.4234067786419473e-07,0.002200094750151038,0.0008363116066902876,-11.92376708984375,0.7438886165618896,0.0011952845379710197,0.7371587753295898,0.5192272663116455,3.914142507710494e-05,0.5078850984573364,0.013188461773097515,-4.938694000244141,0.4991007447242737,8.79075832926901e-06,0.4918580651283264,0.007242679595947266,-1.9183549880981445,0.9873515963554382,0.0017495449865236878,1.0,0.012648403644561768,-2.209540367126465,0.8428845405578613,0.09382183104753494,0.99609375,0.15320920944213867,-0.1391465663909912,0.008877364918589592,0.0,0.008877364918589592,9.505837806500494e-05,0.0,9.505837806500494e-05,0.0,0.0,-16.833900451660156,1785282707.1272335,55.310662031173706,28.2234206199646,2582.130945744282,42.71209015734532,0.0,96.48,True,1.8231210708618164
483,0.00929664820432663,1.6238989246630808e-06,0.007249599788337946,0.0020143380388617516,4.523718075688521e-07,0.0015652993461117148,0.0020957202650606632,-10.618748664855957,0.7480353116989136,0.0012066178023815155,0.7422025203704834,0.5191358327865601,3.957720400649123e-05,0.5080430507659912,0.012532807886600494,-5.022066593170166,0.4990387558937073,8.776375580055173e-06,0.4919939637184143,0.007044792175292969,-2.075359344482422,0.9864477515220642,0.0017562885768711567,1.0,0.013552248477935791,-2.2010505199432373,0.8550319671630859,0.09435825049877167,0.77099609375,0.08403587341308594,-0.22396837174892426,0.009655737318098545,0.0,0.009655737318098545,9.567421511746943e-05,0.0,9.567421511746943e-05,0.0,0.0,-15.674081802368164,1785282707.2302215,55.413650035858154,28.326408624649048,2585.144422818076,41.61844893777781,0.0,96.48,True,1.8231210708618164
484,0.009386960417032242,1.644194185246306e-06,0.008803430944681168,0.0019585154950618744,4.5390672198664106e-07,0.0018792623886838555,0.0005888868472538888,-12.013473510742188,0.7529820203781128,0.001212550443597138,0.7492002844810486,0.5190517902374268,3.92269721487537e-05,0.5065462589263916,0.013064831495285034,-4.593436241149902,0.49901336431503296,8.555681233701762e-06,0.49227529764175415,0.006738066673278809,-2.262220859527588,0.9852344989776611,0.0017656302079558372,1.0,0.014765501022338867,-2.1889452934265137,0.8587697744369507,0.09617126733064651,0.5390625,0.3197072744369507,0.2795361280441284,0.010041138157248497,0.0,0.010041138157248497,9.821912681218237e-05,0.0,9.821912681218237e-05,0.0,0.0,-16.819334030151367,1785282707.3247025,55.50813102722168,28.420889616012573,2589.3031521196526,40.02130321841725,0.0,96.48,True,1.8231210708618164
485,0.009461923502385616,1.6473547930218047e-06,0.008506440557539463,0.0018935247790068388,4.5269044335327635e-07,0.001799298799596727,0.000960117788054049,-11.837419509887695,0.7582127451896667,0.0012218502815812826,0.7551530003547668,0.5185341238975525,3.806992754107341e-05,0.507054328918457,0.011880560778081417,-4.8691911697387695,0.4989001452922821,8.129050002025906e-06,0.492788165807724,0.0061119794845581055,-2.6433908939361572,0.9821133017539978,0.0017934089992195368,1.0,0.017886698246002197,-2.1536827087402344,0.8577752113342285,0.09824541211128235,0.6845703125,0.17320489883422852,-0.08852629363536835,0.010128877125680447,0.0,0.010128877125680447,0.00010148128058062866,0.0,0.00010148128058062866,0.0,0.0,-17.054468154907227,1785282707.4291196,55.61254811286926,28.525306701660156,2593.6970155459853,38.79221992073619,0.0,96.48,True,1.8231210708618164
486,0.009534559212625027,1.750337446537742e-06,0.00918860174715519,0.001820063916966319,4.855003794546064e-07,0.00191211246419698,0.0003579937038011849,-12.016100883483887,0.7640906572341919,0.0012459452264010906,0.7610470652580261,0.5183685421943665,3.822504368145019e-05,0.5073366165161133,0.011444075033068657,-4.996413230895996,0.49888068437576294,7.967428246047348e-06,0.492788165807724,0.00609251856803894,-2.621727705001831,0.979509711265564,0.0018259293865412474,1.0,0.020490288734436035,-2.118924856185913,0.869003176689148,0.09620983898639679,0.8134765625,0.05552661418914795,-0.23565000295639038,0.010345240123569965,0.0,0.010345240123569965,9.936446440406144e-05,0.0,9.936446440406144e-05,0.0,0.0,-17.324094772338867,1785282707.5156913,55.69911980628967,28.611878395080566,2598.3605055897497,37.710260332376144,0.0,96.48,True,1.8231210708618164
487,0.009699189104139805,2.0310435502324253e-06,0.008686444722115993,0.0017492572078481317,5.664460900334234e-07,0.0018008544575423002,0.0010140578960999846,-11.652702331542969,0.7744148969650269,0.0013210077304393053,0.7668824195861816,0.518490195274353,4.071471994393505e-05,0.5084295868873596,0.012567977420985699,-5.2667999267578125,0.49913865327835083,8.303881259053014e-06,0.49359196424484253,0.005546689033508301,-3.0779623985290527,0.9674084186553955,0.0019358601421117783,1.0,0.03259158134460449,-1.9303120374679565,0.8622909784317017,0.09357131272554398,0.998046875,0.13575589656829834,-0.16709795594215393,0.009931616485118866,0.0,0.009931616485118866,9.820319974096492e-05,0.0,9.820319974096492e-05,0.0,0.0,-17.405122756958008,1785282707.6191742,55.802602767944336,28.71536135673523,2603.105023618133,36.559748697001865,0.0,96.48,True,1.8231210708618164
488,0.009722336195409298,2.064235331999953e-06,0.009015432558953762,0.0018153731944039464,5.768590654042782e-07,0.001833357266150415,0.0007071323925629258,-11.769010543823242,0.7772935628890991,0.0013307342305779457,0.7717159390449524,0.5186271667480469,4.0948925743578e-05,0.5093448162078857,0.010829215869307518,-5.460971355438232,0.49915486574172974,8.292175152746495e-06,0.4939080476760864,0.0052468180656433105,-3.2712159156799316,0.9657885432243347,0.0019394460832700133,1.0,0.03421145677566528,-1.9019958972930908,0.8709059953689575,0.09340126812458038,0.0,0.8709059953689575,3.7938289642333984,0.01059401873499155,0.0,0.01059401873499155,9.758392116054893e-05,0.0,9.758392116054893e-05,0.0,0.0,-17.773395538330078,1785282707.7158859,55.899314403533936,28.81207299232483,2608.2178144278887,32.72123112706471,0.0,96.48,True,1.8231210708618164
489,0.009781931526958942,2.06056347451522e-06,0.009229118935763836,0.0017718607559800148,5.649182526212826e-07,0.0018473498057574034,0.0005579429562203586,-11.82248306274414,0.7819498777389526,0.0013712666695937514,0.7784352898597717,0.5173586010932922,3.8201182178454474e-05,0.5104302167892456,0.00776883726939559,-5.911665439605713,0.4988385736942291,7.4276927080063615e-06,0.49425286054611206,0.004585713148117065,-3.570643901824951,0.9563091397285461,0.0020421608351171017,1.0,0.04369086027145386,-1.7105646133422852,0.827247142791748,0.09900382906198502,0.98828125,0.16103410720825195,-0.10639533400535583,0.00809231773018837,0.0,0.00809231773018837,0.00010286701581208035,0.0,0.00010286701581208035,0.0,0.0,-18.33713722229004,1785282707.822407,56.00583553314209,28.918594121932983,2613.894346921604,32.93244538437579,0.0,96.48,True,1.8231210708618164
490,0.00979206059128046,2.261720737806172e-06,0.008981460705399513,0.0018171460833400488,6.418874249902728e-07,0.0017967593157663941,0.00081085623241961,-11.645658493041992,0.7917810678482056,0.0013950843131169677,0.7841470241546631,0.5178142189979553,3.9361540984828025e-05,0.5112085342407227,0.010095231235027313,-5.945711135864258,0.49893149733543396,7.370515049842652e-06,0.4948979318141937,0.004033565521240234,-3.8863744735717773,0.9510894417762756,0.0020512903574854136,1.0,0.048910558223724365,-1.5925977230072021,0.8652439117431641,0.09067963808774948,0.98095703125,0.11571311950683594,-0.20744404196739197,0.008831370621919632,0.0,0.008831370621919632,8.793436427367851e-05,0.0,8.793436427367851e-05,0.0,0.0,-18.345415115356445,1785282707.91639,56.09981846809387,29.012577056884766,2619.579157308386,33.04261093372483,0.0,96.48,True,1.8231210708618164
491,0.009822241961956024,2.2945598630030872e-06,0.009202459827065468,0.0018632961437106133,6.481504897237755e-07,0.0018336356151849031,0.0006204914534464478,-11.694795608520508,0.7949293851852417,0.0014084718422964215,0.7888690829277039,0.5179862380027771,3.950222526327707e-05,0.5124047994613647,0.008238915354013443,-6.106974124908447,0.49903738498687744,7.350145097007044e-06,0.49541839957237244,0.003618985414505005,-4.100517749786377,0.9495788216590881,0.0020553043577820063,1.0,0.050421178340911865,-1.5562552213668823,0.8689215183258057,0.09219531714916229,0.99609375,0.12717223167419434,-0.18527519702911377,0.009609552100300789,0.0,0.009609552100300789,8.955986413639039e-05,0.0,8.955986413639039e-05,0.0,0.0,-18.630634307861328,1785282708.0211291,56.20455765724182,29.117316246032715,2625.549186887673,33.17494532801215,0.0,96.48,True,1.8231210708618164
492,0.009893818758428097,2.421577164568589e-06,0.00942980870604515,0.0018750596791505814,6.864624992886093e-07,0.0018659277120605111,0.00046409989590756595,-11.679009437561035,0.8029793500900269,0.001442020875401795,0.7953391671180725,0.5182384848594666,3.9246831875061616e-05,0.5128732919692993,0.009335828013718128,-6.118836402893066,0.4991613030433655,7.1305303208646365e-06,0.4953482449054718,0.0038130581378936768,-3.987105369567871,0.9426786303520203,0.0020794677548110485,1.0,0.057321369647979736,-1.3788399696350098,0.8698148727416992,0.09224381297826767,0.0,0.8698148727416992,3.828246831893921,0.010328332893550396,0.0,0.010328332893550396,9.290650632465258e-05,0.0,9.290650632465258e-05,0.0,0.0,-18.567630767822266,1785282708.1273189,56.310747385025024,29.223505973815918,2631.4562129269207,37.320801751222504,0.0,96.48,True,1.8231210708618164
493,0.009938201867043972,2.3476841306546703e-06,0.0093504274263978,0.0018270629225298762,6.478110208263388e-07,0.0018341838149353862,0.0005878175725229084,-11.694378852844238,0.8027834892272949,0.0014373870799317956,0.7996442317962646,0.5173482298851013,3.701146488310769e-05,0.5133626461029053,0.0050734421238303185,-6.318706512451172,0.49901100993156433,6.524785476358375e-06,0.49558722972869873,0.0034237802028656006,-4.152724742889404,0.9363208413124084,0.0020815557800233364,1.0,0.06367915868759155,-1.1943416595458984,0.8299292325973511,0.09626657515764236,0.9970703125,0.16714107990264893,-0.10628071427345276,0.007635280955582857,0.0,0.007635280955582857,8.90286173671484e-05,0.0,8.90286173671484e-05,0.0,0.0,-18.825706481933594,1785282708.2224576,56.40588617324829,29.318644762039185,2637.6213146802797,37.532130628265485,0.0,96.48,True,1.8231210708618164
494,0.009900543838739395,2.436348268020083e-06,0.009800676256418228,0.0018870029598474503,6.891671091580065e-07,0.001941775786690414,0.00011390169674996287,-11.714296340942383,0.8069968223571777,0.0014346636598929763,0.8053742051124573,0.5178050994873047,3.838295742752962e-05,0.5143076181411743,0.0038555494975298643,-6.359219551086426,0.49897217750549316,6.725166258547688e-06,0.49617913365364075,0.002793043851852417,-4.45589542388916,0.9341463446617126,0.0020638976711779833,1.0,0.06585365533828735,-1.1220306158065796,0.8611937761306763,0.09075415134429932,0.0,0.8611937761306763,3.8052029609680176,0.00872165895998478,0.0,0.00872165895998478,8.077607344603166e-05,0.0,8.077607344603166e-05,0.0,0.0,-19.029619216918945,1785282708.3174288,56.50085735321045,29.413615942001343,2643.990329168624,41.654943180549935,0.0,96.48,True,1.8231210708618164
495,0.009955519810318947,2.3827676614018856e-06,0.009424996562302113,0.0018560735043138266,6.585721621377161e-07,0.0018707585986703634,0.0005307264509610832,-11.69311809539795,0.807022213935852,0.0014402196975424886,0.8106948733329773,0.5172409415245056,3.667089913506061e-05,0.5147641897201538,0.004429754801094532,-6.452043533325195,0.49898219108581543,6.288637450779788e-06,0.496236652135849,0.0027455389499664307,-4.470110893249512,0.9309763312339783,0.0020510097965598106,0.9902769923210144,0.05930066108703613,-1.318495750427246,0.8191895484924316,0.09541110694408417,0.9970703125,0.17788076400756836,-0.09002462029457092,0.007522155996412039,0.0,0.007522155996412039,8.84554538060911e-05,0.0,8.84554538060911e-05,0.0,0.0,-19.08980941772461,1785282708.423405,56.60683345794678,29.51959204673767,2650.4195338577742,41.8825281515718,0.0,96.48,True,1.8231210708618164
496,0.009926767088472843,2.4570836103521287e-06,0.009551052004098892,0.0019137051422148943,6.927883759999531e-07,0.001871037413366139,0.00037813009112142026,-11.681621551513672,0.8104332685470581,0.0014339254703372717,0.8142392635345459,0.5176462531089783,3.790073242271319e-05,0.5148414373397827,0.004727852530777454,-6.417227268218994,0.4989253878593445,6.520618171634851e-06,0.4962080121040344,0.0027173757553100586,-4.4851179122924805,0.9287653565406799,0.002042993903160095,0.9686483144760132,0.03988295793533325,-1.7884371280670166,0.8525635004043579,0.09086181968450546,0.96142578125,0.10886228084564209,-0.21505475044250488,0.008891673758625984,0.0,0.008891673758625984,8.266048098448664e-05,0.0,8.266048098448664e-05,0.0,0.0,-19.05796241760254,1785282708.5292118,56.71264028549194,29.625398874282837,2656.8168915468023,41.985082992445726,0.0,96.48,True,1.8231210708618164
497,0.00994637981057167,2.457734808558598e-06,0.009621741250157356,0.0019506873795762658,6.89622652316757e-07,0.001865810016170144,0.0003355508379172534,-11.687154769897461,0.8121174573898315,0.0014470097376033664,0.8188902735710144,0.517893373966217,3.8229489291552454e-05,0.5150765180587769,0.007335237693041563,-6.397575378417969,0.4990423321723938,6.596722414542455e-06,0.4964001178741455,0.002642214298248291,-4.51638126373291,0.9278348088264465,0.002103589242324233,0.9610715508460999,0.03323674201965332,-1.9005459547042847,0.8630533218383789,0.09256485849618912,0.8125,0.050553321838378906,-0.25717970728874207,0.009827706962823868,0.0,0.009827706962823868,8.322917710756883e-05,0.0,8.322917710756883e-05,0.0,0.0,-19.063405990600586,1785282708.6333356,56.81676411628723,29.729522705078125,2663.2196928088283,42.04551287647342,0.0,96.48,True,1.8231210708618164
498,0.009961179457604885,2.4620128442620626e-06,0.009682592935860157,0.0019771780353039503,6.894055104567087e-07,0.0018504215404391289,0.000306068075587973,-11.685691833496094,0.8135442733764648,0.0014668030198663473,0.8220183253288269,0.5180876851081848,3.81805730285123e-05,0.5155161619186401,0.008855636231601238,-6.3999738693237305,0.4990418553352356,6.5690724113665055e-06,0.49668002128601074,0.0023618340492248535,-4.623045444488525,0.925352931022644,0.002140558324754238,0.9386583566665649,0.013305425643920898,-2.113053321838379,0.862018346786499,0.09398644417524338,0.0,0.862018346786499,3.6897361278533936,0.00983439665287733,0.0,0.00983439665287733,8.297685417346656e-05,0.0,8.297685417346656e-05,0.0,0.0,-19.11719512939453,1785282708.727374,56.910802602767944,29.823561191558838,2669.6762832096483,46.052858595643244,0.0,96.48,True,1.8231210708618164
499,0.009988391771912575,2.4231553652498405e-06,0.008397168479859829,0.0019151289016008377,6.643007282036706e-07,0.001588868792168796,0.0016243266873061657,-11.137031555175781,0.8110125064849854,0.00147885805927217,0.8250067830085754,0.5171947479248047,3.669863872346468e-05,0.5161522626876831,0.014033052138984203,-6.445730686187744,0.49891021847724915,6.158155429147882e-06,0.4971851110458374,0.0017251074314117432,-4.838297367095947,0.920497477054596,0.0022389038931578398,0.9314337968826294,0.010936319828033447,-2.1052358150482178,0.8298631906509399,0.10238248109817505,0.88525390625,0.05539071559906006,-0.2055976241827011,0.007430352736264467,0.0,0.007430352736264467,8.115671516861767e-05,0.0,8.115671516861767e-05,0.0,0.0,-18.712766647338867,1785282708.8312767,57.014705181121826,29.92746376991272,2675.7284451284127,46.164870562776976,0.0,96.48,True,1.8231210708618164
500,0.00994009617716074,2.4429982659057714e-06,0.010135564021766186,0.001997979125007987,6.907123406563187e-07,0.0019409070955589414,0.00020362930081319064,-11.70585823059082,0.8137186765670776,0.0014892846811562777,0.8283596634864807,0.5176369547843933,3.6546440242091194e-05,0.5167518854141235,0.014667714014649391,-6.442631721496582,0.49889928102493286,6.245868917176267e-06,0.49739521741867065,0.001504063606262207,-4.891760349273682,0.9180510640144348,0.002242329763248563,0.9181156158447266,6.455183029174805e-05,-2.1311802864074707,0.855019211769104,0.09387721866369247,0.998046875,0.143027663230896,-0.15498954057693481,0.008043118752539158,0.0,0.008043118752539158,7.326281047426164e-05,0.0,7.326281047426164e-05,0.0,0.0,-19.305845260620117,1785282708.9254522,57.10888075828552,30.021639347076416,2682.3736856604582,46.327490613516474,0.0,96.48,True,1.8231210708618164
501,0.010088794864714146,2.58650402429339e-06,0.011330247856676579,0.0019992368761450052,7.718012966506649e-07,0.0021451949141919613,0.0012500036973506212,-11.320261001586914,0.8198539018630981,0.0015949317021295428,0.8320441246032715,0.5179077386856079,3.703603579197079e-05,0.5174510478973389,0.01219877414405346,-6.434993267059326,0.499595582485199,6.363701686495915e-06,0.4976940453052521,0.0019015371799468994,-4.779412269592285,0.9180433750152588,0.0027259367052465677,0.904249906539917,0.013793468475341797,-1.9986350536346436,0.8599731922149658,0.09089023619890213,0.89501953125,0.03504633903503418,-0.2733561098575592,0.00802898220717907,0.0,0.00802898220717907,6.103632040321827e-05,0.0,6.103632040321827e-05,0.0,0.0,-18.857961654663086,1785282709.0114045,57.19483304023743,30.10759162902832,2688.571042586547,46.37174409497535,0.0,96.48,True,1.8231210708618164
502,0.010108476504683495,2.63243714471173e-06,0.008109476417303085,0.0020192814990878105,8.007230007933686e-07,0.0015158463502302766,0.002061418956145644,-10.687544822692871,0.8224278688430786,0.0016188157023862004,0.8345339894294739,0.517859935760498,3.801258571911603e-05,0.5176681280136108,0.012107639573514462,-6.418198585510254,0.49971967935562134,6.489808129117591e-06,0.4977779686450958,0.0019417107105255127,-4.76322603225708,0.9198976159095764,0.0030096215195953846,0.8983184099197388,0.021579205989837646,-1.9066698551177979,0.8629540205001831,0.09081846475601196,1.0,0.1370459794998169,-0.17710591852664948,0.008040771819651127,0.0,0.008040771819651127,5.657703150063753e-05,0.0,5.657703150063753e-05,0.0,0.0,-18.203716278076172,1785282709.118191,57.30161952972412,30.214378118515015,2694.1141541360485,46.51224776776513,0.0,96.48,True,1.8231210708618164
503,0.010121488012373447,2.6886955311056226e-06,0.009628643281757832,0.002024842659011483,8.339517876265745e-07,0.0017973920330405235,0.0005427980795502663,-11.49770736694336,0.8255960941314697,0.00164255581330508,0.8378832936286926,0.5177766680717468,3.920625749742612e-05,0.5181459188461304,0.012292747385799885,-6.393514633178711,0.499787300825119,6.673531970591284e-06,0.49793532490730286,0.0018519759178161621,-4.78277063369751,0.9222733378410339,0.0034017337020486593,0.8925986886024475,0.029674649238586426,-1.7933648824691772,0.8620197772979736,0.08903057873249054,1.0,0.13798022270202637,-0.18352778255939484,0.008362146094441414,0.0,0.008362146094441414,5.4431668104371056e-05,0.0,5.4431668104371056e-05,0.0,0.0,-19.003904342651367,1785282709.2119825,57.395411014556885,30.30816960334778,2700.4574537501253,46.64632957652217,0.0,96.48,True,1.8231210708618164
504,0.010195344686508179,2.7547307581698988e-06,0.010331635363399982,0.002025838242843747,8.662932486913633e-07,0.0019233785569667816,0.00017050845781341195,-11.533308029174805,0.8337974548339844,0.0016489746049046516,0.840200662612915,0.5175212621688843,4.015244121546857e-05,0.5186823606491089,0.0065076276659965515,-6.3981170654296875,0.4997723698616028,6.759412826795597e-06,0.49845370650291443,0.0013186633586883545,-4.904722690582275,0.9202181696891785,0.003968943376094103,0.8880485892295837,0.03216958045959473,-1.715316653251648,0.8659371137619019,0.08944622427225113,0.9697265625,0.10378944873809814,-0.2279040515422821,0.008541883900761604,0.0,0.008541883900761604,4.9841088184621185e-05,0.0,4.9841088184621185e-05,0.0,0.0,-19.104164123535156,1785282709.3175967,57.50102519989014,30.41378378868103,2706.901013145086,46.73603511629632,0.0,96.48,True,1.8231210708618164
505,0.010209349915385246,2.7790135845862096e-06,0.010219085961580276,0.002029808470979333,8.763596497374238e-07,0.0018863949226215482,0.00014374364400282502,-11.520822525024414,0.8363966941833496,0.0016585076227784157,0.8429160118103027,0.5174116492271423,4.144373451708816e-05,0.5193773508071899,0.006809220649302006,-6.349198341369629,0.49980753660202026,6.944918823137414e-06,0.49872010946273804,0.0010874271392822266,-4.934677600860596,0.9237310886383057,0.00450702803209424,0.8202238082885742,0.10350728034973145,-0.5935589075088501,0.8670921325683594,0.09089620411396027,0.9990234375,0.13193130493164062,-0.18433409929275513,0.009195000864565372,0.0,0.009195000864565372,5.0580045353854075e-05,0.0,5.0580045353854075e-05,0.0,0.0,-19.067520141601562,1785282709.4116485,57.59507703781128,30.507835626602173,2713.307928558113,46.86931060832,0.0,96.48,True,1.8231210708618164
506,0.010168611072003841,2.799570893330383e-06,0.010149914771318436,0.0020346108358353376,8.728594025342318e-07,0.0018672039732336998,0.0001684476446826011,-11.514774322509766,0.8409578800201416,0.0017015503253787756,0.8452569842338562,0.5165184140205383,4.678302866523154e-05,0.5195744633674622,0.005274631083011627,-6.229978084564209,0.49973592162132263,7.595338502142113e-06,0.49872010946273804,0.0010158121585845947,-4.907121181488037,0.9283255934715271,0.007479567546397448,0.8799910545349121,0.04833453893661499,-1.3726776838302612,0.8715571165084839,0.09909675270318985,0.9931640625,0.12160694599151611,-0.16227558255195618,0.014037891291081905,0.0,0.014037891291081905,6.120202306192368e-05,0.0,6.120202306192368e-05,0.0,0.0,-18.952316284179688,1785282709.5167656,57.700194120407104,30.612952709197998,2719.599640113718,47.024644617084476,0.0,96.48,True,1.8231210708618164
507,0.010151203721761703,2.886891934394953e-06,0.009966072626411915,0.0020552235655486584,9.073448268281936e-07,0.0018297816859558225,0.0002917148813139647,-11.4622163772583,0.8435122966766357,0.0017289764946326613,0.8474014401435852,0.5164922475814819,4.817453373107128e-05,0.5204095244407654,0.0055200085043907166,-6.1489362716674805,0.4997837245464325,7.787039976392407e-06,0.4991774260997772,0.0006062984466552734,-4.93898344039917,0.9233964085578918,0.007694021333009005,0.8781856894493103,0.04521071910858154,-1.3818862438201904,0.8735944032669067,0.10348087549209595,0.97265625,0.09906184673309326,-0.1678299605846405,0.014764008112251759,0.0,0.014764008112251759,6.230516009964049e-05,0.0,6.230516009964049e-05,0.0,0.0,-18.85085678100586,1785282709.611559,57.79498744010925,30.707746028900146,2725.7898921661495,47.17442424781627,0.0,96.48,True,1.8231210708618164
508,0.010185913182795048,2.9271952826093184e-06,0.01142424251884222,0.00205911323428154,9.259172770725854e-07,0.002058092039078474,0.0012383298017084599,-11.217162132263184,0.8477638959884644,0.0017404607497155666,0.8495776653289795,0.5165155529975891,4.895576785202138e-05,0.5209223031997681,0.004765417892485857,-6.101940155029297,0.4998137056827545,7.901663593656849e-06,0.4994029998779297,0.0004107058048248291,-4.944606304168701,0.9165995717048645,0.008143880404531956,0.878912091255188,0.037687480449676514,-1.3991025686264038,0.871502161026001,0.10825054347515106,0.9404296875,0.06892752647399902,-0.17077045142650604,0.014684089459478855,0.0,0.014684089459478855,6.478744762716815e-05,0.0,6.478744762716815e-05,0.0,0.0,-18.57101821899414,1785282709.7158704,57.899298906326294,30.812057495117188,2731.700305656569,47.321263387706196,0.0,96.48,True,1.8231210708618164
509,0.01017638947814703,2.91576407107641e-06,0.008318607695400715,0.0020821637008339167,9.23848574529984e-07,0.0015066256746649742,0.0019448900129646063,-10.711053848266602,0.8499442338943481,0.001750484574586153,0.8525351881980896,0.51643306016922,4.9559312174096704e-05,0.5213891267776489,0.005592462606728077,-6.042496681213379,0.4998508095741272,7.971155355335213e-06,0.49960270524024963,0.0002481043338775635,-4.947041034698486,0.9087130427360535,0.008639154955744743,0.8808497190475464,0.02786332368850708,-1.4118537902832031,0.878136396408081,0.11390834301710129,0.998046875,0.11991047859191895,-0.10412760823965073,0.015302603133022785,0.0,0.015302603133022785,6.507847865577787e-05,0.0,6.507847865577787e-05,0.0,0.0,-18.018571853637695,1785282709.8122873,57.995715856552124,30.908474445343018,2737.0582727816322,47.53474537078298,0.0,96.48,True,1.8231210708618164
510,0.010168732143938541,2.929761649284046e-06,0.010145562700927258,0.0020887437276542187,9.296581993112341e-07,0.001852172426879406,0.00023770317784510553,-11.446449279785156,0.8513714075088501,0.0017558342078700662,0.8546532988548279,0.5164716243743896,5.002999387215823e-05,0.5218838453292847,0.006329529918730259,-5.990159511566162,0.49988657236099243,8.035485734581016e-06,0.5000825524330139,0.00019598007202148438,-4.944492816925049,0.9039223790168762,0.008854500018060207,0.8814408779144287,0.02248150110244751,-1.4159361124038696,0.8796879053115845,0.11534837633371353,0.9990234375,0.11933553218841553,-0.09923042356967926,0.015287723392248154,0.0,0.015287723392248154,6.410638161469251e-05,0.0,6.410638161469251e-05,0.0,0.0,-18.71082305908203,1785282709.9164999,58.09992837905884,31.01268696784973,2743.1084911121397,47.75312453852973,0.0,96.48,True,1.8231210708618164
511,0.010166852734982967,2.9307225304364692e-06,0.010122673586010933,0.0021094009280204773,9.325729024567408e-07,0.0018400978296995163,0.00027290283469483256,-11.435696601867676,0.8536189794540405,0.0017654249677434564,0.8572186827659607,0.5164249539375305,5.057926682638936e-05,0.5220677256584167,0.006693185772746801,-5.959357261657715,0.4998790919780731,8.112690011330415e-06,0.5000434517860413,0.00016435980796813965,-4.940436840057373,0.89300137758255,0.009143291972577572,0.8830956816673279,0.009905695915222168,-1.4230629205703735,0.8818910121917725,0.11874519288539886,1.0,0.11810898780822754,-0.08771099150180817,0.01562906615436077,0.0,0.01562906615436077,6.467775529017672e-05,0.0,6.467775529017672e-05,0.0,0.0,-18.67340087890625,1785282710.0218215,58.20525002479553,31.118008613586426,2749.1212872624715,47.98302313834436,0.0,96.48,True,1.8231210708618164
512,0.010168034583330154,2.9284419724717736e-06,0.010148259811103344,0.002120716031640768,9.34000127017498e-07,0.0018563712947070599,0.0002650833339430392,-11.437063217163086,0.8555140495300293,0.0017695467686280608,0.8597967028617859,0.5164274573326111,5.0883027142845094e-05,0.5221841335296631,0.007174987345933914,-5.942805290222168,0.49987170100212097,8.157026059052441e-06,0.5000437498092651,0.00017204880714416504,-4.937562465667725,0.8835392594337463,0.009260382503271103,0.8823374509811401,0.0012018084526062012,-1.4219883680343628,0.8825145959854126,0.12092990428209305,0.9970703125,0.1145557165145874,-0.08307487517595291,0.015766002237796783,0.0,0.015766002237796783,6.499301525764167e-05,0.0,6.499301525764167e-05,0.0,0.0,-18.66008758544922,1785282710.1177285,58.301156997680664,31.213915586471558,2755.120770119346,48.21755785448484,0.0,96.48,True,1.8231210708618164
513,0.010174713097512722,2.956146090582479e-06,0.010332170873880386,0.0021228822879493237,9.444382840229082e-07,0.0018847648752853274,0.00028546954854391515,-11.430061340332031,0.8574860095977783,0.0017764326184988022,0.8623783588409424,0.516462504863739,5.142126610735431e-05,0.5221768021583557,0.007522517815232277,-5.942182540893555,0.4998442530632019,8.242831427196506e-06,0.5001561641693115,0.00031191110610961914,-4.928243160247803,0.8750715255737305,0.00932786613702774,0.8749690055847168,0.00010251998901367188,-1.4184353351593018,0.8795292377471924,0.12296640872955322,1.0,0.12047076225280762,-0.06997061520814896,0.015742547810077667,0.0,0.015742547810077667,6.641880463575944e-05,0.0,6.641880463575944e-05,0.0,0.0,-18.64792823791504,1785282710.2223814,58.40580987930298,31.318568468093872,2761.1080936286867,48.46519683059312,0.0,96.48,True,1.8231210708618164
514,0.010185751132667065,2.9520974749175366e-06,0.010226129554212093,0.0021215840242803097,9.392014135300997e-07,0.0018629549304023385,0.000261762150330469,-11.431852340698242,0.8590377569198608,0.0017755255103111267,0.8652870655059814,0.5165297389030457,5.15187275595963e-05,0.522363543510437,0.008549101650714874,-5.924437522888184,0.49979349970817566,8.261168659373652e-06,0.5002830624580383,0.0004895627498626709,-4.918527603149414,0.867980420589447,0.00940189603716135,0.8635388612747192,0.004441559314727783,-1.4134342670440674,0.8802154064178467,0.12437031418085098,0.9912109375,0.11099553108215332,-0.07377780973911285,0.015853408724069595,0.0,0.015853408724069595,6.619515625061467e-05,0.0,6.619515625061467e-05,0.0,0.0,-18.630664825439453,1785282710.316394,58.49982261657715,31.412581205368042,2767.0781537255516,48.70902861217044,0.0,96.48,True,1.8231210708618164
515,0.010194243863224983,2.903229642470251e-06,0.010574894025921822,0.0021264939568936825,9.151178801403148e-07,0.0019303711596876383,0.0004282040463294834,-11.443102836608887,0.8601210117340088,0.0017691135872155428,0.8672400116920471,0.5166189670562744,5.098656765767373e-05,0.5226165056228638,0.009308632463216782,-5.905666828155518,0.49967753887176514,8.229525519709568e-06,0.5003342628479004,0.0006567239761352539,-4.908748626708984,0.8571377992630005,0.00941496528685093,0.8527677655220032,0.0043700337409973145,-1.412774682044983,0.8905050754547119,0.12596431374549866,0.91015625,0.019651174545288086,-0.11540693044662476,0.016252605244517326,0.0,0.016252605244517326,6.244625546969473e-05,0.0,6.244625546969473e-05,0.0,0.0,-18.622011184692383,1785282710.4220195,58.60544800758362,31.51820659637451,2773.0395601816695,48.91123127304025,0.0,96.48,True,1.8231210708618164
516,0.010205092839896679,2.872239974749391e-06,0.006869329139590263,0.002135171787813306,9.037627819452609e-07,0.001252666232176125,0.0034505268558859825,-9.132761001586914,0.8613739013671875,0.0017715721623972058,0.8693693280220032,0.5166100859642029,5.0615057261893526e-05,0.522713840007782,0.010058959014713764,-5.889623641967773,0.49948421120643616,8.223469194490463e-06,0.50038081407547,0.0008966028690338135,-4.886442184448242,0.8432573676109314,0.009381486102938652,0.8442273139953613,0.0009699463844299316,-1.4155199527740479,0.8926727771759033,0.12843407690525055,0.9970703125,0.10439753532409668,-0.06480152904987335,0.01623748429119587,0.0,0.01623748429119587,6.133798160590231e-05,0.0,6.133798160590231e-05,0.0,0.0,-16.287681579589844,1785282710.5174496,58.70087814331055,31.61363673210144,2776.666637032685,49.16403933530681,0.0,96.48,True,1.8231210708618164
517,0.010208822786808014,2.867922148652724e-06,0.013827500864863396,0.0021466221660375595,9.018274909067259e-07,0.002528710290789604,0.003638793947175145,-9.138580322265625,0.8626338243484497,0.0017752330750226974,0.8714447617530823,0.5166337490081787,5.054175926488824e-05,0.5227296352386475,0.010714123956859112,-5.885909557342529,0.4994550943374634,8.228154911193997e-06,0.5004210472106934,0.0009659528732299805,-4.878335952758789,0.8301721215248108,0.009486302733421326,0.8047574758529663,0.025414645671844482,-1.375970721244812,0.8951287269592285,0.12752431631088257,1.0,0.10487127304077148,-0.0676644816994667,0.01563245616853237,0.0,0.01563245616853237,5.775956378784031e-05,0.0,5.775956378784031e-05,0.0,0.0,-16.286476135253906,1785282710.6144495,58.79787802696228,31.710636615753174,2780.292508439364,49.41398444492378,0.0,96.48,True,1.8231210708618164
518,0.010236150585114956,2.825292085617548e-06,0.010414788499474525,0.00217211851850152,8.872736430021178e-07,0.0019141233060508966,0.00031380413565784693,-11.474971771240234,0.8658453226089478,0.0017841396620497108,0.8725971579551697,0.516395628452301,5.0097249186364934e-05,0.5228980183601379,0.00937381200492382,-5.842538833618164,0.4991648197174072,8.23354821477551e-06,0.500432014465332,0.0012671947479248047,-4.837193489074707,0.7858151793479919,0.009555741213262081,0.7823437452316284,0.0034714341163635254,-1.4057376384735107,0.9010955095291138,0.12875011563301086,0.94140625,0.04031074047088623,-0.0996919497847557,0.014689355157315731,0.0,0.014689355157315731,5.233979391050525e-05,0.0,5.233979391050525e-05,0.0,0.0,-18.567598342895508,1785282710.71925,58.90267848968506,31.815437078475952,2786.199502053685,49.631902086455455,0.0,96.48,True,1.8231210708618164
519,0.010258126072585583,2.812880438796128e-06,0.010243725962936878,0.002190222265198827,8.866463190315699e-07,0.00185949367005378,0.00033104195608757436,-11.458963394165039,0.8673489093780518,0.0018089712830260396,0.8736987709999084,0.5162476301193237,4.9774251237977296e-05,0.5179526209831238,0.006574780214577913,-6.233281135559082,0.4988968074321747,8.329825504915789e-06,0.5003682971000671,0.001471489667892456,-4.798923969268799,0.7421202063560486,0.009732783772051334,0.7343860864639282,0.007734119892120361,-1.3941162824630737,0.9033632278442383,0.13034340739250183,0.986328125,0.08296489715576172,-0.0734487995505333,0.012705408968031406,0.0,0.012705408968031406,4.523693132796325e-05,0.0,4.523693132796325e-05,0.0,0.0,-18.845050811767578,1785282710.823852,59.007280588150024,31.920039176940918,2792.383948136878,49.876062878221354,0.0,96.48,True,1.8231210708618164
520,0.01004967000335455,3.327419790366548e-06,0.010577711276710033,0.0022487249225378036,1.1484052038213122e-06,0.0019225343130528927,0.0006206672987900674,-11.219123840332031,0.8588917255401611,0.0020944816060364246,0.87408047914505,0.517197847366333,5.696502921637148e-05,0.5159353017807007,0.015241136774420738,-6.063819885253906,0.5001828670501709,1.0373021723353304e-05,0.5003821849822998,0.00019931793212890625,-4.817297458648682,0.5494266748428345,0.012105301953852177,0.7040753364562988,0.15464866161346436,-0.30027705430984497,0.8630040884017944,0.1525014340877533,0.9248046875,0.061800599098205566,-0.008829888887703419,0.00897055771201849,0.0,0.00897055771201849,6.47863998892717e-05,0.0,6.47863998892717e-05,0.0,0.0,-18.47882843017578,1785282710.9178457,59.101274251937866,32.01403284072876,2798.2021718384794,50.184842580650084,0.0,96.48,True,1.8231210708618164
521,0.010013514198362827,3.4049826354021206e-06,0.01016246434301138,0.0022632579784840345,1.1872155027958797e-06,0.001856607268564403,0.0004330715164542198,-11.206306457519531,0.8569766283035278,0.0021619454491883516,0.873641312122345,0.5170696377754211,5.635392517433502e-05,0.5192996859550476,0.016813233494758606,-6.014074325561523,0.5001041889190674,1.044609507516725e-05,0.5006098747253418,0.0005056858062744141,-4.803462505340576,0.528266429901123,0.012301327660679817,0.6357775926589966,0.10751116275787354,-0.8102723360061646,0.853888750076294,0.14925642311573029,1.0,0.14611124992370605,0.03940995782613754,0.008842016570270061,0.0,0.008842016570270061,7.18210794730112e-05,0.0,7.18210794730112e-05,0.0,0.0,-18.41929817199707,1785282711.0265293,59.20995783805847,32.122716426849365,2803.960865281902,50.541862129792655,0.0,96.48,True,1.8231210708618164
522,0.009965728037059307,3.3959256597881904e-06,0.010287986136972904,0.002215359825640917,1.1703523341566324e-06,0.0018789443420246243,0.00046586012467741966,-11.224052429199219,0.8511279821395874,0.0022063646465539932,0.8727247714996338,0.5175588130950928,5.448687443276867e-05,0.5163385272026062,0.021631237119436264,-6.009738922119141,0.5003576278686523,1.0315299732610583e-05,0.5007191896438599,0.00036156177520751953,-4.8156657218933105,0.5032546520233154,0.012152825482189655,0.5956965684890747,0.09244191646575928,-0.9345729947090149,0.8473166227340698,0.13811875879764557,0.9951171875,0.14780056476593018,0.008198320865631104,0.00922416616231203,0.0,0.00922416616231203,8.135011012200266e-05,0.0,8.135011012200266e-05,0.0,0.0,-18.43967628479004,1785282711.1294234,59.312851905822754,32.22561049461365,2809.7399368381175,50.86767004197472,0.0,96.48,True,1.8231210708618164
523,0.009913123212754726,3.4809611406672047e-06,0.010165306739509106,0.002203939715400338,1.2470383126128581e-06,0.0018598709721118212,0.00042659093742258847,-11.186992645263672,0.8488641977310181,0.0022572835441678762,0.8704399466514587,0.5172983407974243,5.3981093515176326e-05,0.5207293033599854,0.021846840158104897,-5.910210609436035,0.5003938674926758,1.001842520054197e-05,0.5006855726242065,0.0002917051315307617,-4.832356929779053,0.49410533905029297,0.012346403673291206,0.5297077894210815,0.035602450370788574,-1.2269246578216553,0.8149635791778564,0.13247787952423096,0.96435546875,0.14939188957214355,-0.007498621940612793,0.007541717495769262,0.0,0.007541717495769262,8.644571789773181e-05,0.0,8.644571789773181e-05,0.0,0.0,-18.33133888244629,1785282711.2237644,59.40719294548035,32.31995153427124,2815.4106709919893,51.17778101135054,0.0,96.48,True,1.8231210708618164
524,0.009834671393036842,3.442951310717035e-06,0.010039315558969975,0.002140316180884838,1.2286475339351455e-06,0.0018403100548312068,0.00036315686884336174,-11.213802337646484,0.8427207469940186,0.002287500537931919,0.8670638203620911,0.5171114206314087,5.133289232617244e-05,0.5248508453369141,0.02554376609623432,-5.427899360656738,0.5002409219741821,9.705274351290427e-06,0.5005896091461182,0.00034868717193603516,-4.846218109130859,0.47638869285583496,0.012012822553515434,0.4800504446029663,0.0036617517471313477,-1.2913936376571655,0.7871837615966797,0.11999663710594177,0.9970703125,0.2098865509033203,0.0423494428396225,0.0075158895924687386,0.0,0.0075158895924687386,0.00010349129297537729,0.0,0.00010349129297537729,0.0,0.0,-17.979230880737305,1785282711.3283355,59.51176404953003,32.42452263832092,2820.729297144152,51.537740045506595,0.0,96.48,True,1.8231210708618164
525,0.009774213656783104,3.459557319729356e-06,0.006854708306491375,0.0020604385063052177,1.2595710359164514e-06,0.0012521249009296298,0.0030293369200080633,-9.750436782836914,0.8358590602874756,0.002293119439855218,0.8603984713554382,0.5165842771530151,5.133108425070532e-05,0.5220937728881836,0.025150293484330177,-5.712675094604492,0.5000231862068176,9.461511581321247e-06,0.5005618333816528,0.0005386471748352051,-4.849867820739746,0.46815869212150574,0.01174714881926775,0.4329414665699005,0.035217225551605225,-1.2503442764282227,0.7178351879119873,0.1138826459646225,0.9990234375,0.2811882495880127,0.17978689074516296,0.006584835238754749,0.0,0.006584835238754749,0.00015273323515430093,0.0,0.00015273323515430093,0.0,0.0,-16.745512008666992,1785282711.421976,59.60540461540222,32.518163204193115,2824.8142044242445,52.03513652756819,0.0,96.48,True,1.8231210708618164
526,0.009686272591352463,3.3663068279565778e-06,0.010563775897026062,0.00200337590649724,1.220778244714893e-06,0.0019523365190252662,0.0008789863786660135,-11.155543327331543,0.8276060819625854,0.0022664505522698164,0.8483380675315857,0.5162486433982849,4.920101127936505e-05,0.5256547331809998,0.022765977308154106,-5.172757148742676,0.4996874928474426,9.277659955841955e-06,0.5005618333816528,0.0008743405342102051,-4.833812236785889,0.4561658501625061,0.011292875744402409,0.40949809551239014,0.04666775465011597,-1.226426124572754,0.6899887323379517,0.10358909517526627,1.0,0.31001126766204834,0.24916252493858337,0.006489566992968321,0.0,0.006489566992968321,0.00017702917102724314,0.0,0.00017702917102724314,0.0,0.0,-17.710655212402344,1785282711.5269697,59.71039819717407,32.623156785964966,2829.8642549080723,52.60190864382321,0.0,96.48,True,1.8231210708618164
527,0.009599246084690094,3.280913006165065e-06,0.0119856558740139,0.001956452149897814,1.1846092320411117e-06,0.002226828131824732,0.0024016774259507656,-10.40011978149414,0.8192145824432373,0.0022418738808482885,0.837099552154541,0.516019880771637,4.776596324518323e-05,0.5206350088119507,0.018470829352736473,-5.892646789550781,0.4993038475513458,9.270318514609244e-06,0.5005387663841248,0.0012349188327789307,-4.793154716491699,0.4491340219974518,0.011020760051906109,0.38638612627983093,0.06274789571762085,-1.1564178466796875,0.6773704290390015,0.09644586592912674,0.9990234375,0.32165300846099854,0.2859182357788086,0.00670273881405592,0.0,0.00670273881405592,0.00019353048992343247,0.0,0.00019353048992343247,0.0,0.0,-17.510814666748047,1785282711.6224613,59.80588984489441,32.7186484336853,2834.714464846246,53.20543647091845,0.0,96.48,True,1.8231210708618164
528,0.009505783207714558,3.163791689075879e-06,0.009826859459280968,0.001896737376227975,1.1371453183528502e-06,0.0018316135974600911,0.00032761419424787164,-11.319330215454102,0.8097610473632812,0.002185385674238205,0.8249495625495911,0.515544056892395,4.6444103645626456e-05,0.5142223834991455,0.015245911665260792,-6.142148971557617,0.49890846014022827,9.237576705345418e-06,0.5003477931022644,0.0014393329620361328,-4.765043258666992,0.444139689207077,0.010610600933432579,0.38226962089538574,0.061870068311691284,-1.173631191253662,0.6580955982208252,0.09145050495862961,0.9970703125,0.3389747142791748,0.35118967294692993,0.006975957192480564,0.0,0.006975957192480564,0.00022776970581617206,0.0,0.00022776970581617206,0.0,0.0,-18.615570068359375,1785282711.7260299,59.90945839881897,32.82221698760986,2840.6694301860307,53.87423573518181,0.0,96.48,True,1.8231210708618164
529,0.009419898502528667,3.0116477773844963e-06,0.009692506864666939,0.0018129281233996153,1.100035774470598e-06,0.001793567673303187,0.0002732949797064066,-11.366209983825684,0.8014886379241943,0.002082336228340864,0.8102200031280518,0.5150390267372131,4.4653101213043556e-05,0.5162529945373535,0.008815353736281395,-6.22274112701416,0.49847841262817383,8.987439287011512e-06,0.5000419616699219,0.0015635490417480469,-4.754896640777588,0.44956350326538086,0.00965201947838068,0.38423746824264526,0.0653260350227356,-1.180288314819336,0.6267343759536743,0.08756329864263535,1.0,0.3732656240463257,0.49682188034057617,0.006565947085618973,0.0,0.006565947085618973,0.0002590073272585869,0.0,0.0002590073272585869,0.0,0.0,-18.721851348876953,1785282711.8204432,60.00387167930603,32.916630268096924,2846.730676806333,54.68866720683882,0.0,96.48,True,1.8231210708618164
530,0.009341022931039333,2.88580031337915e-06,0.00945342518389225,0.0017522743437439203,1.0548586715231068e-06,0.001743223867379129,0.00011276602890575305,-11.418801307678223,0.7930766344070435,0.0020120746921747923,0.8005546927452087,0.5146677494049072,4.344373883213848e-05,0.5137131214141846,0.00753874471411109,-6.264054298400879,0.49808454513549805,8.84249311638996e-06,0.49995288252830505,0.0018683373928070068,-4.701651096343994,0.4515313506126404,0.009111435152590275,0.3938950002193451,0.05763635039329529,-1.2478784322738647,0.6074109673500061,0.08156467229127884,0.9990234375,0.3916124701499939,0.6058738231658936,0.006605592090636492,0.0,0.006605592090636492,0.00029047197313047945,0.0,0.00029047197313047945,0.0,0.0,-18.78087043762207,1785282711.9266968,60.11012530326843,33.022883892059326,2852.8509425153807,55.61215062132115,0.0,96.48,True,1.8231210708618164
531,0.009162061847746372,2.6960117338603595e-06,0.009351017884910107,0.0017299015307798982,9.745326678967103e-07,0.0017062282422557473,0.00019043321663048118,-11.487735748291016,0.7807416915893555,0.0019561813678592443,0.7870697975158691,0.5151616930961609,4.2994259274564683e-05,0.514121413230896,0.006413042079657316,-6.284904479980469,0.4979296624660492,9.192709512717556e-06,0.5001838207244873,0.0022541582584381104,-4.603238582611084,0.44762521982192993,0.009129626676440239,0.4091331660747528,0.038492053747177124,-1.3480322360992432,0.6295981407165527,0.08241572231054306,1.0,0.37040185928344727,0.5032995343208313,0.007942069321870804,0.0,0.007942069321870804,0.00030015441006980836,0.0,0.00030015441006980836,0.0,0.0,-18.817277908325195,1785282712.0320163,60.215444803237915,33.12820339202881,2859.0076156951313,56.43305974695841,0.0,96.48,True,1.8231210708618164
532,0.009088984690606594,2.608294835226843e-06,0.009600652381777763,0.001675800303928554,9.475991191720823e-07,0.0017631917726248503,0.0005190771771594882,-11.470979690551758,0.7733938694000244,0.0018971773097291589,0.7783737778663635,0.5149649977684021,4.2235871660523117e-05,0.516677975654602,0.005266287364065647,-6.290664196014404,0.4977080225944519,9.057866918738e-06,0.5002947449684143,0.0025867223739624023,-4.517644882202148,0.45143505930900574,0.008709017187356949,0.4280768632888794,0.023358196020126343,-1.4214354753494263,0.6088815927505493,0.07635904848575592,0.32935547828674316,0.27952611446380615,0.144412100315094,0.007571506313979626,0.0,0.007571506313979626,0.00033005987643264234,0.0,0.00033005987643264234,0.0,0.0,-18.762332916259766,1785282712.125932,60.30936050415039,33.222119092941284,2865.1093438828166,56.89508143858994,0.0,96.48,True,1.8231210708618164
533,0.009082968346774578,2.53739790423424e-06,0.009294353425502777,0.0016595954075455666,9.404463412465702e-07,0.0017259769374504685,0.00022156299382913858,-11.5316162109375,0.7737603187561035,0.0018544888589531183,0.769241988658905,0.5132530927658081,3.974482388002798e-05,0.5175638198852539,0.006244812160730362,-6.13443660736084,0.49649614095687866,8.119678568618838e-06,0.5003409385681152,0.0038447976112365723,-4.0313849449157715,0.5232300758361816,0.007321369834244251,0.49534568190574646,0.02788439393043518,-1.4864397048950195,0.4865477383136749,0.04781936854124069,0.3296777307987213,0.1568700075149536,-0.3439200222492218,0.007142663933336735,0.0,0.007142663933336735,0.0005399452056735754,0.0,0.0005399452056735754,0.0,0.0,-18.454856872558594,1785282712.2203794,60.40380787849426,33.316566467285156,2870.9035960268006,56.86877100765715,0.0,96.48,True,1.8231210708618164
534,0.009139394387602806,2.398337073827861e-06,0.009220578707754612,0.0015592311974614859,8.891329343896359e-07,0.0017102749552577734,0.00017147918697446585,-11.584795951843262,0.7730214595794678,0.0017701792530715466,0.7617800235748291,0.5136679410934448,3.821454811259173e-05,0.517175555229187,0.011775960214436054,-6.219935894012451,0.4965795874595642,7.509798706450965e-06,0.5002561807632446,0.00367659330368042,-4.080732345581055,0.5774635076522827,0.006758438888937235,0.5537693500518799,0.023694157600402832,-1.5380090475082397,0.44035306572914124,0.030878163874149323,0.33000001311302185,0.11035305261611938,-0.622723400592804,0.007379830349236727,0.0,0.007379830349236727,0.0006415285170078278,0.0,0.0006415285170078278,0.0,0.0,-18.601112365722656,1785282712.3277752,60.51120376586914,33.423962354660034,2876.8441036639488,56.56365719838078,0.0,96.48,True,1.8231210708618164
535,0.009190505370497704,2.19428966374835e-06,0.00902928039431572,0.0014458781806752086,8.066222108027432e-07,0.0016741494182497263,0.0002794660103973001,-11.653931617736816,0.7709200382232666,0.0016546780243515968,0.7590878009796143,0.514626145362854,3.725915667018853e-05,0.5168209075927734,0.012034068815410137,-6.356057167053223,0.49691253900527954,6.980957095947815e-06,0.5001875162124634,0.003274977207183838,-4.24902868270874,0.6342025995254517,0.006431597284972668,0.5948627591133118,0.03933984041213989,-1.484013557434082,0.4117836058139801,0.021258002147078514,0.33000001311302185,0.08178359270095825,-0.8492538332939148,0.008018354885280132,0.0,0.008018354885280132,0.000728632730897516,0.0,0.000728632730897516,0.0,0.0,-18.863290786743164,1785282712.4218724,60.60530090332031,33.518059492111206,2883.0467897221174,56.0320129564033,0.0,96.48,True,1.8231210708618164
536,0.009275284595787525,1.983045876841061e-06,0.008951013907790184,0.0013169323792681098,7.233899737002503e-07,0.001656911103054881,0.00046982656931504607,-11.690814971923828,0.770281195640564,0.0015356052899733186,0.7581374645233154,0.5163031816482544,3.692067912197672e-05,0.5166657567024231,0.012149142101407051,-6.4551100730896,0.4973859488964081,6.484063305833843e-06,0.500218391418457,0.00283244252204895,-4.435492992401123,0.6911004781723022,0.006294687744230032,0.6550831198692322,0.03601735830307007,-1.5120429992675781,0.3899085223674774,0.014491725713014603,0.3296777307987213,0.060230791568756104,-1.0729840993881226,0.008207018487155437,0.0,0.008207018487155437,0.0007277486147359014,0.0,0.0007277486147359014,0.0,0.0,-19.072650909423828,1785282712.52651,60.709938526153564,33.62269711494446,2889.4588359029667,55.27663844833161,0.0,96.48,True,1.8231210708618164
537,0.00929308868944645,1.7851922393674613e-06,0.00928324181586504,0.0012432921212166548,6.447926352848299e-07,0.0017153298249468207,0.00047214041114784777,-11.734472274780273,0.7683074474334717,0.00143337098415941,0.7580173015594482,0.5175527930259705,3.653306339401752e-05,0.5163041353225708,0.010365627706050873,-6.48635721206665,0.4977859556674957,6.066700734663755e-06,0.5002893209457397,0.0025033652782440186,-4.570914268493652,0.7460787296295166,0.00618903199210763,0.6790176630020142,0.06706106662750244,-1.2602307796478271,0.37275341153144836,0.01048709824681282,0.32548826932907104,0.04726514220237732,-1.253354787826538,0.008161712437868118,0.0,0.008161712437868118,0.0007194777717813849,0.0,0.0007194777717813849,0.0,0.0,-19.209014892578125,1785282712.620503,60.80393147468567,33.71669006347656,2896.0072460669703,54.340893251821505,0.0,96.48,True,1.8231210708618164
538,0.009284175001084805,1.6326199556715437e-06,0.008975457400083542,0.0012196204625070095,5.798586357741442e-07,0.0016578673385083675,0.0005360661307349801,-11.81022834777832,0.7671957015991211,0.0013592878822237253,0.7584822177886963,0.5182397365570068,3.573972935555503e-05,0.5165662169456482,0.008872737176716328,-6.5150346755981445,0.4980500340461731,5.692326794815017e-06,0.5003069043159485,0.0022568702697753906,-4.6718597412109375,0.7853842973709106,0.006033250130712986,0.7288322448730469,0.05655205249786377,-1.3712537288665771,0.36196547746658325,0.00809069350361824,0.3287109434604645,0.033254534006118774,-1.421240210533142,0.007600792217999697,0.0,0.007600792217999697,0.0006648568087257445,0.0,0.0006648568087257445,0.0,0.0,-19.358186721801758,1785282712.7252882,60.908716678619385,33.82147526741028,2902.7048280601975,53.237262632604796,0.0,96.48,True,1.8231210708618164
539,0.009274582378566265,1.5419761894008843e-06,0.008884607814252377,0.0012482604943215847,5.352858920559811e-07,0.0016440792242065072,0.0005556551623158157,-11.877920150756836,0.7681219577789307,0.0013216418446972966,0.7591976523399353,0.5185950994491577,3.486456989776343e-05,0.5168581008911133,0.009091775864362717,-6.535182476043701,0.4982249140739441,5.3952940106682945e-06,0.5003131031990051,0.002088189125061035,-4.741948127746582,0.8114397525787354,0.005790905095636845,0.7715924978256226,0.03984725475311279,-1.519700288772583,0.3520197868347168,0.006564273964613676,0.3274218738079071,0.024597913026809692,-1.5480310916900635,0.006697350647300482,0.0,0.006697350647300482,0.0006019673310220242,0.0,0.0006019673310220242,0.0,0.0,-19.477039337158203,1785282712.829813,61.01324152946472,33.926000118255615,2909.521262668781,52.006841132231166,0.0,96.48,True,1.8231210708618164
540,0.00927684735506773,1.4941033441573381e-06,0.009106917306780815,0.001295166788622737,5.038671702095598e-07,0.0016931946156546474,0.0004327844362705946,-11.952716827392578,0.7700393199920654,0.0013072824804112315,0.7605791091918945,0.5187745690345764,3.435773396631703e-05,0.516808032989502,0.0096624456346035,-6.530858039855957,0.49836641550064087,5.233784577285405e-06,0.5002834796905518,0.0019170641899108887,-4.810152053833008,0.8250982165336609,0.005588453728705645,0.8093780875205994,0.015720129013061523,-1.652477741241455,0.34324532747268677,0.005605635698884726,0.32484376430511475,0.01840156316757202,-1.6428495645523071,0.006021009758114815,0.0,0.006021009758114815,0.0005651803221553564,0.0,0.0005651803221553564,0.0,0.0,-19.582477569580078,1785282712.923175,61.10660362243652,34.01936221122742,2916.4431355097868,50.68160115899529,0.0,96.48,True,1.8231210708618164
541,0.009287023916840553,1.481788672208495e-06,0.009019496850669384,0.0013547034468501806,4.842657972403686e-07,0.0016716619720682502,0.000414769136114046,-12.015691757202148,0.7722686529159546,0.001310639432631433,0.7624732851982117,0.5188865065574646,3.4520453482400626e-05,0.5169780850410461,0.009979544207453728,-6.528365612030029,0.4984769821166992,5.227426299825311e-06,0.5002378821372986,0.0017609000205993652,-4.865270614624023,0.8303849101066589,0.005482204724103212,0.8550021648406982,0.024617254734039307,-1.6289148330688477,0.33630430698394775,0.005015876144170761,0.32548826932907104,0.010816037654876709,-1.7169733047485352,0.005953032523393631,0.0,0.005953032523393631,0.0005767799448221922,0.0,0.0005767799448221922,0.0,0.0,-19.6710205078125,1785282713.0277698,61.21119832992554,34.12395691871643,2923.4535512890247,49.28223744556319,0.0,96.48,True,1.8231210708618164
542,0.009301340207457542,1.4865264574837056e-06,0.009407559409737587,0.0014192245434969664,4.7184929030663625e-07,0.0017462464747950435,0.00034383987076580524,-12.037841796875,0.7742236852645874,0.0013232423225417733,0.7648547291755676,0.5190126895904541,3.514235504553653e-05,0.5169171094894409,0.009600457735359669,-6.508360862731934,0.4986121952533722,5.339766630640952e-06,0.5002553462982178,0.001643151044845581,-4.898410797119141,0.83029705286026,0.005435850936919451,0.8807504177093506,0.050453364849090576,-1.4542872905731201,0.33020442724227905,0.004685830790549517,0.3274218738079071,0.0027825534343719482,-1.7618414163589478,0.006601857021450996,0.0,0.006601857021450996,0.0006479186122305691,0.0,0.0006479186122305691,0.0,0.0,-19.693735122680664,1785282713.1242378,61.307666301727295,34.22042489051819,2930.486681683131,47.838005620520676,0.0,96.48,True,1.8231210708618164
543,0.009319947101175785,1.4923421076673549e-06,0.009054986760020256,0.0014835554175078869,4.628912506632332e-07,0.001681165536865592,0.0003305355494376272,-12.09688949584961,0.7761346101760864,0.0013386299833655357,0.7675972580909729,0.51907879114151,3.572620698832907e-05,0.516716718673706,0.00885809026658535,-6.48468017578125,0.49873337149620056,5.4909410209802445e-06,0.5002772212028503,0.0015438497066497803,-4.920229911804199,0.8240658044815063,0.0054253581911325455,0.8999509811401367,0.07588517665863037,-1.1586893796920776,0.3231673538684845,0.004497981630265713,0.3258105516433716,0.002643197774887085,-1.7823481559753418,0.0076737720519304276,0.0,0.0076737720519304276,0.0007661449490115047,0.0,0.0007661449490115047,0.0,0.0,-19.744749069213867,1785282713.2280297,61.411458253860474,34.32421684265137,2937.57082602377,46.37326705586177,0.0,96.48,True,1.8231210708618164
544,0.009338338859379292,1.4991120451668394e-06,0.008861181326210499,0.0015423214063048363,4.5801209580531577e-07,0.0016507747350260615,0.0004893275327049196,-12.076848983764648,0.7777578830718994,0.0013551661977544427,0.7711065411567688,0.519203782081604,3.640101567725651e-05,0.5164741277694702,0.007189670577645302,-6.4558258056640625,0.4988510310649872,5.681758921127766e-06,0.5002716779708862,0.0014206469058990479,-4.942579746246338,0.8116095066070557,0.005516561213880777,0.9038190841674805,0.0922095775604248,-0.9104181528091431,0.3167477250099182,0.004398978780955076,0.3290331959724426,0.012285470962524414,-1.7770975828170776,0.008799239993095398,0.0,0.008799239993095398,0.0009022639715112746,0.0,0.0009022639715112746,0.0,0.0,-19.712800979614258,1785282713.3218782,61.50530672073364,34.418065309524536,2944.62302227481,44.91377906436112,0.0,96.48,True,1.8231210708618164
545,0.009354530833661556,1.5080229331942974e-06,0.009512752294540405,0.0015987902879714966,4.5640760504284117e-07,0.00177456543315202,0.00023649721697438508,-12.122269630432129,0.7794836759567261,0.0013708622427657247,0.7741684317588806,0.5193613171577454,3.710368036990985e-05,0.5166629552841187,0.00596095435321331,-6.450754165649414,0.4989064931869507,5.899534244235838e-06,0.5002386569976807,0.0013321638107299805,-4.950973033905029,0.7901489734649658,0.0057506924495100975,0.8534382581710815,0.06328928470611572,-1.3120136260986328,0.3128596246242523,0.0043272702023386955,0.3287109434604645,0.015851318836212158,-1.7734378576278687,0.009671526961028576,0.0,0.009671526961028576,0.0010156129719689488,0.0,0.0010156129719689488,0.0,0.0,-19.758359909057617,1785282713.4272628,61.61069130897522,34.52344989776611,2951.720777455293,43.45795079804969,0.0,96.48,True,1.8231210708618164
546,0.009364692494273186,1.5186682276180363e-06,0.009056977927684784,0.0016565805999562144,4.564408015994559e-07,0.0016893093707039952,0.00030945020262151957,-12.12851619720459,0.7811484336853027,0.001381763257086277,0.7774127125740051,0.5193002223968506,3.744562127394602e-05,0.5166840553283691,0.004560695495456457,-6.454191207885742,0.4988182783126831,6.075047167541925e-06,0.5001055002212524,0.001287221908569336,-4.9503493309021,0.7571399211883545,0.005885696969926357,0.8744324445724487,0.11729252338409424,-0.47995030879974365,0.311126708984375,0.004252379760146141,0.3296777307987213,0.018551021814346313,-1.7707353830337524,0.010020995512604713,0.0,0.010020995512604713,0.001059439149685204,0.0,0.001059439149685204,0.0,0.0,-19.767044067382812,1785282713.5328825,61.71631097793579,34.629069566726685,2958.8272167941013,42.00482500633237,0.0,96.48,True,1.8231210708618164
547,0.009388836100697517,1.513441475253785e-06,0.009126808494329453,0.0015431668143719435,4.630636283309286e-07,0.0016815740382298827,0.0002963359875138849,-12.112018585205078,0.7799962759017944,0.001428706687875092,0.7788583636283875,0.5196937322616577,4.031969729112461e-05,0.5164799690246582,0.0034092694986611605,-6.368417739868164,0.49851393699645996,6.504501016024733e-06,0.500059187412262,0.001545250415802002,-4.869019508361816,0.7141614556312561,0.007386608514934778,0.8487541079521179,0.13459265232086182,-0.3088871240615845,0.29003629088401794,0.003912701737135649,0.3296777307987213,0.03964143991470337,-1.6520118713378906,0.008238513022661209,0.0,0.008238513022661209,0.0011389191495254636,0.0,0.0011389191495254636,0.0,0.0,-19.64126205444336,1785282713.6273994,61.81082797050476,34.723586559295654,2965.80787411997,40.67042272631091,0.0,96.48,True,1.8231210708618164
548,0.009388851001858711,1.5032859437269508e-06,0.009502619504928589,0.0015704703982919455,4.5936425863146724e-07,0.0017647651256993413,0.00022515264572575688,-12.117366790771484,0.7798634767532349,0.0014246795326471329,0.7814736366271973,0.5194732546806335,3.961600668844767e-05,0.5185184478759766,0.0018719697836786509,-6.494749546051025,0.49841150641441345,6.599430435016984e-06,0.5002880692481995,0.0018765628337860107,-4.778522491455078,0.6727906465530396,0.007179375272244215,0.8199234008789062,0.1471327543258667,-0.04167759418487549,0.2918851971626282,0.0038325677160173655,0.3280664086341858,0.03618121147155762,-1.6923880577087402,0.00833903905004263,0.0,0.00833903905004263,0.0010830763494595885,0.0,0.0010830763494595885,0.0,0.0,-19.702428817749023,1785282713.7326205,61.916049003601074,34.82880759239197,2972.8496982091447,39.2956442599186,0.0,96.48,True,1.8231210708618164
549,0.009384575299918652,1.5230368717311649e-06,0.00890183262526989,0.0015988460509106517,4.6511846107932797e-07,0.0016408271621912718,0.00048456466174684465,-12.071611404418945,0.779426097869873,0.0014314897125586867,0.7837156653404236,0.5191346406936646,3.878720599459484e-05,0.5224432349205017,0.005417304113507271,-6.367812156677246,0.49823814630508423,6.73165686748689e-06,0.5003013014793396,0.002063155174255371,-4.719242572784424,0.6245326995849609,0.006866363808512688,0.7882440090179443,0.1637113094329834,0.3800220489501953,0.29593271017074585,0.0038103959523141384,0.3296777307987213,0.033745020627975464,-1.7166489362716675,0.00830476637929678,0.0,0.00830476637929678,0.0009843712905421853,0.0,0.0009843712905421853,0.0,0.0,-19.525482177734375,1785282713.8266833,62.010111808776855,34.92287039756775,2979.7145756583045,37.89660491496337,0.0,96.48,True,1.8231210708618164
550,0.009348849765956402,1.528320012766926e-06,0.007947588339447975,0.0016242079436779022,4.6618831106570724e-07,0.0014741035411134362,0.0014092781348153949,-11.480583190917969,0.7769122123718262,0.001435781130567193,0.7847229838371277,0.5189998149871826,3.810366251855157e-05,0.5217722654342651,0.00828822236508131,-6.400637626647949,0.49819472432136536,6.898252195242094e-06,0.5002496838569641,0.002054959535598755,-4.717100620269775,0.5710901618003845,0.006491274572908878,0.7608059644699097,0.18971580266952515,1.1726337671279907,0.3005077838897705,0.003865406382828951,0.32774412631988525,0.027236342430114746,-1.7629495859146118,0.008821818046271801,0.0,0.008821818046271801,0.0009504767949692905,0.0,0.0009504767949692905,0.0,0.0,-18.959644317626953,1785282713.9307163,62.114144802093506,35.0269033908844,2986.013615247357,36.45126492036519,0.0,96.48,True,1.8231210708618164
551,0.009291849099099636,1.5597714764226112e-06,0.00930741336196661,0.0016552726738154888,4.7392802571266657e-07,0.0017152559012174606,6.19696220383048e-05,-12.124839782714844,0.7739920616149902,0.0014500037068501115,0.786184549331665,0.5188875794410706,3.756390287890099e-05,0.5199690461158752,0.012240356765687466,-6.458122253417969,0.49820756912231445,7.050876774883363e-06,0.5002477765083313,0.0020402073860168457,-4.717068672180176,0.5291479825973511,0.006146653089672327,0.702789843082428,0.1736418604850769,0.8256906270980835,0.3068788945674896,0.003973511513322592,0.33000001311302185,0.023121118545532227,-1.7778453826904297,0.009312102571129799,0.0,0.009312102571129799,0.0009374968358315527,0.0,0.0009374968358315527,0.0,0.0,-19.649871826171875,1785282714.0142841,62.197712659835815,35.11047124862671,2993.0028823449543,34.991029128991194,0.0,96.48,True,1.8231210708618164
552,0.009171137586236,1.5130688097997336e-06,0.009282979182898998,0.0017151727806776762,4.608030508279626e-07,0.0017129023326560855,0.00011186463962076232,-12.153816223144531,0.7690161466598511,0.0014293045969679952,0.786872923374176,0.5185733437538147,3.614455636125058e-05,0.5232964754104614,0.018470853567123413,-6.131259918212891,0.4983353614807129,6.983663752180291e-06,0.5001581907272339,0.001822829246520996,-4.779138565063477,0.4851016402244568,0.005444126203656197,0.6833018064498901,0.19820016622543335,1.920190691947937,0.3139083683490753,0.00417772913351655,0.32935547828674316,0.015447109937667847,-1.7914973497390747,0.009824580512940884,0.0,0.009824580512940884,0.0009599138866178691,0.0,0.0009599138866178691,0.0,0.0,-19.448394775390625,1785282714.1197512,62.30317974090576,35.215938329696655,2999.7906723917704,33.51714137056855,0.0,96.48,True,1.8231210708618164
553,0.009118353947997093,1.5490769555981387e-06,0.009813007898628712,0.00170914176851511,4.6958649591033463e-07,0.0018203643849119544,0.0007035016897134483,-11.967830657958984,0.7655534744262695,0.0014312033308669925,0.7871987223625183,0.5185528993606567,3.533910421538167e-05,0.5248439311981201,0.02254093810915947,-5.838362216949463,0.49839383363723755,6.971583388803992e-06,0.5002245306968689,0.0018306970596313477,-4.777530670166016,0.46337226033210754,0.005048744380474091,0.6378109455108643,0.1744386851787567,1.2881377935409546,0.3184109926223755,0.0041839443147182465,0.32838866114616394,0.009977668523788452,-1.8074148893356323,0.009118999354541302,0.0,0.009118999354541302,0.0009314185008406639,0.0,0.0009314185008406639,0.0,0.0,-19.027286529541016,1785282714.214909,62.398337602615356,35.31109619140625,3006.157354192737,32.02733607254935,0.0,96.48,True,1.8231210708618164
554,0.009065670892596245,1.5443127949765767e-06,0.009177247062325478,0.001682079746387899,4.656561145566229e-07,0.0017094548093155026,0.0001148853189079091,-12.137662887573242,0.7624194622039795,0.0014137823600322008,0.7871649861335754,0.5185514688491821,3.375024243723601e-05,0.5224595069885254,0.02505221962928772,-6.1483049392700195,0.49839136004447937,6.74699504088494e-06,0.5002496838569641,0.0018583238124847412,-4.778348922729492,0.44296449422836304,0.0045538595877587795,0.5748964548110962,0.13193196058273315,0.13417911529541016,0.32225301861763,0.004046740010380745,0.3290331959724426,0.006780177354812622,-1.830303430557251,0.007961667142808437,0.0,0.007961667142808437,0.0008717547170817852,0.0,0.0008717547170817852,0.0,0.0,-19.445480346679688,1785282714.318612,62.50204062461853,35.414799213409424,3012.942229810842,30.514642233308535,0.0,96.48,True,1.8231210708618164
555,0.00899304635822773,1.523201376585348e-06,0.009149838238954544,0.0016311623621731997,4.5736015863440116e-07,0.0016568428836762905,0.00015888102643657476,-12.149578094482422,0.7584398984909058,0.0013896392192691565,0.7864372134208679,0.518291711807251,3.199701677658595e-05,0.5223848223686218,0.02829493209719658,-6.08258056640625,0.4981497526168823,6.481711807282409e-06,0.5001004934310913,0.0019507408142089844,-4.760776042938232,0.4284302592277527,0.004139474593102932,0.5422543883323669,0.11382412910461426,-0.2597299814224243,0.3282734453678131,0.0038806796073913574,0.32645508646965027,0.0018183588981628418,-1.8565078973770142,0.006374944932758808,0.0,0.006374944932758808,0.0007269951747730374,0.0,0.0007269951747730374,0.0,0.0,-19.39603042602539,1785282714.4126232,62.59605169296265,35.50881028175354,3019.677655508293,28.975743927247954,0.0,96.48,True,1.8231210708618164
556,0.00891848560422659,1.515855046818615e-06,0.009135667234659195,0.0015474481042474508,4.5343958277044294e-07,0.0016477045137435198,0.00023920537205412984,-12.138448715209961,0.7526206970214844,0.0013694872613996267,0.7831039428710938,0.5179635882377625,3.1045350624481216e-05,0.5221261382102966,0.030766135081648827,-6.030494689941406,0.4976782202720642,6.348994702420896e-06,0.5003303289413452,0.002652108669281006,-4.510747909545898,0.4297720491886139,0.003914324566721916,0.5029491186141968,0.07317706942558289,-1.1686065196990967,0.33443963527679443,0.0037301594857126474,0.3267773389816284,0.007662296295166016,-1.868843913078308,0.004646684043109417,0.0,0.004646684043109417,0.0005536526441574097,0.0,0.0005536526441574097,0.0,0.0,-19.218219757080078,1785282714.51822,62.701648473739624,35.61440706253052,3026.2352705367985,27.42450960548608,0.0,96.48,True,1.8231210708618164
557,0.008829023689031601,1.500149096500536e-06,0.009167131967842579,0.0015006212051957846,4.476163724120852e-07,0.0016614175401628017,0.0003743964189197868,-12.109777450561523,0.7464849948883057,0.0013507920084521174,0.7793833613395691,0.5178412795066833,3.0496441468130797e-05,0.5228339433670044,0.0332750529050827,-5.8553056716918945,0.4974677562713623,6.266175205382751e-06,0.5007966160774231,0.003328859806060791,-4.187017440795898,0.4287624955177307,0.0037250411696732044,0.47275030612945557,0.043987810611724854,-1.6176812648773193,0.3352656960487366,0.0036308919079601765,0.3267773389816284,0.008488357067108154,-1.8802778720855713,0.0037996862083673477,0.0,0.0037996862083673477,0.0004698293632827699,0.0,0.0004698293632827699,0.0,0.0,-18.887531280517578,1785282714.6218948,62.805323362350464,35.71808195114136,3032.4621970887415,25.86184132471694,0.0,96.48,True,1.8231210708618164
558,0.008748950436711311,1.4834304238320328e-06,0.009470546618103981,0.0014944918220862746,4.4019907363690436e-07,0.0017203512834385037,0.0007561173988506198,-11.957270622253418,0.7418955564498901,0.00133423856459558,0.7735760807991028,0.5177322030067444,3.00694300676696e-05,0.5231415033340454,0.03213901445269585,-5.815155982971191,0.49731966853141785,6.168067102407804e-06,0.5008937120437622,0.0035740435123443604,-4.043646812438965,0.4251703917980194,0.0035425364039838314,0.441863477230072,0.016693085432052612,-1.8631871938705444,0.33536726236343384,0.0036070437636226416,0.32838866114616394,0.0069786012172698975,-1.8867441415786743,0.003468046197667718,0.0,0.003468046197667718,0.0004355009878054261,0.0,0.0004355009878054261,0.0,0.0,-18.6312198638916,1785282714.716707,62.90013551712036,35.812894105911255,3038.4328122240586,24.2927067744547,0.0,96.48,True,1.8231210708618164
559,0.008650995790958405,1.4092582887315075e-06,0.009102960117161274,0.001507818466052413,4.178799883902684e-07,0.0016893076244741678,0.00048704215441830456,-12.13049602508545,0.7362560033798218,0.00129705760627985,0.7662312984466553,0.5177276134490967,2.9810147680109367e-05,0.523320198059082,0.030492546036839485,-5.825311183929443,0.49732527136802673,6.069202754588332e-06,0.5007198452949524,0.003394573926925659,-4.1378912925720215,0.42515456676483154,0.003345591714605689,0.41503268480300903,0.01012188196182251,-1.9158058166503906,0.3373962342739105,0.003638301743194461,0.3274218738079071,0.009974360466003418,-1.875508189201355,0.003484069835394621,0.0,0.003484069835394621,0.000430694199167192,0.0,0.000430694199167192,1.0,0.0,-18.859689712524414,1785282714.821431,63.00485944747925,35.91761803627014,3044.6318972080085,22.73480817656978,0.0,96.48,True,1.8231210708618164
560,0.00848552118986845,1.3573730939242523e-06,0.008896426297724247,0.001498019089922309,4.098833130683488e-07,0.0016470248810946941,0.00043708778684958816,-12.181520462036133,0.7240772247314453,0.0012539782328531146,0.7562296390533447,0.5175435543060303,3.0335881092469208e-05,0.5233505964279175,0.03267261013388634,-5.736424446105957,0.4974048435688019,6.29243459115969e-06,0.5005163550376892,0.003111511468887329,-4.2998456954956055,0.4250738024711609,0.003105212701484561,0.38660991191864014,0.03846389055252075,-1.73017418384552,0.3348994255065918,0.003757796948775649,0.3296777307987213,0.005221694707870483,-1.8693947792053223,0.00432087667286396,0.0,0.00432087667286396,0.0005028950981795788,0.0,0.0005028950981795788,1.0,0.0,-18.920583724975586,1785282714.9160903,63.09951877593994,36.012277364730835,3050.8918762044095,21.18302298868089,0.0,96.48,True,1.8231210708618164
561,0.008322260342538357,1.2599429055626388e-06,0.008867409080266953,0.0014853961765766144,3.8104727195786836e-07,0.001657581189647317,0.000571694690734148,-12.187676429748535,0.7117474675178528,0.0011796070029959083,0.7481232285499573,0.5170820951461792,3.056382047361694e-05,0.5208702683448792,0.03657247871160507,-5.935634613037109,0.497219443321228,6.417224085453199e-06,0.4999845027923584,0.002765059471130371,-4.463618278503418,0.43199270963668823,0.0028455345891416073,0.3615344762802124,0.07045823335647583,-1.1397559642791748,0.3378064036369324,0.004080930724740028,0.33000001311302185,0.0078063905239105225,-1.824310064315796,0.006141191348433495,0.0,0.006141191348433495,0.0006839454872533679,0.0,0.0006839454872533679,1.0,0.0,-19.167993545532227,1785282715.011601,63.195029497146606,36.1077880859375,3057.3992650213672,19.676322515681527,0.0,96.48,True,1.8231210708618164
562,0.008228014223277569,1.0977448710036697e-06,0.00872758962213993,0.001421874389052391,3.276675499819248e-07,0.0016430456889793277,0.0005463444977067411,-12.300561904907227,0.7007771730422974,0.0010452414862811565,0.7363300919532776,0.5153172612190247,3.145244045299478e-05,0.5156505107879639,0.03555447980761528,-6.170978546142578,0.49628472328186035,6.5908452597795986e-06,0.4998267889022827,0.0035420656204223633,-4.094183444976807,0.4470042884349823,0.0025515093002468348,0.30520302057266235,0.14180126786231995,1.8737378120422363,0.3316859304904938,0.004784894175827503,0.32935547828674316,0.0023304522037506104,-1.7516396045684814,0.01064002513885498,0.0,0.01064002513885498,0.0013403523480519652,0.0,0.0013403523480519652,1.0,0.0,-19.28443717956543,1785282715.116407,63.299835443496704,36.2125940322876,3064.023097472358,18.24229250242948,0.0,96.48,True,1.8231210708618164
563,0.008118159137666225,1.0150656635232735e-06,0.009074654430150986,0.0013843203196302056,3.023238264177053e-07,0.001704297959804535,0.001008597551845014,-11.948301315307617,0.6893250942230225,0.0009796080412343144,0.7209529280662537,0.5146130323410034,3.2515486964257434e-05,0.5140206813812256,0.03163338080048561,-6.277231693267822,0.4959697723388672,6.917032806086354e-06,0.499630331993103,0.00366055965423584,-4.053221702575684,0.44906336069107056,0.002436923561617732,0.30409732460975647,0.1449660360813141,2.2222490310668945,0.3375381529331207,0.00518077751621604,0.33000001311302185,0.007538139820098877,-1.7069774866104126,0.013175074011087418,0.0,0.013175074011087418,0.001633464707992971,0.0,0.001633464707992971,1.0,0.0,-18.9966983795166,1785282715.2205682,63.40399670600891,36.316755294799805,3070.3591911233,16.8529246071355,0.0,96.48,True,1.8231210708618164
564,0.008074396289885044,9.562847935740137e-07,0.008598513901233673,0.0013621296966448426,2.833732537510514e-07,0.0016145387198776007,0.0005817298078909516,-12.374435424804688,0.6841944456100464,0.0009369872859679163,0.7040918469429016,0.5140193104743958,3.278642179793678e-05,0.5157498121261597,0.019972512498497963,-6.554356575012207,0.49570369720458984,7.032576377241639e-06,0.49903878569602966,0.0033350884914398193,-4.222733497619629,0.45004594326019287,0.0023512900806963444,0.2832704782485962,0.16677546501159668,3.8071799278259277,0.34686702489852905,0.0056204404681921005,0.33000001311302185,0.016867011785507202,-1.6464251279830933,0.015276621095836163,0.0,0.015276621095836163,0.0017902657855302095,0.0,0.0017902657855302095,1.0,0.0,-19.729286193847656,1785282715.318254,63.50168251991272,36.41444110870361,3077.4278725885733,15.524109070468839,0.0,96.48,True,1.8231210708618164
565,0.00807267613708973,8.807056701698457e-07,0.00835792999714613,0.001336356159299612,2.646767995884147e-07,0.0015808850293979049,0.0003757181402761489,-12.546618461608887,0.682711124420166,0.0009047354105859995,0.6881618499755859,0.5139865279197693,3.2170726626645774e-05,0.5114351511001587,0.006018299609422684,-6.7206926345825195,0.49555063247680664,6.887880772410426e-06,0.4987175464630127,0.0031669139862060547,-4.295891761779785,0.45151156187057495,0.0022853955160826445,0.25307101011276245,0.1984405517578125,6.493612289428711,0.35343196988105774,0.005525012034922838,0.33000001311302185,0.02343195676803589,-1.630608320236206,0.01572127640247345,0.0,0.01572127640247345,0.001620858209207654,0.0,0.001620858209207654,1.0,0.0,-20.071117401123047,1785282715.42257,63.605998516082764,36.51875710487366,3084.838385261122,14.211110341549064,0.0,96.48,True,1.8231210708618164
566,0.008043410256505013,7.862103075240157e-07,0.008134457282721996,0.0013113871682435274,2.473377946898836e-07,0.001538992510177195,0.0002451402833685279,-12.686403274536133,0.680609941482544,0.0008762599900364876,0.6704744696617126,0.5141246914863586,3.111483238171786e-05,0.5154086947441101,0.010216480121016502,-6.785849571228027,0.49546512961387634,6.625958576478297e-06,0.4982735514640808,0.0028084218502044678,-4.4481425285339355,0.45226380228996277,0.002258623717352748,0.3932514786720276,0.05901232361793518,-1.3566371202468872,0.3538179099559784,0.004764484241604805,0.33000001311302185,0.023817896842956543,-1.6948111057281494,0.013893745839595795,0.0,0.013893745839595795,0.001195406191982329,0.0,0.001195406191982329,1.0,0.0,-20.339155197143555,1785282715.516837,63.700265407562256,36.61302399635315,3092.516935729691,12.833908827137346,0.0,96.48,True,1.8231210708618164
567,0.00800769217312336,7.28712905129214e-07,0.007707681506872177,0.0013013007119297981,2.3592137665673363e-07,0.0014416263438761234,0.00033120642183348536,-12.754508972167969,0.6784000992774963,0.0008539605187252164,0.6562467217445374,0.514236569404602,3.014520370925311e-05,0.5203737616539001,0.022987762466073036,-5.9875993728637695,0.49550336599349976,6.481890522991307e-06,0.49798640608787537,0.0024830400943756104,-4.57871675491333,0.4582993686199188,0.0022376033011823893,0.46574142575263977,0.007442057132720947,-2.1198606491088867,0.3515169322490692,0.004440266638994217,0.33000001311302185,0.021516919136047363,-1.7374478578567505,0.012687413021922112,0.0,0.012687413021922112,0.000991089385934174,0.0,0.000991089385934174,1.0,0.0,-19.833946228027344,1785282715.6232643,63.80669283866882,36.71945142745972,3099.6902772291437,12.926822691224523,0.0,96.48,True,1.8231210708618164
568,0.007972830906510353,6.84294491293258e-07,0.006776498630642891,0.0012864049058407545,2.262795248952898e-07,0.0012754055205732584,0.001196382800117135,-11.86428451538086,0.6757270097732544,0.000833107391372323,0.6520065069198608,0.5144503116607666,2.9704275220865384e-05,0.5191248655319214,0.024176718667149544,-6.213900566101074,0.495695561170578,6.434637725760695e-06,0.4980921745300293,0.002396613359451294,-4.611653804779053,0.46396708488464355,0.002224581316113472,0.48286348581314087,0.018896400928497314,-2.054898262023926,0.3504674732685089,0.0041738287545740604,0.33000001311302185,0.02046746015548706,-1.7703384160995483,0.011963149532675743,0.0,0.011963149532675743,0.0008573012892156839,0.0,0.0008573012892156839,1.0,0.0,-19.141231536865234,1785282715.7077231,63.891151666641235,36.80391025543213,3106.1709040374344,13.37955151600764,0.0,96.48,True,1.8231210708618164
569,0.007890456356108189,6.680014053017658e-07,0.007709749508649111,0.0012693405151367188,2.2204352490007295e-07,0.0014484128914773464,0.0002544049348216504,-12.835156440734863,0.6689210534095764,0.0008227766375057399,0.6472718119621277,0.5142769813537598,3.0129114747978747e-05,0.5170531868934631,0.021826520562171936,-6.5058183670043945,0.49578380584716797,6.69734799885191e-06,0.4981367290019989,0.0023529231548309326,-4.624644756317139,0.4666646420955658,0.002215130953118205,0.4495702087879181,0.017094433307647705,-2.0713233947753906,0.35056018829345703,0.004143386147916317,0.33000001311302185,0.02056017518043518,-1.773170828819275,0.014875629916787148,0.0,0.014875629916787148,0.0009816281963139772,0.0,0.0009816281963139772,1.0,0.0,-20.35213279724121,1785282715.8220391,64.00546765327454,36.91822624206543,3113.862432106101,13.835112753510483,0.0,96.48,True,1.8231210708618164
570,0.007749402895569801,6.707355737489706e-07,0.007551145739853382,0.001255345530807972,2.2242707586883625e-07,0.001417249091900885,0.0002559661224950105,-12.840676307678223,0.6575322151184082,0.000820448505692184,0.6431593894958496,0.5135431289672852,3.139593900414184e-05,0.5195080041885376,0.0155614223331213,-6.206845283508301,0.4956517815589905,7.329488653340377e-06,0.4977870583534241,0.0021352767944335938,-4.6818318367004395,0.46436843276023865,0.0022289669141173363,0.44252127408981323,0.021847158670425415,-2.0271029472351074,0.35487550497055054,0.004235731903463602,0.33000001311302185,0.024875491857528687,-1.7401169538497925,0.022230543196201324,0.0,0.022230543196201324,0.0012664939276874065,0.0,0.0012664939276874065,1.0,0.0,-20.14706802368164,1785282715.9270136,64.11044216156006,37.02320075035095,3121.348895401208,14.257620116043844,0.0,96.48,True,1.8231210708618164
571,0.007591189816594124,6.863167527626501e-07,0.007443606853485107,0.001236779848113656,2.2719500236689782e-07,0.0013796499697491527,0.00020540837431326509,-12.846025466918945,0.6445525884628296,0.0008268849924206734,0.6361293792724609,0.5128574371337891,3.288465813966468e-05,0.5197433233261108,0.010879608802497387,-6.10845947265625,0.49546921253204346,8.225568308262154e-06,0.497476726770401,0.002007514238357544,-4.690218448638916,0.46022891998291016,0.002261912450194359,0.45293620228767395,0.007292717695236206,-2.115077495574951,0.3567974269390106,0.0043650344014167786,0.33000001311302185,0.02679741382598877,-1.7158700227737427,0.03565448522567749,0.0,0.03565448522567749,0.0017262962646782398,0.0,0.0017262962646782398,1.0,0.0,-20.077903747558594,1785282716.0206718,64.2041003704071,37.116858959198,3128.7661944201923,14.655880547501155,0.0,96.48,True,1.8231210708618164
572,0.0074547333642840385,7.045063625810144e-07,0.00726748863235116,0.0012151971459388733,2.3285150518859155e-07,0.0013376693241298199,0.00022374097898136824,-12.824348449707031,0.632477879524231,0.0008338871994055808,0.6324164867401123,0.5123718976974487,3.427254341659136e-05,0.5184618234634399,0.006090235430747271,-6.306346893310547,0.4953233301639557,9.194549420499243e-06,0.49754926562309265,0.002225935459136963,-4.610069751739502,0.4561960697174072,0.002306329319253564,0.46214887499809265,0.005952805280685425,-2.1094284057617188,0.3571111559867859,0.004496254958212376,0.33000001311302185,0.027111142873764038,-1.70158052444458,0.05403843894600868,0.0,0.05403843894600868,0.00227307784371078,0.0,0.00227307784371078,1.0,0.0,-20.174461364746094,1785282716.1268835,64.31031203269958,37.22307062149048,3136.280051056364,15.039851480629304,0.0,96.48,True,1.8231210708618164
573,0.007350081577897072,7.237935051307431e-07,0.00885709561407566,0.001196497119963169,2.3887460542937333e-07,0.0016284497687593102,0.0015676971524953842,-10.89573860168457,0.6224210262298584,0.0008399033104069531,0.6255599856376648,0.5120336413383484,3.554356226231903e-05,0.5169593095779419,0.00584082817658782,-6.478442668914795,0.4951765835285187,1.0132423085451592e-05,0.49770388007164,0.002527296543121338,-4.515758991241455,0.4523860812187195,0.002348874695599079,0.4477050304412842,0.004681050777435303,-2.103306293487549,0.3559572398662567,0.004623655695468187,0.33000001311302185,0.025957226753234863,-1.6964843273162842,0.07505955547094345,0.0,0.07505955547094345,0.002889407565817237,0.0,0.002889407565817237,1.0,0.0,-18.33637237548828,1785282716.2214446,64.40487313270569,37.31763172149658,3141.9558187032776,15.418726216629157,0.0,96.48,True,1.8231210708618164
574,0.007269172929227352,7.486955269087048e-07,0.007431008853018284,0.0011848777066916227,2.4666312015142466e-07,0.0013617246877402067,0.0002397200878476724,-12.741323471069336,0.6142469644546509,0.0008464528364129364,0.6191255450248718,0.5118425488471985,3.7043660995550454e-05,0.5169974565505981,0.0070974379777908325,-6.428325653076172,0.4949910342693329,1.1107047612313181e-05,0.49760663509368896,0.002615600824356079,-4.477052211761475,0.44863197207450867,0.002391575137153268,0.4679674804210663,0.019335508346557617,-2.020801067352295,0.3539368510246277,0.004793824627995491,0.33000001311302185,0.023936837911605835,-1.6915134191513062,0.09704672545194626,0.0,0.09704672545194626,0.0035962380934506655,0.0,0.0035962380934506655,1.0,0.0,-20.122509002685547,1785282716.3258266,64.50925517082214,37.42201375961304,3149.4177229773886,15.792630044464033,0.0,96.48,True,1.8231210708618164
575,0.007197650149464607,7.530762218266318e-07,0.007277573924511671,0.0011727460660040379,2.487566632680682e-07,0.0013297684490680695,0.00017619262507651,-12.761268615722656,0.6073412895202637,0.000843116024043411,0.6153027415275574,0.5117804408073425,3.804978769039735e-05,0.516679048538208,0.009347784332931042,-6.436715126037598,0.4948124587535858,1.1856857781822328e-05,0.497542142868042,0.0027296841144561768,-4.438149452209473,0.4472818970680237,0.002422377234324813,0.45491713285446167,0.007635235786437988,-2.080531597137451,0.35158824920654297,0.0049186283722519875,0.33000001311302185,0.021588236093521118,-1.6910480260849,0.11528120189905167,0.0,0.11528120189905167,0.004227727651596069,0.0,0.004227727651596069,1.0,0.0,-20.129714965820312,1785282716.4201536,64.60358214378357,37.51634073257446,3156.8868332146344,16.1660684792325,0.0,96.48,True,1.8231210708618164
576,0.007108644582331181,7.490901907658554e-07,0.007106516044586897,0.0011595175601541996,2.4888626626307087e-07,0.0012950084637850523,0.0001355076237814501,-12.78057861328125,0.5993805527687073,0.0008358841296285391,0.6098106503486633,0.5114498138427734,3.905508492607623e-05,0.5123565196990967,0.010469434782862663,-6.70530366897583,0.4945856034755707,1.2553142369142734e-05,0.4974363148212433,0.0028507113456726074,-4.400145053863525,0.443612277507782,0.002459113486111164,0.47447994351387024,0.030867666006088257,-1.8913077116012573,0.34929633140563965,0.005017176736146212,0.33000001311302185,0.019296318292617798,-1.6913981437683105,0.13163547217845917,0.0,0.13163547217845917,0.004811081103980541,0.0,0.004811081103980541,1.0,0.0,-20.344894409179688,1785282716.5259206,64.70934915542603,37.62210774421692,3164.5711228952396,16.539857031684377,0.0,96.48,True,1.8231210708618164
577,0.007041165605187416,7.403359632007778e-07,0.007107845973223448,0.0011515719816088676,2.4667843945280765e-07,0.001318646944127977,0.00017988972831517458,-12.768211364746094,0.5936131477355957,0.0008255637949332595,0.6058876514434814,0.5112125873565674,3.9715658203931525e-05,0.5106626749038696,0.012286815792322159,-6.683671951293945,0.49434220790863037,1.3077950825390872e-05,0.49715501070022583,0.002812802791595459,-4.400864601135254,0.44211000204086304,0.002488628728315234,0.4529677629470825,0.010857760906219482,-2.055387496948242,0.34732407331466675,0.005150012671947479,0.33000001311302185,0.017324060201644897,-1.686301350593567,0.1452757865190506,0.0,0.1452757865190506,0.005383568815886974,0.0,0.005383568815886974,1.0,0.0,-20.315580368041992,1785282716.6096544,64.79308295249939,37.70584154129028,3172.226098534707,16.90854879096151,0.0,96.48,True,1.8231210708618164
578,0.006980237551033497,7.444835432579566e-07,0.006165844388306141,0.0011428608559072018,2.4791566488602257e-07,0.001182827982120216,0.0008153732633218169,-12.373844146728516,0.5882219076156616,0.0008195292903110385,0.601761519908905,0.5108742713928223,4.080515282112174e-05,0.5070685148239136,0.014064311981201172,-6.479543685913086,0.49406322836875916,1.3730425962421577e-05,0.49310198426246643,0.0009612441062927246,-4.64536190032959,0.4387820065021515,0.0025287626776844263,0.45945754647254944,0.02067553997039795,-1.9865508079528809,0.34521761536598206,0.005346164107322693,0.3296777307987213,0.015539884567260742,-1.6741644144058228,0.1578069031238556,0.0,0.1578069031238556,0.00601603789255023,0.0,0.00601603789255023,1.0,0.0,-19.88016128540039,1785282716.7161138,64.89954233169556,37.81230092048645,3179.445655091533,17.2651036140509,0.0,96.48,True,1.8231210708618164
579,0.006938767619431019,7.621143254255003e-07,0.007121924310922623,0.0011375369504094124,2.522165232221596e-07,0.001375276013277471,0.0003001103759743273,-12.66814136505127,0.584435224533081,0.0008213868131861091,0.5965179204940796,0.5105425119400024,4.206688026897609e-05,0.5016074180603027,0.01502755656838417,-5.714720726013184,0.493806928396225,1.4466645552602131e-05,0.4864049255847931,0.007402002811431885,-2.759239912033081,0.4379306435585022,0.0025698465760797262,0.47828036546707153,0.040349721908569336,-1.746246099472046,0.34185072779655457,0.005642671138048172,0.33000001311302185,0.011850714683532715,-1.657315969467163,0.17017963528633118,0.0,0.17017963528633118,0.006903910078108311,0.0,0.006903910078108311,1.0,0.0,-18.619537353515625,1785282716.8113008,64.9947292804718,37.907487869262695,3185.404587716474,17.60480999220163,0.0,96.48,True,1.8231210708618164
580,0.00691476184874773,7.745932748548512e-07,0.006901298649609089,0.0011328388936817646,2.535697660732694e-07,0.001345510478131473,0.00021309731528162956,-12.702098846435547,0.581828236579895,0.0008197507704608142,0.5912249088287354,0.5101771950721741,4.3378382542869076e-05,0.48803094029426575,0.024057308211922646,-1.0310587882995605,0.4935580790042877,1.5228112715703901e-05,0.48397383093833923,0.009584248065948486,-1.61118483543396,0.43903523683547974,0.0026105002034455538,0.4975375533103943,0.05850231647491455,-1.3996384143829346,0.34001362323760986,0.0060464669950306416,0.3290331959724426,0.010980427265167236,-1.6252317428588867,0.18240147829055786,0.0,0.18240147829055786,0.007927201688289642,0.0,0.007927201688289642,1.0,0.0,-14.332538604736328,1785282716.9163566,65.0997850894928,38.01254367828369,3187.076521592636,17.912432143744084,0.0,96.48,True,1.8231210708618164
581,0.006855463609099388,8.04606941073871e-07,0.00694160396233201,0.001109270378947258,2.566428349837224e-07,0.0013240124098956585,0.0002313748118467629,-12.671916961669922,0.5764515995979309,0.0008067262824624777,0.588121235370636,0.5101363658905029,4.7593621275154874e-05,0.4851393699645996,0.02758677676320076,-0.050960540771484375,0.4935273826122284,1.7549204130773433e-05,0.48235851526260376,0.011168867349624634,-1.0022027492523193,0.4412733018398285,0.0027329488657414913,0.4675908386707306,0.0263175368309021,-1.9055331945419312,0.3402167856693268,0.007519787177443504,0.0,0.3402167856693268,6.170022010803223,0.220945805311203,0.0,0.220945805311203,0.010940846987068653,0.0,0.010940846987068653,1.0,0.0,-13.213787078857422,1785282717.010243,65.19367146492004,38.10643005371094,3187.6297039429187,10.424800541624428,0.0,96.48,True,1.8231210708618164
582,0.006811755709350109,7.667608201700205e-07,0.006839144509285688,0.001081099035218358,2.449170324325678e-07,0.0013146070996299386,0.00023510883329436183,-12.70203685760498,0.5710025429725647,0.0007977903005667031,0.5834289193153381,0.5099213123321533,4.9611171561991796e-05,0.48536422848701477,0.02752208523452282,-0.5100588798522949,0.4934185743331909,1.8432127035339363e-05,0.48098665475845337,0.012431919574737549,-0.33929014205932617,0.4386451840400696,0.0027406716253608465,0.48455333709716797,0.04590815305709839,-1.6463408470153809,0.30286717414855957,0.007592635229229927,0.0,0.30286717414855957,4.519275188446045,0.26107126474380493,0.0,0.26107126474380493,0.016087327152490616,0.0,0.016087327152490616,1.0,0.0,-13.279728889465332,1785282717.1154344,65.29886293411255,38.21162152290344,3188.2488281038095,11.32451638188213,0.0,96.48,True,1.8231210708618164
583,0.006783190183341503,8.009130283426202e-07,0.007179948501288891,0.0010795954149216413,2.511079628675361e-07,0.001346621778793633,0.00047824703506194055,-12.53931999206543,0.5680941343307495,0.000817011808976531,0.5792125463485718,0.5093955397605896,5.316652459441684e-05,0.48545512557029724,0.026396259665489197,-1.1723613739013672,0.493275910615921,1.9973780581494793e-05,0.4797632098197937,0.01351270079612732,0.07921314239501953,0.4354175925254822,0.002860273467376828,0.44955870509147644,0.014141112565994263,-1.9745237827301025,0.2760217785835266,0.007981629110872746,0.0,0.2760217785835266,3.27634334564209,0.29105743765830994,0.0,0.29105743765830994,0.02355262078344822,0.0,0.02355262078344822,1.0,0.0,-13.437602996826172,1785282717.209795,65.39322352409363,38.30598211288452,3189.025826372061,14.918469318840652,0.0,96.48,True,1.8231210708618164
584,0.0067359283566474915,8.428744422417367e-07,0.006871283520013094,0.0010884786024689674,2.5781585577533406e-07,0.0012222615769132972,0.00019031263946089894,-12.69527816772461,0.5650659799575806,0.0008329366683028638,0.5744169354438782,0.5088281035423279,5.7012901379493997e-05,0.480204701423645,0.030112115666270256,0.6441817283630371,0.493063747882843,2.1546444259001873e-05,0.47977694869041443,0.013286799192428589,-0.35700178146362305,0.42766010761260986,0.003024844918400049,0.4287795126438141,0.0011194050312042236,-1.9813021421432495,0.25075939297676086,0.008494336158037186,0.0,0.25075939297676086,2.2360663414001465,0.32370316982269287,0.0,0.32370316982269287,0.03501202166080475,0.0,0.03501202166080475,1.0,0.0,-12.358433723449707,1785282717.3152714,65.49869990348816,38.41145849227905,3188.7236553669363,17.47214525155723,0.0,96.48,True,1.8231210708618164
585,0.006676837801933289,8.56779706737143e-07,0.006880057975649834,0.0010930020362138748,2.5711230478009384e-07,0.0011708271922543645,0.00021761248353868723,-12.698162078857422,0.5611861944198608,0.0008387555717490613,0.5681487321853638,0.508176326751709,5.937980313319713e-05,0.48401984572410583,0.025139858946204185,-1.6272120475769043,0.49276289343833923,2.2452753910329193e-05,0.4806120693683624,0.012150824069976807,-1.145261287689209,0.4226530194282532,0.003222994739189744,0.41206860542297363,0.010584414005279541,-1.9324039220809937,0.2292184680700302,0.009001580998301506,0.0,0.2292184680700302,1.4821985960006714,0.3557705879211426,0.0,0.3557705879211426,0.04850463941693306,0.0,0.04850463941693306,1.0,0.0,-14.572562217712402,1785282717.421809,65.60523748397827,38.517996072769165,3190.635612856074,19.271953438874334,0.0,96.48,True,1.8231210708618164
586,0.0066114431247115135,8.663135986353154e-07,0.00670600263401866,0.0010824711062014103,2.5622452426432574e-07,0.0012122386833652854,0.00016056501772254705,-12.692215919494629,0.5559544563293457,0.0008422517566941679,0.5610697865486145,0.5078718662261963,6.207685510162264e-05,0.4883362054824829,0.020194273442029953,-3.455925703048706,0.4925006926059723,2.3638220227439888e-05,0.481266051530838,0.011234641075134277,-1.7376158237457275,0.4165162146091461,0.003486719448119402,0.3948850929737091,0.02163112163543701,-1.843360185623169,0.208275705575943,0.009657819755375385,0.0,0.208275705575943,0.8447295427322388,0.39460620284080505,0.0,0.39460620284080505,0.06462083756923676,0.0,0.06462083756923676,1.0,0.0,-16.32576560974121,1785282717.5162904,65.69971895217896,38.61247754096985,3194.300773737241,20.434292572923006,0.0,96.48,True,1.8231210708618164
587,0.006425302475690842,5.825114612889593e-07,0.006569805089384317,0.0010778331197798252,1.8006147683991003e-07,0.0012102252803742886,0.00019598135259002447,-13.038470268249512,0.5467816591262817,0.000756196619477123,0.5522053241729736,0.5125338435173035,6.298255175352097e-05,0.49074190855026245,0.02245672605931759,-2.8026039600372314,0.4927879273891449,2.6887155399890617e-05,0.48186159133911133,0.01092633605003357,-2.1228835582733154,0.405441552400589,0.0047357394360005856,0.3866252601146698,0.01881629228591919,-1.7199891805648804,0.25412213802337646,0.009697369299829006,0.0,0.25412213802337646,1.9306575059890747,0.581288754940033,0.0,0.581288754940033,0.04964757710695267,0.0,0.04964757710695267,1.0,0.0,-16.341995239257812,1785282717.6220057,65.80543422698975,38.71819281578064,3197.982164247924,22.682559670228514,0.0,96.48,True,1.8231210708618164
588,0.006288053467869759,5.473274313771981e-07,0.0067524416372179985,0.0011151647195219994,1.7472331137469155e-07,0.0011195671977475286,0.0004644090367946774,-12.954198837280273,0.5406990051269531,0.0007621956756338477,0.5455649495124817,0.5141084790229797,6.779476098017767e-05,0.48913252353668213,0.025445545092225075,-1.9351189136505127,0.4927130937576294,2.9664910471183248e-05,0.481457382440567,0.011255711317062378,-2.158465623855591,0.3923536539077759,0.00560564873740077,0.37737277150154114,0.014980882406234741,-1.6530338525772095,0.2249426692724228,0.01068951841443777,0.0,0.2249426692724228,1.0164600610733032,0.6365650296211243,0.0,0.6365650296211243,0.0721137523651123,0.0,0.0721137523651123,1.0,0.0,-15.581526756286621,1785282717.7162406,65.89966917037964,38.81242775917053,3200.9030862756363,24.01662932261825,0.0,96.48,True,1.8231210708618164
589,0.006195276975631714,5.581379696195654e-07,0.006358942482620478,0.0010586322750896215,1.8322091932532203e-07,0.0009455719846300781,0.00019891964620910585,-13.058859825134277,0.5303488969802856,0.0007912784931249917,0.535990297794342,0.5161564946174622,7.481100328732282e-05,0.48912349343299866,0.027615368366241455,-1.5790200233459473,0.49303218722343445,3.428989657550119e-05,0.4822201430797577,0.010812044143676758,-2.516803026199341,0.38975289463996887,0.006477606017142534,0.373137891292572,0.01661500334739685,-1.579455018043518,0.17001616954803467,0.014808397740125656,0.0,0.17001616954803467,-0.21135848760604858,0.6771697402000427,0.0,0.6771697402000427,0.13912570476531982,0.0,0.13912570476531982,1.0,0.0,-15.580477714538574,1785282717.8207166,66.00414514541626,38.91690373420715,3203.8229592616003,24.122880426328635,0.0,96.48,True,1.8231210708618164
590,0.006153514608740807,5.658054078594432e-07,0.006258779671043158,0.001069014659151435,1.8771049781207694e-07,0.0009631331195123494,0.0001493038289481774,-13.059158325195312,0.5264636278152466,0.0008054464706219733,0.5289065837860107,0.5156866908073425,7.58018359192647e-05,0.4935011565685272,0.022319631651043892,-3.217559337615967,0.49281638860702515,3.509678936097771e-05,0.48907041549682617,0.0037459731101989746,-4.009852886199951,0.3857957124710083,0.006636185571551323,0.36946901679039,0.016326695680618286,-1.5685864686965942,0.1528812050819397,0.015530033968389034,0.0,0.1528812050819397,-0.411052405834198,0.6831434965133667,0.0,0.6831434965133667,0.16367432475090027,0.0,0.16367432475090027,1.0,0.0,-17.638132095336914,1785282717.9255528,66.1089813709259,39.0217399597168,3208.8004866283627,24.02943761181087,0.0,96.48,True,1.8231210708618164
591,0.006106127984821796,5.815006147713575e-07,0.006246973294764757,0.0010789181105792522,1.95158023075237e-07,0.0009357838425785303,0.000200810405658558,-12.996131896972656,0.5221587419509888,0.0008256322471424937,0.5204492211341858,0.5156841278076172,7.734529935987666e-05,0.5015140771865845,0.014272799715399742,-5.145636558532715,0.4927845001220703,3.64259431080427e-05,0.4919683337211609,0.0008161664009094238,-4.182032585144043,0.3815315067768097,0.006816621869802475,0.36873507499694824,0.01279643177986145,-1.563246250152588,0.14052914083003998,0.016179418191313744,0.0,0.14052914083003998,-0.532774031162262,0.6926305294036865,1.0,0.3073694705963135,0.18838714063167572,1.0,0.8116128444671631,1.0,0.0,-19.203657150268555,1785282718.0195239,66.20295238494873,39.115710973739624,3215.3435390500567,23.81427317196504,0.12193433844617152,96.48,True,1.8231210708618164
592,0.006089489907026291,6.036050308466656e-07,0.00630792323499918,0.0010929203126579523,2.0645450149459066e-07,0.0009458652348257601,0.0002633216790854931,-12.926992416381836,0.5199573040008545,0.0008500997209921479,0.5121917128562927,0.5163625478744507,8.426034764852375e-05,0.5073110461235046,0.011926193721592426,-5.86636209487915,0.4926641583442688,4.046175308758393e-05,0.4940135180950165,0.0013493597507476807,-4.116137981414795,0.38139578700065613,0.007210559211671352,0.39138948917388916,0.009993702173233032,-1.5402404069900513,0.12890344858169556,0.016693592071533203,0.0,0.12890344858169556,-0.6297478079795837,0.7518469095230103,1.0,0.24815309047698975,0.25279340147972107,1.0,0.7472065687179565,1.0,0.0,-19.678152084350586,1785282718.1241553,66.30758380889893,39.22034239768982,3222.361086405833,23.50213495530189,0.1794624011431365,96.48,True,1.8231210708618164
593,0.006026123650372028,5.882119467059965e-07,0.0062614199705421925,0.0010999403893947601,2.093992605978201e-07,0.0009260012884624302,0.0002926075248979032,-12.905420303344727,0.5121579170227051,0.0008508930332027376,0.5038402676582336,0.5177130699157715,9.480158769292757e-05,0.5142768025398254,0.008999512530863285,-6.2256669998168945,0.4930584132671356,4.774620174430311e-05,0.4978162944316864,0.004757881164550781,-3.8188066482543945,0.3851030170917511,0.007889755070209503,0.37828528881073,0.006817728281021118,-1.4992109537124634,0.1248602569103241,0.017130171880126,0.0,0.1248602569103241,-0.6594710350036621,0.7964635491371155,1.0,0.20353645086288452,0.3067912459373474,1.0,0.6932087540626526,1.0,0.0,-19.79535675048828,1785282718.218859,66.40228748321533,39.315046072006226,3229.4958384277465,23.160273511614662,0.18299264918479752,96.48,True,1.8231210708618164
594,0.005996509455144405,6.124678293417674e-07,0.004876493941992521,0.0010903826914727688,2.2279752442955214e-07,0.0006300054374150932,0.0012109426315873861,-11.473776817321777,0.5069682598114014,0.0008580989087931812,0.4981596767902374,0.5198330879211426,0.00010865434160223231,0.5184946656227112,0.008909686468541622,-6.202733039855957,0.49424898624420166,5.679327659890987e-05,0.5009253025054932,0.006676316261291504,-3.5766913890838623,0.3879547417163849,0.008232579566538334,0.40041202306747437,0.012457281351089478,-1.4714643955230713,0.11728930473327637,0.017071513459086418,0.0,0.11728930473327637,-0.7133172154426575,0.8236202001571655,1.0,0.17637979984283447,0.3517342507839203,1.0,0.6482657194137573,1.0,0.0,-18.224308013916016,1785282718.3250299,66.50845837593079,39.42121696472168,3235.059541713088,22.764565887488438,0.14157986257756328,96.48,True,1.8231210708618164
595,0.005946335382759571,6.341423386402312e-07,0.005855024326592684,0.0010744747705757618,2.364118358855194e-07,0.0008363746455870569,0.0002550085773691535,-12.799989700317383,0.4999972879886627,0.0008616686100140214,0.4915177822113037,0.5229612588882446,0.00012635815073736012,0.5246965885162354,0.008655251935124397,-6.124999046325684,0.4959614872932434,6.919284351170063e-05,0.5047284364700317,0.00876694917678833,-3.3149681091308594,0.39248108863830566,0.0085231252014637,0.3818161189556122,0.010664969682693481,-1.4568750858306885,0.1104842871427536,0.015868769958615303,0.0,0.1104842871427536,-0.7681461572647095,0.8477654457092285,1.0,0.15223455429077148,0.3870407044887543,1.0,0.6129592657089233,1.0,0.0,-19.357473373413086,1785282718.430834,66.61426258087158,39.527021169662476,3241.7564103579266,22.31402932154016,0.06486062226549505,96.48,True,1.8231210708618164
596,0.005907953716814518,6.920984674252395e-07,0.005779718514531851,0.001038379268720746,2.623153818603896e-07,0.0007650862680748105,0.00030188297387212515,-12.676506042480469,0.4928693175315857,0.0008675946737639606,0.4841708838939667,0.5272159576416016,0.00014933952479623258,0.5335080027580261,0.01073557510972023,-5.915505409240723,0.4985402822494507,8.683015767019242e-05,0.50844407081604,0.009903788566589355,-3.1920299530029297,0.3874582052230835,0.00854039378464222,0.3721851706504822,0.015273034572601318,-1.4488788843154907,0.10894092917442322,0.013920051977038383,0.0,0.10894092917442322,-0.7919780015945435,0.8668879866600037,1.0,0.13311201333999634,0.38565656542778015,1.0,0.6143434047698975,1.0,0.0,-19.004924774169922,1785282718.525688,66.70911645889282,39.621875047683716,3248.100730403522,21.83966091126205,0.0,96.48,True,1.8231210708618164
597,0.005851611495018005,7.011564093772904e-07,0.00563432602211833,0.0009917395655065775,2.707689930048218e-07,0.0008689588867127895,0.0002495757944416255,-12.7468843460083,0.4833465814590454,0.0008474802016280591,0.4787923991680145,0.5323629379272461,0.00017410660802852362,0.5425308346748352,0.0111412163823843,-5.717524528503418,0.501438319683075,0.00010695322998799384,0.5166240930557251,0.015185773372650146,-2.5745434761047363,0.39067476987838745,0.00875223707407713,0.38560202717781067,0.005072742700576782,-1.4488142728805542,0.1052037924528122,0.012445982545614243,0.0,0.1052037924528122,-0.8296051621437073,0.8818910717964172,1.0,0.11810892820358276,0.3940984606742859,1.0,0.6059015393257141,1.0,0.0,-18.60817527770996,1785282718.631272,66.81470060348511,39.727459192276,3254.0483009526574,21.327665340434777,0.0,96.48,True,1.8231210708618164
598,0.005783998407423496,6.903093208165956e-07,0.0038228409830480814,0.0009640594944357872,2.7339936536918685e-07,0.0004386878863442689,0.002030308824032545,-9.520759582519531,0.4749355912208557,0.0008204219629988074,0.4723241627216339,0.5380203127861023,0.00019980479555670172,0.5489703416824341,0.011257117614150047,-5.669846534729004,0.5048264861106873,0.00012809976760763675,0.5179591774940491,0.013132691383361816,-2.889235019683838,0.3968133330345154,0.009014717303216457,0.3712507486343384,0.025562584400177002,-1.3992664813995361,0.09929869323968887,0.011027420870959759,0.0,0.09929869323968887,-0.8876689076423645,0.8904874324798584,1.0,0.1095125675201416,0.40559905767440796,1.0,0.594400942325592,1.0,0.0,-15.501254081726074,1785282718.7272894,66.91071796417236,39.82347655296326,3256.888950305809,20.757606024108846,0.0,96.48,True,1.8231210708618164
599,0.005709963850677013,6.610063110201736e-07,0.007758114021271467,0.0009366569574922323,2.690132419047586e-07,0.0012157460441812873,0.002067077672109008,-9.523224830627441,0.46694767475128174,0.0007841362967155874,0.4659689962863922,0.5436853766441345,0.00022338164853863418,0.5509833097457886,0.007363262586295605,-5.821077346801758,0.5082685351371765,0.0001477631158195436,0.5197778344154358,0.011509299278259277,-3.042780876159668,0.39931952953338623,0.00923894066363573,0.368452787399292,0.03086674213409424,-1.3716635704040527,0.09375864267349243,0.00979540590196848,0.0,0.09375864267349243,-0.9452676773071289,0.8938599228858948,1.0,0.10614007711410522,0.409683495759964,1.0,0.5903165340423584,0.0,0.0,-15.70147705078125,1785282718.821494,67.00492262840271,39.9176812171936,3259.9298226280157,20.12994793811815,0.0,96.48,True,1.8231210708618164
600,0.00558886956423521,5.106656431053125e-07,0.005425179842859507,0.001035772729665041,2.179797178314402e-07,0.0008898960659280419,0.00021925858163740486,-13.000284194946289,0.458219975233078,0.00072324532084167,0.4596019685268402,0.548596978187561,0.00023741483164485544,0.5590271949768066,0.010521374642848969,-5.720421314239502,0.5120603442192078,0.00015813529898878187,0.5277476906776428,0.01568734645843506,-2.678982734680176,0.37036022543907166,0.010002944618463516,0.37536126375198364,0.005001038312911987,-1.382249116897583,0.0923842191696167,0.009659908711910248,0.0,0.0923842191696167,-0.9591807126998901,0.893149733543396,1.0,0.106850266456604,0.4342377781867981,1.0,0.5657622218132019,0.0,0.0,-18.916112899780273,1785282718.9257054,67.10913395881653,40.02189254760742,3266.1853307992214,19.488376816734693,0.0,96.48,True,1.8231210708618164
601,0.005474957637488842,4.990001229998597e-07,0.005260412115603685,0.0010484619997441769,2.2282350187197153e-07,0.0008080301922746003,0.0003222378727514297,-12.900056838989258,0.44713732600212097,0.0006881454028189182,0.45225608348846436,0.5586521029472351,0.00029449438443407416,0.5684943199157715,0.01109373290091753,-5.684498310089111,0.5200262069702148,0.00020176239195279777,0.5301266312599182,0.01010042428970337,-3.0824527740478516,0.3587321937084198,0.01038818433880806,0.3659623861312866,0.007230192422866821,-1.3620884418487549,0.08431853353977203,0.008869868703186512,0.0,0.08431853353977203,-1.0428357124328613,0.8927932977676392,1.0,0.10720670223236084,0.4522601366043091,1.0,0.5477398633956909,0.0,0.0,-18.988880157470703,1785282719.0298982,67.21332669258118,40.12608528137207,3272.5136062281176,18.763150695618265,0.0,96.48,True,1.8231210708618164
602,0.005334498360753059,4.954927703693102e-07,0.0051998114213347435,0.0010414267890155315,2.3373095814349654e-07,0.0007579821976833045,0.0003138174652121961,-12.865355491638184,0.43317878246307373,0.0006514267879538238,0.4469898045063019,0.5707113146781921,0.0003744468267541379,0.5748817920684814,0.014426961541175842,-5.605696678161621,0.5297560095787048,0.0002633028198033571,0.5333606004714966,0.003604590892791748,-3.1774909496307373,0.3493252992630005,0.010847714729607105,0.36832302808761597,0.01899772882461548,-1.3263264894485474,0.07668046653270721,0.007593555375933647,0.0,0.07668046653270721,-1.134125828742981,0.8925842642784119,1.0,0.10741573572158813,0.4645962119102478,1.0,0.5354037880897522,0.0,0.0,-18.938657760620117,1785282719.1142507,67.29767918586731,40.2104377746582,3278.791659260163,17.946634458191717,0.0,96.48,True,1.8231210708618164
603,0.00518376100808382,4.861215643359174e-07,0.005460042972117662,0.0010292069055140018,2.4291603040182963e-07,0.0009851212380453944,0.0002797771885525435,-12.963289260864258,0.41859281063079834,0.0006107731023803353,0.4405932128429413,0.5830201506614685,0.00045714693260379136,0.5813753008842468,0.022061804309487343,-5.308575630187988,0.5398117899894714,0.00032795866718515754,0.5414683222770691,0.0016565322875976562,-3.0881893634796143,0.34546104073524475,0.011208651587367058,0.3599540591239929,0.014493018388748169,-1.3172262907028198,0.07066088914871216,0.006323928013443947,0.0,0.07066088914871216,-1.218001365661621,0.8912121057510376,1.0,0.1087878942489624,0.4697275161743164,1.0,0.5302724838256836,0.0,0.0,-18.754243850708008,1785282719.2093508,67.39277935028076,40.305537939071655,3284.8852983822967,17.04624268384653,0.0,96.48,True,1.8231210708618164
604,0.005036267451941967,4.7491926125076134e-07,0.005085727199912071,0.0010091261938214302,2.507807721485733e-07,0.0009309633169323206,9.249703725799918e-05,-13.02677059173584,0.4043957591056824,0.0005684771458618343,0.43328940868377686,0.5952070951461792,0.0005341965588741004,0.586753249168396,0.030104991048574448,-4.864598274230957,0.5497832894325256,0.0003889726067427546,0.5432518124580383,0.006531476974487305,-2.95222544670105,0.3454395532608032,0.011368496343493462,0.3625660538673401,0.017126500606536865,-1.3066155910491943,0.06641441583633423,0.005422851070761681,0.0,0.06641441583633423,-1.2829349040985107,0.8860631585121155,1.0,0.11393684148788452,0.4644094705581665,1.0,0.5355905294418335,0.0,0.0,-18.394561767578125,1785282719.3137903,67.49721884727478,40.409977436065674,3290.6192554213003,16.08091737106445,0.0,96.48,True,1.8231210708618164
605,0.004903472028672695,4.5950440608066856e-07,0.005059853661805391,0.0009941761381924152,2.5522365376673406e-07,0.0008340696804225445,0.00022380637528840452,-12.97241497039795,0.39201802015304565,0.0005268772947601974,0.42814579606056213,0.6061617136001587,0.000600103463511914,0.5917261838912964,0.03890502080321312,-4.233340740203857,0.5584697723388672,0.0004386393411550671,0.5448523163795471,0.013617455959320068,-2.735602617263794,0.351540744304657,0.011374604888260365,0.3443688154220581,0.007171928882598877,-1.3169865608215332,0.0628400668501854,0.0047762212343513966,0.0,0.0628400668501854,-1.3397254943847656,0.8783497214317322,1.0,0.12165027856826782,0.45364028215408325,1.0,0.5463597178459167,0.0,0.0,-17.72688865661621,1785282719.4206398,67.60406827926636,40.51682686805725,3295.685539349342,15.058801467996117,0.0,96.48,True,1.8231210708618164
606,0.004786827135831118,4.4953662836633157e-07,0.004963567480444908,0.0009757641237229109,2.600092443572066e-07,0.0009844584856182337,0.00017695406859274954,-13.016032218933105,0.38074812293052673,0.0004882246721535921,0.4208953380584717,0.6165971755981445,0.0006632267613895237,0.6034789085388184,0.042236097157001495,-3.8532776832580566,0.5668531656265259,0.00048159025027416646,0.5553331971168518,0.011519968509674072,-2.7624871730804443,0.3630283772945404,0.011158538050949574,0.3417220413684845,0.021306335926055908,-1.3084951639175415,0.0607585608959198,0.004397593438625336,0.0,0.0607585608959198,-1.374680519104004,0.8677198886871338,1.0,0.1322801113128662,0.43903857469558716,1.0,0.5609614253044128,0.0,0.0,-17.479896545410156,1785282719.5154524,67.69888091087341,40.61163949966431,3300.5048311661776,14.001730540208545,0.0,96.48,True,1.8231210708618164
607,0.0046912916004657745,4.513120472893206e-07,0.0050210244953632355,0.0009720372036099434,2.6872143621403666e-07,0.0008833340252749622,0.00034145574318245053,-12.897378921508789,0.37043511867523193,0.0004543895192909986,0.4155079424381256,0.6278301477432251,0.0007447346579283476,0.6126278042793274,0.04756753519177437,-3.220996618270874,0.5761142373085022,0.0005315068992786109,0.5595085620880127,0.016605675220489502,-2.5915563106536865,0.38832375407218933,0.010761034674942493,0.3344348669052124,0.05388888716697693,-1.2120414972305298,0.05860479921102524,0.00416225753724575,0.0,0.05860479921102524,-1.40933096408844,0.8549428582191467,1.0,0.14505714178085327,0.42813730239868164,1.0,0.5718626976013184,0.0,0.0,-16.769954681396484,1785282719.621126,67.80455446243286,40.717313051223755,3304.6141811189996,12.910009167436536,0.0,96.48,True,1.8231210708618164
608,0.004581970162689686,4.576819492285722e-07,0.005026534199714661,0.0009841667488217354,2.79726975804806e-07,0.0010009532561525702,0.00044488083221949637,-12.788980484008789,0.3599971830844879,0.0004237488319631666,0.4091496169567108,0.6388534903526306,0.0008285475778393447,0.6182675361633301,0.05328924208879471,-2.486788034439087,0.5856392979621887,0.0005725717637687922,0.5630471110343933,0.02259218692779541,-2.3680334091186523,0.42904385924339294,0.010345925576984882,0.3337443470954895,0.09529951214790344,-0.9277262687683105,0.06036755442619324,0.004056360572576523,0.0,0.06036755442619324,-1.3855952024459839,0.8331002593040466,1.0,0.16689974069595337,0.399852991104126,1.0,0.600147008895874,0.0,0.0,-15.962427139282227,1785282719.7150643,67.89849281311035,40.811251401901245,3307.9160035297073,11.842023556306984,0.0,96.48,True,1.8231210708618164
609,0.004441468510776758,4.625359224519343e-07,0.004826010670512915,0.0010008006356656551,2.9175075155762897e-07,0.000999231357127428,0.0003845453611575067,-12.819222450256348,0.348916620016098,0.0003945083008147776,0.4025895595550537,0.6487302780151367,0.0009134761639870703,0.6268670558929443,0.057955022901296616,-1.6674392223358154,0.5946801900863647,0.0006034993566572666,0.5731205344200134,0.02155965566635132,-2.40234112739563,0.4896835684776306,0.010009914636611938,0.332272469997406,0.1574110984802246,-0.14546561241149902,0.06856145709753036,0.00403156504034996,0.0,0.06856145709753036,-1.254878282546997,0.798374593257904,1.0,0.20162540674209595,0.3518657684326172,1.0,0.6481342315673828,0.0,0.0,-15.354344367980957,1785282719.8197572,68.00318574905396,40.91594433784485,3310.6097431691137,10.904754865076418,0.0,96.48,True,1.8231210708618164
610,0.004314909689128399,4.6828048994029814e-07,0.004583584610372782,0.000985150458291173,3.0457945854323043e-07,0.0013071384746581316,0.00041935962508432567,-12.704116821289062,0.34075093269348145,0.0003760511754080653,0.39515745639801025,0.6565061807632446,0.0009796024532988667,0.640295147895813,0.05677030235528946,-1.4993350505828857,0.6020889282226562,0.0006281663081608713,0.5780362486839294,0.024052679538726807,-2.30692195892334,0.5373018980026245,0.009818514809012413,0.35921502113342285,0.17808687686920166,0.2222534418106079,0.07664521038532257,0.0038846726529300213,0.0,0.07664521038532257,-1.1003085374832153,0.7620593905448914,1.0,0.23794060945510864,0.30597078800201416,1.0,0.6940292119979858,0.0,0.0,-15.057044982910156,1785282719.9158318,68.0992603302002,41.01201891899109,3313.0061834234493,10.122055918909634,0.0043507059769942735,96.48,True,1.8231210708618164
611,0.004362210631370544,4.618063087491464e-07,0.0044469148851931095,0.0008520307019352913,2.988925587033009e-07,0.0010920255444943905,0.0002545040915720165,-12.863654136657715,0.3397024869918823,0.0003645853721536696,0.39019694924354553,0.6616741418838501,0.001054834807291627,0.6448896527290344,0.053210992366075516,-1.9174470901489258,0.6073900461196899,0.0007054549641907215,0.5753433704376221,0.03204667568206787,-1.9815038442611694,0.5343762636184692,0.010428665205836296,0.3427959084510803,0.19158035516738892,0.39705848693847656,0.05682438611984253,0.003334317123517394,0.0,0.05682438611984253,-1.448596477508545,0.7425103783607483,1.0,0.2574896216392517,0.31145143508911133,1.0,0.6885485649108887,0.0,0.0,-15.3883638381958,1785282720.0203102,68.20373868942261,41.1164972782135,3315.7339425330706,8.99106903271752,0.003220764866891379,96.48,True,1.8231210708618164
612,0.00430496409535408,4.588815727402107e-07,0.004456777125597,0.0008679907768964767,3.005572750680585e-07,0.0009759716340340674,0.00018629830447025597,-12.923664093017578,0.3361307382583618,0.0003557315212674439,0.3833719491958618,0.6677522659301758,0.0010927948169410229,0.6334938406944275,0.05835556238889694,-1.868488073348999,0.6117565631866455,0.0007208093302324414,0.5722470283508301,0.03950953483581543,-1.615816354751587,0.558060884475708,0.010137425735592842,0.38518592715263367,0.17287495732307434,0.09720838069915771,0.05463522672653198,0.003177627455443144,0.0,0.05463522672653198,-1.4871803522109985,0.7415016889572144,1.0,0.25849831104278564,0.3155742883682251,1.0,0.6844257116317749,0.0,0.0,-15.226362228393555,1785282720.1153135,68.29874205589294,41.21150064468384,3318.2997000328896,7.8214982718229535,0.0,96.48,True,1.8231210708618164
613,0.004268534481525421,4.6368492689907725e-07,0.0044380370527505875,0.0008863899856805801,3.065672729007929e-07,0.0009726373828016222,0.00019018343300558627,-12.909954071044922,0.33370208740234375,0.0003520962200127542,0.37875351309776306,0.6726576685905457,0.0011335897725075483,0.6352317333221436,0.058569032698869705,-2.0290818214416504,0.6150587797164917,0.0007398984744213521,0.5806960463523865,0.034362733364105225,-1.8876146078109741,0.5743099451065063,0.0099788261577487,0.4293045401573181,0.14500540494918823,-0.33114731311798096,0.05138639360666275,0.0030283622909337282,0.0,0.05138639360666275,-1.5449562072753906,0.742261528968811,1.0,0.25773847103118896,0.32241910696029663,1.0,0.6775808930397034,0.0,0.0,-15.47702693939209,1785282720.221406,68.40483450889587,41.31759309768677,3321.116122243707,6.594151655863994,0.0,96.48,True,1.8231210708618164
614,0.004240203648805618,4.7116574819483503e-07,0.004440114367753267,0.0008962107822299004,3.138405872959993e-07,0.0011412336025387049,0.0003162285138387233,-12.795283317565918,0.33091238141059875,0.0003479382721707225,0.37353554368019104,0.6784077286720276,0.001184963621199131,0.6527224779129028,0.049764104187488556,-2.62379789352417,0.6195195913314819,0.0007684469455853105,0.603682816028595,0.015836775302886963,-2.5034427642822266,0.5904331207275391,0.009896335192024708,0.47218477725982666,0.1182483434677124,-0.6823997497558594,0.048123978078365326,0.0028933468274772167,0.0,0.048123978078365326,-1.603518009185791,0.7398961186408997,1.0,0.26010388135910034,0.3264956772327423,1.0,0.6735043525695801,0.0,0.0,-16.146041870117188,1785282720.3173134,68.50074195861816,41.41350054740906,3324.60155938525,5.308243237994635,0.0,96.48,True,1.8231210708618164
615,0.004210196435451508,4.7007634407236765e-07,0.004389079287648201,0.0009429671335965395,3.160157859838364e-07,0.0012013843515887856,0.00031429051887243986,-12.791350364685059,0.3276412785053253,0.0003415948012843728,0.3674723207950592,0.6852778196334839,0.0012382795102894306,0.6767809391021729,0.04072725027799606,-3.148716688156128,0.6247041821479797,0.0007923287921585143,0.6052246689796448,0.01947951316833496,-2.4118752479553223,0.6166614294052124,0.009746010415256023,0.4268066883087158,0.18985474109649658,0.45269882678985596,0.045541830360889435,0.002812080318108201,0.0,0.045541830360889435,-1.649200201034546,0.7424734830856323,1.0,0.2575265169143677,0.335374653339386,1.0,0.664625346660614,0.0,0.0,-16.51626205444336,1785282720.422293,68.60572147369385,41.51848006248474,3328.4572167111187,3.97665262827652,0.0,96.48,True,1.8231210708618164
616,0.004208873026072979,4.738545840154984e-07,0.0040703886188566685,0.0009782621636986732,3.206122869414685e-07,0.001006455859169364,0.00014132520300336182,-12.898345947265625,0.32613635063171387,0.0003384195442777127,0.36278602480888367,0.6910752654075623,0.0012839952250942588,0.6832329034805298,0.03747934475541115,-3.4781577587127686,0.6292014718055725,0.0008173704845830798,0.6042120456695557,0.024989426136016846,-2.253770112991333,0.628467321395874,0.009598850272595882,0.5104270577430725,0.11804026365280151,-0.678327202796936,0.04222822189331055,0.0027402553241699934,0.0,0.04222822189331055,-1.705538034439087,0.7407094240188599,1.0,0.25929057598114014,0.34029197692871094,1.0,0.6597080230712891,0.0,0.0,-16.807756423950195,1785282720.5277815,68.71121001243591,41.62396860122681,3332.6043684064944,2.588724185153865,0.0,96.48,True,1.8231210708618164
617,0.004209808073937893,4.7474858888563176e-07,0.004075091332197189,0.0009921710006892681,3.228225295970333e-07,0.0013922321377322078,0.00042213447159156203,-12.64844036102295,0.321667343378067,0.00033089236239902675,0.3591378629207611,0.6976161003112793,0.001344927353784442,0.6840102672576904,0.039864253252744675,-3.2842724323272705,0.6343977451324463,0.0008581381989642978,0.6092543601989746,0.02514338493347168,-2.24308443069458,0.6524227261543274,0.009300519712269306,0.581086277961731,0.07133644819259644,-1.1463229656219482,0.03824800252914429,0.002663224935531616,0.0,0.03824800252914429,-1.7705202102661133,0.7279590368270874,1.0,0.2720409631729126,0.3389211595058441,1.0,0.6610788106918335,0.0,0.0,-16.39739990234375,1785282720.621501,68.80492949485779,41.71768808364868,3336.3411635802636,1.9862423527054487,0.0,96.48,True,1.8231210708618164
618,0.004207422025501728,4.801605086868221e-07,0.004168336279690266,0.0009989736136049032,3.3054706705115677e-07,0.0013922580983489752,0.0003952219558414072,-12.662398338317871,0.31436264514923096,0.00032246255432255566,0.35471442341804504,0.7055692672729492,0.0014214160619303584,0.6814825534820557,0.04699399694800377,-2.731117010116577,0.6415651440620422,0.0009147509117610753,0.6111586689949036,0.030406475067138672,-2.0741324424743652,0.6852802038192749,0.008795284666121006,0.6446035504341125,0.040676653385162354,-1.3537700176239014,0.03297978639602661,0.002608157694339752,0.0,0.03297978639602661,-1.847104549407959,0.6910510659217834,1.0,0.30894893407821655,0.32336995005607605,1.0,0.6766300201416016,0.0,0.0,-15.884358406066895,1785282720.7282906,68.91171908378601,41.824477672576904,3339.564917257756,2.515737310796976,0.0,96.48,True,1.8231210708618164
619,0.004203677177429199,4.598071541295212e-07,0.0033415290527045727,0.0010124498512595892,3.2228481927631947e-07,0.0011679044691845775,0.0008760510827414691,-12.086502075195312,0.3079843819141388,0.0003058389120269567,0.352027028799057,0.7126199007034302,0.001470386516302824,0.6819498538970947,0.05366941913962364,-1.9783952236175537,0.6478819847106934,0.0009583400678820908,0.6140810251235962,0.03380095958709717,-1.960129976272583,0.7230368256568909,0.008263730444014072,0.701594889163971,0.021441936492919922,-1.4511834383010864,0.029218614101409912,0.0025004767812788486,0.0,0.029218614101409912,-1.9059853553771973,0.6536750793457031,1.0,0.3463249206542969,0.306695818901062,1.0,0.693304181098938,0.0,0.0,-14.649283409118652,1785282720.8254042,69.00883269309998,41.92159128189087,3341.5535959383,3.1041130748577412,0.003625675077946422,96.48,True,1.8231210708618164
620,0.004163478035479784,4.1779401271924144e-07,0.0038767310325056314,0.001004649791866541,2.9895730335738335e-07,0.0014010574668645859,0.0004892472643405199,-12.656530380249023,0.29971233010292053,0.0002812336024362594,0.3490423262119293,0.7197481989860535,0.0014923405833542347,0.6825442910194397,0.06178656220436096,-0.7138621807098389,0.65498948097229,0.0009961510077118874,0.6147035956382751,0.04028588533401489,-1.7222554683685303,0.762339174747467,0.0075232284143567085,0.7332165837287903,0.029122591018676758,-1.4695743322372437,0.026563063263893127,0.0023462604731321335,0.0,0.026563063263893127,-1.958161473274231,0.6253629922866821,1.0,0.37463700771331787,0.2986306846141815,1.0,0.7013692855834961,0.0,0.0,-14.08874797821045,1785282720.9089484,69.09237694740295,42.00513553619385,3342.981739187936,3.744664956815541,0.01531645464045095,96.48,True,1.8231210708618164
621,0.003914466593414545,4.142803504691983e-07,0.0038499049842357635,0.0008435249328613281,3.216923971649521e-07,0.0013557126512750983,0.0005162407178431749,-12.57254409790039,0.28194373846054077,0.0002716017479542643,0.3473353683948517,0.7324331998825073,0.0017785675590857863,0.6839929819107056,0.08137886226177216,3.0979037284851074,0.6738311648368835,0.0013061765348538756,0.6173141598701477,0.05651700496673584,-1.1786688566207886,0.7660912275314331,0.008141845464706421,0.7460591197013855,0.020032107830047607,-1.4617873430252075,0.029505491256713867,0.002146428218111396,0.0,0.029505491256713867,-1.9502406120300293,0.5725172162055969,1.0,0.4274827837944031,0.28097543120384216,1.0,0.7190245389938354,0.0,0.0,-10.683555603027344,1785282721.0135977,69.19702625274658,42.109784841537476,3341.004690062389,4.377295977529139,0.04466248761329483,96.48,True,1.8231210708618164
622,0.0038630173075944185,4.1119085381069453e-07,0.0038377700839191675,0.0008704913780093193,3.248415509915503e-07,0.0016222906997427344,0.000752223189920187,-12.113450050354004,0.279733806848526,0.0002695679140742868,0.34575775265693665,0.7344143390655518,0.0018166843801736832,0.6930744647979736,0.077898308634758,3.1289801597595215,0.6751881837844849,0.0013388284714892507,0.6234390139579773,0.05174916982650757,-1.388922095298767,0.7792775630950928,0.00810672901570797,0.7945839762687683,0.015306413173675537,-1.4741417169570923,0.028779834508895874,0.0021240548230707645,0.0,0.028779834508895874,-1.9632997512817383,0.5758050680160522,1.0,0.42419493198394775,0.2884291708469391,1.0,0.7115708589553833,0.0,0.0,-10.304726600646973,1785282721.10715,69.2905786037445,42.2033371925354,3338.6488119344613,5.022986137494446,0.06655484054768657,96.48,True,1.8231210708618164
623,0.003829999826848507,4.1743871292965196e-07,0.003731133183464408,0.0008962622378021479,3.377551820449298e-07,0.0015207224059849977,0.0006322382250800729,-12.368183135986328,0.2778373062610626,0.00027029679040424526,0.3446365296840668,0.7360419034957886,0.0018971204990521073,0.7033177018165588,0.07438420504331589,3.1325526237487793,0.6760578751564026,0.001404165173880756,0.6258499026298523,0.05020797252655029,-1.467587947845459,0.7939806580543518,0.008141684345901012,0.8272372484207153,0.033256590366363525,-1.4185184240341187,0.02783319354057312,0.0021344374399632215,0.0,0.02783319354057312,-1.9743642807006836,0.5820786356925964,1.0,0.41792136430740356,0.30270326137542725,1.0,0.6972967386245728,0.0,0.0,-10.595934867858887,1785282721.211264,69.39469242095947,42.307451009750366,3336.5841420737456,5.679740826878698,0.07417307315126775,96.48,True,1.8231210708618164
624,0.0037801142316311598,4.012825627341954e-07,0.0037845815531909466,0.0009575251024216413,3.270035620062117e-07,0.0017618126003071666,0.0008042998961172998,-12.003946304321289,0.27635326981544495,0.0002654543786775321,0.34442877769470215,0.7380735874176025,0.001905346056446433,0.7060887217521667,0.07521506398916245,3.5867085456848145,0.6767674684524536,0.0014102058485150337,0.6282229423522949,0.04854452610015869,-1.5275299549102783,0.8072799444198608,0.00800357386469841,0.7851963043212891,0.022083640098571777,-1.464528203010559,0.026115715503692627,0.0021353831980377436,0.0,0.026115715503692627,-1.9959187507629395,0.5832215547561646,1.0,0.41677844524383545,0.3107818365097046,1.0,0.6892181634902954,0.0,0.0,-9.898344993591309,1785282721.3056986,69.48912715911865,42.401885747909546,3333.8218823387624,6.358049986325206,0.0737127306205716,96.48,True,1.8231210708618164
625,0.003748916322365403,3.8173507732608414e-07,0.004300555679947138,0.001073086867108941,3.0986288379608595e-07,0.002047118963673711,0.001119394670240581,-11.115476608276367,0.27700015902519226,0.0002627841604407877,0.3444288671016693,0.7403454184532166,0.0018728910945355892,0.7065563201904297,0.075421042740345,3.5313336849212646,0.6781885623931885,0.0013798512518405914,0.6253068447113037,0.052881717681884766,-1.360626220703125,0.8069798946380615,0.007945135235786438,0.7619811296463013,0.044998764991760254,-1.3712297677993774,0.024745136499404907,0.002167165745049715,0.0,0.024745136499404907,-2.0069565773010254,0.5762040019035339,1.0,0.42379599809646606,0.31379392743110657,1.0,0.6862061023712158,0.0,0.0,-8.970722198486328,1785282721.4314585,69.61488699913025,42.52764558792114,3330.131999808674,7.0473969723098,0.07024032697079585,96.48,True,1.8231210708618164
626,0.003697731764987111,3.55050872258289e-07,0.00300314137712121,0.001196529483422637,2.888434664782835e-07,0.0015595357399433851,0.0007837278535589576,-12.208791732788086,0.27762773633003235,0.00025921742781065404,0.3442936837673187,0.7433682680130005,0.0018267236882820725,0.7058495283126831,0.07649839669466019,3.5142624378204346,0.6794543266296387,0.001338773057796061,0.6253068447113037,0.05414748191833496,-1.2940486669540405,0.7984476089477539,0.007864725776016712,0.6872482895851135,0.11119931936264038,-0.7176218628883362,0.023936018347740173,0.002221355214715004,0.0,0.023936018347740173,-2.006920337677002,0.5655480623245239,1.0,0.4344519376754761,0.31292039155960083,1.0,0.6870796084403992,0.0,0.0,-10.044405937194824,1785282721.5287073,69.71213579177856,42.62489438056946,3327.5158010172945,7.73670771867037,0.06764142939020346,96.48,True,1.8231210708618164
627,0.003641407936811447,3.415092351133353e-07,0.0036371347960084677,0.0013144302647560835,2.8251059802641976e-07,0.0017562545835971832,0.000441844982560724,-12.801326751708984,0.27900034189224243,0.0002609735238365829,0.3435768187046051,0.7486023902893066,0.0018111468525603414,0.7024677395820618,0.07936326414346695,3.1325671672821045,0.6831839084625244,0.0013214736245572567,0.6283462643623352,0.05483764410018921,-1.2577571868896484,0.7768445611000061,0.0078860092908144,0.6892942190170288,0.0875503420829773,-1.0164028406143188,0.022964075207710266,0.002276206389069557,0.0,0.022964075207710266,-2.0078444480895996,0.5466744303703308,1.0,0.4533255696296692,0.3091147541999817,1.0,0.6908852458000183,0.0,0.0,-10.924151420593262,1785282721.623729,69.80715751647949,42.719916105270386,3325.7793477093132,8.426942575443539,0.0688481691692302,96.48,True,1.8231210708618164
628,0.0035735336132347584,3.28935499283034e-07,0.003593576606363058,0.0014201547019183636,2.77516193136762e-07,0.002007662085816264,0.0005878491792827845,-12.552024841308594,0.2795473039150238,0.0002617528080008924,0.3427778482437134,0.7551825046539307,0.0018084292532876134,0.7042865753173828,0.08116956055164337,2.9095449447631836,0.6875292062759399,0.0013083717785775661,0.6350327134132385,0.052496492862701416,-1.3473752737045288,0.7568163275718689,0.007741933222860098,0.604838490486145,0.15197783708572388,-0.019914746284484863,0.02082964777946472,0.0023086448200047016,0.0,0.02082964777946472,-2.02264142036438,0.5253491401672363,1.0,0.47465085983276367,0.3059682250022888,1.0,0.6940317749977112,0.0,0.0,-10.898077011108398,1785282721.7288864,69.91231489181519,42.82507348060608,3324.016819991847,9.131974404491487,0.07320143814594982,96.48,True,1.8231210708618164
629,0.0034878847654908895,3.415983940158185e-07,0.002424940001219511,0.001484509790316224,2.9593641670544457e-07,0.0012573268031701446,0.0010869515826925635,-11.382525444030762,0.2802673280239105,0.00027291037258692086,0.3411417007446289,0.7696368098258972,0.0018599258037284017,0.7113907337188721,0.08425138145685196,2.2923166751861572,0.6989133358001709,0.0013130035949870944,0.6356655359268188,0.06324779987335205,-0.8754470348358154,0.7137272357940674,0.007554764859378338,0.6248435974121094,0.08888363838195801,-1.000981092453003,0.01449757069349289,0.002343778731301427,0.0,0.01449757069349289,-2.0642192363739014,0.48905351758003235,1.0,0.51094651222229,0.31216415762901306,1.0,0.6878358125686646,0.0,0.0,-9.986394882202148,1785282721.8248959,70.00832438468933,42.921082973480225,3321.3426101454747,9.878584049548957,0.0713587446936228,96.48,True,1.8231210708618164
630,0.0034381544683128595,3.268192187988461e-07,0.004703611601144075,0.0015702820383012295,2.9139440016479057e-07,0.0029006910044699907,0.0018361289985477924,-7.666295528411865,0.27934351563453674,0.00026725808857008815,0.3390401303768158,0.7719556093215942,0.0019480583723634481,0.7130247354507446,0.08388404548168182,2.1622538566589355,0.700891375541687,0.0013460179325193167,0.628533661365509,0.07235771417617798,-0.4415017366409302,0.7227367162704468,0.007553796283900738,0.7401439547538757,0.017407238483428955,-1.5038570165634155,0.014565378427505493,0.0023380168713629246,0.0,0.014565378427505493,-2.064918041229248,0.5004469752311707,1.0,0.49955302476882935,0.31778770685195923,1.0,0.6822122931480408,0.0,0.0,-6.157243251800537,1785282721.908922,70.09235048294067,43.00510907173157,3314.8392486687007,10.625892499461774,0.063892531820672,96.48,True,1.8231210708618164
631,0.00337812677025795,3.055858144307422e-07,0.0034328484907746315,0.0016639877576380968,2.7816039960271155e-07,0.0020727908704429865,0.00041244932799600065,-12.90487289428711,0.2772577702999115,0.0002607036440167576,0.33710113167762756,0.7729605436325073,0.0020184246823191643,0.7055679559707642,0.0901276245713234,2.6025588512420654,0.699694812297821,0.001355690066702664,0.6241177916526794,0.0755770206451416,-0.2761497497558594,0.746503472328186,0.007590861059725285,0.5249801874160767,0.22152328491210938,1.7108787298202515,0.013812772929668427,0.0023304293863475323,0.0,0.013812772929668427,-2.0709776878356934,0.5238150358200073,1.0,0.4761849641799927,0.33503687381744385,1.0,0.6649631261825562,0.0,0.0,-10.96090030670166,1785282722.017623,70.20105147361755,43.11381006240845,3313.139544246828,11.379260595981036,0.03917715198223659,96.48,True,1.8231210708618164
632,0.003343449905514717,2.5097440925492265e-07,0.003277610521763563,0.0017950085457414389,2.2944902866584016e-07,0.0022475928999483585,0.0004573482437990606,-12.949878692626953,0.2772837281227112,0.00025213812477886677,0.33539557456970215,0.7625366449356079,0.0018020443385466933,0.7085545659065247,0.079316146671772,2.0409374237060547,0.6928625106811523,0.0012039694702252746,0.6338487863540649,0.0590137243270874,-0.9958199262619019,0.7067787647247314,0.007601152174174786,0.3567669987678528,0.35001176595687866,6.537741661071777,0.014884784817695618,0.0021808259189128876,0.0,0.014884784817695618,-2.0942907333374023,0.5649464726448059,1.0,0.4350535273551941,0.3571338951587677,1.0,0.6428661346435547,0.0,0.0,-11.815038681030273,1785282722.1128585,70.29628705978394,43.20904564857483,3312.2939781992836,12.155941738002007,0.0,96.48,True,1.8231210708618164
633,0.0032960143871605396,2.2541271960108133e-07,0.0032782184425741434,0.0018279744544997811,2.1089590518386103e-07,0.0021191390696913004,0.000291707954602316,-13.29904556274414,0.27654188871383667,0.0002477829984854907,0.3310617506504059,0.7603157758712769,0.0017217780696228147,0.7141774892807007,0.07142238318920135,1.1204018592834473,0.6910655498504639,0.0011745743686333299,0.6380895972251892,0.05297595262527466,-1.2598189115524292,0.6769596934318542,0.0075827487744390965,0.3397792875766754,0.33718040585517883,5.9746623039245605,0.016597822308540344,0.002074829302728176,0.0,0.016597822308540344,-2.103611469268799,0.567457914352417,1.0,0.432542085647583,0.34712138772010803,1.0,0.6528786420822144,0.0,0.0,-13.032633781433105,1785282722.2178128,70.40124130249023,43.31399989128113,3312.666007252142,12.941943615954374,0.0,96.48,True,1.8231210708618164
634,0.003223324427381158,2.057868044857969e-07,0.0032909377478063107,0.0018333586631342769,1.9704336295944813e-07,0.002304354216903448,0.00047582387924194336,-13.006235122680664,0.27388137578964233,0.00024392141494899988,0.32714608311653137,0.7563232183456421,0.0016735100653022528,0.7113009691238403,0.0697433277964592,0.9034051895141602,0.6881824135780334,0.0011714863358065486,0.6340426206588745,0.054139792919158936,-1.2047775983810425,0.653847336769104,0.007536340970546007,0.44109848141670227,0.21274885535240173,1.477850317955017,0.017939716577529907,0.0019674114882946014,0.0,0.017939716577529907,-2.114788770675659,0.5693970322608948,1.0,0.4306029677391052,0.338468998670578,1.0,0.6615309715270996,0.0,0.0,-12.885899543762207,1785282722.3120344,70.4954628944397,43.40822148323059,3312.89130206733,13.739122795313602,0.0,96.48,True,1.8231210708618164
635,0.00314232986420393,1.9245716487148457e-07,0.003315362147986889,0.0018323687836527824,1.880828932598888e-07,0.0023625472094863653,0.0005577000556513667,-12.811978340148926,0.269941508769989,0.00023798375332262367,0.3222639262676239,0.75315260887146,0.001677965046837926,0.7017908096313477,0.0733189582824707,1.0089447498321533,0.6862818002700806,0.0011913453927263618,0.6327893733978271,0.05349242687225342,-1.2464698553085327,0.6487025022506714,0.00745748495683074,0.3040839433670044,0.344618558883667,6.432270526885986,0.019347600638866425,0.0018816508818417788,0.0,0.019347600638866425,-2.1193959712982178,0.574535071849823,1.0,0.425464928150177,0.3367334008216858,1.0,0.6632665991783142,0.0,0.0,-12.628057479858398,1785282722.4168127,70.60024118423462,43.51299977302551,3312.8587548186138,14.540909175295388,0.0,96.48,True,1.8231210708618164
636,0.0030708624981343746,1.8534940693371027e-07,0.002008997369557619,0.0018405010923743248,1.853522491046533e-07,0.0015179733745753765,0.0011097665410488844,-10.340818405151367,0.26729947328567505,0.00024112123355735093,0.31704187393188477,0.7486028671264648,0.0016701773274689913,0.6987771987915039,0.07040528208017349,0.3494071960449219,0.6835513710975647,0.001219823956489563,0.6419535279273987,0.041597843170166016,-1.726311206817627,0.6278876066207886,0.007694274187088013,0.279926061630249,0.34796154499053955,6.353308200836182,0.020379677414894104,0.001791160786524415,0.0,0.020379677414894104,-2.127568244934082,0.5843372941017151,1.0,0.4156627058982849,0.33492332696914673,1.0,0.6650766730308533,0.0,0.0,-10.924448013305664,1785282722.5109835,70.69441199302673,43.60717058181763,3311.122598103345,15.350867828913039,0.0,96.48,True,1.8231210708618164
637,0.002992101013660431,1.8050205596864544e-07,0.0030494737438857555,0.0018231184221804142,1.8441741644892318e-07,0.0023633530363440514,0.0005432725301943719,-12.87851333618164,0.263035386800766,0.00024218186445068568,0.3110613524913788,0.7453328371047974,0.0016750145005062222,0.709647536277771,0.05983255058526993,-0.37896835803985596,0.68213951587677,0.0012522726319730282,0.6425638794898987,0.03957563638687134,-1.7971036434173584,0.6151033639907837,0.007779736537486315,0.323233425617218,0.2918699383735657,3.9658188819885254,0.020962387323379517,0.0017086316365748644,0.0,0.020962387323379517,-2.1385040283203125,0.5921355485916138,0.0,0.5921355485916138,0.3350074291229248,0.0,0.3350074291229248,0.0,0.0,-14.080240249633789,1785282722.61841,70.80183863639832,43.71459722518921,3312.542233624404,16.171762265916918,0.0,96.48,True,1.8231210708618164
638,0.0029492583125829697,1.8331593309994787e-07,0.0029083951376378536,0.0019041274208575487,1.8948099977933452e-07,0.0024262939114123583,0.0005237629520706832,-12.933597564697266,0.2754266560077667,0.00027475584647618234,0.3043430745601654,0.7403599619865417,0.0015605371445417404,0.7031422853469849,0.047130826860666275,-3.5278515815734863,0.6806726455688477,0.0011707227677106857,0.6363427639007568,0.04432988166809082,-1.6168444156646729,0.5331451296806335,0.009403841570019722,0.3588026165962219,0.17434251308441162,0.20173156261444092,0.018768131732940674,0.0019109764834865928,0.0,0.018768131732940674,-2.118968963623047,0.6098735332489014,0.0,0.6098735332489014,0.3410318195819855,0.0,0.3410318195819855,0.0,0.0,-16.564300537109375,1785282722.723582,70.90701055526733,43.81976914405823,3316.445929432939,16.97312163822353,0.0,96.48,True,1.8231210708618164
639,0.002825992414727807,1.878893840512319e-07,0.003283559111878276,0.001986730145290494,1.987813078585532e-07,0.0028112176805734634,0.0009429458878003061,-11.35433578491211,0.2801562547683716,0.0003039967850781977,0.2998832166194916,0.7292725443840027,0.0015898498240858316,0.6968545913696289,0.03794834390282631,-4.462855815887451,0.6740283966064453,0.001228212844580412,0.636250913143158,0.037777483463287354,-1.8511773347854614,0.4656173586845398,0.011668890714645386,0.39490631222724915,0.07071104645729065,-1.092228889465332,0.021396413445472717,0.0020165727473795414,0.0,0.021396413445472717,-2.070728302001953,0.6862037181854248,0.0,0.6862037181854248,0.3871852159500122,0.0,0.3871852159500122,0.0,0.0,-15.85020923614502,1785282722.819941,71.00336956977844,43.916128158569336,3319.6355339405095,17.72624034890905,0.0,96.48,True,1.8231210708618164
640,0.0026914249174296856,1.9738777723432577e-07,0.0026613068766891956,0.0020416586194187403,2.1297653063356847e-07,0.002705200342461467,0.0006642249063588679,-12.526262283325195,0.2796826958656311,0.00032882599043659866,0.2947709262371063,0.7192076444625854,0.0016380465822294354,0.6952603459358215,0.028304200619459152,-4.858028888702393,0.668537974357605,0.0012888190103694797,0.6378681659698486,0.030669808387756348,-2.043153762817383,0.4226323664188385,0.013471230864524841,0.3504757285118103,0.0721566379070282,-1.0414128303527832,0.02326132357120514,0.0020967586897313595,0.0,0.02326132357120514,-2.035712957382202,0.7329282164573669,0.0,0.7329282164573669,0.4230196475982666,0.0,0.4230196475982666,0.0,0.0,-17.434261322021484,1785282722.9245663,71.10799479484558,44.020753383636475,3324.4091905339565,18.44434371497482,0.0,96.48,True,1.8231210708618164
641,0.0025496557354927063,2.070585196634056e-07,0.002334661316126585,0.002072789240628481,2.2817506817318645e-07,0.0028018257580697536,0.0007600769167765975,-12.227550506591797,0.27648305892944336,0.0003510386450216174,0.2891429662704468,0.7103978395462036,0.0016777666751295328,0.6967352628707886,0.01862630620598793,-5.050662517547607,0.6638497114181519,0.0013420240720734,0.6409981846809387,0.022851526737213135,-2.19329571723938,0.394447386264801,0.014778310433030128,0.31227561831474304,0.08217176795005798,-0.9599092602729797,0.024765118956565857,0.0021393431816250086,0.0,0.024765118956565857,-2.0113487243652344,0.7626228928565979,0.0,0.7626228928565979,0.44956067204475403,0.0,0.44956067204475403,0.0,0.0,-17.364728927612305,1785282723.0197299,71.20315837860107,44.11591696739197,3329.1133147329942,19.138082848023622,0.0,96.48,True,1.8231210708618164
642,0.002401728183031082,2.1340419209536776e-07,0.002356582088395953,0.0020705200731754303,2.4028523171182314e-07,0.0024278282653540373,0.0003601489879656583,-13.19244384765625,0.2705690562725067,0.00036509011988528073,0.285237193107605,0.7034487724304199,0.0017069685272872448,0.6899155974388123,0.01995748095214367,-4.9580183029174805,0.6602747440338135,0.0013905958039686084,0.6220186948776245,0.038256049156188965,-1.8438503742218018,0.38134753704071045,0.015348234213888645,0.38713735342025757,0.005789816379547119,-1.168346881866455,0.026286408305168152,0.0021442719735205173,0.0,0.026286408305168152,-1.9924180507659912,0.7895177006721497,0.0,0.7895177006721497,0.4795991778373718,0.0,0.4795991778373718,0.0,0.0,-18.08078384399414,1785282723.12561,71.3090386390686,44.2217972278595,3334.533493848414,19.81289130747318,0.0,96.48,True,1.8231210708618164
643,0.002330124145373702,2.1388720483628276e-07,0.0016014104476198554,0.0019782474264502525,2.4004489773687965e-07,0.0015163460047915578,0.0008627725765109062,-11.776485443115234,0.2606738209724426,0.0003542799095157534,0.28057149052619934,0.7014565467834473,0.001692865276709199,0.6679383516311646,0.03897931054234505,-4.43491268157959,0.6599463224411011,0.0014248696388676763,0.6068184971809387,0.053127825260162354,-1.3674346208572388,0.3923572301864624,0.01401859987527132,0.4115777909755707,0.019220560789108276,-1.2015701532363892,0.02783019095659256,0.0020404632668942213,0.0,0.02783019095659256,-1.9885607957839966,0.8011103272438049,0.0,0.8011103272438049,0.49602416157722473,0.0,0.49602416157722473,0.0,0.0,-16.008132934570312,1785282723.221631,71.40505957603455,44.31781816482544,3337.8810220544096,20.483842511940743,0.0,96.48,True,1.8231210708618164
644,0.0021827854216098785,2.1819720075200166e-07,0.002896312391385436,0.0019645728170871735,2.491946986538096e-07,0.003538880031555891,0.0017284570494666696,-7.294013977050781,0.25283780694007874,0.0003618287737481296,0.2750627100467682,0.6947347521781921,0.0017093855421990156,0.6553702354431152,0.045205216854810715,-4.174282073974609,0.6556115746498108,0.0014652180252596736,0.608757734298706,0.046853840351104736,-1.5948052406311035,0.39764493703842163,0.013878495432436466,0.46381956338882446,0.06617462635040283,-1.0620038509368896,0.03002367913722992,0.0020076935179531574,0.0,0.03002367913722992,-1.9619539976119995,0.8236818909645081,0.0,0.8236818909645081,0.526019275188446,0.0,0.526019275188446,0.0,0.0,-11.430842399597168,1785282723.3266695,71.51009798049927,44.42285656929016,3336.6512597254323,21.12818691823631,0.0,96.48,True,1.8231210708618164
645,0.0021018728148192167,2.2391191123460885e-07,0.001992839854210615,0.0019668748136609793,2.5833111294559785e-07,0.0025624241679906845,0.0006054479163140059,-12.689613342285156,0.24820102751255035,0.0003671805316116661,0.27125242352485657,0.6905590891838074,0.0017188865458592772,0.6554778218269348,0.0419769249856472,-4.218421936035156,0.6528250575065613,0.0014784402446821332,0.6097606420516968,0.0430644154548645,-1.7122490406036377,0.403218150138855,0.013732242397964,0.39775362610816956,0.005464524030685425,-1.2239785194396973,0.031010255217552185,0.0020024145487695932,0.0,0.031010255217552185,-1.9476431608200073,0.8365999460220337,0.0,0.8365999460220337,0.546654999256134,0.0,0.546654999256134,0.0,0.0,-16.920475006103516,1785282723.414364,71.59779262542725,44.51055121421814,3340.9111300029613,21.758220487739884,0.0,96.48,True,1.8231210708618164
646,0.0020294208079576492,2.2813783573383262e-07,0.0019577445928007364,0.001958251465111971,2.6657122020878887e-07,0.0026260369922965765,0.0006716211792081594,-12.529901504516602,0.24382148683071136,0.00037103152135387063,0.26699674129486084,0.6878318786621094,0.0017165901372209191,0.649927020072937,0.0444282628595829,-4.153161525726318,0.6506170034408569,0.0014844550751149654,0.6034821271896362,0.0471348762512207,-1.589094638824463,0.41340741515159607,0.013372750021517277,0.40229958295822144,0.011107832193374634,-1.2337162494659424,0.031596630811691284,0.001991140889003873,0.0,0.031596630811691284,-1.9398878812789917,0.8534039855003357,0.0,0.8534039855003357,0.5768277645111084,0.0,0.5768277645111084,0.0,0.0,-16.6469783782959,1785282723.50909,71.69251847267151,44.6052770614624,3344.8975036526826,22.380498777702442,0.0,96.48,True,1.8231210708618164
647,0.0019817270804196596,2.3151045525082736e-07,0.0018872327636927366,0.0019561434164643288,2.733516453190532e-07,0.0026370238047093153,0.0006874061655253172,-12.490423202514648,0.24078230559825897,0.0003739678650163114,0.2629283368587494,0.685096800327301,0.001724669593386352,0.6352870464324951,0.05451108515262604,-3.9141480922698975,0.64818274974823,0.001495780423283577,0.5915387272834778,0.0566440224647522,-1.2610831260681152,0.42392274737358093,0.013179289177060127,0.4705539643764496,0.04663121700286865,-1.163120150566101,0.03222305327653885,0.001993276411667466,0.0,0.03222305327653885,-1.929592251777649,0.8664504289627075,0.0,0.8664504289627075,0.6000136137008667,0.0,0.6000136137008667,0.0,0.0,-16.252283096313477,1785282723.6138263,71.79725480079651,44.7100133895874,3348.4891820204216,22.992481438163658,0.0,96.48,True,1.8231210708618164
648,0.0019436401780694723,2.2931094179057254e-07,0.0017827579285949469,0.0019525981042534113,2.726163188526698e-07,0.002592958277091384,0.0006602607318200171,-12.55529499053955,0.23782095313072205,0.0003675025945995003,0.2589189112186432,0.6832744479179382,0.0017377641052007675,0.6204915046691895,0.0662330836057663,-3.5543551445007324,0.645691990852356,0.0014992289943620563,0.5790844559669495,0.0666075348854065,-0.8528486490249634,0.44832128286361694,0.01265598926693201,0.5287747979164124,0.08045351505279541,-1.0101542472839355,0.033079132437705994,0.0019741044379770756,0.0,0.033079132437705994,-1.917736291885376,0.8767657279968262,0.0,0.8767657279968262,0.6189061403274536,0.0,0.6189061403274536,0.0,0.0,-15.825202941894531,1785282723.707969,71.89139747619629,44.80415606498718,3351.6537802337416,23.5926081387326,0.0,96.48,True,1.8231210708618164
649,0.001903038821183145,2.1932284255399281e-07,0.001702787703834474,0.001957607688382268,2.6325366775381553e-07,0.002570175565779209,0.0006444687023758888,-12.599442481994629,0.23544339835643768,0.00035403374931775033,0.2543063461780548,0.6822701096534729,0.0017459047958254814,0.6069372892379761,0.077658511698246,-3.1826725006103516,0.6419557332992554,0.0014885213458910584,0.5730417966842651,0.06891393661499023,-0.7407965660095215,0.48740556836128235,0.01186275389045477,0.3806089162826538,0.10679665207862854,-0.8175090551376343,0.03426041454076767,0.0019261058187112212,0.0,0.03426041454076767,-1.9024872779846191,0.8837643265724182,0.0,0.8837643265724182,0.6306518316268921,0.0,0.6306518316268921,0.0,0.0,-15.515978813171387,1785282723.8128746,71.99630308151245,44.909061670303345,3354.5091543183385,24.177485825400787,0.0,96.48,True,1.8231210708618164
650,0.001817336305975914,2.168167156924028e-07,0.0016331733204424381,0.0019688622560352087,2.6739346026261046e-07,0.0025531910359859467,0.0006126631051301956,-12.68482780456543,0.23442596197128296,0.0003677214845083654,0.2510189712047577,0.6795488595962524,0.0016895793378353119,0.6013879776000977,0.0799027606844902,-3.1255998611450195,0.6367779970169067,0.001457528560422361,0.5723353028297424,0.0644426941871643,-0.9219439029693604,0.4880937337875366,0.01181575283408165,0.1817302703857422,0.30636346340179443,2.6715335845947266,0.035613492131233215,0.0019168609287589788,0.0,0.035613492131233215,-1.8787620067596436,0.8947832584381104,0.0,0.8947832584381104,0.6506450772285461,0.0,0.6506450772285461,0.0,0.0,-15.646279335021973,1785282723.8995314,72.0829598903656,44.995718479156494,3357.494828924786,24.738638240843997,0.0,96.48,True,1.8231210708618164
651,0.0016981444787234068,2.305372674982209e-07,0.0016197077929973602,0.0019836053252220154,2.962897838187928e-07,0.002615806646645069,0.0006370485061779618,-12.631697654724121,0.23293593525886536,0.00041484739631414413,0.24640636146068573,0.673366129398346,0.0016052450519055128,0.5949145555496216,0.07959963381290436,-3.137421131134033,0.6306756734848022,0.001426398754119873,0.5639073848724365,0.06676828861236572,-0.794684648513794,0.46074506640434265,0.012767277657985687,0.28472551703453064,0.176019549369812,-0.0481257438659668,0.03665541112422943,0.0019334021490067244,0.0,0.03665541112422943,-1.857823133468628,0.9088689684867859,0.0,0.9088689684867859,0.6833374500274658,0.0,0.6833374500274658,0.0,0.0,-15.53897762298584,1785282724.0144048,72.19783329963684,45.110591888427734,3360.373201819197,25.278851782996192,0.0,96.48,True,1.8231210708618164
652,0.0016347769415006042,2.3247181957231078e-07,0.0015023392625153065,0.002001610118895769,3.0402935635720496e-07,0.0025150924921035767,0.0005302865756675601,-12.831101417541504,0.23274803161621094,0.0004241364367771894,0.241588294506073,0.6680518984794617,0.001573811867274344,0.584584653377533,0.08393408358097076,-2.9665029048919678,0.6244919300079346,0.001387126510962844,0.5580432415008545,0.06644868850708008,-0.7797484397888184,0.4701796770095825,0.012745434418320656,0.3846914768218994,0.0854882001876831,-0.9756525754928589,0.036438390612602234,0.0019015511497855186,0.0,0.036438390612602234,-1.864479422569275,0.918104887008667,0.0,0.918104887008667,0.7061384320259094,0.0,0.7061384320259094,0.0,0.0,-15.594178199768066,1785282724.1207023,72.3041307926178,45.21688938140869,3363.3067752903908,25.825721614249034,0.016459926004917858,96.48,True,1.8231210708618164
653,0.0015472156228497624,2.2885276962369971e-07,0.0009692452731542289,0.002033882075920701,3.0325392685881525e-07,0.0016673339996486902,0.000684402824845165,-12.36020278930664,0.23285835981369019,0.00041993631748482585,0.2383686751127243,0.6640334129333496,0.0015534925041720271,0.5799531936645508,0.08426059037446976,-2.971947431564331,0.6191419363021851,0.0013269532937556505,0.5571834444999695,0.061958491802215576,-0.9470045566558838,0.5023587346076965,0.012431081384420395,0.4515622556209564,0.05079647898674011,-1.171055793762207,0.034790195524692535,0.00181210832670331,0.0,0.034790195524692535,-1.903729796409607,0.9246494770050049,1.0,0.07535052299499512,0.7264602780342102,1.0,0.2735397219657898,0.0,0.0,-15.211262702941895,1785282724.2144856,72.39791417121887,45.310672760009766,3365.857433264758,26.411841819342207,0.0,96.48,True,1.8231210708618164
654,0.0014163507148623466,2.1813744410792424e-07,0.0020642864983528852,0.0020619798451662064,2.914027277256537e-07,0.003587595419958234,0.0016575052868574858,-8.399568557739258,0.23244595527648926,0.00042991043301299214,0.2358596920967102,0.6492447257041931,0.0014143759617581964,0.5785338878631592,0.07079319655895233,-3.5374975204467773,0.6028570532798767,0.0011696756118908525,0.5531949400901794,0.049662113189697266,-1.4022983312606812,0.5345659255981445,0.01310846209526062,0.5181974172592163,0.016368508338928223,-1.2380905151367188,0.033822037279605865,0.001495262491516769,0.0,0.033822037279605865,-1.9512702226638794,0.9514915347099304,1.0,0.04850846529006958,0.8115416169166565,1.0,0.1884583830833435,0.0,0.0,-11.930715560913086,1785282724.3098285,72.49325704574585,45.40601563453674,3365.1275440970967,27.045502450689654,0.0,96.48,True,1.8231210708618164
655,0.0013096898328512907,2.0625712693345122e-07,0.0009317809017375112,0.0020908601582050323,2.7699496740751783e-07,0.001686787698417902,0.0005532537470571697,-12.767895698547363,0.2325734943151474,0.00042416396900080144,0.23035196959972382,0.6399325728416443,0.001346339238807559,0.572048008441925,0.06792090088129044,-3.6327595710754395,0.5928627848625183,0.0010634129866957664,0.5500214695930481,0.042841315269470215,-1.6412317752838135,0.5724000930786133,0.01343666110187769,0.3978685140609741,0.17453157901763916,-0.10243213176727295,0.028742551803588867,0.0013217192608863115,0.0,0.028742551803588867,-2.0829498767852783,0.964218020439148,1.0,0.03578197956085205,0.8613484501838684,1.0,0.1386515498161316,0.0,0.0,-16.494720458984375,1785282724.42453,72.60795855522156,45.52071714401245,3368.9616598275065,27.8108427361585,0.0,96.48,True,1.8231210708618164
656,0.0011810238938778639,2.1151531370833254e-07,0.0015495455591008067,0.002145954640582204,2.9680023772016284e-07,0.0029031794983893633,0.0008421387756243348,-12.074722290039062,0.23622514307498932,0.0004733182431664318,0.2279340773820877,0.628440260887146,0.0011638622963801026,0.5705658197402954,0.05846531316637993,-3.8564453125,0.5798646211624146,0.0008701145998202264,0.5500214695930481,0.029843151569366455,-2.092724561691284,0.5607042908668518,0.015291239134967327,0.532295823097229,0.028408467769622803,-1.1449100971221924,0.02508213371038437,0.001212817383930087,0.0,0.02508213371038437,-2.179105758666992,0.9716103672981262,1.0,0.02838963270187378,0.8964921832084656,1.0,0.10350781679153442,0.0,0.0,-16.206241607666016,1785282724.5189369,72.70236539840698,45.615123987197876,3372.507296706598,28.672338903509058,0.0,96.48,True,1.8231210708618164
657,0.001066525117494166,2.003828143415376e-07,0.0014474348863586783,0.0022511249408125877,2.863180839085544e-07,0.002813872415572405,0.0006795417284592986,-12.491655349731445,0.24091947078704834,0.00046501599717885256,0.2237452268600464,0.6163855791091919,0.0011136512039229274,0.5705312490463257,0.048965029418468475,-4.13773250579834,0.568387508392334,0.0007611376349814236,0.5515550971031189,0.016832411289215088,-2.4852869510650635,0.6063860654830933,0.015779124572873116,0.6005875468254089,0.005798518657684326,-1.1545298099517822,0.02029944211244583,0.0011079018004238605,0.0,0.02029944211244583,-2.2977375984191895,0.9744570851325989,1.0,0.025542914867401123,0.915621280670166,1.0,0.08437871932983398,0.0,0.0,-17.044485092163086,1785282724.6141193,72.79754781723022,45.71030640602112,3376.8911770701866,29.652466910611814,0.0,96.48,True,1.8231210708618164
658,0.0009142692433670163,1.8414202429539728e-07,0.0012311562895774841,0.002382786013185978,2.6836144684239116e-07,0.0024739415384829044,0.0003297373768873513,-13.193222999572754,0.24529795348644257,0.0004400474426802248,0.21976351737976074,0.6075143814086914,0.0011175333056598902,0.5688029527664185,0.0463743694126606,-4.013432025909424,0.5612913370132446,0.0006982828490436077,0.5494565963745117,0.01183474063873291,-2.614215135574341,0.6622703075408936,0.01598336175084114,0.647170901298523,0.015099406242370605,-1.1420328617095947,0.015269942581653595,0.001038808492012322,0.0,0.015269942581653595,-2.403671979904175,0.9746052026748657,1.0,0.025394797325134277,0.9241027235984802,1.0,0.07589727640151978,0.0,0.0,-17.711076736450195,1785282724.7180681,72.90149664878845,45.814255237579346,3381.9416490780623,30.738529299199556,0.0,96.48,True,1.8231210708618164
659,0.0007671124767512083,1.709045989173319e-07,0.0011408379068598151,0.0025287873577326536,2.565144541222253e-07,0.002364217536523938,0.00040835514664649963,-13.079830169677734,0.25102052092552185,0.0004197474045213312,0.2161906510591507,0.6016249656677246,0.0011397900525480509,0.566659152507782,0.04935309663414955,-3.4571175575256348,0.5569327473640442,0.0006606167880818248,0.5474647283554077,0.009468019008636475,-2.674381732940674,0.7122108936309814,0.0161703210324049,0.6918129920959473,0.02039790153503418,-1.1304850578308105,0.011740274727344513,0.0010269266786053777,0.0,0.011740274727344513,-2.4545435905456543,0.9736762046813965,1.0,0.026323795318603516,0.9280513525009155,1.0,0.07194864749908447,0.0,0.0,-17.182714462280273,1785282724.8225496,73.00597810745239,45.918736696243286,3386.463758811768,31.875463298428777,0.0,96.48,True,1.8231210708618164
660,0.0006278004730120301,1.6201151709083206e-07,0.0009596400195732713,0.0026965595316141844,2.5341697096337157e-07,0.0020497858058661222,0.0007269345223903656,-12.40884017944336,0.25960972905158997,0.0004107863060198724,0.21443699300289154,0.5970017910003662,0.0011591871734708548,0.5650689005851746,0.05531984940171242,-2.517277479171753,0.5540186166763306,0.0006263576215133071,0.5449351668357849,0.009083449840545654,-2.7029919624328613,0.7530922293663025,0.016588518396019936,0.7505756616592407,0.0025165677070617676,-1.1303927898406982,0.009036809206008911,0.0010622682748362422,0.0,0.009036809206008911,-2.4662973880767822,0.9724780321121216,1.0,0.027521967887878418,0.931039571762085,1.0,0.06896042823791504,0.0,0.0,-15.774158477783203,1785282724.922097,73.10552549362183,46.01828408241272,3389.5773125609767,33.024151095189126,0.0,96.48,True,1.8231210708618164
661,0.00048033054918050766,1.5570967093481158e-07,0.0010559654328972101,0.0028868759982287884,2.5577668338883086e-07,0.0023230775259435177,0.0008057445520535111,-11.90384292602539,0.27134913206100464,0.00041380352922715247,0.21215395629405975,0.5912355184555054,0.0011501496192067862,0.5622698664665222,0.06590203195810318,-0.8423986434936523,0.5507009029388428,0.0005776588805019855,0.5440123677253723,0.006688535213470459,-2.7706029415130615,0.7850470542907715,0.017208054661750793,0.8305209875106812,0.04547393321990967,-1.0521658658981323,0.006798595190048218,0.0011208637151867151,0.0,0.006798595190048218,-2.457271099090576,0.971930742263794,1.0,0.028069257736206055,0.9348453879356384,1.0,0.06515461206436157,0.0,0.0,-13.96306324005127,1785282725.026695,73.21012353897095,46.12288212776184,3390.8797710724534,34.16381260296327,0.0,96.48,True,1.8231210708618164
662,0.0003761271946132183,1.4906021306160255e-07,0.0010760866571217775,0.00310279568657279,2.5686804860924894e-07,0.002442494034767151,0.0009622585494071245,-11.116809844970703,0.2868635952472687,0.00042272929567843676,0.21135802567005157,0.5840561389923096,0.0010960265062749386,0.5624431371688843,0.0785379707813263,1.5017473697662354,0.54546058177948,0.0005054866196587682,0.5455782413482666,0.0001176595687866211,-2.876042604446411,0.8179863691329956,0.017492035403847694,0.8710355162620544,0.05304914712905884,-1.0236235857009888,0.005040392279624939,0.0012070774100720882,0.0,0.005040392279624939,-2.430314302444458,0.9723649621009827,1.0,0.027635037899017334,0.9398897290229797,1.0,0.060110270977020264,0.0,0.0,-11.353433609008789,1785282725.1208618,73.30429029464722,46.21704888343811,3389.5725999528877,35.27651731409129,0.0,96.48,True,1.8231210708618164
663,0.00032114889472723007,1.4777029377910367e-07,0.0009955993155017495,0.0033301743678748608,2.6523312612880545e-07,0.00233275443315506,0.0012040473520755768,-10.18267822265625,0.3048695921897888,0.00044247094774618745,0.211411714553833,0.5770281553268433,0.0010419330792501569,0.5636888742446899,0.09440504014492035,4.498356819152832,0.5397160053253174,0.00044079218059778214,0.5461292862892151,0.006413280963897705,-2.8978750705718994,0.8464639782905579,0.018170984461903572,0.9327225685119629,0.08625859022140503,-0.8802891969680786,0.0039268434047698975,0.0013018131721764803,0.0,0.0039268434047698975,-2.397137403488159,0.9730849266052246,1.0,0.02691507339477539,0.9448937773704529,1.0,0.05510622262954712,0.0,0.0,-8.032930374145508,1785282725.2263598,73.40978837013245,46.32254695892334,3384.9449255984587,36.35604512626302,0.0,96.48,True,1.8231210708618164
664,0.00029452634043991566,1.4721577201726177e-07,0.0009599244222044945,0.0035559418611228466,2.7320351136950194e-07,0.0023234831169247627,0.0014006103156134486,-9.300673484802246,0.3237754702568054,0.00046177065814845264,0.21278248727321625,0.5712845921516418,0.0009842270519584417,0.5645173788070679,0.11119908839464188,7.898444175720215,0.5348321795463562,0.000382346217520535,0.545552670955658,0.010720491409301758,-2.865359306335449,0.8720234632492065,0.018733222037553787,0.9981435537338257,0.12612009048461914,-0.6452425718307495,0.002839982509613037,0.0013609775342047215,0.0,0.002839982509613037,-2.3778743743896484,0.9727098345756531,1.0,0.027290165424346924,0.9470154643058777,1.0,0.052984535694122314,0.0,0.0,-4.414597511291504,1785282725.3220482,73.50547671318054,46.418235301971436,3376.6989183811756,37.416309909336235,0.0,96.48,True,1.8231210708618164
665,0.0002652808325365186,1.4870603592953557e-07,0.0009568895911797881,0.00377055536955595,2.846741438133904e-07,0.0023944575805217028,0.0015401194104924798,-8.624460220336914,0.34150880575180054,0.00048694442375563085,0.21448247134685516,0.5666074156761169,0.0009256371413357556,0.5657851696014404,0.12702898681163788,11.10035514831543,0.5308860540390015,0.00033326458651572466,0.5471079349517822,0.01622188091278076,-2.689542770385742,0.8929023742675781,0.019454192370176315,1.0,0.10709762573242188,-0.7561153173446655,0.0017377883195877075,0.0013865061337128282,0.0,0.0017377883195877075,-2.3704566955566406,0.9711423516273499,1.0,0.028857648372650146,0.9467416405677795,1.0,0.05325835943222046,0.0,0.0,-1.0889472961425781,1785282725.4283202,73.61174869537354,46.52450728416443,3365.1272609487437,38.46915701357644,0.0,96.48,True,1.8231210708618164
666,0.0002655406715348363,1.570848695564564e-07,0.0009651502477936447,0.003992111422121525,3.09418538790851e-07,0.0025010432582348585,0.0016470392001792789,-8.33903980255127,0.36010587215423584,0.0005309880361892283,0.21720300614833832,0.5605213046073914,0.0008681493927724659,0.5683380365371704,0.14311648905277252,13.807573318481445,0.5262680053710938,0.00029061504756100476,0.5519062280654907,0.025638222694396973,-2.0219075679779053,0.9094612002372742,0.020741531625390053,1.0,0.09053879976272583,-0.8212648034095764,0.0004553794860839844,0.0014007181162014604,0.0,0.0004553794860839844,-2.366372585296631,0.9691504836082458,1.0,0.03084951639175415,0.9462651014328003,1.0,0.05373489856719971,0.0,0.0,1.696065068244934,1785282725.5225968,73.70602536201477,46.618783950805664,3350.7705911519242,39.51792000755664,0.0,96.48,True,1.8231210708618164
667,0.0003238515928387642,1.6975660344087373e-07,0.0009176646708510816,0.0042114099487662315,3.4389142911095405e-07,0.002457795664668083,0.001851425739005208,-7.888331413269043,0.3798673152923584,0.0005875537171959877,0.22064685821533203,0.5527380108833313,0.0007733347010798752,0.5730761885643005,0.16051416099071503,16.376623153686523,0.520457923412323,0.00024077524722088128,0.5554671883583069,0.03500926494598389,-0.7016716003417969,0.9204759001731873,0.021182451397180557,1.0,0.07952409982681274,-0.859076201915741,-0.0020294934511184692,0.0012975095305591822,0.0,0.0020294934511184692,-2.4031288623809814,0.9633475542068481,1.0,0.036652445793151855,0.9397025108337402,1.0,0.060297489166259766,0.0,0.0,4.862131118774414,1785282725.6285079,73.811936378479,46.7246949672699,3333.2478553045753,40.60343927862119,0.0,96.48,True,1.8231210708618164
668,0.00035236869007349014,1.918066772077509e-07,0.0009034544927999377,0.004470041487365961,3.961825996157131e-07,0.002525769406929612,0.0020208635833114386,-7.703763484954834,0.4006651043891907,0.0006682145176455379,0.22461552917957306,0.5497908592224121,0.0007474473677575588,0.5779783725738525,0.17829185724258423,18.30574607849121,0.51859050989151,0.0002198128931922838,0.5580870509147644,0.039496541023254395,0.25599098205566406,0.9170194268226624,0.024776598438620567,1.0,0.08298057317733765,-0.791032075881958,-0.003819882869720459,0.0014873133040964603,0.0,0.003819882869720459,-2.3315482139587402,0.962949812412262,1.0,0.03705018758773804,0.939941942691803,1.0,0.06005805730819702,0.0,0.0,7.06882905960083,1785282725.724042,73.90747046470642,46.820229053497314,3313.5184215164,41.617377901263495,0.0,96.48,True,1.8231210708618164
669,0.0003827537875622511,2.1773331582153332e-07,0.0008842227980494499,0.004738327115774155,4.59825628240651e-07,0.002563795307651162,0.002231604652479291,-7.409134864807129,0.4219885468482971,0.0007637630333192647,0.22884660959243774,0.5472397804260254,0.0007123260875232518,0.5827850103378296,0.19638551771640778,19.933683395385742,0.5172399282455444,0.00019941195205319673,0.5614610910415649,0.04422116279602051,1.5620646476745605,0.9043992161750793,0.02892228774726391,1.0,0.09560078382492065,-0.6946316957473755,-0.005224138498306274,0.0017517168307676911,0.0,0.005224138498306274,-2.2468512058258057,0.961205780506134,1.0,0.03879421949386597,0.9373645782470703,1.0,0.06263542175292969,0.0,0.0,9.31884479522705,1785282725.8301773,74.01360583305359,46.92636442184448,3291.5389719925984,42.54661951577287,0.0,96.48,True,1.8231210708618164
670,0.00038387952372431755,2.4909684270824073e-07,0.0008845152915455401,0.005042051896452904,5.392109301283199e-07,0.002691789297387004,0.0024029919877648354,-7.356271266937256,0.44496333599090576,0.0008730212575756013,0.23390541970729828,0.5445185303688049,0.0006828327313996851,0.5889161229133606,0.21567705273628235,21.627065658569336,0.5158228874206543,0.00018518241995479912,0.5644315481185913,0.04860866069793701,3.001514434814453,0.8898745775222778,0.033316079527139664,1.0,0.11012542247772217,-0.5999106764793396,-0.006156697869300842,0.0021335803903639317,0.0,0.006156697869300842,-2.147155284881592,0.9571957588195801,1.0,0.04280424118041992,0.9298905730247498,1.0,0.07010942697525024,0.0,0.0,11.446138381958008,1785282725.9249365,74.10836505889893,47.02112364768982,3267.432228882066,43.376165209338026,0.0,96.48,True,1.8231210708618164
671,0.0003710880409926176,2.7520033540895383e-07,0.0007656400557607412,0.00538701331242919,6.176506985866581e-07,0.0024371694307774305,0.0029761132318526506,-5.536750793457031,0.47114571928977966,0.0009837805991992354,0.23747622966766357,0.5420699119567871,0.000627574569080025,0.5923306941986084,0.23901376128196716,24.452442169189453,0.5145315527915955,0.0001654406514717266,0.5654910802841187,0.05095952749252319,4.413843631744385,0.8670699000358582,0.03691108897328377,1.0,0.13293009996414185,-0.49131855368614197,-0.0056804269552230835,0.002576626604422927,0.0,0.0056804269552230835,-2.055436849594116,0.9470316171646118,1.0,0.052968382835388184,0.9127684831619263,1.0,0.08723151683807373,0.0,0.0,16.232126235961914,1785282726.0109832,74.19441175460815,47.10717034339905,3238.5394979175294,44.11399246761571,0.0,96.48,True,1.8231210708618164
672,0.000335602555423975,2.946910058199137e-07,0.0008988211629912257,0.005762127228081226,6.964203294046456e-07,0.0030017392709851265,0.002817260567098856,-6.760583400726318,0.4999732971191406,0.0010925886454060674,0.24214191734790802,0.539938747882843,0.0005537286051549017,0.5945466756820679,0.26355087757110596,27.793336868286133,0.5133634805679321,0.00014201406156644225,0.5654910802841187,0.05212759971618652,6.056109428405762,0.8403526544570923,0.03863810375332832,0.9560674428939819,0.11571478843688965,-0.5345462560653687,-0.003944665193557739,0.0030570572707802057,0.0,0.003944665193557739,-1.9736676216125488,0.9278078079223633,1.0,0.07219219207763672,0.882552444934845,1.0,0.11744755506515503,0.0,0.0,18.50214195251465,1785282726.1161726,74.29960107803345,47.21235966682434,3207.37675123644,44.770050497911825,0.0,96.48,True,1.8231210708618164
673,0.00023550062905997038,3.080288593082514e-07,0.0007920460193417966,0.006125100422650576,7.735883968962298e-07,0.0027990073431283236,0.003372334176674485,-5.041614055633545,0.5272231101989746,0.0012071211822330952,0.2457096427679062,0.5371935367584229,0.0004657421086449176,0.5961402058601379,0.2876187264919281,31.19843292236328,0.5120123624801636,0.0001175185534521006,0.5654910802841187,0.05347871780395508,8.56265926361084,0.8120262622833252,0.03905416652560234,0.8938808441162109,0.08185458183288574,-0.616683840751648,-0.0016759932041168213,0.0035867237020283937,0.0,0.0016759932041168213,-1.895927906036377,0.9004620313644409,1.0,0.09953796863555908,0.8409646153450012,1.0,0.15903538465499878,0.0,0.0,24.198461532592773,1785282726.2105176,74.39394617080688,47.30670475959778,3170.517684975273,45.34836881263177,0.0,96.48,True,1.8231210708618164
674,0.00013998092617839575,3.178305405526771e-07,0.0006873340462334454,0.006474134977906942,8.467795282740553e-07,0.0025433613918721676,0.003968699369579554,-3.0392165184020996,0.5542997121810913,0.0013251095078885555,0.24721157550811768,0.5340487360954285,0.00037983161746524274,0.5960497856140137,0.31328460574150085,35.230308532714844,0.5104331970214844,9.444888564758003e-05,0.5654910802841187,0.05505788326263428,12.332890510559082,0.7769719362258911,0.03817211464047432,0.814394474029541,0.0374225378036499,-0.6955426335334778,0.0013764351606369019,0.00418696366250515,0.0,0.0013764351606369019,-1.8187249898910522,0.8599714040756226,1.0,0.14002859592437744,0.7803055047988892,1.0,0.21969449520111084,0.0,0.0,31.31147575378418,1785282726.315811,74.49923944473267,47.41199803352356,3126.545604492914,45.84948421120639,0.0,96.48,True,1.8231210708618164
675,4.352373071014881e-05,3.2585052167632966e-07,0.0007858131430111825,0.006777352653443813,9.123504582930764e-07,0.003078949172049761,0.0037721588741987944,-4.242560863494873,0.578034520149231,0.0014408245915547013,0.249124214053154,0.53136146068573,0.0003084279887843877,0.5924554467201233,0.33453619480133057,38.117095947265625,0.5090782046318054,7.5735297286883e-05,0.5654910802841187,0.05641287565231323,17.184906005859375,0.7407346367835999,0.036586031317710876,0.7217934131622314,0.018941223621368408,-0.7302027940750122,0.005137413740158081,0.004945843014866114,0.0,0.005137413740158081,-1.732997179031372,0.8044817447662354,1.0,0.19551825523376465,0.7004261612892151,1.0,0.2995738387107849,0.0,0.0,34.84356689453125,1785282726.4098706,74.59329915046692,47.50605773925781,3079.0414328698084,46.26487179892133,0.0,96.48,True,1.8231210708618164
676,-0.00011513615027070045,3.251185205499496e-07,0.0007531880983151495,0.007074020802974701,9.652239896240644e-07,0.0031563974916934967,0.004012699704617262,-3.447187900543213,0.5989830493927002,0.0015360882971435785,0.2495660036802292,0.5297282934188843,0.0002492593484930694,0.6377235651016235,0.36572563648223877,57.586669921875,0.5083940625190735,6.047140050213784e-05,0.5654910802841187,0.057097017765045166,23.01773452758789,0.7085249423980713,0.03408876061439514,0.6529818177223206,0.05554312467575073,-0.7252051830291748,0.010935008525848389,0.006037537008523941,0.0,0.010935008525848389,-1.6260385513305664,0.7242415547370911,1.0,0.27575844526290894,0.5972421765327454,1.0,0.40275782346725464,0.0,0.0,54.131011962890625,1785282726.5161061,74.69953465461731,47.6122932434082,3012.2498161783433,46.57330075893546,0.0,96.48,True,1.8231210708618164
677,-0.0003884941106662154,3.198406943738519e-07,0.0005700620240531862,0.007342602126300335,9.854715017354465e-07,0.00255741854198277,0.004880247171968222,0.4992504119873047,0.6142864227294922,0.0016131919110193849,0.24990896880626678,0.5289484858512878,0.0001896546018542722,0.5907912850379944,0.3695881962776184,45.572452545166016,0.5080769658088684,4.494213135330938e-05,0.5654910802841187,0.057414114475250244,32.587486267089844,0.7068040370941162,0.03152496740221977,0.5873920917510986,0.11941194534301758,-0.5833917856216431,0.02632126212120056,0.008724241517484188,0.0,0.02632126212120056,-1.4121803045272827,0.6127486228942871,1.0,0.3872513771057129,0.45960256457328796,1.0,0.5403974056243896,0.0,0.0,53.25095748901367,1785282726.611002,74.79443049430847,47.707189083099365,2946.338253960755,46.66787147214631,0.0,96.48,True,1.8231210708618164
678,-0.0006930609233677387,3.285285004039906e-07,0.0004124846600461751,0.007553933188319206,9.891399486150476e-07,0.0019609818700701,0.005701169837266207,5.132776260375977,0.6240980625152588,0.0017166988691315055,0.24941514432430267,0.5258625745773315,0.00012385674926918,0.5808808207511902,0.37870079278945923,47.26453399658203,0.5063758492469788,2.8366741389618255e-05,0.5654910802841187,0.05911523103713989,57.28076171875,0.7755666971206665,0.02888541668653488,0.5372703075408936,0.23829638957977295,0.1296677589416504,0.07664893567562103,0.024799467995762825,0.0,0.07664893567562103,-0.8110767006874084,0.4118155539035797,1.0,0.5881844758987427,0.221464604139328,1.0,0.7785353660583496,0.0,0.0,71.58478546142578,1785282726.7164164,74.89984488487244,47.81260347366333,2862.092863770755,46.161338581517285,0.08885686003735804,96.48,True,1.8231210708618164
679,-0.000861448934301734,3.5860185221281426e-07,0.0008001099340617657,0.007758960593491793,1.0510215133763268e-06,0.004082237370312214,0.004034732934087515,-2.185133695602417,0.6359469890594482,0.0018786343280225992,0.24726374447345734,0.5224363207817078,9.482454333920032e-05,0.5821774005889893,0.3932476043701172,53.09512710571289,0.5044398307800293,2.1198931790422648e-05,0.5654910802841187,0.061051249504089355,83.44955444335938,0.801320493221283,0.030313903465867043,0.4329929053783417,0.3683275878429413,1.4085371494293213,0.13990052044391632,0.0648999959230423,0.0,0.13990052044391632,-0.2977282702922821,0.26498374342918396,1.0,0.7350162267684937,0.08611210435628891,1.0,0.9138879179954529,0.0,0.0,82.0157470703125,1785282726.8110032,74.99443173408508,47.90719032287598,2767.4165119718677,45.141457260493134,0.31306627201181936,96.48,True,1.8231210708618164
680,-0.0010151658207178116,3.7938713148832903e-07,0.0005288931424729526,0.007940628565847874,1.1478256283226074e-06,0.002971782349050045,0.0052032251842319965,1.5036380290985107,0.6460636258125305,0.002016768790781498,0.24450302124023438,0.5195647478103638,7.896460738265887e-05,0.5819742679595947,0.40638142824172974,58.65165328979492,0.5028083324432373,1.814472307160031e-05,0.5654910802841187,0.06268274784088135,103.73226165771484,0.7979080677032471,0.03200443461537361,0.3567110002040863,0.44119706749916077,2.2390589714050293,0.22319793701171875,0.10389722883701324,0.0,0.22319793701171875,0.026505261659622192,0.2128889113664627,1.0,0.7871111035346985,0.033976033329963684,1.0,0.9660239815711975,0.0,0.0,100.29109191894531,1785282726.9161954,75.09962391853333,48.01238250732422,2654.464815324348,43.79734240751708,0.5894117475620253,96.48,True,1.8231210708618164
681,-0.001070491736754775,3.898130103152653e-07,0.0004306221380829811,0.00822652317583561,1.3450925280267256e-06,0.0026452180463820696,0.005779646337032318,2.1693296432495117,0.6702404022216797,0.002162390388548374,0.24187183380126953,0.5192937850952148,8.093452197499573e-05,0.5808560848236084,0.43276962637901306,59.901954650878906,0.5028924345970154,1.8698243366088718e-05,0.5654910802841187,0.06259864568710327,100.26038360595703,0.7076385021209717,0.03599877282977104,0.2879618704319,0.41967663168907166,1.703115463256836,0.20259247720241547,0.08452075719833374,0.0,0.20259247720241547,-0.07363803684711456,0.14274412393569946,1.0,0.8572558760643005,0.027708230540156364,1.0,0.9722917675971985,0.0,0.0,100.22108459472656,1785282727.0004687,75.1838972568512,48.09665584564209,2541.583126001047,42.55337085304776,0.8720250091382322,96.48,True,1.8231210708618164
682,-0.0011657660361379385,3.711046758780867e-07,0.000285525486106053,0.008505932986736298,1.4604404441342922e-06,0.0019072956638410687,0.006756349932402372,5.461059093475342,0.6922986507415771,0.0021930793300271034,0.23775745928287506,0.5174516439437866,7.372324034804478e-05,0.5745353102684021,0.45811161398887634,63.223384857177734,0.5024128556251526,1.732966848067008e-05,0.5654910802841187,0.06307822465896606,110.23654174804688,0.6464170217514038,0.03471750020980835,0.23796042799949646,0.40845659375190735,1.641459345817566,0.23702232539653778,0.07180631160736084,0.0,0.23702232539653778,-0.006764590740203857,0.08302947878837585,1.0,0.9169704914093018,0.013229294680058956,1.0,0.9867706894874573,0.0,0.0,111.15803527832031,1785282727.118666,75.30209445953369,48.214853048324585,2417.764485994152,41.24252585247153,1.169117192604698,96.48,True,1.8231210708618164
683,-0.0013987915590405464,4.3446192421470187e-07,0.0005383058451116085,0.008671145886182785,1.5484210962313227e-06,0.003973896149545908,0.005080994218587875,-0.7327280044555664,0.7043564319610596,0.0022587860003113747,0.23434136807918549,0.5133755803108215,5.176452759769745e-05,0.541428804397583,0.47085148096084595,50.359657287597656,0.5006880760192871,1.4006479432282504e-05,0.5654910802841187,0.06480300426483154,145.24119567871094,0.8721491694450378,0.025857852771878242,0.1448790431022644,0.7272701263427734,9.318857192993164,0.518943190574646,0.09388110041618347,0.0,0.518943190574646,1.1703472137451172,0.12587624788284302,1.0,0.874123752117157,0.0024585577193647623,1.0,0.9975414276123047,0.0,0.0,112.17559814453125,1785282727.2135403,75.39696884155273,48.30972743034363,2292.928283121046,38.75456904740998,1.476980114196011,96.48,True,1.8231210708618164
684,-0.0014064048882573843,4.319772699545865e-07,0.0003335307992529124,0.008789995685219765,1.5482978596992325e-06,0.002794654807075858,0.006242714822292328,2.932967185974121,0.7140089273452759,0.0022781703155487776,0.22556568682193756,0.5131254196166992,5.2505180065054446e-05,0.5767230987548828,0.49256622791290283,84.7467041015625,0.5005393624305725,1.4108144569036085e-05,0.5654910802841187,0.06495171785354614,144.848388671875,0.8718517422676086,0.030878199264407158,0.05654832720756531,0.8153034448623657,9.943662643432617,0.5717740058898926,0.08657509088516235,0.0,0.5717740058898926,1.583670735359192,0.12713652849197388,1.0,0.8728634715080261,0.0017040562815964222,1.0,0.9982959628105164,0.0,0.0,143.15452575683594,1785282727.3195612,75.50298976898193,48.41574835777283,2137.1131526356357,35.853288720734355,1.7855975709855358,96.48,True,1.8231210708618164
685,-0.001308827893808484,4.067604209012643e-07,0.00024486021720804274,0.00849815085530281,1.4162415027385578e-06,0.002311017131432891,0.006379229482263327,4.228750705718994,0.6846644878387451,0.0022035627625882626,0.21969346702098846,0.5177953243255615,6.877025589346886e-05,0.5526611804962158,0.4662763774394989,51.8814697265625,0.5027066469192505,1.6876409063115716e-05,0.5654910802841187,0.06278443336486816,112.21099090576172,0.855830192565918,0.04086741805076599,0.0,0.855830192565918,8.281465530395508,0.4838453531265259,0.08612260222434998,0.0,0.4838453531265259,1.0520925521850586,0.09283420443534851,1.0,0.9071657657623291,0.004083826206624508,1.0,0.9959161877632141,0.0,0.0,101.83942413330078,1785282727.413606,75.5970344543457,48.5097930431366,2022.6131237737604,33.48358657723286,2.0918352527277584,96.48,True,1.8231210708618164
686,-0.0013220252003520727,3.9131194284891535e-07,0.0002526092575863004,0.008832578547298908,1.5881149693086627e-06,0.0027253020089119673,0.006307004019618034,2.6957828998565674,0.7132932543754578,0.0023023891262710094,0.21076707541942596,0.5179363489151001,6.91623063175939e-05,0.5736859440803528,0.5056090950965881,71.32186889648438,0.5032327771186829,1.7046100765583105e-05,0.5654910802841187,0.06225830316543579,109.12366485595703,0.7228875756263733,0.04806843027472496,0.0,0.7228875756263733,4.837025165557861,0.5477601289749146,0.06648796796798706,0.0,0.5477601289749146,1.8199282884597778,0.057668089866638184,1.0,0.9423319101333618,0.0008194178226403892,1.0,0.9991805553436279,0.0,0.0,114.31510925292969,1785282727.518981,75.70240950584412,48.61516809463501,1895.6374097922562,30.346048697456652,2.4013373020503948,96.48,True,1.8231210708618164
687,-0.0009733636397868395,4.606328332101839e-07,0.0001322532189078629,0.00885748490691185,1.8553656673248042e-06,0.0016507185064256191,0.007291081361472607,3.2672500610351562,0.7259014844894409,0.002522937022149563,0.19877924025058746,0.5190854072570801,8.46403490868397e-05,0.5641730427742004,0.5290470719337463,61.23352813720703,0.5028631091117859,2.0483294065343216e-05,0.5654910802841187,0.06262797117233276,91.26395416259766,0.525373101234436,0.049188755452632904,0.0,0.525373101234436,2.2185845375061035,0.46089571714401245,0.06163567677140236,0.0,0.46089571714401245,1.2489110231399536,0.032699231058359146,1.0,0.9673007726669312,0.0005864732665941119,1.0,0.9994135499000549,0.0,0.0,97.88604736328125,1785282727.6232963,75.80672478675842,48.719483375549316,1785.0907577004004,27.779528083000265,2.711072345929458,96.48,True,1.8231210708618164
688,0.00020686490461230278,7.15679448148876e-07,0.00021202745847404003,0.008066520094871521,1.9115918803436216e-06,0.003155340440571308,0.004911182448267937,-5.512112617492676,0.7027990818023682,0.002784040058031678,0.1886238008737564,0.5217074751853943,9.923442848958075e-05,0.5595868229866028,0.5155686736106873,48.997188568115234,0.5029199123382568,2.527382821426727e-05,0.5654910802841187,0.06257116794586182,73.08071899414062,0.4507100582122803,0.05193960294127464,0.0,0.4507100582122803,1.3956378698349,0.47369495034217834,0.07228203862905502,0.0,0.47369495034217834,1.1575109958648682,0.03072461299598217,1.0,0.9692754149436951,0.0005055707297287881,1.0,0.9994944334030151,0.0,0.0,70.22599792480469,1785282727.7079694,75.89139795303345,48.80415654182434,1702.2041550470212,25.304407495818964,3.0208882733114817,96.48,True,1.8231210708618164
689,0.0022038696333765984,1.304345687458408e-06,0.00012036901898682117,0.006713355425745249,1.8017789216173696e-06,0.0023765822406858206,0.004811296705156565,-4.667176246643066,0.6643455028533936,0.0030572041869163513,0.17477555572986603,0.5260829925537109,0.00011399314826121554,0.5562806129455566,0.49050039052963257,37.60186004638672,0.5048162937164307,3.2884814572753385e-05,0.5654910802841187,0.06067478656768799,51.732303619384766,0.40296056866645813,0.056684210896492004,0.0,0.40296056866645813,0.9161055088043213,0.5600039958953857,0.08441504091024399,0.0,0.5600039958953857,1.5404490232467651,0.030448710545897484,1.0,0.9695512652397156,0.0003731805190909654,1.0,0.9996268153190613,0.0,0.0,51.28046417236328,1785282727.8117554,75.99518394470215,48.90794253349304,1724.6166849263723,22.446348881255766,3.330836582609551,96.48,True,1.8231210708618164
690,0.003382030874490738,1.5519948419751017e-06,7.851938426028937e-05,0.005936925765126944,1.629904886613076e-06,0.002069821348413825,0.005086028482764959,-3.4102067947387695,0.642279863357544,0.0031028306111693382,0.16232256591320038,0.5296260714530945,0.0001233239599969238,0.5785794854164124,0.4824473261833191,41.28661346435547,0.5056143403053284,3.7265443097567186e-05,0.6091967225074768,0.10358238220214844,139.7781219482422,0.3842581510543823,0.05736200511455536,0.17666840553283691,0.2075897455215454,-0.13462048768997192,0.6411939859390259,0.08443975448608398,0.0,0.6411939859390259,2.1175360679626465,0.03119950369000435,1.0,0.9688004851341248,0.0002679923200048506,1.0,0.9997320175170898,0.0,0.0,99.50814819335938,1785282727.9190478,76.1024763584137,49.01523494720459,1835.7854378483062,19.011203221976686,3.6408900941056492,96.48,True,1.8231210708618164
691,0.004084577783942223,1.7154103488792316e-06,4.407291271490976e-05,0.005496408324688673,1.5255266134772683e-06,0.0019715665839612484,0.0053619202226400375,-2.6658997535705566,0.6309001445770264,0.003111961530521512,0.1555243283510208,0.5310192704200745,0.0001300078583881259,0.5531182289123535,0.4758892059326172,32.66451644897461,0.5056561231613159,4.015244121546857e-05,0.5944980382919312,0.08884191513061523,94.14402770996094,0.38141578435897827,0.057042431086301804,0.39386773109436035,0.01245194673538208,-0.5116822719573975,0.7007150650024414,0.08355613797903061,0.0,0.7007150650024414,2.615974187850952,0.03279442712664604,1.0,0.9672055840492249,0.0002093484508804977,1.0,0.9997906684875488,0.0,0.0,70.53772735595703,1785282728.0123425,76.19577097892761,49.108529567718506,1917.9837699328377,18.083719138707963,3.951002256572206,96.48,True,1.8231210708618164
692,0.00452122837305069,1.8604322349347058e-06,1.15121656563133e-05,0.005228348076343536,1.4779044477108982e-06,0.0016118172788992524,0.005780729930847883,-1.5811595916748047,0.6254633665084839,0.0031278713140636683,0.15363971889019012,0.5309610962867737,0.00013435356959234923,0.5375655293464661,0.4718698561191559,30.245094299316406,0.5053578019142151,4.205324512440711e-05,0.5900143384933472,0.08465653657913208,81.09083557128906,0.38620883226394653,0.056550584733486176,0.6513360738754272,0.2651272416114807,0.10412943363189697,0.7373805046081543,0.08505132049322128,0.0,0.7373805046081543,2.8831701278686523,0.03655872493982315,1.0,0.9634412527084351,0.0001917775225592777,1.0,0.9998082518577576,0.0,0.0,63.16033172607422,1785282728.1167865,76.30021500587463,49.21297359466553,1992.8047063874865,21.28449885789305,4.261132002408972,96.48,True,1.8231210708618164
693,0.004887721501290798,2.0047734778927406e-06,-1.5390225598821416e-05,0.005006592720746994,1.4469477491729776e-06,0.0019705588929355145,0.005766975227743387,-2.2641706466674805,0.6222943067550659,0.003140711458399892,0.1508408486843109,0.5305489301681519,0.00013803176989313215,0.5510638356208801,0.4718995988368988,31.4217529296875,0.5050476789474487,4.3478419684106484e-05,0.5725250244140625,0.06747734546661377,48.25883483886719,0.39505377411842346,0.05590910464525223,0.9207704663276672,0.5257166624069214,1.9485970735549927,0.7614713907241821,0.0874725952744484,0.0,0.7614713907241821,3.0151257514953613,0.04181990027427673,1.0,0.9581800699234009,0.00019084737868979573,1.0,0.9998091459274292,0.0,0.0,47.00265121459961,1785282728.2116814,76.39510989189148,49.30786848068237,2051.4679623306606,24.617234200704843,4.571262642315409,96.48,True,1.8231210708618164
694,0.005145239643752575,2.1469998046086403e-06,-4.130678280489519e-05,0.004849797114729881,1.4476166825261316e-06,0.001806039595976472,0.0060137114487588406,-1.946120023727417,0.621198832988739,0.0031657423824071884,0.14841338992118835,0.5303643941879272,0.00014100664702709764,0.575019121170044,0.4748895764350891,36.901485443115234,0.5048894882202148,4.44604447693564e-05,0.5625942349433899,0.05770474672317505,33.355674743652344,0.40491774678230286,0.055377695709466934,1.0,0.5950822830200195,2.66949200630188,0.7765516042709351,0.08983981609344482,0.0,0.7765516042709351,3.0702285766601562,0.048166003078222275,1.0,0.9518340229988098,0.00019805783813353628,1.0,0.9998019337654114,0.0,0.0,44.252906799316406,1785282728.3166902,76.50011873245239,49.412877321243286,2107.3814738585515,28.005072368681432,4.881386070059828,96.48,True,1.8231210708618164
695,0.005329729989171028,2.341196704946924e-06,-3.903566539520398e-05,0.004738101735711098,1.5080172488524113e-06,0.0011835080804303288,0.006438849028199911,-1.001833438873291,0.6211796998977661,0.0032267775386571884,0.14689593017101288,0.5308290719985962,0.00014547203318215907,0.5521464347839355,0.47476258873939514,30.969890594482422,0.5050037503242493,4.585348870023154e-05,0.5552272796630859,0.05022352933883667,23.428936004638672,0.4129130244255066,0.054960958659648895,1.0,0.5870869755744934,2.6039719581604004,0.7846306562423706,0.09242850542068481,0.0,0.7846306562423706,3.0586650371551514,0.05597372725605965,1.0,0.9440262913703918,0.00021264288807287812,1.0,0.9997873306274414,0.0,0.0,35.488548278808594,1785282728.4016953,76.58512377738953,49.49788236618042,2154.5306268659347,31.381346997153017,5.191494894666278,96.48,True,1.8231210708618164
696,0.005497667007148266,2.7683863663696684e-06,-6.341237167362124e-05,0.004633781034499407,1.7255501916224603e-06,0.0015258298953995109,0.0063706329092383385,-2.8113136291503906,0.6202521324157715,0.003388787619769573,0.14484310150146484,0.5314089059829712,0.00015739952505100518,0.5336372256278992,0.4754142463207245,27.978933334350586,0.5053086876869202,4.975603224011138e-05,0.550476610660553,0.04516792297363281,16.46619415283203,0.4191599190235138,0.05585193634033203,1.0,0.5808401107788086,2.4966773986816406,0.7868435382843018,0.09607737511396408,0.0,0.7868435382843018,2.9696388244628906,0.06420228630304337,1.0,0.9357976913452148,0.00023383866937365383,1.0,0.9997661709785461,0.0,0.0,27.804929733276367,1785282728.5178936,76.70132207870483,49.61408066749573,2193.9961613277856,34.66859541293234,5.501582559623832,96.48,True,1.8231210708618164
697,0.005621816962957382,3.4256954677402973e-06,-9.323579433839768e-05,0.004552601370960474,2.103738779624109e-06,0.001793698756955564,0.0063461302779614925,-4.4138898849487305,0.6192398071289062,0.003626967780292034,0.1471022367477417,0.532056987285614,0.00017555293743498623,0.6285714507102966,0.4819013774394989,51.96505355834961,0.505674421787262,5.5614360462641343e-05,0.5340174436569214,0.028343021869659424,3.2427010536193848,0.4245229959487915,0.05801497399806976,1.0,0.5754770040512085,2.349620819091797,0.7840194702148438,0.09991816431283951,0.0,0.7840194702148438,2.843186378479004,0.07161707431077957,1.0,0.928382933139801,0.0002593260433059186,1.0,0.9997406601905823,0.0,0.0,38.779502868652344,1785282728.6150951,76.79852366447449,49.71128225326538,2244.4362689250124,37.82939138272778,5.811644713793422,96.48,True,1.8231210708618164
698,0.005710405297577381,3.983900569437537e-06,-0.00010943426605081186,0.004483768716454506,2.4306486920977477e-06,0.0018356735818088055,0.006393976975232363,-5.149000644683838,0.6192835569381714,0.003791089402511716,0.13980485498905182,0.5329058170318604,0.0001908033445943147,0.45199963450431824,0.48625677824020386,42.24256134033203,0.5059904456138611,6.0247119108680636e-05,0.5280234813690186,0.02203303575515747,0.08927249908447266,0.4334401488304138,0.05950742959976196,1.0,0.5665598511695862,2.205170154571533,0.7794119119644165,0.10159777104854584,0.0,0.7794119119644165,2.765218734741211,0.07732652872800827,1.0,0.9226734638214111,0.00028089008992537856,1.0,0.9997190833091736,0.0,0.0,28.68968391418457,1785282728.7194085,76.90283703804016,49.815595626831055,2284.7865575677715,40.91221970878542,6.1216852910816035,96.48,True,1.8231210708618164
699,0.0057870252057909966,4.123274720768677e-06,-0.00018397245730739087,0.004438837058842182,2.512516402930487e-06,0.0025791756343096495,0.006253891158849001,-5.797083377838135,0.6210796236991882,0.003800807287916541,0.14047344028949738,0.5336803793907166,0.00019730869098566473,0.49760931730270386,0.48195791244506836,28.469364166259766,0.5062240362167358,6.177814066177234e-05,0.5210778117179871,0.01485377550125122,-2.141340494155884,0.44874483346939087,0.060118842869997025,1.0,0.5512551665306091,2.0405688285827637,0.7734177112579346,0.09899729490280151,0.0,0.7734177112579346,2.7837750911712646,0.0818696841597557,1.0,0.9181303381919861,0.00030121736926957965,1.0,0.9996987581253052,0.0,0.0,15.90773868560791,1785282728.81455,76.9979784488678,49.91073703765869,2312.354900981954,44.01360439127312,6.431705543185917,96.48,True,1.8231210708618164
700,0.005855128169059753,4.203361640975345e-06,-0.00014687531802337617,0.004388762637972832,2.5650058432802325e-06,0.0017086591105908155,0.006573203019797802,-5.10338020324707,0.6231037378311157,0.003800387494266033,0.1435570865869522,0.5344290137290955,0.00020354906155262142,0.5224745273590088,0.4796956479549408,25.408262252807617,0.5063206553459167,6.289067823672667e-05,0.5171335935592651,0.010812938213348389,-2.9885709285736084,0.46395185589790344,0.06094351038336754,1.0,0.536048173904419,1.8775262832641602,0.7673250436782837,0.0971645638346672,0.0,0.7673250436782837,2.783112049102783,0.08384645730257034,1.0,0.9161535501480103,0.0003207520639989525,1.0,0.9996792674064636,0.0,0.0,13.728944778442383,1785282728.919339,77.10276746749878,50.01552605628967,2337.744450488971,47.114326031692336,6.741706304571388,96.48,True,1.8231210708618164
701,0.005915164016187191,4.227195859130006e-06,-0.00013825821224600077,0.004348364658653736,2.5859512788883876e-06,0.001446258625946939,0.006713131908327341,-4.819055080413818,0.6254489421844482,0.003776788478717208,0.1490686684846878,0.5351243615150452,0.00020928516460116953,0.5165521502494812,0.4767421782016754,25.680391311645508,0.5064708590507507,6.3875580963213e-05,0.5066061615943909,0.00013530254364013672,-3.9102046489715576,0.4802320599555969,0.06152067333459854,1.0,0.5197679400444031,1.7204216718673706,0.7595027685165405,0.09522935003042221,0.0,0.7595027685165405,2.771916389465332,0.08439499139785767,1.0,0.9156050086021423,0.00034712301567196846,1.0,0.9996528625488281,0.0,0.0,13.770155906677246,1785282729.0238302,77.20725870132446,50.120017290115356,2363.1752111242226,50.2038520124741,7.051680661099224,96.48,True,1.8231210708618164
702,0.005962721072137356,4.209448889014311e-06,-0.0001884976081782952,0.004320686217397451,2.5893805286614224e-06,0.001825193758122623,0.006638145539909601,-5.086401462554932,0.6285027861595154,0.003740383544936776,0.1538817137479782,0.5358298420906067,0.0002145316102541983,0.5045386552810669,0.47565144300460815,27.214677810668945,0.5067236423492432,6.471366214100271e-05,0.5008761882781982,0.005847454071044922,-3.63964581489563,0.496559202671051,0.06203627213835716,1.0,0.503440797328949,1.5716983079910278,0.7477443218231201,0.09349433332681656,0.0,0.7477443218231201,2.724147319793701,0.08353112637996674,1.0,0.9164688587188721,0.000394607603084296,1.0,0.9996054172515869,0.0,0.0,14.865517616271973,1785282729.1183197,77.30174827575684,50.21450686454773,2389.701333469069,53.245608923584236,7.361607572329819,96.48,True,1.8231210708618164
703,0.006007642485201359,4.2410733840370085e-06,-0.00019070507551077753,0.0043002041056752205,2.6171858280577e-06,0.0016970240976661444,0.006722801364958286,-4.950094699859619,0.631875216960907,0.003725784132257104,0.15804283320903778,0.5365839004516602,0.00022112869191914797,0.4980762004852295,0.47539451718330383,28.316333770751953,0.5072208642959595,6.604076770599931e-05,0.496874064207077,0.010346800088882446,-3.083148956298828,0.5112563371658325,0.06285344809293747,1.0,0.4887436628341675,1.4356807470321655,0.7301011085510254,0.09237632155418396,0.0,0.7301011085510254,2.613192558288574,0.0818890780210495,1.0,0.9181109070777893,0.0004939252394251525,1.0,0.9995060563087463,0.0,0.0,16.16139793395996,1785282729.2226098,77.40603828430176,50.31879687309265,2417.5233361316036,56.17641107318924,7.671435122617575,96.48,True,1.8231210708618164
704,0.005880954675376415,2.623077534735785e-06,-0.0002398895740043372,0.004533472005277872,1.5980324405973079e-06,0.001974816434085369,0.006634112913161516,-2.071333885192871,0.6560627222061157,0.003052246058359742,0.1630684733390808,0.527115523815155,0.00015996200090739876,0.49142661690711975,0.49428436160087585,38.36675262451172,0.5028592944145203,4.3929569073952734e-05,0.4910764694213867,0.011782824993133545,-2.5173232555389404,0.5645963549613953,0.05543036386370659,1.0,0.43540364503860474,1.1826651096343994,0.7670249938964844,0.07881904393434525,0.0,0.7670249938964844,3.3807778358459473,0.07108867168426514,1.0,0.9289113283157349,0.00028833525720983744,1.0,0.9997116923332214,0.0,0.0,27.3634090423584,1785282729.3201356,77.50356411933899,50.41632270812988,2456.5473499025366,59.87479850035162,7.981468308929806,96.48,True,1.8231210708618164
705,0.0059414878487586975,3.011845137734781e-06,-0.00026090454775840044,0.004472390748560429,1.8198250018031104e-06,0.002013210440054536,0.006672123912721872,-3.0790114402770996,0.6551514267921448,0.003198696067556739,0.16800326108932495,0.5275552868843079,0.00017457040667068213,0.48353904485702515,0.48913267254829407,37.28323745727539,0.5034664869308472,4.8073863581521437e-05,0.4792347550392151,0.02423173189163208,2.0545802116394043,0.5705596208572388,0.05800554156303406,1.0,0.42944037914276123,1.084997534751892,0.7575684785842896,0.08053268492221832,0.0,0.7575684785842896,3.222604274749756,0.07382747530937195,1.0,0.9261724948883057,0.0003530265821609646,1.0,0.9996469616889954,0.0,0.0,27.77486801147461,1785282729.4134545,77.59688305854797,50.50964164733887,2495.9828226425857,63.41501236641781,8.29143676459781,96.48,True,1.8231210708618164
706,0.006003363057971001,3.5232556001574267e-06,-0.0002788599522318691,0.004418669268488884,2.107079808411072e-06,0.0020222554448992014,0.0067237732000648975,-4.011718273162842,0.6545627117156982,0.0033728436101228,0.17342686653137207,0.5283303260803223,0.00019152043387293816,0.4770160913467407,0.4838644862174988,35.90294647216797,0.5041873455047607,5.2899689762853086e-05,0.4746684432029724,0.02951890230178833,4.231400489807129,0.5761798024177551,0.06090930849313736,1.0,0.4238201975822449,0.9942704439163208,0.7434463500976562,0.0825619101524353,0.0,0.7434463500976562,3.0190958976745605,0.07540124654769897,1.0,0.924598753452301,0.00046552071580663323,1.0,0.9995344877243042,0.0,0.0,26.826337814331055,1785282729.5080638,77.69149231910706,50.60425090789795,2534.4697651854913,66.7517178554088,8.601292746301123,96.48,True,1.8231210708618164
707,0.006123306229710579,4.1004068407346494e-06,-0.0002997537958435714,0.004321522079408169,2.390326244494645e-06,0.0020434188190847635,0.00681509030982852,-4.720117092132568,0.6528424024581909,0.003530288813635707,0.1762574166059494,0.5295037627220154,0.00020941111142747104,0.5770314931869507,0.4789489507675171,32.34172058105469,0.5049700736999512,5.7905021094484255e-05,0.479447603225708,0.025522470474243164,1.6652836799621582,0.5825756192207336,0.06324460357427597,1.0,0.41742438077926636,0.9160991907119751,0.7252048254013062,0.08495021611452103,0.0,0.7252048254013062,2.7815656661987305,0.0755712017416954,1.0,0.9244288206100464,0.0006611178396269679,1.0,0.9993388652801514,0.0,0.0,21.98590087890625,1785282729.6123533,77.79578185081482,50.70854043960571,2568.116270792972,69.85089311292396,8.910953105560283,96.48,True,1.8231210708618164
708,0.006161673925817013,4.610949417838128e-06,-0.00035187145113013685,0.004287398885935545,2.6628965770214563e-06,0.0022262451238930225,0.0068318829871714115,-5.325414180755615,0.6539624929428101,0.0036647364031523466,0.1785198450088501,0.5311888456344604,0.0002246305375592783,0.5033838152885437,0.47625499963760376,27.394371032714844,0.5059991478919983,6.198535993462428e-05,0.47019442915916443,0.03580471873283386,6.415605545043945,0.5906010270118713,0.06528516113758087,1.0,0.40939897298812866,0.8381003141403198,0.7018190622329712,0.08649864047765732,0.0,0.7018190622329712,2.5422797203063965,0.07581015676259995,1.0,0.9241898655891418,0.0009541574399918318,1.0,0.9990458488464355,0.0,0.0,19.79788589477539,1785282729.7079306,77.89135909080505,50.80411767959595,2599.574761416322,72.71078242454678,9.220320448385728,96.48,True,1.8231210708618164
709,0.0061637526378035545,4.886552687821677e-06,-0.00035716418642550707,0.004285067785531282,2.823270961016533e-06,0.002128532389178872,0.006868260446935892,-5.490858554840088,0.656726062297821,0.0037330349441617727,0.1799822896718979,0.5331003069877625,0.0002320633502677083,0.449958860874176,0.48393917083740234,40.19425964355469,0.506980299949646,6.386254244716838e-05,0.4464905560016632,0.06048974394798279,24.73708724975586,0.6017873287200928,0.06654442101716995,1.0,0.3982126712799072,0.7554805278778076,0.67685866355896,0.08655381947755814,0.0,0.67685866355896,2.341992139816284,0.07708320766687393,1.0,0.9229167699813843,0.0013485458912327886,1.0,0.9986514449119568,0.0,0.0,39.0330924987793,1785282729.822783,78.00621151924133,50.91897010803223,2650.268458643676,75.37038415567949,9.529293387276693,96.48,True,1.8231210708618164
710,0.006166497245430946,5.047621016274206e-06,-0.00031898549059405923,0.004284586291760206,2.9346217615966452e-06,0.0018284429097548127,0.006934992969036102,-5.435579299926758,0.6599106192588806,0.0037840160075575113,0.18261009454727173,0.5347966551780701,0.0002347437693970278,0.4396975338459015,0.486682265996933,44.236488342285156,0.5077832341194153,6.456087430706248e-05,0.4423792064189911,0.0654040277004242,29.224084854125977,0.61127108335495,0.06734056770801544,1.0,0.38872891664505005,0.6919270753860474,0.6570481061935425,0.08684087544679642,0.0,0.6570481061935425,2.182750701904297,0.07803089916706085,1.0,0.9219691157341003,0.0017269817180931568,1.0,0.9982730150222778,0.0,0.0,44.56565475463867,1785282729.9280117,78.11144018173218,51.02419877052307,2706.494718126889,77.87074444890021,9.83788789627798,96.48,True,1.8231210708618164
711,0.006162132136523724,5.1387651183176786e-06,-0.00039634498534724116,0.004285243805497885,3.0285498269222444e-06,0.0022084200754761696,0.006879448890686035,-5.7078857421875,0.6636070609092712,0.003827498760074377,0.18903039395809174,0.5362599492073059,0.00023307943774852902,0.505333423614502,0.4755832850933075,26.34650421142578,0.508435845375061,6.439076969400048e-05,0.43771710991859436,0.07071873545646667,34.92795944213867,0.6167639493942261,0.06776665151119232,1.0,0.3832360506057739,0.6567400693893433,0.644752025604248,0.08757663518190384,0.0,0.644752025604248,2.074697494506836,0.07742119580507278,1.0,0.9225788116455078,0.001961404923349619,1.0,0.9980385899543762,0.0,0.0,32.83329772949219,1785282730.024114,78.2075424194336,51.12030100822449,2750.9886205849557,80.26305153472347,10.146247980211365,96.48,True,1.8231210708618164
712,0.006137439981102943,5.1963415899081156e-06,-0.0004104425897821784,0.004281429573893547,3.131397988909157e-06,0.002237770240753889,0.006859395653009415,-5.790558815002441,0.6680644750595093,0.0038667935878038406,0.1840498447418213,0.5376114249229431,0.0002280703920405358,0.49776020646095276,0.4856524169445038,28.64148712158203,0.5089904069900513,6.357868551276624e-05,0.4399290382862091,0.06906136870384216,33.59574890136719,0.6174152493476868,0.06792420893907547,1.0,0.38258475065231323,0.6517161130905151,0.6390124559402466,0.08898625522851944,0.0,0.6390124559402466,2.003683567047119,0.07461608946323395,1.0,0.9253839254379272,0.00199970044195652,1.0,0.9980003237724304,0.0,0.0,33.92050552368164,1785282730.1185086,78.30193710327148,51.21469569206238,2796.569730837212,82.58434469308702,10.454569797962805,96.48,True,1.8231210708618164
713,0.006076284684240818,5.130168574396521e-06,-0.00041347439400851727,0.004269259981811047,3.191068572050426e-06,0.0021577482111752033,0.006824621465057135,-5.77646541595459,0.6733473539352417,0.0038710525259375572,0.18774454295635223,0.5388737916946411,0.00021890200150664896,0.4505104124546051,0.49357691407203674,43.14011764526367,0.5093912482261658,6.1695376643911e-05,0.4401552677154541,0.06923598051071167,34.9213981628418,0.6156987547874451,0.06788185983896255,1.0,0.38430124521255493,0.6617723703384399,0.6363104581832886,0.09007854759693146,0.0,0.6363104581832886,1.9628348350524902,0.07119592279195786,1.0,0.9288040995597839,0.0019153766334056854,1.0,0.9980846047401428,0.0,0.0,46.196327209472656,1785282730.2142737,78.39770221710205,51.310460805892944,2854.426662775259,84.86478911945593,10.762975896681956,96.48,True,1.8231210708618164
714,0.005952197127044201,5.057580892753322e-06,-0.000448040256742388,0.004280907101929188,3.2848613500391366e-06,0.0022700647823512554,0.0067086899653077126,-5.9073872566223145,0.6794428825378418,0.0038991791661828756,0.19145889580249786,0.5398553609848022,0.00020956312073394656,0.44690582156181335,0.49675747752189636,45.97824478149414,0.5095374584197998,5.9848909586435184e-05,0.4300347864627838,0.07950267195701599,48.86235809326172,0.6062564253807068,0.06910881400108337,1.0,0.3937435746192932,0.7045680284500122,0.6364744901657104,0.09104202687740326,0.0,0.6364744901657104,1.9455170631408691,0.06744743883609772,1.0,0.9325525760650635,0.001743687316775322,1.0,0.9982563257217407,0.0,0.0,55.30638885498047,1785282730.3178878,78.50131630897522,51.41407489776611,2921.393656358814,87.12791577391323,11.071553716382706,96.48,True,1.8231210708618164
715,0.005871552042663097,5.004658305551857e-06,-0.00046608963748440146,0.004261177498847246,3.3713708944560494e-06,0.0023261087480932474,0.006626476533710957,-5.9966206550598145,0.6841026544570923,0.0039337798953056335,0.19593052566051483,0.5404758453369141,0.00020367390243336558,0.4235539138317108,0.5019788146018982,58.67012023925781,0.5095406770706177,5.883510675630532e-05,0.427490770816803,0.0820499062538147,53.26088333129883,0.5935243368148804,0.0699799656867981,1.0,0.40647566318511963,0.7696636915206909,0.6364260911941528,0.09297957271337509,0.0,0.6364260911941528,1.9093537330627441,0.0642552524805069,1.0,0.9357447624206543,0.0016192857874557376,1.0,0.998380720615387,0.0,0.0,67.56991577148438,1785282730.4244921,78.60792064666748,51.520679235458374,3000.624176858873,89.3548790982924,11.380255930977102,96.48,True,1.8231210708618164
716,0.005756594240665436,5.068259270046838e-06,-0.00047394345165230334,0.004279719199985266,3.5759512684307992e-06,0.0023359456099569798,0.006526703480631113,-6.171054363250732,0.6892791986465454,0.004038187209516764,0.20101721584796906,0.5410174131393433,0.00019984881510026753,0.4137301743030548,0.5045807957649231,64.87683868408203,0.5094739198684692,5.871685789315961e-05,0.4279824495315552,0.08149147033691406,52.59740447998047,0.5678452253341675,0.07201802730560303,1.0,0.4321547746658325,0.9001232385635376,0.6380424499511719,0.0954597070813179,0.0,0.6380424499511719,1.8767167329788208,0.05969436839222908,1.0,0.9403056502342224,0.0014573469525203109,1.0,0.9985426664352417,0.0,0.0,72.02911376953125,1785282730.5187628,78.70219135284424,51.61494994163513,3084.3138953569787,91.54920542258765,11.689120091391352,96.48,True,1.8231210708618164
717,0.005664333701133728,5.257211341813672e-06,-0.0004852827114518732,0.0043108779937028885,3.904879577021347e-06,0.0023680704180151224,0.006449208129197359,-6.386660099029541,0.6945840120315552,0.004203628282994032,0.20718373358249664,0.541446328163147,0.00019892575801350176,0.41162434220314026,0.5043935179710388,65.45901489257812,0.5094669461250305,5.952236824668944e-05,0.43009230494499207,0.07937464118003845,48.97844696044922,0.5366309881210327,0.07393644750118256,1.0,0.4633690118789673,1.068659782409668,0.6352893114089966,0.09933298081159592,0.0,0.6352893114089966,1.795812726020813,0.053469862788915634,1.0,0.9465301632881165,0.0013540656073018909,1.0,0.9986459612846375,0.0,0.0,70.46977233886719,1785282730.6243882,78.80781674385071,51.7205753326416,3166.4442724244204,93.66262773992489,11.998087546654999,96.48,True,1.8231210708618164
718,0.005525495857000351,6.53380675430526e-06,-0.0005003572441637516,0.0043798694387078285,5.432187663245713e-06,0.0024149685632437468,0.006338118109852076,-7.058906078338623,0.7046231031417847,0.0048522246070206165,0.2115216702222824,0.5424942374229431,0.00021291838493198156,0.4094821512699127,0.5107261538505554,61.54877853393555,0.509636640548706,6.599991320399567e-05,0.42735931277275085,0.0822773277759552,47.3906135559082,0.48144879937171936,0.07955073565244675,1.0,0.518551230430603,1.3433456420898438,0.6234064102172852,0.11119184643030167,0.0,0.6234064102172852,1.5682796239852905,0.041161149740219116,1.0,0.9588388204574585,0.0012756717624142766,1.0,0.9987243413925171,0.0,0.0,65.87542724609375,1785282730.7208169,78.90424537658691,51.81700396537781,3243.9803043990887,95.5485169552266,12.307133382026525,96.48,True,1.8231210708618164
719,0.00547599233686924,2.0524943465716206e-05,-0.0003480751474853605,0.003999877721071243,2.438285810058005e-05,0.001665468793362379,0.006274490617215633,-7.931819438934326,0.7230838537216187,0.008465486578643322,0.21745477616786957,0.5491465330123901,0.0003810744092334062,0.40504905581474304,0.5257611870765686,37.860050201416016,0.5121497511863708,0.00013066917017567903,0.4258163571357727,0.08633339405059814,24.967845916748047,0.39708277583122253,0.10541835427284241,1.0,0.6029171943664551,1.5181556940078735,0.6017961502075195,0.1747063398361206,0.0,0.6017961502075195,1.083092212677002,0.03268715366721153,1.0,0.9673128724098206,0.0016407506773248315,1.0,0.9983592629432678,0.0,0.0,34.84014129638672,1785282730.825905,79.00933361053467,51.92209219932556,3290.48105042405,96.94921875922003,12.615814138948801,96.48,True,1.8231210708618164
720,0.005427355878055096,2.2941310817259364e-05,-0.0006695573683828115,0.0038788500241935253,2.7620619221124798e-05,0.0031785403843969107,0.0061370013281702995,-7.932842254638672,0.7222366333007812,0.008947896771132946,0.22163419425487518,0.5505709052085876,0.00040920815081335604,0.4020841717720032,0.522159993648529,36.52272415161133,0.513105571269989,0.00014222845493350178,0.4221460819244385,0.09095948934555054,25.57560157775879,0.37165218591690063,0.1071627289056778,1.0,0.6283478140830994,1.644391417503357,0.5883045196533203,0.18482713401317596,0.0,0.5883045196533203,1.0110576152801514,0.032742682844400406,1.0,0.9672573208808899,0.001808636705391109,1.0,0.9981913566589355,0.0,0.0,34.07313919067383,1785282730.9199295,79.10335803031921,52.01611661911011,3336.2147943432983,98.27788596581661,12.924326989586746,96.48,True,1.8231210708618164
721,0.005441926419734955,2.4175022190320306e-05,-0.0006544872303493321,0.0037922558840364218,2.9213739253464155e-05,0.0030781973619014025,0.006138089578598738,-7.920235633850098,0.7189762592315674,0.009179424494504929,0.22829584777355194,0.5513203740119934,0.0004311425145715475,0.3960067331790924,0.5146742463111877,36.707340240478516,0.5138316750526428,0.00015038641868159175,0.42633211612701416,0.08749955892562866,21.972789764404297,0.3560427725315094,0.10775350034236908,1.0,0.643957257270813,1.72919499874115,0.5705153942108154,0.19038477540016174,0.0,0.5705153942108154,0.9444002509117126,0.0313224121928215,1.0,0.9686775803565979,0.001946817385032773,1.0,0.9980531930923462,0.0,0.0,32.432029724121094,1785282731.0258465,79.20927500724792,52.12203359603882,3380.307428795994,99.53989580804475,13.2327016766581,96.48,True,1.8231210708618164
722,0.0054489616304636,2.496954402886331e-05,-0.0005778953200206161,0.003718054387718439,3.024898614967242e-05,0.0027015600353479385,0.006111977621912956,-7.919648170471191,0.7161769866943359,0.00931194145232439,0.23338989913463593,0.551864504814148,0.000448827602667734,0.4021509289741516,0.5054675936698914,33.13017654418945,0.5144745111465454,0.00015675426402594894,0.4332793354988098,0.0811951756477356,17.567157745361328,0.3460415005683899,0.10845666378736496,1.0,0.6539584994316101,1.7798150777816772,0.5497127771377563,0.1945977807044983,0.0,0.5497127771377563,0.8769608736038208,0.03072073869407177,1.0,0.9692792892456055,0.0021757599897682667,1.0,0.9978242516517639,0.0,0.0,27.368070602416992,1785282731.1298802,79.31330871582031,52.226067304611206,3419.3361041269854,100.734466272965,13.540847422288874,96.48,True,1.8231210708618164
723,0.005443049594759941,2.5244882635888644e-05,-0.0006901874439790845,0.003666941775009036,3.07511945720762e-05,0.0032009249553084373,0.006150916218757629,-7.901792049407959,0.7142989635467529,0.009349189698696136,0.23763930797576904,0.552217960357666,0.00046063264016993344,0.4045497179031372,0.499009370803833,31.480735778808594,0.5149891972541809,0.0001607505400897935,0.43241989612579346,0.08256930112838745,17.756916046142578,0.3407691717147827,0.1088545024394989,1.0,0.6592308282852173,1.8062419891357422,0.527259349822998,0.19787581264972687,0.0,0.527259349822998,0.8113476037979126,0.03077123872935772,1.0,0.9692287445068359,0.002483039628714323,1.0,0.9975169897079468,0.0,0.0,26.1612548828125,1785282731.2140424,79.39747095108032,52.310229539871216,3457.1579637383725,101.86342346807933,13.84868590597583,96.48,True,1.8231210708618164
724,0.00532087218016386,2.60978085862007e-05,-0.00041626649908721447,0.0036694947630167007,3.281009412603453e-05,0.0019153879256919026,0.005999304354190826,-7.923846244812012,0.7201241850852966,0.009297703392803669,0.24191837012767792,0.5522682070732117,0.0004776589630637318,0.40181148052215576,0.501316249370575,31.669292449951172,0.515415608882904,0.00016167794819921255,0.4271542429924011,0.08826136589050293,20.645301818847656,0.3376297056674957,0.10626636445522308,1.0,0.6623703241348267,1.8623501062393188,0.49266842007637024,0.19193069636821747,0.0,0.49266842007637024,0.7259452939033508,0.02875440940260887,1.0,0.9712455868721008,0.0025476461742073298,1.0,0.9974523782730103,0.0,0.0,27.734237670898438,1785282731.3308144,79.51424288749695,52.42700147628784,3496.5528061378454,102.90697835329911,14.156459778227848,96.48,True,1.8231210708618164
725,0.005311637185513973,2.5842120521701872e-05,-0.0006343346321955323,0.00360748078674078,3.2728901715017855e-05,0.0028969671111553907,0.005988272838294506,-7.9157395362854,0.7192069292068481,0.00922941230237484,0.24712325632572174,0.5526173114776611,0.0004826111253350973,0.39763274788856506,0.4968734383583069,32.63624954223633,0.5158491134643555,0.00016266810416709632,0.4271542429924011,0.08869487047195435,20.737503051757812,0.3365337550640106,0.10591553896665573,1.0,0.663466215133667,1.874393343925476,0.46680596470832825,0.1940695345401764,0.0,0.46680596470832825,0.6605859398841858,0.029294045642018318,0.0,0.029294045642018318,0.0029919168446213007,0.0,0.0029919168446213007,0.0,0.0,28.56201171875,1785282731.4249165,79.60834503173828,52.521103620529175,3536.77542258517,103.88517388449972,13.469773189051478,96.48,True,1.8231210708618164
726,0.005293368361890316,2.5602528694435023e-05,-0.0006418449338525534,0.0035690662916749716,3.268109867349267e-05,0.002917201491072774,0.00597090320661664,-7.91843318939209,0.7180371284484863,0.009161246940493584,0.25231847167015076,0.5531125068664551,0.00048703100765123963,0.39500492811203003,0.49182504415512085,33.179141998291016,0.5163591504096985,0.00016404756752308458,0.4271542429924011,0.08920490741729736,20.814945220947266,0.33476343750953674,0.10521937161684036,1.0,0.6652365922927856,1.8960230350494385,0.4442073404788971,0.1959902048110962,0.0,0.4442073404788971,0.6074861288070679,0.030055036768317223,0.0,0.030055036768317223,0.0034586882684379816,0.0,0.0034586882684379816,0.0,0.0,29.0323543548584,1785282731.5186787,79.70210719108582,52.61486577987671,3577.468381668603,104.81026960462322,12.783553371298925,96.48,True,1.8231210708618164
727,0.005258863791823387,2.5407074645045213e-05,-0.0006362602580338717,0.003546424675732851,3.270429078838788e-05,0.002972717396914959,0.005922974087297916,-7.927420616149902,0.7166661620140076,0.009123431518673897,0.25837984681129456,0.5534204244613647,0.0004911466385237873,0.3896360397338867,0.48667410016059875,34.49918746948242,0.5167311429977417,0.00016563099052291363,0.42339223623275757,0.09333890676498413,22.865947723388672,0.3331264555454254,0.10513617098331451,1.0,0.666873574256897,1.9076621532440186,0.4252491295337677,0.19813089072704315,0.0,0.4252491295337677,0.5658818483352661,0.031133975833654404,0.0,0.031133975833654404,0.003950002137571573,0.0,0.003950002137571573,0.0,0.0,31.104902267456055,1785282731.6238947,79.80732321739197,52.72008180618286,3620.2338886646335,105.69376104427491,12.097824867415506,96.48,True,1.8231210708618164
728,0.005283910781145096,2.490920633135829e-05,-0.0006273661274462938,0.003405935363844037,3.2070929592009634e-05,0.003039073897525668,0.005922649521380663,-7.932530403137207,0.715268611907959,0.008962149731814861,0.2629484236240387,0.5540480613708496,0.0004950514994561672,0.39020317792892456,0.4810807704925537,34.202880859375,0.5173126459121704,0.00016512417641934007,0.4307325482368469,0.08658009767532349,19.262943267822266,0.3322048783302307,0.10334473848342896,1.0,0.6677951216697693,1.94168221950531,0.38878512382507324,0.20023474097251892,0.0,0.38878512382507324,0.49224773049354553,0.031960878521203995,0.0,0.031960878521203995,0.0049939630553126335,0.0,0.0049939630553126335,0.0,0.0,29.061246871948242,1785282731.729344,79.91277241706848,52.825531005859375,3660.9557402651562,106.50361836608488,11.413140324449827,96.48,True,1.8231210708618164
729,0.005243387538939714,2.4808350644889288e-05,-0.00041434483136981726,0.003430382115766406,3.2251919037662446e-05,0.0020743233617395163,0.005817974917590618,-7.961601734161377,0.7135012149810791,0.00897712167352438,0.2684977948665619,0.5541552305221558,0.0004995596245862544,0.4016353487968445,0.4704150855541229,29.992862701416016,0.5175347924232483,0.0001675268867984414,0.44589537382125854,0.07163941860198975,11.889315605163574,0.3302505612373352,0.10404324531555176,1.0,0.6697494387626648,1.943126916885376,0.3793911039829254,0.20103618502616882,0.0,0.3793911039829254,0.47479262948036194,0.03260360658168793,0.0,0.03260360658168793,0.005323742050677538,0.0,0.005323742050677538,0.0,0.0,21.97734832763672,1785282731.8136656,79.99709415435791,52.909852743148804,3694.5936933213675,107.29602058688167,10.728785560479514,96.48,True,1.8231210708618164
