window,position_pred_mean_0,position_pred_var_0,position_actual_0,position_pred_mean_1,position_pred_var_1,position_actual_1,position_residual_l2,position_nll,velocity_pred_mean_0,velocity_pred_var_0,velocity_actual_0,velocity_pred_mean_1,velocity_pred_var_1,velocity_actual_1,velocity_residual_l2,velocity_nll,steering_pred_mean,steering_pred_var,steering_actual,steering_residual,steering_nll,acceleration_pred_mean,acceleration_pred_var,acceleration_actual,acceleration_residual,acceleration_nll,traffic_light_state_pred_mean,traffic_light_state_pred_var,traffic_light_state_actual,traffic_light_state_residual,traffic_light_state_nll,traffic_light_detected_pred,traffic_light_detected_actual,traffic_light_detected_residual,traffic_light_discrepancy_pred,traffic_light_discrepancy_actual,traffic_light_discrepancy_residual,has_adjacent_lane_actual,n_objects_actual,combined_nll,t_sim,t_bag_rel,t_rel_fault,cusum_combined,cusum_tl_state,cusum_tl_discrepancy,permanent_stop_rel_s,likely_static_collision,mrm_first_trigger_rel_s
0,0.0010717702098190784,1.9125562289445952e-07,0.0009594209841452539,0.0007660116534680128,1.524462049928843e-07,0.0006055085104890168,0.00019591735326685011,-13.627685546875,0.09890463948249817,0.00046368801849894226,0.0905241072177887,0.47969815135002136,0.000213635663385503,0.4772670567035675,0.008726026862859726,-6.136325836181641,0.48239049315452576,0.0002959273988381028,0.4708506762981415,0.011539816856384277,-2.91875958442688,0.9534100294113159,0.0021401699632406235,1.0,0.04658997058868408,-1.6473815441131592,0.5685678720474243,0.08600009232759476,0.2508837878704071,0.3176840841770172,0.27899718284606934,0.3954787850379944,0.0,0.3954787850379944,0.006165219005197287,0.0,0.006165219005197287,1.0,2.0,-19.996126174926758,1784673022.3552346,3.005343198776245,,0.0,0.0,0.0,,False,1.4956672191619873
1,0.0011039819801226258,1.8849657124064834e-07,0.0008128989138640463,0.0007791540119796991,1.497587334142736e-07,0.0005116814281791449,0.0003953111881855875,-13.2977294921875,0.10150250792503357,0.0004566015850286931,0.09415487200021744,0.48135626316070557,0.0002114765375154093,0.47820883989334106,0.007993374019861221,-6.156129837036133,0.4842495620250702,0.00028549140552058816,0.47339412569999695,0.010855436325073242,-2.955328941345215,0.9555859565734863,0.002092763315886259,1.0,0.04441404342651367,-1.694404125213623,0.5673701167106628,0.08854196965694427,0.25362303853034973,0.3137470781803131,0.2626780867576599,0.391385555267334,0.0,0.391385555267334,0.006053168326616287,0.0,0.006053168326616287,1.0,2.0,-19.700298309326172,1784673022.4398284,3.0899369716644287,,0.008016690449110797,1.2062681159600266,0.0,,False,1.4956672191619873
2,0.001145870191976428,1.8945823399008077e-07,0.0010065895039588213,0.0008061772678047419,1.4950039428640594e-07,0.0006327676819637418,0.0002224185154773295,-13.607887268066406,0.10514023900032043,0.0004533946339506656,0.09835390001535416,0.4828377664089203,0.00021320159430615604,0.48343145847320557,0.0068122586235404015,-6.186517715454102,0.48606425523757935,0.00027554738335311413,0.47722455859184265,0.008839696645736694,-3.0376458168029785,0.9591607451438904,0.0020390155259519815,1.0,0.04083925485610962,-1.769722819328308,0.5587460994720459,0.0928255096077919,0.16371093690395355,0.39503514766693115,0.5709921717643738,0.37558120489120483,0.0,0.37558120489120483,0.00628663320094347,0.0,0.00628663320094347,1.0,2.0,-20.075925827026367,1784673022.545762,3.1958706378936768,,0.0,2.720850316926767,0.0,,False,1.4956672191619873
3,0.0011821376392617822,1.8950512981064094e-07,0.0011087560560554266,0.0008268493693321943,1.4737904052708473e-07,0.0006966338260099292,0.00014946887677069753,-13.694942474365234,0.10846582055091858,0.00044785297359339893,0.10356256365776062,0.4853670597076416,0.00020932925690431148,0.48671895265579224,0.005086211021989584,-6.222240447998047,0.48855146765708923,0.0002575647085905075,0.4802977442741394,0.008253723382949829,-3.080934762954712,0.9638693332672119,0.001972437836229801,1.0,0.036130666732788086,-1.8643872737884521,0.5511914491653442,0.09782219678163528,0.3088915944099426,0.2422998547554016,0.056717902421951294,0.3727915287017822,0.0,0.3727915287017822,0.006671082228422165,0.0,0.006671082228422165,1.0,2.0,-20.21320343017578,1784673022.6505735,3.3006820678710938,,0.0,3.7211582485510846,0.0,,False,1.4956672191619873
4,0.0012424323940649629,1.891952052801571e-07,0.0009490531519986689,0.0008592817466706038,1.4707150342019304e-07,0.0005952096544206142,0.00039472198113799095,-13.303997039794922,0.1134587824344635,0.00044423938379622996,0.10743027925491333,0.48790884017944336,0.00021062909218017012,0.48806679248809814,0.006030572112649679,-6.213438987731934,0.49080052971839905,0.00024900349671952426,0.4836795926094055,0.00712093710899353,-3.1282615661621094,0.9685109257698059,0.0019342746818438172,1.0,0.03148907423019409,-1.9487593173980713,0.5437537431716919,0.10075181722640991,0.20624999701976776,0.33750373125076294,0.3366848826408386,0.37447845935821533,0.0,0.37447845935821533,0.007475743535906076,0.0,0.007475743535906076,1.0,2.0,-19.838878631591797,1784673022.7439783,3.3940868377685547,,0.0,5.00143316039429,0.0,,False,1.4956672191619873
5,0.001284332014620304,1.8665139123186236e-07,0.0011714741121977568,0.0008678166195750237,1.4436133710660215e-07,0.0007323159370571375,0.00017634437244851142,-13.686895370483398,0.11624673008918762,0.00043500823085196316,0.1121651828289032,0.49041298031806946,0.0002079958067042753,0.490043044090271,0.004098278004676104,-6.251715183258057,0.49291256070137024,0.00023876175691839308,0.48645347356796265,0.006459087133407593,-3.1637163162231445,0.9723093509674072,0.0018667199183255434,1.0,0.027690649032592773,-2.0174684524536133,0.5458735227584839,0.10200957953929901,0.15122313797473907,0.394650399684906,0.5409976840019226,0.379703164100647,0.0,0.379703164100647,0.007431157398968935,0.0,0.007431157398968935,1.0,2.0,-20.270124435424805,1784673022.848305,3.498413562774658,,0.0,6.48602087359858,0.0,,False,1.4956672191619873
6,0.0013635008363053203,1.8299277826372418e-07,0.0012145580258220434,0.0008972075302153826,1.3984328006699798e-07,0.0007589698652736843,0.00020320829935371876,-13.681465148925781,0.12169185280799866,0.0004222416609991342,0.11783381551504135,0.49320510029792786,0.00020568410400301218,0.49252796173095703,0.00391701003536582,-6.272933483123779,0.4951080083847046,0.00022351056395564228,0.48996004462242126,0.005147963762283325,-3.2248024940490723,0.9777665734291077,0.0017926974687725306,1.0,0.022233426570892334,-2.105206251144409,0.538449764251709,0.10628855228424072,0.2935839891433716,0.2448657751083374,0.08019852638244629,0.3886987268924713,0.0,0.3886987268924713,0.008267632685601711,0.0,0.008267632685601711,1.0,2.0,-20.312213897705078,1784673022.952793,3.6029014587402344,,0.0,7.5098094291833934,0.0,,False,1.4956672191619873
7,0.0014059996465221047,1.733803429715408e-07,0.001110460259951651,0.0009195536840707064,1.3305256629791984e-07,0.0006926756468601525,0.000372581765986979,-13.416955947875977,0.12605586647987366,0.0004075536853633821,0.12201408296823502,0.4956092834472656,0.00019978918135166168,0.4939355254173279,0.00437464052811265,-6.296863079071045,0.4965631067752838,0.0002137748379027471,0.49144208431243896,0.005121022462844849,-3.2450172901153564,0.9803402423858643,0.0017237741267308593,1.0,0.019659757614135742,-2.1505706310272217,0.5551057457923889,0.09941092878580093,0.31904298067092896,0.23606276512145996,0.04497113823890686,0.41207072138786316,0.0,0.41207072138786316,0.008197611197829247,0.0,0.008197611197829247,1.0,2.0,-20.076955795288086,1784673023.0365424,3.6866509914398193,,0.0,8.498370596624667,0.0,,False,1.4956672191619873
8,0.0014638436259701848,1.5540594233698357e-07,0.0013008390087634325,0.0009291586466133595,1.1911070174619454e-07,0.0008113215444609523,0.00020113697974011302,-13.82856559753418,0.13075831532478333,0.00037892768159508705,0.12714286148548126,0.5002590417861938,0.00018517607531975955,0.4948345124721527,0.006518973968923092,-6.301606178283691,0.49934351444244385,0.0001957996137207374,0.4952287971973419,0.004114717245101929,-3.307035446166992,0.9817855954170227,0.0016615674830973148,1.0,0.018214404582977295,-2.1812233924865723,0.5825992822647095,0.08791517466306686,0.30357420444488525,0.2790250778198242,0.14603179693222046,0.45735201239585876,0.0,0.45735201239585876,0.00755613949149847,0.0,0.00755613949149847,1.0,2.0,-20.52336883544922,1784673023.1419764,3.7920849323272705,,0.0,9.587992422759255,0.0,,False,1.4956672191619873
9,0.001541754580102861,1.4793974401072774e-07,0.0014478430384770036,0.000987921142950654,1.1301941071906185e-07,0.0009058594005182385,0.0001247136970050633,-13.963606834411621,0.1377570927143097,0.00035927401040680707,0.13317115604877472,0.5029216408729553,0.00018437950348015875,0.4945510923862457,0.00954446941614151,-6.207818984985352,0.500323474407196,0.00019003295165020972,0.49681177735328674,0.0035116970539093018,-3.332770586013794,0.9846845865249634,0.0015982018085196614,1.0,0.015315413475036621,-2.227116346359253,0.6110537648200989,0.0806637555360794,0.24556641280651093,0.36548733711242676,0.488216757774353,0.5019230842590332,0.0,0.5019230842590332,0.007480959873646498,0.0,0.007480959873646498,1.0,2.0,-20.596248626708984,1784673023.2464712,3.8965797424316406,,0.0,11.019799209735975,0.0,,False,1.4956672191619873
10,0.0016367447096854448,1.3788061892228143e-07,0.0012153947027400136,0.0010474117007106543,1.0382797199781635e-07,0.0007601924007758498,0.0005099321133457124,-13.059757232666016,0.14622046053409576,0.0003345001023262739,0.13740478456020355,0.5054259300231934,0.000181049297680147,0.49564385414123535,0.013168338686227798,-6.091500282287598,0.5010315775871277,0.00017891575407702476,0.4989999830722809,0.0020315945148468018,-3.383824586868286,0.9868143200874329,0.0015148300444707274,1.0,0.013185679912567139,-2.2699010372161865,0.6442531943321228,0.0705275759100914,0.30937498807907104,0.33487820625305176,0.3880951404571533,0.5573065876960754,0.0,0.5573065876960754,0.007167714182287455,0.0,0.007167714182287455,1.0,2.0,-19.624868392944336,1784673023.3409297,3.9910383224487305,,0.08344660683094673,12.351484379395496,0.0,,False,1.4956672191619873
11,0.0017129756743088365,1.231047548344577e-07,0.0014992044307291508,0.0010748677887022495,9.177627191547799e-08,0.0009377054520882666,0.00025399145670235157,-13.93109130859375,0.15246403217315674,0.000306951958918944,0.14239221811294556,0.5089963674545288,0.00017273754929192364,0.4973858892917633,0.01537025161087513,-5.982964515686035,0.5027182102203369,0.00016723369481042027,0.5007285475730896,0.0019896626472473145,-3.4172844886779785,0.9857388734817505,0.001457567443139851,1.0,0.014261126518249512,-2.2767879962921143,0.6694682836532593,0.05782093107700348,0.3274218738079071,0.3420464098453522,0.505443811416626,0.6181400418281555,0.0,0.6181400418281555,0.006981251295655966,0.0,0.006981251295655966,1.0,2.0,-20.426105499267578,1784673023.4460113,4.0961198806762695,,0.0,13.800518220014489,0.0,,False,1.4956672191619873
12,0.0017605831380933523,1.189474474472263e-07,0.0015541918110102415,0.0011058044619858265,8.792749639496833e-08,0.0009721499518491328,0.00024588798987679183,-13.977150917053223,0.15687072277069092,0.0002967668988276273,0.1472821831703186,0.5114258527755737,0.0001700274588074535,0.49932244420051575,0.01544126309454441,-5.977485656738281,0.5039162635803223,0.00016281800344586372,0.5022544264793396,0.001661837100982666,-3.434019088745117,0.9853830337524414,0.0014283847995102406,1.0,0.014616966247558594,-2.2818777561187744,0.6954253911972046,0.05173445865511894,0.31904298067092896,0.37638241052627563,0.8072656393051147,0.651702344417572,0.0,0.651702344417572,0.006503434386104345,0.0,0.006503434386104345,1.0,2.0,-20.476150512695312,1784673023.5509677,4.20107626914978,,0.0,15.551373888521969,0.0,,False,1.4956672191619873
13,0.0017954912036657333,1.1562469381942719e-07,0.0016174815827980638,0.0011244334746152163,8.501779547032129e-08,0.0010092637967318296,0.00021201763593126088,-14.073748588562012,0.15999796986579895,0.0002885362191591412,0.15279491245746613,0.5136028528213501,0.00016805791528895497,0.5036540031433105,0.012282656505703926,-6.198678970336914,0.5051437616348267,0.0001594220520928502,0.504921555519104,0.00022220611572265625,-3.4528841972351074,0.9852324724197388,0.001396896201185882,1.0,0.01476752758026123,-2.2897539138793945,0.7152618765830994,0.04752039909362793,1.0,0.28473812341690063,0.24870353937149048,0.6761611700057983,0.0,0.6761611700057983,0.006150534376502037,0.0,0.006150534376502037,1.0,2.0,-20.75913429260254,1784673023.6571844,4.307292938232422,,0.05081929282725639,16.743667457095825,0.0,,False,1.4956672191619873
14,0.001845332095399499,1.3379693086790212e-07,0.0013641839614138007,0.0012166049564257264,9.222812735742991e-08,0.0008506384328939021,0.0006045122281648219,-12.58387565612793,0.17000791430473328,0.0002997969859279692,0.15729929506778717,0.5125760436058044,0.00020679896988440305,0.5071814656257629,0.01380617544054985,-6.120481491088867,0.5009196996688843,0.00022834957053419203,0.5071988701820374,0.006279170513153076,-3.1870453357696533,0.9759520888328552,0.0015138934832066298,1.0,0.024047911167144775,-2.1365983486175537,0.9410982131958008,0.02248123660683632,1.0,0.05890178680419922,-0.9014360308647156,0.6031436920166016,0.0,0.6031436920166016,0.0009574297582730651,0.0,0.0009574297582730651,1.0,2.0,-19.07378387451172,1784673023.7408502,4.390958786010742,,0.6345311252635639,16.785821455433474,0.0,,False,1.4956672191619873
15,0.0018654775340110064,1.3027796796905022e-07,0.0018039827700704336,0.001193018164485693,9.044153159720736e-08,0.0011172420345246792,9.758907981449738e-05,-14.151944160461426,0.17089790105819702,0.0002899560204241425,0.16277271509170532,0.5142703652381897,0.0002087908360408619,0.5086053609848022,0.009905095212161541,-6.281406879425049,0.5013575553894043,0.0002338541526114568,0.5083497762680054,0.006992220878601074,-3.1569344997406006,0.9768710136413574,0.0014832044253125787,1.0,0.023128986358642578,-2.157500743865967,0.94480299949646,0.021839352324604988,1.0,0.05519700050354004,-0.9233296513557434,0.6478278636932373,1.0,0.3521721363067627,0.0011129836784675717,0.0,0.0011129836784675717,1.0,2.0,-20.755537033081055,1784673023.847228,4.4973366260528564,,0.047222033305772015,16.806081833280096,0.0,,False,1.4956672191619873
16,0.0019486835226416588,1.1891275164543913e-07,0.0017650711815804243,0.0012980808969587088,8.24116312969636e-08,0.0010963643435388803,0.00027276924811303616,-13.901704788208008,0.18097630143165588,0.0002728023682720959,0.1690836399793625,0.517821192741394,0.00019921619968954474,0.5100516080856323,0.014205696992576122,-6.115327835083008,0.5035223960876465,0.0002083125727949664,0.5090710520744324,0.005548655986785889,-3.245399236679077,0.9817709922790527,0.0014087993185967207,1.0,0.018229007720947266,-2.245634078979492,0.9521855115890503,0.01944616623222828,1.0,0.04781448841094971,-0.9923307299613953,0.7738965153694153,1.0,0.22610348463058472,0.0015423878794535995,0.0,0.0015423878794535995,1.0,2.0,-20.416667938232422,1784673023.9514492,4.601557731628418,,0.0,16.757341132521066,0.0,,False,1.4956672191619873
17,0.002013691235333681,1.0868334499036791e-07,0.001627063611522317,0.0013639995595440269,7.554597658554485e-08,0.0010094600729644299,0.0005245752399787307,-12.859176635742188,0.18760481476783752,0.00025566009571775794,0.17362771928310394,0.520894467830658,0.0001863282232079655,0.5111806392669678,0.017021095380187035,-5.956681251525879,0.5051999688148499,0.00018651221762411296,0.5127779841423035,0.007578015327453613,-3.220620632171631,0.9848619699478149,0.0013472660211846232,1.0,0.015138030052185059,-2.300854206085205,0.9527521133422852,0.018683796748518944,0.9990234375,0.046271324157714844,-1.0138142108917236,0.8249333500862122,1.0,0.17506664991378784,0.001875189132988453,0.0,0.001875189132988453,1.0,2.0,-19.234830856323242,1784673024.044048,4.694156646728516,,0.4734841434520405,16.687116950831708,0.0,,False,1.4956672191619873
18,0.00204938231036067,1.0009710393887872e-07,0.0018831425113603473,0.0013987307902425528,6.962238074947891e-08,0.0011765856761485338,0.0002774601161945611,-13.968330383300781,0.19157308340072632,0.0002420334203634411,0.17913739383220673,0.5223858952522278,0.00017751447740010917,0.5154862403869629,0.014221519231796265,-6.190008163452148,0.5059285759925842,0.00017379724886268377,0.5151175260543823,0.009188950061798096,-3.166954517364502,0.9862229228019714,0.00129714235663414,1.0,0.013777077198028564,-2.331693410873413,0.9575434327125549,0.017927970737218857,1.0,0.04245656728744507,-1.0414859056472778,0.8533322215080261,1.0,0.14666777849197388,0.0020871299784630537,0.0,0.0020871299784630537,1.0,2.0,-20.503814697265625,1784673024.1484244,4.798532962799072,,0.0,16.589221074386796,0.0,,False,1.4956672191619873
19,0.0020853562746196985,9.378054954822801e-08,0.0019129071151837707,0.0014355328166857362,6.5191457565561e-08,0.001196335069835186,0.00029488009749911726,-13.928863525390625,0.19550754129886627,0.00023194740060716867,0.18556827306747437,0.5237119197845459,0.0001695394894341007,0.5191035866737366,0.010955628007650375,-6.412248611450195,0.5065571665763855,0.0001624032447580248,0.5170202851295471,0.010463118553161621,-3.1067230701446533,0.9873360395431519,0.0012592993443831801,1.0,0.012663960456848145,-2.355984926223755,0.9609764218330383,0.017367294058203697,1.0,0.03902357816696167,-1.0638024806976318,0.874546229839325,1.0,0.12545377016067505,0.00228972639888525,0.0,0.00228972639888525,1.0,2.0,-20.612024307250977,1784673024.2548108,4.904919385910034,,0.0,16.46900862289153,0.0,,False,1.4956672191619873
20,0.002129938220605254,8.875665002960886e-08,0.0016165091656148434,0.0014756983146071434,6.15253057389964e-08,0.0010131953749805689,0.0006910270312801003,-11.359320640563965,0.19887961447238922,0.00022385841293726116,0.19199059903621674,0.524854838848114,0.00016271494678221643,0.5212328433990479,0.007783147506415844,-6.579813003540039,0.5071282386779785,0.0001532985916128382,0.5179675221443176,0.010839283466339111,-3.089416265487671,0.9880017042160034,0.0012298545334488153,1.0,0.011998295783996582,-2.372964382171631,0.9628925323486328,0.016716618090867996,1.0,0.03710746765136719,-1.0855519771575928,0.8908076882362366,1.0,0.10919231176376343,0.0024717352353036404,0.0,0.0024717352353036404,1.0,2.0,-18.167879104614258,1784673024.3586156,5.008724212646484,,1.5404358951610249,16.3270466749363,0.0,,False,1.4956672191619873
21,0.0021571554243564606,8.580601473795468e-08,0.002180256647989154,0.0015037097036838531,5.9388639783719555e-08,0.0013721699360758066,0.00013355290866456926,-14.46850872039795,0.20159579813480377,0.00021868628391530365,0.19566099345684052,0.5263255834579468,0.00015799679385963827,0.5220422744750977,0.007319060154259205,-6.613935470581055,0.5077965259552002,0.00014654293772764504,0.5182238817214966,0.010427355766296387,-3.1241745948791504,0.9886891841888428,0.0012031641090288758,1.0,0.011310815811157227,-2.3892955780029297,0.9669495820999146,0.016400091350078583,0.998046875,0.03109729290008545,-1.106812834739685,0.9008592963218689,1.0,0.0991407036781311,0.002591754775494337,0.0,0.002591754775494337,1.0,2.0,-21.321744918823242,1784673024.4448485,5.094957113265991,,0.6134299190479595,16.163823869398982,0.0,,False,1.4956672191619873
22,0.0021757129579782486,8.7243236635004e-08,0.0020924496930092573,0.0015316050266847014,5.974875705305749e-08,0.0013203707057982683,0.00022705222363583744,-14.192835807800293,0.20439299941062927,0.00021706707775592804,0.20216971635818481,0.5277057886123657,0.00015837387763895094,0.522315263748169,0.005831015761941671,-6.6519269943237305,0.5083680748939514,0.00014551711501553655,0.519045889377594,0.010677814483642578,-3.1069090366363525,0.9904427528381348,0.0011715941363945603,1.0,0.009557247161865234,-2.4167752265930176,0.9738394618034363,0.016794804483652115,1.0,0.02616053819656372,-1.1040297746658325,0.9057648777961731,1.0,0.0942351222038269,0.0025779379066079855,0.0,0.0025779379066079855,1.0,2.0,-21.067832946777344,1784673024.5503616,5.200470209121704,,0.9729478660500206,16.003384123935515,0.0,,False,1.4956672191619873
23,0.0022062831558287144,8.513378446650677e-08,0.0018142674816772342,0.0015663529047742486,5.79653516297185e-08,0.0011527901515364647,0.0005698336753994226,-12.255481719970703,0.20805524289608002,0.00021265480609145015,0.20696954429149628,0.5288997292518616,0.000153036555275321,0.5200097560882568,0.008956024423241615,-6.521476745605469,0.5088330507278442,0.00013750656216870993,0.519436240196228,0.010603189468383789,-3.1181726455688477,0.9907488822937012,0.0011486149160191417,1.0,0.009251117706298828,-2.428405523300171,0.9762632250785828,0.016552597284317017,1.0,0.023736774921417236,-1.1146482229232788,0.913979172706604,1.0,0.086020827293396,0.002699637785553932,0.0,0.002699637785553932,1.0,2.0,-19.031749725341797,1784673024.6358898,5.285998344421387,,0.6765652744334858,15.832325930214601,0.0,,False,1.4956672191619873
24,0.0022274344228208065,8.289943309591763e-08,0.002220385940745473,0.0015973852714523673,5.629300048326513e-08,0.0014155401149764657,0.0001819817116484046,-14.367279052734375,0.21120798587799072,0.0002082259743474424,0.21271951496601105,0.5302941799163818,0.00014832906890660524,0.5191900134086609,0.011206571012735367,-6.387479782104492,0.509380042552948,0.00013026001397520304,0.5198026299476624,0.010422587394714355,-3.137075424194336,0.9910438060760498,0.001124403323046863,1.0,0.008956193923950195,-2.440643310546875,0.9785735011100769,0.01626519486308098,1.0,0.021426498889923096,-1.126312494277954,0.9197896718978882,1.0,0.08021032810211182,0.002794069703668356,0.0,0.002794069703668356,1.0,2.0,-21.045799255371094,1784673024.7411404,5.391248941421509,,0.3374842555958111,15.649603465139013,0.0,,False,1.4956672191619873
25,0.0022459402680397034,8.12187295196054e-08,0.0022699597757309675,0.0016268636099994183,5.501014044284602e-08,0.0014492751797661185,0.00017920542450156063,-14.392851829528809,0.21341024339199066,0.000204701122129336,0.21833348274230957,0.5326772928237915,0.00014666904462501407,0.5213252305984497,0.01237366534769535,-6.324244022369385,0.5103302001953125,0.00012687647540587932,0.5199919939041138,0.00966179370880127,-3.199331283569336,0.9909581542015076,0.0011120277922600508,1.0,0.009041845798492432,-2.44508695602417,0.9803194999694824,0.015640132129192352,0.9990234375,0.018703937530517578,-1.1488350629806519,0.9239200949668884,1.0,0.07607990503311157,0.0028045892249792814,0.0,0.0028045892249792814,0.0,2.0,-21.05191421508789,1784673024.8462646,5.496373176574707,,0.681083470908419,15.444358431360728,0.0,,False,1.4956672191619873
26,0.0023147729225456715,7.89486094276981e-08,0.002422882476821542,0.001679693115875125,5.313525264227792e-08,0.0015492764068767428,0.0001693995000096038,-14.480499267578125,0.22167792916297913,0.0001983668189495802,0.22401505708694458,0.5342851281166077,0.00013778613356407732,0.5382784008979797,0.004626920446753502,-6.798089027404785,0.5097787976264954,0.0001138082952820696,0.5199171900749207,0.010138392448425293,-3.1699795722961426,0.9936624765396118,0.0010755563853308558,1.0,0.006337523460388184,-2.479848623275757,0.9795652031898499,0.014677212573587894,0.998046875,0.018481671810150146,-1.1801550388336182,0.9344792366027832,1.0,0.0655207633972168,0.003164551453664899,0.0,0.003164551453664899,0.0,2.0,-21.50395965576172,1784673024.9505634,5.600672006607056,,1.476728126894855,15.207793421729477,0.0,,False,1.4956672191619873
27,0.0023713603150099516,7.899254939047751e-08,0.002167479833588004,0.0017191391671076417,5.24707992610729e-08,0.0013904492370784283,0.000386787171009928,-13.427976608276367,0.22892430424690247,0.00019352082745172083,0.228030264377594,0.5357933044433594,0.00013242776913102716,0.5432347059249878,0.007494915742427111,-6.69078254699707,0.5096840858459473,0.00010385554196545854,0.5200056433677673,0.010321557521820068,-3.154418706893921,0.991165280342102,0.0010757936397567391,1.0,0.00883471965789795,-2.4621331691741943,0.977928638458252,0.01420903392136097,0.9970703125,0.019141674041748047,-1.1951067447662354,0.9349402189254761,1.0,0.06505978107452393,0.003230951726436615,0.0,0.003230951726436615,0.0,2.0,-20.357812881469727,1784673025.0443687,5.694477319717407,,1.126226008589299,14.956276706165609,0.0,,False,1.4956672191619873
28,0.0024155424907803535,8.173268639666276e-08,0.002467145910486579,0.0017557835672050714,5.3682192913129256e-08,0.0015941814053803682,0.00016964130918495357,-14.432592391967773,0.23442918062210083,0.0001934313477249816,0.23368346691131592,0.5373075604438782,0.00013113250315655023,0.5436913967132568,0.00642724335193634,-6.750240325927734,0.5098389387130737,9.928279177984223e-05,0.51967453956604,0.009835600852966309,-3.202641010284424,0.9887547492980957,0.001083428505808115,1.0,0.011245250701904297,-2.4365148544311523,0.9763380289077759,0.013682737946510315,0.9990234375,0.02268540859222412,-1.2080658674240112,0.9357516169548035,1.0,0.06424838304519653,0.003287873463705182,0.0,0.003287873463705182,0.0,2.0,-21.434104919433594,1784673025.159721,5.809829473495483,,1.85201592824761,14.691800867943964,0.0,,False,1.4956672191619873
29,0.002463637152686715,8.543879204125915e-08,0.0025018693413585424,0.0017942171543836594,5.5377785912469335e-08,0.0016241888515651226,0.00017427370767109096,-14.384822845458984,0.24010783433914185,0.00019516062457114458,0.23796646296977997,0.5387481451034546,0.00013150063750799745,0.5420726537704468,0.003954469691962004,-6.847444534301758,0.5100710988044739,9.63381608016789e-05,0.5187423229217529,0.008671224117279053,-3.3146438598632812,0.9870568513870239,0.0010818373411893845,1.0,0.012943148612976074,-2.418182611465454,0.974489688873291,0.01331064198166132,1.0,0.025510311126708984,-1.2162115573883057,0.9367528557777405,1.0,0.06324714422225952,0.003375171683728695,0.0,0.003375171683728695,0.0,2.0,-21.520099639892578,1784673025.246594,5.896702527999878,,2.6638005683649055,14.419179339758026,0.0,,False,1.4956672191619873
30,0.0025096237659454346,8.822981101275218e-08,0.0021431827917695045,0.0018343506380915642,5.6536364922976645e-08,0.0013952775625512004,0.0005718952161259949,-12.162046432495117,0.24624590575695038,0.0001953892788151279,0.2431182861328125,0.5400245189666748,0.00013244115689303726,0.5420414209365845,0.0037215452175587416,-6.856678009033203,0.5102902054786682,9.367119491798803e-05,0.5178810358047485,0.007590830326080322,-3.4113521575927734,0.9861437082290649,0.0010689398040995002,1.0,0.013856291770935059,-2.4117984771728516,0.9722591638565063,0.013083169236779213,1.0,0.027740836143493652,-1.2198656797409058,0.93874591588974,1.0,0.06125408411026001,0.0035442339722067118,0.0,0.0035442339722067118,0.0,2.0,-19.353065490722656,1784673025.3491814,5.9992899894714355,,1.308551059312279,14.142903689219487,0.0,,False,1.4956672191619873
31,0.0025574201717972755,9.198569728141592e-08,0.0026557177770882845,0.0018728761933743954,5.807938308066696e-08,0.0017547833267599344,0.00015365006402134895,-14.421087265014648,0.25219351053237915,0.00019607330614235252,0.24882932007312775,0.5414184927940369,0.00013585452688857913,0.5415505170822144,0.003366780001670122,-6.853671073913574,0.5105786323547363,9.327599400421605e-05,0.5156775712966919,0.005098938941955566,-3.5816686153411865,0.985713005065918,0.0010623346315696836,1.0,0.014286994934082031,-2.4086339473724365,0.9694514274597168,0.012898906134068966,0.99609375,0.026642322540283203,-1.2288533449172974,0.9414761662483215,1.0,0.05852383375167847,0.003755599493160844,0.0,0.003755599493160844,0.0,2.0,-21.69485855102539,1784673025.4537022,6.103810787200928,,2.295094610562387,13.857640373504557,0.0,,False,1.4956672191619873
32,0.0025947357062250376,9.447357030012427e-08,0.0022131509613245726,0.0019093623850494623,5.899719113244828e-08,0.0014775985619053245,0.0005762177752330899,-12.221956253051758,0.2576483488082886,0.00019546998373698443,0.2532206177711487,0.5427513718605042,0.0001379312452627346,0.5301666259765625,0.013340937905013561,-6.252292633056641,0.5108808279037476,9.185777889797464e-05,0.5142747163772583,0.003393888473510742,-3.6659984588623047,0.9855824112892151,0.0010555010521784425,1.0,0.014417588710784912,-2.4094629287719727,0.9669850468635559,0.012762293219566345,0.9970703125,0.030085265636444092,-1.2262308597564697,0.9438965916633606,1.0,0.056103408336639404,0.003945487085729837,0.0,0.003945487085729837,0.0,2.0,-19.05678939819336,1784673025.5400033,6.190111875534058,,0.6515256015819233,13.574999542950454,0.0,,False,1.4956672191619873
33,0.0026224092580378056,9.487717278489072e-08,0.002668745117262006,0.0019443973433226347,5.888237808449048e-08,0.0017836723709478974,0.00016727081674616784,-14.340654373168945,0.26199421286582947,0.00019338875426910818,0.258762389421463,0.5432010889053345,0.0001350340317003429,0.5245426893234253,0.018936224281787872,-5.576446533203125,0.5105804204940796,8.702967897988856e-05,0.5127740502357483,0.002193629741668701,-3.728046178817749,0.9860395193099976,0.0010348440846428275,1.0,0.013960480690002441,-2.423647403717041,0.964309573173523,0.012716280296444893,0.9951171875,0.03080761432647705,-1.226178765296936,0.9458615779876709,1.0,0.0541384220123291,0.004152087494730949,0.0,0.004152087494730949,0.0,2.0,-20.665834426879883,1784673025.6449158,6.295024394989014,,0.6010884360850639,13.292410806855885,0.0,,False,1.4956672191619873
34,0.002650067675858736,9.605213335817098e-08,0.0027075656689703465,0.001980715896934271,5.9004669594742154e-08,0.0018236415926367044,0.00016726732428651303,-14.337854385375977,0.26747703552246094,0.00019284753943793476,0.26433485746383667,0.5432901382446289,0.00012993971176911145,0.520846426486969,0.022662600502371788,-4.949265003204346,0.510168194770813,8.041605178732425e-05,0.5090256929397583,0.0011425018310546875,-3.7870938777923584,0.9857978224754333,0.001021265983581543,1.0,0.01420217752456665,-2.425666570663452,0.9637454152107239,0.012863502837717533,0.955078125,0.008667290210723877,-1.2548221349716187,0.9459843635559082,1.0,0.0540156364440918,0.004261306952685118,0.0,0.004261306952685118,0.0,2.0,-20.190813064575195,1784673025.7495022,6.399610757827759,,0.08358650088497654,12.981178701086634,0.0,,False,1.4956672191619873
35,0.002671449678018689,9.719163074350945e-08,0.0026977770030498505,0.0020168041810393333,5.935643443422123e-08,0.0018293359316885471,0.0001893078733701259,-14.255655288696289,0.27213603258132935,0.0001932132727233693,0.2701245844364166,0.5434789657592773,0.00012504092592280358,0.5294570922851562,0.01416541077196598,-6.134751319885254,0.5098366141319275,7.466847455361858e-05,0.5078570246696472,0.0019795894622802734,-3.806046724319458,0.9855161309242249,0.0010120446095243096,1.0,0.014483869075775146,-2.425309658050537,0.9629310965538025,0.012965836562216282,0.984375,0.02144390344619751,-1.2360475063323975,0.9460507035255432,1.0,0.05394929647445679,0.004332039039582014,0.0,0.004332039039582014,0.0,2.0,-21.066478729248047,1784673025.8568137,6.506922245025635,,0.44175023035774075,12.688721223956604,0.0,,False,1.4956672191619873
36,0.002698407741263509,1.0120053417495001e-07,0.0023787051904946566,0.00204831431619823,6.121128848235458e-08,0.0016156370984390378,0.0005379770300351083,-12.48547649383545,0.27581897377967834,0.00019700695702340454,0.27400681376457214,0.5442761778831482,0.00012386974412947893,0.5401194095611572,0.004534605424851179,-6.848318099975586,0.5099961161613464,7.26965517969802e-05,0.5067998170852661,0.0031962990760803223,-3.775402784347534,0.984377384185791,0.0010212177876383066,1.0,0.015622615814208984,-2.4049437046051025,0.9615103602409363,0.01305249985307455,0.9970703125,0.03555995225906372,-1.202009916305542,0.9461522102355957,1.0,0.0538477897644043,0.004385060630738735,0.0,0.004385060630738735,0.0,2.0,-19.851831436157227,1784673025.9415705,6.591679096221924,,0.0,12.430301336853429,0.0,,False,1.4956672191619873
37,0.00273446599021554,1.0646209602782619e-07,0.003066068049520254,0.00207656086422503,6.35879544574891e-08,0.0020933360792696476,0.0003320261021144688,-13.956642150878906,0.28019872307777405,0.0002014657511608675,0.2793636620044708,0.5451779961585999,0.00012347455776762217,0.5419853925704956,0.0033000067342072725,-6.873801231384277,0.5103098154067993,7.126175478333607e-05,0.5051348805427551,0.0051749348640441895,-3.667738199234009,0.9830330610275269,0.001033947803080082,1.0,0.016966938972473145,-2.3790345191955566,0.9619127511978149,0.013117339462041855,0.998046875,0.03613412380218506,-1.1982026100158691,0.9458284974098206,1.0,0.05417150259017944,0.00438864529132843,0.0,0.00438864529132843,0.0,2.0,-21.289552688598633,1784673026.0477176,6.697826147079468,,0.5812376888233501,12.175688756039927,0.0,,False,1.4956672191619873
38,0.002772221341729164,1.1016533107977011e-07,0.0024353310000151396,0.0021062735468149185,6.506328276145723e-08,0.0016691699856892228,0.0005518646794371307,-12.46334457397461,0.285001277923584,0.0002036610821960494,0.2831627428531647,0.5459725260734558,0.00012191680434625596,0.5423545837402344,0.004058289807289839,-6.855754375457764,0.5105189681053162,6.877772830193862e-05,0.5049358010292053,0.00558316707611084,-3.6467645168304443,0.9823235273361206,0.0010366833303123713,1.0,0.017676472663879395,-2.366225242614746,0.9619026780128479,0.01318544615060091,1.0,0.0380973219871521,-1.190343976020813,0.9456955790519714,1.0,0.054304420948028564,0.004449464846402407,0.0,0.004449464846402407,0.0,2.0,-19.771329879760742,1784673026.141937,6.792045593261719,,0.0,11.92893480922148,0.0,,False,1.4956672191619873
39,0.0028099145274609327,1.1323085402636934e-07,0.0029979823157191277,0.0021348479203879833,6.620352621666825e-08,0.002062103245407343,0.00020164642774034292,-14.228158950805664,0.2898780107498169,0.0002055280638160184,0.2877063453197479,0.5464730262756348,0.00011896168871317059,0.5443050265312195,0.0030686077661812305,-6.89421272277832,0.5106769800186157,6.566289812326431e-05,0.5055720806121826,0.0051048994064331055,-3.6981120109558105,0.9816995859146118,0.0010362264001742005,1.0,0.018300414085388184,-2.3555476665496826,0.9613549709320068,0.013268898241221905,0.9931640625,0.031809091567993164,-1.204100251197815,0.9451241493225098,1.0,0.054875850677490234,0.004519489593803883,0.0,0.004519489593803883,0.0,2.0,-21.592586517333984,1784673026.247033,6.897141695022583,,0.8842715175587017,11.668424587226033,0.0,,False,1.4956672191619873
40,0.002848888048902154,1.1834070789973339e-07,0.003002658486366272,0.0021639724727720022,6.835598753696104e-08,0.0020717692095786333,0.00017929525347426534,-14.224151611328125,0.29459142684936523,0.0002093104994855821,0.29182323813438416,0.5474759340286255,0.00011648279905784875,0.5519634485244751,0.005272632464766502,-6.82210636138916,0.5111059546470642,6.318086525425315e-05,0.5071359872817993,0.003969967365264893,-3.7910895347595215,0.9809131026268005,0.001048005884513259,1.0,0.019086897373199463,-2.33768367767334,0.9599655866622925,0.013530180789530277,0.9990234375,0.03905785083770752,-1.1761032342910767,0.9443820714950562,1.0,0.05561792850494385,0.004650350660085678,0.0,0.004650350660085678,0.0,2.0,-21.577381134033203,1784673026.341743,6.991851568222046,,1.7533376518166222,11.435911382137323,0.0,,False,1.4956672191619873
41,0.0029109108727425337,1.272361060955518e-07,0.0031409591902047396,0.0021962698083370924,7.184829087236722e-08,0.002182555617764592,0.00023045674606692046,-14.11581039428711,0.3017445504665375,0.00021843245485797524,0.2973843812942505,0.5475875735282898,0.00010668851609807462,0.5481504201889038,0.0043963477946817875,-6.904436111450195,0.5113683938980103,5.540069832932204e-05,0.5077549815177917,0.003613412380218506,-3.8636815547943115,0.9811586141586304,0.0010376229183748364,1.0,0.01884138584136963,-2.345409870147705,0.9552432298660278,0.01405023131519556,0.9990234375,0.04378020763397217,-1.1454105377197266,0.9409200549125671,1.0,0.05907994508743286,0.005021302495151758,0.0,0.005021302495151758,0.0,2.0,-21.571199417114258,1784673026.457717,7.107825517654419,,2.6162220691555973,11.234090873619964,0.0,,False,1.4956672191619873
42,0.0029963317792862654,1.318906583946955e-07,0.0025421457830816507,0.002228828612715006,7.25972810755593e-08,0.0017722860211506486,0.0006439845310524106,-12.084379196166992,0.3092712461948395,0.0002231687685707584,0.3013416528701782,0.5470884442329407,9.612546273274347e-05,0.5498898029327393,0.008409878239035606,-6.809145927429199,0.5116477608680725,4.79493937746156e-05,0.5079703330993652,0.0036774277687072754,-3.9127252101898193,0.9807828068733215,0.0010139665100723505,1.0,0.019217193126678467,-2.3458971977233887,0.9517292380332947,0.014255305752158165,0.998046875,0.04631763696670532,-1.1311280727386475,0.9351597428321838,1.0,0.06484025716781616,0.005229094531387091,0.0,0.005229094531387091,0.0,3.0,-19.48805809020996,1784673026.5446227,7.19473123550415,,1.3959651595902756,11.046552830083684,0.0,,False,1.4956672191619873
43,0.00304305087774992,1.348471698747744e-07,0.0031487324740737677,0.0022419022861868143,7.368499410631557e-08,0.00219907914288342,0.00011402816016925499,-14.229562759399414,0.31209203600883484,0.00022740892018191516,0.3062554895877838,0.5475634336471558,9.029395005200058e-05,0.5508718490600586,0.006709015462547541,-6.877213478088379,0.5122844576835632,4.5049426262266934e-05,0.5079457759857178,0.004338681697845459,-3.8760087490081787,0.9785448908805847,0.0010261365678161383,1.0,0.021455109119415283,-2.2977404594421387,0.9534236192703247,0.014248734340071678,0.998046875,0.04462325572967529,-1.1367310285568237,0.9293671250343323,1.0,0.07063287496566772,0.004994005896151066,0.0,0.004994005896151066,0.0,3.0,-21.66933822631836,1784673026.6490998,7.299208402633667,,2.3569883861333523,10.853411830729227,0.0,,False,1.4956672191619873
44,0.0030929266940802336,1.3785597730020527e-07,0.003266331274062395,0.002290492644533515,7.423702186315495e-08,0.002288111252710223,0.0001734209363348782,-14.159553527832031,0.31808945536613464,0.0002304252702742815,0.3120364844799042,0.5483815670013428,8.533702202839777e-05,0.5511730909347534,0.0066656628623604774,-6.909205913543701,0.512952446937561,4.164499478065409e-05,0.5080273747444153,0.004925072193145752,-3.832998514175415,0.9788551926612854,0.0009995540603995323,1.0,0.0211448073387146,-2.3115108013153076,0.9490594267845154,0.01435778010636568,1.0,0.05094057321548462,-1.1124261617660522,0.9271301627159119,1.0,0.07286983728408813,0.005292276851832867,0.0,0.005292276851832867,0.0,3.0,-21.603418350219727,1784673026.7538235,7.403932094573975,,3.252091736577796,10.684575698165542,0.0,,False,1.4956672191619873
45,0.0031277479138225317,1.403227685159436e-07,0.0026815179735422134,0.002287250943481922,7.353006736821044e-08,0.001879181363619864,0.0006046833586879075,-12.42272663116455,0.3203701972961426,0.00023155607050284743,0.31613317131996155,0.5507115721702576,8.10507481219247e-05,0.5513203144073486,0.004280532244592905,-7.016633987426758,0.5143531560897827,3.9524671592516825e-05,0.5083456635475159,0.006007492542266846,-3.6938040256500244,0.9805431962013245,0.0009557378944009542,1.0,0.019456803798675537,-2.359524965286255,0.9493386745452881,0.014558638446033001,1.0,0.050661325454711914,-1.1077009439468384,0.928928792476654,1.0,0.07107120752334595,0.0055908262729644775,0.0,0.0055908262729644775,0.0,4.0,-19.882936477661133,1784673026.8400047,7.490113258361816,,2.4267132144636463,10.52046478342107,0.0,,False,1.4956672191619873
46,0.0031692832708358765,1.4320833940928424e-07,0.003296850947663188,0.0023177971597760916,7.411131264234427e-08,0.002319825580343604,0.00012758380034938455,-14.193609237670898,0.3248390257358551,0.00023459899239242077,0.3210156261920929,0.5505243539810181,7.738727435935289e-05,0.5517200231552124,0.004005996510386467,-7.033890247344971,0.5145368576049805,3.71003188774921e-05,0.5087448954582214,0.005791962146759033,-3.7298943996429443,0.9799602031707764,0.0009421235299669206,1.0,0.020039796829223633,-2.351616621017456,0.9472556114196777,0.0146710854023695,1.0,0.052744388580322266,-1.0971884727478027,0.9264542460441589,1.0,0.07354575395584106,0.005689525511115789,0.0,0.005689525511115789,0.0,4.0,-21.685667037963867,1784673026.9446278,7.594736337661743,,3.404065252652231,10.366866339875635,0.0,,False,1.4956672191619873
47,0.00321191200055182,1.450852096240851e-07,0.0036598537117242813,0.0023475042544305325,7.426410775224213e-08,0.0025878851301968098,0.0005083647556602955,-13.16238021850586,0.3293812870979309,0.00023608453921042383,0.3267122507095337,0.5503789186477661,7.436032319674268e-05,0.5525316596031189,0.003429001197218895,-7.044828414916992,0.5147377848625183,3.516195647534914e-05,0.5090233683586121,0.00571441650390625,-3.7444891929626465,0.9795950651168823,0.0009288194705732167,1.0,0.020404934883117676,-2.347724676132202,0.9456786513328552,0.014778219163417816,0.9990234375,0.053344786167144775,-1.0920829772949219,0.9229706525802612,1.0,0.07702934741973877,0.005704373586922884,0.0,0.005704373586922884,0.0,3.0,-20.670486450195312,1784673027.055045,7.705153465270996,,3.3662367030722606,10.21837339178308,0.0,,False,1.4956672191619873
48,0.0032503881957381964,1.4341138410145504e-07,0.0028035300783813,0.0023775645531713963,7.306778115889756e-08,0.0019843364134430885,0.0005952399224042892,-12.502533912658691,0.333584725856781,0.00023395183961838484,0.3309844434261322,0.5500754714012146,7.181824912549928e-05,0.5486462116241455,0.002967196051031351,-7.084334373474121,0.5148338079452515,3.376897075213492e-05,0.5090399980545044,0.00579380989074707,-3.7320175170898438,0.9797661900520325,0.0009131792467087507,1.0,0.02023380994796753,-2.3561851978302,0.9450275897979736,0.014858780428767204,0.9970703125,0.05204272270202637,-1.0945039987564087,0.9186875820159912,1.0,0.08131241798400879,0.00559429544955492,0.0,0.00559429544955492,0.0,3.0,-20.0360107421875,1784673027.1406605,7.790769100189209,,2.693932445484478,10.067459422229039,0.0,,False,1.4956672191619873
49,0.0032787227537482977,1.3959686384623637e-07,0.0033854180946946144,0.0024049109779298306,7.1007420388014e-08,0.002403967548161745,0.00010669951007002965,-14.243836402893066,0.33704569935798645,0.0002304384543094784,0.3361577093601227,0.549690306186676,6.854243110865355e-05,0.5444787740707397,0.00528664281591773,-6.944077968597412,0.51483553647995,3.1967629183782265e-05,0.5093825459480286,0.005452990531921387,-3.7913734912872314,0.980361819267273,0.0008929744362831116,1.0,0.01963818073272705,-2.3755977153778076,0.9443477392196655,0.014956998638808727,0.9990234375,0.05467569828033447,-1.0824153423309326,0.9156620502471924,1.0,0.08433794975280762,0.005524381995201111,0.0,0.005524381995201111,0.0,3.0,-21.694786071777344,1784673027.247327,7.897435665130615,,3.680403517486539,9.928634109100473,0.0,,False,1.4956672191619873
50,0.003307952079921961,1.345052140777625e-07,0.004014428239315748,0.0024323477409780025,6.834863341964592e-08,0.0028428847435861826,0.0008170980145223439,-11.233977317810059,0.34044620394706726,0.00022513103613164276,0.34412121772766113,0.5493769645690918,6.579075125046074e-05,0.5449874997138977,0.00572478212416172,-6.999627590179443,0.5148411989212036,3.0382278055185452e-05,0.5096126198768616,0.005228579044342041,-3.8319859504699707,0.9812718629837036,0.000872627308126539,1.0,0.018728137016296387,-2.402092933654785,0.9440212249755859,0.015065090730786324,1.0,0.05597877502441406,-1.0747461318969727,0.9124242663383484,1.0,0.08757573366165161,0.0054345205426216125,0.0,0.0054345205426216125,0.0,3.0,-18.749671936035156,1784673027.3721528,8.022261381149292,,1.7217604537464126,9.797478006405868,0.0,,False,1.4956672191619873
51,0.0034504674840718508,1.3040225610438938e-07,0.003448336385190487,0.0025338795967400074,6.495185544963533e-08,0.002443504286929965,9.040043369168416e-05,-14.300361633300781,0.35634469985961914,0.0002200710732722655,0.34854233264923096,0.5472733378410339,5.5410524510079995e-05,0.5459936261177063,0.007906617596745491,-7.120183944702148,0.5143558382987976,2.454105379001703e-05,0.5103325843811035,0.004023253917694092,-4.058856964111328,0.9838368892669678,0.0008201564196497202,1.0,0.016163110733032227,-2.4748034477233887,0.928011417388916,0.01630905084311962,0.9970703125,0.06905889511108398,-0.9928678274154663,0.8787883520126343,1.0,0.12121164798736572,0.004979632794857025,0.0,0.004979632794857025,0.0,3.0,-22.025938034057617,1784673027.4666073,8.116715908050537,,3.039383488028747,9.748200208192769,0.0,,False,1.4956672191619873
52,0.0034910596441477537,1.2568045804073336e-07,0.002967567415907979,0.002566009294241667,6.27279774789713e-08,0.0021128228399902582,0.0006924031185917556,-11.671819686889648,0.3606269359588623,0.0002130008360836655,0.35357466340065,0.5477840900421143,5.61744200240355e-05,0.5489718914031982,0.007151602767407894,-7.153449058532715,0.51475590467453,2.4767190552665852e-05,0.510869026184082,0.003886878490447998,-4.079059600830078,0.984169602394104,0.0008271444239653647,1.0,0.015830397605895996,-2.4783411026000977,0.9259241223335266,0.01691177301108837,0.9970703125,0.07114619016647339,-0.9712815284729004,0.8704198598861694,1.0,0.12958014011383057,0.004850721452385187,0.0,0.004850721452385187,0.0,3.0,-19.43410873413086,1784673027.5607762,8.210884809494019,,1.7651772223843238,9.720508708922235,0.0,,False,1.4956672191619873
53,0.0035370427649468184,1.2088433720691683e-07,0.003099630819633603,0.0026023495011031628,6.061833346393541e-08,0.0022033038549125195,0.0005920866969972849,-12.330856323242188,0.36575478315353394,0.0002057443343801424,0.35679149627685547,0.548540472984314,5.774452074547298e-05,0.5540655851364136,0.010529357939958572,-6.8267316818237305,0.5153051018714905,2.5364965040353127e-05,0.510982871055603,0.004322230815887451,-4.003874778747559,0.9849584698677063,0.0008360574138350785,1.0,0.015041530132293701,-2.489161968231201,0.9235142469406128,0.017637023702263832,1.0,0.07648575305938721,-0.93409264087677,0.8588686585426331,1.0,0.14113134145736694,0.004690712317824364,0.0,0.004690712317824364,0.0,3.0,-19.794179916381836,1784673027.6476455,8.297754049301147,,0.8510421389908771,9.730006097247832,0.0,,False,1.4956672191619873
54,0.0036024327855557203,1.1980988290360983e-07,0.0037026868667453527,0.0026458012871444225,6.010968434111419e-08,0.002662316896021366,0.0001016053429339081,-14.40013599395752,0.3725462555885315,0.0002022952539846301,0.3624880611896515,0.5494636297225952,6.04362903686706e-05,0.5551804900169373,0.01156934630125761,-6.751537322998047,0.515995979309082,2.646005123096984e-05,0.5112736821174622,0.004722297191619873,-3.9296066761016846,0.9863160848617554,0.0008539361879229546,1.0,0.013683915138244629,-2.5042495727539062,0.920717716217041,0.018783913925290108,0.9990234375,0.07830572128295898,-0.905219554901123,0.8376038670539856,1.0,0.1623961329460144,0.004424072802066803,0.0,0.004424072802066803,0.0,3.0,-21.76616859436035,1784673027.75337,8.403478622436523,,1.908895733575946,9.768376571549076,0.0,,False,1.4956672191619873
55,0.003673617262393236,1.1491371765259828e-07,0.0030502029694616795,0.0026966584846377373,5.8324122420572166e-08,0.002195562468841672,0.0007998390938155353,-10.636655807495117,0.37885454297065735,0.00019623471598606557,0.36687538027763367,0.5506590604782104,6.350870535243303e-05,0.5488519668579102,0.012114698067307472,-6.871045112609863,0.5170323252677917,2.7703792511601932e-05,0.5117788910865784,0.005253434181213379,-3.8299310207366943,0.9898598194122314,0.0008631928940303624,1.0,0.010140180587768555,-2.5489377975463867,0.9127837419509888,0.020293982699513435,1.0,0.08721625804901123,-0.8423648476600647,0.8114398717880249,1.0,0.1885601282119751,0.004285354632884264,0.0,0.004285354632884264,0.0,3.0,-18.0484561920166,1784673027.8392787,8.489387273788452,,1.659858807758681,9.869601753091379,0.0,,False,1.4956672191619873
56,0.003689456032589078,1.1246267916931174e-07,0.0038065321277827024,0.0027057628612965345,5.722207774283561e-08,0.00274421158246696,0.00012322790280450135,-14.426752090454102,0.37999939918518066,0.00019415757560636848,0.3721616268157959,0.5506341457366943,6.271056190598756e-05,0.544880211353302,0.009723087772727013,-6.851862907409668,0.5171130895614624,2.729484003793914e-05,0.5116355419158936,0.005477547645568848,-3.785848617553711,0.9905915260314941,0.0008560600690543652,1.0,0.00940847396850586,-2.5609450340270996,0.9123361706733704,0.02053980529308319,0.990234375,0.07789820432662964,-0.8760403990745544,0.8053951859474182,1.0,0.1946048140525818,0.004244843032211065,0.0,0.004244843032211065,1.0,3.0,-21.801166534423828,1784673027.9451904,8.595299005508423,,1.0928515346485455,9.937151383219192,0.0,,False,1.4956672191619873
57,0.0037522276397794485,1.3688641331555118e-07,0.004019591957330704,0.002724447986111045,6.819337272645498e-08,0.002907650312408805,0.00032410919084213674,-13.807445526123047,0.38470837473869324,0.00022864087077323347,0.37835681438446045,0.5481442213058472,5.8540877944324166e-05,0.5548303127288818,0.009222046472132206,-6.756655693054199,0.5159510374069214,2.5374953111167997e-05,0.511045515537262,0.004905521869659424,-3.897764205932617,0.9884607791900635,0.0008652074029669166,1.0,0.011539220809936523,-2.530383348464966,0.9185925722122192,0.021827086806297302,0.994140625,0.07554805278778076,-0.8626195192337036,0.7234780788421631,1.0,0.2765219211578369,0.0032950961031019688,0.0,0.0032950961031019688,1.0,3.0,-21.161651611328125,1784673028.0545893,8.704697847366333,,1.5461881462013878,10.018121893187855,0.0,,False,1.4956672191619873
58,0.0038241988513618708,1.5290447663574014e-07,0.0031606764532625675,0.0027498682029545307,7.571183857635333e-08,0.0022894085850566626,0.0008076416561380029,-11.367154121398926,0.3899545669555664,0.0002543630835134536,0.38281479477882385,0.545806884765625,5.797534322482534e-05,0.5574320554733276,0.013642614707350731,-5.912504196166992,0.5147576332092285,2.456220863678027e-05,0.5100956559181213,0.004661977291107178,-3.945783853530884,0.9926270246505737,0.0008816826739348471,1.0,0.0073729753494262695,-2.567073106765747,0.9223800897598267,0.021063541993498802,0.99609375,0.07371366024017334,-0.8821836709976196,0.6376921534538269,1.0,0.3623078465461731,0.0024633524008095264,0.0,0.0024633524008095264,1.0,3.0,-18.070049285888672,1784673028.1402175,8.790326118469238,,1.6382657138866108,10.079528251392603,0.0,,False,1.4956672191619873
59,0.003884257050231099,1.6768922250776086e-07,0.004056699573993683,0.002780371345579624,8.402766127346695e-08,0.0029468131251633167,0.00023966495064087212,-13.855250358581543,0.3947029411792755,0.000280006235698238,0.3873580992221832,0.543548047542572,5.782485459349118e-05,0.5450709462165833,0.007501061540096998,-7.015132904052734,0.5136223435401917,2.409137596259825e-05,0.5103198885917664,0.003302454948425293,-4.171538829803467,0.9967398047447205,0.000946947606280446,1.0,0.003260195255279541,-2.5565826892852783,0.9246987700462341,0.020330993458628654,0.9990234375,0.07432466745376587,-0.8930103778839111,0.523364245891571,1.0,0.47663575410842896,0.0017268230440095067,0.0,0.0017268230440095067,1.0,3.0,-21.55312728881836,1784673028.2469807,8.89708924293518,,0.8448122890430767,10.130107902711059,0.0,,False,1.4956672191619873
60,0.0039355033077299595,1.801670919121534e-07,0.004005201626569033,0.0028138926718384027,9.222859631563551e-08,0.002930854447185993,0.00013615400530397892,-13.938665390014648,0.39824235439300537,0.00030366884311661124,0.3920791447162628,0.5417202115058899,5.730256816605106e-05,0.5438421964645386,0.006518279667943716,-6.993658065795898,0.5126048922538757,2.3578759282827377e-05,0.5107071399688721,0.0018977522850036621,-4.332273006439209,0.9994200468063354,0.0010559106012806296,1.0,0.0005799531936645508,-2.507577896118164,0.9263668060302734,0.019427472725510597,0.96875,0.04238319396972656,-1.0053632259368896,0.3999396562576294,1.0,0.6000603437423706,0.0011268294183537364,0.0,0.0011268294183537364,1.0,3.0,-21.69972801208496,1784673028.351939,9.002047538757324,,1.836225301352755,10.068334705976536,0.0,,False,1.4956672191619873
61,0.003987290896475315,1.8597124551433808e-07,0.0040524061769247055,0.0028459904715418816,9.71259623838705e-08,0.0029750994872301817,0.0001445999223506078,-13.88737678527832,0.40137195587158203,0.0003189523995388299,0.39754095673561096,0.5398285388946533,5.4357929911930114e-05,0.5432237982749939,0.0051190173253417015,-6.968274116516113,0.5115699172019958,2.2308087864075787e-05,0.5097159147262573,0.0018540024757385254,-4.359300136566162,0.9989750981330872,0.0011816376354545355,1.0,0.0010249018669128418,-2.4510440826416016,0.9284244775772095,0.018824588507413864,0.9873046875,0.05888020992279053,-0.9752733707427979,0.3074919581413269,1.0,0.6925080418586731,0.0007503360975533724,0.0,0.0007503360975533724,1.0,3.0,-21.641645431518555,1784673028.4572566,9.107365131378174,,2.769555733096027,10.036651364436105,0.0,,False,1.4956672191619873
62,0.004022196866571903,1.8531579826230882e-07,0.0033461733255535364,0.0028734919615089893,9.890352714592154e-08,0.0024561567697674036,0.0007944661774672568,-11.863737106323242,0.4034879505634308,0.00032437662594020367,0.40134763717651367,0.5379095077514648,5.0167323934147134e-05,0.5417250394821167,0.004374839831143618,-6.976840019226074,0.5105307698249817,2.0702114852610976e-05,0.5088554620742798,0.0016753077507019043,-4.405911922454834,0.9951887130737305,0.0013050367124378681,1.0,0.004811286926269531,-2.3929545879364014,0.930108368396759,0.018471723422408104,0.900390625,0.029717743396759033,-1.0529133081436157,0.2591340243816376,1.0,0.74086594581604,0.0005446802824735641,0.0,0.0005446802824735641,1.0,3.0,-19.648164749145508,1784673028.5409806,9.191089153289795,,1.7094054824662521,9.927328085494857,0.0,,False,1.4956672191619873
63,0.0040509384125471115,1.8821083358488977e-07,0.003991660661995411,0.0028941326308995485,1.0203019940036029e-07,0.0029233002569526434,6.606513488804922e-05,-13.940469741821289,0.4062487781047821,0.0003321368421893567,0.40601029992103577,0.5358335375785828,4.5614233386004344e-05,0.5419420003890991,0.006113116163760424,-6.755654811859131,0.5094025135040283,1.8852180801331997e-05,0.5087320804595947,0.0006704330444335938,-4.508581161499023,0.99006587266922,0.001406370778568089,1.0,0.00993412733078003,-2.3293471336364746,0.9313412308692932,0.01844634674489498,0.98095703125,0.04961580038070679,-1.0107792615890503,0.22971615195274353,1.0,0.7702838182449341,0.0004285457544028759,0.0,0.0004285457544028759,1.0,3.0,-21.599285125732422,1784673028.646128,9.296236515045166,,2.6003756084233913,9.860138853108174,0.0,,False,1.4956672191619873
64,0.0040846457704901695,1.960919888688295e-07,0.004191269166767597,0.00291790091432631,1.0660497906656019e-07,0.0030764122493565083,0.00019103505474049598,-13.764698028564453,0.4092164635658264,0.00034087608219124377,0.4108109474182129,0.5340486168861389,4.2822397517738864e-05,0.5401571393013,0.0063131945207715034,-6.743930816650391,0.5084903836250305,1.770471135387197e-05,0.5093966722488403,0.0009062886238098145,-4.52870512008667,0.9832779169082642,0.0015356102958321571,1.0,0.01672208309173584,-2.2294273376464844,0.9316933751106262,0.01865617372095585,0.9658203125,0.03412693738937378,-1.0406370162963867,0.22059576213359833,1.0,0.7794042229652405,0.00037144828820601106,0.0,0.00037144828820601106,1.0,3.0,-21.424196243286133,1784673028.7520144,9.402122974395752,,3.3162568519342415,9.763091866014154,0.0,,False,1.4956672191619873
65,0.004115466959774494,2.0529019195691944e-07,0.004246905446052551,0.002934953197836876,1.1158486756812636e-07,0.0031297176610678434,0.00023496653011534363,-13.653731346130371,0.4126538038253784,0.0003499646845739335,0.4163860082626343,0.5326294302940369,4.03252306568902e-05,0.5390329957008362,0.007411814760416746,-6.671891212463379,0.5077431797981262,1.6356227206415497e-05,0.5096746683120728,0.0019314885139465332,-4.477468490600586,0.9760445356369019,0.0016742860898375511,1.0,0.023955464363098145,-2.105869770050049,0.9308229088783264,0.018658732995390892,0.998046875,0.06722396612167358,-0.9506842494010925,0.2164209634065628,1.0,0.7835790514945984,0.00034047654480673373,0.0,0.00034047654480673373,1.0,3.0,-21.22998046875,1784673028.8583162,9.508424758911133,,3.837922320908959,9.755997645815428,0.0,,False,1.4956672191619873
66,0.004139788448810577,2.167758736959513e-07,0.004115033894777298,0.0029502813704311848,1.1725285276042996e-07,0.003023936878889799,7.770406955387443e-05,-13.7892427444458,0.4163222014904022,0.0003579109616111964,0.4219249188899994,0.5315622687339783,3.9055419620126486e-05,0.5390124320983887,0.009321768768131733,-6.450555801391602,0.5071702599525452,1.5217492546071298e-05,0.5096746683120728,0.002504408359527588,-4.421513557434082,0.9670476913452148,0.0018928215140476823,1.0,0.032952308654785156,-1.9290697574615479,0.9291501641273499,0.018395544961094856,0.98388671875,0.054736554622650146,-0.9974496364593506,0.2296084761619568,1.0,0.7703915238380432,0.0003427925694268197,0.0,0.0003427925694268197,1.0,2.0,-21.160444259643555,1784673028.9525406,9.602649211883545,,4.290051580777231,9.702138038558445,0.0,,False,1.4956672191619873
67,0.004164107609540224,2.2477762229300424e-07,0.003860902739688754,0.002949419664219022,1.2016148787097336e-07,0.0028470619581639767,0.0003200160863343626,-13.535320281982422,0.4210132956504822,0.0003599819028750062,0.42575713992118835,0.5307108163833618,3.676906635519117e-05,0.5379478931427002,0.00865328498184681,-6.4888014793396,0.5066800117492676,1.3247016795503441e-05,0.5083106756210327,0.0016306638717651367,-4.5965657234191895,0.9566856026649475,0.002164063975214958,1.0,0.04331439733505249,-1.7154699563980103,0.923650324344635,0.017907148227095604,0.9892578125,0.06560748815536499,-0.9721541404724121,0.2639571726322174,1.0,0.736042857170105,0.00038886768743395805,0.0,0.00038886768743395805,1.0,2.0,-21.02464485168457,1784673029.048185,9.698293685913086,,4.6063814326865185,9.6735739272884,0.0,,False,1.4956672191619873
68,0.004201484378427267,2.5100385414589255e-07,0.003591615939512849,0.002949167275801301,1.318992701726529e-07,0.0026657411362975836,0.0006725101266056299,-12.63621711730957,0.42623430490493774,0.0003771373594645411,0.42958760261535645,0.5301123857498169,3.662401650217362e-05,0.5345098972320557,0.005530163645744324,-6.932060241699219,0.5062829256057739,1.241293557541212e-05,0.507960855960846,0.0016779303550720215,-4.616038799285889,0.9454529881477356,0.002600769279524684,1.0,0.054547011852264404,-1.4850168228149414,0.920264720916748,0.01777493767440319,0.97314453125,0.05287981033325195,-1.0173866748809814,0.2918241322040558,1.0,0.7081758975982666,0.00043022807221859694,0.0,0.00043022807221859694,1.0,2.0,-20.489885330200195,1784673029.1434379,9.793546438217163,,4.387951763111431,9.599777281609786,0.0,,False,1.4956672191619873
69,0.004275142215192318,3.2439959340990754e-07,0.004541473928838968,0.0030370010063052177,1.78297383968129e-07,0.003374931402504444,0.00043026680941693485,-12.973102569580078,0.4422846734523773,0.00044299184810370207,0.4342321455478668,0.5314912796020508,3.5725221096072346e-05,0.534337043762207,0.008540583774447441,-6.9563984870910645,0.5063517093658447,1.1284455467830412e-05,0.507744312286377,0.0013926029205322266,-4.691173553466797,0.927280068397522,0.003234114730730653,1.0,0.07271993160247803,-1.1304980516433716,0.9188697338104248,0.014949425123631954,0.98095703125,0.062087297439575195,-1.0536736249923706,0.2512029707431793,0.0,0.2512029707431793,0.00031875137938186526,0.0,0.00031875137938186526,0.0,2.0,-20.883808135986328,1784673029.2497299,9.8998384475708,,4.5634448993224765,9.489693685819782,0.0,,False,1.4956672191619873
70,0.004315719939768314,3.277021107805922e-07,0.004399491939693689,0.0030284009408205748,1.7821874109813507e-07,0.003279767232015729,0.00026495804195292294,-13.209855079650879,0.44424206018447876,0.00044091386371292174,0.439566045999527,0.5326281189918518,3.847264088108204e-05,0.5335928797721863,0.004774502478539944,-7.071343421936035,0.5065345168113708,1.1437345165177248e-05,0.5070107579231262,0.0004762411117553711,-4.7604594230651855,0.9195753335952759,0.0038982811383903027,1.0,0.08042466640472412,-1.0250587463378906,0.9168207049369812,0.014842873439192772,0.9921875,0.0753667950630188,-0.9948365092277527,0.240467369556427,0.0,0.240467369556427,0.0003265873820055276,0.0,0.0003265873820055276,0.0,2.0,-21.247159957885742,1784673029.354296,10.004404544830322,,5.102289857432936,9.438447205794397,0.0,,False,1.4956672191619873
71,0.0043336451053619385,3.2760183898972173e-07,0.003758014412596822,0.003016676986590028,1.7829978560257587e-07,0.0028107347898185253,0.0006113614654168487,-12.773099899291992,0.445078045129776,0.00044702086597681046,0.4431811273097992,0.5327140092849731,4.089897993253544e-05,0.5336197018623352,0.002102040918543935,-7.05672550201416,0.5064617395401001,1.2392383723636158e-05,0.506507933139801,4.6193599700927734e-05,-4.730189323425293,0.9236083030700684,0.004479500465095043,1.0,0.07639169692993164,-1.133805751800537,0.9176322221755981,0.015192647464573383,0.98193359375,0.06430137157440186,-1.0384587049484253,0.2240985631942749,0.0,0.2240985631942749,0.0003373245126567781,0.0,0.0003373245126567781,0.0,2.0,-20.7835750579834,1784673029.43846,10.088568687438965,,5.177549915641052,9.343578530048338,0.0,,False,1.4956672191619873
72,0.004335375502705574,3.2641128200339153e-07,0.004450964275747538,0.0029888686258345842,1.7826094733663922e-07,0.0033311794977635145,0.0003612997243180871,-13.050552368164062,0.44540661573410034,0.00045537989353761077,0.44746628403663635,0.5325304269790649,4.36421760241501e-05,0.5317758321762085,0.0021935466211289167,-7.017873764038086,0.5064218044281006,1.3656136616191361e-05,0.5061717629432678,0.00025004148483276367,-4.6794328689575195,0.9361459612846375,0.005024319048970938,1.0,0.06385403871536255,-1.3220340013504028,0.9184439778327942,0.01599486544728279,0.9697265625,0.05128258466720581,-1.0665943622589111,0.20788222551345825,0.0,0.20788222551345825,0.00035382749047130346,0.0,0.00035382749047130346,0.0,2.0,-21.004568099975586,1784673029.544271,10.194379568099976,,5.473803015841355,9.220574196991794,0.0,,False,1.4956672191619873
73,0.004368645139038563,3.300519324511697e-07,0.004496156238019466,0.002992518013343215,1.818019654820091e-07,0.0033747118432074785,0.0004029034753330052,-12.957939147949219,0.4505884349346161,0.00047730753431096673,0.45179104804992676,0.5322177410125732,4.649478796636686e-05,0.5308629870414734,0.0018115288112312555,-6.952630043029785,0.5062875151634216,1.5275791156454943e-05,0.505565881729126,0.0007216334342956543,-4.608636856079102,0.956120491027832,0.005744622554630041,1.0,0.04387950897216797,-1.4932231903076172,0.9205385446548462,0.016356371343135834,0.9462890625,0.02575051784515381,-1.117360234260559,0.1740521639585495,0.0,0.1740521639585495,0.00034082174533978105,0.0,0.00034082174533978105,0.0,2.0,-20.824359893798828,1784673029.6492634,10.29937195777893,,5.5898479098649005,9.046803991933603,0.0,,False,1.4956672191619873
74,0.004400372505187988,3.2804618399495666e-07,0.0047364854253828526,0.0030058682896196842,1.8318243633075326e-07,0.0035730081144720316,0.0006592567660845816,-12.3334379196167,0.4563959836959839,0.0004996972857043147,0.45690298080444336,0.5316467881202698,4.884447480435483e-05,0.5299462676048279,0.0017744903452694416,-6.896452903747559,0.5060288310050964,1.6857760783750564e-05,0.5052071213722229,0.0008217096328735352,-4.556384563446045,0.9790443181991577,0.006396267097443342,1.0,0.020955681800842285,-1.57275390625,0.9230924248695374,0.016284430399537086,1.0,0.07690757513046265,-0.9582259654998779,0.1351427137851715,0.0,0.1351427137851715,0.00030491428333334625,0.0,0.00030491428333334625,0.0,2.0,-20.128793716430664,1784673029.753834,10.403942584991455,,5.010326626520282,9.032168055636092,0.0,,False,1.4956672191619873
75,0.004424640908837318,3.2008128414418024e-07,0.0038876074831932783,0.00303484289906919,1.8070704754791223e-07,0.002941661514341831,0.0005450574681162834,-12.928119659423828,0.4617970883846283,0.0005153687088750303,0.4605509340763092,0.5310492515563965,5.115114981890656e-05,0.5293001532554626,0.0021476137917488813,-6.856388092041016,0.5056474208831787,1.7950600522453897e-05,0.5047116875648499,0.0009357333183288574,-4.520615577697754,0.9912779331207275,0.007152009289711714,1.0,0.008722066879272461,-1.5459240674972534,0.9257355332374573,0.0156279057264328,0.9990234375,0.07328790426254272,-0.9885662794113159,0.09988441318273544,0.0,0.09988441318273544,0.0002525505260564387,0.0,0.0002525505260564387,0.0,2.0,-20.673538208007812,1784673029.8495648,10.49967336654663,,4.975549834752812,8.987191805427143,0.0,,False,1.4956672191619873
76,0.004435990005731583,3.1439714121006546e-07,0.0046137599274516106,0.003060620976611972,1.7862689105641039e-07,0.0034889259841293097,0.0004637319652829319,-12.853665351867676,0.4656431972980499,0.0005291638663038611,0.46455052495002747,0.5305208563804626,5.3180719987722114e-05,0.5293454527854919,0.0016048384131863713,-6.8410186767578125,0.5051928162574768,1.844724283728283e-05,0.5041512846946716,0.0010415315628051758,-4.501956939697266,0.9887107610702515,0.007920468226075172,1.0,0.011289238929748535,-1.4921685457229614,0.9279812574386597,0.01476981956511736,0.95263671875,0.024655461311340332,-1.1680673360824585,0.07061070948839188,0.0,0.07061070948839188,0.00019172066822648048,0.0,0.00019172066822648048,0.0,4.0,-20.57745933532715,1784673029.9538538,10.603962421417236,,4.8446941703046775,8.762714498547052,0.0,,False,1.4956672191619873
77,0.004447702318429947,3.2913325753725076e-07,0.005034864880144596,0.0031103896908462048,1.8662476009012607e-07,0.003810406196862459,0.0009136645821854472,-11.536012649536133,0.47035279870033264,0.0005539846606552601,0.4692096710205078,0.5302891135215759,5.681066249962896e-05,0.5277304649353027,0.002802395960316062,-6.740405082702637,0.5049530267715454,1.891786632768344e-05,0.5039727091789246,0.0009803175926208496,-4.493363380432129,0.9767969250679016,0.008827767334878445,1.0,0.02320307493209839,-1.4154943227767944,0.9311491847038269,0.014106559567153454,0.9560546875,0.024905502796173096,-1.1896336078643799,0.044183142483234406,0.0,0.044183142483234406,0.0001268924243049696,0.0,0.0001268924243049696,0.0,4.0,-19.175018310546875,1784673030.0666187,10.716727256774902,,3.31139748107627,8.516670919885039,0.0,,False,1.4956672191619873
78,0.004457931965589523,3.332192193283845e-07,0.004718842450529337,0.003183121792972088,1.840556791421477e-07,0.0035700686275959015,0.00046669275616295636,-12.864477157592773,0.47461673617362976,0.0005692138220183551,0.47453513741493225,0.530060887336731,6.042920722393319e-05,0.5261127948760986,0.0039489357732236385,-6.625790119171143,0.5046890377998352,1.894576234917622e-05,0.5035058259963989,0.0011832118034362793,-4.4810791015625,0.9584906101226807,0.010020434856414795,1.0,0.041509389877319336,-1.2966501712799072,0.9355297088623047,0.013159270398318768,0.9951171875,0.05958747863769531,-1.1114646196365356,0.030727433040738106,0.0,0.030727433040738106,8.164542668964714e-05,0.0,8.164542668964714e-05,0.0,4.0,-20.405649185180664,1784673030.1719663,10.822074890136719,,3.0087316664816512,8.34879632945087,0.0,,False,1.4956672191619873
79,0.004449018277227879,3.2945789030236483e-07,0.004140965640544891,0.0032729587983340025,1.7370724947340932e-07,0.003135708160698414,0.00033724497188813984,-13.209736824035645,0.47790175676345825,0.0005721497000195086,0.4779341220855713,0.5301681160926819,6.488988583441824e-05,0.5240066647529602,0.006161536555737257,-6.424063682556152,0.5045856237411499,1.8941229427582584e-05,0.5034304857254028,0.0011551380157470703,-4.482922554016113,0.9480438232421875,0.01157281082123518,1.0,0.0519561767578125,-1.1939811706542969,0.9400991797447205,0.012167700566351414,0.79248046875,0.14761871099472046,-0.39009058475494385,0.02627582475543022,0.0,0.02627582475543022,5.7876062783179805e-05,0.0,5.7876062783179805e-05,0.0,4.0,-20.5904483795166,1784673030.2560015,10.906110048294067,,2.89086504622297,8.902295773898294,0.0,,False,1.4956672191619873
80,0.004423069767653942,3.4337310239607177e-07,0.004089466296136379,0.0033765234984457493,1.750307205838908e-07,0.0030912971124053,0.000438913848483935,-12.989044189453125,0.4820517599582672,0.0005959687405265868,0.48075398802757263,0.5305649638175964,7.04894628142938e-05,0.5243604183197021,0.0063388170674443245,-6.380329608917236,0.5046074986457825,1.9680795958265662e-05,0.5033802390098572,0.001227259635925293,-4.460730075836182,0.9539965987205505,0.013158104382455349,1.0,0.04600340127944946,-1.1660016775131226,0.9431914687156677,0.01147471647709608,0.9990234375,0.055831968784332275,-1.1790367364883423,0.025802327319979668,0.0,0.025802327319979668,4.688017361331731e-05,0.0,4.688017361331731e-05,0.0,4.0,-20.323673248291016,1784673030.3504875,11.000596046447754,,2.506223294738703,8.666849066612318,0.0,,False,1.4956672191619873
81,0.004408764652907848,3.3010564948199317e-07,0.004883011803030968,0.003485685447230935,1.579634840709332e-07,0.0036812189500778913,0.0005129753262735903,-12.992816925048828,0.48619434237480164,0.0005908262683078647,0.4856734573841095,0.530864953994751,7.315359835047275e-05,0.5262024998664856,0.00469146016985178,-6.491781234741211,0.5046772360801697,1.9511473510647193e-05,0.5033212304115295,0.0013560056686401367,-4.456195831298828,0.9571355581283569,0.015379763208329678,1.0,0.042864441871643066,-1.1086797714233398,0.946450412273407,0.010752789676189423,0.96337890625,0.016928493976593018,-1.3340308666229248,0.02965930849313736,0.0,0.02965930849313736,4.379401070764288e-05,0.0,4.379401070764288e-05,0.0,3.0,-20.414339065551758,1784673030.4548025,11.104911088943481,,2.2122473605151782,8.27640822919176,0.0,,False,1.4956672191619873
82,0.004355662036687136,3.2337760558220907e-07,0.004020388238132,0.0035433820448815823,1.5054759217036917e-07,0.003040984272956848,0.0006039966829121113,-12.476749420166016,0.4862249195575714,0.0005943481810390949,0.48909032344818115,0.5313239097595215,7.597238436574116e-05,0.5262373685836792,0.005838102661073208,-6.441530227661133,0.5047633051872253,2.036325713561382e-05,0.5035250782966614,0.0012382268905639648,-4.444304466247559,0.9468192458152771,0.01744988188147545,1.0,0.0531807541847229,-1.0242350101470947,0.9488987326622009,0.010473700240254402,0.98193359375,0.03303486108779907,-1.308408260345459,0.034489888697862625,0.0,0.034489888697862625,4.509462451096624e-05,0.0,4.509462451096624e-05,0.0,3.0,-19.852127075195312,1784673030.539188,11.18929648399353,,1.356059435935208,7.911589998048669,0.0,,False,1.4956672191619873
83,0.004360713064670563,3.2870596555767406e-07,0.004922311753034592,0.003580396994948387,1.486138785367075e-07,0.003724262584000826,0.000579733052290976,-12.93774700164795,0.4890305995941162,0.0006081166211515665,0.49310144782066345,0.5315038561820984,7.906043902039528e-05,0.5261169672012329,0.0067520649172365665,-6.390196800231934,0.5050003528594971,2.1163799829082564e-05,0.5037026405334473,0.0012977123260498047,-4.422884464263916,0.9171096086502075,0.02022029273211956,1.0,0.08289039134979248,-0.8616967797279358,0.9488434791564941,0.010369858704507351,0.9873046875,0.03846120834350586,-1.2941622734069824,0.032800253480672836,0.0,0.032800253480672836,4.258886110619642e-05,0.0,4.258886110619642e-05,0.0,2.0,-20.2613468170166,1784673030.6434553,11.293563842773438,,0.909091253176527,7.5610177538440535,0.0,,False,1.4956672191619873
84,0.004382629878818989,3.6271646308705385e-07,0.004953580908477306,0.003612232394516468,1.5839547984342062e-07,0.0037479193415492773,0.0005868526641279459,-12.898547172546387,0.49185025691986084,0.00066069804597646,0.497068852186203,0.5314493775367737,8.563242590753362e-05,0.5249406695365906,0.008342482149600983,-6.237987518310547,0.5054446458816528,2.3525213691755198e-05,0.5048292875289917,0.0006153583526611328,-4.401732444763184,0.8628098368644714,0.02479192614555359,1.0,0.13719016313552856,-0.5500980615615845,0.948459267616272,0.010497062467038631,0.9716796875,0.023220419883728027,-1.3337085247039795,0.029035763815045357,0.0,0.029035763815045357,3.921844472642988e-05,0.0,3.921844472642988e-05,0.0,2.0,-20.08980369567871,1784673030.7478592,11.39796781539917,,0.2905799490799552,7.170899258342441,0.0,,False,1.4956672191619873
85,0.004431264009326696,4.2680699152697343e-07,0.005124977324157953,0.0036531249061226845,1.813892396285155e-07,0.0038841883651912212,0.0007311829249374568,-12.545964241027832,0.49641311168670654,0.0007494523306377232,0.5010674595832825,0.5317118763923645,9.605710511095822e-05,0.5280413031578064,0.005927567835897207,-6.300907135009766,0.5063633322715759,2.721880991884973e-05,0.5071901082992554,0.0008267760276794434,-4.324306011199951,0.7912499308586121,0.03232333064079285,0.8927912712097168,0.10154134035110474,-0.6375522613525391,0.9488683938980103,0.010889135301113129,0.970703125,0.021834731101989746,-1.3191651105880737,0.024258607998490334,0.0,0.024258607998490334,3.542398917488754e-05,0.0,3.542398917488754e-05,0.0,3.0,-19.748842239379883,1784673030.8530207,11.503129243850708,,0.0,6.7953241769567345,0.0,,False,1.4956672191619873
86,0.004468508064746857,4.4393556208888185e-07,0.004089253954589367,0.0036711329594254494,1.840772654304601e-07,0.00310735241509974,0.0006794719956815243,-12.204517364501953,0.5005481243133545,0.0008166800253093243,0.5022115111351013,0.5339943170547485,9.948293154593557e-05,0.5298452377319336,0.004470091313123703,-6.2368011474609375,0.5081157088279724,2.7683094231178984e-05,0.5071901082992554,0.000925600528717041,-4.312932014465332,0.6896867752075195,0.04225115105509758,0.7848761081695557,0.09518933296203613,-0.5558954477310181,0.9538178443908691,0.011507507413625717,0.9921875,0.03836965560913086,-1.2494709491729736,0.02250257134437561,0.0,0.02250257134437561,3.4177432098658755e-05,0.0,3.4177432098658755e-05,0.0,2.0,-19.35042381286621,1784673030.9369216,11.587030172348022,,0.35789118690907173,6.489443256986128,0.0,,False,1.4956672191619873
87,0.004410814493894577,4.4479634198069107e-07,0.0053050522692501545,0.003702771384268999,1.880321320868461e-07,0.004046888090670109,0.0009581636404618621,-12.004484176635742,0.5003131031990051,0.0008927152375690639,0.5027989745140076,0.5368473529815674,9.040955774253234e-05,0.5305235385894775,0.0067948647774755955,-6.103699684143066,0.5089753866195679,2.245243376819417e-05,0.5071901082992554,0.0017852783203125,-4.362139701843262,0.6072679162025452,0.05090160667896271,0.7018308639526367,0.09456294775009155,-0.4821542203426361,0.9591665863990784,0.011538511142134666,0.9970703125,0.03790372610092163,-1.2498376369476318,0.026417262852191925,0.0,0.026417262852191925,3.3999131119344383e-05,0.0,3.3999131119344383e-05,0.0,2.0,-19.068513870239258,1784673031.0521228,11.702231407165527,,0.9976923164450966,6.183195649240863,0.0,,False,1.4956672191619873
88,0.004345963709056377,4.4220132622285746e-07,0.004986512940376997,0.0036749907303601503,1.9480043533803837e-07,0.0038143708370625973,0.0006555380532518029,-12.689722061157227,0.4952380359172821,0.0009308801963925362,0.5021491646766663,0.5404638648033142,9.064538608072326e-05,0.5306189060211182,0.01202858705073595,-5.745807647705078,0.5103021264076233,2.123681224475149e-05,0.5071901082992554,0.00311201810836792,-4.2329325675964355,0.4553831219673157,0.04898491129279137,0.6241546273231506,0.16877150535583496,-0.29844221472740173,0.9568766951560974,0.013010039925575256,0.9970703125,0.04019361734390259,-1.189990758895874,0.029603369534015656,0.0,0.029603369534015656,3.6109962820773944e-05,0.0,3.6109962820773944e-05,0.0,2.0,-19.402835845947266,1784673031.1564078,11.806516408920288,,1.3031714702731136,5.936794919547356,0.0,,False,1.4956672191619873
89,0.004335121717303991,4.531952129127603e-07,0.004114277195185423,0.0037745293229818344,2.140725996468973e-07,0.003150841686874628,0.0006616332684643567,-12.181722640991211,0.5020782947540283,0.0009713225299492478,0.5007093548774719,0.5381157398223877,8.905658614821732e-05,0.5305908918380737,0.007648354861885309,-5.974797248840332,0.5084213018417358,2.065435728582088e-05,0.5071901082992554,0.0012311935424804688,-4.43815803527832,0.3118075430393219,0.039565831422805786,0.6116528511047363,0.29984530806541443,0.440216064453125,0.9583684802055359,0.01703920215368271,0.9990234375,0.04065495729446411,-1.0686800479888916,0.031640615314245224,0.0,0.031640615314245224,3.9465277950512245e-05,0.0,3.9465277950512245e-05,0.0,2.0,-19.180641174316406,1784673031.2414768,11.891585350036621,,1.83084529573199,5.811704900760832,0.0,,False,1.4956672191619873
90,0.004260065965354443,4.6894749061721086e-07,0.005015769973397255,0.0037439647130668163,2.2758183604310034e-07,0.003845682367682457,0.0007625188445672393,-12.464752197265625,0.49601036310195923,0.0009716503554955125,0.49821043014526367,0.5371651649475098,9.945873898686841e-05,0.5305670499801636,0.006955243647098541,-6.016913414001465,0.5081154704093933,2.3407128537655808e-05,0.5071901082992554,0.0009253621101379395,-4.394004821777344,0.2625930905342102,0.03749964386224747,0.4811241030693054,0.21853101253509521,-0.08602333068847656,0.9541786313056946,0.019106227904558182,0.9990234375,0.04484480619430542,-1.0073037147521973,0.03596659377217293,0.0,0.03596659377217293,4.365307540865615e-05,0.0,4.365307540865615e-05,0.0,2.0,-19.475284576416016,1784673031.345456,11.995564460754395,,2.063875719091257,5.747991215211002,0.0,,False,1.4956672191619873
91,0.004199097864329815,4.224876875014161e-07,0.005127012263983488,0.0036701266653835773,2.10337049111331e-07,0.003950993064790964,0.000969490094576031,-11.981435775756836,0.48823273181915283,0.0008897600928321481,0.49404266476631165,0.5352067351341248,0.00011002512474078685,0.5304517149925232,0.007507698610424995,-6.11008358001709,0.5070301294326782,2.6363164579379372e-05,0.5071901082992554,0.00015997886657714844,-4.352347373962402,0.21524876356124878,0.03440551459789276,0.3998887538909912,0.18463999032974243,-0.2703878581523895,0.952796459197998,0.02172643505036831,0.9990234375,0.04622697830200195,-0.9464960694313049,0.041806165128946304,0.0,0.041806165128946304,4.910314964945428e-05,0.0,4.910314964945428e-05,0.0,2.0,-19.045677185058594,1784673031.4493363,12.09944486618042,,2.726513533807946,5.745085174982064,0.0,,False,1.4956672191619873
92,0.004119109362363815,4.188961213458242e-07,0.003990993369370699,0.0035943875554949045,2.1120325754964142e-07,0.003088720142841339,0.0005216447170823812,-12.565235137939453,0.4772118330001831,0.0008464467828162014,0.48969948291778564,0.5330745577812195,0.00012764813436660916,0.5303146243095398,0.012789003551006317,-6.060519218444824,0.5060319304466248,3.2058331271400675e-05,0.5071901082992554,0.0011581778526306152,-4.23411750793457,0.20568442344665527,0.03530547767877579,0.33498817682266235,0.12930375337600708,-0.5161372423171997,0.9516775608062744,0.025016432628035545,0.998046875,0.046369314193725586,-0.882198691368103,0.049113593995571136,0.0,0.049113593995571136,5.740647975471802e-05,0.0,5.740647975471802e-05,0.0,3.0,-19.53070831298828,1784673031.5436707,12.193779230117798,,2.9041202205949475,5.806476512816328,0.0,,False,1.4956672191619873
93,0.004044636152684689,4.1932216277018597e-07,0.004881533328443766,0.0035114281345158815,2.1637833924614824e-07,0.003794090123847127,0.000883342872839421,-12.15777587890625,0.4663529396057129,0.0008087262976914644,0.4823666512966156,0.5301925539970398,0.0001395342987962067,0.5301983952522278,0.01601371355354786,-6.002202987670898,0.5044592618942261,3.810082853306085e-05,0.5071901082992554,0.002730846405029297,-4.070833206176758,0.21691808104515076,0.033916689455509186,0.25562506914138794,0.03870698809623718,-0.7508986592292786,0.9548895955085754,0.02967602014541626,0.9931640625,0.03827446699142456,-0.8150873780250549,0.055613189935684204,0.0,0.055613189935684204,6.92233516019769e-05,0.0,6.92233516019769e-05,0.0,3.0,-18.994953155517578,1784673031.6483004,12.29840898513794,,3.617482064852652,5.93497916399364,0.0,,False,1.4956672191619873
94,0.003950127400457859,4.1782826087910507e-07,0.004775057081133127,0.003546882886439562,2.268038628017166e-07,0.003722792025655508,0.0008434767369180918,-12.273252487182617,0.4613443613052368,0.0008177185081876814,0.471062034368515,0.5279587507247925,0.00014611973892897367,0.5299522280693054,0.009920036420226097,-6.060821056365967,0.5040678977966309,4.294591781217605e-05,0.5071901082992554,0.0031222105026245117,-3.995351791381836,0.22307875752449036,0.03689993917942047,0.17669981718063354,0.04637894034385681,-0.7016876339912415,0.9486550688743591,0.03083711862564087,0.9990234375,0.05036836862564087,-0.7794444561004639,0.05293668061494827,0.0,0.05293668061494827,7.894825102994218e-05,0.0,7.894825102994218e-05,0.0,3.0,-19.119586944580078,1784673031.7534566,12.403565168380737,,4.2062101200478565,6.0991247370955435,0.0,,False,1.4956672191619873
95,0.003839209908619523,4.0168728787648433e-07,0.0037581713404506445,0.003460217034444213,2.281607152099241e-07,0.00292529771104455,0.0005410230369307101,-12.537296295166016,0.4474019408226013,0.0007772044045850635,0.46212348341941833,0.525836169719696,0.00016394391423091292,0.5298494100570679,0.01525876484811306,-5.911473274230957,0.5030841827392578,5.241294638835825e-05,0.5071901082992554,0.004105925559997559,-3.848414659500122,0.23680174350738525,0.03869852051138878,0.11257621645927429,0.12422552704811096,-0.5076512098312378,0.9471092820167542,0.03486233577132225,0.9990234375,0.05191415548324585,-0.7205824255943298,0.053581345826387405,0.0,0.053581345826387405,8.743568469071761e-05,0.0,8.743568469071761e-05,0.0,3.0,-19.190683364868164,1784673031.8368797,12.486988306045532,,4.723841754954975,6.322132340703581,0.0,,False,1.4956672191619873
96,0.003752677235752344,3.8884209629941324e-07,0.004546985495835543,0.0033818017691373825,2.2875343574924045e-07,0.003545720363035798,0.0008110455819405615,-12.317461967468262,0.43475255370140076,0.0007417637971229851,0.45143941044807434,0.5239299535751343,0.0001852030836744234,0.5296854972839355,0.017651556059718132,-5.785264015197754,0.5021241307258606,6.458519055740908e-05,0.5071901082992554,0.005065977573394775,-3.7061400413513184,0.2556162178516388,0.03993971273303032,0.034489572048187256,0.22112664580345154,-0.07911849021911621,0.9458450078964233,0.03837816044688225,0.9951171875,0.04927217960357666,-0.6795656085014343,0.053855087608098984,0.0,0.053855087608098984,9.472673991695046e-05,0.0,9.472673991695046e-05,0.0,3.0,-18.798742294311523,1784673031.9420152,12.592123746871948,,5.633414460418734,6.586156761404514,0.0,,False,1.4956672191619873
97,0.003641810966655612,3.550025269305479e-07,0.00488251494243741,0.003298190189525485,2.171179147580915e-07,0.0038247115444391966,0.00134780234657228,-10.452608108520508,0.4212064743041992,0.0006859280401840806,0.4371694028377533,0.5220065116882324,0.0002044804859906435,0.5293835997581482,0.01758512295782566,-5.733193874359131,0.5015553832054138,7.781889144098386e-05,0.5071901082992554,0.005634725093841553,-3.6076245307922363,0.28494012355804443,0.039488304406404495,0.0,0.28494012355804443,0.33110010623931885,0.9453995823860168,0.04123678803443909,0.984375,0.038975417613983154,-0.6568547487258911,0.05674528330564499,0.0,0.05674528330564499,0.00010399216262158006,0.0,0.00010399216262158006,0.0,2.0,-16.842975616455078,1784673032.0574994,12.707607984542847,,8.498753843738939,6.87289204188099,0.0,,False,1.4956672191619873
98,0.00354122300632298,2.9661376288458996e-07,0.0035363011993467808,0.003220924874767661,1.850421540439129e-07,0.002780173672363162,0.0004407786764204502,-12.903928756713867,0.4092182219028473,0.0006023615715093911,0.4253350794315338,0.5207117795944214,0.00021652111900039017,0.5292754173278809,0.0182507261633873,-5.703397750854492,0.5014804601669312,8.83684479049407e-05,0.5071901082992554,0.005709648132324219,-3.5636038780212402,0.3257080912590027,0.0370216965675354,0.0,0.3257080912590027,0.7035641670227051,0.9472255110740662,0.04170834645628929,0.99609375,0.04886823892593384,-0.6409597992897034,0.06388463824987411,0.0,0.06388463824987411,0.00011137863475596532,0.0,0.00011137863475596532,0.0,2.0,-19.248449325561523,1784673032.1416755,12.791784048080444,,8.958619517952698,7.175522271793653,0.0,,False,1.4956672191619873
99,0.003435894614085555,2.469646176450624e-07,0.004110506735742092,0.0031214223708957434,1.5947809117733414e-07,0.0032408717088401318,0.0006851055659353733,-12.62868881225586,0.3957505524158478,0.0005145980976521969,0.4103311002254486,0.520076334476471,0.00022815084957983345,0.5289180874824524,0.017051950097084045,-5.7630486488342285,0.5014119148254395,0.00010260055569233373,0.5071901082992554,0.005778193473815918,-3.5106887817382812,0.41363242268562317,0.029997268691658974,0.0,0.41363242268562317,2.0174031257629395,0.9520334005355835,0.044250525534152985,1.0,0.047966599464416504,-0.6140080690383911,0.08300933241844177,0.0,0.08300933241844177,0.00013663629943039268,0.0,0.00013663629943039268,0.0,2.0,-18.99447250366211,1784673032.2463665,12.896475076675415,,9.672462014065871,7.505104231957629,0.0,,False,1.4956672191619873
100,0.00338717526756227,2.1312389719696512e-07,0.004011755343526602,0.0030400720424950123,1.3858036140845797e-07,0.0031635467894375324,0.0006366681191138923,-12.768522262573242,0.3882533013820648,0.00044631626224145293,0.39518091082572937,0.5185992121696472,0.0002253503043903038,0.5174710154533386,0.007018874399363995,-6.161703109741211,0.5007941126823425,0.00010774231486720964,0.493620902299881,0.007173210382461548,-3.410158157348633,0.4886818528175354,0.02257603593170643,0.06810086965560913,0.42058098316192627,2.9411187171936035,0.9549093246459961,0.04543673247098923,0.9990234375,0.044114112854003906,-0.6053637266159058,0.11609837412834167,0.0,0.11609837412834167,0.00018805544823408127,0.0,0.00018805544823408127,0.0,2.0,-19.402965545654297,1784673032.3521602,13.00226879119873,,9.977811468186857,7.843330534544091,0.0,,False,1.4956672191619873
101,0.0033548763021826744,1.9552992114313383e-07,0.0038342177867889404,0.002959732199087739,1.252819998853738e-07,0.003019544528797269,0.00048305877135135233,-13.230417251586914,0.3803378641605377,0.0004097867931704968,0.38260436058044434,0.5181182026863098,0.00021942087914794683,0.5129905343055725,0.005606245715171099,-6.208136558532715,0.5005601048469543,0.00011001169332303107,0.49460577964782715,0.005954325199127197,-3.4773857593536377,0.5290166139602661,0.019088594242930412,0.3284508287906647,0.20056578516960144,-0.006711244583129883,0.9534202814102173,0.04398651793599129,0.9990234375,0.045603156089782715,-0.6193578839302063,0.13151510059833527,0.0,0.13151510059833527,0.00021162671328056604,0.0,0.00021162671328056604,0.0,2.0,-19.935619354248047,1784673032.457005,13.107113599777222,,9.750507113714093,8.167562679816252,0.0,,False,1.4956672191619873
102,0.003340241964906454,2.0347498264072783e-07,0.0038400893099606037,0.0028533185832202435,1.238640834344551e-07,0.003011611755937338,0.0005243129562586546,-13.102927207946777,0.369510680437088,0.0003827134787570685,0.3758401870727539,0.5179306864738464,0.00021805494907312095,0.5126335024833679,0.008253654465079308,-6.194933891296387,0.500742495059967,0.00011491875193314627,0.4975852370262146,0.0031572580337524414,-3.5733330249786377,0.6395264863967896,0.01639876328408718,0.55906081199646,0.08046567440032959,-0.9389211535453796,0.9503692388534546,0.038685619831085205,0.9990234375,0.04865419864654541,-0.6766093969345093,0.1664990484714508,0.0,0.1664990484714508,0.00027522980235517025,0.0,0.00027522980235517025,0.0,2.0,-19.84554100036621,1784673032.541997,13.192105531692505,,9.613281113123165,8.43454331208411,0.0,,False,1.4956672191619873
103,0.0033454287331551313,2.0742929507377994e-07,0.003019009716808796,0.002735345158725977,1.2048892017446633e-07,0.0023751978296786547,0.0004860611807089299,-13.027132034301758,0.3599599599838257,0.00035213466617278755,0.3690299689769745,0.5185495615005493,0.0001928403798956424,0.5161930918693542,0.009371127001941204,-6.2834882736206055,0.5015679001808167,0.00010387495422037318,0.4998249411582947,0.0017429590225219727,-3.652600049972534,0.767389178276062,0.01077394001185894,0.8188971281051636,0.05150794982910156,-1.2232495546340942,0.9493328928947449,0.030753150582313538,0.998046875,0.04871398210525513,-0.7833606600761414,0.23752957582473755,0.0,0.23752957582473755,0.00039381204987876117,0.0,0.00039381204987876117,0.0,2.0,-19.88022232055664,1784673032.6451125,13.295221090316772,,9.441373792341807,8.594772681210335,0.0,,False,1.4956672191619873
104,0.0033693250734359026,1.730268763822096e-07,0.004109548404812813,0.002650297014042735,9.511938259265662e-08,0.003235898446291685,0.0009438535780645907,-10.645105361938477,0.35538262128829956,0.00029908292344771326,0.36198684573173523,0.5177887082099915,0.00013801177556160837,0.5173893570899963,0.006616287399083376,-6.590109825134277,0.5024809837341309,7.44463104638271e-05,0.49859488010406494,0.003886103630065918,-3.7323498725891113,0.865926206111908,0.004492572974413633,1.0,0.13407379388809204,0.21688473224639893,0.9630118012428284,0.02394268661737442,0.99609375,0.03308194875717163,-0.9242527484893799,0.31225714087486267,0.0,0.31225714087486267,0.0005112871876917779,0.0,0.0005112871876917779,0.0,2.0,-17.783369064331055,1784673032.7711546,13.421263217926025,,11.366319727786035,8.614109961923322,0.0,,False,1.4956672191619873
105,0.0034068734385073185,1.56369551973512e-07,0.0029235922265797853,0.0026170576456934214,8.219993219427124e-08,0.0023018335923552513,0.0005769982235506177,-12.803459167480469,0.3553444743156433,0.0002714026777539402,0.35997268557548523,0.518897294998169,0.00011472791084088385,0.5142881274223328,0.00653182715177536,-6.672501564025879,0.5031329989433289,6.031845259713009e-05,0.49827098846435547,0.004862010478973389,-3.743044853210449,0.9184470772743225,0.0024035798851400614,1.0,0.08155292272567749,-0.7129232883453369,0.9627904891967773,0.02217785455286503,0.9970703125,0.034279823303222656,-0.958899199962616,0.35390210151672363,0.0,0.35390210151672363,0.0006427759071812034,0.0,0.0006427759071812034,0.0,2.0,-20.012983322143555,1784673032.8556411,13.505749702453613,,11.061651405417763,8.598800791163073,0.0,,False,1.4956672191619873
106,0.0034157198388129473,1.5426282118369272e-07,0.0030175545252859592,0.0026332042180001736,7.84969174105754e-08,0.0023692669346928596,0.0004777012800332159,-13.226951599121094,0.3582342565059662,0.0002603903994895518,0.3599022328853607,0.519732654094696,0.00010643113637343049,0.5123476982116699,0.007570978719741106,-6.601240158081055,0.5036829113960266,5.557290933211334e-05,0.4984803795814514,0.005202531814575195,-3.73644757270813,0.9444467425346375,0.0017446392448619008,1.0,0.05555325746536255,-1.372194528579712,0.9580200910568237,0.022937355563044548,0.998046875,0.04002678394317627,-0.9336313605308533,0.40870365500450134,0.0,0.40870365500450134,0.0008483219426125288,0.0,0.0008483219426125288,0.0,2.0,-20.37616729736328,1784673032.9498763,13.599984884262085,,10.393799107829764,8.608759459834587,0.0,,False,1.4956672191619873
107,0.0034398974385112524,1.5681202114592452e-07,0.0038656953256577253,0.0026470727752894163,7.7410533094735e-08,0.0030269345734268427,0.0005706126685254276,-12.673198699951172,0.3590327203273773,0.0002538499247748405,0.3628542423248291,0.5203778147697449,0.00010777807619888335,0.515304684638977,0.006351431366056204,-6.721062660217285,0.503767728805542,5.7957659009844065e-05,0.49899962544441223,0.004768103361129761,-3.762827157974243,0.9601010680198669,0.0014772756258025765,1.0,0.03989893198013306,-1.8010351657867432,0.9573201537132263,0.02385646104812622,0.9990234375,0.04170328378677368,-0.91246098279953,0.4634334146976471,0.0,0.4634334146976471,0.0010335748083889484,0.0,0.0010335748083889484,0.0,2.0,-19.93146324157715,1784673033.0650716,13.715180158615112,,10.170650866027898,8.639888506237424,0.0,,False,1.4956672191619873
108,0.0034756269305944443,1.6161901328359818e-07,0.00294814957305789,0.0026745768263936043,7.740976570858038e-08,0.0023095663636922836,0.0006414554081857204,-12.446878433227539,0.36034250259399414,0.000250444543780759,0.36609888076782227,0.5209801197052002,0.00011133037332911044,0.5163701176643372,0.007374822627753019,-6.698163032531738,0.5037375688552856,6.264732655836269e-05,0.5000662207603455,0.0036713480949401855,-3.8124794960021973,0.971031665802002,0.0013323503080755472,1.0,0.028968334197998047,-2.0765483379364014,0.9566956758499146,0.025046449154615402,0.986328125,0.02963244915008545,-0.907043993473053,0.5216302871704102,0.0,0.5216302871704102,0.0012482063611969352,0.0,0.0012482063611969352,0.0,2.0,-19.71164894104004,1784673033.1493342,13.799442768096924,,10.167316924763142,8.676434541966739,0.0,,False,1.4956672191619873
109,0.0035269546788185835,1.6676048630870355e-07,0.003597359638661146,0.002709164982661605,7.739163976339114e-08,0.002813961124047637,0.0001262501027667895,-14.066856384277344,0.36266613006591797,0.0002496472734492272,0.3706189692020416,0.5212312340736389,0.00011233369878027588,0.5184139609336853,0.008437101729214191,-6.6948699951171875,0.5035786628723145,6.601042696274817e-05,0.5000296831130981,0.0035489797592163086,-3.79850697517395,0.9786944389343262,0.0012385444715619087,1.0,0.021305561065673828,-2.244720697402954,0.955298125743866,0.026355290785431862,0.97998046875,0.024682343006134033,-0.8875467777252197,0.5694196820259094,0.0,0.5694196820259094,0.0014715075958520174,0.0,0.0014715075958520174,0.0,2.0,-21.322006225585938,1784673033.2533886,13.903497219085693,,8.553625698952487,8.732477793443886,0.0,,False,1.4956672191619873
110,0.0035781606566160917,1.708143884115998e-07,0.0029975504148751497,0.002732680644840002,7.731250661890954e-08,0.002357001882046461,0.0006915510166436434,-12.241650581359863,0.36405810713768005,0.000248651864239946,0.3737683594226837,0.5216858386993408,0.00011518763494677842,0.5190180540084839,0.010070057585835457,-6.625831127166748,0.5034526586532593,6.958352605579421e-05,0.4998559355735779,0.0035967230796813965,-3.774596691131592,0.9838569164276123,0.0011932714842259884,1.0,0.016143083572387695,-2.3373947143554688,0.9529399275779724,0.028066907078027725,0.9970703125,0.04413038492202759,-0.8329497575759888,0.598564624786377,0.0,0.598564624786377,0.0016698072431609035,0.0,0.0016698072431609035,0.0,2.0,-19.429615020751953,1784673033.3374133,13.987521886825562,,8.832325677975817,8.843118065070264,0.0,,False,1.4956672191619873
111,0.0036227533128112555,1.7461496781834285e-07,0.0036745795514434576,0.0027604277711361647,7.748192842882418e-08,0.0028974658343940973,0.00014651071978732944,-14.000197410583496,0.3656909763813019,0.00024932707310654223,0.37744951248168945,0.5215307474136353,0.0001166166111943312,0.5195345282554626,0.01192677952349186,-6.5444464683532715,0.5030322670936584,7.174391066655517e-05,0.4996938705444336,0.0033383965492248535,-3.7745940685272217,0.987607479095459,0.0011675620917230844,1.0,0.012392520904541016,-2.3917126655578613,0.9504068493843079,0.030170852318406105,0.998046875,0.04764002561569214,-0.7938889861106873,0.6344013810157776,0.0,0.6344013810157776,0.0019853059202432632,0.0,0.0019853059202432632,0.0,2.0,-21.123050689697266,1784673033.4419715,14.092080116271973,,7.417589988053834,8.992819108161944,0.0,,False,1.4956672191619873
112,0.003657157765701413,1.7824714859671076e-07,0.0038803895004093647,0.0027979882434010506,7.836039372932646e-08,0.003058674745261669,0.00034320526174269617,-13.539737701416016,0.3680189549922943,0.0002516500826459378,0.3811372220516205,0.5215638875961304,0.00011697543959598988,0.5189900398254395,0.013368381187319756,-6.462393760681152,0.5028024911880493,7.236700184876099e-05,0.499705970287323,0.0030965209007263184,-3.7816927433013916,0.9901899099349976,0.0011581169674172997,1.0,0.009810090065002441,-2.419992446899414,0.9446074366569519,0.032754722982645035,0.994140625,0.049533188343048096,-0.7529623508453369,0.6675782203674316,0.0,0.6675782203674316,0.0024171117693185806,0.0,0.0024171117693185806,0.0,2.0,-20.60049819946289,1784673033.550056,14.200164556503296,,6.525406788366226,9.183446786518974,0.0,,False,1.4956672191619873
113,0.003688586875796318,1.8273313173722272e-07,0.0037909983657300472,0.002824997529387474,7.96835522010042e-08,0.002973637543618679,0.00018050475046038628,-13.925010681152344,0.36967381834983826,0.0002554052334744483,0.38542744517326355,0.5214665532112122,0.00011672674008877948,0.5193747878074646,0.015891890972852707,-6.321698188781738,0.5025392770767212,7.215802179416642e-05,0.4997437298297882,0.0027955472469329834,-3.7952351570129395,0.991881787776947,0.0011600526049733162,1.0,0.008118212223052979,-2.432300090789795,0.9392187595367432,0.035575736314058304,0.998046875,0.058828115463256836,-0.7004680633544922,0.6991155743598938,0.0,0.6991155743598938,0.002941210987046361,0.0,0.002941210987046361,0.0,2.0,-20.879985809326172,1784673033.6562436,14.306352138519287,,5.353735978815337,9.42656875236685,0.0,,False,1.4956672191619873
114,0.003711254568770528,1.8606239393648139e-07,0.0031348203774541616,0.0028758158441632986,8.142155394352812e-08,0.0024579595774412155,0.0007119552465155721,-12.107389450073242,0.3736642897129059,0.00026062014512717724,0.38848578929901123,0.5208074450492859,0.00011329615517752245,0.5191405415534973,0.014914939180016518,-6.397386074066162,0.5021401643753052,6.951151590328664e-05,0.4996746778488159,0.002465486526489258,-3.8243467807769775,0.9929940104484558,0.0011611898662522435,1.0,0.0070059895515441895,-2.4390814304351807,0.9288043975830078,0.03913440182805061,0.9990234375,0.07021903991699219,-0.6384410262107849,0.7161485552787781,0.0,0.7161485552787781,0.0034948771353811026,0.0,0.0034948771353811026,0.0,2.0,-19.13747215270996,1784673033.740879,14.390987634658813,,5.924578825880658,9.731717755358432,0.0,,False,1.4956672191619873
115,0.003729390213266015,1.9077087642926926e-07,0.0038395612500607967,0.0029298001900315285,8.404361295788476e-08,0.0030100024305284023,0.00013627199223265052,-13.974103927612305,0.37804311513900757,0.00026813949807547033,0.3921687602996826,0.519928514957428,0.00010955465404549614,0.5208526849746704,0.014155845157802105,-6.457698822021484,0.501693606376648,6.637725164182484e-05,0.4993337392807007,0.0023598670959472656,-3.8491899967193604,0.9938445091247559,0.001169696100987494,1.0,0.006155490875244141,-2.440370798110962,0.9150720238685608,0.04367910325527191,0.97607421875,0.06100219488143921,-0.6039064526557922,0.7288884520530701,0.0,0.7288884520530701,0.004173967055976391,0.0,0.004173967055976391,0.0,2.0,-21.064857482910156,1784673033.8482985,14.498407125473022,,4.568036342745785,10.071401331905006,0.0,,False,1.4956672191619873
116,0.003759523155167699,1.9781178650646325e-07,0.003859209828078747,0.0029404640663415194,8.653577054928974e-08,0.003028040984645486,0.0001326919300481677,-13.942018508911133,0.38009321689605713,0.00027553740073926747,0.3958532512187958,0.518714427947998,0.00010721677972469479,0.5218039751052856,0.016060011461377144,-6.335614204406738,0.501024067401886,6.379286060109735e-05,0.4993337392807007,0.0016903281211853027,-3.888601541519165,0.9946553111076355,0.0011795058380812407,1.0,0.005344688892364502,-2.440281867980957,0.9049708247184753,0.04841883108019829,0.98095703125,0.07598620653152466,-0.5353701114654541,0.746655285358429,0.0,0.746655285358429,0.004984657745808363,0.0,0.004984657745808363,0.0,1.0,-20.954811096191406,1784673033.9445014,14.59460997581482,,3.3215402463296613,10.47962124964192,0.0,,False,1.4956672191619873
117,0.00379334413446486,2.0441513015612145e-07,0.004189784172922373,0.002970251254737377,8.948479290893374e-08,0.0033002395648509264,0.0005158071289770305,-12.98541259765625,0.38396960496902466,0.00028403522446751595,0.40014922618865967,0.5181411504745483,0.00010280336573487148,0.5225907564163208,0.016780318692326546,-6.2795562744140625,0.5006688237190247,5.974656960461289e-05,0.4998904764652252,0.0007783472537994385,-3.9386909008026123,0.9940621256828308,0.0012141006300225854,1.0,0.0059378743171691895,-2.42341685295105,0.8959143161773682,0.05439586192369461,0.998046875,0.10213255882263184,-0.4409140348434448,0.7585866451263428,0.0,0.7585866451263428,0.005659360904246569,0.0,0.005659360904246569,0.0,1.0,-19.978403091430664,1784673034.0647655,14.714874029159546,,3.05145215467428,10.982297244000842,0.0,,False,1.4956672191619873
118,0.003827290842309594,2.0896142416404473e-07,0.003264429746195674,0.002982756355777383,9.161733061091581e-08,0.0025662502739578485,0.0007002070778980851,-12.250688552856445,0.3881177604198456,0.0002914953220169991,0.4031723439693451,0.518205463886261,9.84965663519688e-05,0.5229313969612122,0.01577894017100334,-6.342978477478027,0.5009573101997375,5.581458026426844e-05,0.4997090697288513,0.0012482404708862305,-3.963840961456299,0.992127537727356,0.00125654018484056,1.0,0.007872462272644043,-2.39609694480896,0.8875530958175659,0.06066509336233139,0.99609375,0.10854065418243408,-0.385155588388443,0.7827446460723877,0.0,0.7827446460723877,0.006769221276044846,0.0,0.006769221276044846,0.0,1.0,-19.306991577148438,1784673034.1482859,14.798394441604614,,3.452775577301125,11.540731684814766,0.0,,False,1.4956672191619873
119,0.003866266692057252,2.1429049468224548e-07,0.003996460698544979,0.002998475916683674,9.387056820742146e-08,0.0031388027127832174,0.0001914212480187416,-13.78632640838623,0.39185309410095215,0.00029873751918785274,0.40723684430122375,0.5180968642234802,9.557890007272363e-05,0.5224614143371582,0.015990905463695526,-6.3521223068237305,0.5012980103492737,5.256267832010053e-05,0.4991273581981659,0.002170652151107788,-3.9629933834075928,0.9909211993217468,0.001275526941753924,1.0,0.009078800678253174,-2.3809494972229004,0.8749895691871643,0.06682432442903519,0.9970703125,0.1220807433128357,-0.3223915100097656,0.7945845723152161,0.0,0.7945845723152161,0.008174657821655273,0.0,0.008174657821655273,0.0,1.0,-20.84952163696289,1784673034.2521315,14.90224003791809,,2.311568940113517,12.161930204007367,0.0,,False,1.4956672191619873
120,0.003908501006662846,2.154518199404265e-07,0.0033624819479882717,0.003016788512468338,9.481907170538761e-08,0.0026328288950026035,0.0006675041513517499,-12.45374584197998,0.39523667097091675,0.00030204650829546154,0.4101233184337616,0.5179740786552429,9.345850412501022e-05,0.5213393568992615,0.015262286178767681,-6.426144123077393,0.501665472984314,4.890803757007234e-05,0.49862754344940186,0.0030379295349121094,-3.9494948387145996,0.990132212638855,0.0012796473456546664,1.0,0.00986778736114502,-2.3736000061035156,0.855040967464447,0.07451105117797852,0.9990234375,0.14398247003555298,-0.24035219848155975,0.800058901309967,0.0,0.800058901309967,0.01046521496027708,0.0,0.01046521496027708,0.0,1.0,-19.569408416748047,1784673034.3380387,14.988147258758545,,2.450475523140753,12.865168034728175,0.0,,False,1.4956672191619873
121,0.00393929798156023,2.158927685513845e-07,0.00400016363710165,0.0030482669826596975,9.582151960785268e-08,0.0031355596147477627,0.00010641724657034501,-13.868412017822266,0.3984358608722687,0.00030519888969138265,0.41361913084983826,0.5179466009140015,9.224600216839463e-05,0.5208297371864319,0.015454583801329136,-6.432191848754883,0.5019986629486084,4.5775348553434014e-05,0.49867114424705505,0.0033275187015533447,-3.9560012817382812,0.990309476852417,0.0012736034113913774,1.0,0.009690523147583008,-2.3771474361419678,0.8275269269943237,0.08357834815979004,1.0,0.17247307300567627,-0.14408834278583527,0.809640109539032,0.0,0.809640109539032,0.014066411182284355,0.0,0.014066411182284355,0.0,1.0,-20.99216651916504,1784673034.4425836,15.092692136764526,,1.1666240037509965,13.664669721144707,0.0,,False,1.4956672191619873
122,0.003971214406192303,2.208573874895592e-07,0.004232508130371571,0.003088433062657714,9.86924959534008e-08,0.003313609631732106,0.0003449331852607429,-13.479177474975586,0.4027157127857208,0.0003124958893749863,0.4171389639377594,0.5179304480552673,9.141172631643713e-05,0.5207358598709106,0.014693553559482098,-6.471749305725098,0.5022625923156738,4.2898525862256065e-05,0.49857473373413086,0.0036878585815429688,-3.950880765914917,0.9899297952651978,0.00128566799685359,1.0,0.010070204734802246,-2.369861602783203,0.7952949404716492,0.09589309245347977,0.998046875,0.20275193452835083,-0.03897744417190552,0.8197575807571411,0.0,0.8197575807571411,0.01954730786383152,0.0,0.01954730786383152,0.0,1.0,-20.63201904296875,1784673034.5471003,15.197208881378174,,0.24291996055752918,14.569282306175168,0.0,,False,1.4956672191619873
123,0.004008880816400051,2.268272254468684e-07,0.004136309027671814,0.0031257951632142067,1.0179405762755778e-07,0.003250499488785863,0.00017829504213295877,-13.749639511108398,0.40743377804756165,0.00031908441451378167,0.4212380647659302,0.5172672271728516,9.23441257327795e-05,0.5198832154273987,0.014049972407519817,-6.496488571166992,0.5020560622215271,4.096664997632615e-05,0.4977525770664215,0.004303485155105591,-3.906400442123413,0.9901639819145203,0.0013084871461614966,1.0,0.009836018085479736,-2.3635339736938477,0.7628204822540283,0.11058102548122406,0.9970703125,0.23424983024597168,0.06604722142219543,0.8261183500289917,0.0,0.8261183500289917,0.026716331019997597,0.0,0.026716331019997597,0.0,1.0,-20.9000301361084,1784673034.6522138,15.302322387695312,,0.3992706989163395,15.578919556799729,0.0,,False,1.4956672191619873
124,0.0040388936176896095,2.348410959029934e-07,0.003443025518208742,0.003160197287797928,1.0589579346742539e-07,0.0027060110587626696,0.0007492288714274764,-12.09475040435791,0.41144120693206787,0.00032726299832575023,0.4240027964115143,0.5168749094009399,9.44338389672339e-05,0.5198227167129517,0.01290283352136612,-6.521212577819824,0.5019715428352356,3.973573257098906e-05,0.497494101524353,0.004477441310882568,-3.8954310417175293,0.9903848171234131,0.0013408371014520526,1.0,0.009615182876586914,-2.353816509246826,0.7301738858222961,0.12751120328903198,0.998046875,0.26787298917770386,0.1705341339111328,0.8332204818725586,0.0,0.8332204818725586,0.03636004403233528,0.0,0.03636004403233528,0.0,1.0,-19.259435653686523,1784673034.7462294,15.396337985992432,,0.44887934608875923,16.693043719913227,0.0,,False,1.4956672191619873
125,0.0040594786405563354,2.4231150064224494e-07,0.004153836518526077,0.003189937211573124,1.0996970445376064e-07,0.0032548271119594574,0.00011451684986241162,-13.752656936645508,0.4146610200405121,0.0003346544981468469,0.4272761642932892,0.5166144967079163,9.714985208120197e-05,0.5188016891479492,0.01280334684997797,-6.520565509796143,0.5019707083702087,3.890924563165754e-05,0.49729108810424805,0.004679620265960693,-3.876791477203369,0.9906682968139648,0.001372864586301148,1.0,0.009331703186035156,-2.3447742462158203,0.6984212398529053,0.14538797736167908,0.994140625,0.2957193851470947,0.25551068782806396,0.8408758640289307,1.0,0.15912413597106934,0.048834849148988724,0.0,0.048834849148988724,0.0,1.0,-20.90750503540039,1784673034.84076,15.49086856842041,,0.19919003562510795,17.892144436943656,0.0,,False,1.4956672191619873
126,0.004055767320096493,2.4045706936703937e-07,0.004183890298008919,0.0032530585303902626,1.1349049344744344e-07,0.0032716067507863045,0.00012945862545166165,-13.742609024047852,0.41758131980895996,0.00033592013642191887,0.43058252334594727,0.5165770649909973,0.00010551312152529135,0.5176799297332764,0.013047896325588226,-6.482420921325684,0.502183735370636,4.0718332456890494e-05,0.4965054392814636,0.005678296089172363,-3.7395496368408203,0.9933587312698364,0.0013627297012135386,1.0,0.006641268730163574,-2.36401104927063,0.669061541557312,0.1558733880519867,0.9990234375,0.329961895942688,0.33882421255111694,0.8662829995155334,1.0,0.13371700048446655,0.06739125400781631,0.0,0.06739125400781631,0.0,2.0,-20.798320770263672,1784673034.945591,15.595699548721313,,0.28919580611349716,19.17455867869714,0.0,,False,1.4956672191619873
127,0.004054546821862459,2.480822729467036e-07,0.004695740062743425,0.0032879465725272894,1.212510341019879e-07,0.0036676255986094475,0.0007451744168065488,-12.306509017944336,0.4189516603946686,0.00034458591835573316,0.43457886576652527,0.5162282586097717,0.00011408296268200502,0.5163838267326355,0.01562798023223877,-6.333540439605713,0.5020113587379456,4.182883640169166e-05,0.4959072172641754,0.006104141473770142,-3.6766304969787598,0.9932926893234253,0.0013953514862805605,1.0,0.006707310676574707,-2.3522450923919678,0.6357545256614685,0.16961272060871124,0.998046875,0.3622923493385315,0.4187474846839905,0.8822997808456421,1.0,0.11770021915435791,0.09252821654081345,0.0,0.09252821654081345,0.0,2.0,-19.21165657043457,1784673035.0689468,15.719055414199829,,0.49665842934071236,20.536896192583495,0.0,,False,1.4956672191619873
128,0.004061591345816851,2.576639133167191e-07,0.004171023610979319,0.0033227242529392242,1.2657652348480042e-07,0.0032646998297423124,0.00012386385060381144,-13.652599334716797,0.42178744077682495,0.000352123606717214,0.43863117694854736,0.5157628655433655,0.00012120914470870048,0.5159969925880432,0.01684536226093769,-6.243799686431885,0.5016946792602539,4.2780691728694364e-05,0.49572479724884033,0.005969882011413574,-3.6942360401153564,0.990373969078064,0.001470131566748023,1.0,0.009626030921936035,-2.310748815536499,0.6155319809913635,0.18424458801746368,0.9931640625,0.3776320815086365,0.46019479632377625,0.8935317397117615,1.0,0.10646826028823853,0.11494395136833191,0.0,0.11494395136833191,0.0,2.0,-20.49475860595703,1784673035.1637306,15.813839197158813,,0.0,21.940681018109636,0.0,,False,1.4956672191619873
129,0.004076307639479637,2.603038637971622e-07,0.0036871309857815504,0.003348549362272024,1.275972181247198e-07,0.002879118314012885,0.000609773735050112,-12.525577545166016,0.4241751432418823,0.0003524137719068676,0.44150209426879883,0.5150374174118042,0.00012659223284572363,0.5154608488082886,0.01733212359249592,-6.198083877563477,0.5012436509132385,4.3268217268632725e-05,0.4954976737499237,0.005745977163314819,-3.7235772609710693,0.9880900382995605,0.001513370661996305,1.0,0.011909961700439453,-2.280904531478882,0.6034560799598694,0.19133993983268738,0.9990234375,0.3955673575401306,0.500975489616394,0.9024139046669006,1.0,0.09758609533309937,0.1325819343328476,0.0,0.1325819343328476,0.0,2.0,-19.34583282470703,1784673035.2586002,15.908708810806274,,0.3624821750682514,23.385246536928395,0.0,,False,1.4956672191619873
130,0.00412112008780241,2.636764406815928e-07,0.004270733799785376,0.0033712759613990784,1.2695802809048473e-07,0.0033334216568619013,0.000154328256030567,-13.628009796142578,0.4275560975074768,0.00035119467065669596,0.44547972083091736,0.513789713382721,0.00012966715439688414,0.5144124031066895,0.017934435978531837,-6.155606269836426,0.5004540681838989,4.344042463344522e-05,0.4945903718471527,0.005863696336746216,-3.7073731422424316,0.985518217086792,0.001543237129226327,1.0,0.014481782913208008,-2.250049114227295,0.6005637645721436,0.19319017231464386,0.94140625,0.34084248542785645,0.39757004380226135,0.9088931083679199,1.0,0.09110689163208008,0.14174623787403107,0.0,0.14174623787403107,0.0,1.0,-20.40618133544922,1784673035.3531525,16.00326108932495,,0.0,24.726406609933022,0.0,,False,1.4956672191619873
131,0.004253684543073177,2.6754889859148534e-07,0.0037026710342615843,0.003378703258931637,1.197117001083825e-07,0.002882295520976186,0.0007416444714181125,-12.101566314697266,0.4325025975704193,0.0003403937444090843,0.44774624705314636,0.5108786821365356,0.00012834650988224894,0.5132238864898682,0.015422997064888477,-6.272465705871582,0.4984559714794159,4.368872760096565e-05,0.4938182830810547,0.004637688398361206,-3.8541195392608643,0.9831626415252686,0.0015176223823800683,1.0,0.016837358474731445,-2.2329652309417725,0.6223808526992798,0.18427586555480957,0.8427734375,0.22039258480072021,0.20507179200649261,0.8995670676231384,1.0,0.10043293237686157,0.11631933599710464,0.0,0.11631933599710464,0.0,1.0,-19.046598434448242,1784673035.4477816,16.0978901386261,,0.6617165653270405,25.87506843114188,0.0,,False,1.4956672191619873
132,0.004471718333661556,2.63289621216245e-07,0.004651752300560474,0.0033366642892360687,1.1064467742016859e-07,0.0036149327643215656,0.0003314295900054276,-13.334127426147461,0.44663259387016296,0.0003281341341789812,0.4519507884979248,0.5053198337554932,9.440341091249138e-05,0.5110766291618347,0.00783733930438757,-6.5885090827941895,0.49520209431648254,3.147280585835688e-05,0.49328041076660156,0.0019216835498809814,-4.205586910247803,0.974128246307373,0.0013422614429146051,1.0,0.025871753692626953,-2.138425350189209,0.6253494024276733,0.18276193737983704,0.9208984375,0.29554903507232666,0.30812305212020874,0.8169281482696533,1.0,0.18307185173034668,0.07657784223556519,0.0,0.07657784223556519,0.0,1.0,-20.707727432250977,1784673035.5538619,16.203970432281494,,0.0,27.126781512464454,0.0,,False,1.4956672191619873
133,0.004639510065317154,2.49231902671454e-07,0.00376489176414907,0.0033678675536066294,9.35297279625047e-08,0.0029174652881920338,0.000983778154477477,-11.237947463989258,0.46210938692092896,0.0003064218326471746,0.4549597203731537,0.500627875328064,6.475205736933276e-05,0.5107654929161072,0.01240520179271698,-6.1528825759887695,0.4923964738845825,2.0553332433337346e-05,0.49297377467155457,0.0005773007869720459,-4.4691972732543945,0.9714840054512024,0.0011328347027301788,1.0,0.028515994548797607,-2.1136717796325684,0.6628699898719788,0.15863299369812012,0.0,0.6628699898719788,1.3833047151565552,0.7537558078765869,1.0,0.24624419212341309,0.043269820511341095,1.0,0.9567301869392395,0.0,1.0,-18.394851684570312,1784673035.6396866,16.28979516029358,,1.3134633152049702,29.453676256823375,0.4124155256156261,,False,1.4956672191619873
134,0.004620208404958248,2.3836440732338815e-07,0.00455817673355341,0.0033240322954952717,9.197679418093685e-08,0.0035279556177556515,0.0002131493529304862,-13.653587341308594,0.46372300386428833,0.00030864684958942235,0.4586685001850128,0.5015761852264404,5.0884966185549274e-05,0.509322464466095,0.009249478578567505,-6.515750885009766,0.4931131899356842,1.5239103049680125e-05,0.4922378957271576,0.0008752942085266113,-4.601747035980225,0.9696259498596191,0.0010541160590946674,1.0,0.03037405014038086,-2.0709781646728516,0.6612944602966309,0.1456153690814972,0.861328125,0.20003366470336914,0.09293957054615021,0.7152826189994812,1.0,0.2847173810005188,0.037843361496925354,0.0,0.037843361496925354,0.0,1.0,-21.16706085205078,1784673035.7448442,16.39495277404785,,0.4587458522754986,30.49020585657189,0.0,,False,1.4956672191619873
135,0.004649955779314041,2.565468832926854e-07,0.00459333648905158,0.003368545323610306,9.588635663249079e-08,0.0035486025735735893,0.00018874945817515254,-13.65484619140625,0.46519777178764343,0.00031964166555553675,0.4624748229980469,0.5015843510627747,5.2144521760055795e-05,0.5079074501991272,0.006884477566927671,-6.722052574157715,0.49325600266456604,1.6141140804393217e-05,0.49144476652145386,0.0018112361431121826,-4.496509552001953,0.9731014966964722,0.0010182419791817665,1.0,0.026898503303527832,-2.170616626739502,0.6783947944641113,0.1376156508922577,0.69970703125,0.021312236785888672,-0.07105652987957001,0.703600287437439,1.0,0.29639971256256104,0.03152262046933174,0.0,0.03152262046933174,0.0,1.0,-21.280742645263672,1784673035.8494427,16.49955129623413,,1.0311734977638878,31.362739355894686,0.0,,False,1.4956672191619873
136,0.004662547260522842,2.6454398494024645e-07,0.004659696016460657,0.003365566721186042,9.73647544810774e-08,0.0035916962660849094,0.00022614751651417464,-13.544544219970703,0.46619993448257446,0.00032111251493915915,0.46690165996551514,0.5006462931632996,5.164945832802914e-05,0.5068837404251099,0.006276796106249094,-6.742098331451416,0.49278396368026733,1.6064113879110664e-05,0.49144476652145386,0.0013391971588134766,-4.544701099395752,0.9747079610824585,0.0009792173514142632,1.0,0.025292038917541504,-2.2188076972961426,0.694057047367096,0.12577690184116364,0.9970703125,0.30301326513290405,0.24731534719467163,0.6998313069343567,1.0,0.3001686930656433,0.02597016654908657,0.0,0.02597016654908657,0.0,1.0,-21.210573196411133,1784673035.9540272,16.604135751724243,,1.533431694399738,32.55364473229172,0.0,,False,1.4956672191619873
137,0.004660998936742544,2.605173676784034e-07,0.004209835547953844,0.0033686209935694933,9.550584678663654e-08,0.003228690242394805,0.00047236535465344787,-13.331287384033203,0.4666450619697571,0.0003147770476061851,0.4700110852718353,0.49993935227394104,5.0492970331106335e-05,0.5061598420143127,0.007072807289659977,-6.739620208740234,0.4923402965068817,1.5714776964159682e-05,0.4899967610836029,0.0023435354232788086,-4.436770915985107,0.9767782688140869,0.0009355901274830103,1.0,0.023221731185913086,-2.2800416946411133,0.712931752204895,0.11296102404594421,0.0,0.712931752204895,2.078348159790039,0.6948509216308594,1.0,0.3051490783691406,0.02102801762521267,1.0,0.9789719581604004,0.0,0.0,-20.941370010375977,1784673036.04548,16.6955885887146,,1.7664867050004318,35.57558292128413,0.434657296836787,,False,1.4956672191619873
138,0.004628682509064674,2.2535643040555442e-07,0.004633184522390366,0.003321159165352583,8.746675916881941e-08,0.0035423957742750645,0.0002212824037997052,-13.661077499389648,0.4707334041595459,0.0003094200510531664,0.47372332215309143,0.5002003312110901,3.811528586084023e-05,0.5038349628448486,0.004706395324319601,-7.102232933044434,0.4922080934047699,1.1130769053124823e-05,0.4892853796482086,0.0029227137565612793,-4.400237083435059,0.9807165861129761,0.0008354213205166161,1.0,0.019283413887023926,-2.402296543121338,0.7335913777351379,0.08636615425348282,0.0,0.7335913777351379,2.8099098205566406,0.7181991934776306,1.0,0.2818008065223694,0.016779715195298195,1.0,0.9832202792167664,0.0,0.0,-21.542984008789062,1784673036.1499093,16.800017833709717,,2.6011557140142116,39.32908277104314,0.87356291472994,,False,1.4956672191619873
139,0.0046349819749593735,2.3086749934009276e-07,0.004856607876718044,0.0033412687480449677,9.082138774374471e-08,0.0036980456206947565,0.0004200092516839504,-13.102872848510742,0.47248828411102295,0.0003210638533346355,0.47825726866722107,0.5015891194343567,3.594369991333224e-05,0.5021040439605713,0.005791919305920601,-7.245318412780762,0.49269723892211914,1.0538995411479846e-05,0.4891655743122101,0.0035316646099090576,-4.219537258148193,0.9834548830986023,0.0007934047607704997,1.0,0.016545116901397705,-2.478139877319336,0.7445495128631592,0.07702738791704178,0.0,0.7445495128631592,3.235562324523926,0.7053968906402588,1.0,0.2946031093597412,0.014194588176906109,1.0,0.9858053922653198,0.0,0.0,-21.008895874023438,1784673036.2554967,16.90560531616211,,2.9017365882623665,43.508235124769435,1.3150536456716464,,False,1.4956672191619873
140,0.004651604685932398,2.3387099190586014e-07,0.003943159710615873,0.003353097476065159,9.230344488742048e-08,0.0029899629298597574,0.0007960911025293171,-12.108137130737305,0.47434380650520325,0.0003250646113883704,0.4815959632396698,0.5022896528244019,3.512196053634398e-05,0.5021201372146606,0.00725413765758276,-7.2249016761779785,0.49283403158187866,1.0270013262925204e-05,0.489205926656723,0.0036281049251556396,-4.183349132537842,0.9854410886764526,0.000779504596721381,1.0,0.014558911323547363,-2.5235278606414795,0.7485533356666565,0.07180312275886536,0.9853515625,0.2367982268333435,-0.007508784532546997,0.6887577176094055,1.0,0.3112422823905945,0.012709585949778557,0.0,0.012709585949778557,0.0,0.0,-19.979732513427734,1784673036.3399644,16.99007296562195,,2.173154101914818,44.44431636943926,0.7834485702978116,,False,1.4956672191619873
141,0.004752190783619881,2.7243453359915293e-07,0.004764975048601627,0.003391693579033017,1.000977931653324e-07,0.0036040472332388163,0.00021273813035804778,-13.55306625366211,0.4749264419078827,0.0003373565268702805,0.48556867241859436,0.5021647214889526,3.850959546980448e-05,0.5019139051437378,0.010645185597240925,-7.072933197021484,0.49281156063079834,1.2267314559721854e-05,0.48901742696762085,0.0037941336631774902,-4.14860725402832,0.986564576625824,0.0007474837475456297,1.0,0.013435423374176025,-2.5597150325775146,0.8035634160041809,0.05949322506785393,0.89111328125,0.08754986524581909,-0.42758893966674805,0.6239810585975647,1.0,0.3760189414024353,0.006681840401142836,0.0,0.006681840401142836,0.0,0.0,-21.285717010498047,1784673036.4462452,17.096353769302368,,2.7505561126375824,44.96031745897488,0.245815749375341,,False,1.4956672191619873
142,0.004765904508531094,2.842315325324307e-07,0.004990719724446535,0.003383127273991704,1.02037922999898e-07,0.00376613880507648,0.00044411676935851574,-12.940073013305664,0.4776051342487335,0.0003429110802244395,0.49010276794433594,0.5011577606201172,3.818199547822587e-05,0.5007367134094238,0.012504723854362965,-7.007651329040527,0.49206236004829407,1.2367055205686484e-05,0.4884311854839325,0.0036311745643615723,-4.198211669921875,0.9874860048294067,0.0007126582786440849,1.0,0.012513995170593262,-2.59444522857666,0.8400235176086426,0.0497351810336113,0.97412109375,0.13409757614135742,-0.400803804397583,0.6011739373207092,1.0,0.39882606267929077,0.004465360194444656,0.0,0.004465360194444656,0.0,0.0,-20.645299911499023,1784673036.5513115,17.201420068740845,,2.687541024361323,45.50310368377966,0.0,,False,1.4956672191619873
143,0.00477192085236311,2.882725880226644e-07,0.004032236058264971,0.003399438224732876,1.0263813976507663e-07,0.00302071962505579,0.0008310002158395946,-12.090137481689453,0.48016080260276794,0.0003435916732996702,0.49324753880500793,0.5005197525024414,3.7815803807461634e-05,0.49923795461654663,0.013149360194802284,-6.970594882965088,0.49147728085517883,1.2467192391341086e-05,0.488056480884552,0.003420799970626831,-4.257959842681885,0.9882997274398804,0.0006727027939632535,1.0,0.011700272560119629,-2.631413698196411,0.875645637512207,0.04142001271247864,0.9697265625,0.09408092498779297,-0.5662099123001099,0.5693886280059814,1.0,0.43061137199401855,0.0029706612695008516,0.0,0.0029706612695008516,0.0,0.0,-19.795595169067383,1784673036.635648,17.285756587982178,,1.7748211936534233,45.88048380068192,0.0,,False,1.4956672191619873
144,0.004799060523509979,2.9589469363600074e-07,0.004973554518073797,0.003476690500974655,1.0607392653128045e-07,0.0037010929081588984,0.00028426150674931705,-13.419502258300781,0.4868198037147522,0.00035061733797192574,0.49701523780822754,0.5020853877067566,3.763057611649856e-05,0.4958688020706177,0.011941223405301571,-6.572152137756348,0.4915154278278351,1.2369896467134822e-05,0.4880647361278534,0.0034506916999816895,-4.24988317489624,0.9885891675949097,0.0006299574160948396,1.0,0.011410832405090332,-2.662644863128662,0.8940306901931763,0.03275153785943985,0.998046875,0.10401618480682373,-0.6252907514572144,0.5749931931495667,1.0,0.42500680685043335,0.002444195793941617,0.0,0.002444195793941617,0.0,0.0,-20.80216407775879,1784673036.7406561,17.390764713287354,,1.8686702716369297,46.19878307842708,0.0,,False,1.4956672191619873
145,0.0048221079632639885,3.029470008186763e-07,0.00492731761187315,0.0035117720253765583,1.0810812511863332e-07,0.003650408238172531,0.0001740375446388498,-13.579882621765137,0.4921802580356598,0.000354375340975821,0.5008270740509033,0.5012253522872925,3.697002466651611e-05,0.4958077073097229,0.010203837417066097,-6.734954833984375,0.4904409945011139,1.2185379091533832e-05,0.4885784983634949,0.0018624961376190186,-4.596360206604004,0.9883143901824951,0.0006158926989883184,1.0,0.011685609817504883,-2.666422128677368,0.9104422330856323,0.02969687432050705,1.0,0.08955776691436768,-0.7043771147727966,0.5208142399787903,1.0,0.4791857600212097,0.0017056006472557783,0.0,0.0017056006472557783,0.0,0.0,-21.26602554321289,1784673036.8471086,17.497217178344727,,2.4263808150745376,46.43799599285665,0.0,,False,1.4956672191619873
146,0.004844524897634983,3.089876656758861e-07,0.005036190617829561,0.0035412642173469067,1.0958014229345281e-07,0.0037122166249901056,0.00025682771229185164,-13.477615356445312,0.4973641633987427,0.0003576438466552645,0.5046241879463196,0.5000977516174316,3.629736602306366e-05,0.49627798795700073,0.008203568868339062,-6.967317581176758,0.48922228813171387,1.1994949090876617e-05,0.4886251389980316,0.000597149133682251,-4.731709957122803,0.9885609149932861,0.0006037433631718159,1.0,0.011439085006713867,-2.6788742542266846,0.9267615675926208,0.027264166623353958,0.9990234375,0.07226186990737915,-0.7863897681236267,0.4738517999649048,1.0,0.5261482000350952,0.0012307984288781881,0.0,0.0012307984288781881,0.0,0.0,-21.41732406616211,1784673036.952829,17.60293745994568,,3.1353898814613643,46.59519625393539,0.0,,False,1.4956672191619873
147,0.004855531267821789,3.0974706533015706e-07,0.005307639949023724,0.003556477837264538,1.0979746889461239e-07,0.0038910771254450083,0.0005624579498544335,-12.828408241271973,0.5004109144210815,0.0003568459360394627,0.5091323256492615,0.49976298213005066,3.6102504964219406e-05,0.49938756227493286,0.008729487657546997,-7.137270927429199,0.48870453238487244,1.195746153825894e-05,0.489019513130188,0.00031498074531555176,-4.743990421295166,0.9888694882392883,0.0005961971473880112,1.0,0.01113051176071167,-2.6896321773529053,0.9323950409889221,0.025854244828224182,0.966796875,0.03440183401107788,-0.8858141303062439,0.4314287006855011,1.0,0.5685713291168213,0.000992290209978819,0.0,0.000992290209978819,1.0,0.0,-20.910221099853516,1784673037.0574832,17.707591772079468,,3.3372959815395973,46.652972152831516,0.0,,False,1.4956672191619873
148,0.004911354742944241,3.3092513263e-07,0.0045576561242341995,0.003544711507856846,1.1448596382024334e-07,0.0033333932515233755,0.00041201713611371815,-13.230171203613281,0.5059882402420044,0.00037702429108321667,0.5125235915184021,0.4999799430370331,3.0966570193413645e-05,0.49838680028915405,0.006726732011884451,-7.197401523590088,0.48869651556015015,1.020446143229492e-05,0.4894076883792877,0.0007111728191375732,-4.802622318267822,0.9872095584869385,0.0005728314281441271,1.0,0.012790441513061523,-2.6707255840301514,0.9300322532653809,0.026563704013824463,0.9970703125,0.06703805923461914,-0.8105752468109131,0.31025001406669617,1.0,0.6897499561309814,0.0007269103080034256,0.0,0.0007269103080034256,1.0,0.0,-21.389404296875,1784673037.1426606,17.792769193649292,,4.018385278639315,46.78598693522297,0.0,,False,1.4956672191619873
149,0.004971271846443415,3.345121228903736e-07,0.005945680197328329,0.003568432293832302,1.1452304704562266e-07,0.004319473635405302,0.0012302580289542675,-9.726813316345215,0.511570155620575,0.0003845227765850723,0.5187131762504578,0.5007065534591675,2.8770416975021362e-05,0.4969136714935303,0.008087564259767532,-7.0055999755859375,0.4893816113471985,9.412128747499082e-06,0.49039992690086365,0.0010183155536651611,-4.812730312347412,0.9874940514564514,0.000557651394046843,1.0,0.012505948543548584,-2.6867196559906006,0.93140709400177,0.026176858693361282,0.998046875,0.06663978099822998,-0.8176770806312561,0.2493567317724228,1.0,0.750643253326416,0.0005861784447915852,0.0,0.0005861784447915852,1.0,0.0,-17.73765754699707,1784673037.269387,17.919495582580566,,1.9706574527782124,46.911899883794085,0.0,,False,1.4956672191619873
150,0.005024260375648737,3.373684194230009e-07,0.0035652455408126116,0.0035895744804292917,1.141157426332029e-07,0.002573660109192133,0.00177786557469517,-5.9292144775390625,0.5162380933761597,0.0003886953054461628,0.522137463092804,0.5013623833656311,2.751143074419815e-05,0.5000917911529541,0.006034647114574909,-7.264825820922852,0.48996129631996155,8.919520951167215e-06,0.4909597933292389,0.0009984970092773438,-4.838807106018066,0.9875985980033875,0.000558026076760143,1.0,0.012401401996612549,-2.6888113021850586,0.9286351203918457,0.025749467313289642,0.9931640625,0.0645289421081543,-0.8298764228820801,0.200692281126976,1.0,0.7993077039718628,0.0004841657937504351,0.0,0.0004841657937504351,1.0,0.0,-14.160478591918945,1784673037.354017,18.004125595092773,,7.51849386063455,47.025613490114374,0.0,,False,1.4956672191619873
151,0.005069143138825893,3.365492773355072e-07,0.005282013211399317,0.0035936725325882435,1.1285998624543936e-07,0.0038116732612252235,0.0003046932688448578,-13.335075378417969,0.5206116437911987,0.00039012328488752246,0.5248751640319824,0.5018724203109741,2.6353238354204223e-05,0.5012451410293579,0.004309418145567179,-7.32784366607666,0.49044156074523926,8.485638318234123e-06,0.4911109209060669,0.0006693601608276367,-4.893229007720947,0.9878537058830261,0.0005620251758955419,1.0,0.012146294116973877,-2.6917924880981445,0.9281412959098816,0.025353051722049713,1.0,0.07185870409011841,-0.8166542053222656,0.1607624590396881,1.0,0.8392375707626343,0.0003971222322434187,0.0,0.0003971222322434187,1.0,0.0,-21.643964767456055,1784673037.4382048,18.088313341140747,,5.582844092953778,47.15254931399448,0.0,,False,1.4956672191619873
152,0.005122988484799862,3.416259062305471e-07,0.0053234584629535675,0.003599895164370537,1.1286979173519285e-07,0.0038393456488847733,0.0003122895141132176,-13.292600631713867,0.5249593257904053,0.00039366382407024503,0.5289533138275146,0.5025317668914795,2.5326862669317052e-05,0.5032562017440796,0.004059155937284231,-7.343330383300781,0.4909965395927429,8.040883585636038e-06,0.4912175238132477,0.00022098422050476074,-4.94351053237915,0.9880578517913818,0.0005699697649106383,1.0,0.011942148208618164,-2.690917730331421,0.925224781036377,0.024682551622390747,0.9990234375,0.07379865646362305,-0.8215650916099548,0.12689702212810516,1.0,0.8731029629707336,0.0003288782318122685,0.0,0.0003288782318122685,1.0,0.0,-21.639020919799805,1784673037.5430033,18.193111896514893,,3.6521381729292557,47.27457425158689,0.0,,False,1.4956672191619873
153,0.0051864320412278175,3.5250741348136216e-07,0.0054351575672626495,0.003604909870773554,1.143246706192258e-07,0.00391030590981245,0.00039386688149534166,-13.087678909301758,0.529863178730011,0.000400253280531615,0.5339036583900452,0.5033100247383118,2.4272421796922572e-05,0.5010362267494202,0.004636338446289301,-7.2600178718566895,0.49160298705101013,7.57059569878038e-06,0.4916527569293976,4.976987838745117e-05,-4.976517200469971,0.9878126382827759,0.0005806679255329072,1.0,0.012187361717224121,-2.678830146789551,0.9209172129631042,0.023671425879001617,1.0,0.07908278703689575,-0.8207027912139893,0.09764617681503296,1.0,0.902353823184967,0.0002702889032661915,0.0,0.0002702889032661915,1.0,0.0,-21.38395118713379,1784673037.647512,18.29762053489685,,2.5419918750638004,47.39746148957527,0.0,,False,1.4956672191619873
154,0.005221331492066383,3.609696364037518e-07,0.004532031714916229,0.003600188996642828,1.1603324878706189e-07,0.0032433585729449987,0.0007761843735352159,-12.357246398925781,0.5323487520217896,0.0004055251192767173,0.5373842120170593,0.5036442279815674,2.4139328161254525e-05,0.5010606646537781,0.0056595634669065475,-7.213602066040039,0.49181681871414185,7.486960839742096e-06,0.49165382981300354,0.00016298890113830566,-4.9804606437683105,0.9882475733757019,0.0005959976697340608,1.0,0.011752426624298096,-2.677825689315796,0.9208846092224121,0.023029305040836334,0.97509765625,0.05421304702758789,-0.9027441740036011,0.08029987663030624,1.0,0.9197001457214355,0.00022697888198308647,0.0,0.00022697888198308647,1.0,0.0,-20.618358612060547,1784673037.7413034,18.391412019729614,,2.4520354873490646,47.43830734477404,0.0,,False,1.4956672191619873
155,0.005344857461750507,3.912123531790712e-07,0.005599897354841232,0.0036631906405091286,1.2653805470108637e-07,0.003988109529018402,0.000413058849517256,-12.980201721191406,0.5474035143852234,0.0004249818448442966,0.5416090488433838,0.5090208649635315,2.4005268642213196e-05,0.5045830011367798,0.007298661861568689,-6.912755966186523,0.4924229681491852,7.511444437113823e-06,0.4915858507156372,0.0008371174335479736,-4.933956146240234,0.9879817962646484,0.0006044898764230311,1.0,0.012018203735351562,-2.66715407371521,0.9422370195388794,0.019473833963274956,0.9970703125,0.054833292961120605,-0.973205029964447,0.03931384161114693,1.0,0.9606861472129822,9.317960939370096e-05,0.0,9.317960939370096e-05,1.0,0.0,-20.977384567260742,1784673037.8456569,18.495765447616577,,2.721105054834524,47.40869234401196,0.0,,False,1.4956672191619873
156,0.005386619828641415,3.9397107798322395e-07,0.005598545074462891,0.003692751284688711,1.2686916761595057e-07,0.00396690284833312,0.0003465132031124085,-13.122465133666992,0.5512168407440186,0.0004269281926099211,0.5459224581718445,0.5096506476402283,2.3521401089965366e-05,0.5027087330818176,0.008730444125831127,-6.313151836395264,0.4927138388156891,7.263377028721152e-06,0.4915858507156372,0.0011279881000518799,-4.909806728363037,0.9879857301712036,0.0006286345305852592,1.0,0.012014269828796387,-2.652235269546509,0.9388619065284729,0.019329607486724854,1.0,0.0611380934715271,-0.9574325680732727,0.03334803879261017,1.0,0.966651976108551,8.220189192797989e-05,0.0,8.220189192797989e-05,1.0,0.0,-20.62788963317871,1784673037.9506035,18.600712060928345,,2.6406796882379524,47.39484980514106,0.0,,False,1.4956672191619873
157,0.005403440445661545,3.9777910387783777e-07,0.005773463752120733,0.0036851223558187485,1.2795811699106707e-07,0.004073683638125658,0.0005365604883991182,-12.70452880859375,0.5519328117370605,0.0004280647845007479,0.5508702397346497,0.5099890232086182,2.3685224732616916e-05,0.5028082728385925,0.007258941885083914,-6.275742530822754,0.4928421974182129,7.2779739639372565e-06,0.49298495054244995,0.00014275312423706055,-4.994990348815918,0.9881569743156433,0.0006465744227170944,1.0,0.01184302568435669,-2.6445107460021973,0.936701238155365,0.01922452636063099,1.0,0.06329876184463501,-0.9526367783546448,0.030618444085121155,1.0,0.96938157081604,7.677365647396073e-05,0.0,7.677365647396073e-05,1.0,0.0,-20.222618103027344,1784673038.0548694,18.704977989196777,,2.1549827914900135,47.38580305598878,0.0,,False,1.4956672191619873
158,0.005413223057985306,3.982879377417703e-07,0.004938879515975714,0.003667856100946665,1.2790862058409402e-07,0.0034758341498672962,0.000511736492626369,-13.039546012878418,0.5517681837081909,0.00042678392492234707,0.5544524192810059,0.5102371573448181,2.379307807132136e-05,0.504311203956604,0.006505539175122976,-6.618391036987305,0.4929523169994354,7.301460755115841e-06,0.4937923550605774,0.0008400380611419678,-4.946455955505371,0.9885431528091431,0.000662830367218703,1.0,0.011456847190856934,-2.641542911529541,0.9359482526779175,0.019056012853980064,1.0,0.06405174732208252,-0.9536013007164001,0.028558572754263878,1.0,0.9714414477348328,7.179649401223287e-05,0.0,7.179649401223287e-05,1.0,0.0,-20.80748748779297,1784673038.1410618,18.791170358657837,,2.2541552795076996,47.37579178447475,0.0,,False,1.4956672191619873
159,0.005425803363323212,3.986702665770281e-07,0.005685007199645042,0.00365131301805377,1.2798275861314323e-07,0.003972535952925682,0.0004127599822822958,-12.97799301147461,0.5518577098846436,0.00042549960198812187,0.5587800145149231,0.5104990601539612,2.3892194803920574e-05,0.5093835592269897,0.007011607754975557,-7.281877040863037,0.49303558468818665,7.332616405619774e-06,0.49448004364967346,0.0014444589614868164,-4.850378036499023,0.9889141321182251,0.00067503796890378,1.0,0.011085867881774902,-2.6404030323028564,0.9351425766944885,0.01895146630704403,0.99609375,0.060951173305511475,-0.9659837484359741,0.027111567556858063,0.0,0.027111567556858063,6.826957542216405e-05,0.0,6.826957542216405e-05,1.0,0.0,-21.228683471679688,1784673038.2465577,18.896666288375854,,2.7745237514121044,47.353398065241144,0.0,,False,1.4956672191619873
160,0.005473151803016663,4.2633584484974563e-07,0.005675140768289566,0.003630375489592552,1.383073282568148e-07,0.00395852280780673,0.0003853313100989908,-12.95590591430664,0.5545041561126709,0.00044786278158426285,0.5639674067497253,0.511214554309845,2.2800842998549342e-05,0.507459819316864,0.010180920362472534,-6.95285701751709,0.49349820613861084,7.326515515160281e-06,0.49501001834869385,0.0015118122100830078,-4.837087154388428,0.986903727054596,0.000674757466185838,1.0,0.013096272945404053,-2.604548454284668,0.9336039423942566,0.01972578838467598,0.9990234375,0.06541949510574341,-0.9354956150054932,0.018422283232212067,0.0,0.018422283232212067,5.6265766033902764e-05,0.0,5.6265766033902764e-05,1.0,0.0,-20.936735153198242,1784673038.3514595,19.00156807899475,,3.002943904835064,47.36149247943802,0.0,,False,1.4956672191619873
161,0.005539882928133011,4.3687163042704924e-07,0.004790253005921841,0.003679727902635932,1.4191179786848807e-07,0.0033394668716937304,0.0008232390973716974,-12.316898345947266,0.5611394047737122,0.00045946112368255854,0.5675942897796631,0.5123224258422852,2.1670091882697307e-05,0.509121298789978,0.007205050904303789,-7.092861175537109,0.4943491518497467,7.0188339122978505e-06,0.4956875741481781,0.0013384222984313965,-4.886906147003174,0.9871143698692322,0.0007144392002373934,1.0,0.012885630130767822,-2.586865186691284,0.933320939540863,0.02047596126794815,0.9990234375,0.06570249795913696,-0.9199014902114868,0.01532844826579094,0.0,0.01532844826579094,5.010944732930511e-05,0.0,5.010944732930511e-05,1.0,0.0,-20.434640884399414,1784673038.4359944,19.086102962493896,,2.7292697894591953,47.3851810184289,0.0,,False,1.4956672191619873
162,0.005594626069068909,4.4759261186300137e-07,0.005773568991571665,0.0036977138370275497,1.453251599059513e-07,0.004028760362416506,0.0003763141867239028,-12.931133270263672,0.5674594640731812,0.0004695220850408077,0.5720110535621643,0.513357937335968,2.0560601114993915e-05,0.5109249353408813,0.005161052569746971,-7.22407341003418,0.4952169954776764,6.709143690386554e-06,0.4960058331489563,0.0007888376712799072,-4.990706443786621,0.9880967736244202,0.000752028776332736,1.0,0.011903226375579834,-2.5832266807556152,0.9335423111915588,0.02116481028497219,0.998046875,0.06450456380844116,-0.9104729890823364,0.012978935614228249,0.0,0.012978935614228249,4.4972530304221436e-05,0.0,4.4972530304221436e-05,1.0,0.0,-21.205745697021484,1784673038.5412524,19.19136095046997,,3.226700486705397,47.418298058548935,0.0,,False,1.4956672191619873
163,0.005662843585014343,4.573627165882499e-07,0.006073882803320885,0.0037641809321939945,1.4844080453713104e-07,0.004231490660458803,0.0006223597447387874,-12.402278900146484,0.5754947662353516,0.0004789684899151325,0.5771677494049072,0.5141296982765198,1.9368426364962943e-05,0.5118276476860046,0.0028457529842853546,-7.270266532897949,0.49596333503723145,6.284549272095319e-06,0.49655190110206604,0.0005885660648345947,-5.042209148406982,0.9893882870674133,0.0007885796367190778,1.0,0.01061171293258667,-2.5823004245758057,0.9277614951133728,0.022203393280506134,0.919921875,0.007839620113372803,-0.9834325313568115,0.010954723693430424,0.0,0.010954723693430424,4.14816640841309e-05,0.0,4.14816640841309e-05,1.0,0.0,-20.73959732055664,1784673038.6484573,19.29856586456299,,3.257982807486755,47.37845555639449,0.0,,False,1.4956672191619873
164,0.005656878463923931,4.701979037236015e-07,0.004898690152913332,0.003796369768679142,1.6079850695405185e-07,0.003405884373933077,0.0008528354810550809,-12.183320999145508,0.5805391073226929,0.0005016859504394233,0.5808268189430237,0.5161572694778442,1.900871029647533e-05,0.5097042322158813,0.006459448020905256,-6.300783157348633,0.4969691336154938,6.35127435089089e-06,0.4965989887714386,0.0003701448440551758,-5.053703308105469,0.9948252439498901,0.0008812015876173973,1.0,0.005174756050109863,-2.582979440689087,0.9363117218017578,0.02427571825683117,0.9990234375,0.06271171569824219,-0.8591988682746887,0.010380910709500313,0.0,0.010380910709500313,3.973998536821455e-05,0.0,3.973998536821455e-05,1.0,0.0,-19.75079917907715,1784673038.7424004,19.39250898361206,,2.3004669867886207,47.46284671732217,0.0,,False,1.4956672191619873
165,0.00568725448101759,4.781761617778102e-07,0.006077693309634924,0.0038373807910829782,1.627030172812738e-07,0.0042164805345237255,0.0005442050169222057,-12.653382301330566,0.5877459049224854,0.0005029580206610262,0.5851348042488098,0.5170320272445679,1.8007202015724033e-05,0.5131860375404358,0.004648600239306688,-7.004501819610596,0.4976990222930908,6.026896244293312e-06,0.4966309666633606,0.0010680556297302246,-4.996062755584717,0.9966056942939758,0.0009059228468686342,1.0,0.00339430570602417,-2.5779807567596436,0.943078339099884,0.025148985907435417,1.0,0.05692166090011597,-0.8581126928329468,0.009015016257762909,0.0,0.009015016257762909,3.3225758670596406e-05,0.0,3.3225758670596406e-05,1.0,0.0,-20.755016326904297,1784673038.838582,19.488690614700317,,2.347168313917635,47.548324053691594,0.0,,False,1.4956672191619873
166,0.005707494914531708,4.847137233809917e-07,0.005970832891762257,0.0038734048139303923,1.646631204721416e-07,0.004129603039473295,0.0003674022445920855,-12.970815658569336,0.5936800837516785,0.000506265030708164,0.5894954800605774,0.5177839398384094,1.7259806554648094e-05,0.5162684917449951,0.004450561013072729,-7.356088638305664,0.498352974653244,5.724558377551148e-06,0.4966851770877838,0.001667797565460205,-4.873485565185547,0.9977536201477051,0.0009414515807293355,1.0,0.002246379852294922,-2.562425374984741,0.9442231059074402,0.026303879916667938,1.0,0.055776894092559814,-0.8409439921379089,0.008120506070554256,0.0,0.008120506070554256,3.0295388569356874e-05,0.0,3.0295388569356874e-05,1.0,0.0,-21.292428970336914,1784673038.9438176,19.593926191329956,,2.9312822844792663,47.650970090756054,0.0,,False,1.4956672191619873
167,0.005760587751865387,4.700258955381287e-07,0.006351947318762541,0.003958459012210369,1.5772126005231257e-07,0.004393666051328182,0.0007342419703491032,-12.306129455566406,0.5974777340888977,0.0005094134830869734,0.5944294929504395,0.5158482789993286,1.567249455547426e-05,0.5173696875572205,0.003406825242564082,-7.4020843505859375,0.49808311462402344,4.933966920361854e-06,0.4973866045475006,0.0006965100765228271,-5.14158296585083,0.9901756048202515,0.0009925407357513905,1.0,0.009824395179748535,-2.490060806274414,0.9143455624580383,0.027118010446429253,0.97607421875,0.06172865629196167,-0.8145837187767029,0.005471014883369207,0.0,0.005471014883369207,2.7045329261454754e-05,0.0,2.7045329261454754e-05,1.0,0.0,-20.798587799072266,1784673039.0575545,19.70766305923462,,3.0215550837762493,47.77997640118172,0.0,,False,1.4956672191619873
168,0.005754586309194565,4.76558227546775e-07,0.005258659366518259,0.003978915512561798,1.599558316911498e-07,0.003619392402470112,0.0006125360378064215,-12.602563858032227,0.600559413433075,0.0005112991784699261,0.5979675650596619,0.5166698694229126,1.5545158021268435e-05,0.5165948271751404,0.0025929345283657312,-7.480530738830566,0.49853384494781494,4.85975033370778e-06,0.4977547526359558,0.0007790923118591309,-5.135872840881348,0.9914525747299194,0.0010277335532009602,1.0,0.008547425270080566,-2.4857177734375,0.9164082407951355,0.027797944843769073,0.9951171875,0.0787089467048645,-0.7610272169113159,0.005159336607903242,0.0,0.005159336607903242,2.539837259973865e-05,0.0,2.539837259973865e-05,1.0,0.0,-21.154924392700195,1784673039.1416528,19.79176139831543,,3.468164476701162,47.96253921347277,0.0,,False,1.4956672191619873
169,0.005734041333198547,4.837106644117739e-07,0.006094611249864101,0.003979049623012543,1.618690816940216e-07,0.004178768955171108,0.0004121874226257205,-12.99365234375,0.6023880243301392,0.000510331301484257,0.6022074818611145,0.5174763202667236,1.5755898857605644e-05,0.5176948308944702,0.0002834474726114422,-7.479948997497559,0.4989831745624542,4.898496172245359e-06,0.49842819571495056,0.0005549788475036621,-5.162914276123047,0.9930901527404785,0.0010792398825287819,1.0,0.006909847259521484,-2.4746901988983154,0.9222959876060486,0.028805451467633247,0.97998046875,0.057684481143951416,-0.7968986630439758,0.0050833565182983875,0.0,0.0050833565182983875,2.3941904146340676e-05,0.0,2.3941904146340676e-05,1.0,0.0,-21.55906867980957,1784673039.246357,19.89646553993225,,4.3189181567354495,48.109230579631166,0.0,,False,1.4956672191619873
170,0.006043008528649807,6.592763952539826e-07,0.006131594069302082,0.0038521394599229097,1.8934069601073134e-07,0.004216073080897331,0.00037455986603163183,-12.662332534790039,0.6087743639945984,0.0005579247954301536,0.6071624159812927,0.5219429731369019,1.7341264538117684e-05,0.5188755989074707,0.0034651351161301136,-7.115365028381348,0.4998178780078888,5.1485862968547735e-06,0.49866369366645813,0.001154184341430664,-5.040085792541504,1.0106923580169678,0.001077023334801197,1.0,0.010692358016967773,-2.44476318359375,0.9499414563179016,0.02803056873381138,0.97314453125,0.02320307493209839,-0.8586877584457397,0.007320057600736618,0.0,0.007320057600736618,2.9626995456055738e-05,0.0,2.9626995456055738e-05,1.0,0.0,-20.87466812133789,1784673039.35207,20.00217866897583,,4.4852712782980575,48.194132850387795,0.0,,False,1.4956672191619873
171,0.006048314273357391,6.719445764247212e-07,0.005180628038942814,0.003853192552924156,1.9115022098503687e-07,0.003564597573131323,0.0009144213981926441,-12.225688934326172,0.6105713844299316,0.0005574781098403037,0.6107180714607239,0.5221388936042786,1.7631375158089213e-05,0.5193637609481812,0.002779006725177169,-7.162662506103516,0.5000358819961548,5.197449354454875e-06,0.4989626109600067,0.0010732710361480713,-5.053917407989502,1.0112533569335938,0.0011072715278714895,1.0,0.01125335693359375,-2.426805019378662,0.9522612690925598,0.028328973799943924,0.8701171875,0.08214408159255981,-0.7439020872116089,0.007388032507151365,0.0,0.007388032507151365,2.888266863010358e-05,0.0,2.888266863010358e-05,1.0,0.0,-20.482776641845703,1784673039.4364927,20.08660125732422,,4.259732920368478,48.393820792378555,0.0,,False,1.4956672191619873
172,0.006059551611542702,6.851856824141578e-07,0.006276662461459637,0.0038440923672169447,1.9237852200149064e-07,0.004304420668631792,0.0005089589976705611,-12.405672073364258,0.6127326488494873,0.0005568552878685296,0.6149914860725403,0.5224124789237976,1.7717069567879662e-05,0.5198322534561157,0.0034292724449187517,-7.18674898147583,0.5002743601799011,5.170090389583493e-06,0.49913057684898376,0.0011437833309173584,-5.040851593017578,1.0118482112884521,0.0011272979900240898,1.0,0.011848211288452148,-2.4127631187438965,0.9546549916267395,0.028685715049505234,0.986328125,0.0316731333732605,-0.8392536640167236,0.0072438353672623634,0.0,0.0072438353672623634,2.794048486975953e-05,0.0,2.794048486975953e-05,1.0,0.0,-20.67549705505371,1784673039.54215,20.192258596420288,,4.226914975646906,48.4981571575642,0.0,,False,1.4956672191619873
173,0.00605996698141098,6.980575335546746e-07,0.00663580559194088,0.003849584609270096,1.9527760741766542e-07,0.004532571882009506,0.0008933430071920156,-11.542137145996094,0.6143839955329895,0.000558155938051641,0.6192603707313538,0.5225146412849426,1.827745472837705e-05,0.5202307105064392,0.00538473529741168,-7.198479652404785,0.5004618763923645,5.318415333022131e-06,0.49933624267578125,0.001125633716583252,-5.034109592437744,1.011481523513794,0.001160758314654231,1.0,0.011481523513793945,-2.403618335723877,0.9576568603515625,0.028970766812562943,0.990234375,0.0325775146484375,-0.8334788084030151,0.007563563529402018,0.0,0.007563563529402018,2.7591391699388623e-05,0.0,2.7591391699388623e-05,1.0,0.0,-19.817975997924805,1784673039.646687,20.29679560661316,,3.3365759737964282,48.608268378363555,0.0,,False,1.4956672191619873
174,0.006123802624642849,7.804092660990136e-07,0.006318321917206049,0.004127598833292723,2.167015509257908e-07,0.004330440424382687,0.0002810381993185729,-12.747041702270508,0.6326215267181396,0.0006071559037081897,0.6240933537483215,0.5240944623947144,1.6915233572945e-05,0.5209656357765198,0.009084013290703297,-7.009868621826172,0.501403272151947,4.7849357542872895e-06,0.4998105466365814,0.0015927255153656006,-4.941000938415527,0.9991787075996399,0.0011010034941136837,1.0,0.0008212924003601074,-2.4865219593048096,0.9596056342124939,0.027149666100740433,0.76416015625,0.1954454779624939,-0.1807686686515808,0.005497707054018974,0.0,0.005497707054018974,2.1614356228383258e-05,0.0,2.1614356228383258e-05,1.0,0.0,-20.825437545776367,1784673039.752887,20.402995586395264,,3.4536985197975127,49.37108973891434,0.0,,False,1.4956672191619873
175,0.006176293827593327,8.078919790932559e-07,0.0053964038379490376,0.0041989488527178764,2.25219281446698e-07,0.0037162750959396362,0.0009171708370558918,-11.935992240905762,0.6401746273040771,0.0006185114034451544,0.627432644367218,0.5242637395858765,1.6878742826520465e-05,0.5213462114334106,0.013071728870272636,-6.967548370361328,0.5018166303634644,4.722685844171792e-06,0.499939888715744,0.001876741647720337,-4.8397297859191895,0.9934378862380981,0.0010987711139023304,1.0,0.0065621137619018555,-2.468247890472412,0.9613948464393616,0.026687612757086754,0.99609375,0.03469890356063843,-0.8702817559242249,0.005254448391497135,0.0,0.005254448391497135,2.0380844944156706e-05,0.0,2.0380844944156706e-05,1.0,0.0,-19.929895401000977,1784673039.8373728,20.487481355667114,,2.6752789210232066,49.44439801219249,0.0,,False,1.4956672191619873
176,0.006259867921471596,8.688195407557942e-07,0.006422003265470266,0.004287028219550848,2.443030666654522e-07,0.0044152443297207355,0.00020670569210778922,-12.703842163085938,0.6491217613220215,0.0006416114047169685,0.6314853429794312,0.5240985155105591,1.7542166460771114e-05,0.5216075778007507,0.017811456695199013,-6.894092559814453,0.5021217465400696,4.828943474421976e-06,0.4997505843639374,0.002371162176132202,-4.619345664978027,0.9790676832199097,0.0011524622095748782,1.0,0.020932316780090332,-2.273890495300293,0.9630032777786255,0.026679737493395805,0.9248046875,0.03819859027862549,-0.8656415939331055,0.005433785729110241,0.0,0.005433785729110241,2.052060153800994e-05,0.0,2.052060153800994e-05,1.0,0.0,-20.528789520263672,1784673039.942745,20.592853546142578,,2.495753441511596,49.52234644746175,0.0,,False,1.4956672191619873
177,0.006338318809866905,9.217401952810178e-07,0.0069077820517122746,0.004370424896478653,2.6309550094083534e-07,0.004732303321361542,0.0006747180013917387,-12.261211395263672,0.6585373878479004,0.0006610804703086615,0.6361550688743591,0.5235617756843567,1.868913932412397e-05,0.521260678768158,0.0225002933293581,-6.746162414550781,0.5019034743309021,4.994903520127991e-06,0.49963706731796265,0.002266407012939453,-4.67042350769043,0.9540706872940063,0.0012877275003120303,1.0,0.04592931270599365,-1.5894205570220947,0.9616491794586182,0.027382079511880875,0.9931640625,0.031514883041381836,-0.8618590235710144,0.0051959180273115635,0.0,0.0051959180273115635,2.1017003746237606e-05,0.0,2.1017003746237606e-05,1.0,0.0,-19.99335479736328,1784673040.0544229,20.70453143119812,,1.7807932390995944,49.604077453093105,0.0,,False,1.4956672191619873
178,0.006336044520139694,9.370762086291506e-07,0.006467608734965324,0.0043888213112950325,2.680374109331751e-07,0.0044146254658699036,0.00013407086953520775,-12.657964706420898,0.6588977575302124,0.000669414468575269,0.640347421169281,0.5234548449516296,1.9409677406656556e-05,0.521149218082428,0.018693070858716965,-6.847579002380371,0.5018606185913086,5.190740466787247e-06,0.49985843896865845,0.0020021796226501465,-4.779236793518066,0.9462474584579468,0.001357395900413394,1.0,0.05375254154205322,-1.3178613185882568,0.9604898691177368,0.027462977916002274,0.990234375,0.029744505882263184,-0.8624118566513062,0.005288718733936548,0.0,0.005288718733936548,2.1716752598877065e-05,0.0,2.1716752598877065e-05,1.0,0.0,-20.525646209716797,1784673040.1498666,20.799975156784058,,1.5981244490411086,49.68525562564417,0.0,,False,1.4956672191619873
179,0.00633586198091507,9.517257808511204e-07,0.00581497373059392,0.004401306621730328,2.728094727899588e-07,0.0039880904369056225,0.0006648850976489484,-12.19637680053711,0.6590783596038818,0.0006778247770853341,0.6426036953926086,0.523257315158844,1.99396181415068e-05,0.5213944911956787,0.01657964661717415,-6.934609413146973,0.5017848014831543,5.331411557563115e-06,0.49999764561653137,0.0017871558666229248,-4.8524699211120605,0.9395806789398193,0.0014149347553029656,1.0,0.060419321060180664,-1.0714104175567627,0.9589322209358215,0.027383143082261086,0.75927734375,0.19965487718582153,-0.15211749076843262,0.005259365309029818,0.0,0.005259365309029818,2.1999241653247736e-05,0.0,2.1999241653247736e-05,1.0,0.0,-20.170299530029297,1784673040.2389789,20.889087438583374,,1.0601089792951228,50.476728164078104,0.0,,False,1.4956672191619873
180,0.00634648185223341,9.644772944739088e-07,0.006696872878819704,0.0044121695682406425,2.753809837940935e-07,0.004586724564433098,0.00039146305061876774,-12.521547317504883,0.6600856781005859,0.0006828627083450556,0.6457688212394714,0.5233220458030701,2.0030522136949003e-05,0.5217384099960327,0.0144041758030653,-7.003172874450684,0.5018359422683716,5.3118633331905585e-06,0.5000237226486206,0.0018122196197509766,-4.844712734222412,0.9385250806808472,0.0014242891920730472,1.0,0.06147491931915283,-1.031417965888977,0.9575976729393005,0.02733438089489937,0.97314453125,0.015546858310699463,-0.8764452934265137,0.004932786338031292,0.0,0.004932786338031292,2.1347394067561254e-05,0.0,2.1347394067561254e-05,0.0,0.0,-20.54644203186035,1784673040.346746,20.996854543685913,,0.8982360113801917,50.54387289985396,0.0,,False,1.4956672191619873
181,0.006301702931523323,9.812033567868639e-07,0.006562445312738419,0.004413669928908348,2.891140695737704e-07,0.00448587303981185,0.00027055476675741374,-12.563926696777344,0.6593197584152222,0.0006971115944907069,0.649066686630249,0.5227298140525818,2.208821570093278e-05,0.5219637155532837,0.010281653143465519,-7.0679521560668945,0.5019246339797974,5.892359695280902e-06,0.4996963441371918,0.002228289842605591,-4.680656433105469,0.9247146844863892,0.0015827069291844964,0.9927810430526733,0.06806635856628418,-0.841729998588562,0.9579648971557617,0.02658909000456333,0.9873046875,0.02933979034423828,-0.8785010576248169,0.005903777200728655,0.0,0.005903777200728655,2.3368109395960346e-05,0.0,2.3368109395960346e-05,0.0,0.0,-20.558616638183594,1784673040.4519484,21.102056980133057,,0.7485376497885028,50.60896187143151,0.0,,False,1.4956672191619873
182,0.006287775933742523,1.0322170282961451e-06,0.005573892500251532,0.004436169285327196,3.043295464522089e-07,0.003826318308711052,0.0009389077313244343,-11.698694229125977,0.6592475175857544,0.000716332346200943,0.6512555480003357,0.5221622586250305,2.4118464352795854e-05,0.5218391418457031,0.00799849908798933,-7.05232572555542,0.5018323063850403,6.455392394855153e-06,0.4996851980686188,0.002147108316421509,-4.699287414550781,0.913524866104126,0.001718620304018259,0.9693305492401123,0.05580568313598633,-1.3581392765045166,0.9559264779090881,0.02608598954975605,0.994140625,0.038214147090911865,-0.876249372959137,0.006565695162862539,0.0,0.006565695162862539,2.5731691494002007e-05,0.0,2.5731691494002007e-05,0.0,0.0,-19.69019889831543,1784673040.5360825,21.186191082000732,,0.018116101459852985,50.67630252767474,0.0,,False,1.4956672191619873
183,0.006445184350013733,1.140135509558604e-06,0.006690961308777332,0.004584033042192459,3.2667060168023454e-07,0.0045898002572357655,0.0002458446251694113,-12.44491958618164,0.6735020875930786,0.0007595018250867724,0.6536828875541687,0.5219352841377258,2.244973620690871e-05,0.5215020775794983,0.019823933020234108,-6.842891693115234,0.5021646618843079,5.7808742894849274e-06,0.4996677041053772,0.002496957778930664,-4.5722784996032715,0.8890990614891052,0.001703730900771916,0.9492470026016235,0.06014794111251831,-1.2068076133728027,0.9473372101783752,0.024134419858455658,0.97998046875,0.032643258571624756,-0.9210436344146729,0.005125063471496105,0.0,0.005125063471496105,2.561842484283261e-05,0.0,2.561842484283261e-05,0.0,0.0,-20.205371856689453,1784673040.6415076,21.291616201400757,,0.0,50.69884892246244,0.0,,False,1.4956672191619873
184,0.006452892906963825,1.1767384648919688e-06,0.00697369547560811,0.004600850399583578,3.364073393186118e-07,0.004767551086843014,0.0005468312883749604,-12.284425735473633,0.6736942529678345,0.0007742836605757475,0.6557347178459167,0.521087110042572,2.3324715584749356e-05,0.5207465887069702,0.017962763085961342,-6.866135597229004,0.5019122958183289,6.009385742800077e-06,0.49920493364334106,0.002707362174987793,-4.482292175292969,0.8767680525779724,0.0018193363212049007,0.9203743934631348,0.043606340885162354,-1.7131192684173584,0.9463589191436768,0.023973695933818817,0.9970703125,0.05071139335632324,-0.8928257822990417,0.0051264348439872265,0.0,0.0051264348439872265,2.656038304849062e-05,0.0,2.656038304849062e-05,0.0,1.0,-20.01848030090332,1784673040.7456892,21.395797729492188,,0.0,50.749613169365766,0.0,,False,1.4956672191619873
185,0.006476725451648235,1.291911303269444e-06,0.006743425037711859,0.004524148069322109,3.4213579169772856e-07,0.004617683589458466,0.00028262619161978364,-12.345531463623047,0.6683763861656189,0.0008179780561476946,0.6576588749885559,0.5192949175834656,2.3092772607924417e-05,0.5201758742332458,0.01075365673750639,-6.9674391746521,0.5008689165115356,5.853884886164451e-06,0.4990446865558624,0.0018242299556732178,-4.821023941040039,0.8619751930236816,0.0020858803763985634,0.8999419212341309,0.03796672821044922,-1.821812629699707,0.942916989326477,0.024470236152410507,0.990234375,0.04731738567352295,-0.8904622793197632,0.004280203487724066,0.0,0.004280203487724066,2.6314015485695563e-05,0.0,2.6314015485695563e-05,0.0,1.0,-20.329994201660156,1784673040.851157,21.50126552581787,,0.0,50.80274091924837,0.0,,False,1.4956672191619873
186,0.006492431275546551,1.3485908993970952e-06,0.005612707231193781,0.004526659846305847,3.5796944075627835e-07,0.0038512295577675104,0.0011091079795733094,-11.417608261108398,0.6694891452789307,0.000849154544994235,0.6588683128356934,0.5183179974555969,2.2677466404275037e-05,0.5199282169342041,0.01074220146983862,-6.921239852905273,0.5006303787231445,5.851065907336306e-06,0.4989458918571472,0.0016844868659973145,-4.863027572631836,0.8465300798416138,0.0021871060598641634,0.8748303651809692,0.02830028533935547,-1.9605523347854614,0.942286491394043,0.025167148560285568,0.99609375,0.05380725860595703,-0.8646494746208191,0.003947086166590452,0.0,0.003947086166590452,2.588235838629771e-05,0.0,2.588235838629771e-05,0.0,0.0,-19.38611602783203,1784673040.93451,21.58461856842041,,0.3221989719432514,50.88168147382992,0.0,,False,1.4956672191619873
187,0.006511978805065155,1.3327309034139034e-06,0.00738175492733717,0.004514230415225029,3.61249902880445e-07,0.005066579207777977,0.001030339626595378,-11.637022018432617,0.671904444694519,0.0008539853733964264,0.6601755023002625,0.5175389647483826,2.380650767008774e-05,0.5191649794578552,0.011841115541756153,-6.881622314453125,0.5005155801773071,6.238214155018795e-06,0.4985615909099579,0.001953989267349243,-4.767446517944336,0.831611156463623,0.0022925264202058315,0.8477121591567993,0.01610100269317627,-2.0635712146759033,0.9454455971717834,0.024869821965694427,0.9990234375,0.05357784032821655,-0.8703993558883667,0.003966804593801498,0.0,0.003966804593801498,2.5914590878528543e-05,0.0,2.5914590878528543e-05,0.0,0.0,-19.526042938232422,1784673041.0537348,21.703843355178833,,0.5044710334861122,50.954872147143924,0.0,,False,1.4956672191619873
188,0.006532515399158001,1.3456783563015051e-06,0.0056060547940433025,0.0045340703800320625,3.6571924511008547e-07,0.0038250633515417576,0.0011666277423501015,-11.325944900512695,0.6739329099655151,0.0008573580998927355,0.6608768105506897,0.5164975523948669,2.5482535420451313e-05,0.5187048316001892,0.013241367414593697,-6.786701679229736,0.5003423690795898,6.713259153912077e-06,0.49827703833580017,0.002065330743789673,-4.7190752029418945,0.8124969005584717,0.0024085459299385548,0.8280028104782104,0.01550590991973877,-2.0455150604248047,0.9457797408103943,0.025169510394334793,0.9990234375,0.05324369668960571,-0.865806519985199,0.0038798367604613304,0.0,0.0038798367604613304,2.645880522322841e-05,0.0,2.645880522322841e-05,0.0,0.0,-19.114843368530273,1784673041.137744,21.78785252571106,,1.0979426647311215,51.032655656361094,0.0,,False,1.4956672191619873
189,0.0065387943759560585,1.3407437791101984e-06,0.007063583005219698,0.004524699877947569,3.674685729038174e-07,0.004811799619346857,0.0005981883732602,-12.116720199584961,0.6757928729057312,0.0008607463096268475,0.6615902781486511,0.5149131417274475,2.664081875991542e-05,0.5182759761810303,0.014595285058021545,-6.62809419631958,0.499801367521286,7.093900876498083e-06,0.49794960021972656,0.0018517673015594482,-4.767509460449219,0.7932032942771912,0.0025640164967626333,0.8076890707015991,0.014485776424407959,-2.0232319831848145,0.9452564716339111,0.025746893137693405,0.9892578125,0.04400134086608887,-0.873183012008667,0.003620713483542204,0.0,0.003620713483542204,2.634490010677837e-05,0.0,2.634490010677837e-05,0.0,0.0,-19.802949905395508,1784673041.242504,21.89261245727539,,1.0033077591108963,51.103062673554795,0.0,,False,1.4956672191619873
190,0.006538780406117439,1.3171123782740324e-06,0.006731542758643627,0.004530172795057297,3.6266231973058893e-07,0.004611266311258078,0.00020912551553919911,-12.323881149291992,0.6763961315155029,0.0008549786871299148,0.6621291637420654,0.5143041014671326,2.730912819970399e-05,0.5179070234298706,0.014714870601892471,-6.591779708862305,0.4995473623275757,7.325573733396595e-06,0.4976886510848999,0.0018587112426757812,-4.757326126098633,0.7763091325759888,0.002644028514623642,0.7859165668487549,0.009607434272766113,-2.03133225440979,0.9443928003311157,0.025999734178185463,0.998046875,0.05365407466888428,-0.8505346179008484,0.0034173117019236088,0.0,0.0034173117019236088,2.6141409762203693e-05,0.0,2.6141409762203693e-05,0.0,0.0,-19.975967407226562,1784673041.3480732,21.99818181991577,,0.7356553516596165,51.196118084856316,0.0,,False,1.4956672191619873
191,0.006627487950026989,1.4744605323357973e-06,0.0069748880341649055,0.00447037722915411,3.9302747723013454e-07,0.00476910499855876,0.00045817584032192826,-12.095972061157227,0.6795052289962769,0.0008922324632294476,0.6623349785804749,0.5104644894599915,2.9485674531315453e-05,0.5173264741897583,0.018490655347704887,-5.925134658813477,0.4979138672351837,8.103893378574867e-06,0.4974516034126282,0.000462263822555542,-4.929460048675537,0.7674993872642517,0.002592496806755662,0.768567681312561,0.0010682940483093262,-2.058408498764038,0.9491605162620544,0.027815191075205803,1.0,0.05083948373794556,-0.8256867527961731,0.004310697317123413,0.0,0.004310697317123413,3.3380933018634096e-05,0.0,3.3380933018634096e-05,0.0,0.0,-19.300809860229492,1784673041.4526234,22.102731943130493,,1.143160491205407,51.31402136126251,0.0,,False,1.4956672191619873
192,0.0066155195236206055,1.4250949789129663e-06,0.005595781374722719,0.004488893784582615,3.8175423355824023e-07,0.003818696131929755,0.001220258534885943,-11.328871726989746,0.6794030666351318,0.0008800767245702446,0.6624175906181335,0.5102539658546448,2.9853659725631587e-05,0.5165566802024841,0.018117135390639305,-6.060249328613281,0.49775904417037964,8.169279681169428e-06,0.4969656467437744,0.0007933974266052246,-4.900099277496338,0.7529971599578857,0.002641764236614108,0.7471323013305664,0.005864858627319336,-2.042705535888672,0.9463737607002258,0.02796713076531887,0.990234375,0.04386061429977417,-0.8350310921669006,0.00392412394285202,0.0,0.00392412394285202,3.298283263575286e-05,0.0,3.298283263575286e-05,0.0,0.0,-18.627120971679688,1784673041.536194,22.186302661895752,,2.224354519301002,51.42258029829798,0.0,,False,1.4956672191619873
193,0.00660990085452795,1.384882239108265e-06,0.006702777463942766,0.004486657213419676,3.6553032600750157e-07,0.00455388193950057,0.00011465264105936512,-12.308732986450195,0.678839921951294,0.0008594103856012225,0.6623935103416443,0.5094966888427734,3.051484964089468e-05,0.5156629085540771,0.017564360052347183,-6.110024452209473,0.49737685918807983,8.270435500890017e-06,0.49623599648475647,0.0011408627033233643,-4.853785037994385,0.7365735173225403,0.002706572413444519,0.7300806045532227,0.006492912769317627,-2.0293092727661133,0.944760262966156,0.028118222951889038,0.9990234375,0.054263174533843994,-0.8143710494041443,0.0037430135998874903,0.0,0.0037430135998874903,3.3067895856220275e-05,0.0,3.3067895856220275e-05,0.0,0.0,-19.623645782470703,1784673041.6415114,22.291620016098022,,2.3090237366055817,51.551799278096205,0.0,,False,1.4956672191619873
194,0.006587262265384197,1.3550672974815825e-06,0.006993681658059359,0.004474456422030926,3.586181662740273e-07,0.004756770562380552,0.0004948514979332685,-12.166385650634766,0.677997350692749,0.0008490214240737259,0.6621950268745422,0.508892297744751,3.100595131400041e-05,0.5149184465408325,0.01691235974431038,-6.155837535858154,0.49707406759262085,8.403879292018246e-06,0.4961548149585724,0.0009192526340484619,-4.874194145202637,0.7243294715881348,0.0027499860152602196,0.7097015976905823,0.01462787389755249,-1.990236759185791,0.9423591494560242,0.028102949261665344,0.8193359375,0.12302321195602417,-0.5977292060852051,0.0035859274212270975,0.0,0.0035859274212270975,3.368954639881849e-05,0.0,3.368954639881849e-05,0.0,0.0,-19.528154373168945,1784673041.7489388,22.399047374725342,,2.489184363211919,51.89766010121337,0.0,,False,1.4956672191619873
195,0.006583270616829395,1.3070492741462658e-06,0.00680803507566452,0.004464709199965,3.467204408025282e-07,0.004633355885744095,0.0002809995785355568,-12.313024520874023,0.6782175302505493,0.0008342784713022411,0.6617709398269653,0.5082926750183105,3.0853152566123754e-05,0.514100968837738,0.017442094162106514,-6.190896511077881,0.49672502279281616,8.390657058043871e-06,0.4958467185497284,0.0008783042430877686,-4.879288196563721,0.7102543115615845,0.0027530216611921787,0.7052116990089417,0.005042612552642822,-2.0239715576171875,0.9398825764656067,0.0278689656406641,0.9970703125,0.05718773603439331,-0.8125070929527283,0.0033571922685950994,0.0,0.0033571922685950994,3.305925929453224e-05,0.0,3.305925929453224e-05,0.0,0.0,-19.705385208129883,1784673041.8533735,22.50348210334778,,2.492114154857319,52.02874303746301,0.0,,False,1.4956672191619873
196,0.006574174389243126,1.3194505754654529e-06,0.005648293532431126,0.004453418776392937,3.5214404192629445e-07,0.003813151502981782,0.0011256986763328314,-11.453964233398438,0.6784482002258301,0.0008374457829631865,0.6613206267356873,0.5078527927398682,3.1721414416097105e-05,0.5133660435676575,0.01799304597079754,-6.229703903198242,0.49647900462150574,8.638210601930041e-06,0.4953095316886902,0.0011694729328155518,-4.831555366516113,0.7034422159194946,0.0028183069080114365,0.6958131790161133,0.007629036903381348,-2.006545305252075,0.9380434155464172,0.028088118880987167,1.0,0.061956584453582764,-0.7989341020584106,0.0032575116492807865,0.0,0.0032575116492807865,3.383191506145522e-05,0.0,3.383191506145522e-05,0.0,0.0,-18.853504180908203,1784673041.9380643,22.588172912597656,,3.3469249737243985,52.17339896460697,0.0,,False,1.4956672191619873
197,0.006585545837879181,1.3094413588987663e-06,0.007394641637802124,0.004431454464793205,3.4991069242096273e-07,0.004998743534088135,0.0009881563019007444,-11.658048629760742,0.6798275709152222,0.0008323814836330712,0.6606798768043518,0.5072216987609863,3.178537735948339e-05,0.5123673677444458,0.01982705481350422,-6.249241828918457,0.4961705803871155,8.691448783793021e-06,0.49493521451950073,0.001235365867614746,-4.819851875305176,0.6963633894920349,0.0028249425813555717,0.682427167892456,0.013936221599578857,-1.9813194274902344,0.9368281960487366,0.02802284061908722,0.96533203125,0.028503835201263428,-0.8539326190948486,0.003069997299462557,0.0,0.003069997299462557,3.293131885584444e-05,0.0,3.293131885584444e-05,0.0,0.0,-19.067367553710938,1784673042.0539231,22.704031705856323,,3.9878724197887436,52.26305637471449,0.0,,False,1.4956672191619873
198,0.0065954504534602165,1.2873862260676106e-06,0.0068687149323523045,0.00441399123519659,3.440780460550741e-07,0.004648193717002869,0.0003598947951104492,-12.276060104370117,0.6806432008743286,0.0008245810749940574,0.6598036885261536,0.5065258145332336,3.167179602314718e-05,0.5114589929580688,0.021415449678897858,-6.244951248168945,0.4957500398159027,8.671368959767278e-06,0.4945339560508728,0.0012160837650299072,-4.823530673980713,0.6903444528579712,0.002808689372614026,0.674362301826477,0.01598215103149414,-1.9731087684631348,0.9360938668251038,0.027826907113194466,0.9970703125,0.06097644567489624,-0.8051292896270752,0.00297263590618968,0.0,0.00297263590618968,3.246511914767325e-05,0.0,3.246511914767325e-05,0.0,0.0,-19.683788299560547,1784673042.1579168,22.808025360107422,,4.012399120003479,52.40151711428978,0.0,,False,1.4956672191619873
199,0.006653241813182831,1.546147132103215e-06,0.005735350307077169,0.004336926154792309,3.992882682268828e-07,0.0038534949999302626,0.0010374152334406972,-11.653674125671387,0.6831111907958984,0.0008972919313237071,0.6590836644172668,0.5057804584503174,3.280921737314202e-05,0.5110593438148499,0.02460058219730854,-6.086208820343018,0.49561023712158203,8.67226208356442e-06,0.49413323402404785,0.0014770030975341797,-4.782975196838379,0.6913076043128967,0.002867162460461259,0.6666775941848755,0.02463001012802124,-1.9024873971939087,0.9340693354606628,0.02819092385470867,0.9990234375,0.06495410203933716,-0.7906093597412109,0.0027389691676944494,0.0,0.0027389691676944494,3.132104029646143e-05,0.0,3.132104029646143e-05,0.0,0.0,-18.914127349853516,1784673042.2419283,22.89203691482544,,4.8065867699252465,52.55449778375094,0.0,,False,1.4956672191619873
200,0.006669694557785988,1.5408560329888132e-06,0.007027722895145416,0.0043127210810780525,3.9618149116904533e-07,0.004677838180214167,0.0005113655934110284,-12.014566421508789,0.6844451427459717,0.0008916729711927474,0.6582421660423279,0.504858672618866,3.27861744153779e-05,0.5071278214454651,0.026301046833395958,-6.372550964355469,0.495059072971344,8.669948329043109e-06,0.4932936429977417,0.001765429973602295,-4.729140758514404,0.6860039830207825,0.002858575666323304,0.6578199863433838,0.02818399667739868,-1.8708381652832031,0.9336560964584351,0.028052523732185364,0.998046875,0.06439077854156494,-0.7939996123313904,0.0026015168987214565,0.0,0.0026015168987214565,3.0135724955471233e-05,0.0,3.0135724955471233e-05,0.0,0.0,-19.4771785736084,1784673042.3466806,22.99678921699524,,5.037723196092131,52.70408820062192,0.0,,False,1.4956672191619873
201,0.006683490239083767,1.544516067042423e-06,0.0067560914903879166,0.0043021622113883495,3.962507264532178e-07,0.004501303657889366,0.0002119628625223413,-12.171384811401367,0.6857054233551025,0.0008886144496500492,0.6573211550712585,0.5038750171661377,3.2987212762236595e-05,0.5036224722862244,0.02838539145886898,-6.3804473876953125,0.4944571554660797,8.733433787710965e-06,0.4929911196231842,0.0014660358428955078,-4.78218936920166,0.682823657989502,0.002848143922165036,0.6526411771774292,0.030182480812072754,-1.8516796827316284,0.9332963824272156,0.02790084294974804,1.0,0.06670361757278442,-0.790875256061554,0.002535977168008685,0.0,0.002535977168008685,2.9403059670585208e-05,0.0,2.9403059670585208e-05,0.0,0.0,-19.666837692260742,1784673042.4511945,23.101303100585938,,5.079200503606671,52.85680297376273,0.0,,False,1.4956672191619873
202,0.006699780933558941,1.5501532288908493e-06,0.006829410791397095,0.004283648915588856,3.9550809560751077e-07,0.004556408617645502,0.0003019962750840932,-12.122774124145508,0.6871344447135925,0.0008847231511026621,0.6561793684959412,0.5028960704803467,3.33208627125714e-05,0.5038659572601318,0.030970266088843346,-6.276254177093506,0.493952214717865,8.874339982867241e-06,0.4928986728191376,0.001053541898727417,-4.834697723388672,0.6783674955368042,0.002837801817804575,0.6444801092147827,0.033887386322021484,-1.8110926151275635,0.9327751398086548,0.027748610824346542,0.9990234375,0.06624829769134521,-0.7942640781402588,0.0024281113874167204,0.0,0.0024281113874167204,2.829779805324506e-05,0.0,2.829779805324506e-05,0.0,0.0,-19.561126708984375,1784673042.5584083,23.208516836166382,,5.226388794397579,53.00612892482484,0.0,,False,1.4956672191619873
203,0.006720004603266716,1.538746460028051e-06,0.005609047599136829,0.00427138339728117,3.878426468872931e-07,0.003728274255990982,0.0012366054579615593,-11.454410552978516,0.6883835196495056,0.0008739933837205172,0.6554245352745056,0.5016573071479797,3.332213236717507e-05,0.505401074886322,0.033170927315950394,-6.006223678588867,0.4933227300643921,8.907311894290615e-06,0.49241870641708374,0.0009040236473083496,-4.8495049476623535,0.6726378798484802,0.0028245593421161175,0.641416609287262,0.03122127056121826,-1.8432105779647827,0.9331129789352417,0.027551032602787018,0.9990234375,0.0659104585647583,-0.7980802059173584,0.0023018824867904186,0.0,0.0023018824867904186,2.6863470338867046e-05,0.0,2.6863470338867046e-05,0.0,0.0,-18.68414306640625,1784673042.6435962,23.293704748153687,,6.2505607277666115,53.15163874810985,0.0,,False,1.4956672191619873
204,0.006750463508069515,1.5250728893079213e-06,0.006884742993861437,0.004261303693056107,3.770431646898942e-07,0.004565264564007521,0.00033229985274374485,-12.125877380371094,0.6899025440216064,0.0008602279121987522,0.6544880270957947,0.5001192092895508,3.316395668662153e-05,0.5008121132850647,0.03542129322886467,-6.112078666687012,0.492605596780777,8.906648872653022e-06,0.4916766285896301,0.0009289681911468506,-4.8469719886779785,0.6625641584396362,0.002822060137987137,0.6369346976280212,0.02562946081161499,-1.8998241424560547,0.9330036044120789,0.027343589812517166,0.9931640625,0.06016045808792114,-0.814516544342041,0.002068750560283661,0.0,0.002068750560283661,2.4480785214109346e-05,0.0,2.4480785214109346e-05,0.0,0.0,-19.439027786254883,1784673042.7472622,23.3973708152771,,6.519847941287011,53.28071223297018,0.0,,False,1.4956672191619873
205,0.006738254800438881,1.5036348486319184e-06,0.006966377142816782,0.004230739548802376,3.6737483810611593e-07,0.004597239196300507,0.00043169641867280006,-12.074258804321289,0.6875014305114746,0.0008411412709392607,0.6533417105674744,0.4991847276687622,3.3175372664118186e-05,0.49652087688446045,0.034263428300619125,-6.058768272399902,0.4924202561378479,9.00134546100162e-06,0.49015653133392334,0.0022637248039245605,-4.605480194091797,0.6543907523155212,0.0028508089017122984,0.6331191062927246,0.02127164602279663,-1.9317774772644043,0.9310048818588257,0.027057943865656853,0.9931640625,0.062159180641174316,-0.8145508170127869,0.0019133405294269323,0.0,0.0019133405294269323,2.329077324247919e-05,0.0,2.329077324247919e-05,0.0,0.0,-19.224014282226562,1784673042.8528087,23.502917289733887,,7.004148658835732,53.40975144515976,0.0,,False,1.4956672191619873
206,0.006716841831803322,1.4636378864452126e-06,0.005521043203771114,0.004152520094066858,3.4675895221880637e-07,0.003653035033494234,0.0012959243031218648,-11.468507766723633,0.6840965151786804,0.0008022774709388614,0.6525583863258362,0.495781809091568,3.659260255517438e-05,0.4962371587753296,0.03154141455888748,-6.21125602722168,0.49009230732917786,1.0271373866999056e-05,0.48977750539779663,0.0003148019313812256,-4.81931209564209,0.6255584955215454,0.002997536212205887,0.6317607760429382,0.006202280521392822,-1.9796271324157715,0.9285432696342468,0.02579057402908802,0.98388671875,0.055343449115753174,-0.8505544662475586,0.001899207360111177,0.0,0.001899207360111177,2.189120823459234e-05,0.0,2.189120823459234e-05,0.0,0.0,-18.847169876098633,1784673042.937019,23.587127685546875,,7.865293782512381,53.50278700811457,0.0,,False,1.4956672191619873
207,0.006729224696755409,1.4815584563621087e-06,0.007498752325773239,0.0041382634080946445,3.4598136267049995e-07,0.004905510228127241,0.0010866648517549038,-11.261201858520508,0.6843432188034058,0.0007986939162947237,0.6514250636100769,0.49443280696868896,3.7291887565515935e-05,0.49600082635879517,0.03295547887682915,-6.11543083190918,0.4894223213195801,1.0471664609212894e-05,0.48946553468704224,4.32133674621582e-05,-4.814391136169434,0.616921603679657,0.003057623514905572,0.6302292346954346,0.013307631015777588,-1.9471608400344849,0.928152322769165,0.025522802025079727,0.9990234375,0.07087111473083496,-0.8167564272880554,0.0018468721536919475,0.0,0.0018468721536919475,2.1018204279243946e-05,0.0,2.1018204279243946e-05,0.0,0.0,-18.56074333190918,1784673043.0472672,23.697375774383545,,9.012865450378484,53.62962061002889,0.0,,False,1.4956672191619873
208,0.00673918891698122,1.5070403378558694e-06,0.005605356302112341,0.0041419751942157745,3.489376467769034e-07,0.0036592106334865093,0.0012323303380981088,-11.538508415222168,0.6842895746231079,0.000800142646767199,0.6506175398826599,0.4933035671710968,3.789505717577413e-05,0.49482274055480957,0.033706288784742355,-6.0788750648498535,0.48880258202552795,1.0689961527532432e-05,0.4886213541030884,0.0001812279224395752,-4.8026275634765625,0.6135721802711487,0.0030873448122292757,0.6275995969772339,0.014027416706085205,-1.9394164085388184,0.928483247756958,0.02526671253144741,0.994140625,0.06565737724304199,-0.8348875045776367,0.0018762398976832628,0.0,0.0018762398976832628,2.087983739329502e-05,0.0,2.087983739329502e-05,0.0,0.0,-18.802921295166016,1784673043.1417513,23.7918598651886,,9.918259154987751,53.73832313465362,0.0,,False,1.4956672191619873
209,0.006751783192157745,1.5053637980599888e-06,0.006833713501691818,0.004153120797127485,3.4570913953757554e-07,0.004442726727575064,0.00030097205308265984,-12.180662155151367,0.6846375465393066,0.0007958423811942339,0.6496202349662781,0.49199846386909485,3.7815654650330544e-05,0.4932911992073059,0.035041164606809616,-6.029088497161865,0.4881286323070526,1.0639542779244948e-05,0.4880138337612152,0.00011479854583740234,-4.805908679962158,0.606708824634552,0.00316814286634326,0.6228101253509521,0.016101300716400146,-1.9174507856369019,0.9277110695838928,0.02491447888314724,0.9990234375,0.07131236791610718,-0.8251564502716064,0.0018798564560711384,0.0,0.0018798564560711384,2.0377385226311162e-05,0.0,2.0377385226311162e-05,0.0,0.0,-19.40688705444336,1784673043.2461731,23.896281719207764,,10.219687100319675,53.85675671358438,0.0,,False,1.4956672191619873
210,0.006723928265273571,1.4526708582707215e-06,0.00672522746026516,0.004103031940758228,3.430686774663627e-07,0.004339730367064476,0.00023670199152547866,-12.24418830871582,0.6803414821624756,0.0007805813802406192,0.6485821604728699,0.4949113130569458,3.411212674109265e-05,0.4919712543487549,0.03189511597156525,-6.109996318817139,0.4907361567020416,9.219976163876709e-06,0.4874819815158844,0.0032541751861572266,-4.303852558135986,0.6003729701042175,0.0035953533370047808,0.619525134563446,0.019152164459228516,-1.8441067934036255,0.9214363098144531,0.024155065417289734,0.9990234375,0.07758712768554688,-0.8180854320526123,0.0020088311284780502,0.0,0.0020088311284780502,2.2002093828632496e-05,0.0,2.2002093828632496e-05,0.0,0.0,-19.28411102294922,1784673043.3400898,23.990198373794556,,10.643891077145739,53.98226131073414,0.0,,False,1.4956672191619873
211,0.0067186374217271805,1.4728860833201907e-06,0.0069586001336574554,0.004088112618774176,3.4442456353644957e-07,0.004439860116690397,0.00042580324225127697,-12.11780071258545,0.6793133020401001,0.0007797848084010184,0.6472890973091125,0.4944499135017395,3.4638676879694685e-05,0.4903741478919983,0.03228252753615379,-5.978265762329102,0.49042603373527527,9.389095794176683e-06,0.48655635118484497,0.003869682550430298,-4.071604251861572,0.5958190560340881,0.003622387070208788,0.6126021146774292,0.016783058643341064,-1.852493405342102,0.9214933514595032,0.02375836856663227,0.998046875,0.07655352354049683,-0.8276374340057373,0.0020664501935243607,0.0,0.0020664501935243607,2.2162710592965595e-05,0.0,2.2162710592965595e-05,0.0,0.0,-18.936216354370117,1784673043.4569018,24.10701036453247,,11.415989722550904,54.09821390593077,0.0,,False,1.4956672191619873
212,0.00671047531068325,1.481830736338452e-06,0.005600145552307367,0.00407693674787879,3.4373510970908683e-07,0.0035439718049019575,0.0012316183419898152,-11.485769271850586,0.6781392693519592,0.0007768695941194892,0.6463265419006348,0.4939563274383545,3.512447074172087e-05,0.48963117599487305,0.032105397433042526,-5.952889442443848,0.490024596452713,9.569202120474074e-06,0.4862920939922333,0.0037325024604797363,-4.131603717803955,0.5922589898109436,0.003618428949266672,0.609322726726532,0.01706373691558838,-1.851684808731079,0.9215437769889832,0.02340015023946762,0.9990234375,0.07747966051101685,-0.8302973508834839,0.002175290137529373,0.0,0.002175290137529373,2.279867112520151e-05,0.0,2.279867112520151e-05,0.0,0.0,-18.31388282775879,1784673043.5399854,24.190093994140625,,12.810421894567398,54.211506584249655,0.0,,False,1.4956672191619873
213,0.006639083847403526,1.3817796116200043e-06,0.00681508332490921,0.004018150269985199,3.2257560178550193e-07,0.004276656545698643,0.00031273200875148177,-12.266866683959961,0.6696180105209351,0.0007398279849439859,0.645132839679718,0.49231910705566406,3.596295937313698e-05,0.48882293701171875,0.024733515456318855,-6.308060646057129,0.4878981411457062,9.738711014506407e-06,0.486107736825943,0.0017904043197631836,-4.686184883117676,0.5821763873100281,0.0040952484123408794,0.6047126054763794,0.02253621816635132,-1.7680169343948364,0.9213221669197083,0.022586219012737274,0.9970703125,0.07574814558029175,-0.8492496013641357,0.0031101538334041834,0.0,0.0031101538334041834,2.8705444492516108e-05,0.0,2.8705444492516108e-05,0.0,0.0,-19.656408309936523,1784673043.6455872,24.295695781707764,,12.862328584406157,54.30584701208789,0.0,,False,1.4956672191619873
214,0.0066203828901052475,1.3998491112943157e-06,0.00690261647105217,0.003983994014561176,3.2340003031094966e-07,0.004295241087675095,0.0004201553820166737,-12.195656776428223,0.6670510768890381,0.0007393324049189687,0.6439007520675659,0.49196693301200867,3.6728357372339815e-05,0.48821377754211426,0.02345258556306362,-6.318777084350586,0.4873405992984772,1.0058928637590725e-05,0.48560553789138794,0.0017350614070892334,-4.684946060180664,0.5805642604827881,0.004089829977601767,0.5972497463226318,0.01668548583984375,-1.7966511249542236,0.9221970438957214,0.022434791550040245,0.8984375,0.023759543895721436,-0.9670513272285461,0.0032957270741462708,0.0,0.0032957270741462708,2.9905151677667163e-05,0.0,2.9905151677667163e-05,0.0,0.0,-19.593151092529297,1784673043.7506785,24.400787115097046,,12.977492491652143,54.28238571406171,0.0,,False,1.4956672191619873
215,0.0065946076065301895,1.3457483873935416e-06,0.0067259990610182285,0.003975985571742058,3.1266785072148195e-07,0.004151454661041498,0.00021921021107118577,-12.354814529418945,0.6652816534042358,0.000729824067093432,0.6426290273666382,0.4908602833747864,3.58477009285707e-05,0.4884137511253357,0.022784357890486717,-6.456554889678955,0.48663395643234253,9.799633517104667e-06,0.48515117168426514,0.0014827847480773926,-4.735464096069336,0.5760059952735901,0.004136562347412109,0.5946595072746277,0.018653512001037598,-1.7829482555389404,0.9215595126152039,0.022715579718351364,0.99609375,0.07453423738479614,-0.8511329293251038,0.003083999967202544,0.0,0.003083999967202544,2.7877511456608772e-05,0.0,2.7877511456608772e-05,0.0,0.0,-19.88779067993164,1784673043.846613,24.496721506118774,,12.798016811495785,54.374842813938976,0.0,,False,1.4956672191619873
216,0.006418894976377487,1.3077260518912226e-06,0.0067742508836090565,0.003848664928227663,3.088263156314497e-07,0.004180190619081259,0.00048599083675071597,-12.204748153686523,0.6516385078430176,0.0007257275865413249,0.6407434344291687,0.49162712693214417,3.3851974876597524e-05,0.491534948348999,0.01089546363800764,-6.841140270233154,0.48629650473594666,9.175125342153478e-06,0.4846481382846832,0.0016483664512634277,-4.732499122619629,0.5571537613868713,0.004519839305430651,0.5883728265762329,0.031219065189361572,-1.6728838682174683,0.9227834343910217,0.023933008313179016,0.9853515625,0.06256812810897827,-0.8655238151550293,0.0025204732082784176,0.0,0.0025204732082784176,2.305795169377234e-05,0.0,2.305795169377234e-05,0.0,0.0,-20.043909072875977,1784673043.9517498,24.601858377456665,,12.462422738395091,54.452909027986315,0.0,,False,1.4956672191619873
217,0.006393681280314922,1.2951601320310147e-06,0.006569067947566509,0.0038172081112861633,3.0403916184695845e-07,0.004001126158982515,0.0002541384019423276,-12.376112937927246,0.6482558250427246,0.0007170463795773685,0.6389086246490479,0.49103862047195435,3.3712098229443654e-05,0.4912518262863159,0.009349632076919079,-6.869537353515625,0.4859772026538849,9.218069862981793e-06,0.4843069911003113,0.0016702115535736084,-4.726922035217285,0.5486745834350586,0.004471530206501484,0.5839346647262573,0.03526008129119873,-1.6470527648925781,0.9238200783729553,0.02387499250471592,0.990234375,0.06641429662704468,-0.8561493754386902,0.0024466258473694324,0.0,0.0024466258473694324,2.2088817786425352e-05,0.0,2.2088817786425352e-05,0.0,0.0,-20.23520278930664,1784673044.0522003,24.702308893203735,,11.935534948863733,54.540349681749994,0.0,,False,1.4956672191619873
218,0.006361672654747963,1.2823855968235875e-06,0.005807807203382254,0.0037807621993124485,2.998747561377968e-07,0.0034984261728823185,0.0006216756301000714,-12.202947616577148,0.6441768407821655,0.0007066908292472363,0.637262761592865,0.49061119556427,3.3860531402751803e-05,0.48834550380706787,0.007275840267539024,-6.826587677001953,0.48575031757354736,9.350596883450635e-06,0.48386716842651367,0.0018831491470336914,-4.681469440460205,0.5396924018859863,0.0044294800609350204,0.577455997467041,0.03776359558105469,-1.6298210620880127,0.9241140484809875,0.02382291853427887,0.998046875,0.07393282651901245,-0.8348923325538635,0.0023727314546704292,0.0,0.0023727314546704292,2.1322977772797458e-05,0.0,2.1322977772797458e-05,0.0,0.0,-20.004953384399414,1784673044.14605,24.7961585521698,,11.638896564239602,54.6490473783985,0.0,,False,1.4956672191619873
219,0.006324229761958122,1.238955292137689e-06,0.006708282511681318,0.0037304391153156757,2.8967548360014916e-07,0.0040027424693107605,0.0004707925545517355,-12.302484512329102,0.6393412351608276,0.0006873998790979385,0.6350875496864319,0.490177184343338,3.3719941711751744e-05,0.48833388090133667,0.004635903984308243,-6.888587474822998,0.48551827669143677,9.402495379617903e-06,0.4833310544490814,0.0021872222423553467,-4.613931655883789,0.5293152332305908,0.004361486062407494,0.575728714466095,0.04641348123550415,-1.5515742301940918,0.924222469329834,0.023741815239191055,0.9912109375,0.06698846817016602,-0.8568148612976074,0.0022659525275230408,0.0,0.0022659525275230408,2.0500141545198858e-05,0.0,2.0500141545198858e-05,0.0,0.0,-20.120319366455078,1784673044.2408442,24.890952825546265,,11.226892197559806,54.73582254630326,0.0,,False,1.4956672191619873
220,0.006280023604631424,1.1780889508372638e-06,0.006716942880302668,0.003669504076242447,2.7558604642763385e-07,0.003992248792201281,0.0005431966274045408,-12.27010726928711,0.6333485841751099,0.000663578393869102,0.6327708959579468,0.48958268761634827,3.354125510668382e-05,0.4906870722770691,0.0012463503517210484,-6.953988075256348,0.48519378900527954,9.454294740862679e-06,0.4831027090549469,0.0020910799503326416,-4.634331703186035,0.5172849297523499,0.00426995474845171,0.5733717083930969,0.05608677864074707,-1.4407814741134644,0.9250116944313049,0.02335301600396633,0.97412109375,0.04910939931869507,-0.9079395532608032,0.0021859267726540565,0.0,0.0021859267726540565,1.973198050109204e-05,0.0,1.973198050109204e-05,0.0,0.0,-20.150463104248047,1784673044.3470929,24.997201442718506,,10.784744093087042,54.77147302224483,0.0,,False,1.4956672191619873
221,0.006226595491170883,1.1297024684608914e-06,0.006701268721371889,0.0035997293889522552,2.6416242349114327e-07,0.003947777207940817,0.0005886016879230738,-12.253242492675781,0.6263182759284973,0.0006447496125474572,0.6298784613609314,0.48899170756340027,3.3601143513806164e-05,0.4909678101539612,0.004071842413395643,-6.917984962463379,0.4848727583885193,9.588027751306072e-06,0.4829842448234558,0.0018885135650634766,-4.672572612762451,0.5041933059692383,0.004193493165075779,0.5700099468231201,0.06581664085388184,-1.3016778230667114,0.9259138703346252,0.022964531555771828,0.9892578125,0.06334394216537476,-0.880601704120636,0.0021374982316046953,0.0,0.0021374982316046953,1.9124812752124853e-05,0.0,1.9124812752124853e-05,0.0,0.0,-20.123916625976562,1784673044.4515438,25.10165238380432,,10.369142466885762,54.83446134732656,0.0,,False,1.4956672191619873
222,0.00616786815226078,1.1063746114814421e-06,0.00590252410620451,0.003532002680003643,2.5859390007099137e-07,0.00345118367113173,0.00027737912023440003,-12.558889389038086,0.618868350982666,0.0006325719878077507,0.6277124285697937,0.4884880483150482,3.4204091207357123e-05,0.4882674217224121,0.0088468287140131,-6.924027442932129,0.48460936546325684,9.89826821751194e-06,0.48262014985084534,0.001989215612411499,-4.642754077911377,0.49295511841773987,0.004143259953707457,0.5684667825698853,0.07551166415214539,-1.1360907554626465,0.9259588718414307,0.02264518104493618,0.9970703125,0.07111144065856934,-0.8633118867874146,0.0021468878258019686,0.0,0.0021468878258019686,1.9029663235414773e-05,0.0,1.9029663235414773e-05,0.0,0.0,-20.41948890686035,1784673044.546428,25.196536540985107,,9.657968559800693,54.914739489741514,0.0,,False,1.4956672191619873
223,0.006109749898314476,1.0935104910458904e-06,0.006851395592093468,0.0034721065312623978,2.5601983111300797e-07,0.003961537964642048,0.0008885839488357306,-11.894864082336426,0.6118677854537964,0.0006237952038645744,0.6249513626098633,0.48807966709136963,3.4897428122349083e-05,0.48705625534057617,0.013123542070388794,-6.831300735473633,0.4843813478946686,1.0227596249023918e-05,0.48177510499954224,0.0026062428951263428,-4.494204521179199,0.48400118947029114,0.004101791884750128,0.5635267496109009,0.07952556014060974,-1.0583062171936035,0.9251492023468018,0.02246733196079731,0.98828125,0.06313204765319824,-0.8902090191841125,0.0021506166085600853,0.0,0.0021506166085600853,1.9063048966927454e-05,0.0,1.9063048966927454e-05,0.0,0.0,-19.60700798034668,1784673044.651137,25.30124568939209,,9.759275579229296,54.96812049975977,0.0,,False,1.4956672191619873
224,0.006063194014132023,1.0765920706035104e-06,0.006826617754995823,0.003432834055274725,2.522837405649625e-07,0.003914279397577047,0.000902554951608181,-11.899274826049805,0.6062866449356079,0.0006146520609036088,0.6216849684715271,0.4876413643360138,3.541033584042452e-05,0.4866655468940735,0.015429211780428886,-6.77727746963501,0.484154611825943,1.0488090083526913e-05,0.4815138578414917,0.002640753984451294,-4.481244087219238,0.475868821144104,0.004029521718621254,0.5600792169570923,0.08421039581298828,-0.9581857323646545,0.9234991073608398,0.022211531177163124,0.97802734375,0.054528236389160156,-0.917701244354248,0.0021621736232191324,0.0,0.0021621736232191324,1.9186722056474537e-05,0.0,1.9186722056474537e-05,0.0,0.0,-19.561717987060547,1784673044.755228,25.405336618423462,,9.905872591944032,54.99400928460789,0.0,,False,1.4956672191619873
225,0.006028914824128151,1.0544611086515943e-06,0.0055149695836007595,0.0033945776522159576,2.470932543019444e-07,0.0031368150375783443,0.0005749620031565428,-12.390419006347656,0.602552056312561,0.0006051385425962508,0.6192864775657654,0.48713263869285583,3.555450894054957e-05,0.48736172914505005,0.01673598773777485,-6.757247447967529,0.4839118421077728,1.055657230608631e-05,0.48171496391296387,0.00219687819480896,-4.581851482391357,0.473988801240921,0.0040154908783733845,0.5568102598190308,0.08282145857810974,-0.9857428669929504,0.9227078557014465,0.022634953260421753,0.98095703125,0.05824917554855347,-0.9002417325973511,0.002085656626150012,0.0,0.002085656626150012,1.8979786545969546e-05,0.0,1.8979786545969546e-05,0.0,0.0,-20.087142944335938,1784673044.8389685,25.48907709121704,,9.527044647383377,55.03735758121291,0.0,,False,1.4956672191619873
226,0.005992501974105835,1.041301970872155e-06,0.006799158174544573,0.0033551158849149942,2.4379841079280595e-07,0.0038472095038741827,0.0009449076023884118,-11.854028701782227,0.5983997583389282,0.0005981239955872297,0.6163956522941589,0.48700910806655884,3.555444345693104e-05,0.48748093843460083,0.01800207793712616,-6.721347808837891,0.483907014131546,1.0608991942717694e-05,0.48149746656417847,0.0024095475673675537,-4.5343337059021,0.46828311681747437,0.003973113838583231,0.5341783761978149,0.06589525938034058,-1.298717975616455,0.9217648506164551,0.02266942523419857,0.92578125,0.004016399383544922,-0.9740747809410095,0.002060954924672842,0.0,0.002060954924672842,1.8998545783688314e-05,0.0,1.8998545783688314e-05,0.0,0.0,-19.498273849487305,1784673044.9436615,25.593770027160645,,9.737085797671355,55.00687282947427,0.0,,False,1.4956672191619873
227,0.005957148969173431,1.0284871905241744e-06,0.007056063041090965,0.0033214371651411057,2.405623433787696e-07,0.003956940490752459,0.0012694394681602716,-11.24947738647461,0.594281017780304,0.0005932374624535441,0.6121305227279663,0.48669007420539856,3.583574289223179e-05,0.4861365556716919,0.01785808429121971,-6.72255802154541,0.48389318585395813,1.0773581379908137e-05,0.4808773398399353,0.003015846014022827,-4.378155708312988,0.46048885583877563,0.0038964503910392523,0.4855313301086426,0.025042474269866943,-1.7744323015213013,0.9188522696495056,0.022951899096369743,0.98291015625,0.06405788660049438,-0.8788472414016724,0.001995820552110672,0.0,0.001995820552110672,1.8791810362017713e-05,0.0,1.8791810362017713e-05,0.0,0.0,-18.816600799560547,1784673045.0487878,25.698896408081055,,10.628799997886091,55.071615617274965,0.0,,False,1.4956672191619873
228,0.0059402091428637505,1.0445339739817427e-06,0.0057582007721066475,0.003295070957392454,2.4164162937267974e-07,0.003175045596435666,0.0002180209557991475,-12.620331764221191,0.5915988087654114,0.0005958335241302848,0.6080009341239929,0.48628634214401245,3.667509736260399e-05,0.48510122299194336,0.01644488424062729,-6.736696720123291,0.48387622833251953,1.105528099287767e-05,0.48033130168914795,0.003544926643371582,-4.2190141677856445,0.453738272190094,0.00382244517095387,0.46422362327575684,0.010485351085662842,-1.850112795829773,0.9147845506668091,0.02374875359237194,0.890625,0.024159550666809082,-0.9388853907585144,0.0018579732859507203,0.0,0.0018579732859507203,1.8277847630088218e-05,0.0,1.8277847630088218e-05,0.0,0.0,-20.11919593811035,1784673045.1445177,25.794626235961914,,10.217919059551022,55.07632025571882,0.0,,False,1.4956672191619873
229,0.0059111109003424644,1.0633499414325343e-06,0.006729990243911743,0.0032627733889967203,2.448101952268189e-07,0.003672631923109293,0.0009157223394140601,-11.992159843444824,0.5882253050804138,0.0006015495164319873,0.6020416021347046,0.48559650778770447,3.7489629903575405e-05,0.4855831265449524,0.013816303573548794,-6.8071794509887695,0.4836624562740326,1.1375677786418237e-05,0.48035237193107605,0.003310084342956543,-4.291495323181152,0.4475594758987427,0.0037653986364603043,0.43408945202827454,0.01347002387046814,-1.84791898727417,0.9111595749855042,0.024770690128207207,0.9150390625,0.0038794875144958496,-0.9298047423362732,0.0017408635467290878,0.0,0.0017408635467290878,1.7783248040359467e-05,0.0,1.7783248040359467e-05,0.0,0.0,-19.58365249633789,1784673045.2482066,25.89831519126892,,10.342581562988414,55.090105542584915,0.0,,False,1.4956672191619873
230,0.0058866264298558235,1.0792542752824374e-06,0.006602644920349121,0.003230832051485777,2.4677689225427457e-07,0.0035751566756516695,0.0007945073884911835,-12.16140079498291,0.5854458808898926,0.0006021966692060232,0.5949513912200928,0.48509156703948975,3.850239954772405e-05,0.4862414598464966,0.009574810042977333,-6.85978889465332,0.4836270809173584,1.1743150935217272e-05,0.4805000126361847,0.003127068281173706,-4.340830326080322,0.4427385926246643,0.0037270435132086277,0.4201046824455261,0.022633910179138184,-1.8084050416946411,0.9083041548728943,0.02539789117872715,0.9912109375,0.08290678262710571,-0.7822889685630798,0.0016891885315999389,0.0,0.0016891885315999389,1.7633858078625053e-05,0.0,1.7633858078625053e-05,0.0,0.0,-19.81964683532715,1784673045.3533084,26.003417015075684,,10.231249727436548,55.251406603224204,0.0,,False,1.4956672191619873
231,0.0058709606528282166,1.0820724583027186e-06,0.007618525996804237,0.0031962033826857805,2.4592060299255536e-07,0.004068555310368538,0.0019531978759914637,-9.681150436401367,0.5827445387840271,0.0005962749710306525,0.58269202709198,0.4847416281700134,3.912328611477278e-05,0.4863499402999878,0.0016091691795736551,-6.915863037109375,0.4837077558040619,1.2000894457742106e-05,0.48056334257125854,0.0031444132328033447,-4.334384441375732,0.44113296270370483,0.0037112750578671694,0.4033432602882385,0.03778970241546631,-1.6868563890457153,0.9074413180351257,0.02551269344985485,0.994140625,0.08669930696487427,-0.7680367231369019,0.001678729080595076,0.0,0.001678729080595076,1.763708860380575e-05,0.0,1.763708860380575e-05,0.0,0.0,-17.381032943725586,1784673045.4711614,26.121269941329956,,12.558531783486245,55.42695990928967,0.0,,False,1.4956672191619873
232,0.0058481087908148766,1.0741302958194865e-06,0.004207423888146877,0.0031661936081945896,2.435880332996021e-07,0.002225292846560478,0.001891333144158125,-9.577784538269043,0.5798277258872986,0.0005891963373869658,0.5753781795501709,0.4843670725822449,4.0012721001403406e-05,0.4858134984970093,0.004678740166127682,-6.900710105895996,0.4837975800037384,1.238906588696409e-05,0.48027968406677246,0.0035178959369659424,-4.230953216552734,0.43967193365097046,0.0036764086689800024,0.38408663868904114,0.05558529496192932,-1.4637612104415894,0.9063112735748291,0.02541675791144371,0.990234375,0.0839231014251709,-0.7786827683448792,0.0017094467766582966,0.0,0.0017094467766582966,1.782957224349957e-05,0.0,1.782957224349957e-05,0.0,0.0,-17.213829040527344,1784673045.5558746,26.20598316192627,,15.053017742734184,55.59186717014716,0.0,,False,1.4956672191619873
233,0.005820294842123985,1.0673112456061062e-06,0.006506253965198994,0.0031192367896437645,2.4113165864037e-07,0.0034049032256007195,0.000743064796552062,-12.266622543334961,0.5764638185501099,0.000584544672165066,0.5692015886306763,0.4839855432510376,4.0524566429667175e-05,0.48531490564346313,0.00738289812579751,-6.8743462562561035,0.48383665084838867,1.2591658560268115e-05,0.47996848821640015,0.0038681626319885254,-4.128149032592773,0.43760138750076294,0.0036500943824648857,0.3801957368850708,0.05740565061569214,-1.4361484050750732,0.9049606919288635,0.025852175429463387,0.9853515625,0.08039087057113647,-0.7837485074996948,0.0016543358797207475,0.0,0.0016543358797207475,1.7483789633843116e-05,0.0,1.7483789633843116e-05,0.0,0.0,-19.83017349243164,1784673045.650859,26.300967693328857,,14.931159250077826,55.751708691849835,0.0,,False,1.4956672191619873
234,0.005335655063390732,7.96899939814466e-07,0.006276555359363556,0.0027331586461514235,1.8678755964174343e-07,0.0032709669321775436,0.0010837578447535634,-11.600334167480469,0.5284744501113892,0.0005224082851782441,0.5579782724380493,0.48448923230171204,4.0835628169588745e-05,0.4852493405342102,0.029513612389564514,-6.153419494628906,0.4828256368637085,1.3330138244782574e-05,0.4802223742008209,0.0026032626628875732,-4.439605236053467,0.41028472781181335,0.0042797960340976715,0.3738565742969513,0.03642815351486206,-1.6529544591903687,0.9135093092918396,0.027074497193098068,0.9677734375,0.0542641282081604,-0.8312634825706482,0.0029640542343258858,0.0,0.0029640542343258858,2.3291397155844606e-05,0.0,2.3291397155844606e-05,0.0,0.0,-18.74287223815918,1784673045.7555952,26.40570378303528,,15.896602011693929,55.864035238481556,0.0,,False,1.4956672191619873
235,0.005309619940817356,7.917030870885355e-07,0.005044621881097555,0.0027061349246650934,1.8514234056965506e-07,0.0025977138429880142,0.00028631993336603045,-12.861637115478516,0.5256214737892151,0.000518232409376651,0.5498815774917603,0.48420947790145874,4.110104055143893e-05,0.4855661392211914,0.024298006668686867,-6.404168128967285,0.4828849732875824,1.3467564713209867e-05,0.48019370436668396,0.0026912689208984375,-4.419771671295166,0.41027265787124634,0.004283841233700514,0.369632363319397,0.040640294551849365,-1.614739179611206,0.9133683443069458,0.027337463572621346,0.994140625,0.0807722806930542,-0.7614837884902954,0.002996350871399045,0.0,0.002996350871399045,2.32571255764924e-05,0.0,2.32571255764924e-05,0.0,0.0,-20.19485855102539,1784673045.8395598,26.489668369293213,,15.410058460443821,56.04614147919363,0.0,,False,1.4956672191619873
236,0.005295487120747566,7.874170933064306e-07,0.006139550823718309,0.002679720986634493,1.835249747728085e-07,0.00312694045715034,0.0009552218834869564,-11.947542190551758,0.5232481956481934,0.0005149536882527173,0.5401268601417542,0.4840521216392517,4.1097315261140466e-05,0.4855044484138489,0.01694103144109249,-6.695345878601074,0.4829345941543579,1.3500872228178196e-05,0.47990748286247253,0.003027111291885376,-4.348075866699219,0.4110453724861145,0.004316653124988079,0.3725557327270508,0.03848963975906372,-1.6321015357971191,0.913344144821167,0.027644654735922813,0.9990234375,0.08567929267883301,-0.7424496412277222,0.0029559065587818623,0.0,0.0029559065587818623,2.3047155991662294e-05,0.0,2.3047155991662294e-05,0.0,0.0,-19.47785758972168,1784673045.9447286,26.594837188720703,,15.640515870497424,56.247281867168276,0.0,,False,1.4956672191619873
237,0.005280708894133568,7.809751991771918e-07,0.006380300968885422,0.0026566768065094948,1.8173496130202693e-07,0.0032121993135660887,0.0012319529196247458,-11.33069133758545,0.520707368850708,0.0005106420139782131,0.5291336178779602,0.48382025957107544,4.1337301809107885e-05,0.48539477586746216,0.008572093211114407,-6.899407863616943,0.482928603887558,1.3641724763147067e-05,0.47989708185195923,0.003031522035598755,-4.34541130065918,0.4124436676502228,0.004347962327301502,0.37417006492614746,0.03827360272407532,-1.631630778312683,0.9133055806159973,0.02772514522075653,0.98291015625,0.06960457563400269,-0.786397397518158,0.0029635417740792036,0.0,0.0029635417740792036,2.309976662218105e-05,0.0,2.309976662218105e-05,0.0,0.0,-19.02292251586914,1784673046.0545728,26.704681396484375,,16.325908354403566,56.40447449885249,0.0,,False,1.4956672191619873
238,0.005257361568510532,7.634819780832913e-07,0.005036315880715847,0.002633546944707632,1.7787050410333904e-07,0.0025094295851886272,0.00025350801297463477,-12.900611877441406,0.5176783800125122,0.0005033516208641231,0.5215114951133728,0.4836127758026123,4.140203236602247e-05,0.48575180768966675,0.004389558918774128,-6.93547248840332,0.4829631447792053,1.3722406947636046e-05,0.48055583238601685,0.0024073123931884766,-4.468145370483398,0.41292065382003784,0.004350907169282436,0.38053005933761597,0.032390594482421875,-1.6791800260543823,0.9133975505828857,0.02762225642800331,0.9892578125,0.07586026191711426,-0.7714589834213257,0.003003909019753337,0.0,0.003003909019753337,2.3135238734539598e-05,0.0,2.3135238734539598e-05,0.0,0.0,-20.683063507080078,1784673046.1381338,26.78824234008789,,15.35115984709877,56.57660554463353,0.0,,False,1.4956672191619873
239,0.005226707085967064,7.39763720503106e-07,0.005852865986526012,0.0025974020827561617,1.72605467696485e-07,0.002884988207370043,0.0006890433724038303,-12.502138137817383,0.5137447714805603,0.000495380605570972,0.5126135945320129,0.48353657126426697,4.090365837328136e-05,0.486225962638855,0.002917599631473422,-6.929656028747559,0.4830523729324341,1.360137957817642e-05,0.48070359230041504,0.002348780632019043,-4.480929374694824,0.41328269243240356,0.004391375929117203,0.38664349913597107,0.026639193296432495,-1.7143176794052124,0.9135804772377014,0.027582302689552307,0.99609375,0.08251327276229858,-0.7529314756393433,0.0029542669653892517,0.0,0.0029542669653892517,2.281069646414835e-05,0.0,2.281069646414835e-05,0.0,0.0,-20.28632926940918,1784673046.247141,26.897249460220337,,14.773145577464874,56.767264098196556,0.0,,False,1.4956672191619873
240,0.005196583457291126,7.168595175244263e-07,0.005748007446527481,0.002567762043327093,1.6769358524015843e-07,0.002804203424602747,0.0005999774439260364,-12.658109664916992,0.509968638420105,0.00048721724306233227,0.5030600428581238,0.48341989517211914,4.059897401020862e-05,0.486150860786438,0.007428786251693964,-6.8905744552612305,0.48309072852134705,1.3573566320701502e-05,0.48052331805229187,0.0025674104690551758,-4.441944122314453,0.41355735063552856,0.00440917257219553,0.3882029354572296,0.02535441517829895,-1.7201969623565674,0.913572371006012,0.027300836518406868,0.9912109375,0.07763856649398804,-0.7710855603218079,0.0029470662120729685,0.0,0.0029470662120729685,2.271988159918692e-05,0.0,2.271988159918692e-05,0.0,0.0,-20.391542434692383,1784673046.354115,27.004223585128784,,14.089918142547774,56.93976856707712,0.0,,False,1.4956672191619873
241,0.0048751430585980415,5.871233383913932e-07,0.004642047919332981,0.002438748488202691,1.5005200282303122e-07,0.0022369632497429848,0.0003083028132095933,-13.010332107543945,0.483055055141449,0.0004536932101473212,0.4967237412929535,0.4844092130661011,3.9008162275422364e-05,0.4857345223426819,0.013732786290347576,-6.858621597290039,0.4835037291049957,1.3405501704255585e-05,0.48096680641174316,0.0025369226932525635,-4.450934410095215,0.3972022533416748,0.005038534291088581,0.39422500133514404,0.0029772520065307617,-1.7255017757415771,0.9278598427772522,0.026980407536029816,0.994140625,0.0662807822227478,-0.8059701323509216,0.007656231988221407,0.0,0.007656231988221407,3.779156395466998e-05,0.0,3.779156395466998e-05,0.0,0.0,-20.722698211669922,1784673046.4384675,27.088576078414917,,13.075534930653134,57.077388463928564,0.0,,False,1.4956672191619873
242,0.004856484942138195,5.754051244366565e-07,0.005441220011562109,0.002415263559669256,1.4776753687328892e-07,0.0026174478698521852,0.0006187031394802034,-12.774602890014648,0.47997117042541504,0.00044977813377045095,0.4894302785396576,0.48427438735961914,3.894784822477959e-05,0.4853938817977905,0.009525124914944172,-6.976590156555176,0.48348620533943176,1.3406395737547427e-05,0.48148155212402344,0.002004653215408325,-4.541073322296143,0.39668676257133484,0.005095387808978558,0.4001561105251312,0.0034693479537963867,-1.7195900678634644,0.9275235533714294,0.026857301592826843,0.9931640625,0.06564050912857056,-0.8094559907913208,0.007683763280510902,0.0,0.007683763280510902,3.76545031031128e-05,0.0,3.76545031031128e-05,0.0,0.0,-20.62641143798828,1784673046.5433714,27.193480014801025,,12.157438492440136,57.21152250233961,0.0,,False,1.4956672191619873
243,0.004836169071495533,5.664975333274924e-07,0.005620412994176149,0.0023945956490933895,1.457446074937252e-07,0.002664832631126046,0.0008294977596960962,-12.431346893310547,0.47702929377555847,0.0004461074131540954,0.48247626423835754,0.4839756190776825,3.9264985389309004e-05,0.48518824577331543,0.005580318160355091,-7.04020881652832,0.4833891987800598,1.3569530892709736e-05,0.4813237190246582,0.0020654797554016113,-4.527705192565918,0.39607006311416626,0.005125308409333229,0.4021501839160919,0.006080120801925659,-1.7142374515533447,0.926419198513031,0.02670358307659626,0.9931640625,0.066744863986969,-0.8091267347335815,0.007900964468717575,0.0,0.007900964468717575,3.851115616271272e-05,0.0,3.851115616271272e-05,0.0,0.0,-20.327367782592773,1784673046.6480944,27.298202991485596,,11.538385709622645,57.3459857968084,0.0,,False,1.4956672191619873
244,0.0048113251104950905,5.536908247449901e-07,0.0052921161986887455,0.002371295355260372,1.4302831630175206e-07,0.002486030338332057,0.0004942915984429419,-12.990800857543945,0.4737170934677124,0.00044070559670217335,0.47481584548950195,0.4838263988494873,3.9610982639715075e-05,0.4828264117240906,0.0014856751076877117,-7.079899787902832,0.4833478033542633,1.374542716803262e-05,0.4809555113315582,0.002392292022705078,-4.470283031463623,0.3952139914035797,0.005143335089087486,0.39027172327041626,0.004942268133163452,-1.7137136459350586,0.9260499477386475,0.026337331160902977,0.998046875,0.07199692726135254,-0.801038384437561,0.0082253934815526,0.0,0.0082253934815526,3.9365368138533086e-05,0.0,3.9365368138533086e-05,1.0,0.0,-20.889862060546875,1784673046.7525866,27.402695178985596,,10.356838648851053,57.48853744157321,0.0,,False,1.4956672191619873
245,0.004754212684929371,5.008793664273981e-07,0.00441751629114151,0.002321999054402113,1.2998079057524592e-07,0.002041994594037533,0.0004379120364319533,-12.928754806518555,0.46576350927352905,0.0004185911675449461,0.46944260597229004,0.4841735363006592,3.776859739446081e-05,0.48197048902511597,0.00428825942799449,-7.0630269050598145,0.48338621854782104,1.3404339370026719e-05,0.48145410418510437,0.0019321143627166748,-4.551779270172119,0.39270588755607605,0.004970645997673273,0.39240336418151855,0.0003025233745574951,-1.7331550121307373,0.9189363121986389,0.027305256575345993,0.9970703125,0.07813400030136108,-0.769609272480011,0.008312656544148922,0.0,0.008312656544148922,4.327721399022266e-05,0.0,4.327721399022266e-05,1.0,0.0,-20.855066299438477,1784673046.8366792,27.486787796020508,,9.210087349187859,57.662518198295565,0.0,,False,1.4956672191619873
246,0.004680321551859379,4.723900417502591e-07,0.005202216561883688,0.0022678133100271225,1.2375001290365617e-07,0.0024216468445956707,0.0005440948298200965,-13.013444900512695,0.4573367238044739,0.000409778585890308,0.46301236748695374,0.4847605526447296,3.750589530682191e-05,0.47965872287750244,0.0076316180638968945,-6.771275997161865,0.48364871740341187,1.3477218999469187e-05,0.48220697045326233,0.0014417469501495361,-4.611199855804443,0.3901292681694031,0.00500385882332921,0.39152270555496216,0.001393437385559082,-1.7296403646469116,0.9186135530471802,0.026525817811489105,0.99609375,0.07748019695281982,-0.782722532749176,0.008798869326710701,0.0,0.008798869326710701,4.4064254325348884e-05,0.0,4.4064254325348884e-05,1.0,0.0,-20.736064910888672,1784673046.9425578,27.592666387557983,,8.18233743807447,57.82338569474876,0.0,,False,1.4956672191619873
247,0.004609810188412666,4.4203278548593516e-07,0.005491569638252258,0.0022176294587552547,1.1720499770717652e-07,0.0025384307373315096,0.0009383033611811697,-12.139242172241211,0.45002037286758423,0.0004014330916106701,0.4567556381225586,0.48518383502960205,3.705683411681093e-05,0.47855037450790405,0.00945339072495699,-6.5236639976501465,0.48384201526641846,1.359798352496e-05,0.482826828956604,0.0010151863098144531,-4.645960330963135,0.3863315284252167,0.004943431820720434,0.3833303153514862,0.0030012130737304688,-1.734998345375061,0.9194905161857605,0.025591682642698288,0.9990234375,0.0795329213142395,-0.7902205586433411,0.009518084116280079,0.0,0.009518084116280079,4.5406308345263824e-05,0.0,4.5406308345263824e-05,1.0,0.0,-19.681154251098633,1784673047.0474362,27.697544813156128,,8.20949818675112,57.976755165307786,0.0,,False,1.4956672191619873
248,0.004509385675191879,4.1759417968023627e-07,0.005321079865098,0.0021703403908759356,1.1435709978968589e-07,0.002444842364639044,0.0008568540215492249,-12.38015365600586,0.4408564567565918,0.000398011616198346,0.4496614634990692,0.4852445721626282,3.7765355955343693e-05,0.4808168411254883,0.009855604730546474,-6.811741828918457,0.4835606813430786,1.4393623132491484e-05,0.4827490448951721,0.0008116364479064941,-4.632540702819824,0.3796784579753876,0.005010055378079414,0.3760066330432892,0.0036718249320983887,-1.727870225906372,0.9219079613685608,0.025214536115527153,1.0,0.07809203863143921,-0.8002991676330566,0.011609945446252823,0.0,0.011609945446252823,5.006894207326695e-05,0.0,5.006894207326695e-05,1.0,0.0,-20.14581871032715,1784673047.1628876,27.81299614906311,,7.771994476199254,58.1200460268771,0.0,,False,1.4956672191619873
249,0.00446362653747201,4.013288332771481e-07,0.00420819828286767,0.002128126798197627,1.117656012183943e-07,0.001917708315886557,0.00033093735692091286,-13.250436782836914,0.435719758272171,0.0003952536208089441,0.44461581110954285,0.48592501878738403,3.762519554584287e-05,0.4797461926937103,0.010831327177584171,-6.566575050354004,0.48381781578063965,1.4643597751273774e-05,0.48255518078804016,0.0012626349925994873,-4.592380046844482,0.3762485384941101,0.005010179243981838,0.3690367341041565,0.007211804389953613,-1.724012851715088,0.9226884245872498,0.024630095809698105,0.9931640625,0.07047563791275024,-0.8321263790130615,0.012372883968055248,0.0,0.012372883968055248,5.206192145124078e-05,0.0,5.206192145124078e-05,1.0,0.0,-20.79988670349121,1784673047.2481432,27.89825177192688,,6.680422772483325,58.231509677066406,0.0,,False,1.4956672191619873
250,0.0044180769473314285,3.8567890214835643e-07,0.005021761637181044,0.002083540428429842,1.1015482215270822e-07,0.0022871624678373337,0.0006371005438268185,-12.896285057067871,0.42998987436294556,0.000393901311326772,0.4384743273258209,0.4866485595703125,3.761142215807922e-05,0.478770911693573,0.011577705852687359,-6.259573936462402,0.48407623171806335,1.5031594557513017e-05,0.482624351978302,0.0014518797397613525,-4.563621997833252,0.3737186789512634,0.005118467845022678,0.364546537399292,0.009172141551971436,-1.7102934122085571,0.9224360585212708,0.024550916627049446,1.0,0.07756394147872925,-0.8120402097702026,0.013343867845833302,0.0,0.013343867845833302,5.5489192163804546e-05,0.0,5.5489192163804546e-05,1.0,0.0,-20.185754776000977,1784673047.3524258,28.00253438949585,,6.2029829962576315,58.36305949649857,0.0,,False,1.4956672191619873
251,0.004364687018096447,3.7007438891123456e-07,0.0049242484383285046,0.002038670238107443,1.0906976655178369e-07,0.0022211833856999874,0.0005885745631530881,-13.006802558898926,0.42332693934440613,0.000392403919249773,0.43113481998443604,0.48720356822013855,3.801294951699674e-05,0.48001828789711,0.010610902681946754,-6.415757179260254,0.48423850536346436,1.5614767107763328e-05,0.4823473393917084,0.0018911659717559814,-4.500184535980225,0.37072086334228516,0.005284694954752922,0.3565295338630676,0.01419132947921753,-1.6834772825241089,0.9216582179069519,0.024509573355317116,0.9990234375,0.0773652195930481,-0.8133044242858887,0.014913198538124561,0.0,0.014913198538124561,6.093164120102301e-05,0.0,6.093164120102301e-05,1.0,0.0,-20.38949966430664,1784673047.4580097,28.108118295669556,,5.5217983317262735,58.49334510141505,0.0,,False,1.4956672191619873
252,0.004313580691814423,3.603970810672763e-07,0.0040218038484454155,0.001994241261854768,1.0885101175972522e-07,0.0017837032210081816,0.00035980550455860794,-13.275074005126953,0.417259156703949,0.0003941189788747579,0.4259079694747925,0.48774152994155884,3.8366637454601005e-05,0.4783650040626526,0.012756221927702427,-5.925037860870361,0.484379380941391,1.612599407962989e-05,0.4811406433582306,0.0032387375831604004,-4.273366928100586,0.3658336400985718,0.005409295670688152,0.3500698208808899,0.015763819217681885,-1.6679102182388306,0.921266496181488,0.024561572819948196,0.998046875,0.07678037881851196,-0.8143383860588074,0.016494501382112503,0.0,0.016494501382112503,6.605510134249926e-05,0.0,6.605510134249926e-05,1.0,0.0,-20.15178680419922,1784673047.5415936,28.191702127456665,,5.0783265273023375,58.622596744558614,0.0,,False,1.4956672191619873
253,0.004272616468369961,3.5617154026112985e-07,0.0049506500363349915,0.0019478611648082733,1.0936271621631022e-07,0.0021753283217549324,0.0007151718600653112,-12.718412399291992,0.41161108016967773,0.00039901852142065763,0.419684499502182,0.48851102590560913,3.878591087413952e-05,0.4789176881313324,0.012538430280983448,-5.886013507843018,0.48461389541625977,1.6578320355620235e-05,0.481365829706192,0.003248065710067749,-4.266584396362305,0.36112070083618164,0.005551634822040796,0.3461740016937256,0.014946699142456055,-1.6577723026275635,0.9213458895683289,0.024753883481025696,0.9970703125,0.07572442293167114,-0.8146239519119263,0.017812997102737427,0.0,0.017812997102737427,7.024555816315114e-05,0.0,7.024555816315114e-05,1.0,0.0,-19.560516357421875,1784673047.6467109,28.29681944847107,,5.226125169655745,58.751562821849056,0.0,,False,1.4956672191619873
254,0.0042405021376907825,3.5244011087343097e-07,0.004745925310999155,0.001917408313602209,1.0975884379149647e-07,0.0020770663395524025,0.0005300408229231834,-13.12527847290039,0.4071073830127716,0.0004031376738566905,0.41249850392341614,0.48933058977127075,3.915149500244297e-05,0.4799776077270508,0.010795483365654945,-5.991051197052002,0.48480817675590515,1.6904759831959382e-05,0.482128381729126,0.002679795026779175,-4.362614154815674,0.3575395345687866,0.005661527160555124,0.33977189660072327,0.017767637968063354,-1.6402121782302856,0.9220896363258362,0.024815421551465988,0.9873046875,0.06521505117416382,-0.8435137271881104,0.019093861803412437,0.0,0.019093861803412437,7.431602716678753e-05,0.0,7.431602716678753e-05,1.0,0.0,-20.09942626953125,1784673047.7515986,28.4017071723938,,4.835013899899778,58.851639123863315,0.0,,False,1.4956672191619873
255,0.0041763633489608765,3.4721566066764353e-07,0.003946224227547646,0.001895369030535221,1.1106615005473941e-07,0.0017195710679516196,0.0002896013611461967,-13.38995361328125,0.40095648169517517,0.00040900844032876194,0.40747007727622986,0.48967504501342773,4.043340959469788e-05,0.48107224702835083,0.010790507309138775,-6.153886318206787,0.48465844988822937,1.7962598576559685e-05,0.4829198122024536,0.0017386376857757568,-4.460527420043945,0.3507678508758545,0.005825894884765148,0.32633480429649353,0.024433046579360962,-1.6025482416152954,0.9234011769294739,0.025187456980347633,0.9990234375,0.07562226057052612,-0.8082427382469177,0.022318538278341293,0.0,0.022318538278341293,8.278984751086682e-05,0.0,8.278984751086682e-05,1.0,0.0,-20.54332733154297,1784673047.8354723,28.485580921173096,,4.000001568132092,58.986986414818766,0.0,,False,1.4956672191619873
256,0.004133131355047226,3.4081443800459965e-07,0.004559485241770744,0.0018640820635482669,1.1062969917929877e-07,0.0019750020001083612,0.00044054610771127045,-13.29433822631836,0.39709559082984924,0.00041194818913936615,0.4014902412891388,0.4908313751220703,4.0217419154942036e-05,0.48277798295021057,0.009174425154924393,-6.290262222290039,0.4851033091545105,1.7993612345890142e-05,0.4833936393260956,0.001709669828414917,-4.462585926055908,0.34575507044792175,0.005900324322283268,0.3130224347114563,0.032732635736465454,-1.5566418170928955,0.9238938689231873,0.025172339752316475,0.998046875,0.07415300607681274,-0.812845766544342,0.02366912178695202,0.0,0.02366912178695202,8.644794434076175e-05,0.0,8.644794434076175e-05,1.0,0.0,-20.55784034729004,1784673047.9400146,28.590123176574707,,3.1504762206173353,59.11773067747679,0.0,,False,1.4956672191619873
257,0.0040917471051216125,3.3531745202708407e-07,0.004862284287810326,0.0018460764549672604,1.1073474581735354e-07,0.0020868689753115177,0.0008072847267612815,-12.477157592773438,0.3938868045806885,0.00041581224650144577,0.39422163367271423,0.4918115735054016,4.0237595385406166e-05,0.4845689535140991,0.007250355556607246,-6.46315860748291,0.48542076349258423,1.8214517695014365e-05,0.4829152524471283,0.0025055110454559326,-4.365383625030518,0.3398938775062561,0.005983082111924887,0.2956719398498535,0.04422193765640259,-1.4770452976226807,0.9243238568305969,0.02517952211201191,0.9560546875,0.031730830669403076,-0.9019302725791931,0.02515180967748165,0.0,0.02515180967748165,9.069422230822966e-05,0.0,9.069422230822966e-05,1.0,0.0,-19.83037567138672,1784673048.0501995,28.700308084487915,,3.0284155490058993,59.15939043409997,0.0,,False,1.4956672191619873
258,0.004041044972836971,3.302949664885091e-07,0.003896018024533987,0.0018282013479620218,1.117169006192853e-07,0.0016647554002702236,0.00021851176279596984,-13.476008415222168,0.3900805413722992,0.00042210420360788703,0.3884718716144562,0.49251145124435425,4.086865737917833e-05,0.48472899198532104,0.007946980185806751,-6.355769157409668,0.4855879247188568,1.8870447092922404e-05,0.4830082058906555,0.002579718828201294,-4.343685626983643,0.3300327658653259,0.006060113199055195,0.288235604763031,0.04179716110229492,-1.4899353981018066,0.9231335520744324,0.025429360568523407,0.99609375,0.07296019792556763,-0.8123207092285156,0.027001306414604187,0.0,0.027001306414604187,9.611066343495622e-05,0.0,9.611066343495622e-05,1.0,0.0,-20.732465744018555,1784673048.1462579,28.796366453170776,,2.0042648047626273,59.29065975407382,0.0,,False,1.4956672191619873
259,0.00400262326002121,3.2980324249365367e-07,0.004463762044906616,0.0018054151441901922,1.1377829878256307e-07,0.0018781041726469994,0.00046683260006830096,-13.273406982421875,0.38602006435394287,0.0004312379169277847,0.3811955153942108,0.4931461215019226,4.1729534132173285e-05,0.48542100191116333,0.009107894264161587,-6.336660385131836,0.4856843948364258,1.9660734324133955e-05,0.4834115505218506,0.0022728443145751953,-4.368131160736084,0.3225279450416565,0.006255235057324171,0.27367615699768066,0.04885178804397583,-1.4274697303771973,0.9224326014518738,0.02575775422155857,0.9990234375,0.07659083604812622,-0.796699583530426,0.02836083620786667,0.0,0.02836083620786667,0.00010043348447652534,0.0,0.00010043348447652534,1.0,0.0,-20.52680015563965,1784673048.2516353,28.90174388885498,,1.1857796488982615,59.437550199745765,0.0,,False,1.4956672191619873
260,0.0039532799273729324,3.293135080184584e-07,0.0043274471536278725,0.0017799320630729198,1.1643647468417839e-07,0.0018196023302152753,0.00037626433186233044,-13.388887405395508,0.3812987804412842,0.0004417446907609701,0.37248098850250244,0.49366629123687744,4.2950588976964355e-05,0.4886053800582886,0.010166920721530914,-6.666069030761719,0.48573175072669983,2.0757244783453643e-05,0.483833372592926,0.0018983781337738037,-4.385560035705566,0.31238043308258057,0.006403254345059395,0.26801156997680664,0.044368863105773926,-1.452817678451538,0.9207625985145569,0.026117315515875816,0.9970703125,0.07630771398544312,-0.79216468334198,0.030088547617197037,0.0,0.030088547617197037,0.00010564311378402635,0.0,0.00010564311378402635,1.0,0.0,-20.914522171020508,1784673048.355634,29.00574254989624,,0.20620717124522514,59.588975545606154,0.0,,False,1.4956672191619873
261,0.003905225545167923,3.2603250588181254e-07,0.003503927495330572,0.0017497410299256444,1.1808167954541204e-07,0.0014598243869841099,0.0004950674483552575,-13.003328323364258,0.37677621841430664,0.000449978222604841,0.3662738502025604,0.4941979646682739,4.357490615802817e-05,0.49050259590148926,0.011133530177175999,-6.7565388679504395,0.4857810139656067,2.149401007045526e-05,0.4842548668384552,0.0015261471271514893,-4.4007487297058105,0.3032022714614868,0.006486386526376009,0.26450446248054504,0.03869780898094177,-1.484650731086731,0.919309675693512,0.026051081717014313,0.9951171875,0.07580751180648804,-0.7946112155914307,0.03187090903520584,0.0,0.03187090903520584,0.0001107009666156955,0.0,0.0001107009666156955,1.0,0.0,-20.60893440246582,1784673048.4388072,29.088915824890137,,0.10682657393576278,59.73795435921709,0.0,,False,1.4956672191619873
262,0.0038051053415983915,3.2756940981926164e-07,0.004143379628658295,0.0017229043878614902,1.243016640728456e-07,0.0017147563630715013,0.0003383723960723728,-13.403251647949219,0.3685823976993561,0.00046708175796084106,0.35893189907073975,0.4939291179180145,4.7100078518269584e-05,0.4912896752357483,0.010004937648773193,-6.804592132568359,0.4850238561630249,2.4664366719662212e-05,0.4844651520252228,0.000558704137802124,-4.3798089027404785,0.29018381237983704,0.0066660502925515175,0.2622387409210205,0.02794507145881653,-1.5278505086898804,0.9170224070549011,0.026842676103115082,0.99609375,0.07907134294509888,-0.7734811305999756,0.03717967867851257,0.0,0.03717967867851257,0.00012665583926718682,0.0,0.00012665583926718682,1.0,0.0,-21.03683090209961,1784673048.5438452,29.1939537525177,,0.4353424762600895,59.908063257819485,0.0,,False,1.4956672191619873
263,0.00375744397751987,3.3194010029546916e-07,0.004258635453879833,0.0016931327991187572,1.2896663292849553e-07,0.0017491152975708246,0.0005043083801865578,-13.162612915039062,0.36375877261161804,0.00048092514043673873,0.35196831822395325,0.49438226222991943,4.873571378993802e-05,0.4920012056827545,0.012028476223349571,-6.743877410888672,0.4849332273006439,2.6259875085088424e-05,0.48482611775398254,0.00010710954666137695,-4.35457706451416,0.28142595291137695,0.006790897808969021,0.25330400466918945,0.0281219482421875,-1.5189193487167358,0.9143377542495728,0.027103841304779053,0.998046875,0.08370912075042725,-0.7558352947235107,0.03953438624739647,0.0,0.03953438624739647,0.0001349053782178089,0.0,0.0001349053782178089,1.0,0.0,-20.735002517700195,1784673048.6506557,29.300764322280884,,0.4620299941850021,60.09581799229834,0.0,,False,1.4956672191619873
264,0.0037057064473628998,3.37039836040276e-07,0.0040460191667079926,0.001666379626840353,1.3426985390196933e-07,0.0016538295894861221,0.00034054406569339335,-13.35296630859375,0.35887470841407776,0.0004955976619385183,0.3442826569080353,0.494782418012619,5.0668510084506124e-05,0.49166056513786316,0.014922263100743294,-6.601105690002441,0.48479950428009033,2.817780477926135e-05,0.48521992564201355,0.0004204213619232178,-4.316412925720215,0.2712838649749756,0.006872974336147308,0.247383713722229,0.023900151252746582,-1.529585361480713,0.9108980894088745,0.027459969744086266,0.9970703125,0.08617222309112549,-0.7433658242225647,0.04280601441860199,0.0,0.04280601441860199,0.0001460545026930049,0.0,0.0001460545026930049,1.0,0.0,-20.792057037353516,1784673048.7562268,29.40633535385132,,0.5457720317632351,60.29604219727815,0.0,,False,1.4956672191619873
265,0.0036480415146797895,3.4003042514996196e-07,0.0032268872018903494,0.0016360533190891147,1.3930416287166736e-07,0.0013160783564671874,0.0005289186374284327,-12.87424087524414,0.35343196988105774,0.0005096376989968121,0.3391151428222656,0.4951915740966797,5.268098902888596e-05,0.4917028844356537,0.014735755510628223,-6.562045097351074,0.4846119284629822,3.0279912607511505e-05,0.48595836758613586,0.0013464391231536865,-4.253638744354248,0.26032590866088867,0.00691888015717268,0.24169984459877014,0.01862606406211853,-1.542740821838379,0.9075487852096558,0.027516214177012444,0.9990234375,0.09147465229034424,-0.7255026698112488,0.04700205847620964,0.0,0.04700205847620964,0.00015958382573444396,0.0,0.00015958382573444396,1.0,0.0,-20.250696182250977,1784673048.8397987,29.489907264709473,,0.08815321423892897,60.51412955666927,0.0,,False,1.4956672191619873
266,0.003580758348107338,3.414918410271639e-07,0.003851590445265174,0.0016030761180445552,1.4433008743708342e-07,0.001565992017276585,0.00027335918275639415,-13.370513916015625,0.34767603874206543,0.000523317838087678,0.33318892121315,0.49557557702064514,5.469758252729662e-05,0.49281197786331177,0.014748357236385345,-6.576288223266602,0.4843825399875641,3.262322934460826e-05,0.4856555759906769,0.001273036003112793,-4.221466064453125,0.2479034960269928,0.006931019946932793,0.23313447833061218,0.014769017696380615,-1.551200270652771,0.9041494131088257,0.02739170379936695,0.998046875,0.09389746189117432,-0.7188810110092163,0.05185385048389435,0.0,0.05185385048389435,0.0001750995870679617,0.0,0.0001750995870679617,1.0,0.0,-20.742277145385742,1784673048.9442701,29.59437870979309,,0.12211535984938848,60.73883857486242,0.0,,False,1.4956672191619873
267,0.0035156074445694685,3.4353908517914533e-07,0.0040685017593204975,0.00157834158744663,1.4945703696866985e-07,0.0016424065688624978,0.0005565935862250626,-13.003585815429688,0.3424994647502899,0.0005374384927563369,0.32659560441970825,0.4958459734916687,5.6713350204518065e-05,0.4944208562374115,0.015967583283782005,-6.562002658843994,0.4841364026069641,3.5133445635437965e-05,0.4854287803173065,0.0012923777103424072,-4.185470104217529,0.23352277278900146,0.006912942510098219,0.21787041425704956,0.015652358531951904,-1.5505213737487793,0.8998371958732605,0.02743413671851158,0.9951171875,0.0952799916267395,-0.7135893106460571,0.057728566229343414,0.0,0.057728566229343414,0.00019458051247056574,0.0,0.00019458051247056574,1.0,0.0,-20.345924377441406,1784673049.0494654,29.69957399368286,,0.0,60.96883929341873,0.0,,False,1.4956672191619873
268,0.0034527075476944447,3.4075227972607536e-07,0.003254249691963196,0.0015561089385300875,1.526434516563313e-07,0.0013062491780146956,0.00031908528762869537,-13.193470001220703,0.33773472905158997,0.0005491543561220169,0.32209622859954834,0.4962690472602844,5.776214675279334e-05,0.49449580907821655,0.0157387126237154,-6.545386791229248,0.48398903012275696,3.7084158975631e-05,0.48525211215019226,0.0012630820274353027,-4.160711765289307,0.2160201370716095,0.006740117911249399,0.2024019956588745,0.013618141412734985,-1.5671428442001343,0.8961219787597656,0.027126483619213104,0.99609375,0.09997177124023438,-0.7004661560058594,0.0648939460515976,0.0,0.0648939460515976,0.00021564675262197852,0.0,0.00021564675262197852,1.0,0.0,-20.510135650634766,1784673049.1464114,29.796519994735718,,0.0,61.21196316661524,0.0,,False,1.4956672191619873
269,0.003393889172002673,3.37487421120386e-07,0.003730140859261155,0.001537603442557156,1.5540676656655705e-07,0.001490477123297751,0.00033953803358599544,-13.276946067810059,0.33345627784729004,0.0005615964182652533,0.31671142578125,0.49670207500457764,5.838413198944181e-05,0.49367430806159973,0.01701638661324978,-6.450573921203613,0.48386260867118835,3.886775448336266e-05,0.4856473207473755,0.0017847120761871338,-4.117759704589844,0.19613862037658691,0.006504118908196688,0.18733176589012146,0.008806854486465454,-1.5927590131759644,0.8934484124183655,0.026657752692699432,0.9951171875,0.10166877508163452,-0.6995241641998291,0.07255689799785614,0.0,0.07255689799785614,0.00023738190066069365,0.0,0.00023738190066069365,1.0,0.0,-20.49628448486328,1784673049.2513716,29.901480197906494,,0.0,61.45602903161778,0.0,,False,1.4956672191619873
270,0.003231462324038148,3.3520797160235816e-07,0.003627485828474164,0.0015644130762666464,1.6698803051440336e-07,0.0014314772561192513,0.0004177398222964257,-13.1322021484375,0.3250609338283539,0.000605283014010638,0.3103608191013336,0.4942786693572998,6.193153967615217e-05,0.4947287142276764,0.014707001857459545,-6.5316290855407715,0.4818277359008789,4.6070148528087884e-05,0.4861966073513031,0.004368871450424194,-3.8665823936462402,0.14715737104415894,0.006379394792020321,0.17350298166275024,0.02634561061859131,-1.5540015697479248,0.8962950706481934,0.024214765056967735,0.9921875,0.09589242935180664,-0.7515869736671448,0.0851496234536171,0.0,0.0851496234536171,0.00025833427207544446,0.0,0.00025833427207544446,1.0,0.0,-20.290796279907227,1784673049.3561764,30.006284952163696,,0.0,61.648032087153005,0.0,,False,1.4956672191619873
271,0.0031722537241876125,3.4161641337959736e-07,0.002975483424961567,0.0015473549719899893,1.735741221864373e-07,0.0011771562276408076,0.0004192441701889038,-12.93879222869873,0.3203188180923462,0.0006243931129574776,0.30563420057296753,0.49458491802215576,6.338130333460867e-05,0.49546051025390625,0.014710699208080769,-6.505932807922363,0.4814646244049072,4.922006337437779e-05,0.4859682023525238,0.004503577947616577,-3.834630012512207,0.12980353832244873,0.006274072453379631,0.15304231643676758,0.023238778114318848,-1.5736887454986572,0.8934800028800964,0.023933256044983864,0.96337890625,0.06989890336990356,-0.8452320694923401,0.09722953289747238,0.0,0.09722953289747238,0.00029334460850805044,0.0,0.00029334460850805044,1.0,0.0,-20.060853958129883,1784673049.4413712,30.091479778289795,,0.0,61.746390046863034,0.0,,False,1.4956672191619873
272,0.0031106409151107073,3.5419043342699297e-07,0.003486697794869542,0.0015244093956425786,1.8347998320678016e-07,0.001368267578072846,0.00040718429954722524,-13.07834243774414,0.315086305141449,0.0006511413957923651,0.2995160222053528,0.49515411257743835,6.457374547608197e-05,0.4950617551803589,0.015570556744933128,-6.4681396484375,0.4811326861381531,5.265758591121994e-05,0.4856875538825989,0.004554867744445801,-3.8099138736724854,0.11265045404434204,0.006157096475362778,0.12386983633041382,0.011219382286071777,-1.6159144639968872,0.8902388215065002,0.02397996000945568,0.96875,0.07851117849349976,-0.8178058862686157,0.11108841747045517,0.0,0.11108841747045517,0.00033520563738420606,0.0,0.00033520563738420606,1.0,0.0,-20.15781021118164,1784673049.5458915,30.19600009918213,,0.0,61.87217418979679,0.0,,False,1.4956672191619873
273,0.003045891411602497,3.7390248053270625e-07,0.003563596634194255,0.0014810387510806322,1.9694617492405087e-07,0.0013951793080195785,0.0005247766966931522,-12.904803276062012,0.30899932980537415,0.0006838620756752789,0.29292264580726624,0.4958929121494293,6.60470686852932e-05,0.4950358271598816,0.016099514439702034,-6.424039840698242,0.4806517958641052,5.702910493710078e-05,0.485287606716156,0.004635810852050781,-3.7786166667938232,0.09786874055862427,0.006080989260226488,0.11919286847114563,0.021324127912521362,-1.5949667692184448,0.8863852620124817,0.024186870083212852,0.853515625,0.03286963701248169,-0.9196994304656982,0.12723636627197266,0.0,0.12723636627197266,0.0003876649134326726,0.0,0.0003876649134326726,1.0,0.0,-19.9333438873291,1784673049.6516483,30.301756858825684,,0.0,61.89606478853346,0.0,,False,1.4956672191619873
274,0.003003146033734083,4.105164634893299e-07,0.003322809701785445,0.0013642089907079935,2.1557589491294493e-07,0.0012963013723492622,0.0003267970460001379,-13.054869651794434,0.29870301485061646,0.0007374824490398169,0.28505611419677734,0.4999726414680481,6.0381116782082245e-05,0.49494463205337524,0.014543685130774975,-6.290063858032227,0.48240596055984497,5.573512680712156e-05,0.48506054282188416,0.0026545822620391846,-3.9152944087982178,0.0856824517250061,0.006005255505442619,0.09871214628219604,0.013029694557189941,-1.6244863271713257,0.8864284157752991,0.02550242654979229,0.8828125,0.0036159157752990723,-0.9152960181236267,0.1256965696811676,0.0,0.1256965696811676,0.0003755896759685129,0.0,0.0003755896759685129,1.0,0.0,-20.04456901550293,1784673049.7570672,30.40717577934265,,0.0,61.9243587996122,0.0,,False,1.4956672191619873
275,0.002935165073722601,4.3611751721073233e-07,0.002656297292560339,0.0013207931770011783,2.3447921648767078e-07,0.0010316444095224142,0.00040171414730139077,-12.850308418273926,0.2922287583351135,0.0007906103855930269,0.2769428491592407,0.4992704689502716,6.0621438024099916e-05,0.49538660049438477,0.01577160321176052,-6.316720485687256,0.4816616475582123,6.0295042203506455e-05,0.4850415587425232,0.003379911184310913,-3.844459295272827,0.07959115505218506,0.006261407397687435,0.08950865268707275,0.009917497634887695,-1.6098824739456177,0.8912461400032043,0.02548498660326004,0.85546875,0.035777390003204346,-0.8907811641693115,0.1260158121585846,0.0,0.1260158121585846,0.0003729582531377673,0.0,0.0003729582531377673,1.0,0.0,-19.82591438293457,1784673049.8515728,30.501681327819824,,0.0,61.97716766464526,0.0,,False,1.4956672191619873
276,0.002857362385839224,4.6290247723845823e-07,0.0032118535600602627,0.001279583666473627,2.557658831392473e-07,0.0012471757363528013,0.0003559694450814277,-12.90671157836914,0.2851421535015106,0.0008485310827381909,0.27212628722190857,0.49849551916122437,6.16708566667512e-05,0.49534040689468384,0.013392815366387367,-6.364439010620117,0.48082613945007324,6.624996603932232e-05,0.484602689743042,0.00377655029296875,-3.784459114074707,0.0745316743850708,0.006604040041565895,0.07311472296714783,0.0014169514179229736,-1.5909464359283447,0.895738422870636,0.02543357014656067,0.990234375,0.09449595212936401,-0.7413588762283325,0.12348975986242294,0.0,0.12348975986242294,0.00036917426041327417,0.0,0.00036917426041327417,1.0,0.0,-19.890491485595703,1784673049.9465113,30.596619844436646,,0.0,62.179398817619294,0.0,,False,1.4956672191619873
277,0.0027926412876695395,4.7127440438998747e-07,0.0033162867184728384,0.0012426720932126045,2.655680191310239e-07,0.0012867150362581015,0.0005254943389445543,-12.722162246704102,0.2782163619995117,0.0008741041528992355,0.2635596990585327,0.49759599566459656,6.515175482491031e-05,0.4929521977901459,0.015374740585684776,-6.214298248291016,0.47967666387557983,7.507440022891387e-05,0.4837436079978943,0.004066944122314453,-3.719419240951538,0.07180958986282349,0.006917177699506283,0.05653822422027588,0.015271365642547607,-1.5510774850845337,0.9025641083717346,0.024582475423812866,0.9580078125,0.05544370412826538,-0.871397852897644,0.1201302632689476,0.0,0.1201302632689476,0.0003485919442027807,0.0,0.0003485919442027807,1.0,0.0,-19.55331039428711,1784673050.056312,30.70642066001892,,0.1550046054881733,62.25159099392402,0.0,,False,1.4956672191619873
278,0.002727131126448512,4.775853881255898e-07,0.0025697655510157347,0.0012122942134737968,2.7561111437535146e-07,0.0010009012185037136,0.00026353541761636734,-12.884526252746582,0.27190643548965454,0.0009021857404150069,0.25739535689353943,0.49650055170059204,6.885961192892864e-05,0.4929676949977875,0.014934942126274109,-6.251860618591309,0.4781888425350189,8.502788841724396e-05,0.4835513234138489,0.005362480878829956,-3.5982282161712646,0.0655474066734314,0.007168229203671217,0.038754552602767944,0.026792854070663452,-1.500037670135498,0.9061943888664246,0.023887405171990395,0.98828125,0.08208686113357544,-0.8072214126586914,0.11941315978765488,0.0,0.11941315978765488,0.0003331796615384519,0.0,0.0003331796615384519,1.0,0.0,-19.685129165649414,1784673050.1403196,30.790428161621094,,0.1781904396140419,62.387959610467696,0.0,,False,1.4956672191619873
279,0.002551701385527849,4.648485401048674e-07,0.002898944541811943,0.0011370200663805008,2.8288562248235394e-07,0.0011201674351468682,0.0003476518904790282,-12.86181354522705,0.25340238213539124,0.0009535957360640168,0.24960146844387054,0.4910249412059784,7.934294990263879e-05,0.49285733699798584,0.004219552036374807,-6.3318891525268555,0.4727364778518677,0.00011879970406880602,0.4825098216533661,0.009773343801498413,-3.1980834007263184,0.047790467739105225,0.007935266010463238,0.02487596869468689,0.022914499044418335,-1.4661957025527954,0.9181213974952698,0.020520595833659172,0.9912109375,0.07308954000473022,-0.8940607309341431,0.12858964502811432,0.0,0.12858964502811432,0.00029547527083195746,0.0,0.00029547527083195746,1.0,0.0,-19.526365280151367,1784673050.2457812,30.89588975906372,,0.3601401592379574,62.43748890873592,0.0,,False,1.4956672191619873
280,0.002485811011865735,4.4672043486571056e-07,0.0028880585450679064,0.001118201995268464,2.7355667953088414e-07,0.0011108502512797713,0.00040231470484286547,-12.847468376159668,0.24722467362880707,0.0009594359435141087,0.24144130945205688,0.48998942971229553,8.003600669326261e-05,0.4914857745170593,0.005973805207759142,-6.321804046630859,0.4716487228870392,0.00012791668996214867,0.47993743419647217,0.008288711309432983,-3.2945821285247803,0.04176968336105347,0.008075530640780926,0.008000731468200684,0.03376895189285278,-1.4199150800704956,0.9206668734550476,0.02000531181693077,0.7734375,0.1472293734550476,-0.4951719045639038,0.13820905983448029,0.0,0.13820905983448029,0.0002832782920449972,0.0,0.0002832782920449972,1.0,0.0,-19.552202224731445,1784673050.3507364,31.000844955444336,,0.5162529342817948,62.88590703337439,0.0,,False,1.4956672191619873
281,0.0024271609727293253,4.4098300122641376e-07,0.002790577244013548,0.0011046570725739002,2.7209364361624466e-07,0.0010677011450752616,0.0003652904706541449,-12.8855562210083,0.24279820919036865,0.0009917481802403927,0.23161567747592926,0.48952481150627136,7.695665408391505e-05,0.49044471979141235,0.011220305226743221,-6.287734508514404,0.4711647629737854,0.00012873874220531434,0.4800713062286377,0.008906543254852295,-3.251832962036133,0.033211469650268555,0.008155773393809795,0.0040814876556396484,0.029129981994628906,-1.4335542917251587,0.9182109236717224,0.019594164565205574,0.98828125,0.07007032632827759,-0.9220346212387085,0.14430882036685944,0.0,0.14430882036685944,0.00027181179029867053,0.0,0.00027181179029867053,1.0,0.0,-19.54166030883789,1784673050.4566903,31.106798887252808,,0.6829076252191868,62.90746244133805,0.0,,False,1.4956672191619873
282,0.0023737293668091297,4.1668639028102916e-07,0.0021776200737804174,0.0010781055316329002,2.5534833980600524e-07,0.0008294612052850425,0.0003166747046634555,-12.93070125579834,0.236063152551651,0.0009740215027704835,0.22443105280399323,0.48912277817726135,7.835602445993572e-05,0.4906352162361145,0.0117300134152174,-6.272231101989746,0.47080162167549133,0.00013917339674662799,0.47988346219062805,0.009081840515136719,-3.2246360778808594,0.03130519390106201,0.008254271931946278,0.0,0.03130519390106201,-1.420209527015686,0.9227613210678101,0.019421923905611038,0.966796875,0.04403555393218994,-1.001816749572754,0.16410405933856964,0.0,0.16410405933856964,0.0002817392523866147,0.0,0.0002817392523866147,1.0,0.0,-19.56080436706543,1784673050.540627,31.190735578536987,,0.8304182579290398,62.84923572096766,0.0,,False,1.4956672191619873
283,0.002312290947884321,4.000117996838526e-07,0.002675591502338648,0.0010617549996823072,2.4434285705865477e-07,0.0010118833743035793,0.0003667076234705746,-12.970285415649414,0.23088803887367249,0.000962708261795342,0.21568280458450317,0.4885163903236389,7.890800043242052e-05,0.4902045726776123,0.015298663638532162,-6.220480918884277,0.4700058400630951,0.000146588368806988,0.47732359170913696,0.00731775164604187,-3.312349796295166,0.027619659900665283,0.00825562421232462,0.0,0.027619659900665283,-1.4332902431488037,0.923445463180542,0.019153857603669167,0.91943359375,0.004011869430541992,-1.0582669973373413,0.18343111872673035,0.0,0.18343111872673035,0.0002898320963140577,0.0,0.0002898320963140577,0.0,0.0,-19.602846145629883,1784673050.6477625,31.297871112823486,,0.9358871120744396,62.73455875283269,0.0,,False,1.4956672191619873
284,0.0021650439593940973,3.4910482327177306e-07,0.0024502789601683617,0.0010274567175656557,2.105247602912641e-07,0.0009198388434015214,0.00030486163450405,-13.138869285583496,0.21847395598888397,0.0009041947778314352,0.20502178370952606,0.48762246966362,8.375992911169305e-05,0.4896249771118164,0.013600403442978859,-6.236128807067871,0.46763160824775696,0.00017820966604631394,0.4769679307937622,0.009336322546005249,-3.15277361869812,0.025819361209869385,0.008198358118534088,0.0,0.025819361209869385,-1.4423153400421143,0.9241155982017517,0.01839451864361763,0.97998046875,0.05586487054824829,-0.9940808415412903,0.32657548785209656,0.0,0.32657548785209656,0.0004904114757664502,0.0,0.0004904114757664502,0.0,0.0,-19.704160690307617,1784673050.7534518,31.403560400009155,,0.9400414215421051,62.68406794049377,0.0,,False,1.4956672191619873
285,0.002072229515761137,3.1058985427989683e-07,0.0019319129642099142,0.0010088979033753276,1.867688439460835e-07,0.0007240764680318534,0.00031750902417115867,-13.152344703674316,0.20956334471702576,0.0008512038039043546,0.1974334567785263,0.48842135071754456,8.838547364575788e-05,0.49018824100494385,0.012257898226380348,-6.259366035461426,0.46648335456848145,0.00020847193081863225,0.47776293754577637,0.011279582977294922,-3.013767719268799,0.030685842037200928,0.008112894371151924,0.0,0.030685842037200928,-1.4301793575286865,0.9234223365783691,0.019204968586564064,0.61376953125,0.30965280532836914,1.4390009641647339,0.4372703433036804,0.0,0.4372703433036804,0.0007580438395962119,0.0,0.0007580438395962119,0.0,0.0,-19.66672134399414,1784673050.8377767,31.487885236740112,,0.9816350773232472,65.06665893386088,0.0,,False,1.4956672191619873
286,0.00197257986292243,2.9936515488770965e-07,0.0022409125231206417,0.0009998423047363758,1.823001127831958e-07,0.0008354547899216413,0.0003146834496874362,-13.237353324890137,0.2022925466299057,0.0008492646738886833,0.18849711120128632,0.48839622735977173,8.95450939424336e-05,0.4909348785877228,0.014027073048055172,-6.210044860839844,0.464841365814209,0.0002262049965793267,0.4741062521934509,0.009264886379241943,-3.088360548019409,0.0321425199508667,0.00803578831255436,0.0,0.0321425199508667,-1.4287028312683105,0.9173247814178467,0.020002953708171844,0.93505859375,0.01773381233215332,-1.0291380882263184,0.50408536195755,0.0,0.50408536195755,0.0010343893663957715,0.0,0.0010343893663957715,0.0,0.0,-19.749568939208984,1784673050.9433181,31.59342670440674,,0.9403811378895455,64.98111087483693,0.0,,False,1.4956672191619873
287,0.0018448126502335072,2.953368607450102e-07,0.002272398676723242,0.0009958867449313402,1.859153684335979e-07,0.0008434339542873204,0.00045395115739665926,-13.056650161743164,0.19188834726810455,0.0008640634478069842,0.17923028767108917,0.4883233606815338,9.593637514626607e-05,0.48821914196014404,0.012658488005399704,-6.222194194793701,0.4640417993068695,0.000259965454461053,0.46973270177841187,0.005690902471542358,-3.1462526321411133,0.03470402956008911,0.00831511989235878,0.0,0.03470402956008911,-1.4034807682037354,0.914667546749115,0.02204764634370804,0.8828125,0.03185504674911499,-0.9653236865997314,0.5689882636070251,0.0,0.5689882636070251,0.001526245498098433,0.0,0.001526245498098433,0.0,0.0,-19.60753059387207,1784673051.05237,31.702478647232056,,1.0411655437927578,64.95937721743957,0.0,,False,1.4956672191619873
288,0.0017107343301177025,2.909474119405786e-07,0.002094399416819215,0.0009888526983559132,1.9069815948569158e-07,0.0007750451914034784,0.0004392180999275297,-13.050647735595703,0.1812227964401245,0.0008874823688529432,0.16817384958267212,0.48760008811950684,9.957166912499815e-05,0.48754018545150757,0.013049084693193436,-6.187050819396973,0.4629147946834564,0.0002865845453925431,0.4715281128883362,0.00861331820487976,-3.030363082885742,0.03391671180725098,0.008535590022802353,0.0,0.03391671180725098,-1.3954317569732666,0.9121509790420532,0.024144668132066727,0.97314453125,0.06099355220794678,-0.8658672571182251,0.6103478670120239,0.0,0.6103478670120239,0.0019927145913243294,0.0,0.0019927145913243294,0.0,0.0,-19.51546859741211,1784673051.1571934,31.807301998138428,,1.2340119461559311,65.03709998952371,0.0,,False,1.4956672191619873
289,0.0015811343910172582,2.79215072396255e-07,0.0015509722288697958,0.000976131297647953,1.9140850326948566e-07,0.0005721037741750479,0.0004051518044434488,-13.014150619506836,0.17089633643627167,0.0008987535838969052,0.1603676974773407,0.48695653676986694,0.00010166690481128171,0.4885132908821106,0.010643106885254383,-6.192688941955566,0.46218574047088623,0.0003083959163632244,0.4701415002346039,0.007955759763717651,-3.0205063819885254,0.031293511390686035,0.008916820399463177,0.0,0.031293511390686035,-1.3860571384429932,0.9112417697906494,0.02641867846250534,0.91162109375,0.00037932395935058594,-0.8979007005691528,0.6461459398269653,0.0,0.6461459398269653,0.002428123028948903,0.0,0.002428123028948903,0.0,0.0,-19.47855567932129,1784673051.241232,31.891340494155884,,1.4637712666099247,65.08278931815693,0.0,,False,1.4956672191619873
290,0.0014311737613752484,2.657123445715115e-07,0.0017596828984096646,0.0009386278688907623,1.9224552261221106e-07,0.0006514195119962096,0.00043635637848638,-13.047182083129883,0.15835438668727875,0.0009228597627952695,0.15120910108089447,0.4878435432910919,0.00010126431880053133,0.4867251515388489,0.007232282310724258,-6.221190452575684,0.4635011553764343,0.00032838297192938626,0.462543249130249,0.0009579062461853027,-3.090329170227051,0.02851468324661255,0.009350236505270004,0.0,0.02851468324661255,-1.3737589120864868,0.9112834334373474,0.029295936226844788,0.9970703125,0.08578687906265259,-0.720610499382019,0.66311115026474,0.0,0.66311115026474,0.0025571342557668686,0.0,0.0025571342557668686,0.0,0.0,-19.569299697875977,1784673051.3458085,31.995917081832886,,1.6027865685092308,65.30576884797728,0.0,,False,1.4956672191619873
291,0.0012995966244488955,2.498086644209252e-07,0.001668773707933724,0.0008624780457466841,1.9040319898522284e-07,0.0006105869542807341,0.00044692374649457633,-13.06105899810791,0.14375090599060059,0.0009458582499064505,0.1418536752462387,0.4883745610713959,0.00010062893852591515,0.48469167947769165,0.004142837133258581,-6.176569938659668,0.46445006132125854,0.00035363968345336616,0.45995694398880005,0.004493117332458496,-3.0261342525482178,0.03412669897079468,0.009840389713644981,0.0,0.03412669897079468,-1.3325154781341553,0.9080716967582703,0.03389234095811844,0.9931640625,0.08509236574172974,-0.6665253639221191,0.6878339052200317,0.0,0.6878339052200317,0.0025876013096421957,0.0,0.0025876013096421957,0.0,0.0,-19.515382766723633,1784673051.451204,32.1013126373291,,1.7957188015608807,65.58283351325753,0.0,,False,1.4956672191619873
292,0.0011855697957798839,2.3733592513508484e-07,0.0015795169165357947,0.0007707122713327408,1.9091126546300075e-07,0.0005716277519240975,0.00044139433884993196,-13.093992233276367,0.13032367825508118,0.000966301653534174,0.13112330436706543,0.4893101751804352,0.00010143750841962174,0.4844473898410797,0.004928091075271368,-6.114285469055176,0.46627384424209595,0.00038611979107372463,0.4588654637336731,0.0074083805084228516,-2.939671754837036,0.03695201873779297,0.01051019411534071,0.0,0.03695201873779297,-1.2938077449798584,0.9047660231590271,0.03974722698330879,0.88525390625,0.0195121169090271,-0.6888797879219055,0.7076467871665955,0.0,0.7076467871665955,0.0025764815509319305,0.0,0.0025764815509319305,0.0,0.0,-19.45525550842285,1784673051.556457,32.206565618515015,,2.048778292913312,65.83754375453799,0.0,,False,1.4956672191619873
293,0.001092666294425726,2.2310561575977772e-07,0.0012305360287427902,0.0006795476656407118,1.8880579943925113e-07,0.0004424345388542861,0.00027428215253166854,-13.369717597961426,0.1187346875667572,0.0009713475592434406,0.12338307499885559,0.49007436633110046,0.00010111516166944057,0.485313355922699,0.006653925403952599,-6.106952667236328,0.46792158484458923,0.00041298510041087866,0.4578011631965637,0.010120421648025513,-2.8531076908111572,0.03810983896255493,0.011217243038117886,0.0,0.03810983896255493,-1.2614752054214478,0.901161253452301,0.04584920406341553,0.9921875,0.09102624654769897,-0.5319011807441711,0.711840808391571,1.0,0.28815919160842896,0.002424761885777116,0.0,0.002424761885777116,0.0,0.0,-19.681833267211914,1784673051.6401944,32.290302991867065,,2.0752600254766804,66.24923260299619,0.0,,False,1.4956672191619873
294,0.001025674631819129,2.1219678103534534e-07,0.0008587429183535278,0.0005999624263495207,1.8649275546067656e-07,0.00030716374749317765,0.00033704194356687367,-13.29692268371582,0.10994338989257812,0.000977437593974173,0.11350934952497482,0.49162527918815613,0.00010140887752640992,0.4864768385887146,0.006262787617743015,-6.088390350341797,0.47053924202919006,0.00044132096809335053,0.4560449421405792,0.01449429988861084,-2.7059125900268555,0.0351749062538147,0.01229593064635992,0.0,0.0351749062538147,-1.2299927473068237,0.9001590609550476,0.05408378317952156,0.9013671875,0.0012081265449523926,-0.5396584272384644,0.7220496535301208,1.0,0.27795034646987915,0.0023790334817022085,0.0,0.0023790334817022085,0.0,0.0,-19.520591735839844,1784673051.7371747,32.38728332519531,,2.2629832894121193,66.65316420496009,0.0,,False,1.4956672191619873
295,0.0009656889596953988,1.912857072738916e-07,0.001722443848848343,0.0005015437491238117,1.7528319062876108e-07,0.0006092269904911518,0.0007643779390491545,-12.145308494567871,0.10013452172279358,0.0009495049598626792,0.10215223580598831,0.49255433678627014,9.706975106382743e-05,0.48752039670944214,0.0054232575930655,-6.129276752471924,0.4728364050388336,0.00044380928738974035,0.45325911045074463,0.01957729458808899,-2.5093228816986084,0.03514450788497925,0.013408826664090157,0.0,0.03514450788497925,-1.1909255981445312,0.8996173739433289,0.06326204538345337,0.876953125,0.022664248943328857,-0.45723646879196167,0.6970990300178528,1.0,0.3029009699821472,0.0020406506955623627,0.0,0.0020406506955623627,0.0,0.0,-18.303390502929688,1784673051.8524735,32.50258207321167,,3.6679077862577145,67.1395177653705,0.0,,False,1.4956672191619873
296,0.0009155496372841299,1.7133559992998926e-07,0.0009328394080512226,0.00041140662506222725,1.6409865111199906e-07,0.00032411565189249814,8.898679516278207e-05,-13.739253997802734,0.09111151099205017,0.0009161681518889964,0.09353657811880112,0.49320757389068604,9.087490616366267e-05,0.48907414078712463,0.004792308434844017,-6.215577125549316,0.4750298261642456,0.00042817500070668757,0.4530630111694336,0.02196681499481201,-2.3955650329589844,0.03652238845825195,0.014925310388207436,0.0,0.03652238845825195,-1.138724446296692,0.89847731590271,0.07476632297039032,0.9873046875,0.08882737159729004,-0.32498887181282043,0.6562179327011108,1.0,0.34378206729888916,0.0016807385254651308,0.0,0.0016807385254651308,0.0,0.0,-19.90949821472168,1784673051.937405,32.58751368522644,,3.4667245713113175,67.75811892276005,0.0,,False,1.4956672191619873
297,0.0008531506755389273,1.5493618832351785e-07,0.0010697704274207354,0.00033150240778923035,1.5646506312805286e-07,0.0003658765635918826,0.0002193301188526675,-13.682258605957031,0.08179295063018799,0.0008901697583496571,0.08205417543649673,0.4939876198768616,8.393829921260476e-05,0.4921160340309143,0.0018897280097007751,-6.345982551574707,0.4777059257030487,0.0004032450669910759,0.4540617763996124,0.02364414930343628,-2.295861005783081,0.044767916202545166,0.016783514991402626,0.0,0.044767916202545166,-1.065034031867981,0.8930559158325195,0.08916162699460983,0.95947265625,0.06641674041748047,-0.26497673988342285,0.6148711442947388,1.0,0.38512885570526123,0.0014583339216187596,0.0,0.0014583339216187596,0.0,0.0,-19.90697479248047,1784673052.0440006,32.694109201431274,,3.2680647786061314,68.436732212079,0.0,,False,1.4956672191619873
298,0.0007759951404295862,1.441470232066422e-07,0.0008980923448689282,0.00027574761770665646,1.5465174385553837e-07,0.0003073742554988712,0.00012612680438905954,-13.824440002441406,0.07267311215400696,0.0008771056309342384,0.0687672570347786,0.4947185814380646,7.703292794758454e-05,0.49241989850997925,0.0045320685021579266,-6.374209403991699,0.4802534282207489,0.0003734965866897255,0.45682618021965027,0.023427248001098633,-2.292635440826416,0.06262379884719849,0.018404943868517876,0.019507408142089844,0.04311639070510864,-1.0281261205673218,0.8737407922744751,0.10524780303239822,0.9853515625,0.1116107702255249,-0.14760109782218933,0.5905352830886841,1.0,0.4094647169113159,0.0014763737563043833,0.0,0.0014763737563043833,0.0,0.0,-20.070125579833984,1784673052.1607232,32.810831785202026,,2.9062541985474297,69.23272114345917,0.0,,False,1.4956672191619873
299,0.0006785173900425434,1.4036626794222684e-07,0.0007027649553492665,0.00024292548187077045,1.6122709212140762e-07,0.0002431873872410506,2.4248980480479077e-05,-13.869760513305664,0.06366914510726929,0.0008857961511239409,0.05681838467717171,0.4954676032066345,7.134443148970604e-05,0.4807110130786896,0.016269292682409286,-4.898042678833008,0.4826914072036743,0.0003443052410148084,0.4591011703014374,0.02359023690223694,-2.259904146194458,0.09215277433395386,0.01998046226799488,0.10416501760482788,0.012012243270874023,-1.0339508056640625,0.8313664793968201,0.1263931542634964,0.98095703125,0.14959055185317993,-0.02671772986650467,0.6012025475502014,1.0,0.3987974524497986,0.0019675095099955797,0.0,0.0019675095099955797,0.0,0.0,-18.91814613342285,1784673052.2552063,32.905314922332764,,3.696423064899861,70.14959344279504,0.0,,False,1.4956672191619873
300,0.0005428462754935026,1.4601933173707948e-07,0.0005216767312958837,0.00022765831090509892,1.8335099127853027e-07,0.00017843488603830338,5.358260023058392e-05,-13.77967643737793,0.05243691802024841,0.0009306189604103565,0.05105788633227348,0.49610161781311035,6.721175304846838e-05,0.4834452271461487,0.012731297872960567,-5.263123989105225,0.485017865896225,0.00031921674963086843,0.4597553610801697,0.025262504816055298,-2.1062564849853516,0.14752697944641113,0.02222953364253044,0.10469532012939453,0.0428316593170166,-0.9429644346237183,0.7574196457862854,0.15577085316181183,0.814453125,0.0570334792137146,-0.0003050863742828369,0.6560999751091003,1.0,0.34390002489089966,0.003793788608163595,0.0,0.003793788608163595,0.0,0.0,-19.043304443359375,1784673052.349642,32.99975061416626,,4.3614336213157685,71.09287838562312,0.0,,False,1.4956672191619873
301,0.00045563094317913055,1.420782211880578e-07,0.0005088562029413879,0.00021079927682876587,1.8797440759499295e-07,0.00017500424291938543,6.414212839445099e-05,-13.77566909790039,0.045116275548934937,0.0009225602843798697,0.040433477610349655,0.49646544456481934,6.096011566114612e-05,0.49261507391929626,0.0060625034384429455,-6.375463962554932,0.4867951571941376,0.0002783942618407309,0.4646972417831421,0.022097915410995483,-2.297271728515625,0.19044703245162964,0.02207670733332634,0.10466915369033813,0.0857778787612915,-0.821034848690033,0.6792661547660828,0.1713498830795288,0.97265625,0.29339009523391724,0.2880900502204895,0.6974705457687378,1.0,0.3025294542312622,0.007036889437586069,0.0,0.007036889437586069,0.0,0.0,-20.024677276611328,1784673052.4550927,33.10520124435425,,4.045071344479723,72.32455846504598,0.0,,False,1.4956672191619873
302,0.00037296186201274395,1.4644703583144292e-07,0.00034289516042917967,0.00019557797349989414,2.0159258440344274e-07,0.00011571039067348465,8.533953950973228e-05,-13.720024108886719,0.03858834505081177,0.0009336665971204638,0.03244039788842201,0.49722516536712646,5.755247184424661e-05,0.49386125802993774,0.007008075714111328,-6.413174629211426,0.4891352951526642,0.00025310018099844456,0.46725431084632874,0.02188098430633545,-2.2760977745056152,0.2513826787471771,0.023529361933469772,0.1570112705230713,0.09437140822410583,-0.7665624618530273,0.6136077642440796,0.17248573899269104,0.83740234375,0.2237945795059204,0.18540123105049133,0.7405948042869568,1.0,0.2594051957130432,0.012701588682830334,0.0,0.012701588682830334,0.0,0.0,-19.988611221313477,1784673052.538317,33.18842554092407,,3.764775122941529,73.45354972529884,0.0,,False,1.4956672191619873
303,0.00031631055753678083,1.455782268067196e-07,0.0003079930320382118,0.000178472138941288,2.0563093983128056e-07,9.946512000169605e-05,7.944362732814625e-05,-13.716575622558594,0.03194954991340637,0.000914340780582279,0.023493235930800438,0.4975392818450928,5.405923002399504e-05,0.49492430686950684,0.008851403370499611,-6.4711408615112305,0.4910598695278168,0.00022827077191323042,0.47029823064804077,0.020761638879776,-2.3293962478637695,0.32387739419937134,0.024456506595015526,0.2503841519355774,0.07349324226379395,-0.8260652422904968,0.5605736970901489,0.1470288634300232,0.9892578125,0.4286841154098511,0.5853208899497986,0.7636024355888367,1.0,0.23639756441116333,0.019197409972548485,0.0,0.019197409972548485,0.0,0.0,-20.058185577392578,1784673052.6423604,33.2924690246582,,3.4149045453242337,74.98246064445101,0.0,,False,1.4956672191619873
304,0.00027177121955901384,1.457604099641685e-07,0.0001969138829736039,0.00014189141802489758,2.0813584455936507e-07,6.647327245445922e-05,0.0001062615483533591,-13.692424774169922,0.024524539709091187,0.0008766860119067132,0.016375156119465828,0.49824604392051697,5.0560654926812276e-05,0.49736085534095764,0.008197317831218243,-6.582346439361572,0.4938773214817047,0.00019988921121694148,0.47586408257484436,0.01801323890686035,-2.5282933712005615,0.4319738745689392,0.025457698851823807,0.35381019115448,0.07816368341445923,-0.7964355945587158,0.5116581916809082,0.09887717664241791,0.990234375,0.4785761833190918,0.9201802015304565,0.7904335260391235,1.0,0.20956647396087646,0.02825290709733963,0.0,0.02825290709733963,0.0,0.0,-20.222448348999023,1784673052.7483857,33.398494243621826,,2.900771196100493,76.84623087518383,0.0,,False,1.4956672191619873
305,0.0002372624585404992,1.3180594748973817e-07,0.00012234013411216438,0.00010821851901710033,1.8971512361076748e-07,4.156460636295378e-05,0.00013285287423059344,-13.760150909423828,0.018101394176483154,0.0007850251859053969,0.010750245302915573,0.4989152252674103,4.479467315832153e-05,0.498900830745697,0.0073511628434062,-6.7093095779418945,0.49735379219055176,0.0001599961833562702,0.4789048731327057,0.01844891905784607,-2.387583017349243,0.5488407015800476,0.019386805593967438,0.31419211626052856,0.23464858531951904,0.3673940896987915,0.4529658854007721,0.04381489381194115,0.966796875,0.5138310194015503,2.367976665496826,0.8188403844833374,1.0,0.1811596155166626,0.038347989320755005,0.0,0.038347989320755005,0.0,0.0,-20.32139015197754,1784673052.8542087,33.50431728363037,,2.2876960438982366,80.15779756988303,0.0,,False,1.4956672191619873
306,0.00023247330682352185,1.241513416516682e-07,-0.00037707024603150785,0.00010946695692837238,1.802193452249412e-07,-0.00016321097791660577,0.0006677548517473042,-12.174932479858398,0.017079025506973267,0.0007514110184274614,0.004182902630418539,0.49932414293289185,4.231632192386314e-05,0.4998705983161926,0.012907695025205612,-6.679877281188965,0.4985572397708893,0.00014406484842766076,0.49374696612358093,0.00481027364730835,-3.4233782291412354,0.5822943449020386,0.01645776815712452,0.7429190278053284,0.1606246829032898,-0.3507072329521179,0.430242121219635,0.029741734266281128,0.33000001311302185,0.10024210810661316,-0.6697344779968262,0.8122646808624268,1.0,0.18773531913757324,0.03885836899280548,0.0,0.03885836899280548,0.0,0.0,-19.23052406311035,1784673056.6410635,37.29117202758789,,2.7654869805631677,80.43165312108857,0.0,,False,1.4956672191619873
307,0.00024604081409052014,1.0984297915683783e-07,5.397007771534845e-05,4.80415765196085e-05,1.5940781850076746e-07,1.775589225871954e-05,0.00019444379722699523,-13.829326629638672,0.013056069612503052,0.0006818043766543269,0.006008736789226532,0.4999242424964905,4.099419675185345e-05,0.4997698962688446,0.0070490227080881596,-6.821834564208984,0.5017464756965637,0.00012219135533086956,0.49376434087753296,0.007982134819030762,-3.3253064155578613,0.6833735704421997,0.009402957744896412,0.747140109539032,0.06376653909683228,-1.198209285736084,0.3771219253540039,0.008441816084086895,0.33000001311302185,0.047121912240982056,-1.3368240594863892,0.8226404786109924,1.0,0.17735952138900757,0.03707471117377281,0.0,0.03707471117377281,0.0,0.0,-20.949447631835938,1784673056.7467418,37.39685034751892,,1.5243543485025128,80.03841909080455,0.0,,False,1.4956672191619873
308,0.0002500492846593261,9.867693506748765e-08,7.452903082594275e-05,6.345170550048351e-05,1.4556788130448695e-07,2.4845878215273842e-05,0.00017971580382436514,-13.937919616699219,0.013732045888900757,0.0006360579282045364,0.008004263043403625,0.5002965927124023,4.0198479837272316e-05,0.4996485114097595,0.005764330271631479,-6.8720598220825195,0.5027846097946167,0.00011253578850300983,0.4938007593154907,0.008983850479125977,-3.2685859203338623,0.7145829200744629,0.007698657922446728,0.7496001124382019,0.035017192363739014,-1.4347785711288452,0.3553242087364197,0.005097850691527128,0.33000001311302185,0.025324195623397827,-1.657629132270813,0.7992696166038513,1.0,0.20073038339614868,0.0307390745729208,0.0,0.0307390745729208,0.0,0.0,-21.069860458374023,1784673056.8520412,37.50214982032776,,0.6026780906593956,79.32437998773611,0.0,,False,1.4956672191619873
309,0.0002604506444185972,9.423609981240588e-08,9.973309352062643e-05,7.478706538677216e-05,1.4036864115496428e-07,3.3666277886368334e-05,0.0001658947003306821,-13.99727725982666,0.015292257070541382,0.0006186757236719131,0.010424667038023472,0.5006605386734009,3.943982665077783e-05,0.4996861517429352,0.004964157938957214,-6.895270347595215,0.5034726858139038,0.00010665595618775114,0.4938007593154907,0.009671926498413086,-3.215471029281616,0.7293607592582703,0.007018704432994127,0.7546582818031311,0.02529752254486084,-1.5150598287582397,0.3459516763687134,0.003992157988250256,0.33000001311302185,0.01595166325569153,-1.8109036684036255,0.7742809653282166,1.0,0.22571903467178345,0.025566281750798225,0.0,0.025566281750798225,0.0,0.0,-21.121227264404297,1784673056.9568446,37.606953144073486,,1.0155903552884098,78.45706634853485,0.0,,False,1.4956672191619873
310,0.00026512559270486236,9.198836181667502e-08,0.00011833197640953586,8.150818757712841e-05,1.3784598706934048e-07,4.077679113834165e-05,0.00015233978047035635,-14.038345336914062,0.01625952124595642,0.000609025766607374,0.01210152730345726,0.5009661316871643,3.9101880247471854e-05,0.49947160482406616,0.004418429918587208,-6.895862102508545,0.5040720701217651,0.00010347813076805323,0.4940921664237976,0.00997990369796753,-3.187882661819458,0.7402909994125366,0.006571181584149599,0.7560708522796631,0.015779852867126465,-1.5746456384658813,0.3409527540206909,0.003383374772965908,0.33000001311302185,0.010952740907669067,-1.9077742099761963,0.7498864531517029,1.0,0.2501135468482971,0.021372761577367783,0.0,0.021372761577367783,0.0,0.0,-21.148975372314453,1784673057.0523746,37.70248317718506,,1.4562507278275802,77.49288216776102,0.0,,False,1.4956672191619873
311,0.0002712303539738059,9.016078195145383e-08,0.00015460369468200952,9.369850158691406e-05,1.3497724182798265e-07,5.202618194743991e-05,0.0001238481345353648,-14.100174903869629,0.0174960196018219,0.0006016673287376761,0.014534697867929935,0.5012999773025513,3.889125946443528e-05,0.4996408522129059,0.0033944251481443644,-6.904719352722168,0.5047364830970764,0.00010049469710793346,0.4955948293209076,0.009141653776168823,-3.2679717540740967,0.7443056702613831,0.006371433846652508,0.7566346526145935,0.01232898235321045,-1.5970982313156128,0.3384324610233307,0.0030728462152183056,0.33000001311302185,0.008432447910308838,-1.962066888809204,0.7321640253067017,1.0,0.26783597469329834,0.01922854408621788,0.0,0.01922854408621788,0.0,0.0,-21.257936477661133,1784673057.157423,37.8075315952301,,2.0058722057134304,76.47440530815419,0.0,,False,1.4956672191619873
312,0.0002856565988622606,8.700742881728729e-08,0.00014983351866248995,0.00010416307486593723,1.2929439208164695e-07,5.037209848524071e-05,0.00014608688070438802,-14.104143142700195,0.01856788992881775,0.0005819503567181528,0.016304193064570427,0.5014896392822266,3.9455058868043125e-05,0.49962034821510315,0.0029357406310737133,-6.908175468444824,0.5053980946540833,9.907842468237504e-05,0.4967104196548462,0.00868767499923706,-3.309972047805786,0.7542049288749695,0.005961120594292879,0.7692089080810547,0.015003979206085205,-1.6234275102615356,0.33447331190109253,0.002722977427765727,0.33000001311302185,0.004473298788070679,-2.0304019451141357,0.7138748168945312,1.0,0.28612518310546875,0.017248645424842834,0.0,0.017248645424842834,0.0,0.0,-21.285669326782227,1784673057.2416658,37.89177441596985,,2.5832265327203743,75.38759339224242,0.0,,False,1.4956672191619873
313,0.00030977686401456594,8.420408192932882e-08,0.00020667584612965584,0.00012068194337189198,1.236431046436337e-07,6.987823871895671e-05,0.00011493840429466218,-14.18651008605957,0.020765036344528198,0.000562728033401072,0.018468713387846947,0.5017069578170776,4.0805582102620974e-05,0.4998398423194885,0.0029595978558063507,-6.909424304962158,0.5061275959014893,9.947866055881605e-05,0.49860501289367676,0.0075225830078125,-3.404416084289551,0.7635684013366699,0.005560967139899731,0.7823090553283691,0.01874065399169922,-1.6454747915267944,0.3309881091117859,0.002411833731457591,0.33000001311302185,0.000988095998764038,-2.094543218612671,0.6984924077987671,1.0,0.3015075922012329,0.015458189882338047,0.0,0.015458189882338047,0.0,0.0,-21.416257858276367,1784673057.346074,37.996182680130005,,3.291169391221459,74.23664020283212,0.0,,False,1.4956672191619873
314,0.0003448580391705036,8.301270071342515e-08,0.00024429691256955266,0.0001158940140157938,1.1965772728217416e-07,8.122794679366052e-05,0.00010636858496582136,-14.217641830444336,0.022390097379684448,0.0005459524691104889,0.021066201850771904,0.5022575259208679,4.209051257930696e-05,0.5001115202903748,0.0025215153582394123,-6.900143623352051,0.5063549280166626,9.889192006085068e-05,0.5003722310066223,0.005982697010040283,-3.5108344554901123,0.7816516160964966,0.004973767790943384,0.8060287237167358,0.024377107620239258,-1.673112392425537,0.3287241458892822,0.0021686546970158815,0.33000001311302185,0.001275867223739624,-2.147510528564453,0.698131263256073,1.0,0.301868736743927,0.014366432093083858,0.0,0.014366432093083858,0.0,0.0,-21.493173599243164,1784673057.4519062,38.102014780044556,,4.07602799068934,73.03271970347004,0.0,,False,1.4956672191619873
315,0.0003731764736585319,8.111461369253448e-08,0.0002274375146953389,0.00012036645784974098,1.1557353474245247e-07,7.747136987745762e-05,0.00015192048158496618,-14.17361831665039,0.024242490530014038,0.0005290234112180769,0.022982211783528328,0.502937376499176,4.267750045983121e-05,0.5002806782722473,0.0029404673259705305,-6.88109016418457,0.5065978765487671,9.663975652074441e-05,0.502260684967041,0.004337191581726074,-3.605994939804077,0.799392819404602,0.004468612372875214,0.8306870460510254,0.03129422664642334,-1.6768215894699097,0.32773733139038086,0.0019847110379487276,0.33000001311302185,0.002262681722640991,-2.1909127235412598,0.6973029971122742,1.0,0.30269700288772583,0.01312458049505949,0.0,0.01312458049505949,0.0,0.0,-21.481487274169922,1784673057.546946,38.197054624557495,,4.849200265083979,71.78539700913115,0.0,,False,1.4956672191619873
316,0.0003998377942480147,8.04888315997232e-08,0.00028915703296661377,0.0001271574292331934,1.1307365355150978e-07,9.850781498244032e-05,0.00011432861356297508,-14.247581481933594,0.026021301746368408,0.0005174168036319315,0.025367045775055885,0.5033479332923889,4.355239434516989e-05,0.5007224082946777,0.0027058145496994257,-6.886673927307129,0.5066503882408142,9.565302025293931e-05,0.5041501522064209,0.0025002360343933105,-3.675776958465576,0.8147944211959839,0.004122836049646139,0.8464392423629761,0.03164482116699219,-1.7052234411239624,0.32784682512283325,0.0019003523048013449,0.33000001311302185,0.0021531879901885986,-2.2126998901367188,0.7087556719779968,1.0,0.2912443280220032,0.012982184998691082,0.0,0.012982184998691082,0.0,0.0,-21.59480857849121,1784673057.6409671,38.291075706481934,,5.735693843799908,70.5162871481968,0.0,,False,1.4956672191619873
317,0.0004303550813347101,7.997483919552906e-08,0.00031716484227217734,0.0001338208094239235,1.1061684546120887e-07,0.00010814931738423184,0.00011606488260440528,-14.258417129516602,0.027924448251724243,0.0005044664721935987,0.027857502922415733,0.5039191246032715,4.4493222958408296e-05,0.5011311769485474,0.0027887513861060143,-6.880863189697266,0.5068519711494446,9.486135968472809e-05,0.5063033699989319,0.0005486011505126953,-3.711021900177002,0.8313205242156982,0.0037843130994588137,0.866962194442749,0.03564167022705078,-1.7016656398773193,0.32826507091522217,0.0018324974225834012,0.33000001311302185,0.0017349421977996826,-2.2312777042388916,0.7205314040184021,1.0,0.2794685959815979,0.012873772531747818,0.0,0.012873772531747818,0.0,0.0,-21.61861801147461,1784673057.7459705,38.39607906341553,,6.645996855499234,69.22859947316027,0.0,,False,1.4956672191619873
318,0.0004580705426633358,7.989400785390899e-08,0.00034370372304692864,0.0001436769962310791,1.0886364520956704e-07,0.00011688658560160547,0.0001174627395812422,-14.264836311340332,0.02994459867477417,0.0004921145737171173,0.030921807512640953,0.5045269727706909,4.586542854667641e-05,0.5016953349113464,0.002995514776557684,-6.877041816711426,0.5071046352386475,9.488984505878761e-05,0.508086621761322,0.0009819865226745605,-3.7073769569396973,0.8476128578186035,0.0034885487984865904,0.8806909322738647,0.03307807445526123,-1.753374695777893,0.3285055160522461,0.001771746901795268,0.33000001311302185,0.0014944970607757568,-2.248325824737549,0.7333723902702332,1.0,0.26662760972976685,0.012872554361820221,0.0,0.012872554361820221,0.0,0.0,-21.620159149169922,1784673057.8507059,38.50081443786621,,7.557841004893874,67.92386367762509,0.0,,False,1.4956672191619873
319,0.0004878024337813258,7.980008120966886e-08,0.00037379568675532937,0.0001544917467981577,1.0694072472006155e-07,0.0001254756498383358,0.00011764128430513665,-14.274114608764648,0.03216487169265747,0.0004798234149347991,0.03321463614702225,0.5052778124809265,4.7273289965232834e-05,0.5021220445632935,0.003325789701193571,-6.856470108032227,0.5074194073677063,9.480799781158566e-05,0.509627640247345,0.002208232879638672,-3.6871728897094727,0.862300455570221,0.0032319293823093176,0.8864339590072632,0.024133503437042236,-1.8582944869995117,0.32875800132751465,0.0017258482985198498,0.33000001311302185,0.0012420117855072021,-2.2616329193115234,0.7475024461746216,1.0,0.2524975538253784,0.013096471317112446,0.0,0.013096471317112446,0.0,0.0,-21.602876663208008,1784673057.9450629,38.5951714515686,,8.452402668326599,66.60582078751594,0.0,,False,1.4956672191619873
320,0.0005184587789699435,7.984496619428683e-08,0.0003879655560012907,0.00016423524357378483,1.049542674991244e-07,0.00013209476310294122,0.0001343930489383638,-14.257026672363281,0.03451469540596008,0.0004679917765315622,0.0365176685154438,0.5061135292053223,4.888454350293614e-05,0.5024833083152771,0.004146131221204996,-6.819599151611328,0.5077850222587585,9.491301898378879e-05,0.5105797052383423,0.0027946829795837402,-3.671191692352295,0.8754843473434448,0.003004148369655013,0.8713257312774658,0.004158616065979004,-1.9820637702941895,0.3288239538669586,0.0016912819119170308,0.33000001311302185,0.0011760592460632324,-2.27178692817688,0.7649602890014648,1.0,0.23503971099853516,0.013720022514462471,0.0,0.013720022514462471,0.0,0.0,-21.548301696777344,1784673058.0596116,38.70972013473511,,9.29238936532866,65.27762388854143,0.0,,False,1.4956672191619873
321,0.0005523654399439692,7.96617669607258e-08,0.0003633889136835933,0.00017080572433769703,1.0228754376839788e-07,0.0001245098392246291,0.0001945647381944582,-14.147974014282227,0.036988526582717896,0.00045657064765691757,0.03889888897538185,0.5070249438285828,5.02397924719844e-05,0.5030399560928345,0.004419231787323952,-6.795318603515625,0.508187472820282,9.446500916965306e-05,0.512215256690979,0.0040277838706970215,-3.6288342475891113,0.8863199353218079,0.0028137038461863995,0.8679309487342834,0.018388986587524414,-1.9575976133346558,0.3291248381137848,0.0016804226906970143,0.33000001311302185,0.0008751749992370605,-2.275188446044922,0.7859491109848022,1.0,0.21405088901519775,0.014915545471012592,0.0,0.014915545471012592,0.0,0.0,-21.398645401000977,1784673058.143661,38.7937695980072,,9.982719766554354,63.946025471698874,0.0,,False,1.4956672191619873
322,0.0005823480314575136,7.970283633085273e-08,0.0004718108393717557,0.0001775822602212429,9.994720784334277e-08,0.00016094051534309983,0.0001117829087888822,-14.315879821777344,0.03968587517738342,0.0004457326140254736,0.04171255603432655,0.5079511404037476,5.1953560614492744e-05,0.5037122368812561,0.004698482807725668,-6.775064468383789,0.5086564421653748,9.453095844946802e-05,0.5135356783866882,0.0048792362213134766,-3.5884315967559814,0.8962324857711792,0.002641387050971389,0.85733962059021,0.03889286518096924,-1.7629495859146118,0.32894155383110046,0.001663013594225049,0.33000001311302185,0.0010584592819213867,-2.2802865505218506,0.8080995082855225,1.0,0.19190049171447754,0.01645585335791111,0.0,0.01645585335791111,0.0,0.0,-21.530147552490234,1784673058.2506888,38.90079736709595,,10.804552319269305,62.60932895037939,0.0,,False,1.4956672191619873
323,0.0005948066827841103,7.655290801267256e-08,0.0005078808171674609,0.00020538992248475552,9.459417782409218e-08,0.00017321323684882373,9.269004658563063e-05,-14.386775016784668,0.04303324222564697,0.00042729289270937443,0.044453758746385574,0.5106459259986877,4.96624743391294e-05,0.5041528940200806,0.006646602880209684,-6.56945276260376,0.5094130039215088,8.337704639416188e-05,0.5145653486251831,0.005152344703674316,-3.617933750152588,0.9056259393692017,0.00240853033028543,0.8801441192626953,0.025481820106506348,-1.9606343507766724,0.3273155987262726,0.0015826760791242123,0.33000001311302185,0.0026844143867492676,-2.3031036853790283,0.8057836294174194,1.0,0.19421637058258057,0.015204392373561859,0.0,0.015204392373561859,0.0,0.0,-21.451305389404297,1784673058.3469613,38.99706983566284,,11.54754270889832,61.24981529420273,0.0,,False,1.4956672191619873
324,0.0006216129986569285,7.666089629765338e-08,0.0006078780861571431,0.00021549523808062077,9.299627379277808e-08,0.00020935357315465808,1.5045526197354775e-05,-14.447980880737305,0.045962005853652954,0.0004182514385320246,0.04855680465698242,0.5116539001464844,5.104338197270408e-05,0.50499427318573,0.007147280033677816,-6.550764560699463,0.5099740028381348,8.273059211205691e-05,0.5159069895744324,0.005932986736297607,-3.568281412124634,0.9137588143348694,0.0022789137437939644,0.9032875299453735,0.01047128438949585,-2.0990328788757324,0.3266361355781555,0.0015513222897425294,0.33000001311302185,0.003363877534866333,-2.3117382526397705,0.82120281457901,1.0,0.17879718542099,0.016243115067481995,0.0,0.016243115067481995,0.0,0.0,-21.472734451293945,1784673058.46423,39.114338636398315,,12.311962160416982,59.88166707076533,0.0,,False,1.4956672191619873
325,0.0006500426679849625,7.691937753406819e-08,0.0004952111630700529,0.00022805435582995415,9.163834135961224e-08,0.000170587794855237,0.00016515205788891762,-14.281234741210938,0.04914391040802002,0.0004100619116798043,0.05094652995467186,0.512722909450531,5.25163923157379e-05,0.5047895312309265,0.008135596290230751,-6.385727882385254,0.5105883479118347,8.204830373870209e-05,0.5162970423698425,0.0057086944580078125,-3.586564779281616,0.9211008548736572,0.0021635093726217747,0.9171541333198547,0.00394672155380249,-2.1454732418060303,0.3258722424507141,0.0015203530201688409,0.33000001311302185,0.004127770662307739,-2.319864511489868,0.8345687985420227,1.0,0.1654312014579773,0.01724846661090851,0.0,0.01724846661090851,0.0,0.0,-21.18309783935547,1784673058.560958,39.211066484451294,,12.786744999997168,58.50539258847783,0.0,,False,1.4956672191619873
326,0.0006795155932195485,7.690788805803095e-08,0.0004993983311578631,0.00024213013239204884,9.000390832625271e-08,0.00017271903925575316,0.00019302882719784975,-14.226476669311523,0.052493900060653687,0.0004018506733700633,0.05295615270733833,0.5137556195259094,5.383450479712337e-05,0.5043827891349792,0.009384222328662872,-6.170443534851074,0.5111775994300842,8.103529398795217e-05,0.5165920853614807,0.005414485931396484,-3.6104860305786133,0.9277122616767883,0.00205612787976861,0.9219369888305664,0.005775272846221924,-2.1664159297943115,0.32490795850753784,0.0014930496690794826,0.33000001311302185,0.005092054605484009,-2.325845718383789,0.8469786643981934,1.0,0.15302133560180664,0.01834692619740963,0.0,0.01834692619740963,0.0,0.0,-20.968074798583984,1784673058.643972,39.29408049583435,,13.04650479880587,57.12313689929641,0.0,,False,1.4956672191619873
327,0.0007123206742107868,7.642659483053649e-08,0.0006506236968562007,0.0002526987809687853,8.776016358069683e-08,0.0002256872976431623,6.735085480613634e-05,-14.450859069824219,0.05583801865577698,0.00039345480035990477,0.056077420711517334,0.5147081017494202,5.469351162901148e-05,0.5053065419197083,0.009404607117176056,-6.1811628341674805,0.511641263961792,7.947992708068341e-05,0.5169291496276855,0.005287885665893555,-3.6251602172851562,0.9336485862731934,0.0019489495316520333,0.9136027693748474,0.020045816898345947,-2.0982038974761963,0.3240695297718048,0.0014724519569426775,0.33000001311302185,0.005930483341217041,-2.329531669616699,0.8593825101852417,1.0,0.1406174898147583,0.019641011953353882,0.0,0.019641011953353882,0.0,0.0,-21.208370208740234,1784673058.7496784,39.399786949157715,,13.546560007770822,55.73719525888208,0.0,,False,1.4956672191619873
328,0.0007460886845365167,7.590325168393974e-08,0.0006849910132586956,0.000262225978076458,8.542152585278018e-08,0.00023753178538754582,6.58993812976405e-05,-14.468700408935547,0.059186577796936035,0.00038567386218346655,0.05979890748858452,0.5155613422393799,5.533903822652064e-05,0.5059356093406677,0.00964518915861845,-6.155755996704102,0.5120577812194824,7.777712016832083e-05,0.5170459747314453,0.004988193511962891,-3.651935338973999,0.9385063648223877,0.0018592319684103131,0.8616812229156494,0.07682514190673828,-0.6376153230667114,0.32349035143852234,0.0014603229938074946,0.33000001311302185,0.006509661674499512,-2.331101179122925,0.8722537159919739,1.0,0.12774628400802612,0.02122301235795021,0.0,0.02122301235795021,0.0,0.0,-21.21927261352539,1784673058.8548481,39.50495672225952,,14.05751762152093,54.349684108961526,0.0,,False,1.4956672191619873
329,0.0007811008836142719,7.540635493796799e-08,0.0005998343694955111,0.00027204444631934166,8.291139153016047e-08,0.00020790025882888585,0.00019228110613767058,-14.272374153137207,0.06248113512992859,0.00037920233444310725,0.06240397319197655,0.5161584615707397,5.5718119256198406e-05,0.5059663653373718,0.010192387737333775,-6.066255569458008,0.5123074650764465,7.59889735491015e-05,0.5170459747314453,0.004738509654998779,-3.675781011581421,0.9412357807159424,0.0018111433601006866,0.9694304466247559,0.028194665908813477,-2.0185019969940186,0.323758602142334,0.0014811712317168713,0.33000001311302185,0.006241410970687866,-2.3253722190856934,0.8862336277961731,1.0,0.1137663722038269,0.023599185049533844,0.0,0.023599185049533844,0.0,0.0,-20.963268280029297,1784673058.938427,39.58853554725647,,14.312470901774944,52.9679019190782,0.0,,False,1.4956672191619873
330,0.0008102775900624692,7.595745188382352e-08,0.0008602410671301186,0.0002886520233005285,8.279577912162495e-08,0.00029786446248181164,5.080569098936394e-05,-14.495168685913086,0.06613805890083313,0.00037297807284630835,0.06589578092098236,0.517084538936615,5.7199824368581176e-05,0.5061451196670532,0.01094210147857666,-5.947442054748535,0.5127281546592712,7.539578655268997e-05,0.5168364644050598,0.004108309745788574,-3.715510129928589,0.9480316042900085,0.001706773298792541,0.9836499094963074,0.03561830520629883,-1.8959811925888062,0.3217397928237915,0.001405702088959515,0.33000001311302185,0.008260220289230347,-2.3404014110565186,0.8906275629997253,1.0,0.10937243700027466,0.02340666577219963,0.0,0.02340666577219963,0.0,0.0,-21.110877990722656,1784673059.053245,39.70335364341736,,14.715033892722317,51.57109053722405,0.0,,False,1.4956672191619873
331,0.0008513448992744088,7.735449969459296e-08,0.0006589592667296529,0.0003078845329582691,8.298485454361071e-08,0.00022876981529407203,0.00020801772188860923,-14.224908828735352,0.07016703486442566,0.0003694560145959258,0.06865930557250977,0.5180524587631226,5.907738523092121e-05,0.5065087080001831,0.011641796678304672,-5.851289749145508,0.513150155544281,7.52641208237037e-05,0.5165786147117615,0.0034284591674804688,-3.750227451324463,0.9522509574890137,0.001662969239987433,0.9858358502388,0.03358489274978638,-1.9415009021759033,0.32077252864837646,0.0013869330286979675,0.33000001311302185,0.009227484464645386,-2.340695858001709,0.8969061374664307,1.0,0.10309386253356934,0.024202216416597366,0.0,0.024202216416597366,0.0,0.0,-20.781055450439453,1784673059.137342,39.787450551986694,,14.787774343386488,50.17398470842471,0.0,,False,1.4956672191619873
332,0.0008984236046671867,7.800107937327994e-08,0.0008237153524532914,0.00032214843668043613,8.221081770898309e-08,0.00028763996670022607,8.229311788454652e-05,-14.45936393737793,0.07420787215232849,0.0003649475984275341,0.07211961597204208,0.5188280940055847,6.009840581100434e-05,0.5081203579902649,0.01090946514159441,-6.019891738891602,0.5133336782455444,7.42452684789896e-05,0.5161772966384888,0.002843618392944336,-3.7806739807128906,0.9556313753128052,0.0016276220558211207,0.9913284778594971,0.035697102546691895,-1.89992356300354,0.3202740550041199,0.0013736550463363528,0.33000001311302185,0.009725958108901978,-2.3417699337005615,0.9025696516036987,1.0,0.09743034839630127,0.024922600015997887,0.0,0.024922600015997887,0.0,0.0,-21.16561508178711,1784673059.2416108,39.891719341278076,,15.245074425398315,48.77580480392652,0.0,,False,1.4956672191619873
333,0.0009563315543346107,7.912452559821759e-08,0.0009060577722266316,0.00033704633824527264,8.154167119300837e-08,0.00031592370942234993,5.453089761431329e-05,-14.480613708496094,0.07886451482772827,0.0003609998384490609,0.07599720358848572,0.5193963646888733,6.13545926171355e-05,0.5123434066772461,0.007613520137965679,-6.558089256286621,0.5134863257408142,7.323197496589273e-05,0.5152301788330078,0.0017438530921936035,-3.821237564086914,0.9590154886245728,0.0015892204828560352,1.0,0.040984511375427246,-1.7748414278030396,0.31964051723480225,0.0013594712363556027,0.33000001311302185,0.010359495878219604,-2.3419201374053955,0.909015417098999,1.0,0.09098458290100098,0.02591477893292904,0.0,0.02591477893292904,0.0,0.0,-21.63770294189453,1784673059.3492823,39.999390840530396,,16.174462367517563,47.37747469572349,0.0,,False,1.4956672191619873
334,0.001028020866215229,7.99153383468365e-08,0.0007523478125222027,0.00035657151602208614,8.044152366437629e-08,0.00026254134718328714,0.00029126842855475843,-13.970706939697266,0.08428019285202026,0.0003555034927558154,0.0788540169596672,0.5200911164283752,6.254418985918164e-05,0.5118684768676758,0.009851658716797829,-6.391005516052246,0.5135393738746643,7.194572390289977e-05,0.5145168304443359,0.0009774565696716309,-3.8442206382751465,0.9621908068656921,0.0015540595632046461,1.0,0.03780919313430786,-1.8545678853988647,0.31904980540275574,0.0013365859631448984,0.33000001311302185,0.010950207710266113,-2.3450238704681396,0.9137300252914429,1.0,0.08626997470855713,0.026434114202857018,0.0,0.026434114202857018,0.0,0.0,-21.0056209564209,1784673059.4337842,40.083892822265625,,16.47176832416318,45.97604085445772,0.0,,False,1.4956672191619873
335,0.0011242760811001062,7.963811299305235e-08,0.0009734665509313345,0.00038981158286333084,7.80734978889086e-08,0.00034103236976079643,0.00015850213821977377,-14.359786987304688,0.0913158655166626,0.0003478658036328852,0.0824628695845604,0.5202282071113586,6.285968993324786e-05,0.5127944350242615,0.011560126207768917,-6.4290618896484375,0.5129493474960327,6.942097388673574e-05,0.5137330293655396,0.0007836818695068359,-3.8642985820770264,0.9650393128395081,0.001521280617453158,1.0,0.03496068716049194,-1.923445463180542,0.3181356191635132,0.0013127439888194203,0.33000001311302185,0.011864393949508667,-2.3452651500701904,0.9173442721366882,1.0,0.08265572786331177,0.02698040008544922,0.0,0.02698040008544922,0.0,0.0,-21.4351863861084,1784673059.5490978,40.19920635223389,,17.198639710496295,44.5743657335899,0.0,,False,1.4956672191619873
336,0.0012552078114822507,7.750394814820538e-08,0.0009971823310479522,0.00043436791747808456,7.364200627080209e-08,0.0003495179698802531,0.00027161859907209873,-14.082225799560547,0.09941944479942322,0.00033961667213588953,0.08627703785896301,0.5174525380134583,6.079335435060784e-05,0.5178657174110413,0.013148901052772999,-6.754289150238037,0.5091420412063599,6.469675281550735e-05,0.5124650597572327,0.0033230185508728027,-3.8186211585998535,0.9656357765197754,0.001537142670713365,1.0,0.03436422348022461,-1.9358545541763306,0.3175111413002014,0.001355872955173254,0.33000001311302185,0.012488871812820435,-2.3251991271972656,0.9163330793380737,1.0,0.08366692066192627,0.02635462023317814,0.0,0.02635462023317814,0.0,0.0,-21.394968032836914,1784673059.654078,40.30418658256531,,17.885292743557926,43.192756635595,0.0,,False,1.4956672191619873
337,0.0012761205434799194,7.719385308746496e-08,0.0012061106972396374,0.0004383514169603586,7.290883985433538e-08,0.00042344946996308863,7.157825166359544e-05,-14.534353256225586,0.10125759243965149,0.00033592013642191887,0.09225332736968994,0.5177139043807983,6.08985974395182e-05,0.5195838212966919,0.009196378290653229,-6.865204811096191,0.509143054485321,6.418492557713762e-05,0.510518491268158,0.001375436782836914,-3.8931949138641357,0.9664819240570068,0.0015232955338433385,1.0,0.033518075942993164,-1.9557409286499023,0.3170214891433716,0.0013461295748129487,0.33000001311302185,0.012978523969650269,-2.3237571716308594,0.9165488481521606,1.0,0.08345115184783936,0.0264567993581295,0.0,0.0264567993581295,0.0,0.0,-21.973115921020508,1784673059.7697766,40.41988515853882,,19.15009366480315,41.81258949316651,0.0,,False,1.4956672191619873
338,0.0012983960332348943,7.69330341654495e-08,0.000925619387999177,0.00044615892693400383,7.216584663183312e-08,0.0003252554452046752,0.00039189294329844415,-13.57002067565918,0.10347625613212585,0.00033206463558599353,0.09571737796068192,0.5178405046463013,6.107169610913843e-05,0.5193275809288025,0.007900100201368332,-6.910193920135498,0.5090429186820984,6.365791341522709e-05,0.509925901889801,0.0008829832077026367,-3.905931234359741,0.9676602482795715,0.0015093890251591802,1.0,0.03233975172042847,-1.982635498046875,0.31667742133140564,0.0013369459193199873,0.33000001311302185,0.013322591781616211,-2.3233656883239746,0.915789783000946,1.0,0.08421021699905396,0.02645188197493553,0.0,0.02645188197493553,0.0,0.0,-21.05113983154297,1784673059.8547518,40.504860401153564,,19.492918496570837,40.43281383404491,0.0,,False,1.4956672191619873
339,0.0013222296256572008,7.616207398086772e-08,0.0009804221335798502,0.0004542497918009758,7.083451691869413e-08,0.0003461806336417794,0.0003584847436286509,-13.739347457885742,0.10591408610343933,0.00032667594496160746,0.09860482066869736,0.51781165599823,6.073257827665657e-05,0.5191155672073364,0.007424657698720694,-6.934140205383301,0.5088319182395935,6.251081504160538e-05,0.5093052387237549,0.00047332048416137695,-3.9193549156188965,0.9690828323364258,0.0014869519509375095,1.0,0.03091716766357422,-2.01515531539917,0.31659841537475586,0.0013228419702500105,0.33000001311302185,0.013401597738265991,-2.327162981033325,0.9144144654273987,1.0,0.08558553457260132,0.02633390575647354,0.0,0.02633390575647354,0.0,0.0,-21.246335983276367,1784673059.948606,40.59871459007263,,20.030939480071922,39.04924088221395,0.0,,False,1.4956672191619873
340,0.0013550507137551904,7.457952477807339e-08,0.0012133530108258128,0.00046308431774377823,6.847676559118554e-08,0.0004290992801543325,0.00014571624342352152,-14.473165512084961,0.10913437604904175,0.00031871465034782887,0.10386093705892563,0.5175137519836426,5.954410517006181e-05,0.5187416076660156,0.005414498038589954,-6.995839595794678,0.5083727240562439,6.0275389841990545e-05,0.508764386177063,0.0003916621208190918,-3.938082456588745,0.9708232283592224,0.0014525610022246838,1.0,0.029176771640777588,-2.055246591567993,0.3170454502105713,0.0013009182875975966,0.33000001311302185,0.012954562902450562,-2.3389029502868652,0.9121958613395691,1.0,0.08780413866043091,0.026026612147688866,0.0,0.026026612147688866,0.0,0.0,-22.03887939453125,1784673060.0495737,40.69968223571777,,21.36150387482789,37.653927961129455,0.0,,False,1.4956672191619873
341,0.0013937837211415172,7.296429771486146e-08,0.0010694038355723023,0.0004756774287670851,6.590864387590045e-08,0.0003794196236412972,0.00033836057991720736,-13.854924201965332,0.1131192147731781,0.000309765717247501,0.10771095752716064,0.5170277953147888,5.824518302688375e-05,0.5184380412101746,0.005589100066572428,-7.013110160827637,0.507769763469696,5.7701923651620746e-05,0.5077254772186279,4.4286251068115234e-05,-3.9611546993255615,0.9730088710784912,0.0014127204194664955,1.0,0.02699112892150879,-2.104337453842163,0.317691445350647,0.001273390487767756,0.33000001311302185,0.012308567762374878,-2.3546106815338135,0.9105423092842102,1.0,0.0894576907157898,0.025860121473670006,0.0,0.025860121473670006,0.0,0.0,-21.44598960876465,1784673060.145285,40.79539346694946,,22.099178483817255,36.24290730879801,0.0,,False,1.4956672191619873
342,0.0014399632345885038,7.238048027602417e-08,0.0013016043230891228,0.0004932598676532507,6.406174435369394e-08,0.0004620435065589845,0.00014183670282363892,-14.524652481079102,0.11754429340362549,0.00030330452136695385,0.11241856217384338,0.5163022875785828,5.756509563070722e-05,0.5179435014724731,0.005382072646170855,-7.027098655700684,0.5070236325263977,5.56893901375588e-05,0.5064200162887573,0.0006036162376403809,-3.9756505489349365,0.9751657843589783,0.0013801452005282044,1.0,0.02483421564102173,-2.1504123210906982,0.31872522830963135,0.0012525083729997277,0.33000001311302185,0.011274784803390503,-2.3716187477111816,0.9100061655044556,1.0,0.08999383449554443,0.02598487213253975,0.0,0.02598487213253975,0.0,0.0,-22.134157180786133,1784673060.2495468,40.89965534210205,,23.525020664828105,34.8148785902892,0.0,,False,1.4956672191619873
343,0.0014922901755198836,7.281483505039432e-08,0.0013646853622049093,0.0005119680427014828,6.296959753626652e-08,0.00048439690726809204,0.00013054943701718003,-14.552255630493164,0.1222463846206665,0.0002988312335219234,0.11830747127532959,0.5154291987419128,5.7564324379200116e-05,0.5161877274513245,0.004011284559965134,-7.070285797119141,0.506199300289154,5.433403930510394e-05,0.505479633808136,0.0007196664810180664,-3.9864749908447266,0.9771547317504883,0.0013558025239035487,1.0,0.02284526824951172,-2.1902711391448975,0.3198933005332947,0.0012359931133687496,0.33000001311302185,0.010106712579727173,-2.3876805305480957,0.9105541110038757,1.0,0.08944588899612427,0.02631489373743534,0.0,0.02631489373743534,0.0,0.0,-22.20172119140625,1784673060.3544676,41.004576206207275,,25.018426856459072,33.37078808894347,0.0,,False,1.4956672191619873
344,0.0015456597320735455,7.412892699676377e-08,0.0011770917335525155,0.0005321397911757231,6.258766660494075e-08,0.0004180606920272112,0.00038581914850510657,-13.643978118896484,0.12688282132148743,0.00029627466574311256,0.12265387177467346,0.5143880248069763,5.822086313855834e-05,0.516146719455719,0.004580067936331034,-7.043123722076416,0.5053412914276123,5.364804019336589e-05,0.5043100714683533,0.0010312199592590332,-3.9876832962036133,0.9789990782737732,0.0013378438306972384,1.0,0.021000921726226807,-2.2245776653289795,0.3209272623062134,0.0012245994294062257,0.33000001311302185,0.009072750806808472,-2.4000234603881836,0.9117880463600159,1.0,0.08821195363998413,0.026803819462656975,0.0,0.026803819462656975,0.0,0.0,-21.27231788635254,1784673060.4390574,41.089165925979614,,25.58242974303633,31.914354657757656,0.0,,False,1.4956672191619873
345,0.0016030138358473778,7.566673332348728e-08,0.0014750385889783502,0.0005484141875058413,6.233271676592267e-08,0.0005229963571764529,0.00013047501852270216,-14.542572021484375,0.13160976767539978,0.0002938024408649653,0.12785761058330536,0.5133864283561707,5.894263813388534e-05,0.515267014503479,0.004197056870907545,-7.0439372062683105,0.5045276880264282,5.303438229020685e-05,0.5032462477684021,0.001281440258026123,-3.9878649711608887,0.9806276559829712,0.0013220127439126372,1.0,0.01937234401702881,-2.2534234523773193,0.32193222641944885,0.0012143979547545314,0.33000001311302185,0.008067786693572998,-2.411015748977661,0.9120936989784241,1.0,0.08790630102157593,0.027062686160206795,0.0,0.027062686160206795,0.0,0.0,-22.171655654907227,1784673060.543893,41.1940016746521,,27.045770398168273,30.44692893798236,0.0,,False,1.4956672191619873
346,0.001656669075600803,7.751334862859949e-08,0.0016047954559326172,0.0005640706513077021,6.23988398729125e-08,0.00056869862601161,5.207965659792535e-05,-14.625862121582031,0.1360427439212799,0.00029226482729427516,0.13299207389354706,0.5124142169952393,5.9939196944469586e-05,0.5146101713180542,0.0037588300183415413,-7.035990238189697,0.5037702322006226,5.281507401377894e-05,0.5027442574501038,0.0010259747505187988,-3.995453119277954,0.9821826219558716,0.0013085439568385482,1.0,0.017817378044128418,-2.279179334640503,0.3227540850639343,0.0012066828785464168,0.33000001311302185,0.007245928049087524,-2.419246196746826,0.9118817448616028,1.0,0.08811825513839722,0.027225689962506294,0.0,0.027225689962506294,0.0,0.0,-22.25238037109375,1784673060.6513314,41.30144000053406,,28.58983576948674,28.9712727704379,0.0,,False,1.4956672191619873
347,0.0017098886892199516,7.95494514704842e-08,0.001598380971699953,0.0005794356111437082,6.26231866363014e-08,0.0005656720022670925,0.00011235394049435854,-14.548966407775879,0.14037245512008667,0.0002909913018811494,0.13887692987918854,0.5114578008651733,6.110675894888118e-05,0.5140034556388855,0.0029524487908929586,-7.02780818939209,0.5030542612075806,5.2785671869060025e-05,0.5019518733024597,0.0011023879051208496,-3.994185447692871,0.983605682849884,0.0012950781965628266,1.0,0.016394317150115967,-2.3018860816955566,0.3234124183654785,0.0012005988974124193,0.33000001311302185,0.006587594747543335,-2.4254558086395264,0.9113468527793884,1.0,0.08865314722061157,0.027332577854394913,0.0,0.027332577854394913,0.0,0.0,-22.168306350708008,1784673060.756779,41.40688753128052,,30.049827120419465,27.489406991000738,0.0,,False,1.4956672191619873
348,0.0017583032604306936,8.147402041913665e-08,0.0013852867996320128,0.0005913835484534502,6.286019527124154e-08,0.0004898261395283043,0.00038659435813315213,-13.678852081298828,0.14434199035167694,0.0002896609075833112,0.14301110804080963,0.5105372071266174,6.221450894372538e-05,0.5135278105735779,0.00327337090857327,-7.003048419952393,0.5023754835128784,5.279840843286365e-05,0.5008745193481445,0.0015009641647338867,-3.984241247177124,0.9848418235778809,0.0012826473684981465,1.0,0.01515817642211914,-2.3209073543548584,0.32375138998031616,0.001194539712741971,0.33000001311302185,0.0062486231327056885,-2.429715394973755,0.9104999303817749,1.0,0.0895000696182251,0.027348952367901802,0.0,0.027348952367901802,0.0,0.0,-21.273412704467773,1784673060.8412395,41.49134802818298,,30.614924825111956,26.00328162522935,0.0,,False,1.4956672191619873
349,0.0017969774780794978,8.332782641673475e-08,0.001737432787194848,0.000600586412474513,6.323445944644845e-08,0.0006129002431407571,6.0804610257036984e-05,-14.57809829711914,0.14775234460830688,0.0002887618902605027,0.14789387583732605,0.5096516609191895,6.339454557746649e-05,0.5127652883529663,0.003116842359304428,-6.993645668029785,0.5017355680465698,5.3040243074065074e-05,0.5002478361129761,0.00148773193359375,-3.982426404953003,0.9859287738800049,0.0012721118982881308,1.0,0.014071226119995117,-2.3367767333984375,0.3237093687057495,0.0011894749477505684,0.33000001311302185,0.006290644407272339,-2.431548833847046,0.909582793712616,1.0,0.09041720628738403,0.027381857857108116,0.0,0.027381857857108116,0.0,0.0,-22.164228439331055,1784673060.947123,41.59723162651062,,32.07083826466773,24.515322820584668,0.0,,False,1.4956672191619873
350,0.0018297352362424135,8.530853534693961e-08,0.0018698113271966577,0.0006101073231548071,6.381226569374121e-08,0.0006588483229279518,6.310133176157251e-05,-14.556249618530273,0.15101522207260132,0.00028831977397203445,0.15350516140460968,0.5087933540344238,6.479164585471153e-05,0.511497437953949,0.003675849176943302,-6.992831230163574,0.5011155009269714,5.353705273591913e-05,0.49965590238571167,0.0014595985412597656,-3.9787328243255615,0.9869361519813538,0.0012631621211767197,1.0,0.01306384801864624,-2.3505756855010986,0.32342734932899475,0.0011850810842588544,0.33000001311302185,0.0065726637840271,-2.431807041168213,0.9087955355644226,1.0,0.09120446443557739,0.027471749112010002,0.0,0.027471749112010002,0.0,0.0,-22.139881134033203,1784673061.052026,41.70213460922241,,33.50240439892565,23.02710580861882,0.0,,False,1.4956672191619873
351,0.0018737444188445807,8.774311055503858e-08,0.0015885389875620604,0.0006235225591808558,6.449084821724682e-08,0.0005600511794909835,0.0002921827253885567,-14.070161819458008,0.15494564175605774,0.00028766950708813965,0.15746434032917023,0.5079348683357239,6.649938586633652e-05,0.5102365612983704,0.0034119836054742336,-6.997270584106445,0.5004897713661194,5.4066757002146915e-05,0.49918848276138306,0.0013012886047363281,-3.9780468940734863,0.9878571033477783,0.0012541497126221657,1.0,0.01214289665222168,-2.3629252910614014,0.32307735085487366,0.0011824956163764,0.33000001311302185,0.006922662258148193,-2.4308619499206543,0.9082258939743042,1.0,0.0917741060256958,0.02768631838262081,0.0,0.02768631838262081,0.0,0.0,-21.657001495361328,1784673061.1463418,41.79645037651062,,34.451090894511694,21.53983388790053,0.0,,False,1.4956672191619873
352,0.001919097383506596,9.074835816136329e-08,0.0019082206999883056,0.0006390681955963373,6.552839693085843e-08,0.0006741714314557612,3.6749686842085794e-05,-14.530048370361328,0.15886826813220978,0.0002878648811019957,0.16216960549354553,0.5070337057113647,6.862456939416006e-05,0.5094798803329468,0.004108843859285116,-6.969533920288086,0.4998582899570465,5.491486081155017e-05,0.49874818325042725,0.0011101067066192627,-3.9747042655944824,0.9886423349380493,0.001247652806341648,1.0,0.011357665061950684,-2.3726117610931396,0.3227640390396118,0.001182161970064044,0.33000001311302185,0.007235974073410034,-2.429121255874634,0.9073308110237122,1.0,0.09266918897628784,0.027858301997184753,0.0,0.027858301997184753,0.0,0.0,-22.093027114868164,1784673061.2506223,41.90073084831238,,35.835803009604575,20.054302661228263,0.0,,False,1.4956672191619873
353,0.001993792364373803,9.364483588569783e-08,0.0019927548710256815,0.0006562352646142244,6.585471368225626e-08,0.0007054812158457935,4.9256879719905555e-05,-14.503488540649414,0.1643448770046234,0.0002857945510186255,0.16759659349918365,0.5060326457023621,7.030064443824813e-05,0.5084105730056763,0.004028423689305782,-6.964890480041504,0.49916258454322815,5.475247235153802e-05,0.49725934863090515,0.001903235912322998,-3.9543263912200928,0.9892495274543762,0.0012357629602774978,1.0,0.01075047254562378,-2.3823330402374268,0.3226483166217804,0.0011808107374235988,0.33000001311302185,0.007351696491241455,-2.428952693939209,0.9053641557693481,1.0,0.09463584423065186,0.02783518098294735,0.0,0.02783518098294735,0.0,0.0,-22.05256462097168,1784673061.356022,42.00613045692444,,37.18005263080097,18.56893999649142,0.0,,False,1.4956672191619873
354,0.0020633500535041094,9.569818359977944e-08,0.0016918027540668845,0.0006691948510706425,6.573817756816425e-08,0.0005972879007458687,0.00037844153121113777,-13.751358032226562,0.16933690011501312,0.00028278754325583577,0.1714315563440323,0.5050676465034485,7.170356548158452e-05,0.5071114897727966,0.002926581772044301,-6.982128143310547,0.498492032289505,5.450454409583472e-05,0.49497872591018677,0.0035133063793182373,-3.8764424324035645,0.9896271228790283,0.0012237185146659613,1.0,0.01037287712097168,-2.390028953552246,0.3221370577812195,0.0011789174750447273,0.33000001311302185,0.007862955331802368,-2.426419496536255,0.9040176868438721,1.0,0.09598231315612793,0.027949795126914978,0.0,0.027949795126914978,0.0,0.0,-21.27528190612793,1784673061.4396396,42.08974814414978,,37.74701953715362,17.08611052915753,0.0,,False,1.4956672191619873
355,0.002115451730787754,9.777598108939856e-08,0.002030204050242901,0.0006806857418268919,6.597394985874416e-08,0.0007176922517828643,9.293357288697734e-05,-14.45187759399414,0.1733592003583908,0.00028088895487599075,0.1759977489709854,0.5040898323059082,7.364370685536414e-05,0.5053679943084717,0.0029318316373974085,-6.985549449920654,0.49780401587486267,5.512276038643904e-05,0.4942001700401306,0.0036038458347320557,-3.8662283420562744,0.9899336695671082,0.0012162663042545319,1.0,0.010066330432891846,-2.3953895568847656,0.3212571442127228,0.0011804044479504228,0.33000001311302185,0.008742868900299072,-2.419632911682129,0.903583288192749,1.0,0.09641671180725098,0.02839842066168785,0.0,0.02839842066168785,0.0,0.0,-21.973432540893555,1784673061.5440109,42.194119453430176,,39.01213707827189,16.882814521083304,0.0,,False,1.4956672191619873
356,0.002160794334486127,1.0070524325556107e-07,0.0013506528921425343,0.0006943631451576948,6.678777708657435e-08,0.0004767003410961479,0.0008388720452785492,-10.865181922912598,0.17735379934310913,0.0002801309456117451,0.180494025349617,0.5029852986335754,7.6385767897591e-05,0.5057632923126221,0.004192644730210304,-6.923990726470947,0.4970441460609436,5.6498756748624146e-05,0.4940944314002991,0.0029497146606445312,-3.894707202911377,0.9902422428131104,0.0012129705864936113,1.0,0.009757757186889648,-2.3991549015045166,0.3203209340572357,0.0011868951842188835,0.33000001311302185,0.009679079055786133,-2.4098026752471924,0.9036650657653809,1.0,0.09633493423461914,0.02918611653149128,0.0,0.02918611653149128,0.0,0.0,-18.351728439331055,1784673061.6393511,42.28945970535278,,36.65555051782766,17.349027167128128,0.0,,False,1.4956672191619873
357,0.002190453466027975,1.0276917095097815e-07,0.002958850935101509,0.0007061657961457968,6.741379365848843e-08,0.0010384059278294444,0.0008371488656848669,-10.772394180297852,0.18051841855049133,0.00027942375163547695,0.18564502894878387,0.5019620656967163,7.85349402576685e-05,0.5042449235916138,0.0056119137443602085,-6.899288654327393,0.4963005781173706,5.7536119129508734e-05,0.4927688539028168,0.003531724214553833,-3.8542168140411377,0.9904761910438538,0.0012079889420419931,1.0,0.00952380895614624,-2.4029176235198975,0.3192813992500305,0.001192648895084858,0.33000001311302185,0.010718613862991333,-2.3986854553222656,0.9049890637397766,1.0,0.09501093626022339,0.03005404770374298,0.0,0.03005404770374298,0.0,0.0,-18.21893310546875,1784673061.7535527,42.403661251068115,,34.16616862352113,17.804122593248024,0.0,,False,1.4956672191619873
358,0.00224346574395895,1.0595690014270076e-07,0.001882574986666441,0.0007287857588380575,6.821379372468073e-08,0.0006602078792639077,0.0003673486935440451,-13.793478012084961,0.185678631067276,0.00027800220414064825,0.18939612805843353,0.5008199214935303,8.164280734490603e-05,0.5018923282623291,0.003869087668135762,-6.930743217468262,0.49555814266204834,5.876138311577961e-05,0.49203580617904663,0.003522336483001709,-3.8465042114257812,0.9906097650527954,0.0012038247659802437,1.0,0.00939023494720459,-2.4055638313293457,0.31812891364097595,0.001202378305606544,0.33000001311302185,0.011871099472045898,-2.3841867446899414,0.9059476852416992,1.0,0.09405231475830078,0.031244011595845222,0.0,0.031244011595845222,0.0,0.0,-21.26132583618164,1784673061.8378925,42.488001108169556,,34.71917945992749,18.2447193087356,0.0,,False,1.4956672191619873
359,0.0023743535857647657,1.0337450362385425e-07,0.0022624724078923464,0.0007498592603951693,6.355015358394667e-08,0.0007921958458609879,0.00011962350981775671,-14.415648460388184,0.19512692093849182,0.00026647004415281117,0.19403259456157684,0.5001118183135986,7.614912465214729e-05,0.5007052421569824,0.0012448703637346625,-7.014096260070801,0.4951610863208771,5.108131153974682e-05,0.4914281368255615,0.0037329494953155518,-3.8857078552246094,0.9905691146850586,0.001160514890216291,1.0,0.009430885314941406,-2.422187566757202,0.31772977113723755,0.0011968588223680854,0.33000001311302185,0.012270241975784302,-2.3821914196014404,0.8951647877693176,1.0,0.10483521223068237,0.02964029647409916,0.0,0.02964029647409916,0.0,0.0,-21.96977996826172,1784673061.9434748,42.59358334541321,,35.980644428413925,18.683320699134676,0.0,,False,1.4956672191619873
360,0.0024313596077263355,1.0501170066845589e-07,0.0024253528099507093,0.0007652740459889174,6.316373912795825e-08,0.0008470906177535653,8.203677862184122e-05,-14.432327270507812,0.1998845934867859,0.0002639372833073139,0.1994427889585495,0.49900996685028076,7.716842083027586e-05,0.49938100576400757,0.0005769411800429225,-7.015521049499512,0.4944404065608978,5.0858096074080095e-05,0.49035847187042236,0.004081934690475464,-3.8604862689971924,0.9906452894210815,0.0011491612531244755,1.0,0.009354710578918457,-2.427347183227539,0.3169698715209961,0.001209125854074955,0.33000001311302185,0.013030141592025757,-2.3697807788848877,0.8944674134254456,1.0,0.10553258657455444,0.03050137870013714,0.0,0.03050137870013714,0.0,0.0,-21.974987030029297,1784673062.055973,42.70608162879944,,37.24731645866794,19.109511448817198,0.0,,False,1.4956672191619873
361,0.002491183113306761,1.0771911007623203e-07,0.0021162619814276695,0.000783243915066123,6.313940303925847e-08,0.000736570858862251,0.0003778150712605566,-13.803237915039062,0.20509734749794006,0.00026223048917017877,0.2033012956380844,0.4977424740791321,7.862462371122092e-05,0.49849236011505127,0.001946312258951366,-7.000951766967773,0.493634432554245,5.099249756312929e-05,0.48988112807273865,0.0037533044815063477,-3.8848462104797363,0.9907392263412476,0.0011404496617615223,1.0,0.009260773658752441,-2.4316277503967285,0.316215842962265,0.0012286255368962884,0.33000001311302185,0.013784170150756836,-2.3546676635742188,0.8931123614311218,1.0,0.10688763856887817,0.03153039515018463,0.0,0.03153039515018463,0.0,0.0,-21.34642219543457,1784673062.1413713,42.79147982597351,,37.88542365432723,19.52058908318905,0.0,,False,1.4956672191619873
362,0.0025502692442387342,1.0864797417298178e-07,0.002436678158119321,0.0007986642885953188,6.225332782605619e-08,0.0008484409190714359,0.00012401874118950218,-14.396446228027344,0.21022635698318481,0.0002589953364804387,0.20791929960250854,0.496509850025177,7.890800043242052e-05,0.4973590672016144,0.002458390546962619,-7.000241279602051,0.49281343817710876,5.0289108912693337e-05,0.48879390954971313,0.00401952862739563,-3.8692851066589355,0.9908772706985474,0.001126679708249867,1.0,0.009122729301452637,-2.438368320465088,0.3157370686531067,0.0012468260247260332,0.33000001311302185,0.014262944459915161,-2.3430590629577637,0.8922457098960876,1.0,0.10775429010391235,0.03239940106868744,0.0,0.03239940106868744,0.0,0.0,-21.93128204345703,1784673062.2485778,42.89868640899658,,39.108390698008975,19.92005811694445,0.0,,False,1.4956672191619873
363,0.0026147570461034775,1.1008130229583912e-07,0.002443399978801608,0.000818309374153614,6.153553044896398e-08,0.000846466573420912,0.00017365504754707217,-14.335159301757812,0.21604786813259125,0.00025599770015105605,0.21329595148563385,0.4953269362449646,7.929756975499913e-05,0.49569013714790344,0.0027757808566093445,-7.002821922302246,0.49203523993492126,4.9620302888797596e-05,0.4877488315105438,0.004286408424377441,-3.851477861404419,0.9909834861755371,0.0011138285044580698,1.0,0.00901651382446289,-2.44454288482666,0.3154410123825073,0.0012725376291200519,0.33000001311302185,0.014559000730514526,-2.331148386001587,0.8907655477523804,1.0,0.10923445224761963,0.03340330719947815,0.0,0.03340330719947815,0.0,0.0,-21.863155364990234,1784673062.3547933,43.00490188598633,,40.26323106322393,20.30761647374367,0.0,,False,1.4956672191619873
364,0.002667814027518034,1.1196320315320918e-07,0.0021360840182751417,0.0008369444403797388,6.120152562516523e-08,0.000738821632694453,0.0005407077842392027,-13.127925872802734,0.22114235162734985,0.0002541960566304624,0.21713365614414215,0.49428558349609375,7.981781527632847e-05,0.4947504699230194,0.004035561811178923,-6.985744476318359,0.49135321378707886,4.923564847558737e-05,0.4873312711715698,0.004021942615509033,-3.8762364387512207,0.9910747408866882,0.0011053550988435745,1.0,0.008925259113311768,-2.448821783065796,0.3153434991836548,0.0013024616055190563,0.33000001311302185,0.014656513929367065,-2.3203465938568115,0.8890021443367004,1.0,0.11099785566329956,0.03425944596529007,0.0,0.03425944596529007,0.0,0.0,-20.654640197753906,1784673062.4386973,43.08880591392517,,40.20955626120255,20.684373038398117,0.0,,False,1.4956672191619873
365,0.0027222884818911552,1.1294928015104233e-07,0.002557573141530156,0.0008524872828274965,6.045966216561283e-08,0.0008855323540046811,0.00016799737932160497,-14.341796875,0.22617530822753906,0.00025172566529363394,0.22174006700515747,0.49330079555511475,7.961600931594148e-05,0.49394819140434265,0.004482240881770849,-6.983150482177734,0.49068400263786316,4.8351466830354184e-05,0.4872913062572479,0.0033926963806152344,-3.930539846420288,0.9912543892860413,0.0010940417414531112,1.0,0.00874561071395874,-2.4550442695617676,0.3156222105026245,0.0013331283116713166,0.33000001311302185,0.014377802610397339,-2.3136425018310547,0.8867879509925842,1.0,0.11321204900741577,0.03482646867632866,0.0,0.03482646867632866,0.0,0.0,-21.893587112426758,1784673062.542733,43.19284152984619,,41.394828373854025,21.054425511026807,0.0,,False,1.4956672191619873
366,0.002783531788736582,1.1579991365806563e-07,0.002755774650722742,0.0008780451025813818,6.050925094314152e-08,0.0009490287047810853,7.621764962095767e-05,-14.41309642791748,0.23215478658676147,0.00025046273367479444,0.2263452410697937,0.4922539293766022,8.059359970502555e-05,0.4936014413833618,0.005963774863630533,-6.942626476287842,0.48999255895614624,4.8094218072947115e-05,0.4871654212474823,0.0028271377086639404,-3.9691412448883057,0.9913469552993774,0.0010868790559470654,1.0,0.008653044700622559,-2.458838701248169,0.3158133924007416,0.001376278349198401,0.33000001311302185,0.014186620712280273,-2.3021299839019775,0.8843346834182739,1.0,0.11566531658172607,0.035760391503572464,0.0,0.035760391503572464,0.0,0.0,-21.95176887512207,1784673062.6496518,43.29976034164429,,42.63828224920081,21.41296546572642,0.0,,False,1.4956672191619873
367,0.0028352225199341774,1.172086712131204e-07,0.003181743435561657,0.0008938186801970005,5.993965856987415e-08,0.0010891910642385483,0.00039780285442247987,-13.6260986328125,0.23713573813438416,0.0002486056473571807,0.23308515548706055,0.4915919303894043,8.017410436877981e-05,0.4945884346961975,0.0050384774804115295,-6.938603401184082,0.48955827951431274,4.69875885755755e-05,0.4856594204902649,0.0038988590240478516,-3.90211820602417,0.9915065169334412,0.0010769596556201577,1.0,0.008493483066558838,-2.4643759727478027,0.3158620595932007,0.001417529652826488,0.33000001311302185,0.014137953519821167,-2.289977788925171,0.8814919590950012,1.0,0.11850804090499878,0.036443185061216354,0.0,0.036443185061216354,0.0,0.0,-21.128040313720703,1784673062.774048,43.424156665802,,43.058007563146234,21.759353225449225,0.0,,False,1.4956672191619873
368,0.002881485503166914,1.1677523303887938e-07,0.0018459433922544122,0.0009037561248987913,5.8625815313462226e-08,0.0006311725010164082,0.0010708171175792813,-9.244477272033691,0.241818368434906,0.000245590548729524,0.23673732578754425,0.4912800192832947,7.860147161409259e-05,0.49210670590400696,0.005147854331880808,-6.986697196960449,0.4893344044685364,4.514552347245626e-05,0.4827245771884918,0.006609827280044556,-3.5999932289123535,0.9919332265853882,0.0010599183151498437,1.0,0.008066773414611816,-2.4751460552215576,0.3159915804862976,0.0014590349746868014,0.33000001311302185,0.014008432626724243,-2.2788031101226807,0.8794248700141907,1.0,0.12057512998580933,0.03710208460688591,0.0,0.03710208460688591,0.0,0.0,-16.633832931518555,1784673062.8583117,43.50842022895813,,38.983525494889506,22.09456630636954,0.0,,False,1.4956672191619873
369,0.0029171740170568228,1.1860843329714044e-07,0.002827768214046955,0.0009117373265326023,5.87085224879047e-08,0.0009628429543226957,0.00010298147390130907,-14.405241966247559,0.24484823644161224,0.00024554887204431,0.23965789377689362,0.4907538890838623,7.903420191723853e-05,0.4903632700443268,0.005205020774155855,-6.985123634338379,0.4889461398124695,4.493754750001244e-05,0.48357734084129333,0.0053687989711761475,-3.765467882156372,0.9920799732208252,0.001056301174685359,1.0,0.007920026779174805,-2.477860927581787,0.3165609836578369,0.0014966016169637442,0.33000001311302185,0.013439029455184937,-2.2730014324188232,0.876636266708374,1.0,0.12336373329162598,0.03720691055059433,0.0,0.03720691055059433,0.0,0.0,-21.876075744628906,1784673062.9429548,43.59306335449219,,40.15128623974313,22.423977709585998,0.0,,False,1.4956672191619873
370,0.0029581300914287567,1.2090146128684864e-07,0.002979143289849162,0.0009252286981791258,5.885767606628178e-08,0.0010069285053759813,8.435883501078933e-05,-14.391809463500977,0.24886631965637207,0.00024529427173547447,0.24477221071720123,0.49030908942222595,7.958177593536675e-05,0.49029502272605896,0.004094133153557777,-7.003843784332275,0.4886218011379242,4.459068804862909e-05,0.4847395420074463,0.0038822591304779053,-3.921050786972046,0.9921784996986389,0.0010525829857215285,1.0,0.007821500301361084,-2.480255603790283,0.3171335458755493,0.0015505723422393203,0.33000001311302185,0.012866467237472534,-2.262244939804077,0.8746161460876465,1.0,0.12538385391235352,0.03785083070397377,0.0,0.03785083070397377,0.0,0.0,-21.95541000366211,1784673063.0559437,43.70605230331421,,41.398381243629956,22.74263262018771,0.0,,False,1.4956672191619873
371,0.0030049169436097145,1.2369243052035017e-07,0.0024899765849113464,0.0009336313232779503,5.90138284906061e-08,0.000838145730085671,0.0005237184814177454,-13.288488388061523,0.25307416915893555,0.0002453705237712711,0.2484414130449295,0.4900408983230591,7.953974272822961e-05,0.4903407692909241,0.004642450716346502,-6.9938201904296875,0.4884139597415924,4.3786767491837963e-05,0.48459428548812866,0.003819674253463745,-3.932548761367798,0.9922477006912231,0.0010495734168216586,1.0,0.0077522993087768555,-2.4821176528930664,0.3175686001777649,0.0016154139302670956,0.33000001311302185,0.012431412935256958,-2.2473106384277344,0.8709835410118103,1.0,0.1290164589881897,0.038513101637363434,0.0,0.038513101637363434,0.0,0.0,-20.84981918334961,1784673063.1407437,43.790852308273315,,41.53988542720428,23.04635322941308,0.0,,False,1.4956672191619873
372,0.0030460671987384558,1.2607010546616948e-07,0.0029974509961903095,0.0009443445596843958,5.9152664988459946e-08,0.00100267818197608,7.593646296299994e-05,-14.388772964477539,0.2567371129989624,0.00024534642579965293,0.2529328167438507,0.4896240234375,8.001692913239822e-05,0.4882794916629791,0.004034901969134808,-6.994388580322266,0.48809459805488586,4.337424616096541e-05,0.4832739233970642,0.004820674657821655,-3.8359954357147217,0.9925141334533691,0.0010453136637806892,1.0,0.007485866546630859,-2.485976219177246,0.31809860467910767,0.0016710258787497878,0.33000001311302185,0.011901408433914185,-2.235837936401367,0.8684946894645691,1.0,0.1315053105354309,0.03892797231674194,0.0,0.03892797231674194,0.0,0.0,-21.902280807495117,1784673063.2467668,43.89687538146973,,42.73385123492412,23.33860113661208,0.0,,False,1.4956672191619873
373,0.0030895587988197803,1.291073914444496e-07,0.0030152995605021715,0.0009575376752763987,5.949189940679389e-08,0.0009990702383220196,8.50845972308889e-05,-14.376293182373047,0.26079052686691284,0.0002456945658195764,0.25748634338378906,0.4892464876174927,8.09372213552706e-05,0.4897471070289612,0.00334189273416996,-7.004985809326172,0.4878123700618744,4.3173935409868136e-05,0.48202449083328247,0.005787879228591919,-3.718238115310669,0.9926764965057373,0.0010426797671243548,1.0,0.007323503494262695,-2.4883227348327637,0.3186352252960205,0.0017400338547304273,0.33000001311302185,0.011364787817001343,-2.2208733558654785,0.8664014339447021,1.0,0.13359856605529785,0.039670854806900024,0.0,0.039670854806900024,0.0,0.0,-21.839401245117188,1784673063.3507721,44.0008807182312,,43.86493748026602,23.615884463275194,0.0,,False,1.4956672191619873
374,0.003134780330583453,1.3199159809573757e-07,0.003135912586003542,0.0009706807322800159,5.97432574522827e-08,0.001027610502205789,5.694102947018109e-05,-14.371862411499023,0.26506152749061584,0.00024573650443926454,0.26277825236320496,0.4888805150985718,8.168345084413886e-05,0.4894658327102661,0.0023571045603603125,-7.0113725662231445,0.4874972999095917,4.280063876649365e-05,0.4822469651699066,0.005250334739685059,-3.7885117530822754,0.9928555488586426,0.0010401341132819653,1.0,0.007144451141357422,-2.490727663040161,0.3191070258617401,0.0018161028856411576,0.33000001311302185,0.010892987251281738,-2.2039246559143066,0.8642107844352722,1.0,0.13578921556472778,0.04050051048398018,0.0,0.04050051048398018,0.0,0.0,-21.87521743774414,1784673063.4551303,44.105238914489746,,45.03183991823488,23.876219089987135,0.0,,False,1.4956672191619873
375,0.0031769429333508015,1.3449273694732256e-07,0.002576274098828435,0.0009783694986253977,5.98826375153294e-08,0.0008397506317123771,0.0006164562073536217,-12.886651992797852,0.2689407467842102,0.00024581828620284796,0.2665378153324127,0.4887062609195709,8.195058035198599e-05,0.4891386032104492,0.0024415156804025173,-7.009393692016602,0.487312376499176,4.221074777888134e-05,0.4829179644584656,0.004394412040710449,-3.8887360095977783,0.9930983185768127,0.0010377480648458004,1.0,0.006901681423187256,-2.493462562561035,0.31971460580825806,0.0018967336509376764,0.33000001311302185,0.010285407304763794,-2.1869850158691406,0.8620124459266663,1.0,0.13798755407333374,0.04126368835568428,0.0,0.04126368835568428,0.0,0.0,-20.438535690307617,1784673063.5384388,44.18854737281799,,44.762060608767214,24.11961407665391,0.0,,False,1.4956672191619873
376,0.0032171267084777355,1.3759981243310904e-07,0.0020489965099841356,0.000986267812550068,6.033767618873753e-08,0.0006640406209044158,0.0012117584701627493,-8.554503440856934,0.27246907353401184,0.0002465699799358845,0.2710381746292114,0.4884629249572754,8.250340033555403e-05,0.48959147930145264,0.0018223903607577085,-7.005520343780518,0.4870796501636505,4.18693307437934e-05,0.4840872287750244,0.0029924213886260986,-4.0146050453186035,0.9933468103408813,0.0010363142937421799,1.0,0.006653189659118652,-2.4957468509674072,0.3206383287906647,0.001972405705600977,0.33000001311302185,0.009361684322357178,-2.173095226287842,0.8593145608901978,1.0,0.14068543910980225,0.04156685620546341,0.0,0.04156685620546341,0.0,0.0,-16.166223526000977,1784673063.632516,44.28262448310852,,40.21996913499291,24.349119273739387,0.0,,False,1.4956672191619873
377,0.003254575887694955,1.400286748776125e-07,0.004434012342244387,0.0009956259746104479,6.064324509225116e-08,0.001442090724594891,0.001261110999621451,-7.751399040222168,0.27575910091400146,0.00024690284044481814,0.27553629875183105,0.48819437623023987,8.287476521218196e-05,0.4907514452934265,0.002566757146269083,-6.974921226501465,0.4868265390396118,4.149687447352335e-05,0.4852847754955292,0.0015417635440826416,-4.0973663330078125,0.9937925934791565,0.0010311407968401909,1.0,0.006207406520843506,-2.5009219646453857,0.321918785572052,0.0020337628666311502,0.33000001311302185,0.008081227540969849,-2.1639394760131836,0.856567919254303,1.0,0.14343208074569702,0.04122395068407059,0.0,0.04122395068407059,0.0,0.0,-15.380019187927246,1784673063.7478027,44.39791131019592,,34.89167332314487,24.569468720550205,0.0,,False,1.4956672191619873
378,0.0033132266253232956,1.4614080612318503e-07,0.003307682927697897,0.0010073815938085318,6.181781486702675e-08,0.0010756105184555054,6.845377356512472e-05,-14.293249130249023,0.28129521012306213,0.000249206816079095,0.2799118161201477,0.4882930517196655,8.365257963305339e-05,0.4920808672904968,0.00403253361582756,-6.915559768676758,0.4867953062057495,4.1059051000047475e-05,0.48679372668266296,1.5795230865478516e-06,-4.131310939788818,0.9937610626220703,0.0010356102138757706,1.0,0.0062389373779296875,-2.4986507892608643,0.3226013481616974,0.002173901302739978,0.3296777307987213,0.007076382637023926,-2.135160207748413,0.8545305132865906,1.0,0.14546948671340942,0.04287881404161453,0.0,0.04287881404161453,0.0,0.0,-21.8913516998291,1784673063.8523583,44.502466917037964,,36.07471002319869,24.761038899096253,0.0,,False,1.4956672191619873
379,0.003360723378136754,1.5040839684843377e-07,0.0034079577308148146,0.0010131634771823883,6.250658657336317e-08,0.0011015962809324265,0.00010025688970927149,-14.24110221862793,0.28543761372566223,0.000250586454058066,0.28496086597442627,0.4883420765399933,8.378277561860159e-05,0.49104881286621094,0.0027484013698995113,-6.957441806793213,0.4867246150970459,4.0505488868802786e-05,0.48679372668266296,6.911158561706543e-05,-4.138038635253906,0.9938514232635498,0.0010382076725363731,1.0,0.006148576736450195,-2.4979841709136963,0.3234999477863312,0.002288232557475567,0.33000001311302185,0.006500065326690674,-2.1118171215057373,0.8522032499313354,1.0,0.14779675006866455,0.04351641982793808,0.0,0.04351641982793808,0.0,0.0,-21.876075744628906,1784673063.9569776,44.607086181640625,,37.242470768052314,24.929265991399625,0.0,,False,1.4956672191619873
380,0.0034100832417607307,1.552630379819675e-07,0.003103213617578149,0.0010179642122238874,6.32975485359566e-08,0.0009979818714782596,0.0003075195418205112,-13.982494354248047,0.28954365849494934,0.00025243882555514574,0.2885946035385132,0.48844391107559204,8.402109961025417e-05,0.48406314849853516,0.004482386168092489,-6.880526542663574,0.4866992235183716,4.0117924072546884e-05,0.4765414297580719,0.010157793760299683,-2.8569366931915283,0.9937950968742371,0.0010431990958750248,1.0,0.0062049031257629395,-2.4953396320343018,0.324489563703537,0.0024229148402810097,0.32935547828674316,0.004865914583206177,-2.0875673294067383,0.8499531745910645,1.0,0.15004682540893555,0.044256627559661865,0.0,0.044256627559661865,0.0,0.0,-20.91538429260254,1784673064.0513601,44.70146870613098,,37.44954006087957,25.073243291603998,0.0,,False,1.4956672191619873
381,0.003458756720647216,1.6241901334979048e-07,0.0035267206840217113,0.0010264571756124496,6.472969005244522e-08,0.0011302722850814462,0.00012408335169311613,-14.157718658447266,0.29322418570518494,0.00025583227397874,0.2938993275165558,0.48825204372406006,8.568706834921613e-05,0.47687920928001404,0.011392856016755104,-6.224399566650391,0.48647835850715637,4.064064705744386e-05,0.47608107328414917,0.010397285223007202,-2.8064393997192383,0.9930640459060669,0.0010592869948595762,1.0,0.0069359540939331055,-2.483433723449707,0.3244805932044983,0.002587725408375263,0.33000001311302185,0.00551941990852356,-2.0536630153656006,0.8480743765830994,1.0,0.15192562341690063,0.04582257196307182,0.0,0.04582257196307182,0.0,0.0,-20.540456771850586,1784673064.1561213,44.80622982978821,,37.281681832954874,25.183316277767233,0.0,,False,1.4956672191619873
382,0.0035144027788192034,1.7238912164430076e-07,0.0028710057958960533,0.001039477065205574,6.709404942739638e-08,0.0009130228427238762,0.0006557059823535383,-12.887642860412598,0.29767635464668274,0.0002603655739221722,0.2977049648761749,0.4878748953342438,8.852870087139308e-05,0.47870877385139465,0.009166166186332703,-6.480401992797852,0.4861263632774353,4.185991201666184e-05,0.47978705167770386,0.006339311599731445,-3.6416358947753906,0.9917333722114563,0.0010918910847976804,1.0,0.008266627788543701,-2.459690570831299,0.32460179924964905,0.0028501558117568493,0.33000001311302185,0.005398213863372803,-2.0061402320861816,0.8464889526367188,1.0,0.15351104736328125,0.04846630617976189,0.0,0.04846630617976189,0.0,0.0,-19.89278221130371,1784673064.238946,44.88905453681946,,36.4661490444833,25.24586648065105,0.0,,False,1.4956672191619873
383,0.0035728691145777702,1.7863331436274166e-07,0.003543740836903453,0.0010537460912019014,6.80962202181945e-08,0.0011122593423351645,6.536250293720514e-05,-14.154746055603027,0.3023877441883087,0.0002618446887936443,0.3022647798061371,0.48747169971466064,9.009699715534225e-05,0.4822947382926941,0.00517842173576355,-6.794551372528076,0.4857622981071472,4.23141464125365e-05,0.48134738206863403,0.004414916038513184,-3.885936975479126,0.9912269115447998,0.0011080069234594703,1.0,0.008773088455200195,-2.448925733566284,0.3255450427532196,0.0031185185071080923,0.3296777307987213,0.004132688045501709,-1.9635217189788818,0.8441644310951233,1.0,0.1558355689048767,0.049863915890455246,0.0,0.049863915890455246,0.0,0.0,-21.533355712890625,1784673064.3432178,44.99332642555237,,37.291189757598644,25.265798170427566,0.0,,False,1.4956672191619873
384,0.003765137866139412,1.9068849610448524e-07,0.0036036616656929255,0.0010810282547026873,7.048706152090745e-08,0.0011186461197212338,0.00016580008377786726,-14.053945541381836,0.3142201602458954,0.00025680253747850657,0.3068164587020874,0.48431771993637085,8.856466592987999e-05,0.4835236370563507,0.0074461642652750015,-6.851327896118164,0.4855450391769409,4.0075181459542364e-05,0.4804254472255707,0.005119591951370239,-3.81642484664917,0.9933106303215027,0.0009919179137796164,1.0,0.0066893696784973145,-2.5164406299591064,0.328417032957077,0.0032062828540802,0.33000001311302185,0.0015829801559448242,-1.951992154121399,0.6416288018226624,1.0,0.35837119817733765,0.0205184668302536,0.0,0.0205184668302536,0.0,0.0,-21.443220138549805,1784673064.4482045,45.098313093185425,,38.026094896373166,25.2742002953466,0.0,,False,1.4956672191619873
385,0.0038164136931300163,1.9388942007481091e-07,0.0037120997440069914,0.0010865665972232819,7.045903771540907e-08,0.001148699433542788,0.00012141618208261207,-14.06877326965332,0.3181571364402771,0.00025661138352006674,0.31225326657295227,0.4842366874217987,8.847747085383162e-05,0.48399123549461365,0.0059089697897434235,-6.894222259521484,0.48540017008781433,3.98425581806805e-05,0.4803096055984497,0.005090564489364624,-3.82114577293396,0.9931820631027222,0.0009959605522453785,1.0,0.006817936897277832,-2.5136265754699707,0.3315945863723755,0.0035005321260541677,0.33000001311302185,0.0015945732593536377,-1.908118486404419,0.6391610503196716,1.0,0.36083894968032837,0.02088930644094944,0.0,0.02088930644094944,0.0,0.0,-21.49472427368164,1784673064.5529697,45.203078269958496,,38.812504170279524,25.238728752548653,0.0,,False,1.4956672191619873
386,0.003868520725518465,1.9674089912768977e-07,0.003351593855768442,0.00109609414357692,7.039346172632577e-08,0.001025948440656066,0.0005216644494794309,-13.403346061706543,0.3223212957382202,0.0002563457819633186,0.3159957528114319,0.4841422736644745,8.861957030603662e-05,0.4841412901878357,0.00632554292678833,-6.884149074554443,0.4852462112903595,3.965043288189918e-05,0.48064807057380676,0.004598140716552734,-3.8821492195129395,0.993183970451355,0.0009996811859309673,1.0,0.0068160295486450195,-2.51186203956604,0.3349345624446869,0.003812632290646434,0.3296777307987213,0.005256831645965576,-1.8621551990509033,0.6409410834312439,1.0,0.3590589165687561,0.021538956090807915,0.0,0.021538956090807915,0.0,0.0,-20.85173988342285,1784673064.647084,45.29719257354736,,38.95592905392709,25.15729392239719,0.0,,False,1.4956672191619873
387,0.003909154795110226,1.9860765121393342e-07,0.003827309003099799,0.0010971357114613056,7.023275117035155e-08,0.001160713261924684,0.00010363801993662491,-14.068174362182617,0.32534822821617126,0.00025626050774008036,0.32047098875045776,0.4842160940170288,8.81092346389778e-05,0.48381108045578003,0.004894027020782232,-6.917903900146484,0.48518434166908264,3.9242830098373815e-05,0.4816148579120636,0.003569483757019043,-3.991594076156616,0.9930627346038818,0.001005201251246035,1.0,0.006937265396118164,-2.5084068775177,0.33776727318763733,0.004090332426130772,0.3296777307987213,0.008089542388916016,-1.8226264715194702,0.6399260759353638,1.0,0.36007392406463623,0.02196502685546875,0.0,0.02196502685546875,0.0,0.0,-21.59829330444336,1784673064.7430258,45.393134355545044,,39.84590735859517,25.036330364714296,0.0,,False,1.4956672191619873
388,0.0039571067318320274,2.021442639943416e-07,0.004446797538548708,0.0011031579924747348,7.047945160820746e-08,0.0013363586040213704,0.0005423832917585969,-13.124300003051758,0.32907700538635254,0.0002571652003098279,0.3271506726741791,0.4842795133590698,8.809813880361617e-05,0.48465463519096375,0.001962517388164997,-6.955534934997559,0.4851299524307251,3.8993512134766206e-05,0.4817075729370117,0.003422379493713379,-4.006931304931641,0.9930521249771118,0.001009825267829001,1.0,0.006947875022888184,-2.50614857673645,0.3406248092651367,0.004410349763929844,0.3296777307987213,0.010947078466415405,-1.7793761491775513,0.6411123871803284,1.0,0.35888761281967163,0.022748718038201332,0.0,0.022748718038201332,0.0,0.0,-20.69219398498535,1784673064.8692698,45.519378423690796,,39.82978634380524,24.87211648468948,0.0,,False,1.4956672191619873
389,0.004007402807474136,2.0592089811088954e-07,0.003858193289488554,0.0011064751306548715,7.071720631302014e-08,0.0011464727576822042,0.00015447747136931866,-14.026927947998047,0.3329199254512787,0.00025849571102298796,0.33086422085762024,0.4845148026943207,8.796173642622307e-05,0.4846509099006653,0.0020602054428309202,-6.953463554382324,0.48516300320625305,3.864350946969353e-05,0.4820850193500519,0.003077983856201172,-4.039045333862305,0.9931297302246094,0.001014142413623631,1.0,0.006870269775390625,-2.5046463012695312,0.34320613741874695,0.0047653294168412685,0.3296777307987213,0.013528406620025635,-1.7350528240203857,0.6445034742355347,1.0,0.35549652576446533,0.023979879915714264,0.0,0.023979879915714264,0.0,0.0,-21.609222412109375,1784673064.9634008,45.6135094165802,,40.73069375613933,24.663579279507502,0.0,,False,1.4956672191619873
390,0.00405137799680233,2.0866033878519374e-07,0.0035746667999774218,0.0011074909707531333,7.080667785430705e-08,0.0010561321396380663,0.00047946980339474976,-13.52187728881836,0.3361612856388092,0.0002594726101960987,0.33532464504241943,0.48474910855293274,8.748553955228999e-05,0.48515188694000244,0.000928546127397567,-6.9602952003479,0.48520028591156006,3.817245669779368e-05,0.4826090633869171,0.0025912225246429443,-4.079810619354248,0.9932946562767029,0.0010160122765228152,1.0,0.006705343723297119,-2.5048701763153076,0.34552446007728577,0.005059922579675913,0.32935547828674316,0.016168981790542603,-1.6984295845031738,0.6471565961837769,1.0,0.35284340381622314,0.024948887526988983,0.0,0.024948887526988983,0.0,0.0,-21.130020141601562,1784673065.064554,45.71466255187988,,41.15239889796561,24.41841883480831,0.0,,False,1.4956672191619873
391,0.004096446558833122,2.130942533540292e-07,0.0035328867379575968,0.001116013154387474,7.143081148797137e-08,0.0010368807706981897,0.0005690883845090866,-13.28111457824707,0.339783251285553,0.00026148316101171076,0.33903512358665466,0.48477187752723694,8.764994709054008e-05,0.4854394793510437,0.0010026900563389063,-6.954159736633301,0.4851084351539612,3.79875855287537e-05,0.4826960563659668,0.0024123787879943848,-4.093588829040527,0.9936115741729736,0.0010136559139937162,1.0,0.006388425827026367,-2.508026123046875,0.34802836179733276,0.005309334956109524,0.33000001311302185,0.018028348684310913,-1.6695973873138428,0.6510974764823914,1.0,0.34890252351760864,0.025820521637797356,0.0,0.025820521637797356,0.0,0.0,-20.891237258911133,1784673065.1484213,45.798529863357544,,41.33532115710146,24.144426192919788,0.0,,False,1.4956672191619873
392,0.004134758375585079,2.1650687642704725e-07,0.0033989683724939823,0.00111879943870008,7.185666817122183e-08,0.0009944145567715168,0.0007462295470759273,-12.701309204101562,0.3427483141422272,0.00026311384863220155,0.34292903542518616,0.4848870038986206,8.747261017560959e-05,0.4860210716724396,0.0011483770795166492,-6.948263645172119,0.4850689768791199,3.7695139326388016e-05,0.48321250081062317,0.001856476068496704,-4.128335952758789,0.9939010739326477,0.0010116953635588288,1.0,0.006098926067352295,-2.510741710662842,0.34985387325286865,0.005529230460524559,0.33000001311302185,0.019853860139846802,-1.6442700624465942,0.6539533734321594,1.0,0.3460466265678406,0.02665872871875763,0.0,0.02665872871875763,0.0,0.0,-20.32408905029297,1784673065.242568,45.89267659187317,,40.95109520761915,23.845106226164017,0.0,,False,1.4956672191619873
393,0.004169288091361523,2.192633701270097e-07,0.004134181421250105,0.0011202454334124923,7.216561215273032e-08,0.0011992622166872025,8.646461355965585e-05,-14.00469970703125,0.34542736411094666,0.00026439217617735267,0.3475891053676605,0.48499828577041626,8.716986485524103e-05,0.48653724789619446,0.0026535880751907825,-6.932564735412598,0.48503050208091736,3.7366593460319564e-05,0.4834349751472473,0.001595526933670044,-4.144364356994629,0.9941957592964172,0.0010090175783261657,1.0,0.005804240703582764,-2.513756275177002,0.35139378905296326,0.005718360189348459,0.33000001311302185,0.021393775939941406,-1.6230783462524414,0.656370997428894,1.0,0.34362900257110596,0.027417650446295738,0.0,0.027417650446295738,0.0,0.0,-21.62293243408203,1784673065.3478436,45.9979522228241,,41.865712641925896,23.524594543214093,0.0,,False,1.4956672191619873
394,0.004206279292702675,2.2352284645421605e-07,0.004209484439343214,0.0011228462681174278,7.279363245515924e-08,0.001212550327181816,8.976129902293906e-05,-13.981522560119629,0.348355770111084,0.00026658567367121577,0.35224270820617676,0.48516130447387695,8.724928193259984e-05,0.4864959716796875,0.004109698813408613,-6.911855697631836,0.4850258529186249,3.718569496413693e-05,0.4834366738796234,0.0015891790390014648,-4.146896839141846,0.9944607019424438,0.001008537714369595,1.0,0.005539298057556152,-2.5154762268066406,0.3523852229118347,0.005958533845841885,0.33000001311302185,0.022385209798812866,-1.6004782915115356,0.6614387035369873,1.0,0.3385612964630127,0.028842398896813393,0.0,0.028842398896813393,1.0,0.0,-21.584455490112305,1784673065.4428885,46.0929970741272,,42.74185313226292,23.181482805523263,0.0,,False,1.4956672191619873
395,0.004369714297354221,2.441424840071704e-07,0.004907264839857817,0.0010967496782541275,7.492100451145234e-08,0.001406522816978395,0.0006204192177392542,-12.746105194091797,0.361311674118042,0.0002714813454076648,0.359114408493042,0.4850884675979614,8.850945596350357e-05,0.484770268201828,0.002220186172053218,-6.924668312072754,0.4844655692577362,3.61071179213468e-05,0.4837643504142761,0.000701218843460083,-4.188762187957764,1.0047169923782349,0.0009561779443174601,1.0,0.004716992378234863,-2.5457100868225098,0.3398250937461853,0.00846430566161871,0.33000001311302185,0.009825080633163452,-1.4613078832626343,0.6857866048812866,1.0,0.3142133951187134,0.044268760830163956,0.0,0.044268760830163956,1.0,0.0,-20.380220413208008,1784673065.5678144,46.2179229259491,,42.41375854569564,22.699200659583532,0.0,,False,1.4956672191619873
396,0.0044053224846720695,2.603561313208047e-07,0.0037943178322166204,0.0010921889916062355,7.80986866288913e-08,0.0010759198339655995,0.0006112212431617081,-13.2067289352417,0.3658139705657959,0.0002808246645145118,0.3628956079483032,0.48534199595451355,8.830351725919172e-05,0.48414188623428345,0.003155487822368741,-6.895059585571289,0.4846409261226654,3.500555612845346e-05,0.4839141070842743,0.0007268190383911133,-4.203517913818359,1.0042628049850464,0.0009785664733499289,1.0,0.004262804985046387,-2.5364878177642822,0.326973557472229,0.009366555139422417,0.3296777307987213,0.0027041733264923096,-1.4159760475158691,0.700530469417572,1.0,0.299469530582428,0.053247254341840744,0.0,0.053247254341840744,1.0,0.0,-20.824535369873047,1784673065.6539917,46.30410027503967,,42.52997891579341,22.171586677897036,0.0,,False,1.4956672191619873
397,0.004446515813469887,2.657925790572335e-07,0.003737772349268198,0.001088553573936224,7.874493945791983e-08,0.001050383085384965,0.0007097705965861678,-12.956729888916016,0.36928725242614746,0.0002841893583536148,0.36592206358909607,0.48492178320884705,8.735425217309967e-05,0.48423561453819275,0.0034344319719821215,-6.895208358764648,0.4844217002391815,3.3976939448621124e-05,0.48395606875419617,0.00046563148498535156,-4.222784996032715,1.003401756286621,0.001001241384074092,1.0,0.0034017562866210938,-2.5285401344299316,0.3194132447242737,0.010082831606268883,0.3296777307987213,0.010264486074447632,-1.3742972612380981,0.7114608883857727,1.0,0.2885391116142273,0.059767019003629684,0.0,0.059767019003629684,1.0,0.0,-20.58428955078125,1784673065.7503548,46.400463342666626,,42.405953466799374,21.60229390993277,0.0,,False,1.4956672191619873
398,0.0044875601306557655,2.6918743856185756e-07,0.004492444917559624,0.0010817148722708225,7.872422713717242e-08,0.001254423288628459,0.00017277747974731028,-13.715217590332031,0.372306227684021,0.00028611411107704043,0.3712303638458252,0.48461341857910156,8.605044422438368e-05,0.48436301946640015,0.0011046187719330192,-6.919583797454834,0.4842491149902344,3.293938061688095e-05,0.4838573932647705,0.0003917217254638672,-4.239152908325195,1.0024811029434204,0.0010186814470216632,1.0,0.00248110294342041,-2.522662878036499,0.31294533610343933,0.010756580159068108,0.33000001311302185,0.01705467700958252,-1.3336600065231323,0.71896892786026,1.0,0.28103107213974,0.06544328480958939,0.0,0.06544328480958939,1.0,0.0,-21.370460510253906,1784673065.8562229,46.50633144378662,,43.068098977278,20.992363887253536,0.0,,False,1.4956672191619873
399,0.004522126168012619,2.694980878459319e-07,0.003684229450300336,0.0010732609080150723,7.800523604828413e-08,0.0010181396501138806,0.0008397078490816057,-12.586690902709961,0.37490159273147583,0.00028651405591517687,0.3750747740268707,0.48448729515075684,8.444179547950625e-05,0.4843396246433258,0.00022759247804060578,-6.9305267333984375,0.4841732680797577,3.177116741426289e-05,0.4838573932647705,0.0003158748149871826,-4.257966995239258,1.001833438873291,0.0010330646764487028,1.0,0.0018334388732910156,-2.51704740524292,0.306690514087677,0.011391050182282925,0.33000001311302185,0.02330949902534485,-1.2946760654449463,0.7294824719429016,0.0,0.7294824719429016,0.07205846160650253,0.0,0.07205846160650253,1.0,0.0,-20.26009750366211,1784673065.9398234,46.58993196487427,,42.619881481164825,20.343449923496117,0.0,,False,1.4956672191619873
400,0.004610596224665642,2.7607177344179945e-07,0.0029437276534736156,0.001075059175491333,7.850553629396018e-08,0.0008102846913971007,0.0016877666348591447,-8.41485595703125,0.3802173435688019,0.00028932635905221105,0.3797149360179901,0.4840337932109833,8.196229464374483e-05,0.48622968792915344,0.002252635546028614,-6.910873889923096,0.48380544781684875,2.9612101570819505e-05,0.4843175709247589,0.0005121231079101562,-4.29029655456543,1.0023155212402344,0.0010113492608070374,1.0,0.002315521240234375,-2.5266456604003906,0.28983718156814575,0.011841697618365288,0.33000001311302185,0.0401628315448761,-1.2310165166854858,0.7406957149505615,0.0,0.7406957149505615,0.08576837182044983,0.0,0.08576837182044983,1.0,0.0,-16.088703155517578,1784673066.037468,46.68757653236389,,38.00026963690712,19.630876410979237,0.0,,False,1.4956672191619873
401,0.004652565345168114,2.756197261533089e-07,0.004076533950865269,0.001075865002349019,7.791890510588928e-08,0.001106445211917162,0.0005768425762653351,-13.290103912353516,0.38396841287612915,0.0002913889184128493,0.38506630063056946,0.4844198524951935,7.886152161518112e-05,0.4863146245479584,0.0021898671984672546,-6.931626319885254,0.4840664565563202,2.800438232952729e-05,0.48462361097335815,0.0005571544170379639,-4.317093849182129,1.002103567123413,0.0010050063719972968,1.0,0.002103567123413086,-2.530240535736084,0.28621628880500793,0.011959963478147984,0.33000001311302185,0.043783724308013916,-1.214013695716858,0.7502880692481995,0.0,0.7502880692481995,0.09191544353961945,0.0,0.09191544353961945,1.0,0.0,-20.99395179748535,1784673066.141404,46.79151248931885,,38.28590643461719,18.90130007749373,0.0,,False,1.4956672191619873
402,0.004696567542850971,2.8333283808024134e-07,0.006425551138818264,0.0010760047007352114,7.918349353985832e-08,0.001728225965052843,0.0018479115096852183,-5.914681434631348,0.3879644274711609,0.0002976133255288005,0.3888264000415802,0.48475170135498047,7.691961218370125e-05,0.48497888445854187,0.0008914083591662347,-6.9567718505859375,0.4843343198299408,2.687493179109879e-05,0.4850784242153168,0.0007441043853759766,-4.332918643951416,1.0016305446624756,0.0010015550069510937,1.0,0.001630544662475586,-2.532834768295288,0.28399407863616943,0.01209977176040411,0.3296777307987213,0.04568365216255188,-1.2021048069000244,0.7574887871742249,0.0,0.7574887871742249,0.0979844331741333,0.0,0.0979844331741333,1.0,0.0,-13.646557807922363,1784673066.2364902,46.88659882545471,,31.22414924276427,18.15981485519139,0.0,,False,1.4956672191619873
403,0.004748840816318989,3.016992025095533e-07,0.004701051861047745,0.0010729340137913823,8.260303729912266e-08,0.001247199485078454,0.00018069930956698954,-13.636043548583984,0.3925754725933075,0.000309259892674163,0.3933306932449341,0.48522359132766724,7.619924144819379e-05,0.48487308621406555,0.0008325935923494399,-6.942137718200684,0.4846401512622833,2.627464709803462e-05,0.4853364825248718,0.000696331262588501,-4.345287322998047,1.000626564025879,0.001005280762910843,1.0,0.0006265640258789062,-2.5321104526519775,0.2807130515575409,0.012531972490251064,0.32838866114616394,0.04767560958862305,-1.180111050605774,0.7647170424461365,0.0,0.7647170424461365,0.10725434124469757,0.0,0.10725434124469757,1.0,0.0,-21.362398147583008,1784673066.3416147,46.99172329902649,,31.878232390571995,17.396335876594797,0.0,,False,1.4956672191619873
404,0.0048648640513420105,3.653100009159971e-07,0.0047556268982589245,0.0010917815379798412,9.704705661306434e-08,0.0012470243964344263,0.00018982386973220855,-13.506916046142578,0.40255096554756165,0.00034010293893516064,0.397755891084671,0.48857444524765015,8.376136975130066e-05,0.48703867197036743,0.005035011097788811,-6.801141738891602,0.48531612753868103,2.765721728792414e-05,0.48542600870132446,0.00010988116264343262,-4.328654766082764,0.9907962083816528,0.0011260351166129112,1.0,0.009203791618347168,-2.437973737716675,0.21216614544391632,0.01702842116355896,0.3055078089237213,0.09334166347980499,-0.8616701364517212,0.7476569414138794,0.0,0.7476569414138794,0.19466188549995422,0.0,0.19466188549995422,1.0,0.0,-21.112157821655273,1784673066.446443,47.09655165672302,,32.282075212451986,16.31441598384415,0.0,,False,1.4956672191619873
405,0.0048980144783854485,3.729832656063081e-07,0.0048348018899559975,0.0010883831419050694,9.815666857093674e-08,0.0012586810626089573,0.00018165135406889021,-13.478252410888672,0.40564507246017456,0.0003431467339396477,0.4022423028945923,0.4886208772659302,8.337180042872205e-05,0.4880753457546234,0.0034462218172848225,-6.828243255615234,0.4852626919746399,2.7075488105765544e-05,0.48564404249191284,0.0003813505172729492,-4.336816787719727,0.9898480772972107,0.0011387118138372898,1.0,0.010151922702789307,-2.424736738204956,0.20579233765602112,0.017475852742791176,0.3211376965045929,0.11534535884857178,-0.7238737344741821,0.7504947185516357,0.0,0.7504947185516357,0.2090321034193039,0.0,0.2090321034193039,1.0,0.0,-21.109256744384766,1784673066.5511715,47.20128011703491,,32.68301695706147,15.094699689115965,0.0,,False,1.4956672191619873
406,0.004931379109621048,3.765244400710799e-07,0.005232788156718016,0.0010802778415381908,9.821790314390455e-08,0.0013418247690424323,0.00039906668826006353,-13.157423973083496,0.4086053967475891,0.00034482107730582356,0.4075281322002411,0.48869019746780396,8.26448158477433e-05,0.48911723494529724,0.0011588182533159852,-6.8460588455200195,0.4852282702922821,2.651203794812318e-05,0.48576849699020386,0.0005402266979217529,-4.344512939453125,0.9893263578414917,0.0011399019276723266,1.0,0.0106736421585083,-2.4194960594177246,0.20187272131443024,0.01772308722138405,0.32838866114616394,0.1265159398317337,-0.6459391117095947,0.7536001205444336,0.0,0.7536001205444336,0.2196778804063797,0.0,0.2196778804063797,1.0,0.0,-20.806528091430664,1784673066.6580195,47.308128118515015,,32.78123004871685,13.797048771623192,0.0,,False,1.4956672191619873
407,0.004962039180099964,3.7991418366800644e-07,0.004082842729985714,0.001069159945473075,9.843691373134789e-08,0.0010409720707684755,0.0008796481997705996,-12.59935474395752,0.41128116846084595,0.0003460736770648509,0.41130903363227844,0.48885396122932434,8.187402272596955e-05,0.4892538785934448,0.00040088698733597994,-6.850738525390625,0.48523905873298645,2.594193756522145e-05,0.4862644672393799,0.0010254085063934326,-4.340620517730713,0.9889670610427856,0.0011371609289199114,1.0,0.011032938957214355,-2.417149782180786,0.19860155880451202,0.017726212739944458,0.33000001311302185,0.13139845430850983,-0.6104106903076172,0.7573806643486023,0.0,0.7573806643486023,0.22915226221084595,0.0,0.22915226221084595,1.0,1.0,-20.250255584716797,1784673066.7421234,47.392231941223145,,32.323170633658364,12.463869432728442,0.0,,False,1.4956672191619873
408,0.005037830211222172,4.09286172953216e-07,0.004998908843845129,0.0010614031925797462,1.0401284100680641e-07,0.0012600327609106898,0.00020240696903783828,-13.364415168762207,0.4148561656475067,0.0003508269728627056,0.41577306389808655,0.489460825920105,8.311478450195864e-05,0.4885307252407074,0.0013060588389635086,-6.8309736251831055,0.485421359539032,2.494889122317545e-05,0.4862583875656128,0.0008370280265808105,-4.366361141204834,0.9883645176887512,0.001170244300737977,1.0,0.01163548231124878,-2.3984880447387695,0.17802733182907104,0.01767953298985958,0.3290331959724426,0.15100586414337158,-0.45384347438812256,0.781857430934906,0.0,0.781857430934906,0.28748923540115356,0.0,0.28748923540115356,1.0,1.0,-21.012372970581055,1784673066.8477998,47.49790835380554,,32.627228604464136,10.974122877914198,0.0,,False,1.4956672191619873
409,0.005104363895952702,4.342822137459734e-07,0.005799848586320877,0.0010378945153206587,1.0919607973391976e-07,0.0014480924000963569,0.0008074411889538169,-12.174613952636719,0.4193699061870575,0.00035932761966250837,0.4223090410232544,0.48995521664619446,8.410173904849216e-05,0.48840823769569397,0.003321393858641386,-6.793254375457764,0.48551782965660095,2.4795606805128045e-05,0.4858938157558441,0.00037598609924316406,-4.3806328773498535,0.986798882484436,0.0011693874839693308,1.0,0.013201117515563965,-2.382185697555542,0.1647171676158905,0.016467586159706116,0.30583009123802185,0.14111292362213135,-0.5296345353126526,0.7766097784042358,0.0,0.7766097784042358,0.31496670842170715,0.0,0.31496670842170715,1.0,1.0,-19.799535751342773,1784673066.9651875,47.61529612541199,,31.718449356031627,9.560167384024483,0.0,,False,1.4956672191619873
410,0.005170452408492565,4.5517515445681056e-07,0.004693829920142889,0.0010290037607774138,1.1398734045542369e-07,0.0011623658938333392,0.0004949287394993007,-13.129448890686035,0.4238518476486206,0.00036568427458405495,0.4259173572063446,0.49054187536239624,8.509399776812643e-05,0.49011367559432983,0.002109427470713854,-6.797958850860596,0.48571547865867615,2.4568249500589445e-05,0.48578688502311707,7.140636444091797e-05,-4.3879852294921875,0.9857674837112427,0.0011644520564004779,1.0,0.014232516288757324,-2.371835231781006,0.15186303853988647,0.01493961550295353,0.3296777307987213,0.17781469225883484,-0.12473535537719727,0.7732167840003967,0.0,0.7732167840003967,0.3449122905731201,0.0,0.3449122905731201,1.0,1.0,-20.761808395385742,1784673067.061406,47.711514472961426,,31.771942751642086,7.741312710199313,0.0,,False,1.4956672191619873
411,0.0052344948053359985,4.6908144213375635e-07,0.004534092731773853,0.0010199653916060925,1.1703011182362388e-07,0.0011142013827338815,0.000706713180989027,-12.86794662475586,0.42804276943206787,0.00036966195330023766,0.4295327961444855,0.49099186062812805,8.53012315928936e-05,0.49057650566101074,0.0015468352939933538,-6.7942304611206055,0.48592594265937805,2.4261271391878836e-05,0.4857935905456543,0.00013235211372375488,-4.394014835357666,0.9854725003242493,0.0011485415743663907,1.0,0.014527499675750732,-2.3738160133361816,0.14191719889640808,0.013519356027245522,0.3296777307987213,0.18776053190231323,0.07095706462860107,0.76861971616745,1.0,0.23138028383255005,0.36856791377067566,0.0,0.36856791377067566,1.0,1.0,-20.50033950805664,1784673067.1563435,47.80645203590393,,31.563967259923444,5.726765616368345,0.0,,False,1.4956672191619873
412,0.005240949802100658,4.913472935186292e-07,0.004341935273259878,0.0010350014781579375,1.2464543885926105e-07,0.001059535425156355,0.0008993492228910327,-12.549201965332031,0.4311329126358032,0.00037878932198509574,0.43329501152038574,0.49165570735931396,8.91540403245017e-05,0.48994365334510803,0.0027578615117818117,-6.741351127624512,0.48619043827056885,2.5170966182486154e-05,0.4858252704143524,0.00036516785621643066,-4.373322010040283,0.9824725389480591,0.0012181074125692248,1.0,0.017527461051940918,-2.310187578201294,0.137357696890831,0.013308762572705746,0.0,0.137357696890831,-0.5319039225578308,0.7937543392181396,1.0,0.20624566078186035,0.40069785714149475,1.0,0.5993021726608276,1.0,1.0,-20.128944396972656,1784673067.2401536,47.89026212692261,,30.984596657120818,4.315079509723809,0.054987511337214245,,False,1.4956672191619873
413,0.005293260328471661,4.783234999194974e-07,0.005286264233291149,0.001042730058543384,1.2603790366938483e-07,0.0012795396614819765,0.00023691292153671384,-13.159435272216797,0.4349983334541321,0.00037573647568933666,0.4379911720752716,0.4935784339904785,8.805219840724021e-05,0.497594952583313,0.005008942447602749,-6.670698165893555,0.4867495894432068,2.3714075723546557e-05,0.48582473397254944,0.0009248554706573486,-4.387747287750244,0.982157826423645,0.001210432848893106,1.0,0.01784217357635498,-2.307950496673584,0.1113879382610321,0.00978876557201147,0.0,0.1113879382610321,-0.7605708837509155,0.8222095966339111,1.0,0.17779040336608887,0.49188432097435,1.0,0.5081156492233276,1.0,1.0,-20.689868927001953,1784673067.345433,47.9955415725708,,30.96615058434749,4.264275512322435,0.01878849923692849,,False,1.4956672191619873
414,0.005365670658648014,4.6965533329057507e-07,0.005407195072621107,0.0010423095664009452,1.2654317060878384e-07,0.0012919025029987097,0.0002530235215090215,-13.141114234924316,0.4397502541542053,0.0003694345068652183,0.4427081048488617,0.49521753191947937,8.857293869368732e-05,0.4989335238933563,0.0047494713217020035,-6.689942359924316,0.4872681498527527,2.28869012062205e-05,0.4857310354709625,0.0015371143817901611,-4.371917247772217,0.9838968515396118,0.001144124660640955,1.0,0.016103148460388184,-2.3542964458465576,0.08318744599819183,0.006257646717131138,0.0,0.08318744599819183,-1.0651015043258667,0.829770028591156,1.0,0.170229971408844,0.5777275562286377,1.0,0.4222724437713623,1.0,1.0,-20.679027557373047,1784673067.4417474,48.09185600280762,,30.936863141945253,4.142764037198935,0.0,,False,1.4956672191619873
415,0.0054861074313521385,5.092662149763783e-07,0.0053683072328567505,0.0010492084547877312,1.397012141524101e-07,0.0012646265095099807,0.00024552358081564307,-13.119440078735352,0.44780442118644714,0.0003854279639199376,0.4480762481689453,0.496002733707428,9.022888116305694e-05,0.49711304903030396,0.0011431053280830383,-6.742354393005371,0.48763400316238403,2.27726068260381e-05,0.48577454686164856,0.0018594563007354736,-4.350121974945068,0.9842730760574341,0.0011001743841916323,1.0,0.015726923942565918,-2.3747968673706055,0.05808013677597046,0.004290638957172632,0.0,0.05808013677597046,-1.4136210680007935,0.8339970111846924,1.0,0.16600298881530762,0.6574571132659912,1.0,0.3425428867340088,1.0,1.0,-20.688385009765625,1784673067.545758,48.19586658477783,,30.916933151935595,3.672732998400509,0.0,,False,1.4956672191619873
416,0.005614013411104679,5.470625978887256e-07,0.004673011600971222,0.001052183797582984,1.520679688837845e-07,0.0010841544717550278,0.0009415447129867971,-12.40827465057373,0.4566101133823395,0.0004012404242530465,0.4516545832157135,0.49656617641448975,8.972440991783515e-05,0.4937041103839874,0.005722647998481989,-6.655732154846191,0.4880676567554474,2.2276108211372048e-05,0.48583874106407166,0.0022289156913757324,-4.32554817199707,0.9844668507575989,0.0010526201222091913,1.0,0.015533149242401123,-2.3946890830993652,0.03971405327320099,0.003144192975014448,0.0,0.03971405327320099,-1.7113479375839233,0.8294340968132019,1.0,0.1705659031867981,0.7048657536506653,1.0,0.2951342463493347,0.0,1.0,-19.895633697509766,1784673067.640208,48.290316581726074,,30.104251849670078,2.904975090018952,0.0,,False,1.4956672191619873
417,0.005656608380377293,5.211791176407132e-07,0.0054814452305436134,0.001059781527146697,1.5068424374931055e-07,0.001259365351870656,0.00026554818032309413,-13.088136672973633,0.4611930251121521,0.0003998952452093363,0.45595595240592957,0.497099369764328,8.639303268864751e-05,0.48765602707862854,0.0107983173802495,-6.202175140380859,0.4883404076099396,2.0884897821815684e-05,0.4861389994621277,0.0022014081478118896,-4.3532819747924805,0.9864047169685364,0.0010259198024868965,1.0,0.013595283031463623,-2.432063341140747,0.02842666208744049,0.002418752759695053,0.0,0.02842666208744049,-1.9262694120407104,0.8412341475486755,1.0,0.15876585245132446,0.7399979829788208,1.0,0.2600020170211792,0.0,1.0,-20.226518630981445,1784673067.7444851,48.394593715667725,,29.62245548087624,1.9222957071806084,0.0,,False,1.4956672191619873
418,0.00570464413613081,5.27591623722401e-07,0.005533462855964899,0.0010559289949014783,1.5464580371826742e-07,0.0012632167199626565,0.0002688331005629152,-13.063963890075684,0.4660705327987671,0.00040489246021024883,0.46082618832588196,0.4954299032688141,8.41437722556293e-05,0.49186769127845764,0.006339755840599537,-6.650193214416504,0.4872685372829437,1.996065111598e-05,0.48624834418296814,0.001020193099975586,-4.465864181518555,0.9917554259300232,0.0009088736260309815,1.0,0.008244574069976807,-2.5453195571899414,0.016811639070510864,0.0016669481992721558,0.0,0.016811639070510864,-2.194666862487793,0.8480648398399353,1.0,0.1519351601600647,0.7468311786651611,1.0,0.25316882133483887,0.0,1.0,-20.617050170898438,1784673067.848745,48.49885368347168,,29.531190651999395,1.7251170026996112,0.0,,False,1.4956672191619873
419,0.005765499547123909,5.318904641171684e-07,0.005696455482393503,0.001052707782946527,1.564572471579595e-07,0.0012860670685768127,0.00024335907073691487,-13.042266845703125,0.4704020321369171,0.000410464039305225,0.46653273701667786,0.49654069542884827,7.988649304024875e-05,0.49793529510498047,0.0041129495948553085,-6.7482757568359375,0.48768720030784607,1.871966196631547e-05,0.48622021079063416,0.001466989517211914,-4.466547966003418,0.9928287863731384,0.000872897682711482,1.0,0.007171213626861572,-2.5734503269195557,0.013465672731399536,0.0014192191883921623,0.0,0.013465672731399536,-2.296004056930542,0.8356298208236694,1.0,0.16437017917633057,0.7383964657783508,1.0,0.26160353422164917,0.0,1.0,-20.674161911010742,1784673067.9533336,48.60344219207764,,29.497037563234855,2.0775310304277865,0.0,,False,1.4956672191619873
420,0.005827802233397961,5.380811103350425e-07,0.005107983015477657,0.0010460478952154517,1.58055655674616e-07,0.0011487525189295411,0.0007271093199960887,-12.695072174072266,0.474580854177475,0.0004158049123361707,0.4709160327911377,0.49757516384124756,7.606132567161694e-05,0.4960537254810333,0.00396808423101902,-6.765388488769531,0.4880705177783966,1.7659527657087892e-05,0.4863213300704956,0.001749187707901001,-4.466549873352051,0.9937694072723389,0.0008433677139692008,1.0,0.006230592727661133,-2.597100257873535,0.011327579617500305,0.0012501513119786978,0.0,0.011327579617500305,-2.3719875812530518,0.822430431842804,1.0,0.17756956815719604,0.7264354228973389,1.0,0.27356457710266113,0.0,1.0,-20.34065818786621,1784673068.0436497,48.69375824928284,,29.129380751325783,2.5059285824784716,0.0,,False,1.4956672191619873
421,0.0058946553617715836,5.45254522421601e-07,0.005993339698761702,0.0010366806527599692,1.5926724472592468e-07,0.001329493708908558,0.00030899528064765036,-12.921371459960938,0.47876331210136414,0.00042030905024148524,0.47686755657196045,0.49830636382102966,7.298484706552699e-05,0.4898548424243927,0.00866152998059988,-6.318401336669922,0.4882975220680237,1.68660390045261e-05,0.4867918789386749,0.0015056431293487549,-4.508960723876953,0.9949225187301636,0.0008147468906827271,1.0,0.005077481269836426,-2.6215567588806152,0.010333061218261719,0.0011324348160997033,0.0,0.010333061218261719,-2.4256112575531006,0.8094791173934937,1.0,0.19052088260650635,0.7116686105728149,1.0,0.28833138942718506,0.0,1.0,-20.230573654174805,1784673068.1494474,48.799556016922,,28.651639405725305,2.9879498108292055,0.0,,False,1.4956672191619873
422,0.005963107571005821,5.576964667852735e-07,0.004918925929814577,0.001025075209327042,1.613013864698587e-07,0.0010903780348598957,0.0010462217032909393,-12.191108703613281,0.4826989769935608,0.0004258212575223297,0.4810713231563568,0.4987379014492035,7.071025902405381e-05,0.4877128005027771,0.011144599877297878,-5.958703994750977,0.4883421063423157,1.6331770893884823e-05,0.4869776964187622,0.0013644099235534668,-4.535266876220703,0.9960894584655762,0.0007898594485595822,1.0,0.003910541534423828,-2.6432087421417236,0.010118797421455383,0.0010514407185837626,0.0,0.010118797421455383,-2.4611682891845703,0.795971155166626,1.0,0.20402884483337402,0.6953242421150208,1.0,0.30467575788497925,0.0,1.0,-19.225706100463867,1784673068.2431917,48.8933002948761,,27.16903050641389,3.505528070811409,0.0,,False,1.4956672191619873
423,0.006026210263371468,5.734790420319769e-07,0.005915746558457613,0.0010127397254109383,1.6397319768657326e-07,0.0012969726230949163,0.0003049435617867857,-12.902691841125488,0.48619869351387024,0.0004316208651289344,0.48603200912475586,0.49913135170936584,6.898474384797737e-05,0.488178014755249,0.010954605415463448,-5.957304000854492,0.48826685547828674,1.5899551726761274e-05,0.4874338209629059,0.0008330345153808594,-4.583848476409912,0.9971518516540527,0.0007704711752012372,1.0,0.0028481483459472656,-2.6600513458251953,0.009846270084381104,0.0009885524632409215,0.0,0.009846270084381104,-2.4916603565216064,0.7807712554931641,1.0,0.21922874450683594,0.6794136762619019,1.0,0.32058632373809814,0.0,1.0,-19.960458755493164,1784673068.3480666,48.99817514419556,,26.42117426213177,4.053598398130649,0.0,,False,1.4956672191619873
424,0.006080084480345249,5.748796070292883e-07,0.005964931566268206,0.0010201871627941728,1.6343318520739558e-07,0.0012812832137569785,0.00028536177705973387,-12.940013885498047,0.4891915023326874,0.00043239485239610076,0.49108263850212097,0.501043975353241,6.707059219479561e-05,0.4976670742034912,0.003870381973683834,-6.7509446144104,0.4890632927417755,1.5392850400530733e-05,0.488101989030838,0.0009613037109375,-4.591847896575928,0.9978823065757751,0.0007551149465143681,1.0,0.0021176934242248535,-2.672412157058716,0.009699299931526184,0.0009346123551949859,0.0,0.009699299931526184,-2.5184216499328613,0.7641297578811646,1.0,0.23587024211883545,0.6631214022636414,1.0,0.33687859773635864,0.0,1.0,-20.636693954467773,1784673068.4528482,49.102956771850586,,26.349553216824262,4.628430018861144,0.0,,False,1.4956672191619873
425,0.006136775016784668,5.802723421766132e-07,0.006017717067152262,0.0010235236259177327,1.6304240091358224e-07,0.0012839864939451218,0.00028638384537771344,-12.936373710632324,0.4936128258705139,0.0004360858874861151,0.497450590133667,0.5018767714500427,6.389196641976014e-05,0.49691054224967957,0.006276294123381376,-6.65022087097168,0.48950326442718506,1.4558286238752771e-05,0.4889364242553711,0.0005668401718139648,-4.63870096206665,0.9984129071235657,0.000742567062843591,1.0,0.0015870928764343262,-2.6820640563964844,0.010114222764968872,0.0009210270363837481,0.0,0.010114222764968872,-2.520537853240967,0.7437123656272888,1.0,0.2562876343727112,0.6439151763916016,1.0,0.35608482360839844,0.0,1.0,-20.57590103149414,1784673068.5568068,49.20691537857056,,26.21713924854312,5.205377842899743,0.0,,False,1.4956672191619873
426,0.006194115616381168,5.869665073987562e-07,0.005278629716485739,0.0010263229487463832,1.631142367841676e-07,0.0011144191958010197,0.0009197148610837758,-12.412952423095703,0.49801188707351685,0.0004406053922139108,0.5019345283508301,0.5029503107070923,6.129455141490325e-05,0.4938961863517761,0.009867333807051182,-6.1895365715026855,0.4901067912578583,1.394434912072029e-05,0.4896574914455414,0.00044929981231689453,-4.664041042327881,0.998893141746521,0.0007328187930397689,1.0,0.001106858253479004,-2.6895318031311035,0.010712757706642151,0.0009220503852702677,0.0,0.010712757706642151,-2.513284206390381,0.7230551242828369,1.0,0.2769448757171631,0.6259503364562988,1.0,0.37404966354370117,0.0,1.0,-19.69660186767578,1784673068.6415334,49.2916419506073,,25.20542611644362,5.775072020087757,0.0,,False,1.4956672191619873
427,0.006251215003430843,5.887271754545509e-07,0.006164369639009237,0.0010289683705195785,1.6191805229937017e-07,0.0012751339236274362,0.00026103563141077757,-12.959332466125488,0.5026336312294006,0.0004430026456248015,0.5068867802619934,0.5039355754852295,5.89005539950449e-05,0.49801725149154663,0.007288061082363129,-6.575167655944824,0.49069538712501526,1.3368634427024517e-05,0.4899846911430359,0.0007106959819793701,-4.6734700202941895,0.9997974634170532,0.0007209478062577546,1.0,0.00020253658294677734,-2.698505163192749,0.011096999049186707,0.00092370028141886,0.0,0.011096999049186707,-2.507965564727783,0.7031676173210144,1.0,0.2968323826789856,0.6093403100967407,1.0,0.3906596899032593,0.0,1.0,-20.556201934814453,1784673068.746469,49.39657759666443,,25.05331305148279,6.339447555613173,0.0,,False,1.4956672191619873
428,0.006301060318946838,5.922241825828678e-07,0.006111512891948223,0.0010302918963134289,1.6127729907111643e-07,0.0012483128812164068,0.0002888968156185001,-12.9741849899292,0.5073012709617615,0.000446296704467386,0.5115947127342224,0.5048518776893616,5.661146133206785e-05,0.4972318112850189,0.00874637346714735,-6.375542640686035,0.49124041199684143,1.2797653653251473e-05,0.49045082926750183,0.0007895827293395996,-4.689827919006348,1.0005512237548828,0.0007121448870748281,1.0,0.0005512237548828125,-2.704462766647339,0.011548250913619995,0.0009277646895498037,0.0,0.011548250913619995,-2.5005550384521484,0.6811680197715759,1.0,0.3188319802284241,0.5922011137008667,1.0,0.4077988862991333,0.0,1.0,-20.419532775878906,1784673068.8512144,49.501322984695435,,24.764530827586412,6.896412564862954,0.0,,False,1.4956672191619873
429,0.006322660483419895,6.033254180692893e-07,0.006257743574678898,0.001032410655170679,1.630448878131574e-07,0.0012689608847722411,0.0002452961925882846,-12.962058067321777,0.5116730332374573,0.0004530348815023899,0.5172170996665955,0.5056971907615662,5.472137127071619e-05,0.5016380548477173,0.006871190387755632,-6.734048843383789,0.4917024075984955,1.2363355381239671e-05,0.49078160524368286,0.0009208023548126221,-4.697158336639404,1.0015873908996582,0.0007023878861218691,1.0,0.0015873908996582031,-2.709780216217041,0.011485263705253601,0.0009401916177012026,0.0,0.011485263705253601,-2.4956235885620117,0.6559668779373169,1.0,0.3440331220626831,0.5738103985786438,1.0,0.4261896014213562,0.0,1.0,-20.6978759765625,1784673068.9567406,49.606849193573,,24.75409180437363,7.448446124222599,0.0,,False,1.4956672191619873
430,0.006370401941239834,6.137769332781318e-07,0.005660414695739746,0.0010258620604872704,1.6519990708729893e-07,0.001151358475908637,0.0007209932082332671,-12.663688659667969,0.5151885747909546,0.0004595938662532717,0.5214322209358215,0.5067123174667358,5.334571687853895e-05,0.501980185508728,0.007834295742213726,-6.6717681884765625,0.49228590726852417,1.2052498277626e-05,0.4911858141422272,0.001100093126296997,-4.69397497177124,1.0018980503082275,0.0007032582652755082,1.0,0.001898050308227539,-2.7083933353424072,0.0121077299118042,0.0009496280690655112,0.0,0.0121077299118042,-2.4835948944091797,0.6318379640579224,1.0,0.36816203594207764,0.5592128038406372,1.0,0.4407871961593628,0.0,1.0,-20.34808921813965,1784673069.0411708,49.69127941131592,,24.393866022737996,7.988450989429412,0.0,,False,1.4956672191619873
431,0.006421445868909359,6.186958785292518e-07,0.00664002588018775,0.001028472906909883,1.665253392957311e-07,0.0013439933536574244,0.00038383639184758067,-12.776483535766602,0.5189363956451416,0.00046386534813791513,0.5269243121147156,0.50795578956604,5.191216405364685e-05,0.505531907081604,0.008347575552761555,-6.807694435119629,0.49293696880340576,1.1724378055077977e-05,0.4914027154445648,0.0015342533588409424,-4.657595157623291,1.0018690824508667,0.0007043291116133332,1.0,0.0018690824508666992,-2.707714080810547,0.012116551399230957,0.0009399608243256807,0.0,0.012116551399230957,-2.4878034591674805,0.5983198285102844,1.0,0.4016801714897156,0.5350387096405029,1.0,0.46496129035949707,0.0,1.0,-20.551437377929688,1784673069.1563456,49.80645418167114,,24.2369884008924,8.532664419394525,0.0,,False,1.4956672191619873
432,0.006489548832178116,6.382060178111715e-07,0.005370026454329491,0.0010230508632957935,1.707538217488036e-07,0.001074506202712655,0.0011207042261958122,-12.096277236938477,0.5238572955131531,0.00047401594929397106,0.530487596988678,0.5091208815574646,5.0419315812177956e-05,0.5105038285255432,0.006772993598133326,-6.871488571166992,0.49358895421028137,1.144155248766765e-05,0.4912548065185547,0.0023341476917266846,-4.532100200653076,1.0017956495285034,0.0007042723591439426,1.0,0.001795649528503418,-2.7079451084136963,0.013021022081375122,0.0009558562887832522,0.0,0.013021022081375122,-2.4688241481781006,0.5603852272033691,1.0,0.43961477279663086,0.5114461779594421,1.0,0.48855382204055786,0.0,1.0,-19.85951805114746,1784673069.2411604,49.89126896858215,,23.38819145226458,9.057898538370258,0.0,,False,1.4956672191619873
433,0.006570635363459587,6.641048457822762e-07,0.006564627401530743,0.0010187372099608183,1.7669903229489137e-07,0.001298470888286829,0.0002797981724143028,-12.827493667602539,0.5298821330070496,0.0004868699179496616,0.5347132682800293,0.5102730989456177,4.894368248642422e-05,0.5112317800521851,0.0049253362230956554,-6.904941558837891,0.49424171447753906,1.1153402738273144e-05,0.49145209789276123,0.002789616584777832,-4.434083938598633,1.0015840530395508,0.0007048717816360295,1.0,0.0015840530395507812,-2.708028793334961,0.013457342982292175,0.0009743664995767176,0.0,0.013457342982292175,-2.454990863800049,0.5174062848091125,1.0,0.48259371519088745,0.48768219351768494,1.0,0.5123177766799927,0.0,0.0,-20.56848907470703,1784673069.3470225,49.99713110923767,,23.248365527196327,9.56929937296794,0.0,,False,1.4956672191619873
434,0.006646552123129368,6.485005314971204e-07,0.006540849804878235,0.0010667851893231273,1.784519980674304e-07,0.0012807350140064955,0.00023863677051849663,-12.919028282165527,0.5353760123252869,0.0004856913583353162,0.5386652946472168,0.5108621716499329,4.550477024167776e-05,0.511095404624939,0.0032975408248603344,-6.964201927185059,0.4947330355644226,1.0344459951738827e-05,0.4921397566795349,0.0025932788848876953,-4.495532989501953,1.0028749704360962,0.0006723577971570194,1.0,0.0028749704360961914,-2.7272746562957764,0.016470760107040405,0.0009249275317415595,0.0,0.016470760107040405,-2.4273064136505127,0.5011399984359741,1.0,0.4988600015640259,0.4634324908256531,1.0,0.5365675091743469,0.0,0.0,-20.738157272338867,1784673069.4415488,50.091657400131226,,23.27820779975991,10.053015757416086,0.0,,False,1.4956672191619873
435,0.006693449802696705,6.52795620226243e-07,0.00642763776704669,0.0010958698112517595,1.797268964764953e-07,0.0012525487691164017,0.00030855200020596385,-12.926626205444336,0.5410844087600708,0.0004908565897494555,0.542634904384613,0.5111760497093201,4.515314503805712e-05,0.5114753842353821,0.0015791256446391344,-6.971086502075195,0.4949842691421509,1.021005300572142e-05,0.4929887652397156,0.0019955039024353027,-4.632124900817871,1.0031638145446777,0.0006683540414087474,1.0,0.0031638145446777344,-2.728919506072998,0.016893744468688965,0.0009212535223923624,0.0,0.016893744468688965,-2.4210522174835205,0.4831693172454834,1.0,0.5168306827545166,0.44699525833129883,1.0,0.5530047416687012,1.0,0.0,-20.81955909729004,1784673069.5483687,50.198477268218994,,23.389451897274668,10.530477945697239,0.00869008034508778,,False,1.4956672191619873
436,0.006736346520483494,6.963051646380336e-07,0.0069383615627884865,0.0011521903797984123,1.8797270229242713e-07,0.0013405740028247237,0.00027622177731245756,-12.870643615722656,0.5456422567367554,0.0005007522413507104,0.5475133657455444,0.5122327208518982,4.585546048474498e-05,0.5129881501197815,0.002017850987613201,-6.947112083435059,0.4953182339668274,1.0180688150285278e-05,0.49335023760795593,0.00196799635887146,-4.638356685638428,1.002977728843689,0.0006585370283573866,1.0,0.002977728843688965,-2.737074136734009,0.01888856291770935,0.0008925544680096209,0.0,0.01888856291770935,-2.391909599304199,0.4116652309894562,1.0,0.5883347988128662,0.38997676968574524,1.0,0.6100232601165771,1.0,0.0,-20.74751091003418,1784673069.652651,50.302759647369385,,23.428647807533565,10.978797515799071,0.07439867913805154,,False,1.4956672191619873
437,0.0067320335656404495,7.269316597557918e-07,0.005610380321741104,0.0011624606559053063,1.981152735197611e-07,0.0010826713405549526,0.0011244876077398658,-12.0651273727417,0.5460889339447021,0.000515907711815089,0.5510722398757935,0.5136118531227112,4.6929915697546676e-05,0.5165413618087769,0.005780601873993874,-6.8148393630981445,0.4960280656814575,1.0336124432797078e-05,0.493891179561615,0.0021368861198425293,-4.600104808807373,1.0060955286026,0.0006576301530003548,1.0,0.006095528602600098,-2.7162458896636963,0.017556071281433105,0.0008741088095121086,0.0,0.017556071281433105,-2.4259114265441895,0.35910752415657043,1.0,0.640892505645752,0.3512101471424103,1.0,0.6487898826599121,1.0,1.0,-19.81705093383789,1784673069.736128,50.38623666763306,,22.537383741596173,11.461118913140893,0.17887390047435026,,False,1.4956672191619873
438,0.006776599213480949,7.849396297388012e-07,0.006694108247756958,0.0011412394233047962,2.1155702256692166e-07,0.001278033829294145,0.00015974188863765448,-12.826777458190918,0.5510451197624207,0.000538505322765559,0.5552558898925781,0.5142906308174133,4.796900975634344e-05,0.5147886276245117,0.004240116104483604,-6.878909587860107,0.49609559774398804,1.0820243915077299e-05,0.4947172999382019,0.0013782978057861328,-4.710322380065918,1.0007878541946411,0.0007042867364361882,1.0,0.0007878541946411133,-2.7097835540771484,0.01637667417526245,0.0009755639475770295,0.0,0.01637667417526245,-2.4098522663116455,0.30296066403388977,1.0,0.6970393657684326,0.3219810724258423,1.0,0.6780189275741577,1.0,1.0,-20.68506622314453,1784673069.8414013,50.49150991439819,,22.51413496496542,11.927381150250172,0.3125781667248946,,False,1.4956672191619873
439,0.006835676729679108,8.211775934796606e-07,0.006729861721396446,0.0011491012992337346,2.2086202022819634e-07,0.0012775071663782,0.00016638774832244962,-12.787105560302734,0.5563693046569824,0.0005493405624292791,0.5594243407249451,0.5153310894966125,4.728799103759229e-05,0.513217031955719,0.003715169383212924,-6.839395523071289,0.4964907467365265,1.0616009603836574e-05,0.4952305555343628,0.0012601912021636963,-4.732838153839111,1.000270128250122,0.0007263882434926927,1.0,0.0002701282501220703,-2.6947243213653564,0.016015201807022095,0.0010794260306283832,0.0,0.016015201807022095,-2.377917528152466,0.25954094529151917,1.0,0.7404590845108032,0.29477959871292114,1.0,0.7052204012870789,1.0,1.0,-20.62504005432129,1784673069.9479527,50.598061323165894,,22.430860019511428,12.36170864920027,0.47348390668836005,,False,1.4956672191619873
440,0.006904253736138344,8.560789979128458e-07,0.007110932841897011,0.0011574216187000275,2.2635937568793452e-07,0.0013332435628399253,0.00027134775882586837,-12.704912185668945,0.5618817806243896,0.000558159314095974,0.5644285678863525,0.5163710713386536,4.651257040677592e-05,0.5121135711669922,0.00496109202504158,-6.694786071777344,0.49698853492736816,1.0350167030992452e-05,0.49563440680503845,0.001354128122329712,-4.731734275817871,1.0013000965118408,0.0007274124654941261,1.0,0.0013000965118408203,-2.6929080486297607,0.015507936477661133,0.0012249625287950039,0.0,0.015507936477661133,-2.3353195190429688,0.2254917323589325,0.0,0.2254917323589325,0.27159583568573,0.0,0.27159583568573,1.0,1.0,-20.42660903930664,1784673070.0539298,50.70403838157654,,22.149154059042786,12.753438139040872,0.20076508105047663,,False,1.4956672191619873
441,0.006953652016818523,8.29663974855066e-07,0.006042573135346174,0.0011737782042473555,2.2037693270249292e-07,0.0011267057852819562,0.0009122940828092396,-12.321939468383789,0.5684375166893005,0.0005501036648638546,0.5681546926498413,0.5147691369056702,4.066219480591826e-05,0.5134731531143188,0.001326485420577228,-6.94920539855957,0.4968926012516022,8.840278496791143e-06,0.4961707890033722,0.0007218122482299805,-4.869689464569092,1.006030559539795,0.0006713922484777868,1.0,0.006030559539794922,-2.7070560455322266,0.02044743299484253,0.0009779511019587517,0.0,0.02044743299484253,-2.332324743270874,0.07216811925172806,0.0,0.07216811925172806,0.11835520714521408,0.0,0.11835520714521408,1.0,1.0,-20.31614875793457,1784673070.1482174,50.79832601547241,,21.756987817202074,13.142172853109379,0.0,,False,1.4956672191619873
442,0.0070853522047400475,8.385204068872554e-07,0.007009292487055063,0.0011430104495957494,2.178730369450932e-07,0.0013001998886466026,0.00017462417599745095,-12.767459869384766,0.5714064836502075,0.0005564145394600928,0.5725855827331543,0.5155863165855408,3.876247501466423e-05,0.5150574445724487,0.0012922771275043488,-6.983293533325195,0.4975365400314331,8.444901141047012e-06,0.4965466558933258,0.0009898841381072998,-4.864019870758057,1.0035821199417114,0.0006623926456086338,1.0,0.0035821199417114258,-2.7312018871307373,0.021291300654411316,0.0009052719688042998,0.0,0.021291300654411316,-2.3343217372894287,0.0642818808555603,0.0,0.0642818808555603,0.1113077849149704,0.0,0.1113077849149704,1.0,1.0,-20.78610610961914,1784673070.2433412,50.893449783325195,,21.83477892704593,13.53290456119644,0.0,,False,1.4956672191619873
443,0.007164572365581989,8.557740898140764e-07,0.008116716518998146,0.001128694391809404,2.1855412057902868e-07,0.0015080731827765703,0.0010249422630295157,-11.956911087036133,0.5760833024978638,0.0005591785884462297,0.5777989625930786,0.5158449411392212,3.8986185245448723e-05,0.5155362486839294,0.0017432097811251879,-6.978941917419434,0.4978750944137573,8.606441951997112e-06,0.4968951940536499,0.0009799003601074219,-4.856776714324951,1.003730297088623,0.0006557982414960861,1.0,0.003730297088623047,-2.735280752182007,0.021898984909057617,0.0008799986680969596,0.0,0.021898984909057617,-2.326375722885132,0.054620325565338135,0.0,0.054620325565338135,0.10125170648097992,0.0,0.10125170648097992,1.0,1.0,-19.968454360961914,1784673070.349477,50.99958562850952,,21.094918288232563,13.915690254879205,0.0,,False,1.4956672191619873
444,0.007233669050037861,8.692340429661272e-07,0.00476424302905798,0.0011188581120222807,2.1797237081955245e-07,0.0008783115772530437,0.0024811141192913055,-9.1689453125,0.5802969336509705,0.0005602602032013237,0.5816596150398254,0.515839695930481,3.922970063285902e-05,0.5159317255020142,0.0013657854869961739,-6.976950645446777,0.49806833267211914,8.710494512342848e-06,0.497069776058197,0.0009985566139221191,-4.849315643310547,1.003884196281433,0.0006516661960631609,1.0,0.0038841962814331055,-2.7374749183654785,0.022560924291610718,0.0008590143406763673,0.0,0.022560924291610718,-2.3146567344665527,0.04866716265678406,0.0,0.04866716265678406,0.09442204982042313,0.0,0.09442204982042313,1.0,1.0,-17.17516326904297,1784673070.432678,51.082786560058594,,17.56176655750025,14.286756960143391,0.0,,False,1.4956672191619873
445,0.007304356433451176,8.810287681626505e-07,0.0071945637464523315,0.0011142254807054996,2.1705608332922566e-07,0.0013198996894061565,0.00023314439749810845,-12.700479507446289,0.5850033760070801,0.0005608138744719326,0.586132824420929,0.5154545903205872,3.952067709178664e-05,0.5163190364837646,0.001422294182702899,-6.963935375213623,0.4980659484863281,8.767869076109491e-06,0.4975292980670929,0.0005366504192352295,-4.886846542358398,1.0041327476501465,0.0006471426459029317,1.0,0.004132747650146484,-2.739337205886841,0.023178786039352417,0.0008495463989675045,0.0,0.023178786039352417,-2.3002638816833496,0.043939009308815,0.0,0.043939009308815,0.08940334618091583,0.0,0.08940334618091583,1.0,1.0,-20.715049743652344,1784673070.5396175,51.18972611427307,,17.56850130137731,14.643430812624374,0.0,,False,1.4956672191619873
446,0.007393677718937397,8.890239087122609e-07,0.007559841964393854,0.0011103320866823196,2.1543968387049972e-07,0.0013893272262066603,0.0003247288696002215,-12.607807159423828,0.5899336934089661,0.0005607299390248954,0.5910391211509705,0.5150331258773804,3.951374674215913e-05,0.5128743052482605,0.002425381913781166,-6.914626598358154,0.4980674088001251,8.742548743612133e-06,0.4977629780769348,0.0003044307231903076,-4.899415016174316,1.0044622421264648,0.0006438285927288234,1.0,0.004462242126464844,-2.7396373748779297,0.023837387561798096,0.0008477371302433312,0.0,0.023837387561798096,-2.2823915481567383,0.039391279220581055,0.0,0.039391279220581055,0.08450397849082947,0.0,0.08450397849082947,1.0,1.0,-20.589216232299805,1784673070.654261,51.30436968803406,,17.449402533901832,14.982232331578745,0.0,,False,1.4956672191619873
447,0.007468367926776409,8.943227953750466e-07,0.007056168746203184,0.0011124714510515332,2.1336657596293662e-07,0.0012950139353051782,0.000450810301117599,-12.632770538330078,0.5948963165283203,0.0005591919180005789,0.5958357453346252,0.5147609114646912,3.9659356843912974e-05,0.5130523443222046,0.0019498021574690938,-6.936631202697754,0.4981648027896881,8.734889888728503e-06,0.4982025921344757,3.7789344787597656e-05,-4.9050726890563965,1.0046212673187256,0.0006417899858206511,1.0,0.004621267318725586,-2.7400481700897217,0.024362504482269287,0.0008402977837249637,0.0,0.024362504482269287,-2.268771171569824,0.03732629492878914,0.0,0.03732629492878914,0.08149836957454681,0.0,0.08149836957454681,1.0,1.0,-20.634611129760742,1784673070.7488225,51.39893102645874,,17.37569866388729,15.307413473946202,0.0,,False,1.4956672191619873
448,0.007542434148490429,8.986979764813441e-07,0.006144226994365454,0.0011161593720316887,2.1138006900400796e-07,0.0011073447531089187,0.0013982349773868918,-11.720226287841797,0.5996665954589844,0.0005576245603151619,0.5987475514411926,0.5145073533058167,3.968095552409068e-05,0.5142791867256165,0.0009469434735365212,-6.973940849304199,0.49826323986053467,8.691241419001017e-06,0.4983304440975189,6.720423698425293e-05,-4.907398700714111,1.0048036575317383,0.000639114179648459,1.0,0.004803657531738281,-2.740722894668579,0.02472415566444397,0.0008323671645484865,0.0,0.02472415566444397,-2.259483814239502,0.035672564059495926,0.0,0.035672564059495926,0.07921585440635681,0.0,0.07921585440635681,1.0,1.0,-19.75307846069336,1784673070.8429651,51.49307370185852,,16.42046212480537,15.623307258983338,0.0,,False,1.4956672191619873
449,0.007607193663716316,9.018189643938967e-07,0.008477112278342247,0.0011236583814024925,2.0965386227089766e-07,0.0015277606435120106,0.0009591960115358233,-12.00143051147461,0.6043778657913208,0.0005566732725128531,0.6030193567276001,0.5141218900680542,3.959927926189266e-05,0.5176787376403809,0.0038074548356235027,-6.815841197967529,0.4983038306236267,8.618755600764416e-06,0.4983304440975189,2.6613473892211914e-05,-4.911805152893066,1.0049800872802734,0.0006368322065100074,1.0,0.0049800872802734375,-2.74109148979187,0.02495265007019043,0.0008264862699434161,0.0,0.02495265007019043,-2.253549337387085,0.03433910757303238,0.0,0.03433910757303238,0.077200748026371,0.0,0.077200748026371,1.0,1.0,-19.910005569458008,1784673070.9396493,51.58975791931152,,15.622152694488094,15.933266567168054,0.0,,False,1.4956672191619873
450,0.007663648575544357,9.080647487280658e-07,0.006767326034605503,0.0011326147941872478,2.0908365172545018e-07,0.0012229898711666465,0.000900867220479995,-12.346465110778809,0.6085225343704224,0.0005573120433837175,0.6077167391777039,0.5137909054756165,3.937692963518202e-05,0.5143553018569946,0.0009837932884693146,-6.974853515625,0.49838390946388245,8.522722055204213e-06,0.4994446039199829,0.0010606944561004639,-4.851444721221924,1.004963994026184,0.0006356020458042622,1.0,0.004963994026184082,-2.7421462535858154,0.025138139724731445,0.0008193133398890495,0.0,0.025138139724731445,-2.2489397525787354,0.03331859037280083,0.0,0.03331859037280083,0.07573319971561432,0.0,0.07573319971561432,1.0,1.0,-20.352069854736328,1784673071.0533338,51.703442335128784,,15.265907549449139,16.23861629054442,0.0,,False,1.4956672191619873
451,0.007746146991848946,9.211257179231325e-07,0.007290821988135576,0.001170561881735921,2.1238120950783923e-07,0.0013216933002695441,0.0004797515575774014,-12.627089500427246,0.6173387765884399,0.0005641007446683943,0.6126676797866821,0.5143582224845886,3.822001599473879e-05,0.5166887044906616,0.005220181308686733,-6.897946357727051,0.4987477660179138,8.112435352813918e-06,0.4996706247329712,0.000922858715057373,-4.8896260261535645,1.0053009986877441,0.0006372767384164035,1.0,0.005300998687744141,-2.7381675243377686,0.025178104639053345,0.0008275695145130157,0.0,0.025178104639053345,-2.246558666229248,0.028561556711792946,0.0,0.028561556711792946,0.06754966080188751,0.0,0.06754966080188751,1.0,1.0,-20.590259552001953,1784673071.1491678,51.79927635192871,,15.14785210167581,16.5415849275713,0.0,,False,1.4956672191619873
452,0.007798539474606514,9.267168934457004e-07,0.006687547545880079,0.0011811373988166451,2.1203621258791827e-07,0.0011994033120572567,0.0011111421044915915,-12.124444961547852,0.6212854385375977,0.0005647133802995086,0.6156907677650452,0.5141693353652954,3.801207640208304e-05,0.5187540054321289,0.007233224809169769,-6.686327934265137,0.4988698959350586,8.018695552891586e-06,0.49968573451042175,0.0008158385753631592,-4.906426429748535,1.0053647756576538,0.0006354879005812109,1.0,0.005364775657653809,-2.7389752864837646,0.02538260817527771,0.0008212345419451594,0.0,0.02538260817527771,-2.2411513328552246,0.027796722948551178,0.0,0.027796722948551178,0.06622834503650665,0.0,0.06622834503650665,1.0,1.0,-19.926719665527344,1784673071.246598,51.89670658111572,,14.36625676742787,16.839146231224156,0.0,,False,1.4956672191619873
453,0.007848349399864674,9.201929742630455e-07,0.007700455375015736,0.0011935981456190348,2.0951851809059008e-07,0.001382337650284171,0.00023978165700100362,-12.70379638671875,0.6256588697433472,0.0005620951415039599,0.6201785206794739,0.5140841007232666,3.75021445506718e-05,0.521082878112793,0.008889157325029373,-6.319814682006836,0.49902358651161194,7.84586063673487e-06,0.4997054934501648,0.0006819069385528564,-4.929190635681152,1.0053114891052246,0.0006352252676151693,1.0,0.005311489105224609,-2.7396206855773926,0.02567732334136963,0.0008186021004803479,0.0,0.02567732334136963,-2.2323038578033447,0.0274617001414299,0.0,0.0274617001414299,0.06469147652387619,0.0,0.06469147652387619,1.0,1.0,-20.2242431640625,1784673071.3506627,52.000771284103394,,13.882184931715088,17.12786005982513,0.0,,False,1.4956672191619873
454,0.007897302508354187,9.255574582311965e-07,0.0077326796017587185,0.0012033332604914904,2.0966433567082277e-07,0.0013992261374369264,0.0002558802952989936,-12.691283226013184,0.6294816732406616,0.0005629555671475828,0.6253109574317932,0.5141136646270752,3.714501508511603e-05,0.5174543261528015,0.0053436774760484695,-6.83794641494751,0.4992145299911499,7.71637678553816e-06,0.49974727630615234,0.0005327463150024414,-4.948753356933594,1.0051803588867188,0.000636357581242919,1.0,0.00518035888671875,-2.7398505210876465,0.026037752628326416,0.0008184125181287527,0.0,0.026037752628326416,-2.2209389209747314,0.02689700573682785,0.0,0.02689700573682785,0.06324155628681183,0.0,0.06324155628681183,1.0,1.0,-20.636016845703125,1784673071.4572225,52.10733103752136,,13.80988677764293,17.405208951597494,0.0,,False,1.4956672191619873
455,0.007936900481581688,9.357473800264415e-07,0.006386638153344393,0.001209866488352418,2.1068298394766316e-07,0.0011621402809396386,0.0015509967925027013,-11.499964714050293,0.6325029730796814,0.0005650041857734323,0.6292598843574524,0.5140295028686523,3.72100985259749e-05,0.519534707069397,0.006389436312019825,-6.58437442779541,0.4993331730365753,7.698547051404603e-06,0.49975818395614624,0.00042501091957092285,-4.956569194793701,1.005149006843567,0.0006376498495228589,1.0,0.0051490068435668945,-2.739132881164551,0.02614884078502655,0.0008186021004803479,0.0,0.02614884078502655,-2.2173779010772705,0.026382559910416603,0.0,0.026382559910416603,0.062381893396377563,0.0,0.062381893396377563,1.0,1.0,-19.24574851989746,1784673071.5438614,52.19396996498108,,12.347320297765108,17.678996823472396,0.0,,False,1.4956672191619873
456,0.00797333475202322,9.355293855151103e-07,0.007601640652865171,0.0012205162784084678,2.0999212324568362e-07,0.0013728027697652578,0.0004016810853499919,-12.662239074707031,0.6358320713043213,0.0005643581971526146,0.6339837908744812,0.5139611959457397,3.6980214645154774e-05,0.5223379135131836,0.00857820175588131,-6.052828311920166,0.4994516968727112,7.608965916006127e-06,0.4995756149291992,0.0001239180564880371,-4.973144054412842,1.0051226615905762,0.0006365578155964613,1.0,0.005122661590576172,-2.740166664123535,0.026255697011947632,0.0008160703000612557,0.0,0.026255697011947632,-2.214200019836426,0.025589214637875557,0.0,0.025589214637875557,0.06068342551589012,0.0,0.06068342551589012,1.0,1.0,-19.991073608398438,1784673071.6399615,52.29007005691528,,11.630078906388263,17.949606814106456,0.0,,False,1.4956672191619873
457,0.008007417432963848,9.383235806126322e-07,0.00793344248086214,0.0012269322760403156,2.0989257620840363e-07,0.0014255280839279294,0.00021192590065766126,-12.693174362182617,0.6384761929512024,0.0005642470787279308,0.6388533711433411,0.5140231251716614,3.68014007108286e-05,0.5196738243103027,0.005663273390382528,-6.573172569274902,0.49959811568260193,7.535735676356126e-06,0.499517560005188,8.055567741394043e-05,-4.97855806350708,1.004817008972168,0.0006366852321662009,1.0,0.004817008972167969,-2.742457151412964,0.026480242609977722,0.0008146288455463946,0.0,0.026480242609977722,-2.207068681716919,0.024960601702332497,0.0,0.024960601702332497,0.059289295226335526,0.0,0.059289295226335526,1.0,1.0,-20.44099235534668,1784673071.7451339,52.39524245262146,,11.36275626195966,18.21308546662101,0.0,,False,1.4956672191619873
458,0.008035988546907902,9.440782946512627e-07,0.007877983152866364,0.0012330326717346907,2.1055670629266388e-07,0.0014155296375975013,0.00024139354354701936,-12.693096160888672,0.6408231258392334,0.0005652172258123755,0.644540548324585,0.514066755771637,3.684019611682743e-05,0.5169077515602112,0.004678727127611637,-6.883965015411377,0.49973613023757935,7.519503469666233e-06,0.4999265670776367,0.00019043684005737305,-4.977655410766602,1.004345417022705,0.0006393622024916112,1.0,0.004345417022705078,-2.743814468383789,0.026601284742355347,0.0008162605226971209,0.0,0.026601284742355347,-2.2029924392700195,0.024521354585886,0.0,0.024521354585886,0.058288950473070145,0.0,0.058288950473070145,1.0,1.0,-20.68909454345703,1784673071.849845,52.499953508377075,,11.343535805641409,18.472487876688664,0.0,,False,1.4956672191619873
459,0.008061631582677364,9.474650255469896e-07,0.006438726093620062,0.0012386105954647064,2.1073446987429634e-07,0.001155502162873745,0.001625032047741115,-11.376874923706055,0.6428840160369873,0.0005654603592120111,0.6485252976417542,0.51413494348526,3.688725337269716e-05,0.5192625522613525,0.007623413112014532,-6.620351791381836,0.49988457560539246,7.514020126109244e-06,0.5001413226127625,0.0002567470073699951,-4.97604513168335,1.003889799118042,0.0006417527329176664,1.0,0.003889799118041992,-2.744926929473877,0.026863232254981995,0.0008180552977137268,0.0,0.026863232254981995,-2.1942853927612305,0.024191007018089294,0.0,0.024191007018089294,0.057318251579999924,0.0,0.057318251579999924,1.0,1.0,-19.161178588867188,1784673071.9341848,52.584293365478516,,9.796399394733314,18.72318324024753,0.0,,False,1.4956672191619873
460,0.008412705734372139,1.135963543674734e-06,0.008622197434306145,0.0012854884844273329,2.428231766771205e-07,0.0015424604061990976,0.0003315438807476312,-12.466314315795898,0.6685893535614014,0.0006116328877396882,0.6533845663070679,0.5192148089408875,3.478230064501986e-05,0.5199630856513977,0.015223188325762749,-6.7979736328125,0.5018323659896851,6.611872322537238e-06,0.5003783702850342,0.001453995704650879,-4.884511470794678,0.9928733706474304,0.0007036129827611148,1.0,0.00712662935256958,-2.6746108531951904,0.026797905564308167,0.0009738335502333939,0.0,0.026797905564308167,-2.1794850826263428,0.013447548262774944,0.0,0.013447548262774944,0.04142184928059578,0.0,0.04142184928059578,1.0,1.0,-20.346948623657227,1784673072.0519915,52.70210003852844,,9.435033018615258,18.959078293671507,0.0,,False,1.4956672191619873
461,0.008433954790234566,1.1219079851798597e-06,0.009400080889463425,0.0012941861059516668,2.3926190806378145e-07,0.001701058354228735,0.0010483056539669633,-11.873279571533203,0.6705596446990967,0.0006072953692637384,0.6607686877250671,0.5190995335578918,3.466775160632096e-05,0.5177741050720215,0.009880263358354568,-6.8959574699401855,0.5019062757492065,6.562064299941994e-06,0.5006685853004456,0.0012376904487609863,-4.931441783905029,0.9924509525299072,0.0007030954002402723,1.0,0.0075490474700927734,-2.670543909072876,0.02673196792602539,0.0009620161727070808,0.0,0.02673196792602539,-2.182894706726074,0.01395481824874878,0.0,0.01395481824874878,0.042254216969013214,0.0,0.042254216969013214,1.0,1.0,-19.85576629638672,1784673072.1671734,52.81728196144104,,8.582484315226694,19.198382971195215,0.0,,False,1.4956672191619873
462,0.008433924987912178,1.1237057151447516e-06,0.005364099517464638,0.001299570663832128,2.391567761605984e-07,0.0009701465605758131,0.0030874500516802073,-8.214561462402344,0.6712026596069336,0.0006080450839363039,0.6650296449661255,0.5189738273620605,3.479208317003213e-05,0.5199539661407471,0.006250342819839716,-6.952673435211182,0.5020022988319397,6.599210337299155e-06,0.5007109045982361,0.0012913942337036133,-4.918985366821289,0.9917957782745361,0.0007043706718832254,1.0,0.008204221725463867,-2.6623847484588623,0.02642686665058136,0.0009473452810198069,0.0,0.02642686665058136,-2.193387031555176,0.014218855649232864,0.0,0.014218855649232864,0.043069157749414444,0.0,0.043069157749414444,1.0,1.0,-16.236194610595703,1784673072.2513635,52.901472091674805,,4.110363926047114,19.448179973548026,0.0,,False,1.4956672191619873
463,0.008421458303928375,1.1035675697712577e-06,0.008395080454647541,0.0012866862816736102,2.347315444239939e-07,0.0015191498678177595,0.0002339553611818701,-12.537591934204102,0.6713967323303223,0.0006026410264894366,0.6684412956237793,0.5187453627586365,3.466345515334979e-05,0.5215036869049072,0.004042642191052437,-6.887136936187744,0.5020826458930969,6.5941098910116125e-06,0.5006476044654846,0.0014350414276123047,-4.889577865600586,0.9908522367477417,0.0007040874334052205,1.0,0.0091477632522583,-2.650939702987671,0.02587670087814331,0.000924276711884886,0.0,0.02587670087814331,-2.2120800018310547,0.014389497227966785,0.0,0.014389497227966785,0.04278183355927467,0.0,0.04278183355927467,1.0,1.0,-20.49209213256836,1784673072.3450525,52.995161056518555,,3.894141058840191,19.716669946176715,0.0,,False,1.4956672191619873
464,0.008415454998612404,1.1097957894889987e-06,0.008289708755910397,0.001276378519833088,2.3636175683350302e-07,0.0014935932122170925,0.00025098671903833747,-12.53980827331543,0.6713591814041138,0.0006035960395820439,0.6734218001365662,0.5188837051391602,3.457935235928744e-05,0.5192013382911682,0.0020869323052465916,-6.999569416046143,0.5021764039993286,6.5756812546169385e-06,0.5005966424942017,0.0015797615051269531,-4.857364177703857,0.9908667802810669,0.0007071292493492365,1.0,0.009133219718933105,-2.649228096008301,0.026674479246139526,0.0009365724981762469,0.0,0.026674479246139526,-2.1878459453582764,0.01435180939733982,0.0,0.01435180939733982,0.042323142290115356,0.0,0.042323142290115356,1.0,1.0,-20.568145751953125,1784673072.449658,53.09976649284363,,3.753971811018033,19.960925862332626,0.0,,False,1.4956672191619873
465,0.008404227904975414,1.1252448075538268e-06,0.008476633578538895,0.0012825881130993366,2.4021454692046973e-07,0.0015355134382843971,0.0002630851522553712,-12.496260643005371,0.6728051900863647,0.0006067942013032734,0.6792364716529846,0.5192620754241943,3.4315242373850197e-05,0.5182838439941406,0.006505253259092569,-6.957718372344971,0.5023210048675537,6.51351274427725e-06,0.5006073713302612,0.0017136335372924805,-4.826457977294922,0.9910796880722046,0.0007123675313778222,1.0,0.00892031192779541,-2.648669481277466,0.027910679578781128,0.0009600260527804494,0.0,0.027910679578781128,-2.1496152877807617,0.013874473981559277,0.0,0.013874473981559277,0.04054272919893265,0.0,0.04054272919893265,1.0,1.0,-20.475664138793945,1784673072.5567842,53.20689272880554,,3.5213209500366958,20.166951120911023,0.0,,False,1.4956672191619873
466,0.008378596976399422,1.1043103995689307e-06,0.006898629013448954,0.0012875798856839538,2.3845282726142614e-07,0.0012445553438737988,0.0014805932296440005,-11.649225234985352,0.6728184223175049,0.0006023578462190926,0.6833851337432861,0.5190319418907166,3.442192974034697e-05,0.5188881158828735,0.010567690245807171,-6.9148783683776855,0.5024698376655579,6.527178356918739e-06,0.5005900859832764,0.0018797516822814941,-4.780156135559082,0.9918568134307861,0.000709806103259325,1.0,0.008143186569213867,-2.659609794616699,0.029616087675094604,0.0009710263111628592,0.0,0.029616087675094604,-2.0979981422424316,0.013938352465629578,0.0,0.013938352465629578,0.04102224484086037,0.0,0.04102224484086037,1.0,1.0,-19.571205139160156,1784673072.6411116,53.29122018814087,,2.3842110894215693,20.32135923395109,0.0,,False,1.4956672191619873
467,0.00837093498557806,1.075953491636028e-06,0.008558695204555988,0.0013179464731365442,2.3622580158644269e-07,0.001545187085866928,0.00029477482894435525,-12.536831855773926,0.6752266883850098,0.0005962287541478872,0.6883637309074402,0.5188453197479248,3.3930329664144665e-05,0.5192961096763611,0.013144774362444878,-6.872444152832031,0.5024502277374268,6.387711437128019e-06,0.5005723237991333,0.001877903938293457,-4.785589218139648,0.9910497665405273,0.0007142621325328946,1.0,0.008950233459472656,-2.6471152305603027,0.030154794454574585,0.0009771381737664342,0.0,0.030154794454574585,-2.081209421157837,0.012909945100545883,0.0,0.012909945100545883,0.03821141645312309,0.0,0.03821141645312309,0.0,1.0,-20.427581787109375,1784673072.7454593,53.395567893981934,,2.1034778767556617,20.45897862590656,0.0,,False,1.4956672191619873
468,0.008710448630154133,2.1491694042197196e-06,0.00869955774396658,0.0012679623905569315,3.781442785566469e-07,0.0015722747193649411,0.000304507149849087,-11.958856582641602,0.6939155459403992,0.0008227354846894741,0.6933049559593201,0.5188723802566528,3.7474907003343105e-05,0.5172524452209473,0.0017311873380094767,-6.774240970611572,0.5011170506477356,7.567704869870795e-06,0.5006939172744751,0.00042313337326049805,-4.965042591094971,0.9923593401908875,0.0009778854437172413,1.0,0.007640659809112549,-2.516270637512207,0.09834617376327515,0.009516612626612186,0.0,0.09834617376327515,-0.9002572894096375,0.024446789175271988,0.0,0.024446789175271988,0.01791028119623661,0.0,0.01791028119623661,0.0,1.0,-19.86077117919922,1784673072.8519185,53.50202703475952,,1.2559340561795977,19.415645886113833,0.0,,False,1.4956672191619873
469,0.008772733621299267,2.1776386347482912e-06,0.008466624654829502,0.0012851015198975801,3.9625368231099856e-07,0.0015163366915658116,0.00038363056955859065,-11.962379455566406,0.6989419460296631,0.0008226350764743984,0.6990218758583069,0.5188553929328918,3.734671918209642e-05,0.5166820287704468,0.0021748333238065243,-6.748012065887451,0.5012606382369995,7.628738330822671e-06,0.5007448196411133,0.0005158185958862305,-4.955417156219482,0.9867334365844727,0.001008633291348815,1.0,0.013266563415527344,-2.4433934688568115,0.08861182630062103,0.007520230021327734,0.0,0.08861182630062103,-1.0040786266326904,0.020025387406349182,0.0,0.020025387406349182,0.02062656544148922,0.0,0.02062656544148922,0.0,1.0,-19.838499069213867,1784673072.956558,53.606666564941406,,0.38611812561818226,18.476134483544158,0.0,,False,1.4956672191619873
470,0.008821665309369564,2.1140654098417144e-06,0.007675821892917156,0.0013094143941998482,3.977528422183241e-07,0.0013747927732765675,0.0011477069929242134,-11.748387336730957,0.7032166719436646,0.0008108530309982598,0.7030549645423889,0.5188285708427429,3.7260579119902104e-05,0.515528678894043,0.0033038516994565725,-6.673482418060303,0.5014415979385376,7.568173259642208e-06,0.5008997321128845,0.0005418658256530762,-4.957442760467529,0.9834471940994263,0.0010001864284276962,1.0,0.01655280590057373,-2.397873640060425,0.0743657648563385,0.005183401983231306,0.0,0.0743657648563385,-1.1787492036819458,0.017116816714406013,0.0,0.017116816714406013,0.025388142094016075,0.0,0.025388142094016075,0.0,1.0,-19.565895080566406,1784673073.0460782,53.696186780929565,,0.3387861088173878,17.711293658023738,0.0,,False,1.4956672191619873
471,0.008871669881045818,1.9472508938633837e-06,0.008552389219403267,0.0013360537122935057,3.774490835439792e-07,0.0015328184235841036,0.0003750419709831476,-12.054121017456055,0.707544207572937,0.000782350602094084,0.7078854441642761,0.5186904072761536,3.637714689830318e-05,0.5150643587112427,0.0036420696415007114,-6.6687164306640625,0.5015602111816406,7.2461875788576435e-06,0.5010986924171448,0.0004615187644958496,-4.98388147354126,0.9816763401031494,0.0009616439347155392,1.0,0.018323659896850586,-2.379920721054077,0.05889594554901123,0.0032378120813518763,0.0,0.05889594554901123,-1.4118304252624512,0.01545935682952404,0.0,0.01545935682952404,0.03121514432132244,0.0,0.03121514432132244,0.0,1.0,-19.88103675842285,1784673073.1519818,53.80209040641785,,0.1660643501698189,17.179534054083824,0.0,,False,1.4956672191619873
472,0.008918370120227337,1.7803147329686908e-06,0.01003873161971569,0.001361237489618361,3.5329452430232777e-07,0.0018125276546925306,0.0012078380677849054,-11.568706512451172,0.711197018623352,0.0007538213976658881,0.7153857350349426,0.5184617638587952,3.537753218552098e-05,0.5159579515457153,0.004880002234131098,-6.7817769050598145,0.5015959739685059,6.890425993333338e-06,0.5011088252067566,0.0004871487617492676,-5.006529808044434,0.9807931780815125,0.0009186359820887446,1.0,0.01920682191848755,-2.3765835762023926,0.045833975076675415,0.0020789210684597492,0.0,0.045833975076675415,-1.6637635231018066,0.014674820005893707,0.0,0.014674820005893707,0.03693964332342148,0.0,0.03693964332342148,0.0,1.0,-19.497394561767578,1784673073.2668283,53.91693687438965,,0.37698478817752346,16.89970754798326,0.0,,False,1.4956672191619873
473,0.008952174335718155,1.6582936268605408e-06,0.006115206982940435,0.0013848657254129648,3.3483973993497784e-07,0.0011017839424312115,0.002851055935025215,-9.725420951843262,0.7135015726089478,0.0007335646077990532,0.7191721796989441,0.5182437896728516,3.4683685953496024e-05,0.515929639339447,0.006124628707766533,-6.806421279907227,0.5015583038330078,6.668145488220034e-06,0.5010522603988647,0.0005060434341430664,-5.020944118499756,0.9800913333892822,0.0008850031881593168,1.0,0.019908666610717773,-2.3720927238464355,0.03691285848617554,0.0014860127121210098,0.0,0.03691285848617554,-1.8784291744232178,0.01407833956182003,0.0,0.01407833956182003,0.041444916278123856,0.0,0.041444916278123856,0.0,1.0,-17.6810302734375,1784673073.3526716,54.0027801990509,,2.404269514515306,16.83454669320411,0.0,,False,1.4956672191619873
474,0.00896525476127863,1.611174525351089e-06,0.008869582787156105,0.001427164999768138,3.279991744875588e-07,0.0016061330679804087,0.000202935203560628,-12.244857788085938,0.7156614065170288,0.0007276582764461637,0.7220962643623352,0.5179426670074463,3.488578295218758e-05,0.5160172581672668,0.0067167398519814014,-6.825092315673828,0.5013606548309326,6.641289473918732e-06,0.5010814666748047,0.0002791881561279297,-5.036294937133789,0.9780041575431824,0.0008746330859139562,1.0,0.021995842456817627,-2.325331449508667,0.033075690269470215,0.0012343755224719644,0.0,0.033075690269470215,-1.9865169525146484,0.014650157652795315,0.0,0.014650157652795315,0.046680960804224014,0.0,0.046680960804224014,0.0,1.0,-20.223079681396484,1784673073.4463491,54.096457719802856,,1.8895048328941044,16.87747361651639,0.0,,False,1.4956672191619873
475,0.008936179801821709,1.6101212167995982e-06,0.009004899300634861,0.0014631639933213592,3.27132084976256e-07,0.0016339883441105485,0.00018412855570204556,-12.252106666564941,0.7165584564208984,0.0007313538226298988,0.7263627052307129,0.5169535875320435,3.584715523174964e-05,0.5152193307876587,0.009956452064216137,-6.782885551452637,0.5012326240539551,6.788633982068859e-06,0.5011694431304932,6.318092346191406e-05,-5.030897617340088,0.9767972826957703,0.0008714676951058209,1.0,0.023202717304229736,-2.2948427200317383,0.03340768814086914,0.0012002253206446767,0.0,0.03340768814086914,-1.97874116897583,0.018161239102482796,0.0,0.018161239102482796,0.058239854872226715,0.0,0.058239854872226715,0.0,1.0,-20.193864822387695,1784673073.5495973,54.199705839157104,,1.4039550102816918,16.91262475628985,0.0,,False,1.4956672191619873
476,0.008986307308077812,1.5991263353498653e-06,0.008973012678325176,0.0014705538051202893,3.2042154884948104e-07,0.0016194605268537998,0.0001494990283390507,-12.277307510375977,0.7205469608306885,0.0007239716942422092,0.730932891368866,0.5166858434677124,3.532654227456078e-05,0.5143264532089233,0.010650552809238434,-6.7496538162231445,0.5014183521270752,6.66426012685406e-06,0.5011467337608337,0.0002716183662414551,-5.034902095794678,0.9759600162506104,0.0008741942001506686,0.994699239730835,0.01873922348022461,-2.4013187885284424,0.03488641977310181,0.0012152467388659716,0.0,0.03488641977310181,-1.9367187023162842,0.019403690472245216,0.0,0.019403690472245216,0.0593581385910511,0.0,0.0593581385910511,0.0,1.0,-20.194480895996094,1784673073.6559947,54.306103229522705,,0.9177891140608807,16.905753429403767,0.0,,False,1.4956672191619873
477,0.009018370881676674,1.6188123481697403e-06,0.008827932178974152,0.0014750544214621186,3.2274826367029164e-07,0.0015950712841004133,0.0002251020778203383,-12.26871109008789,0.7233618497848511,0.000726779573597014,0.7351319789886475,0.5166179537773132,3.525934153003618e-05,0.5129625201225281,0.012324695475399494,-6.61716365814209,0.5014151334762573,6.661404768237844e-06,0.5011965036392212,0.0002186298370361328,-5.0370635986328125,0.9753173589706421,0.0008811847656033933,0.9723988175392151,0.002918541431427002,-2.5933499336242676,0.035602569580078125,0.0012342003174126148,0.0,0.035602569580078125,-1.916219711303711,0.019753260537981987,0.0,0.019753260537981987,0.060340821743011475,0.0,0.060340821743011475,0.0,1.0,-20.080974578857422,1784673073.7501724,54.40028095245361,,0.5451295349787415,16.87838311150511,0.0,,False,1.4956672191619873
478,0.009050382301211357,1.6488498886246816e-06,0.007903270423412323,0.0014856642810627818,3.2747220757300965e-07,0.0014432471944019198,0.0011478958185762167,-11.883997917175293,0.726722002029419,0.0007320112781599164,0.7373731732368469,0.5165257453918457,3.526956425048411e-05,0.51404869556427,0.010935411788523197,-6.733750820159912,0.5013998746871948,6.677421879430767e-06,0.5012423396110535,0.00015753507614135742,-5.03759241104126,0.9734052419662476,0.0008989947964437306,0.9723988175392151,0.0010064244270324707,-2.5876147747039795,0.03621554374694824,0.0012597987661138177,0.0,0.03621554374694824,-1.8989174365997314,0.020124152302742004,0.0,0.020124152302742004,0.06144741177558899,0.0,0.06144741177558899,0.0,1.0,-19.789794921875,1784673073.8457286,54.49583721160889,,0.4636496128790242,16.83371051890247,0.0,,False,1.4956672191619873
479,0.0090872123837471,1.675634621278732e-06,0.00917294342070818,0.001495317672379315,3.304703568574041e-07,0.0016683872090652585,0.00019313952361699194,-12.225645065307617,0.7305276393890381,0.0007343738107010722,0.7405439019203186,0.5164340734481812,3.5186472814530134e-05,0.5154155492782593,0.010067914612591267,-6.81474494934082,0.5013936161994934,6.647287591476925e-06,0.5012423396110535,0.0001512765884399414,-5.0399909019470215,0.9715394973754883,0.0009132532286457717,0.9612997770309448,0.010239720344543457,-2.522904634475708,0.03671376407146454,0.0012888109777122736,0.0,0.03671376407146454,-1.8851550817489624,0.020442862063646317,0.0,0.020442862063646317,0.06215948238968849,0.0,0.06215948238968849,0.0,1.0,-20.19743537902832,1784673073.9507473,54.60085582733154,,0.0,16.775275571449065,0.0,,False,1.4956672191619873
480,0.00911850854754448,1.7018853668560041e-06,0.009463822469115257,0.0015048938803374767,3.340720411415532e-07,0.001709857489913702,0.0004015617014374584,-12.162055969238281,0.7338494062423706,0.0007372863474301994,0.7436375617980957,0.5164291262626648,3.509129965095781e-05,0.5142449140548706,0.010028896853327751,-6.764218330383301,0.5014071464538574,6.6291204348090105e-06,0.5012619495391846,0.00014519691467285156,-5.04149055480957,0.9694446325302124,0.0009286189451813698,0.9578270316123962,0.011617600917816162,-2.499295949935913,0.03721919655799866,0.0013165253913030028,0.0,0.03721919655799866,-1.871333122253418,0.020703166723251343,0.0,0.020703166723251343,0.06287311762571335,0.0,0.06287311762571335,0.0,1.0,-20.09417724609375,1784673074.049921,54.700029611587524,,0.0,16.703018664500114,0.0,,False,1.4956672191619873
481,0.009149935096502304,1.725393076412729e-06,0.007568974047899246,0.001511991024017334,3.369974308498058e-07,0.0013860631734132767,0.001585968304425478,-11.500907897949219,0.737128496170044,0.0007390121463686228,0.7461836934089661,0.5164808034896851,3.499000740703195e-05,0.5159797072410583,0.009069051593542099,-6.838379859924316,0.5014299154281616,6.599756943614921e-06,0.5013637542724609,6.61611557006836e-05,-5.044969081878662,0.9676949381828308,0.0009428202174603939,0.9577447175979614,0.009950220584869385,-2.5118730068206787,0.03748705983161926,0.0013465522788465023,0.0,0.03748705983161926,-1.8643591403961182,0.020970240235328674,0.0,0.020970240235328674,0.0637270137667656,0.0,0.0637270137667656,0.0,1.0,-19.494094848632812,1784673074.1346776,54.784786224365234,,0.21422015114247017,16.623787775693863,0.0,,False,1.4956672191619873
482,0.009184715338051319,1.747238229654613e-06,0.009070518426597118,0.0015213890001177788,3.392128178347775e-07,0.0016613072948530316,0.00018060472211800516,-12.20659065246582,0.7407996654510498,0.0007395776337943971,0.7491872310638428,0.5164445638656616,3.4855394915211946e-05,0.5176742672920227,0.008477229624986649,-6.82973575592041,0.5014355182647705,6.555700110766338e-06,0.5014217495918274,1.3768672943115234e-05,-5.048635005950928,0.9657595157623291,0.0009539484744891524,0.9578940868377686,0.007865428924560547,-2.5260860919952393,0.037905603647232056,0.001374396844767034,0.0,0.037905603647232056,-1.8532171249389648,0.020957764238119125,0.0,0.020957764238119125,0.06372407078742981,0.0,0.06372407078742981,0.0,1.0,-20.1946964263916,1784673074.2405367,54.890645265579224,,0.0,16.53341487143046,0.0,,False,1.4956672191619873
483,0.009180991910398006,1.7343156741844723e-06,0.00956292636692524,0.0015229946002364159,3.388011293736781e-07,0.0017478761728852987,0.00044322191388346255,-12.126810073852539,0.7400779724121094,0.0007380517781712115,0.752617597579956,0.5168073773384094,3.498847217997536e-05,0.5156301259994507,0.012594765983521938,-6.771786689758301,0.5013042092323303,6.5612207436061e-06,0.5012723207473755,3.1888484954833984e-05,-5.048150539398193,0.9667372107505798,0.0009430907666683197,0.9580302834510803,0.008706927299499512,-2.524043083190918,0.03689366579055786,0.0013765486655756831,0.0,0.03689366579055786,-1.8807451725006104,0.020607847720384598,0.0,0.020607847720384598,0.06531140208244324,0.0,0.06531140208244324,0.0,1.0,-20.068313598632812,1784673074.3462412,54.996349811553955,,0.0,16.4705700147287,0.0,,False,1.4956672191619873
484,0.009201869368553162,1.741554797263234e-06,0.007720335386693478,0.0015253776218742132,3.390759388821607e-07,0.001407851930707693,0.001486188150011003,-11.590475082397461,0.7423452138900757,0.0007362928008660674,0.7550533413887024,0.5169344544410706,3.485107663436793e-05,0.5174048542976379,0.01271683070808649,-6.788434028625488,0.5013257265090942,6.525524440803565e-06,0.5012127757072449,0.00011295080184936523,-5.049978256225586,0.9659863710403442,0.0009461075533181429,0.9579927921295166,0.007993578910827637,-2.5288703441619873,0.03696274757385254,0.0014018927467986941,0.0,0.03696274757385254,-1.8787416219711304,0.02061871625483036,0.0,0.02061871625483036,0.0657980814576149,0.0,0.0657980814576149,0.0,1.0,-19.54621124267578,1784673074.4397285,55.089837074279785,,0.16210375709950142,16.405721607497462,0.0,,False,1.4956672191619873
485,0.009225768968462944,1.7661276388025726e-06,0.009350073523819447,0.0015235408209264278,3.4179325325567333e-07,0.0016978391213342547,0.00021408297470770776,-12.181197166442871,0.7450700998306274,0.0007379504386335611,0.7579569816589355,0.5170164108276367,3.48716857843101e-05,0.5178296566009521,0.012912517413496971,-6.7778520584106445,0.5013375282287598,6.5244375946349464e-06,0.5012232065200806,0.00011432170867919922,-5.050037860870361,0.9641503095626831,0.0009545160573907197,0.9600329399108887,0.004117369651794434,-2.5493342876434326,0.037575289607048035,0.0014359131455421448,0.0,0.037575289607048035,-1.8623995780944824,0.020384324714541435,0.0,0.020384324714541435,0.0652599036693573,0.0,0.0652599036693573,0.0,1.0,-20.128498077392578,1784673074.5352137,55.185322284698486,,0.0,16.324531156389575,0.0,,False,1.4956672191619873
486,0.009242973290383816,1.7795973690226674e-06,0.009290948510169983,0.0015156508889049292,3.431036077472527e-07,0.0016832344699651003,0.00017431545711588115,-12.182727813720703,0.7469116449356079,0.0007376019493676722,0.7607946395874023,0.5172038674354553,3.489150185487233e-05,0.5174928903579712,0.013886002823710442,-6.767961502075195,0.5013744235038757,6.539059995702701e-06,0.5014687180519104,9.429454803466797e-05,-5.0492401123046875,0.9631385803222656,0.0009589440887793899,0.9620502591133118,0.0010883212089538574,-2.5552830696105957,0.03825470805168152,0.0014682273613288999,0.0,0.03825470805168152,-1.8445475101470947,0.019810499623417854,0.0,0.019810499623417854,0.0642060711979866,0.0,0.0642060711979866,0.0,1.0,-20.12171745300293,1784673074.6417177,55.291826248168945,,0.0,16.2254886373343,0.0,,False,1.4956672191619873
487,0.00925815012305975,1.7976518620343995e-06,0.009112595580518246,0.0015073847025632858,3.4524970260463306e-07,0.0016739345155656338,0.00022118988272268325,-12.170071601867676,0.7486426830291748,0.000738680362701416,0.7636468410491943,0.517333447933197,3.4990342101082206e-05,0.5176188349723816,0.01500687189400196,-6.744117736816406,0.5014029741287231,6.570937330252491e-06,0.5016899108886719,0.00028693675994873047,-5.041223526000977,0.9623217582702637,0.0009632052970118821,0.9632531404495239,0.0009313821792602539,-2.5532329082489014,0.03889736533164978,0.0015013283118605614,0.0,0.03889736533164978,-1.8278753757476807,0.019169587641954422,0.0,0.019169587641954422,0.06296355277299881,0.0,0.06296355277299881,0.0,1.0,-20.085975646972656,1784673074.7484236,55.3985321521759,,0.0,16.109773983879613,0.0,,False,1.4956672191619873
488,0.009273644536733627,1.8158095826947829e-06,0.009824346750974655,0.0014991291100159287,3.476062602203456e-07,0.001802754239179194,0.0006288570002652705,-11.991596221923828,0.7504069805145264,0.0007403084309771657,0.7669891715049744,0.5174573659896851,3.5035838664043695e-05,0.5165386199951172,0.016607623547315598,-6.698155403137207,0.5014283657073975,6.596998900931794e-06,0.5016877055168152,0.0002593398094177246,-5.040411949157715,0.9616291522979736,0.0009669549181126058,0.9646350145339966,0.0030058622360229492,-2.5470685958862305,0.03966531157493591,0.001531726447865367,0.0,0.03966531157493591,-1.8081586360931396,0.018432727083563805,0.0,0.018432727083563805,0.06132823973894119,0.0,0.06132823973894119,0.0,1.0,-19.87032699584961,1784673074.8557296,55.50583815574646,,0.0,15.974342590770384,0.0,,False,1.4956672191619873
489,0.00928860530257225,1.8250293578603305e-06,0.007818982936441898,0.001489525195211172,3.485499746602727e-07,0.0014328362885862589,0.0014707152731716633,-11.607498168945312,0.7516833543777466,0.0007403804338537157,0.7693202495574951,0.5175972580909729,3.500806269585155e-05,0.5164742469787598,0.017672613263130188,-6.668181896209717,0.501447319984436,6.608158400922548e-06,0.5016877055168152,0.0002403855323791504,-5.040292263031006,0.9617413878440857,0.00096616439986974,0.856188178062439,0.10555320978164673,3.2136807441711426,0.040320828557014465,0.0015501385787501931,0.0,0.040320828557014465,-1.7913720607757568,0.01762567088007927,0.0,0.01762567088007927,0.059611860662698746,0.0,0.059611860662698746,0.0,1.0,-19.462188720703125,1784673074.9411845,55.59129309654236,,0.24612627907215767,15.822124622343772,0.0,,False,1.4956672191619873
490,0.009309736080467701,1.7602724255993962e-06,0.010274657979607582,0.0015801801346242428,3.466523423867329e-07,0.0018938584253191948,0.0010146271670237184,-11.818225860595703,0.7529169321060181,0.000740246323402971,0.7718417644500732,0.5179864168167114,3.347369420225732e-05,0.513736367225647,0.019396189600229263,-6.407041549682617,0.5012614130973816,6.184020548971603e-06,0.5015174150466919,0.00025600194931030273,-5.072533130645752,0.9627000689506531,0.0009663089876994491,0.9687942266464233,0.006094157695770264,-2.53285813331604,0.03611396253108978,0.0015056582633405924,0.0,0.03611396253108978,-1.8972184658050537,0.016253236681222916,0.0,0.016253236681222916,0.060263361781835556,0.0,0.060263361781835556,0.0,1.0,-19.480125427246094,1784673075.056097,55.70620560646057,,0.4743158516013466,15.775753058946457,0.0,,False,1.4956672191619873
491,0.009354243054986,1.6365024748665746e-06,0.0077719856053590775,0.0015654363669455051,3.1909695508147706e-07,0.0014362508663907647,0.0015875224489718676,-11.51142692565918,0.7554874420166016,0.0007066073012538254,0.7750765681266785,0.5181307792663574,3.233353345422074e-05,0.5151412487030029,0.019815931096673012,-6.5496063232421875,0.5013296604156494,5.905282705498394e-06,0.5016195774078369,0.0002899169921875,-5.093776226043701,0.9691143035888672,0.0009028637432493269,0.971795380115509,0.0026810765266418457,-2.582050085067749,0.03553396463394165,0.0014655329287052155,0.0,0.03553396463394165,-1.91304349899292,0.015298234298825264,0.0,0.015298234298825264,0.05592833831906319,0.0,0.05592833831906319,0.0,0.0,-19.29800033569336,1784673075.1506705,55.80077910423279,,0.8846305156832699,15.745206528737008,0.0,,False,1.4956672191619873
492,0.009428239427506924,1.613335257388826e-06,0.009595011360943317,0.0015432214131578803,3.062340283577214e-07,0.0017837919294834137,0.0002927235036622733,-12.227071762084961,0.7582032084465027,0.0006973625277169049,0.7770231366157532,0.5180409550666809,3.238289718865417e-05,0.5164108276367188,0.018890393897891045,-6.670186996459961,0.501468300819397,6.0237007346586324e-06,0.5016553401947021,0.00018703937530517578,-5.088061809539795,0.9724096059799194,0.0008712059934623539,0.9739640951156616,0.0015544891357421875,-2.6024906635284424,0.035634592175483704,0.001514287432655692,0.0,0.035634592175483704,-1.9081854820251465,0.01477429736405611,0.0,0.01477429736405611,0.05421173572540283,0.0,0.05421173572540283,0.0,0.0,-20.10725212097168,1784673075.2458656,55.89597415924072,,0.4856933944868729,15.709801981559785,0.0,,False,1.4956672191619873
493,0.009463024325668812,1.5866303328948561e-06,0.00977877713739872,0.0015564534114673734,3.0243231208260113e-07,0.0018166755326092243,0.0004091642622370273,-12.201406478881836,0.761284589767456,0.0006923670880496502,0.7798888087272644,0.5180410742759705,3.220696817152202e-05,0.5147138833999634,0.018899396061897278,-6.549671649932861,0.5016117691993713,5.960638191027101e-06,0.5015897750854492,2.199411392211914e-05,-5.096187114715576,0.9760786294937134,0.0008479537791572511,0.9766809940338135,0.0006023645401000977,-2.617189645767212,0.03658434748649597,0.001488762442022562,0.0,0.03658434748649597,-1.8864609003067017,0.014112744480371475,0.0,0.014112744480371475,0.052032556384801865,0.0,0.052032556384801865,0.0,0.0,-19.98923683166504,1784673075.3498523,55.99996089935303,,0.20477156259711649,15.652672852664118,0.0,,False,1.4956672191619873
494,0.009493255987763405,1.6147348560480168e-06,0.009787735529243946,0.0015635674353688955,3.0753017199458554e-07,0.0018190754344686866,0.0003898750292137265,-12.1946439743042,0.764016330242157,0.000698139367159456,0.7831736207008362,0.5180789828300476,3.262764948885888e-05,0.5143260955810547,0.019521422684192657,-6.4821696281433105,0.5017784237861633,6.03276930633001e-06,0.5015127658843994,0.000265657901763916,-5.084364414215088,0.9780334234237671,0.000842131266836077,0.9780271053314209,6.318092346191406e-06,-2.6208486557006836,0.03649824857711792,0.0014773508301004767,0.0,0.03649824857711792,-1.888965368270874,0.013478042557835579,0.0,0.013478042557835579,0.05063749477267265,0.0,0.05063749477267265,0.0,0.0,-19.922561645507812,1784673075.4597208,56.10982942581177,,0.0,15.598048191732623,0.0,,False,1.4956672191619873
495,0.00952689815312624,1.6611475075478666e-06,0.007928453385829926,0.00157078355550766,3.164453517001675e-07,0.0014736027223989367,0.0016013962449505925,-11.515204429626465,0.767117977142334,0.0007093668100424111,0.7854807376861572,0.5182861089706421,3.323443888803013e-05,0.5150340795516968,0.018648503348231316,-6.546875476837158,0.5019991397857666,6.164814294606913e-06,0.5015181303024292,0.00048100948333740234,-5.060622215270996,0.9789575934410095,0.0008449883316643536,0.9797959923744202,0.0008383989334106445,-2.618739366531372,0.03651010990142822,0.0014722513733431697,0.0,0.03651010990142822,-1.888838768005371,0.012732372619211674,0.0,0.012732372619211674,0.04941762983798981,0.0,0.04941762983798981,0.0,0.0,-19.283016204833984,1784673075.5347946,56.184903144836426,,0.4252987949412983,15.543296930535625,0.0,,False,1.4956672191619873
496,0.009566552937030792,1.7275572190555977e-06,0.011310511268675327,0.0015757769579067826,3.294682358045975e-07,0.002111278474330902,0.0018243225058540702,-10.943970680236816,0.7707419395446777,0.0007261369028128684,0.7882897853851318,0.5185458064079285,3.391357677173801e-05,0.5157545804977417,0.01776845194399357,-6.594960689544678,0.5021975040435791,6.322968602034962e-06,0.5014963746070862,0.0007011294364929199,-5.0278496742248535,0.9788966774940491,0.0008594566024839878,0.9828686714172363,0.003971993923187256,-2.6014883518218994,0.03647643327713013,0.0014696846483275294,0.0,0.03647643327713013,-1.8897569179534912,0.011513314209878445,0.0,0.011513314209878445,0.046937212347984314,0.0,0.046937212347984314,0.0,0.0,-18.73386573791504,1784673075.6417737,56.291882276535034,,1.399748056801542,15.48946381928675,0.0,,False,1.4956672191619873
497,0.009651856496930122,1.7775447531676036e-06,0.007937172427773476,0.001598002971149981,3.4127251069548947e-07,0.0014974834630265832,0.0017176279798150063,-11.385726928710938,0.7778509855270386,0.0007433047867380083,0.7910866737365723,0.5195329785346985,3.4067601518472657e-05,0.5164002180099487,0.013601383194327354,-6.646025657653809,0.5026506185531616,6.3356546888826415e-06,0.5014641880989075,0.0011864304542541504,-4.9546332359313965,0.980274498462677,0.0008643641485832632,0.9857416152954102,0.005467116832733154,-2.590529680252075,0.034617841243743896,0.0014169933274388313,0.0,0.034617841243743896,-1.93780517578125,0.010110639967024326,0.0,0.010110639967024326,0.04390283301472664,0.0,0.04390283301472664,0.0,0.0,-19.17986297607422,1784673075.744977,56.39508557319641,,1.9282000805026058,15.483678965865632,0.0,,False,1.4956672191619873
498,0.00967484712600708,1.795227490219986e-06,0.009615687653422356,0.0016090397257357836,3.449240750796889e-07,0.0018164613284170628,0.0002156932168873027,-12.153942108154297,0.7808045148849487,0.0007507956470362842,0.7943583130836487,0.519024670124054,3.406536052352749e-05,0.5160341262817383,0.013879797421395779,-6.649317741394043,0.5026473999023438,6.29278838459868e-06,0.5013537406921387,0.0012936592102050781,-4.936140537261963,0.980574369430542,0.0008696361910551786,0.9872825145721436,0.0067081451416015625,-2.578906774520874,0.03468981385231018,0.001405389979481697,0.0,0.03468981385231018,-1.9366505146026611,0.009719173423945904,0.0,0.009719173423945904,0.04252493008971214,0.0,0.04252493008971214,0.0,0.0,-19.94146728515625,1784673075.8515499,56.50165843963623,,1.6950477951216385,15.476739451265926,0.0,,False,1.4956672191619873
499,0.009697605855762959,1.821650243982731e-06,0.008100881241261959,0.0016157666686922312,3.497389400308748e-07,0.0015216348692774773,0.0015994968125596642,-11.490592956542969,0.7834380865097046,0.000760067836381495,0.7966563105583191,0.5186024904251099,3.41855084116105e-05,0.5159153342247009,0.013488597236573696,-6.674478530883789,0.502655565738678,6.266264790610876e-06,0.5012226104736328,0.001432955265045166,-4.907383918762207,0.9813034534454346,0.0008745750528760254,0.989084005355835,0.007780551910400391,-2.567338466644287,0.034538015723228455,0.0013955470640212297,0.0,0.034538015723228455,-1.9409096240997314,0.009370888583362103,0.0,0.009370888583362103,0.04160125181078911,0.0,0.04160125181078911,0.0,0.0,-19.28386688232422,1784673075.9367278,56.58683633804321,,2.1194959125727024,15.47405904616329,0.0,,False,1.4956672191619873
500,0.009720641188323498,1.8438340703141876e-06,0.011021430604159832,0.0016229506582021713,3.535893142725399e-07,0.002075898228213191,0.0013773941900581121,-11.44256591796875,0.7860948443412781,0.000768223952036351,0.7999007105827332,0.5181381702423096,3.426930925343186e-05,0.515847384929657,0.013994629494845867,-6.687848091125488,0.5026271939277649,6.2234657889348455e-06,0.5012025833129883,0.0014246106147766113,-4.911599636077881,0.9821803569793701,0.0008799214847385883,0.9895500540733337,0.007369697093963623,-2.56803822517395,0.034392476081848145,0.0013800248270854354,0.0,0.034392476081848145,-1.9453301429748535,0.008930696174502373,0.0,0.008930696174502373,0.04020913317799568,0.0,0.04020913317799568,0.0,0.0,-19.24864387512207,1784673076.0529807,56.703089237213135,,2.579167037225915,15.475799159935777,0.0,,False,1.4956672191619873
501,0.009741213172674179,1.8512960195948835e-06,0.008196026086807251,0.0016293915687128901,3.5513906482265156e-07,0.001549125649034977,0.001547270454466343,-11.53339672088623,0.7885313034057617,0.0007745867478661239,0.8022222518920898,0.5178526639938354,3.416302934056148e-05,0.5158661603927612,0.013834315352141857,-6.707146644592285,0.5026397705078125,6.1594805629283655e-06,0.5012603402137756,0.0013794302940368652,-4.925357341766357,0.9831802248954773,0.0008831433369778097,0.9904778003692627,0.0072975754737854,-2.566922426223755,0.03416234254837036,0.0013673445209860802,0.0,0.03416234254837036,-1.9517402648925781,0.008503476157784462,0.0,0.008503476157784462,0.038962606340646744,0.0,0.038962606340646744,0.0,0.0,-19.361793518066406,1784673076.1466098,56.79671835899353,,2.925688518934791,15.483949395625988,0.0,,False,1.4956672191619873
502,0.0097621725872159,1.8645096133695915e-06,0.010085109621286392,0.0016388146905228496,3.582171075322549e-07,0.001911947620101273,0.00042295380262658,-12.047347068786621,0.7913920879364014,0.0007833028212189674,0.8050088286399841,0.5174583792686462,3.4074782888637856e-05,0.5158911943435669,0.0137066300958395,-6.727200508117676,0.5025985836982727,6.087026122258976e-06,0.5012533068656921,0.0013452768325805664,-4.937078952789307,0.9843881726264954,0.0008900408283807337,0.9919534921646118,0.007565319538116455,-2.561030626296997,0.033959776163101196,0.0013523936504498124,0.0,0.033959776163101196,-1.9576215744018555,0.007985951378941536,0.0,0.007985951378941536,0.03725634142756462,0.0,0.03725634142756462,0.0,0.0,-19.897647857666016,1784673076.2533882,56.903496742248535,,2.7363556610440583,15.497980940825476,0.0,,False,1.4956672191619873
503,0.009795484133064747,1.8695853896133485e-06,0.011342110112309456,0.0016649169847369194,3.636885992364114e-07,0.0021632956340909004,0.0016249410109594464,-11.189300537109375,0.7966121435165405,0.0008046395378187299,0.8091668486595154,0.5175634622573853,3.336244117235765e-05,0.5156283378601074,0.012702965177595615,-6.724654197692871,0.5028273463249207,5.869169854122447e-06,0.5010712742805481,0.0017560720443725586,-4.841248989105225,0.9881756901741028,0.0009074850240722299,0.9926170110702515,0.004441320896148682,-2.572610378265381,0.033715009689331055,0.0012884726747870445,0.0,0.033715009689331055,-1.9671058654785156,0.006667162291705608,0.0,0.006667162291705608,0.031925268471241,0.0,0.031925268471241,0.0,0.0,-18.989646911621094,1784673076.3688073,57.01891589164734,,3.455023749198247,15.521496777101625,0.0,,False,1.4956672191619873
504,0.009819135069847107,1.9082851849816507e-06,0.009636667557060719,0.001664031413383782,3.716347123372543e-07,0.0018333288608118892,0.00024890966597013175,-12.102167129516602,0.7988549470901489,0.0008209336665458977,0.8114603161811829,0.5173116326332092,3.351216946612112e-05,0.5154625177383423,0.012740273028612137,-6.718666076660156,0.5028337836265564,5.8375012486067135e-06,0.5009543895721436,0.0018793940544128418,-4.804128170013428,0.9891364574432373,0.0009277213830500841,0.9931118488311768,0.003975391387939453,-2.5639336109161377,0.03311014175415039,0.001275742193683982,0.0,0.03311014175415039,-1.983510971069336,0.006031760945916176,0.0,0.006031760945916176,0.02966279536485672,0.0,0.02966279536485672,0.0,0.0,-19.87916374206543,1784673076.4634814,57.11359000205994,,3.2841750069081,15.561417718968592,0.0,,False,1.4956672191619873
505,0.009841816499829292,1.968636524907197e-06,0.0067025721073150635,0.00166283396538347,3.8449704220511194e-07,0.0012804488651454449,0.003162447363138199,-9.423765182495117,0.801214337348938,0.0008432454196736217,0.8141997456550598,0.5170032978057861,3.385949457879178e-05,0.5153207778930664,0.013093956746160984,-6.706108093261719,0.5028303861618042,5.82217126066098e-06,0.5009257793426514,0.001904606819152832,-4.796453475952148,0.9898316860198975,0.0009570716065354645,0.9932355880737305,0.003403902053833008,-2.5508244037628174,0.032347068190574646,0.0012626626994460821,0.0,0.032347068190574646,-2.0039920806884766,0.005329901352524757,0.0,0.005329901352524757,0.026914602145552635,0.0,0.026914602145552635,0.0,0.0,-17.186878204345703,1784673076.5570385,57.20714712142944,,5.80561180233768,15.6218197704547,0.0,,False,1.4956672191619873
506,0.009862412698566914,2.0232851056789514e-06,0.010251297615468502,0.0016612423351034522,3.9784160321687523e-07,0.001969859702512622,0.0004964636755175889,-11.929048538208008,0.8037821054458618,0.000866557820700109,0.8160519599914551,0.5166096091270447,3.408803604543209e-05,0.5157508254051208,0.012299871072173119,-6.733211517333984,0.5028056502342224,5.805997261632001e-06,0.5009341239929199,0.0018715262413024902,-4.80773401260376,0.9899700880050659,0.0009919292060658336,0.9933796525001526,0.00340956449508667,-2.5331311225891113,0.03193521499633789,0.0012542452896013856,0.0,0.03193521499633789,-2.0151100158691406,0.004701055586338043,0.0,0.004701055586338043,0.02422688901424408,0.0,0.02422688901424408,0.0,0.0,-19.719486236572266,1784673076.643628,57.29373645782471,,5.794440565540697,15.693339757121471,0.0,,False,1.4956672191619873
507,0.009882235899567604,2.0830891571677057e-06,0.006396330427378416,0.0016582102980464697,4.119345362596505e-07,0.0012273918837308884,0.003512426745146513,-8.912158012390137,0.8059765100479126,0.0008906197035685182,0.8188676238059998,0.5162891149520874,3.425967224757187e-05,0.5179953575134277,0.01300354115664959,-6.6789069175720215,0.5028161406517029,5.7892893892130814e-06,0.5008031129837036,0.0020130276679992676,-4.760830879211426,0.989781379699707,0.0010252732317894697,0.9934554100036621,0.003674030303955078,-2.515876531600952,0.03152993321418762,0.0012528678635135293,0.0,0.03152993321418762,-2.025477170944214,0.004223422147333622,0.0,0.004223422147333622,0.022184522822499275,0.0,0.022184522822499275,0.0,0.0,-16.635698318481445,1784673076.7381413,57.38824987411499,,8.867057246834534,15.775226898863316,0.0,,False,1.4956672191619873
508,0.009893612936139107,2.1256046238704585e-06,0.013541970402002335,0.0016602438408881426,4.2398443156344e-07,0.0026064016856253147,0.0037690484896302223,-7.842923641204834,0.8084666728973389,0.0009080310119315982,0.8221074938774109,0.5159428715705872,3.410871067899279e-05,0.5159269571304321,0.013640830293297768,-6.704754829406738,0.502783477306366,5.7299503168906085e-06,0.5007113218307495,0.002072155475616455,-4.7412800788879395,0.9878314733505249,0.001061360933817923,0.9935221076011658,0.005690634250640869,-2.489907741546631,0.03201627731323242,0.00125793251208961,0.0,0.03201627731323242,-2.012773036956787,0.0038954478222876787,0.0,0.0038954478222876787,0.02034945785999298,0.0,0.02034945785999298,0.0,0.0,-15.577367782592773,1784673076.8537045,57.50381302833557,,12.998004464017043,15.844409906617734,0.0,,False,1.4956672191619873
509,0.009911313652992249,2.142939820259926e-06,0.008267696015536785,0.0016651828773319721,4.364838162018714e-07,0.0016079647466540337,0.0016446133377030492,-11.376975059509277,0.8133612871170044,0.0009100661263801157,0.8244125843048096,0.5159717202186584,3.1793439120519906e-05,0.515364408493042,0.011067971587181091,-6.768344402313232,0.5029123425483704,5.213483291299781e-06,0.5006237626075745,0.0022885799407958984,-4.660880088806152,0.9766638875007629,0.0011308217654004693,0.9928723573684692,0.0162084698677063,-2.3573060035705566,0.03360480070114136,0.0012499779695644975,0.0,0.03360480070114136,-1.9716551303863525,0.0037094270810484886,0.0,0.0037094270810484886,0.017668001353740692,0.0,0.017668001353740692,0.0,0.0,-19.12209129333496,1784673076.9368298,57.58693838119507,,13.584228170457365,15.872475007801718,0.0,,False,1.4956672191619873
510,0.009927423670887947,2.159568339266116e-06,0.010821876116096973,0.001671476406045258,4.387050012155669e-07,0.002103967359289527,0.00099352584220469,-11.60622787475586,0.8157920837402344,0.0009035912225954235,0.8271741271018982,0.5155870318412781,3.1096740713110194e-05,0.5168612599372864,0.011453147046267986,-6.7581000328063965,0.502770185470581,5.016375325794797e-06,0.5003315210342407,0.002438664436340332,-4.589695453643799,0.9716224670410156,0.0011547410394996405,0.992538571357727,0.020916104316711426,-2.2735719680786133,0.03325742483139038,0.0012526779901236296,0.0,0.03325742483139038,-1.9808207750320435,0.003737933933734894,0.0,0.003737933933734894,0.01758597418665886,0.0,0.01758597418665886,0.0,0.0,-19.30755615234375,1784673077.052231,57.70233964920044,,13.984987017888898,15.909705753631393,0.0,,False,1.4956672191619873
511,0.009948386810719967,2.177816440962488e-06,0.010610799305140972,0.0016768481582403183,4.4056025672034593e-07,0.0020542668644338846,0.0007623878191225231,-11.735921859741211,0.818447470664978,0.0008996553951874375,0.8303981423377991,0.5152818560600281,3.0349941880558617e-05,0.515871524810791,0.011965210549533367,-6.785127639770508,0.5026652216911316,4.805956450582016e-06,0.5002325177192688,0.002432703971862793,-4.588189125061035,0.9667273163795471,0.0011826506815850735,0.9918700456619263,0.02514272928237915,-2.1837971210479736,0.032468587160110474,0.0012591127306222916,0.0,0.032468587160110474,-2.001103639602661,0.003834701608866453,0.0,0.003834701608866453,0.017957033589482307,0.0,0.017957033589482307,0.0,0.0,-19.458118438720703,1784673077.1589916,57.80910015106201,,14.235183578943477,15.967219364031685,0.0,,False,1.4956672191619873
512,0.00997011736035347,2.240825097032939e-06,0.008370252326130867,0.0016833951231092215,4.4901713636136265e-07,0.0016161479288712144,0.0016012777341529727,-11.398401260375977,0.82134610414505,0.0009016089024953544,0.832690954208374,0.5149853825569153,2.9980064937262796e-05,0.5151342153549194,0.011345826089382172,-6.803531646728516,0.502571702003479,4.645672561309766e-06,0.5001910328865051,0.002380669116973877,-4.610863208770752,0.9620779752731323,0.0012304020347073674,0.9904379844665527,0.02836000919342041,-2.104428291320801,0.03157190978527069,0.001266520470380783,0.0,0.03157190978527069,-2.0232889652252197,0.003985018935054541,0.0,0.003985018935054541,0.018561512231826782,0.0,0.018561512231826782,0.0,0.0,-19.146657943725586,1784673077.2447934,57.8949019908905,,14.796840634993174,16.046918300054536,0.0,,False,1.4956672191619873
513,0.009998933412134647,2.305544967384776e-06,0.01024827640503645,0.001691810437478125,4.582911685702129e-07,0.0019702217541635036,0.0003737442893907428,-11.852049827575684,0.825364351272583,0.000902709667570889,0.8354082703590393,0.5146697163581848,2.9639411877724342e-05,0.5152727961540222,0.010062008164823055,-6.818368911743164,0.5024868249893188,4.4868679651699495e-06,0.500243604183197,0.002243220806121826,-4.677487373352051,0.9566024541854858,0.0013018273748457432,0.9877545833587646,0.03115212917327881,-2.0303266048431396,0.031043842434883118,0.0012745943386107683,0.0,0.031043842434883118,-2.0355753898620605,0.004163955803960562,0.0,0.004163955803960562,0.019108068197965622,0.0,0.019108068197965622,0.0,0.0,-19.645488739013672,1784673077.3501832,58.00029182434082,,14.859666895754785,16.138903660714227,0.0,,False,1.4956672191619873
514,0.010026790201663971,2.3902516659290995e-06,0.010259941220283508,0.0016950906720012426,4.6905387307560886e-07,0.0019790835212916136,0.0003674388863146305,-11.823108673095703,0.8286400437355042,0.0009053724934346974,0.8381549715995789,0.5143951177597046,2.947808570752386e-05,0.5147855281829834,0.009522933512926102,-6.829052925109863,0.5024086236953735,4.363599600765156e-06,0.5003053545951843,0.002103269100189209,-4.745276927947998,0.95212721824646,0.0013802938628941774,0.9846631288528442,0.03253591060638428,-1.9903268814086914,0.03020947426557541,0.0012775964569300413,0.0,0.03020947426557541,-2.0552890300750732,0.0043670423328876495,0.0,0.0043670423328876495,0.019815336912870407,0.0,0.019815336912870407,0.0,0.0,-19.65898895263672,1784673077.4557624,58.105870962142944,,14.908992942893349,16.25060266158693,0.0,,False,1.4956672191619873
515,0.01010090857744217,2.492118483132799e-06,0.010279284790158272,0.0016988209681585431,4.822271648663445e-07,0.0019804569892585278,0.0003333720669616014,-11.797110557556152,0.8392693400382996,0.0008919007959775627,0.8414454460144043,0.5141142010688782,2.8354656024021097e-05,0.5154792070388794,0.002568789292126894,-6.873049736022949,0.5022663474082947,3.980157998739742e-06,0.50034099817276,0.001925349235534668,-4.832474708557129,0.9377524852752686,0.0016729774652048945,0.9821593761444092,0.044406890869140625,-1.6882765293121338,0.02906128764152527,0.001272254972718656,0.0,0.02906128764152527,-2.082629680633545,0.00471298024058342,0.0,0.00471298024058342,0.019704045727849007,0.0,0.019704045727849007,0.0,0.0,-19.711788177490234,1784673077.5602438,58.210352420806885,,14.905519765178397,16.389642313018108,0.0,,False,1.4956672191619873
516,0.010141321457922459,2.553399781390908e-06,0.009082919918000698,0.0017015307676047087,4.890712261840235e-07,0.0017609774367883801,0.0010600696550682187,-11.643573760986328,0.843086302280426,0.0008899852400645614,0.843760073184967,0.5137689709663391,2.8713178835459985e-05,0.5156423449516296,0.0019908533431589603,-6.841984748840332,0.5021325349807739,3.961373295169324e-06,0.5003374814987183,0.001795053482055664,-4.893816947937012,0.9331881999969482,0.0018148469971492887,0.975281298160553,0.042093098163604736,-1.7487902641296387,0.028265148401260376,0.0012945198686793447,0.0,0.028265148401260376,-2.097291946411133,0.004831220488995314,0.0,0.004831220488995314,0.020255178213119507,0.0,0.020255178213119507,0.0,0.0,-19.564069747924805,1784673077.6445336,58.294642210006714,,15.049765017028875,16.54334423022687,0.0,,False,1.4956672191619873
517,0.0101851811632514,2.6144796265725745e-06,0.010448567569255829,0.0017069218447431922,4.963018795933749e-07,0.002027957933023572,0.00041525482083670795,-11.730287551879883,0.8474828004837036,0.0008879206143319607,0.8469362258911133,0.5134069323539734,2.9457354685291648e-05,0.5142096281051636,0.0009711149614304304,-6.880615711212158,0.501956045627594,4.005781647720141e-06,0.5003041625022888,0.0016518831253051758,-4.954349517822266,0.9280632138252258,0.0020148667972534895,0.9699288606643677,0.041865646839141846,-1.7497128248214722,0.02758641541004181,0.0013330235378816724,0.0,0.02758641541004181,-2.105769157409668,0.004880120512098074,0.0,0.004880120512098074,0.02062770165503025,0.0,0.02062770165503025,0.0,0.0,-19.71195411682129,1784673077.7498338,58.39994239807129,,15.046125899982869,16.70552335843417,0.0,,False,1.4956672191619873
518,0.010225066915154457,2.6609088763507316e-06,0.008753499016165733,0.0017076703952625394,5.00178600759682e-07,0.0016969969728961587,0.0014716066652908921,-11.427667617797852,0.850877046585083,0.0008861280512064695,0.8490352630615234,0.5129472017288208,3.0370782042155042e-05,0.5149387121200562,0.002712615067139268,-6.810253620147705,0.5017411112785339,4.108376288058935e-06,0.5001705884933472,0.0015705227851867676,-4.982118129730225,0.9235289096832275,0.0022454143036156893,0.9629422426223755,0.03941333293914795,-1.7845866680145264,0.026965178549289703,0.0013818878214806318,0.0,0.026965178549289703,-2.110124111175537,0.004819917492568493,0.0,0.004819917492568493,0.020992757752537727,0.0,0.020992757752537727,0.0,0.0,-19.366928100585938,1784673077.8436134,58.4937219619751,,15.387512799172214,16.87205744040734,0.0,,False,1.4956672191619873
519,0.010266929864883423,2.7114767817693064e-06,0.010456270538270473,0.0017105579609051347,5.01303702549194e-07,0.0020156747195869684,0.0003590906853787601,-11.724693298339844,0.8544176816940308,0.0008844529511407018,0.8519052863121033,0.5122170448303223,3.162116991006769e-05,0.5144743919372559,0.0033775356132537127,-6.7740936279296875,0.5013995170593262,4.281992460164474e-06,0.5000863075256348,0.0013132095336914062,-5.060238838195801,0.9206137657165527,0.002592802979052067,0.9581071138381958,0.037493348121643066,-1.7874822616577148,0.026623763144016266,0.0014354957966133952,0.0,0.026623763144016266,-2.1072921752929688,0.0044381702318787575,0.0,0.0044381702318787575,0.020572436973452568,0.0,0.020572436973452568,0.0,0.0,-19.674087524414062,1784673077.9385536,58.58866214752197,,15.421740274533434,17.03575958649794,0.0,,False,1.4956672191619873
520,0.010238101705908775,2.6108359634235967e-06,0.011089219711720943,0.0017019984079524875,4.6608261072833557e-07,0.002127111656591296,0.0009513795957900584,-11.546892166137695,0.8533276915550232,0.000855273799970746,0.8546242117881775,0.5122901797294617,3.1294155633077025e-05,0.5133616924285889,0.0016819941811263561,-6.860879421234131,0.5008904933929443,4.27739905717317e-06,0.5001675486564636,0.0007229447364807129,-5.2010498046875,0.9400948286056519,0.0026355821173638105,0.9579175710678101,0.017822742462158203,-1.990125060081482,0.02474702149629593,0.00140974554233253,0.0,0.02474702149629593,-2.146026849746704,0.004387691151350737,0.0,0.004387691151350737,0.019885651767253876,0.0,0.019885651767253876,0.0,0.0,-19.636119842529297,1784673078.0501933,58.70030188560486,,15.49393543177942,17.238196407042274,0.0,,False,1.4956672191619873
521,0.010302474722266197,3.3287110454693902e-06,0.008667722344398499,0.001844386337324977,5.868278094567358e-07,0.001662388676777482,0.0016448521055281162,-11.213211059570312,0.8697795867919922,0.0010200489778071642,0.8565821647644043,0.5124152898788452,3.206930705346167e-05,0.5151512026786804,0.013478024862706661,-6.577802658081055,0.5004680752754211,4.533626906777499e-06,0.500304102897644,0.0001639723777770996,-5.230090141296387,0.9373490810394287,0.0037815782707184553,0.9581530094146729,0.02080392837524414,-1.8126431703567505,0.024301961064338684,0.001452715485356748,0.0,0.024301961064338684,-2.1449522972106934,0.003815588541328907,0.0,0.003815588541328907,0.015753205865621567,0.0,0.015753205865621567,0.0,0.0,-19.090497970581055,1784673078.1458323,58.79594087600708,,16.111752460973648,17.4395586750506,0.0,,False,1.4956672191619873
522,0.010295413434505463,3.4222507565573324e-06,0.006731141358613968,0.0018732658354565501,6.028412826708518e-07,0.0013080410426482558,0.0036088107153773308,-9.494462966918945,0.8712496757507324,0.0010425723157823086,0.8591857552528381,0.5124905705451965,3.224887768737972e-05,0.5144210457801819,0.012217401526868343,-6.638590335845947,0.5004051327705383,4.522479684965219e-06,0.5004357695579529,3.063678741455078e-05,-5.234182357788086,0.9349738359451294,0.003948776982724667,0.9595048427581787,0.024531006813049316,-1.7720391750335693,0.024203665554523468,0.001459023100323975,0.0,0.024203665554523468,-2.145298719406128,0.003842124482616782,0.0,0.003842124482616782,0.015529673546552658,0.0,0.015529673546552658,0.0,0.0,-17.422428131103516,1784673078.232752,58.88286066055298,,18.397639329645415,17.641267365254357,0.0,,False,1.4956672191619873
523,0.010285917669534683,3.547131427694694e-06,0.014252311550080776,0.0019114166498184204,6.239071126401541e-07,0.0027655395679175854,0.004057315178215504,-8.778192520141602,0.8735033273696899,0.0010743022430688143,0.8620278835296631,0.5125917792320251,3.2392559660365805e-05,0.5138874053955078,0.011548353359103203,-6.661755561828613,0.5003345012664795,4.498586349654943e-06,0.500288724899292,4.57763671875e-05,-5.2367024421691895,0.9311627149581909,0.004181946162134409,0.9611281156539917,0.02996540069580078,-1.712193489074707,0.02398860454559326,0.0014619885478168726,0.0,0.02398860454559326,-2.148235321044922,0.003832554444670677,0.0,0.003832554444670677,0.015099919401109219,0.0,0.015099919401109219,0.0,0.0,-16.725948333740234,1784673078.349321,58.99942946434021,,21.380005995680463,17.845912657096914,0.0,,False,1.4956672191619873
524,0.010287273675203323,3.525152351357974e-06,0.010631187818944454,0.0019105885876342654,6.205813178894459e-07,0.002071682596579194,0.00037977390456944704,-11.54853630065918,0.8729894161224365,0.0010692812502384186,0.8647370338439941,0.5125798583030701,3.2464286050526425e-05,0.5137479305267334,0.008334639482200146,-6.697333812713623,0.5002948045730591,4.503322998061776e-06,0.5000947713851929,0.00020003318786621094,-5.231966018676758,0.9318978190422058,0.004157200921326876,0.9637418389320374,0.03184401988983154,-1.7005561590194702,0.023685991764068604,0.0014806834515184164,0.0,0.023685991764068604,-2.1492390632629395,0.004005138762295246,0.0,0.004005138762295246,0.01585075445473194,0.0,0.01585075445473194,0.0,0.0,-19.522384643554688,1784673078.453556,59.10366463661194,,21.56593635190106,18.051561691157488,0.0,,False,1.4956672191619873
525,0.010285487398505211,3.5795339954347583e-06,0.010593036189675331,0.0019233059138059616,6.278794444369851e-07,0.0020752325654029846,0.0003430276410654187,-11.541128158569336,0.8736323118209839,0.001080398797057569,0.8680755496025085,0.5125953555107117,3.2625841413391754e-05,0.5140833854675293,0.005752550903707743,-6.694314956665039,0.5002523064613342,4.502898718783399e-06,0.5000144839286804,0.0002378225326538086,-5.230175495147705,0.9311196804046631,0.004228365607559681,0.9694481492042542,0.038328468799591064,-1.640315055847168,0.02365124225616455,0.0014864999102428555,0.0,0.02365124225616455,-2.148573398590088,0.0040818871930241585,0.0,0.0040818871930241585,0.016030605882406235,0.0,0.016030605882406235,0.0,0.0,-19.511667251586914,1784673078.5579631,59.2080717086792,,21.762584100089427,18.25654506054521,0.0,,False,1.4956672191619873
526,0.01028081402182579,3.620174538809806e-06,0.008988830260932446,0.0019444243516772985,6.352957484523358e-07,0.0017440809169784188,0.001307424739934504,-11.299070358276367,0.8745914697647095,0.0010917730396613479,0.8704463839530945,0.5126493573188782,3.274119444540702e-05,0.5122871994972229,0.004160876385867596,-6.72566556930542,0.500209629535675,4.491579602472484e-06,0.49993619322776794,0.0002734363079071045,-5.229391098022461,0.9302466511726379,0.004316373728215694,0.9698150157928467,0.03956836462020874,-1.6223689317703247,0.023254960775375366,0.0014939028769731522,0.0,0.023254960775375366,-2.153243064880371,0.00414619455114007,0.0,0.00414619455114007,0.016122112050652504,0.0,0.016122112050652504,0.0,0.0,-19.294300079345703,1784673078.641655,59.29176354408264,,22.176599020519006,18.466198096223216,0.0,,False,1.4956672191619873
527,0.010273519903421402,3.6825804272666574e-06,0.010678776539862156,0.001970510231330991,6.459845280915033e-07,0.002079334110021591,0.0004196136142127216,-11.51285171508789,0.8758995532989502,0.001108052907511592,0.8733540177345276,0.5127043724060059,3.2914922485360876e-05,0.5080628395080566,0.005293730180710554,-6.395301342010498,0.500171422958374,4.490122591960244e-06,0.4999101758003235,0.0002612471580505371,-5.230277061462402,0.9287093281745911,0.004433507099747658,0.962990403175354,0.03428107500076294,-1.6578084230422974,0.022716715931892395,0.0014958090614527464,0.0,0.022716715931892395,-2.161107063293457,0.004191960208117962,0.0,0.004191960208117962,0.016078641638159752,0.0,0.016078641638159752,0.0,0.0,-19.244232177734375,1784673078.7476084,59.397716999053955,,22.640681842559914,18.683715130314308,0.0,,False,1.4956672191619873
528,0.010271657258272171,3.7024296943855006e-06,0.010788564570248127,0.0019875550642609596,6.503897793663782e-07,0.002112203510478139,0.0005317240138538182,-11.490201950073242,0.8767831325531006,0.001115533639676869,0.8762607574462891,0.5127055644989014,3.2947358704404905e-05,0.5118029117584229,0.0010429082904011011,-6.709146499633789,0.5001391172409058,4.480438292375766e-06,0.499855637550354,0.0002834796905517578,-5.2299885749816895,0.9260953664779663,0.004521327093243599,0.9565452933311462,0.03044992685317993,-1.6780002117156982,0.02202736586332321,0.0015042196027934551,0.0,0.02202736586332321,-2.169520616531372,0.004290908575057983,0.0,0.004290908575057983,0.01638403907418251,0.0,0.01638403907418251,0.0,0.0,-19.47251319885254,1784673078.8528552,59.50296378135681,,22.876483643482658,18.909645717643315,0.0,,False,1.4956672191619873
529,0.010269521735608578,3.7503577914321795e-06,0.010717238299548626,0.0019997446797788143,6.589996814909682e-07,0.0020769175607711077,0.00045431902981363237,-11.493980407714844,0.8772966861724854,0.0011272941483184695,0.8791990876197815,0.5127585530281067,3.297787407063879e-05,0.5102800130844116,0.0031244666315615177,-6.621181488037109,0.5001265406608582,4.467479811864905e-06,0.499855637550354,0.0002709031105041504,-5.23219108581543,0.9230697154998779,0.004622595850378275,0.9272561073303223,0.004186391830444336,-1.767565131187439,0.021680518984794617,0.001511979615315795,0.0,0.021680518984794617,-2.1727890968322754,0.004355143290013075,0.0,0.004355143290013075,0.016469681635499,0.0,0.016469681635499,0.0,0.0,-19.407020568847656,1784673078.957614,59.60772252082825,,23.177778074410284,19.138844785273225,0.0,,False,1.4956672191619873
530,0.010259827598929405,3.828005446848692e-06,0.009702599607408047,0.0020280838944017887,6.680196520392201e-07,0.0018879929557442665,0.0005745681119151413,-11.452934265136719,0.8785516619682312,0.001149729359894991,0.8806964755058289,0.5129317045211792,3.25524561048951e-05,0.5117756128311157,0.0024365494027733803,-6.690035820007324,0.5001369118690491,4.335544417699566e-06,0.4997047185897827,0.0004321932792663574,-5.233851432800293,0.9096559286117554,0.004858407191932201,0.8867011070251465,0.022954821586608887,-1.690355658531189,0.020790182054042816,0.0014754992444068193,0.0,0.020790182054042816,-2.1939711570739746,0.00422418350353837,0.0,0.00422418350353837,0.015838224440813065,0.0,0.015838224440813065,0.0,0.0,-19.42188835144043,1784673079.051865,59.70197367668152,,23.464204722745137,19.389225913144834,0.0,,False,1.4956672191619873
531,0.01020774245262146,3.873305558954598e-06,0.011364853009581566,0.0020910785533487797,6.502590963464172e-07,0.00219843746162951,0.0011620803270488977,-11.334071159362793,0.8789491653442383,0.0011735844891518354,0.8825292587280273,0.5135104060173035,3.199433194822632e-05,0.5170283317565918,0.005019249860197306,-6.512078285217285,0.5002968907356262,4.075757260579849e-06,0.49976369738578796,0.0005331933498382568,-5.2514119148254395,0.8552995920181274,0.005291311535984278,0.8325142860412598,0.022785305976867676,-1.6528472900390625,0.017201438546180725,0.0012838717084378004,0.0,0.017201438546180725,-2.2947657108306885,0.00368537288159132,0.0,0.00368537288159132,0.013321630656719208,0.0,0.013321630656719208,0.0,0.0,-19.1694393157959,1784673079.1598485,59.8099570274353,,24.00308040672452,19.740401594773157,0.0,,False,1.4956672191619873
532,0.010147755034267902,3.498602382023819e-06,0.010585270822048187,0.0021787970326840878,5.621474201689125e-07,0.0020571991335600615,0.0004540992376860231,-11.598938941955566,0.880588173866272,0.0011802790686488152,0.8833036422729492,0.5140258073806763,3.028337778232526e-05,0.5147545337677002,0.002811549697071314,-6.723689079284668,0.5011433959007263,3.728995125129586e-06,0.4997584819793701,0.0013849139213562012,-5.073575019836426,0.7000544667243958,0.006264161318540573,0.7894598841667175,0.08940541744232178,-0.9794962406158447,0.008139193058013916,0.0010914300801232457,0.0,0.008139193058013916,-2.460846185684204,0.001918184687383473,0.0,0.001918184687383473,0.008520538918673992,0.0,0.008520538918673992,0.0,0.0,-19.514677047729492,1784673079.2542608,59.90436935424805,,24.196718358770312,20.257657751254996,0.0,,False,1.4956672191619873
533,0.010108048096299171,3.0096070986473933e-06,0.009338787756860256,0.002164927078410983,4.702927185462613e-07,0.0018205485539510846,0.000842827430460602,-11.57952880859375,0.8783025741577148,0.0011061856057494879,0.8832582831382751,0.5139440298080444,2.83400895568775e-05,0.5171247124671936,0.005888615734875202,-6.611569404602051,0.5012361407279968,3.4685203900153283e-06,0.4997137486934662,0.0015223920345306396,-5.032850742340088,0.6158273220062256,0.005762595683336258,0.7318721413612366,0.11604481935501099,-0.49081337451934814,0.006710715591907501,0.0010705922031775117,0.0,0.006710715591907501,-2.4798009395599365,0.0012637104373425245,0.0,0.0012637104373425245,0.0066842748783528805,0.0,0.0066842748783528805,0.0,0.0,-19.385210037231445,1784673079.34987,59.99997854232788,,24.51982332131415,20.793868661612567,0.0,,False,1.4956672191619873
534,0.01005036011338234,2.7412652343627997e-06,0.010747772641479969,0.002099666278809309,4.1880016965478717e-07,0.0020973135251551867,0.0006974164862185717,-11.8198823928833,0.8707488775253296,0.001046456745825708,0.8825053572654724,0.5140835642814636,2.74237354460638e-05,0.5173839926719666,0.012210964225232601,-6.580704689025879,0.5011501908302307,3.380066345926025e-06,0.49933117628097534,0.001819014549255371,-4.890408992767334,0.5685484409332275,0.005071726627647877,0.669324517250061,0.1007760763168335,-0.7218794822692871,0.00903434306383133,0.001088006654754281,0.0,0.00903434306383133,-2.455256700515747,0.000981285935267806,0.0,0.000981285935267806,0.005840860772877932,0.0,0.005840860772877932,0.0,0.0,-19.52964973449707,1784673079.446688,60.09679651260376,,24.69848858659236,21.30553533292595,0.0,,False,1.4956672191619873
535,0.009968931786715984,2.6326647457608487e-06,0.0068574827164411545,0.0020524319261312485,3.9700105958218046e-07,0.0013286100002005696,0.0031945318914949894,-9.45704460144043,0.8626276254653931,0.0010153829352930188,0.8804295063018799,0.5141381621360779,2.719424810493365e-05,0.5148573517799377,0.01781640201807022,-6.699057579040527,0.5009962916374207,3.378938345122151e-06,0.499266654253006,0.0017296373844146729,-4.937345504760742,0.5373005867004395,0.004526996985077858,0.6335595846176147,0.09625899791717529,-0.756516695022583,0.011381231248378754,0.001121305045671761,0.0,0.011381231248378754,-2.4199328422546387,0.0008602454327046871,0.0,0.0008602454327046871,0.0055139316245913506,0.0,0.0055139316245913506,0.0,0.0,-17.284963607788086,1784673079.541101,60.19120955467224,,27.12183997857956,21.781878145978222,0.0,,False,1.4956672191619873
536,0.009877368807792664,2.574910467956215e-06,0.015106866136193275,0.002021640306338668,3.891276207923511e-07,0.002902311272919178,0.005303133279085159,-5.669679164886475,0.8551406860351562,0.0010000476613640785,0.8785412907600403,0.5142307877540588,2.7001149646821432e-05,0.5133769512176514,0.023416176438331604,-6.5885114669799805,0.5008828043937683,3.391156724319444e-06,0.4994184672832489,0.0014643371105194092,-5.06207275390625,0.517568826675415,0.004167924635112286,0.5656989812850952,0.048130154609680176,-1.543332576751709,0.012315422296524048,0.001143492991104722,0.0,0.012315422296524048,-2.4015769958496094,0.0008242998737841845,0.0,0.0008242998737841845,0.0054670157842338085,0.0,0.0054670157842338085,0.0,0.0,-13.471525192260742,1784673079.64892,60.299028635025024,,33.3586297860941,22.239865112625466,0.0,,False,1.4956672191619873
537,0.009808019734919071,2.5658418962848373e-06,0.00899225939065218,0.0019753561355173588,3.847478353691258e-07,0.0017356612952426076,0.0008502461714670062,-11.779731750488281,0.8477716445922852,0.0009849604684859514,0.8749156594276428,0.5140306353569031,2.7429749025031924e-05,0.5136914849281311,0.02714613266289234,-6.499398231506348,0.5007047653198242,3.476878418950946e-06,0.4997316300868988,0.000973135232925415,-5.229565143585205,0.5035606622695923,0.003894140711054206,0.5116664171218872,0.008105754852294922,-1.8467663526535034,0.014245830476284027,0.0011637280695140362,0.0,0.014245830476284027,-2.371929168701172,0.0008483479032292962,0.0,0.0008483479032292962,0.005602404475212097,0.0,0.005602404475212097,0.0,0.0,-19.594032287597656,1784673079.7533894,60.40349793434143,,33.472912498271725,22.668204252124273,0.0,,False,1.4956672191619873
538,0.00973048061132431,2.52617633123009e-06,0.012278154492378235,0.001931872800923884,3.782187150136451e-07,0.002353739459067583,0.002582365879788995,-10.48046875,0.8404892683029175,0.0009679730283096433,0.8646945953369141,0.5141618847846985,2.7145399144501425e-05,0.5138564109802246,0.024207254871726036,-6.585066795349121,0.5005826354026794,3.4497677461331477e-06,0.4995797574520111,0.001002877950668335,-5.22389030456543,0.4927833676338196,0.0036881016567349434,0.45671746134757996,0.036065906286239624,-1.7060391902923584,0.015510611236095428,0.0011627934873104095,0.0,0.015510611236095428,-2.3560776710510254,0.0008457594085484743,0.0,0.0008457594085484743,0.005505886394530535,0.0,0.005505886394530535,0.0,0.0,-18.36046600341797,1784673079.869764,60.51987266540527,,34.82076149462904,23.080691893972933,0.0,,False,1.4956672191619873
539,0.009650574997067451,2.48458832174947e-06,0.00712693203240633,0.001887616002932191,3.713792295911844e-07,0.0013660816475749016,0.002576969563961029,-10.369989395141602,0.8330119848251343,0.0009476685081608593,0.8572763800621033,0.5141698122024536,2.6401092327432707e-05,0.5131798982620239,0.02428457885980606,-6.584733009338379,0.5004357695579529,3.358764388394775e-06,0.49948281049728394,0.0009529590606689453,-5.247841835021973,0.4873465299606323,0.0035141347907483578,0.43088656663894653,0.05645996332168579,-1.4529844522476196,0.017156563699245453,0.001158038736321032,0.0,0.017156563699245453,-2.334486246109009,0.0008413033210672438,0.0,0.0008413033210672438,0.005369623191654682,0.0,0.005369623191654682,0.0,0.0,-18.261695861816406,1784673079.953455,60.6035635471344,,36.267380632587916,23.471588110879576,0.0,,False,1.4956672191619873
540,0.009560121223330498,2.40285339714319e-06,0.010992191731929779,0.001851425040513277,3.603556422149268e-07,0.0021094619296491146,0.0014551319181919098,-11.530503273010254,0.8254464864730835,0.000922851380892098,0.8503963351249695,0.5144053101539612,2.5084707885980606e-05,0.5128073692321777,0.02500096708536148,-6.564607620239258,0.5003204345703125,3.1837807910051197e-06,0.4994978904724121,0.0008225440979003906,-5.30352783203125,0.48409318923950195,0.0033744557294994593,0.4150298833847046,0.06906330585479736,-1.2200798988342285,0.017919935286045074,0.0011401725932955742,0.0,0.017919935286045074,-2.328526735305786,0.0008207169594243169,0.0,0.0008207169594243169,0.0051070693880319595,0.0,0.0051070693880319595,0.0,0.0,-19.43395233154297,1784673080.045067,60.695175647735596,,36.54174330082023,23.856524816982997,0.0,,False,1.4956672191619873
541,0.009475530125200748,2.3191296349978074e-06,0.01108713261783123,0.0018100144807249308,3.4892019584731315e-07,0.0021365322172641754,0.0016443468630313873,-11.37075138092041,0.8176112174987793,0.0008949889452196658,0.83684903383255,0.5142682790756226,2.3842323571443558e-05,0.5110806226730347,0.019500121474266052,-6.573647499084473,0.5001567602157593,3.040901901840698e-06,0.49954769015312195,0.0006090700626373291,-5.371743679046631,0.4855085611343384,0.003248662920668721,0.40380197763442993,0.08170658349990845,-0.9183230400085449,0.018906451761722565,0.0011373115703463554,0.0,0.018906451761722565,-2.3134567737579346,0.0008387875277549028,0.0,0.0008387875277549028,0.005086968187242746,0.0,0.005086968187242746,0.0,0.0,-19.315540313720703,1784673080.1604538,60.81056237220764,,36.93451798687481,24.226391561538566,0.0,,False,1.4956672191619873
542,0.009388478472828865,2.238979277535691e-06,0.008396406657993793,0.001772735733538866,3.3908503382917843e-07,0.001616417313925922,0.0010043116053566337,-11.8595552444458,0.8094840049743652,0.0008693319978192449,0.8262434005737305,0.5141121745109558,2.283238063682802e-05,0.5060863494873047,0.018582012504339218,-5.457551956176758,0.5000126361846924,2.9353329864534317e-06,0.49951690435409546,0.0004957318305969238,-5.40854549407959,0.48821303248405457,0.003174343379214406,0.3967703878879547,0.09144264459609985,-0.6403043270111084,0.01966042071580887,0.0011393148452043533,0.0,0.01966042071580887,-2.3000919818878174,0.000870602554641664,0.0,0.000870602554641664,0.005159322172403336,0.0,0.005159322172403336,0.0,0.0,-18.92987060546875,1784673080.2447813,60.89488983154297,,37.71296238118134,24.58289351422402,0.0,,False,1.4956672191619873
543,0.009307567961513996,2.168839728255989e-06,0.010225756093859673,0.0017312014242634177,3.2987463782774284e-07,0.0019551608711481094,0.0009451070218347013,-11.874672889709473,0.8016610741615295,0.0008454444468952715,0.8135493397712708,0.5139799118041992,2.2018759409547783e-05,0.5058886408805847,0.01438052672892809,-5.491514205932617,0.4999106526374817,2.8591293812496588e-06,0.49936407804489136,0.000546574592590332,-5.411314487457275,0.49186432361602783,0.003123921575024724,0.3969890773296356,0.09487524628639221,-0.5246874094009399,0.02000933140516281,0.0011364143574610353,0.0,0.02000933140516281,-2.2948436737060547,0.0009060415322892368,0.0,0.0009060415322892368,0.005285353399813175,0.0,0.005285353399813175,0.0,0.0,-18.973541259765625,1784673080.3513498,61.001458406448364,,38.447736121191,24.934147158727708,0.0,,False,1.4956672191619873
544,0.009224927052855492,2.0998268155381083e-06,0.010052643716335297,0.0017043345142155886,3.240579644625541e-07,0.0019354966934770346,0.0008593897800892591,-11.924538612365723,0.7942460775375366,0.0008258767193183303,0.7995398640632629,0.513826847076416,2.149140891560819e-05,0.5079084634780884,0.007940493524074554,-6.253704071044922,0.499838650226593,2.8288059183978476e-06,0.49924084544181824,0.0005978047847747803,-5.4057230949401855,0.4941502511501312,0.0031023002229630947,0.40905511379241943,0.08509513735771179,-0.8018004894256592,0.020611800253391266,0.0011432090541347861,0.0,0.020611800253391266,-2.2822065353393555,0.0009533282136544585,0.0,0.0009533282136544585,0.005453904625028372,0.0,0.005453904625028372,0.0,0.0,-19.63036346435547,1784673080.4563653,61.10647392272949,,38.52568765661081,25.272763664864698,0.0,,False,1.4956672191619873
545,0.009141998365521431,2.054084916380816e-06,0.008002231828868389,0.0016760369762778282,3.209537169368559e-07,0.001541822450235486,0.0011476416839286685,-11.841669082641602,0.7864906787872314,0.0008103101863525808,0.7896099090576172,0.5136681199073792,2.1032135919085704e-05,0.5071107149124146,0.007261484395712614,-6.07766056060791,0.4997621774673462,2.8074193778593326e-06,0.4991609752178192,0.0006012022495269775,-5.408310890197754,0.4973765015602112,0.003108231583610177,0.4156651198863983,0.08171138167381287,-0.8938689231872559,0.021222136914730072,0.0011559269623830914,0.0,0.021222136914730072,-2.267674684524536,0.0009916418930515647,0.0,0.0009916418930515647,0.005619634408503771,0.0,0.005619634408503771,0.0,0.0,-19.4079532623291,1784673080.5398464,61.18995499610901,,38.826049394056994,25.59684832018687,0.0,,False,1.4956672191619873
546,0.00906197726726532,2.0241648144292412e-06,0.010111125186085701,0.0016443559434264898,3.195784188392281e-07,0.0019362057792022824,0.0010889846598729491,-11.790275573730469,0.7789087891578674,0.0007980098016560078,0.7783181667327881,0.5135754942893982,2.0780880731763318e-05,0.5136746168136597,0.0005988823832012713,-7.119100570678711,0.4997268319129944,2.8153860966995126e-06,0.4990043640136719,0.0007224678993225098,-5.37856912612915,0.49981656670570374,0.0031227245926856995,0.4386875629425049,0.06112900376319885,-1.36726975440979,0.02178356796503067,0.0011673050466924906,0.0,0.02178356796503067,-2.254333972930908,0.0010206613223999739,0.0,0.0010206613223999739,0.00574212521314621,0.0,0.00574212521314621,0.0,0.0,-20.174840927124023,1784673080.6457696,61.295878171920776,,38.359523466708254,25.90759226391541,0.0,,False,1.4956672191619873
547,0.008978285826742649,2.012378217841615e-06,0.00944980513304472,0.0016226930310949683,3.2127175586538215e-07,0.0018079793080687523,0.0005066176527179778,-12.087038040161133,0.7710595726966858,0.0007889729458838701,0.7673547863960266,0.5133920907974243,2.0483235857682303e-05,0.5159281492233276,0.0044896588660776615,-6.966769218444824,0.499653160572052,2.8155948257335695e-06,0.4989717900753021,0.0006813704967498779,-5.388784408569336,0.5041697025299072,0.00316786696203053,0.4650351405143738,0.03913456201553345,-1.7166835069656372,0.02261974662542343,0.00118531147018075,0.0,0.02261974662542343,-2.2341058254241943,0.0010523720411583781,0.0,0.0010523720411583781,0.005887690931558609,0.0,0.005887690931558609,0.0,0.0,-20.354846954345703,1784673080.7512634,61.40137195587158,,37.71299151213783,26.19810806013724,0.0,,False,1.4956672191619873
548,0.008898508735001087,2.010702246479923e-06,0.007698335684835911,0.0016049039550125599,3.245183677336172e-07,0.0014726892113685608,0.0012074336409568787,-11.805976867675781,0.7636065483093262,0.000781927490606904,0.7602536678314209,0.5132845640182495,2.0380655769258738e-05,0.5141018629074097,0.0034510556142777205,-7.115882873535156,0.4996216595172882,2.840002707671374e-06,0.499246209859848,0.00037544965744018555,-5.442096710205078,0.5081266164779663,0.003227819222956896,0.4842543601989746,0.0238722562789917,-1.8607587814331055,0.02314983308315277,0.0012003470910713077,0.0,0.02314983308315277,-2.220400333404541,0.0010938007617369294,0.0,0.0010938007617369294,0.006069876719266176,0.0,0.006069876719266176,0.0,0.0,-20.2197322845459,1784673080.834703,61.484811544418335,,37.20157422736722,26.474918364339416,0.0,,False,1.4956672191619873
549,0.008822325617074966,1.9895669538527727e-06,0.009850655682384968,0.0015924181789159775,3.2504610203432094e-07,0.0018844265723600984,0.0010689862538129091,-11.798652648925781,0.7567242980003357,0.0007737026899121702,0.753184974193573,0.5132420659065247,2.0344010408734903e-05,0.5168495178222656,0.005053763277828693,-6.817709445953369,0.4996422827243805,2.8757742711604806e-06,0.49935367703437805,0.0002886056900024414,-5.446173667907715,0.5088217258453369,0.003270938526839018,0.5010764002799988,0.007745325565338135,-1.9332304000854492,0.0233551487326622,0.0012087386567145586,0.0,0.0233551487326622,-2.214517116546631,0.00111541582737118,0.0,0.00111541582737118,0.006152627523988485,0.0,0.006152627523988485,0.0,0.0,-19.975908279418945,1784673080.9502132,61.600321769714355,,36.933980947723555,26.74584545168368,0.0,,False,1.4956672191619873
550,0.008759696036577225,1.8450972447681124e-06,0.009426100179553032,0.001625987235456705,3.0556802244063874e-07,0.0017914329655468464,0.0006866343901492655,-12.099024772644043,0.7517647743225098,0.0007462502107955515,0.7464389801025391,0.5129778981208801,1.9846591385430656e-05,0.511963963508606,0.0054214526899158955,-7.1311821937561035,0.49969249963760376,2.8499955533334287e-06,0.49923694133758545,0.00045555830001831055,-5.428748607635498,0.5013152360916138,0.0032141548581421375,0.49643537402153015,0.004879862070083618,-1.9474525451660156,0.02251451462507248,0.0011764884693548083,0.0,0.02251451462507248,-2.238241195678711,0.0010915846796706319,0.0,0.0010915846796706319,0.006033459212630987,0.0,0.006033459212630987,0.0,0.0,-20.51834487915039,1784673081.0543535,61.7044620513916,,36.12395106834845,27.040496618160027,0.0,,False,1.4956672191619873
551,0.008665228262543678,1.7322761323157465e-06,0.007953274995088577,0.0016204921994358301,2.903703375523037e-07,0.0015103445621207356,0.0007204234134405851,-12.154019355773926,0.7444080114364624,0.0007190938340499997,0.7416402697563171,0.5125773549079895,1.9712617358891293e-05,0.5082571506500244,0.005130746401846409,-6.719274520874023,0.4996718466281891,2.8981903597014025e-06,0.4991852045059204,0.00048664212226867676,-5.415916442871094,0.4965187609195709,0.0031148046255111694,0.48980513215065,0.0067136287689208984,-1.9596205949783325,0.022259049117565155,0.001176268677227199,0.0,0.022259049117565155,-2.2431564331054688,0.0011156783439218998,0.0,0.0011156783439218998,0.006175213027745485,0.0,0.006175213027745485,0.0,0.0,-20.237396240234375,1784673081.1396573,61.78976583480835,,35.594869827889354,27.34006302206313,0.0,,False,1.4956672191619873
552,0.008566822856664658,1.6332745644831448e-06,0.009169939905405045,0.0016129069263115525,2.770999003587349e-07,0.0017404346726834774,0.0006164523656480014,-12.233325958251953,0.7367815375328064,0.0006964675267226994,0.7358222007751465,0.5122403502464294,1.965981391549576e-05,0.5111505389213562,0.0014519006945192814,-7.184467315673828,0.49965789914131165,2.9663517580047483e-06,0.49925872683525085,0.000399172306060791,-5.41829252243042,0.48954227566719055,0.0030310265719890594,0.4896693229675293,0.00012704730033874512,-1.9804857969284058,0.022292882204055786,0.0011866780696436763,0.0,0.022292882204055786,-2.2399637699127197,0.0011299853213131428,0.0,0.0011299853213131428,0.006248109973967075,0.0,0.006248109973967075,0.0,0.0,-20.690046310424805,1784673081.2452502,61.89535880088806,,34.61313851723983,27.636436762773485,0.0,,False,1.4956672191619873
553,0.008464431390166283,1.5388659448944964e-06,0.007423617411404848,0.0016001688782125711,2.651927104579954e-07,0.0014236465794965625,0.001055676955729723,-12.015031814575195,0.7285793423652649,0.0006748134619556367,0.7300211787223816,0.5118546485900879,1.9366323613212444e-05,0.5091934204101562,0.003026718972250819,-7.05426025390625,0.4995891749858856,2.9983830245328136e-06,0.4993080496788025,0.0002811253070831299,-5.426601409912109,0.48452889919281006,0.002955010160803795,0.49066272377967834,0.006133824586868286,-1.9868218898773193,0.02254071831703186,0.0011935342336073518,0.0,0.02254071831703186,-2.2336313724517822,0.001158769242465496,0.0,0.001158769242465496,0.006397992372512817,0.0,0.006397992372512817,0.0,0.0,-20.371740341186523,1784673081.3394814,61.98958992958069,,33.94971317582859,27.926478106022902,0.0,,False,1.4956672191619873
554,0.008367827162146568,1.4784282029722817e-06,0.008975308388471603,0.0015798509120941162,2.583858247362514e-07,0.0017180907307192683,0.0006230117869563401,-12.297008514404297,0.7204021215438843,0.0006599731277674437,0.7242154479026794,0.51158607006073,1.9386157873668708e-05,0.509452223777771,0.004369754809886217,-7.120800971984863,0.4995551109313965,3.0747578421141952e-06,0.49932384490966797,0.00023126602172851562,-5.418506622314453,0.48116689920425415,0.0029286853969097137,0.4887668192386627,0.007599920034408569,-1.9878013134002686,0.02286175638437271,0.0012047236086800694,0.0,0.02286175638437271,-2.2248928546905518,0.001204308238811791,0.0,0.001204308238811791,0.0065981303341686726,0.0,0.0065981303341686726,0.0,0.0,-20.70290184020996,1784673081.4443061,62.094414710998535,,32.95512633539391,28.20778093151109,0.0,,False,1.4956672191619873
555,0.00833798199892044,1.4274505701905582e-06,0.009235715493559837,0.001524173654615879,2.501503502116975e-07,0.0017554382793605328,0.0009270430309697986,-12.103336334228516,0.7146071195602417,0.0006507564103230834,0.7185123562812805,0.5088217854499817,2.0366012904560193e-05,0.5142477750778198,0.006685225293040276,-6.497108459472656,0.4992733597755432,3.3930791687453166e-06,0.49913153052330017,0.000141829252243042,-5.374983787536621,0.46317827701568604,0.0029708172660320997,0.4894963204860687,0.02631804347038269,-1.8739466667175293,0.024722978472709656,0.0011678525479510427,0.0,0.024722978472709656,-2.1956682205200195,0.000943520397413522,0.0,0.000943520397413522,0.005197098478674889,0.0,0.005197098478674889,0.0,0.0,-19.988515853881836,1784673081.550096,62.200204610824585,,32.67492548128736,28.459859122828743,0.0,,False,1.4956672191619873
556,0.00825772900134325,1.3778761740468326e-06,0.008846474811434746,0.0014958042884245515,2.4410874743807653e-07,0.0016806279309093952,0.00061707483837381,-12.326683044433594,0.7063231468200684,0.0006374766817316413,0.7119291424751282,0.5085302591323853,2.0285706341383047e-05,0.5147502422332764,0.008373492397367954,-6.265684127807617,0.49924856424331665,3.442787601670716e-06,0.4990597665309906,0.0001887977123260498,-5.365499496459961,0.4617118239402771,0.002965431660413742,0.48840802907943726,0.026696205139160156,-1.8712619543075562,0.025191403925418854,0.0011547564063221216,0.0,0.025191403925418854,-2.1882150173187256,0.0010066714603453875,0.0,0.0010066714603453875,0.005334233865141869,0.0,0.005334233865141869,0.0,0.0,-20.02198028564453,1784673081.655329,62.30543756484985,,32.36126019541811,28.704484110945103,0.0,,False,1.4956672191619873
557,0.0081731416285038,1.3278215647005709e-06,0.007149409968405962,0.0014722528867423534,2.3840816254505626e-07,0.001364950556308031,0.0010293397353962064,-12.133960723876953,0.6979796290397644,0.0006253453902900219,0.7071694731712341,0.5083837509155273,2.0248440705472603e-05,0.5125490427017212,0.01008974201977253,-6.758497714996338,0.4992796778678894,3.4968329600815196e-06,0.49918311834335327,9.655952453613281e-05,-5.3615546226501465,0.4597531259059906,0.0029656379483640194,0.4798610508441925,0.020107924938201904,-1.9232240915298462,0.025290988385677338,0.0011323739308863878,0.0,0.025290988385677338,-2.1903505325317383,0.0010627304436638951,0.0,0.0010627304436638951,0.005421597510576248,0.0,0.005421597510576248,0.0,0.0,-20.22153663635254,1784673081.7398524,62.3899610042572,,31.848038558840855,28.951244614274476,0.0,,False,1.4956672191619873
558,0.00808651465922594,1.2870353884864016e-06,0.008698680438101292,0.0014474843628704548,2.3343606869730138e-07,0.001670918078161776,0.00065166677813977,-12.326371192932129,0.6898206472396851,0.0006149756372906268,0.7013416886329651,0.5083672404289246,2.0379004126880318e-05,0.5158853530883789,0.013757050037384033,-5.764900207519531,0.49935194849967957,3.5827931696985615e-06,0.49925342202186584,9.85264778137207e-05,-5.349390506744385,0.4573482573032379,0.002975823124870658,0.47665008902549744,0.01930183172225952,-1.9270808696746826,0.025371171534061432,0.0011079952819272876,0.0,0.025371171534061432,-2.1931850910186768,0.0011212837416678667,0.0,0.0011212837416678667,0.005482484120875597,0.0,0.005482484120875597,0.0,0.0,-19.612987518310547,1784673081.8470008,62.49710941314697,,31.94336604030559,29.200839676090787,0.0,,False,1.4956672191619873
559,0.008004974573850632,1.2383250123093603e-06,0.008453651331365108,0.0014246279606595635,2.2716184844284726e-07,0.0016148245194926858,0.00048732489813119173,-12.45089340209961,0.6818498373031616,0.0006030950462445617,0.6948718428611755,0.5081909894943237,2.0178540580673143e-05,0.5136309862136841,0.014112625271081924,-6.400407791137695,0.49936264753341675,3.6018054743180983e-06,0.49925342202186584,0.00010922551155090332,-5.346443176269531,0.4548657238483429,0.002955285832285881,0.35803329944610596,0.09683242440223694,-0.4067436456680298,0.02562803402543068,0.0010741056175902486,0.0,0.02562803402543068,-2.1934542655944824,0.0011926129227504134,0.0,0.0011926129227504134,0.00554948253557086,0.0,0.00554948253557086,0.0,0.0,-20.244441986083984,1784673081.952613,62.60272169113159,,31.40723905399689,29.450703912482904,0.0,,False,1.4956672191619873
560,0.0078080929815769196,1.1301958693366032e-06,0.00925197172909975,0.0014248574152588844,2.158868852575324e-07,0.0017729582032188773,0.0014852475142106414,-11.479984283447266,0.6717823147773743,0.0005803867825306952,0.6830000281333923,0.5119659304618835,1.845049519033637e-05,0.5079622864723206,0.011910762637853622,-6.795449256896973,0.49934354424476624,3.286145101810689e-06,0.4988150894641876,0.0005284547805786133,-5.351468086242676,0.4429404139518738,0.0027915588580071926,0.4491143822669983,0.006173968315124512,-2.0148115158081055,0.026228632777929306,0.0011327548418194056,0.0,0.026228632777929306,-2.168954372406006,0.0017730219988152385,0.0,0.0017730219988152385,0.007373887579888105,0.0,0.007373887579888105,0.0,0.0,-19.592077255249023,1784673082.0593002,62.7094087600708,,31.52347679852315,29.676068255686545,0.0,,False,1.4956672191619873
561,0.007725557312369347,1.1377194368833443e-06,0.007129423785954714,0.0014040673850104213,2.1819978712755983e-07,0.001365533797070384,0.0005973775987513363,-12.514711380004883,0.6642928719520569,0.0005790871218778193,0.6755590438842773,0.5117412209510803,1.8846665625460446e-05,0.5095922946929932,0.011469285935163498,-7.096634864807129,0.4992733597755432,3.427481033213553e-06,0.49878963828086853,0.0004837214946746826,-5.338769912719727,0.4479050636291504,0.0028346714098006487,0.4496570825576782,0.001752018928527832,-2.013434648513794,0.025963135063648224,0.001133811310864985,0.0,0.025963135063648224,-2.17488169670105,0.0020122420974075794,0.0,0.0020122420974075794,0.008110683411359787,0.0,0.008110683411359787,0.0,0.0,-20.861404418945312,1784673082.1550813,62.80518984794617,,30.37038737935312,29.90735992318523,0.0,,False,1.4956672191619873
562,0.007645968347787857,1.1193659474884043e-06,0.006843297276645899,0.0013835992431268096,2.1658902937815583e-07,0.0012946904171258211,0.0008075801306404173,-12.38009262084961,0.6567378044128418,0.0005712996353395283,0.6699659824371338,0.5114797949790955,1.9279023035778664e-05,0.5100220441818237,0.013308257795870304,-7.115908622741699,0.4991816282272339,3.554316890586051e-06,0.49876222014427185,0.00041940808296203613,-5.329990386962891,0.4495505392551422,0.0028610622975975275,0.4534422755241394,0.0038917362689971924,-2.0066957473754883,0.025342382490634918,0.0011302351485937834,0.0,0.025342382490634918,-2.189610004425049,0.002251481870189309,0.0,0.002251481870189309,0.00876717921346426,0.0,0.00876717921346426,0.0,0.0,-20.73781394958496,1784673082.2403033,62.89041185379028,,29.34088842954344,30.153379898407913,0.0,,False,1.4956672191619873
563,0.0075554330833256245,1.0978071713907411e-06,0.009571333415806293,0.001368697383441031,2.15257941249547e-07,0.001821089186705649,0.0020660378504544497,-10.372659683227539,0.6486638784408569,0.0005649406230077147,0.6631712317466736,0.511448323726654,1.977321517188102e-05,0.507026195526123,0.015166360884904861,-6.636351108551025,0.4991931617259979,3.6997475945099723e-06,0.49875521659851074,0.0004379451274871826,-5.308764457702637,0.4501640796661377,0.0028964770026504993,0.4514124393463135,0.0012483596801757812,-2.002922534942627,0.024839401245117188,0.0011260618921369314,0.0,0.024839401245117188,-2.2016141414642334,0.002491813851520419,0.0,0.002491813851520419,0.009365187957882881,0.0,0.009365187957882881,0.0,0.0,-18.336122512817383,1784673082.3466673,62.99677586555481,,30.71308091650134,30.41140401066978,0.0,,False,1.4956672191619873
564,0.007435410283505917,1.0686552514016512e-06,0.006753079127520323,0.0013560805236920714,2.1313532272415614e-07,0.0012940162559971213,0.0006851479993201792,-12.490477561950684,0.6389429569244385,0.0005583022139035165,0.6564167141914368,0.5111562609672546,2.0569676053128205e-05,0.5103689432144165,0.01749148592352867,-7.014759540557861,0.49920129776000977,3.923895292246016e-06,0.49898073077201843,0.000220566987991333,-5.299074649810791,0.4488517642021179,0.0029139243997633457,0.4490061402320862,0.00015437602996826172,-2.0001847743988037,0.024122022092342377,0.0011186364572495222,0.0,0.024122022092342377,-2.2188029289245605,0.0028239283710718155,0.0,0.0028239283710718155,0.010112506337463856,0.0,0.010112506337463856,0.0,0.0,-20.75182342529297,1784673082.451944,63.10205268859863,,29.669572490983654,30.686616910391976,0.0,,False,1.4956672191619873
565,0.007301106117665768,1.024414927996986e-06,0.008233720436692238,0.0013487180694937706,2.0898437469440978e-07,0.0015689656138420105,0.0009582684724591672,-12.207740783691406,0.6286678314208984,0.0005479395040310919,0.6485784649848938,0.5111358761787415,2.115014649461955e-05,0.5148205757141113,0.020248712971806526,-6.616011142730713,0.49925804138183594,4.101506874576444e-06,0.49889764189720154,0.0003603994846343994,-5.26730489730835,0.44894370436668396,0.0029547710437327623,0.448415070772171,0.0005286335945129395,-1.9931812286376953,0.023354604840278625,0.0010960274375975132,0.0,0.023354604840278625,-2.2402679920196533,0.0031572445295751095,0.0,0.0031572445295751095,0.01067050639539957,0.0,0.01067050639539957,0.0,0.0,-20.134201049804688,1784673082.55728,63.20738863945007,,29.24368644095425,30.983294873209264,0.0,,False,1.4956672191619873
566,0.007156514562666416,9.728728400659747e-07,0.006437198258936405,0.0013466293457895517,2.0412647927514627e-07,0.0012075765989720821,0.0007326333434320986,-12.47260856628418,0.6180597543716431,0.0005360820214264095,0.640709638595581,0.5112754106521606,2.1616038793581538e-05,0.5118468999862671,0.022657092660665512,-6.812729835510254,0.49936363101005554,4.262010406819172e-06,0.4987141191959381,0.0006495118141174316,-5.214454650878906,0.4499105215072632,0.0030102794989943504,0.44773101806640625,0.0021795034408569336,-1.9831335544586182,0.022666513919830322,0.0010664236033335328,0.0,0.022666513919830322,-2.2618987560272217,0.0035743366461247206,0.0,0.0035743366461247206,0.011283881030976772,0.0,0.011283881030976772,0.0,0.0,-20.530019760131836,1784673082.6513472,63.30145573616028,,28.421981680597696,31.30160360003412,0.0,,False,1.4956672191619873
567,0.007064440753310919,9.485805207987141e-07,0.007885304279625416,0.0013415843714028597,2.0188863913972455e-07,0.0014830443542450666,0.0008329633274115622,-12.399316787719727,0.61125248670578,0.0005304549704305828,0.6361947655677795,0.5113453269004822,2.210057937190868e-05,0.5122134685516357,0.024957383051514626,-6.689513683319092,0.4994395673274994,4.39842369814869e-06,0.49886882305145264,0.0005707442760467529,-5.211163520812988,0.45087647438049316,0.00304752541705966,0.44180092215538025,0.009075552225112915,-1.9642606973648071,0.02226157858967781,0.0010480413911864161,0.0,0.02226157858967781,-2.2750470638275146,0.003820601385086775,0.0,0.003820601385086775,0.01166751142591238,0.0,0.01166751142591238,0.0,0.0,-20.356508255004883,1784673082.7457323,63.395840883255005,,27.773788425368096,31.633060634659273,0.0,,False,1.4956672191619873
568,0.0070037986151874065,9.3227555453268e-07,0.007878034375607967,0.0013339240103960037,2.0008347689781658e-07,0.0014835610054433346,0.0008869495359249413,-12.351346969604492,0.6062898635864258,0.0005261878250166774,0.62941575050354,0.511258065700531,2.2470801923191175e-05,0.5155991315841675,0.02352979965507984,-6.361186981201172,0.4994581341743469,4.506679488258669e-06,0.49919262528419495,0.00026550889015197754,-5.228215217590332,0.4505448341369629,0.003055156674236059,0.4407705068588257,0.009774327278137207,-1.9608882665634155,0.02200217917561531,0.0010434387950226665,0.0,0.02200217917561531,-2.2817068099975586,0.004036926664412022,0.0,0.004036926664412022,0.012075535021722317,0.0,0.012075535021722317,0.0,0.0,-20.05440330505371,1784673082.8509169,63.501025438308716,,27.427700120089668,31.971177415454463,0.0,,False,1.4956672191619873
569,0.006952902767807245,9.110398764278216e-07,0.007721686270087957,0.0013308998895809054,1.9774768134084297e-07,0.0014463976258412004,0.0007774109835736454,-12.476499557495117,0.602125883102417,0.0005206848727539182,0.6204931139945984,0.5111833810806274,2.257286359963473e-05,0.5159728527069092,0.018981417641043663,-6.459622383117676,0.4994385242462158,4.542911028693197e-06,0.499245822429657,0.0001927018165588379,-5.227945804595947,0.45070040225982666,0.0030614049173891544,0.37265604734420776,0.0780443549156189,-0.9807102680206299,0.021567106246948242,0.0010394667042419314,0.0,0.021567106246948242,-2.2918455600738525,0.0041778553277254105,0.0,0.0041778553277254105,0.012339295819401741,0.0,0.012339295819401741,0.0,0.0,-20.25817108154297,1784673082.956406,63.60651469230652,,26.87784403832198,32.319432946325946,0.0,,False,1.4956672191619873
570,0.006887318566441536,8.784905958236777e-07,0.0070956433191895485,0.0013105899561196566,1.9260757255779026e-07,0.0013243407011032104,0.00020877807401120663,-12.840766906738281,0.596764326095581,0.0005131554789841175,0.612027645111084,0.5111445784568787,2.2717838874086738e-05,0.5146247148513794,0.015655038878321648,-6.802211761474609,0.4993504285812378,4.570653345581377e-06,0.49933192133903503,1.850724220275879e-05,-5.2289509773254395,0.44321683049201965,0.002982746809720993,0.4253785014152527,0.017838329076766968,-1.9351757764816284,0.021362654864788055,0.0010546145495027304,0.0,0.021362654864788055,-2.2919864654541016,0.004288531839847565,0.0,0.004288531839847565,0.012557584792375565,0.0,0.012557584792375565,0.0,0.0,-20.897010803222656,1784673083.0540762,63.704184770584106,,25.689148234874608,32.66782938257768,0.0,,False,1.4956672191619873
571,0.0068354192189872265,8.608530492892896e-07,0.007464131340384483,0.001303108991123736,1.9034521869798482e-07,0.0014001873787492514,0.0006361628184095025,-12.627666473388672,0.5919195413589478,0.000506614160258323,0.6027299761772156,0.5107041001319885,2.2415051716961898e-05,0.5143115520477295,0.011396455578505993,-6.903263092041016,0.4991883635520935,4.517662546277279e-06,0.4994352459907532,0.00024688243865966797,-5.228073596954346,0.4523738622665405,0.0029910695739090443,0.4292125701904297,0.02316129207611084,-1.8974491357803345,0.021284639835357666,0.0010244296863675117,0.0,0.021284639835357666,-2.301754951477051,0.004257795866578817,0.0,0.004257795866578817,0.012210341170430183,0.0,0.012210341170430183,0.0,0.0,-20.764312744140625,1784673083.1591005,63.80920910835266,,24.633150490509266,33.02599430485236,0.0,,False,1.4956672191619873
572,0.006788952741771936,8.428029332208098e-07,0.006115811411291361,0.001301988260820508,1.884031490817506e-07,0.001136359409429133,0.0006932187243364751,-12.556109428405762,0.5883039236068726,0.0005015104543417692,0.596709668636322,0.5105794668197632,2.248803139082156e-05,0.5140266418457031,0.009085129015147686,-6.977678298950195,0.49913546442985535,4.541869202512316e-06,0.49955910444259644,0.00042364001274108887,-5.212389945983887,0.4545997381210327,0.002995507325977087,0.4338710904121399,0.020728647708892822,-1.9146621227264404,0.020722411572933197,0.0010098195634782314,0.0,0.020722411572933197,-2.317431926727295,0.004370866809040308,0.0,0.004370866809040308,0.012358791194856167,0.0,0.012358791194856167,0.0,0.0,-20.744447708129883,1784673083.2436593,63.89376783370972,,23.597017782154666,33.39983620237729,0.0,,False,1.4956672191619873
573,0.006723897997289896,8.177747190529772e-07,0.0072957659140229225,0.001297159818932414,1.8543622104516544e-07,0.001358413603156805,0.0005751390708610415,-12.710670471191406,0.5833417177200317,0.0004951242008246481,0.5896411538124084,0.5105646252632141,2.2693489881930873e-05,0.5130451917648315,0.0067702364176511765,-7.138545036315918,0.49914661049842834,4.5990605030965526e-06,0.4996490776538849,0.000502467155456543,-5.198442459106445,0.4552263617515564,0.0029951222240924835,0.4343964159488678,0.0208299458026886,-1.9140143394470215,0.01993190497159958,0.0009943208424374461,0.0,0.01993190497159958,-2.3380119800567627,0.004482688847929239,0.0,0.004482688847929239,0.012526516802608967,0.0,0.012526516802608967,0.0,0.0,-21.020729064941406,1784673083.348401,63.998509645462036,,22.284603716988542,33.79425815323168,0.0,,False,1.4956672191619873
574,0.006666621193289757,7.992945825208153e-07,0.007171098608523607,0.0012932759709656239,1.8318739591904887e-07,0.0013393958797678351,0.0005065812147222459,-12.773262023925781,0.578931987285614,0.0004898684564977884,0.5817296504974365,0.5105839371681213,2.3027791030472144e-05,0.5124191045761108,0.0033458571415394545,-7.231100082397461,0.49917498230934143,4.700048066297313e-06,0.4997304379940033,0.0005554556846618652,-5.182208061218262,0.4551452398300171,0.00298314169049263,0.43818724155426025,0.016957998275756836,-1.9402508735656738,0.019600704312324524,0.0009887338383123279,0.0,0.019600704312324524,-2.3463215827941895,0.0046996320597827435,0.0,0.0046996320597827435,0.012869803234934807,0.0,0.012869803234934807,0.0,0.0,-21.149246215820312,1784673083.4567726,64.1068811416626,,20.843672500943512,34.1969897068235,0.0,,False,1.4956672191619873
575,0.006615425460040569,7.800155685799837e-07,0.006165396887809038,0.001292106811888516,1.8009521340900392e-07,0.0011575084645301104,0.00046972589916549623,-12.77886962890625,0.5752159357070923,0.00048413724289275706,0.5762695670127869,0.5105217099189758,2.2997606720309705e-05,0.5096498727798462,0.0013675667578354478,-7.301081657409668,0.4991510808467865,4.699287728726631e-06,0.49980491399765015,0.0006538331508636475,-5.169625759124756,0.45619145035743713,0.002970142988488078,0.4381459653377533,0.018045485019683838,-1.9358152151107788,0.01905793696641922,0.0009661759831942618,0.0,0.01905793696641922,-2.3641834259033203,0.004803427495062351,0.0,0.004803427495062351,0.012975906021893024,0.0,0.012975906021893024,0.0,0.0,-21.204547882080078,1784673083.5411897,64.19129824638367,,19.347439618638717,34.61758310352445,0.0,,False,1.4956672191619873
576,0.006570390425622463,7.649377948837355e-07,0.0070797414518892765,0.0012884056195616722,1.7786889827675623e-07,0.00132682453840971,0.0005107978940941393,-12.801237106323242,0.5718925595283508,0.0004802655312232673,0.5697653889656067,0.5105931162834167,2.323038825124968e-05,0.5087274312973022,0.002829422941431403,-7.238103866577148,0.4991840720176697,4.759398052556207e-06,0.49965035915374756,0.00046628713607788086,-5.185914516448975,0.45651111006736755,0.0029540983960032463,0.43637263774871826,0.020138472318649292,-1.9246989488601685,0.018529918044805527,0.0009488318464718759,0.0,0.018529918044805527,-2.3802640438079834,0.004913868848234415,0.0,0.004913868848234415,0.013099141418933868,0.0,0.013099141418933868,0.0,0.0,-21.184677124023438,1784673083.6480322,64.29814076423645,,17.871077494390562,35.05425711813007,0.0,,False,1.4956672191619873
577,0.006177231669425964,6.127471579020494e-07,0.00799079891294241,0.001137921237386763,1.545967052152264e-07,0.001499796286225319,0.0018493187380954623,-10.048633575439453,0.5332845449447632,0.0004522099916357547,0.5623442530632019,0.5113634467124939,2.3316779333981685e-05,0.5101869106292725,0.02908351458609104,-6.382579803466797,0.49967822432518005,4.924734184896806e-06,0.499458909034729,0.0002193152904510498,-5.186798095703125,0.4096285104751587,0.0032840336207300425,0.43637359142303467,0.026745080947875977,-1.831497311592102,0.018482938408851624,0.000846319308038801,0.0,0.018482938408851624,-2.4165422916412354,0.003840981749817729,0.0,0.003840981749817729,0.010210239328444004,0.0,0.010210239328444004,0.0,0.0,-17.748096466064453,1784673083.7637281,64.41383671760559,,19.83129602810139,35.527209380568934,0.0,,False,1.4956672191619873
578,0.006123336963355541,6.03139312715939e-07,0.004534130450338125,0.001130036311224103,1.532608848719974e-07,0.0008482488337904215,0.0016139955259859562,-10.81550121307373,0.5287968516349792,0.00044960109516978264,0.5551405549049377,0.5112273097038269,2.3567410607938655e-05,0.5108769536018372,0.026346033439040184,-6.569131851196289,0.4996282160282135,4.981666734238388e-06,0.49944135546684265,0.0001868605613708496,-5.182429790496826,0.409368097782135,0.0032764305360615253,0.43319568037986755,0.023827582597732544,-1.854919672012329,0.017766423523426056,0.0008306546951644123,0.0,0.017766423523426056,-2.437711715698242,0.0038581849075853825,0.0,0.0038581849075853825,0.010078196413815022,0.0,0.010078196413815022,0.0,0.0,-18.66202163696289,1784673083.8590817,64.50919032096863,,20.877589390913784,36.02133106706481,0.0,,False,1.4956672191619873
579,0.006082396488636732,5.92828087064845e-07,0.006759173236787319,0.0011237147264182568,1.5217531768030312e-07,0.001267693587578833,0.0006919224397279322,-12.726001739501953,0.5259776711463928,0.0004470899293664843,0.5510028004646301,0.5114925503730774,2.3667824279982597e-05,0.5091925263404846,0.025130603462457657,-6.532067775726318,0.4996643662452698,4.9896912059921306e-06,0.49959057569503784,7.37905502319336e-05,-5.184584140777588,0.4105135500431061,0.003297184593975544,0.4342266321182251,0.02371308207511902,-1.8531334400177002,0.01713288575410843,0.0008161818841472268,0.0,0.01713288575410843,-2.4566755294799805,0.003664944786578417,0.0,0.003664944786578417,0.009582999162375927,0.0,0.009582999162375927,0.0,0.0,-20.543949127197266,1784673083.9443853,64.5944938659668,,20.0419552634918,36.53441656734242,0.0,,False,1.4956672191619873
580,0.006036232225596905,5.869901542610023e-07,0.00733954319730401,0.0011177239939570427,1.5155256960497354e-07,0.001375132123939693,0.001328487298451364,-11.521928787231445,0.5223527550697327,0.00044574489584192634,0.5435655117034912,0.5114083290100098,2.3980568585102446e-05,0.5089807510375977,0.02135121077299118,-6.711513042449951,0.49962475895881653,5.066956418886548e-06,0.49965977668762207,3.501772880554199e-05,-5.177325248718262,0.41078877449035645,0.0032969319727271795,0.4214634895324707,0.010674715042114258,-1.9211618900299072,0.016669347882270813,0.000805708288680762,0.0,0.016669347882270813,-2.4705193042755127,0.0035841285716742277,0.0,0.0035841285716742277,0.009288930334150791,0.0,0.009288930334150791,0.0,0.0,-19.47980308532715,1784673084.0575225,64.70763111114502,,20.270467177939935,37.06134584241556,0.0,,False,1.4956672191619873
581,0.005986703559756279,5.75903527533228e-07,0.005482611246407032,0.0011126777390018106,1.502252047203001e-07,0.001024376368150115,0.0005117676919326186,-12.954781532287598,0.5181537866592407,0.00044373818673193455,0.5379980206489563,0.511394202709198,2.431141911074519e-05,0.5087053775787354,0.020025568082928658,-6.742128372192383,0.49960750341415405,5.151625828148099e-06,0.4996144771575928,6.973743438720703e-06,-5.169155597686768,0.40967923402786255,0.003296544076874852,0.4156014919281006,0.005922257900238037,-1.9331820011138916,0.016008391976356506,0.0007943567470647395,0.0,0.016008391976356506,-2.4887449741363525,0.0035322171170264482,0.0,0.0035322171170264482,0.009054767899215221,0.0,0.009054767899215221,0.0,0.0,-20.933061599731445,1784673084.142741,64.79284954071045,,19.045720577983772,37.606500787349546,0.0,,False,1.4956672191619873
582,0.005950829479843378,5.628808708024735e-07,0.006512329913675785,0.0011064466089010239,1.479154150274553e-07,0.00121330248657614,0.0005715775769203901,-12.901875495910645,0.5155148506164551,0.00044026714749634266,0.5311413407325745,0.5116003155708313,2.4257778932224028e-05,0.5102834701538086,0.015681877732276917,-7.026514053344727,0.49964621663093567,5.129064902575919e-06,0.49958691000938416,5.930662155151367e-05,-5.171011924743652,0.4096599519252777,0.0032848247792571783,0.4055485129356384,0.004111438989639282,-1.9377094507217407,0.015470582991838455,0.0007766289636492729,0.0,0.015470582991838455,-2.50724720954895,0.00337281939573586,0.0,0.00337281939573586,0.008648592047393322,0.0,0.008648592047393322,0.0,0.0,-21.108592987060547,1784673084.2480798,64.89818835258484,,17.645442590698508,38.17015796769613,0.0,,False,1.4956672191619873
583,0.00589377898722887,5.454863298837154e-07,0.006366311572492123,0.0010958390776067972,1.4556555072431365e-07,0.0011878990335389972,0.0004814167623408139,-13.010457992553711,0.5106018781661987,0.00043604031088761985,0.5241731405258179,0.5117027759552002,2.4387878511333838e-05,0.5104511976242065,0.013628852553665638,-7.09841251373291,0.4996335208415985,5.170449639990693e-06,0.499719500541687,8.597970008850098e-05,-5.166622161865234,0.40885207056999207,0.003285803599283099,0.3984459340572357,0.010406136512756348,-1.923655390739441,0.014643028378486633,0.0007613616180606186,0.0,0.014643028378486633,-2.5304503440856934,0.003314112313091755,0.0,0.003314112313091755,0.00845317728817463,0.0,0.00845317728817463,1.0,0.0,-21.272499084472656,1784673084.3452256,64.99533414840698,,16.081258506001134,38.75701828257945,0.0,,False,1.4956672191619873
584,0.005843939259648323,4.843639658247412e-07,0.00632338086143136,0.0010542550589889288,1.271710345918109e-07,0.0011919676326215267,0.0004988276050426066,-13.059354782104492,0.5050997138023376,0.00040695417555980384,0.5168219804763794,0.5111722350120544,2.3410919311572798e-05,0.5108243227005005,0.011727428995072842,-7.22526741027832,0.49947988986968994,5.009743290429469e-06,0.4998539090156555,0.00037401914596557617,-5.169162750244141,0.40094617009162903,0.0030972531531006098,0.3901837170124054,0.010762453079223633,-1.9509824514389038,0.015476509928703308,0.0007277987897396088,0.0,0.015476509928703308,-2.5292515754699707,0.003603483084589243,0.0,0.003603483084589243,0.008558589033782482,0.0,0.008558589033782482,1.0,0.0,-21.424150466918945,1784673084.4510012,65.10110974311829,,14.365423038857472,39.342679828847054,0.0,,False,1.4956672191619873
585,0.005749565549194813,4.791017431671207e-07,0.00656047323718667,0.0010462448699399829,1.2777421432019764e-07,0.0012287417193874717,0.0008311897399835289,-12.557716369628906,0.4983934760093689,0.0004053322190884501,0.5078980326652527,0.5109790563583374,2.391751331742853e-05,0.5104247331619263,0.00952070765197277,-7.270115852355957,0.4993599057197571,5.134252660354832e-06,0.4996929466724396,0.0003330409526824951,-5.16004753112793,0.4018774628639221,0.0031667195726186037,0.3827028274536133,0.019174635410308838,-1.9005393981933594,0.014045078307390213,0.0007038451731204987,0.0,0.014045078307390213,-2.570404291152954,0.0037423563189804554,0.0,0.0037423563189804554,0.008790215477347374,0.0,0.008790215477347374,1.0,0.0,-20.953834533691406,1784673084.5575166,65.20762515068054,,13.119903504941348,39.96949409079764,0.0,,False,1.4956672191619873
586,0.005665544420480728,4.834654419028084e-07,0.005226540379226208,0.001042655436322093,1.3036311941050371e-07,0.0009752076002769172,0.00044415509910322726,-13.142972946166992,0.49238121509552,0.0004088222631253302,0.5017676949501038,0.5108329057693481,2.462757402099669e-05,0.5103424787521362,0.009399283677339554,-7.256420135498047,0.4992806613445282,5.32280637344229e-06,0.4995799660682678,0.000299304723739624,-5.1444010734558105,0.40166932344436646,0.00322338892146945,0.3817838430404663,0.019885480403900146,-1.888384461402893,0.013581864535808563,0.000689137727022171,0.0,0.013581864535808563,-2.587256908416748,0.0038288519717752934,0.0,0.0038288519717752934,0.008820846676826477,0.0,0.008820846676826477,1.0,0.0,-21.520309448242188,1784673084.6513686,65.3014771938324,,11.307909056474443,40.61316097001202,0.0,,False,1.4956672191619873
587,0.005605815909802914,4.887807563136448e-07,0.006214683409780264,0.0010413697455078363,1.33106098587632e-07,0.0011522562708705664,0.0006188824190758169,-12.918441772460938,0.4878975450992584,0.0004130614979658276,0.493407279253006,0.5109140872955322,2.5205876227119006e-05,0.5105153322219849,0.005524144973605871,-7.3123955726623535,0.4992424249649048,5.475021225720411e-06,0.4997310936450958,0.00048866868019104,-5.116910934448242,0.4014231264591217,0.003282059682533145,0.3822593688964844,0.01916375756263733,-1.8847554922103882,0.013364255428314209,0.000685063423588872,0.0,0.013364255428314209,-2.593705654144287,0.003792529460042715,0.0,0.003792529460042715,0.008631658740341663,0.0,0.008631658740341663,1.0,0.0,-21.326812744140625,1784673084.7558196,65.40592813491821,,9.689411312109101,41.263276594953936,0.0,,False,1.4956672191619873
588,0.005541425663977861,4.861015554524784e-07,0.004904310684651136,0.0010347970528528094,1.342435496098915e-07,0.0009090619860216975,0.0006494034314528108,-12.865947723388672,0.482513964176178,0.00041399808833375573,0.4876154363155365,0.510939359664917,2.5682094928924926e-05,0.5106459856033325,0.005109901074320078,-7.308698654174805,0.4991794228553772,5.6071871767926496e-06,0.5000424385070801,0.0008630156517028809,-5.060377597808838,0.4013427197933197,0.0033226883970201015,0.3731369972229004,0.02820572257041931,-1.8148353099822998,0.012598030269145966,0.0006759962998330593,0.0,0.012598030269145966,-2.613332986831665,0.0037526567466557026,0.0,0.0037526567466557026,0.008463711477816105,0.0,0.008463711477816105,1.0,1.0,-21.24309539794922,1784673084.8500967,65.5002052783966,,8.154630913935165,41.93301955258323,0.0,,False,1.4956672191619873
589,0.005432971753180027,5.037150572206883e-07,0.005986435804516077,0.0010344915790483356,1.4054442942779133e-07,0.0011133363004773855,0.0005590518121607602,-12.975442886352539,0.4743366837501526,0.0004272924561519176,0.48073825240135193,0.5119915008544922,2.6231051378999837e-05,0.5109283924102783,0.006489243358373642,-7.245931148529053,0.4994596838951111,5.911447715334361e-06,0.5000689029693604,0.0006092190742492676,-5.068979263305664,0.3984849452972412,0.003435550956055522,0.37421780824661255,0.024267137050628662,-1.8321444988250732,0.013223491609096527,0.0006766455480828881,0.0,0.013223491609096527,-2.60103178024292,0.004071954637765884,0.0,0.004071954637765884,0.009028257802128792,0.0,0.009028257802128792,1.0,1.0,-21.306678771972656,1784673084.9451556,65.59526419639587,,6.556267141737791,42.59046130362378,0.0,,False,1.4956672191619873
590,0.005372198764234781,4.897917733615031e-07,0.003764056833460927,0.000980623415671289,1.3983586200083664e-07,0.000702118850313127,0.0016320800641551614,-10.400800704956055,0.4656505286693573,0.00043045615893788636,0.4727690517902374,0.512365460395813,2.5541634386172518e-05,0.5109821557998657,0.0072516826912760735,-7.228736877441406,0.49961578845977783,5.8761647778737824e-06,0.5000624656677246,0.00044667720794677734,-5.0863871574401855,0.39411965012550354,0.0035839350894093513,0.3732782304286957,0.02084141969680786,-1.8361095190048218,0.012685190886259079,0.0006647016271017492,0.0,0.012685190886259079,-2.618105411529541,0.004011466633528471,0.0,0.004011466633528471,0.008588501252233982,0.0,0.008588501252233982,1.0,1.0,-18.72698402404785,1784673085.0446723,65.6947808265686,,7.5375981174652225,43.264976685950955,0.0,,False,1.4956672191619873
591,0.005310392472893,4.685270766913163e-07,0.007630885578691959,0.0009733171900734305,1.3725420444643532e-07,0.001427411218173802,0.002364506246522069,-6.852108001708984,0.4609067142009735,0.0004253738443367183,0.4672040045261383,0.5127649307250977,2.507495264580939e-05,0.5109548568725586,0.0065522692166268826,-7.228270530700684,0.49977847933769226,5.799837708764244e-06,0.5000501275062561,0.0002716481685638428,-5.103540420532227,0.3922557532787323,0.003677728120237589,0.3702709376811981,0.02198481559753418,-1.8180809020996094,0.011779233813285828,0.0006528339581564069,0.0,0.011779233813285828,-2.6418874263763428,0.004170493688434362,0.0,0.004170493688434362,0.008640844374895096,0.0,0.008640844374895096,1.0,1.0,-15.186494827270508,1784673085.149988,65.80009651184082,,12.059418289969997,43.96327408312493,0.0,,False,1.4956672191619873
592,0.005247107706964016,4.515322018505685e-07,0.005604117643088102,0.000963378231972456,1.3532002185456804e-07,0.0010465416125953197,0.0003665681870188564,-13.208552360534668,0.45539432764053345,0.00042220824980176985,0.4606914818286896,0.5128604173660278,2.5065153749892488e-05,0.5109055042266846,0.0056463731452822685,-7.23468017578125,0.4998554587364197,5.872316705790581e-06,0.5000368356704712,0.00018137693405151367,-5.10089111328125,0.38973623514175415,0.0037800578866153955,0.36669307947158813,0.023043155670166016,-1.799834132194519,0.011181570589542389,0.0006502325995825231,0.0,0.011181570589542389,-2.6540110111236572,0.004415694158524275,0.0,0.004415694158524275,0.008806495927274227,0.0,0.008806495927274227,1.0,0.0,-21.546741485595703,1784673085.255712,65.90582060813904,,10.220991804149577,44.67369506504622,0.0,,False,1.4956672191619873
593,0.005189413204789162,4.061407423705532e-07,0.004585907328873873,0.0009482138557359576,1.2574633956319303e-07,0.0008614251855760813,0.0006097143632359803,-12.986564636230469,0.4499538540840149,0.00040570012060925364,0.4543133080005646,0.5128663778305054,2.408542604825925e-05,0.5108983516693115,0.004783091600984335,-7.280196666717529,0.4998514652252197,5.650478215102339e-06,0.5000551342964172,0.00020366907119750977,-5.11927604675293,0.38537493348121643,0.0039060679264366627,0.3651352524757385,0.020239681005477905,-1.801236629486084,0.010698214173316956,0.0006689809961244464,0.0,0.010698214173316956,-2.6503970623016357,0.004702804610133171,0.0,0.004702804610133171,0.009222710505127907,0.0,0.009222710505127907,1.0,0.0,-21.370361328125,1784673085.3394012,65.98950982093811,,8.55894547579986,45.380502098145485,0.0,,False,1.4956672191619873
594,0.005118886008858681,3.8981158922979375e-07,0.005593529902398586,0.0009491460514254868,1.2348962741270952e-07,0.00105573539622128,0.0004864649090450257,-13.159507751464844,0.44528728723526,0.0004004687652923167,0.4480125904083252,0.5130136013031006,2.38443462876603e-05,0.5112974047660828,0.0032206533942371607,-7.324507713317871,0.49984294176101685,5.645182227453915e-06,0.5000216364860535,0.0001786947250366211,-5.120587348937988,0.38427895307540894,0.004035389982163906,0.36069729924201965,0.023581653833389282,-1.7684855461120605,0.01029697060585022,0.0006802303250879049,0.0,0.01029697060585022,-2.6496660709381104,0.004946577362716198,0.0,0.004946577362716198,0.009439276531338692,0.0,0.009439276531338692,1.0,0.0,-21.57940673828125,1784673085.444549,66.09465765953064,,6.687853737293892,46.086578139881226,0.0,,False,1.4956672191619873
595,0.0050576226785779,3.7650485751328233e-07,0.005435602739453316,0.0009425022872164845,1.2185637388029136e-07,0.0010226966114714742,0.0003863936581183225,-13.302382469177246,0.44039520621299744,0.00039729694253765047,0.4416992962360382,0.5130968689918518,2.374596988374833e-05,0.5140460729598999,0.001612959778867662,-7.3804731369018555,0.49985387921333313,5.691833393939305e-06,0.4998411536216736,1.2725591659545898e-05,-5.119286060333252,0.3816702365875244,0.004166476894170046,0.3519694209098816,0.029700815677642822,-1.715542197227478,0.009834863245487213,0.0006906484486535192,0.0,0.009834863245487213,-2.6499767303466797,0.0051372661255300045,0.0,0.0051372661255300045,0.009539391845464706,0.0,0.009539391845464706,1.0,0.0,-21.766403198242188,1784673085.5492308,66.19933938980103,,4.629765538826987,46.79296484102554,0.0,,False,1.4956672191619873
596,0.004972232971340418,3.593983421978919e-07,0.005361470393836498,0.0009330322500318289,1.2005521909941308e-07,0.0010113605530932546,0.0003970404213760048,-13.312868118286133,0.4337523579597473,0.00039532597293145955,0.435367614030838,0.5129187703132629,2.4199462131946348e-05,0.5149893164634705,0.002626064233481884,-7.302733421325684,0.49980369210243225,5.930184670432936e-06,0.4997614324092865,4.225969314575195e-05,-5.098638534545898,0.37261641025543213,0.004368476569652557,0.34619906544685364,0.02641734480857849,-1.7178555727005005,0.010204963386058807,0.0007091565057635307,0.0,0.010204963386058807,-2.633352279663086,0.005575876217335463,0.0,0.005575876217335463,0.009974794462323189,0.0,0.009974794462323189,1.0,1.0,-21.704376220703125,1784673085.6545544,66.30466294288635,,4.425713972070852,47.482727091486254,0.0,,False,1.4956672191619873
597,0.004921285435557365,3.7071330893923005e-07,0.005355398170650005,0.0009267050190828741,1.2490727385738865e-07,0.0010093090822920203,0.0004419019096530974,-13.232396125793457,0.430093377828598,0.00040492587140761316,0.4279746115207672,0.5130456686019897,2.5056840968318284e-05,0.5150048732757568,0.0028857674915343523,-7.283069610595703,0.49983417987823486,6.2452745623886585e-06,0.4997248649597168,0.0001093149185180664,-5.0719475746154785,0.3690221309661865,0.004442375618964434,0.3336135149002075,0.035408616065979004,-1.6482295989990234,0.010022040456533432,0.0006889639771543443,0.0,0.010022040456533432,-2.648329496383667,0.005662847775965929,0.0,0.005662847775965929,0.009842539206147194,0.0,0.009842539206147194,1.0,1.0,-21.594825744628906,1784673085.7593472,66.4094557762146,,5.312224716924476,48.18746655866755,0.0,,False,1.4956672191619873
598,0.004895338322967291,3.6857241525467543e-07,0.004396164324134588,0.0009068805957213044,1.2585832109834882e-07,0.0008299429900944233,0.0005050683976151049,-13.151449203491211,0.42600017786026,0.00040899578016251326,0.4226519763469696,0.513214647769928,2.5510120394756086e-05,0.5152075886726379,0.0038964429404586554,-7.259690284729004,0.4999013841152191,6.4752280195534695e-06,0.49969956278800964,0.00020182132720947266,-5.051679611206055,0.36228054761886597,0.004555723164230585,0.32373446226119995,0.038546085357666016,-1.6136771440505981,0.010316438972949982,0.000697650364600122,0.0,0.010316438972949982,-2.638680934906006,0.0058253975585103035,0.0,0.0058253975585103035,0.009947307407855988,0.0,0.009947307407855988,1.0,0.0,-21.485042572021484,1784673085.844147,66.49425554275513,,6.0889522891706775,48.88255746437119,0.0,,False,1.4956672191619873
599,0.004851313307881355,3.4197967124782735e-07,0.00510933343321085,0.000890407885890454,1.2098018942197086e-07,0.0009619476040825248,0.0002677542215678841,-13.45171070098877,0.42089545726776123,0.00040112738497555256,0.41620227694511414,0.5132008194923401,2.474134998919908e-05,0.5130277872085571,0.004696369171142578,-7.348196029663086,0.4998190701007843,6.354825472953962e-06,0.4996088147163391,0.00021025538444519043,-5.060731410980225,0.3539658188819885,0.004685103893280029,0.31518158316612244,0.03878423571586609,-1.6022131443023682,0.00996997207403183,0.0007268512854352593,0.0,0.00996997207403183,-2.6260783672332764,0.006173515692353249,0.0,0.006173515692353249,0.010427072644233704,0.0,0.010427072644233704,1.0,0.0,-21.860631942749023,1784673085.9492023,66.59931087493896,,7.241269232144418,49.565045802402096,0.0,,False,1.4956672191619873
600,0.00478767603635788,3.320632231407217e-07,0.005185405258089304,0.0008725557709112763,1.2096261059468816e-07,0.0009788456372916698,0.0004116868367418647,-13.30009651184082,0.4154605567455292,0.0004026503302156925,0.4084480106830597,0.5131465196609497,2.4673116058693267e-05,0.5152790546417236,0.00732963252812624,-7.222517490386963,0.499759316444397,6.483613105956465e-06,0.4995054602622986,0.00025385618209838867,-5.049208164215088,0.3472670912742615,0.004816786386072636,0.3006771206855774,0.04658997058868408,-1.5235669612884521,0.010041937232017517,0.000739694747608155,0.0,0.010041937232017517,-2.6175343990325928,0.006344919558614492,0.0,0.006344919558614492,0.010498974472284317,0.0,0.010498974472284317,1.0,0.0,-21.60271453857422,1784673086.05643,66.70653867721558,,8.135668770943354,50.23899017223232,0.0,,False,1.4956672191619873
601,0.004724930971860886,3.223798046292359e-07,0.004036248195916414,0.00086064578499645,1.208471189784177e-07,0.0007600226672366261,0.000695994938723743,-12.822770118713379,0.41035598516464233,0.00040383744635619223,0.40277454257011414,0.5131216049194336,2.4703098461031914e-05,0.5161460638046265,0.008162451907992363,-7.117351531982422,0.4997188448905945,6.630282314290525e-06,0.49937915802001953,0.00033968687057495117,-5.034291744232178,0.3407403826713562,0.004916127771139145,0.2998196482658386,0.04092073440551758,-1.568371057510376,0.009924445301294327,0.0007464348454959691,0.0,0.009924445301294327,-2.6151862144470215,0.006670912727713585,0.0,0.006670912727713585,0.01069259736686945,0.0,0.01069259736686945,1.0,0.0,-21.033796310424805,1784673086.141701,66.79180955886841,,8.461150081592876,50.91058635747697,0.0,,False,1.4956672191619873
602,0.004662316758185625,3.1263755317922914e-07,0.005068354308605194,0.0008490547770634294,1.202783721510059e-07,0.0009555976721458137,0.00041978314402513206,-13.307104110717773,0.40537622570991516,0.0004046304093208164,0.39548659324645996,0.513073742389679,2.46481504291296e-05,0.516047477722168,0.010327048599720001,-7.073552131652832,0.4996589124202728,6.7459673118719365e-06,0.49940964579582214,0.0002492666244506836,-5.029738903045654,0.33477783203125,0.00501721678301692,0.29349297285079956,0.04128485918045044,-1.5586423873901367,0.009908907115459442,0.0007521220250055194,0.0,0.009908907115459442,-2.6120946407318115,0.006999051198363304,0.0,0.006999051198363304,0.010848432779312134,0.0,0.010848432779312134,1.0,0.0,-21.480815887451172,1784673086.248058,66.89816665649414,,9.233650969268766,51.579090969006415,0.0,,False,1.4956672191619873
603,0.00443462748080492,3.3496274909339263e-07,0.004788190592080355,0.0008907148148864508,1.381847738457509e-07,0.0009071268141269684,0.00035394381848163903,-13.326509475708008,0.39403554797172546,0.00044841866474598646,0.3867782652378082,0.5109412670135498,2.5876435756799765e-05,0.5149495005607605,0.008290602825582027,-6.928940773010254,0.498898983001709,7.447461939591449e-06,0.4994354248046875,0.0005364418029785156,-4.965559959411621,0.3055357336997986,0.004944645334035158,0.2756085991859436,0.02992713451385498,-1.6452205181121826,0.013630740344524384,0.0008402657113038003,0.0,0.013630740344524384,-2.511399269104004,0.005241038277745247,0.0,0.005241038277745247,0.007582277059555054,0.0,0.007582277059555054,1.0,0.0,-21.35244369506836,1784673086.3521795,67.00228810310364,,9.877779664561842,52.14690020890805,0.0,,False,1.4956672191619873
604,0.004370458424091339,3.310007627987943e-07,0.0038688727654516697,0.0008840318187139928,1.4011911275702005e-07,0.0007261487189680338,0.0005258471355773509,-13.044090270996094,0.3892735540866852,0.00045622733887284994,0.3804703652858734,0.5109244585037231,2.5990946596721187e-05,0.5153995156288147,0.009875335730612278,-6.817079544067383,0.49885666370391846,7.651143278053496e-06,0.4993085563182831,0.000451892614364624,-4.958044528961182,0.29765719175338745,0.005020747892558575,0.27416080236434937,0.023496389389038086,-1.6731698513031006,0.013782210648059845,0.0008540297276340425,0.0,0.013782210648059845,-2.5026261806488037,0.005265058483928442,0.0,0.005265058483928442,0.007541285827755928,0.0,0.007541285827755928,1.0,0.0,-20.976776123046875,1784673086.4375234,67.08763194084167,,10.146240787833435,52.705936360354485,0.0,,False,1.4956672191619873
605,0.004298503044992685,3.257956961988384e-07,0.0045379456132650375,0.0008758212206885219,1.4191468267199525e-07,0.0008524185395799577,0.00024058352573774755,-13.424721717834473,0.38410425186157227,0.0004638905811589211,0.3729390799999237,0.5109779238700867,2.5977622499340214e-05,0.5145001411437988,0.011707564815878868,-6.906044006347656,0.49883171916007996,7.821768122084904e-06,0.49928826093673706,0.0004565417766571045,-4.947037696838379,0.28999650478363037,0.005085901357233524,0.27451813220977783,0.015478372573852539,-1.698149561882019,0.013707652688026428,0.0008651307434774935,0.0,0.013707652688026428,-2.4987804889678955,0.005250220187008381,0.0,0.005250220187008381,0.007467267103493214,0.0,0.007467267103493214,1.0,0.0,-21.42307472229004,1784673086.5419037,67.19201231002808,,10.861000510348191,53.26112682012001,0.0,,False,1.4956672191619873
606,0.0042282892391085625,3.22166584965089e-07,0.00446469197049737,0.0008684169733896852,1.4395524772226054e-07,0.0008393595344386995,0.0002381818339927122,-13.42343521118164,0.37886130809783936,0.00047246835310943425,0.3655301034450531,0.5110934972763062,2.604156907182187e-05,0.5145171880722046,0.01376381702721119,-6.8556671142578125,0.49885061383247375,8.02725389803527e-06,0.4994269907474518,0.0005763769149780273,-4.926702499389648,0.2833018898963928,0.005179213359951973,0.27035558223724365,0.01294630765914917,-1.6964317560195923,0.013764113187789917,0.0008787086699157953,0.0,0.013764113187789917,-2.4917895793914795,0.005238958168774843,0.0,0.005238958168774843,0.007403469644486904,0.0,0.007403469644486904,1.0,0.0,-21.371318817138672,1784673086.6468055,67.29691410064697,,11.52400432771158,53.80932637030912,0.0,,False,1.4956672191619873
607,0.0041512660682201385,3.1912171039039094e-07,0.00498609384521842,0.0008610949735157192,1.466467978161745e-07,0.0009298899094574153,0.0008376575424335897,-12.400489807128906,0.3732651472091675,0.0004830917459912598,0.3561065196990967,0.5113118290901184,2.6100744435098022e-05,0.5147226452827454,0.01749434694647789,-6.728964328765869,0.4989098012447357,8.252871339209378e-06,0.4994538724422455,0.0005440711975097656,-4.915602207183838,0.27545496821403503,0.005262716673314571,0.26536983251571655,0.010085135698318481,-1.6949522495269775,0.013600390404462814,0.0008918371167965233,0.0,0.013600390404462814,-2.4884729385375977,0.005274266470223665,0.0,0.005274266470223665,0.007423542905598879,0.0,0.007423542905598879,1.0,0.0,-20.24146270751953,1784673086.7620902,67.41219878196716,,11.057152035455829,54.35420927964435,0.0,,False,1.4956672191619873
608,0.004069366026669741,3.156071954890649e-07,0.004326527938246727,0.0008545581949874759,1.495288728392552e-07,0.000809944816865027,0.0002610030642244965,-13.392969131469727,0.3674822747707367,0.000493835483212024,0.3485294282436371,0.5115284323692322,2.6175246603088453e-05,0.5148513913154602,0.019241943955421448,-6.6695051193237305,0.4989767372608185,8.52323410072131e-06,0.4995609223842621,0.0005841851234436035,-4.897398948669434,0.26738977432250977,0.005325366742908955,0.2620958089828491,0.0052939653396606445,-1.696066975593567,0.013425566256046295,0.0009059509029611945,0.0,0.013425566256046295,-2.4848456382751465,0.00529085099697113,0.0,0.00529085099697113,0.007422479335218668,0.0,0.007422479335218668,1.0,0.0,-21.17727279663086,1784673086.8674026,67.51751112937927,,11.526109832311406,54.89546488871713,0.0,,False,1.4956672191619873
609,0.0039783804677426815,3.145011078231619e-07,0.0028166216798126698,0.0008484775898978114,1.5383146489966748e-07,0.0005276068113744259,0.0012052557431161404,-11.011568069458008,0.36127662658691406,0.0005087191821075976,0.3435967266559601,0.5118268132209778,2.6255118427798152e-05,0.5137542486190796,0.01778465323150158,-6.849784851074219,0.4990861117839813,8.833442734612618e-06,0.49965527653694153,0.0005691647529602051,-4.8812079429626465,0.2572767734527588,0.00539212953299284,0.2550920248031616,0.002184748649597168,-1.6920263767242432,0.013166330754756927,0.0009262479143217206,0.0,0.013166330754756927,-2.479668378829956,0.005271232686936855,0.0,0.005271232686936855,0.00743494275957346,0.0,0.00743494275957346,1.0,0.0,-18.93199920654297,1784673086.9512637,67.60137224197388,,9.749794039079092,55.431543238344716,0.0,,False,1.4956672191619873
610,0.0038811436388641596,3.1506206710218976e-07,0.0044863480143249035,0.0008434384362772107,1.5961428800892463e-07,0.0008437621290795505,0.0006052044918760657,-12.891353607177734,0.35502490401268005,0.0005279157194308937,0.3398362696170807,0.5121538043022156,2.6292789698345587e-05,0.5136212110519409,0.015259354375302792,-6.949073791503906,0.499234676361084,9.173516446026042e-06,0.4996813237667084,0.00044664740562438965,-4.8697829246521,0.24363240599632263,0.005414613056927919,0.24821043014526367,0.00457802414894104,-1.688452959060669,0.01268741488456726,0.000954540679231286,0.0,0.01268741488456726,-2.4738833904266357,0.005117367021739483,0.0,0.005117367021739483,0.007377276662737131,0.0,0.007377276662737131,1.0,0.0,-20.8855037689209,1784673087.0443716,67.69448018074036,,9.926982808224707,55.96183659956898,0.0,,False,1.4956672191619873
611,0.003774886019527912,3.1367227393275243e-07,0.004770578350871801,0.0008383922977373004,1.653874051044113e-07,0.0008932959171943367,0.0009972049156203866,-11.86763858795166,0.3484431207180023,0.0005494688521139324,0.33183154463768005,0.512350857257843,2.608641625556629e-05,0.5134682655334473,0.016649115830659866,-6.917417049407959,0.4993646740913391,9.488003342994489e-06,0.4995698034763336,0.00020512938499450684,-4.8615851402282715,0.22622795403003693,0.005370954517275095,0.21913409233093262,0.007093861699104309,-1.6897515058517456,0.011897329241037369,0.0009758536471053958,0.0,0.011897329241037369,-2.4746360778808594,0.005041578784584999,0.0,0.005041578784584999,0.0074390540830791,0.0,0.0074390540830791,1.0,0.0,-19.832365036010742,1784673087.1701145,67.82022309303284,,9.051032844460167,56.49288264824747,0.0,,False,1.4956672191619873
612,0.003640958806499839,3.1288499258153024e-07,0.0033716533798724413,0.0008298846078105271,1.732912409124765e-07,0.0006294584600254893,0.0003357023233547807,-13.203182220458984,0.34024494886398315,0.0005812458693981171,0.32762470841407776,0.5125681757926941,2.5746296159923077e-05,0.5132617354393005,0.012639284133911133,-7.024551868438721,0.4995254576206207,9.919990588969085e-06,0.4995393753051758,1.3917684555053711e-05,-4.841531276702881,0.19993573427200317,0.005272414069622755,0.20848828554153442,0.00855255126953125,-1.6967582702636719,0.010967426002025604,0.0009931828826665878,0.0,0.010967426002025604,-2.477804183959961,0.005219323094934225,0.0,0.005219323094934225,0.007856282405555248,0.0,0.007856282405555248,1.0,0.0,-21.243589401245117,1784673087.2534015,67.90351009368896,,9.586307245930001,57.027096803005065,0.0,,False,1.4956672191619873
613,0.003493719268590212,3.1400116995428107e-07,0.0035713741090148687,0.0008081634878180921,1.8096757514740602e-07,0.0006683435058221221,0.00015993717534001917,-13.347914695739746,0.3304673433303833,0.0006186633254401386,0.3243204653263092,0.5126311779022217,2.54927890637191e-05,0.5128659605979919,0.006151359993964434,-7.113037109375,0.4996187686920166,1.0469080734765157e-05,0.49959635734558105,2.2411346435546875e-05,-4.814579486846924,0.17457792162895203,0.005391288083046675,0.19764041900634766,0.02306249737739563,-1.6432193517684937,0.010403990745544434,0.0009766669245436788,0.0,0.010403990745544434,-2.4913294315338135,0.00658262986689806,0.0,0.00658262986689806,0.009597751311957836,0.0,0.009597751311957836,1.0,0.0,-21.445634841918945,1784673087.3499877,68.00009632110596,,10.323627088073664,57.57483620533651,0.0,,False,1.4956672191619873
614,0.003431792836636305,3.1821477364246675e-07,0.004572459030896425,0.0008073998615145683,1.8695826042858243e-07,0.0008573270170018077,0.0011417582863941789,-11.33751106262207,0.3262193202972412,0.0006376106757670641,0.31680625677108765,0.5126534700393677,2.566305556683801e-05,0.510917067527771,0.009571878239512444,-6.998017311096191,0.4997643530368805,1.088148019334767e-05,0.4996843636035919,7.998943328857422e-05,-4.794991493225098,0.16345207393169403,0.005445626098662615,0.18382269144058228,0.020370617508888245,-1.6494323015213013,0.010415416210889816,0.0009954266715794802,0.0,0.010415416210889816,-2.482741355895996,0.006616627797484398,0.0,0.006616627797484398,0.009866896085441113,0.0,0.009866896085441113,1.0,0.0,-19.333419799804688,1784673087.4661977,68.11630630493164,,8.948731888103069,58.11398753203014,0.0,,False,1.4956672191619873
615,0.0033715558238327503,3.14677691903853e-07,0.002542701316997409,0.0008090146584436297,1.885410227941975e-07,0.00048087892355397344,0.0008914442150853574,-12.012821197509766,0.32191935181617737,0.0006493832916021347,0.31246453523635864,0.5126969814300537,2.5624138288549148e-05,0.5108432173728943,0.009634832851588726,-6.981970310211182,0.4999203383922577,1.1196631930943113e-05,0.49960726499557495,0.00031307339668273926,-4.776633262634277,0.15310092270374298,0.005451904144138098,0.1640792191028595,0.010978296399116516,-1.6759034395217896,0.009958330541849136,0.000993771362118423,0.0,0.009958330541849136,-2.4881680011749268,0.006869634613394737,0.0,0.006869634613394737,0.010339715518057346,0.0,0.010339715518057346,1.0,0.0,-19.98671531677246,1784673087.5615394,68.21164798736572,,8.227132205100247,58.658565504002695,0.0,,False,1.4956672191619873
616,0.003300880081951618,3.132390418159048e-07,0.00377656240016222,0.0008088616887107491,1.924790780094554e-07,0.0007147258147597313,0.00048490744666196406,-12.997709274291992,0.3165988624095917,0.000666137202642858,0.3088280260562897,0.5128954648971558,2.5807285055634566e-05,0.5108463168144226,0.008036473765969276,-6.974878311157227,0.5001553297042847,1.1728346180461813e-05,0.49937647581100464,0.0007788538932800293,-4.731951713562012,0.14083975553512573,0.0054862103424966335,0.1539926826953888,0.013152927160263062,-1.6680536270141602,0.009551998227834702,0.0010033700382336974,0.0,0.009551998227834702,-2.4877898693084717,0.0073394691571593285,0.0,0.0073394691571593285,0.01113413367420435,0.0,0.01113413367420435,1.0,0.0,-20.943588256835938,1784673087.6448982,68.29500675201416,,8.462405462160902,59.2027653441088,0.0,,False,1.4956672191619873
617,0.003263448365032673,3.1473814487981144e-07,0.0037698608357459307,0.0008100473205558956,1.9669140272071672e-07,0.0007165975403040648,0.000514962594024837,-12.939092636108398,0.3123122453689575,0.0006844895542599261,0.3030938506126404,0.513130784034729,2.5952474970836192e-05,0.5106285810470581,0.00955195352435112,-6.902463912963867,0.5004033446311951,1.2188200344098732e-05,0.49920788407325745,0.001195460557937622,-4.679955005645752,0.13095077872276306,0.0055900453589856625,0.11953094601631165,0.011419832706451416,-1.66278076171875,0.009415581822395325,0.0010059288470074534,0.0,0.009415581822395325,-2.4879181385040283,0.008460194803774357,0.0,0.008460194803774357,0.012678785249590874,0.0,0.012678785249590874,1.0,0.0,-20.801040649414062,1784673087.7512603,68.40136885643005,,8.555131111799682,59.74709345341046,0.0,,False,1.4956672191619873
618,0.0032698549330234528,3.1026894475871813e-07,0.0035856710746884346,0.0008056992664933205,1.9671863071835105e-07,0.0006763078854419291,0.0003412945370655507,-13.172496795654297,0.30918088555336,0.0006934546981938183,0.2967725396156311,0.5135350823402405,2.585414404165931e-05,0.5099566578865051,0.012914029881358147,-6.721899032592773,0.5006816387176514,1.252942001883639e-05,0.4987918436527252,0.0018897950649261475,-4.582259178161621,0.12241654098033905,0.005580844823271036,0.09650570154190063,0.025910839438438416,-1.6151193380355835,0.00950370728969574,0.0009931043023243546,0.0,0.00950370728969574,-2.492924928665161,0.01006581075489521,0.0,0.01006581075489521,0.0145834069699049,0.0,0.0145834069699049,1.0,0.0,-20.84114646911621,1784673087.849106,68.49921464920044,,8.68796258114061,60.29642835287325,0.0,,False,1.4956672191619873
619,0.003207733388990164,3.0071527135078213e-07,0.0035946923308074474,0.000787408440373838,1.9568462050756352e-07,0.0006778151728212833,0.0004021789354737848,-13.114397048950195,0.3022419810295105,0.0006958298035897315,0.2889960706233978,0.5134497880935669,2.6162622816627845e-05,0.5109740495681763,0.013475289568305016,-6.8297014236450195,0.5006787776947021,1.3254693840281107e-05,0.4986773431301117,0.002001434564590454,-4.545534610748291,0.11233216524124146,0.00556754507124424,0.08488383889198303,0.027448326349258423,-1.6088011264801025,0.008355099707841873,0.0009867737535387278,0.0,0.008355099707841873,-2.5062246322631836,0.010702049359679222,0.0,0.010702049359679222,0.015478580258786678,0.0,0.015478580258786678,1.0,0.0,-20.850927352905273,1784673087.954167,68.6042754650116,,8.8305749342706,60.859062955934064,0.0,,False,1.4956672191619873
620,0.003143161069601774,2.8797262530133594e-07,0.003188023343682289,0.000761172326747328,1.9316080113185308e-07,0.0005948801408521831,0.00017223737086169422,-13.347119331359863,0.2938378155231476,0.000694765942171216,0.2833349406719208,0.5133153200149536,2.6638481358531862e-05,0.5109562873840332,0.01076454482972622,-6.880825519561768,0.5005998611450195,1.4244513295125216e-05,0.49866971373558044,0.001930147409439087,-4.529861927032471,0.1051359474658966,0.00555794034153223,0.06668731570243835,0.03844863176345825,-1.5443357229232788,0.0072774142026901245,0.00097447051666677,0.0,0.0072774142026901245,-2.520695447921753,0.011771400459110737,0.0,0.011771400459110737,0.01678445190191269,0.0,0.01678445190191269,1.0,0.0,-21.116710662841797,1784673088.0457504,68.6958589553833,,9.238970597337115,61.43616837465345,0.0,,False,1.4956672191619873
621,0.0030525841284543276,2.75003628757986e-07,0.0034048694651573896,0.0007280745776370168,1.9146128238389792e-07,0.0006340239779092371,0.00036462373100221157,-13.200911521911621,0.28344041109085083,0.0006984799401834607,0.2746651768684387,0.5130589008331299,2.750985549937468e-05,0.5098775625228882,0.009334112517535686,-6.8068342208862305,0.5004119277000427,1.5762523617013358e-05,0.4989178478717804,0.001494079828262329,-4.53918981552124,0.09859594702720642,0.005606704857200384,0.031851112842559814,0.0667448341846466,-1.2756767272949219,0.006546583026647568,0.0009672489832155406,0.0,0.006546583026647568,-2.5294344425201416,0.013280358165502548,0.0,0.013280358165502548,0.018478941172361374,0.0,0.018478941172361374,1.0,0.0,-20.915973663330078,1784673088.1524327,68.80254125595093,,9.44662926089191,62.02201278797122,0.0,,False,1.4956672191619873
622,0.0029354628641158342,2.732620032475097e-07,0.0027201904449611902,0.0006846923497505486,1.960279405466281e-07,0.0005074023501947522,0.00027887983014807105,-13.276078224182129,0.2728773057460785,0.0007165140123106539,0.26815930008888245,0.5125824809074402,2.8962031137780286e-05,0.5096653699874878,0.005546991713345051,-6.845000267028809,0.5000985264778137,1.7777829270926304e-05,0.4991326332092285,0.0009658932685852051,-4.523601531982422,0.0910346508026123,0.005787382367998362,0.025862574577331543,0.06517207622528076,-1.2901456356048584,0.006587598472833633,0.0009749736054800451,0.0,0.006587598472833633,-2.5253565311431885,0.016612019389867783,0.0,0.016612019389867783,0.022072874009609222,0.0,0.022072874009609222,1.0,0.0,-21.013879776000977,1784673088.2365286,68.88663721084595,,9.752194037117604,62.60377928991204,0.0,,False,1.4956672191619873
623,0.0028445133939385414,2.7176366756975767e-07,0.002060418948531151,0.0006763258134014904,2.0176094039925374e-07,0.00038498075446113944,0.0008364723762497306,-12.087890625,0.2649258077144623,0.0007368078222498298,0.2602182924747467,0.5125937461853027,2.990872599184513e-05,0.5099813342094421,0.005383808631449938,-6.848264694213867,0.5000201463699341,1.942051858350169e-05,0.49914437532424927,0.0008757710456848145,-4.485905170440674,0.08596351742744446,0.005889699794352055,0.027523815631866455,0.058439701795578,-1.3584067821502686,0.006668619811534882,0.0009932518005371094,0.0,0.006668619811534882,-2.5159385204315186,0.01772346906363964,0.0,0.01772346906363964,0.023487208411097527,0.0,0.023487208411097527,1.0,0.0,-19.8094539642334,1784673088.3331988,68.98330736160278,,8.85333300157572,63.17612778114119,0.0,,False,1.4956672191619873
624,0.0027484733145684004,2.6998060320693185e-07,0.003130638273432851,0.0006716087809763849,2.0777640941105346e-07,0.0005868253647349775,0.0003914566186722368,-13.13020133972168,0.2570438086986542,0.0007591847679577768,0.2521878778934479,0.5126102566719055,3.064744305447675e-05,0.510223925113678,0.005410604644566774,-6.841801643371582,0.4998776912689209,2.097099604725372e-05,0.49907925724983215,0.0007984340190887451,-4.452046871185303,0.08109912276268005,0.0059783197939395905,0.008246272802352905,0.07285284996032715,-1.1969704627990723,0.006945893168449402,0.0010126843117177486,0.0,0.006945893168449402,-2.5048162937164307,0.01882392354309559,0.0,0.01882392354309559,0.024868715554475784,0.0,0.024868715554475784,1.0,0.0,-20.829666137695312,1784673088.4371572,69.08726572990417,,8.97468413949575,63.73735404565525,0.0,,False,1.4956672191619873
625,0.00268837483599782,2.6602273806020094e-07,0.0026819948107004166,0.0006677550845779479,2.1051347687262023e-07,0.0005019924719817936,0.00016588534344919026,-13.353484153747559,0.25058531761169434,0.0007754475227557123,0.24232839047908783,0.5126668810844421,3.110614125034772e-05,0.5112299919128418,0.008381019346415997,-6.855063438415527,0.4997347891330719,2.2260548576014116e-05,0.4990583658218384,0.0006764233112335205,-4.427131175994873,0.07686161994934082,0.006046269088983536,0.0,0.07686161994934082,-1.146676778793335,0.007561452686786652,0.0010266193421557546,0.0,0.007561452686786652,-2.4939568042755127,0.02021127939224243,0.0,0.02021127939224243,0.026421844959259033,0.0,0.026421844959259033,1.0,0.0,-21.051101684570312,1784673088.542126,69.1922345161438,,9.31747082429078,64.2877208207284,0.0,,False,1.4956672191619873
626,0.002662490587681532,2.565022327871702e-07,0.003976764623075724,0.0006678129429928958,2.0802552569421096e-07,0.0007481680950149894,0.0013167281867936254,-10.06041145324707,0.24543267488479614,0.0007831393741071224,0.23510392010211945,0.5129262804985046,3.077351357205771e-05,0.5115393400192261,0.010421457700431347,-6.833283424377441,0.4997047781944275,2.275179940625094e-05,0.4990595579147339,0.0006452202796936035,-4.4173455238342285,0.07476437091827393,0.006034251302480698,0.0,0.07476437091827393,-1.1730479001998901,0.008289776742458344,0.001032960251905024,0.0,0.008289776742458344,-2.4854609966278076,0.020671062171459198,0.0,0.020671062171459198,0.027057573199272156,0.0,0.027057573199272156,1.0,0.0,-17.7357120513916,1784673088.6363204,69.28642892837524,,6.344867875907099,64.82959178815383,0.0,,False,1.4956672191619873
627,0.002556278370320797,2.5778061285564036e-07,0.0027800302486866713,0.000649040681309998,2.1500402169749577e-07,0.0005276084993965924,0.0002545794122852385,-13.292606353759766,0.23611412942409515,0.0008090871851891279,0.2266087532043457,0.5127039551734924,3.161553468089551e-05,0.5108404159545898,0.00968632847070694,-6.792098045349121,0.49944597482681274,2.4364966520806774e-05,0.49898383021354675,0.0004621446132659912,-4.387860298156738,0.06697669625282288,0.006203411612659693,0.0,0.06697669625282288,-1.2608240842819214,0.008850201964378357,0.0010473527945578098,0.0,0.008850201964378357,-2.4744136333465576,0.023496447131037712,0.0,0.023496447131037712,0.030087711289525032,0.0,0.030087711289525032,1.0,0.0,-20.92021369934082,1784673088.741422,69.39153051376343,,6.556766575472636,65.36041539229802,0.0,,False,1.4956672191619873
628,0.0021806061267852783,2.9380785804278275e-07,0.002689933404326439,0.0007070755818858743,2.7661786816679523e-07,0.0005123044247739017,0.0005452981567941606,-12.722566604614258,0.21734236180782318,0.0009416445391252637,0.21805749833583832,0.5135822892189026,3.282201578258537e-05,0.5109987854957581,0.002680655103176832,-6.706321716308594,0.5000596046447754,2.7054149541072547e-05,0.49862024188041687,0.0014393627643585205,-4.301607608795166,0.04000091552734375,0.006379979662597179,0.0,0.04000091552734375,-1.4829585552215576,0.011362433433532715,0.0012870568316429853,0.0,0.011362433433532715,-2.358604907989502,0.01012719888240099,0.0,0.01012719888240099,0.018345912918448448,0.0,0.018345912918448448,1.0,0.0,-20.238428115844727,1784673088.84604,69.4961485862732,,6.08687969154208,65.77543027108516,0.0,,False,1.4956672191619873
629,0.0020733200944960117,3.029210233762569e-07,0.002671674592420459,0.0006999563775025308,2.936319845048274e-07,0.0005058565875515342,0.0006290491437539458,-12.532376289367676,0.2090158313512802,0.0009778765961527824,0.2076627016067505,0.5134068131446838,3.303901758044958e-05,0.5104601979255676,0.003242453094571829,-6.6537628173828125,0.5000056028366089,2.818245229718741e-05,0.49804526567459106,0.0019603371620178223,-4.251287937164307,0.029425233602523804,0.00651321979239583,0.0,0.029425233602523804,-1.531553864479065,0.011883653700351715,0.0013313899980857968,0.0,0.011883653700351715,-2.338792324066162,0.010222651064395905,0.0,0.010222651064395905,0.019112717360258102,0.0,0.019112717360258102,1.0,0.0,-19.98103141784668,1784673088.9522066,69.60231518745422,,5.359596109613477,66.17063256594895,0.0,,False,1.4956672191619873
630,0.0019592917524278164,3.1316966442318517e-07,0.002224832074716687,0.0006924151675775647,3.1238366204888735e-07,0.00042089814087376,0.0003797803947236389,-12.909324645996094,0.20080018043518066,0.001013081637211144,0.20005279779434204,0.5131653547286987,3.333115819259547e-05,0.5101882219314575,0.003069511381909251,-6.630777359008789,0.4999450743198395,2.9460779842338525e-05,0.49783003330230713,0.0021150410175323486,-4.221365451812744,0.019742518663406372,0.006602643523365259,0.0,0.019742518663406372,-1.5616880655288696,0.012482285499572754,0.0013814433477818966,0.0,0.012482285499572754,-2.316981554031372,0.010179704055190086,0.0,0.010179704055190086,0.019677089527249336,0.0,0.019677089527249336,1.0,0.0,-20.324630737304688,1784673089.0429773,69.69308590888977,,4.975911847142882,66.54402409077795,0.0,,False,1.4956672191619873
631,0.0018422260181978345,3.2243818282040593e-07,0.002361909719184041,0.0006819684058427811,3.308746556740516e-07,0.00044498537317849696,0.000571167329326272,-12.592900276184082,0.19254417717456818,0.0010449904948472977,0.19095130264759064,0.5128557085990906,3.363800351507962e-05,0.5099040865898132,0.003354000858962536,-6.6132121086120605,0.49985161423683167,3.0820316169410944e-05,0.4975299835205078,0.0023216307163238525,-4.1872878074646,0.010800987482070923,0.006665920838713646,0.0,0.010800987482070923,-1.5776844024658203,0.013045310974121094,0.0014345009112730622,0.0,0.013045310974121094,-2.2952139377593994,0.010015334002673626,0.0,0.010015334002673626,0.020074419677257538,0.0,0.020074419677257538,1.0,0.0,-19.977113723754883,1784673089.1477983,69.79790687561035,,4.244710571122482,66.89564799933498,0.0,,False,1.4956672191619873
632,0.0017276434227824211,3.305553093468916e-07,0.0023087162990123034,0.0006707565626129508,3.48155367646541e-07,0.00043535622535273433,0.0006269441801123321,-12.46837043762207,0.18461179733276367,0.0010715165408328176,0.18079282343387604,0.5125033259391785,3.402070069569163e-05,0.5096759796142578,0.004751678556203842,-6.601442337036133,0.49976426362991333,3.23229942296166e-05,0.4972992241382599,0.0024650394916534424,-4.156932353973389,0.0033903419971466064,0.006689172703772783,0.0,0.0033903419971466064,-1.5838348865509033,0.013667955994606018,0.00148878525942564,0.0,0.013667955994606018,-2.273218870162964,0.00978572852909565,0.0,0.00978572852909565,0.020297983661293983,0.0,0.020297983661293983,1.0,0.0,-19.827991485595703,1784673089.2535071,69.9036157131195,,3.3643870569429026,67.22527684029558,0.0,,False,1.4956672191619873
633,0.0016124382382258773,3.36503831022128e-07,0.0017894902266561985,0.0006597975152544677,3.6323956464912044e-07,0.0003354610817041248,0.0003695152699947357,-12.837175369262695,0.17701971530914307,0.001092797378078103,0.1734481006860733,0.5121331810951233,3.4347318432992324e-05,0.5096624493598938,0.004342919215559959,-6.616422653198242,0.4996582567691803,3.376707172719762e-05,0.4972885251045227,0.0023697316646575928,-4.145921230316162,-0.0017702281475067139,0.006672868505120277,0.0,0.0017702281475067139,-1.5856794118881226,0.014171566814184189,0.0015384366270154715,0.0,0.014171566814184189,-2.254283905029297,0.00955499429255724,0.0,0.00955499429255724,0.020430849865078926,0.0,0.020430849865078926,1.0,0.0,-20.20327377319336,1784673089.3481858,69.99829435348511,,2.8593458303609793,67.5359707161225,0.0,,False,1.4956672191619873
634,0.0014860499650239944,3.4216841982015467e-07,0.001328165177255869,0.0006501012248918414,3.786445859077503e-07,0.00024830258917063475,0.0004317056154832244,-12.74982738494873,0.16940920054912567,0.001111771329306066,0.16481301188468933,0.5117355585098267,3.482175088720396e-05,0.509741485118866,0.005010117776691914,-6.629061222076416,0.4995444118976593,3.5477780329529196e-05,0.49728429317474365,0.0022601187229156494,-4.132372856140137,-0.005466431379318237,0.006627452094107866,0.0,0.005466431379318237,-1.5870745182037354,0.014746841043233871,0.0015912989620119333,0.0,0.014746841043233871,-2.234333038330078,0.009348295629024506,0.0,0.009348295629024506,0.020501194521784782,0.0,0.020501194521784782,1.0,0.0,-20.1192626953125,1784673089.4395213,70.08962988853455,,2.2702935258981967,67.82671372525022,0.0,,False,1.4956672191619873
635,0.0013570885639637709,3.486313744360814e-07,0.002695077797397971,0.0006413529627025127,3.950833331600734e-07,0.0005076657980680466,0.0013446514494717121,-10.378724098205566,0.16208422183990479,0.00112983922008425,0.15519507229328156,0.5113310217857361,3.5448636481305584e-05,0.5098188519477844,0.00705315824598074,-6.6254191398620605,0.499437153339386,3.7454403354786336e-05,0.497153103351593,0.0022840499877929688,-4.107611656188965,-0.007383137941360474,0.006556241773068905,0.0,0.007383137941360474,-1.5905730724334717,0.015388932079076767,0.001647137920372188,0.0,0.015388932079076767,-2.213531255722046,0.009135999716818333,0.0,0.009135999716818333,0.02044958993792534,0.0,0.02044958993792534,1.0,0.0,-17.732866287231445,1784673089.55258,70.20268869400024,,1.9754487125438374,68.09665495176989,0.0,,False,1.4956672191619873
636,0.0012544021010398865,3.5324512737133773e-07,0.00153440295252949,0.0006323665147647262,4.0774997955850267e-07,0.0002888071467168629,0.0004432082059793174,-12.690771102905273,0.15605732798576355,0.0011435234919190407,0.14825750887393951,0.5110141634941101,3.59094119630754e-05,0.5097939372062683,0.00789469014853239,-6.618866443634033,0.4993818998336792,3.909055158146657e-05,0.4967553913593292,0.0026265084743499756,-4.067637920379639,-0.00749342143535614,0.006486996542662382,0.0,0.00749342143535614,-1.595711350440979,0.015893183648586273,0.0016882548807188869,0.0,0.015893183648586273,-2.198282241821289,0.008977720513939857,0.0,0.008977720513939857,0.02036392129957676,0.0,0.02036392129957676,1.0,0.0,-20.019683837890625,1784673089.6375434,70.28765201568604,,1.664079874428495,68.35134716438881,0.0,,False,1.4956672191619873
637,0.0011392853921279311,3.5730406011680316e-07,0.00112768670078367,0.0006240232614800334,4.208316966014536e-07,0.00021224825468380004,0.0004119383520446718,-12.723333358764648,0.14984403550624847,0.0011559666600078344,0.1395414024591446,0.5106997489929199,3.6443590943235904e-05,0.5108332633972168,0.0103034982457757,-6.607248306274414,0.4993039667606354,4.091887240065262e-05,0.49670538306236267,0.002598583698272705,-4.050508499145508,-0.00555536150932312,0.006383173633366823,0.0,0.00555536150932312,-1.6056890487670898,0.016397621482610703,0.0017341505736112595,0.0,0.016397621482610703,-2.182154655456543,0.008815032429993153,0.0,0.008815032429993153,0.020201999694108963,0.0,0.020201999694108963,1.0,0.0,-20.034385681152344,1784673089.734789,70.38489747047424,,1.338009193051434,68.58991179064299,0.0,,False,1.4956672191619873
638,0.0010310015641152859,3.6086453292227816e-07,0.0014185389736667275,0.0006154052098281682,4.333061838224239e-07,0.00026542629348114133,0.0005221785977482796,-12.555986404418945,0.1441122442483902,0.001166773377917707,0.13114874064922333,0.5104445815086365,3.698698492371477e-05,0.5114560723304749,0.013002905063331127,-6.555505275726318,0.49923720955848694,4.277355401427485e-05,0.4968557059764862,0.0023815035820007324,-4.044559001922607,-0.00198209285736084,0.0062672169879078865,0.0,0.00198209285736084,-1.616959571838379,0.016846012324094772,0.0017792759463191032,0.0,0.016846012324094772,-2.1670875549316406,0.008676822297275066,0.0,0.008676822297275066,0.0200295839458704,0.0,0.0200295839458704,1.0,0.0,-19.822669982910156,1784673089.82969,70.47979855537415,,1.2236542099165604,68.81340931637226,0.0,,False,1.4956672191619873
639,0.0009386901510879397,3.648383142262901e-07,0.0016138354549184442,0.0006063305190764368,4.450311053005862e-07,0.0003035765839740634,0.0007399196620099247,-12.158918380737305,0.13920824229717255,0.0011767044197767973,0.12138485163450241,0.5102487802505493,3.752510383492336e-05,0.5116585493087769,0.017879057675600052,-6.468425750732422,0.4991953670978546,4.459187766769901e-05,0.49693170189857483,0.002263665199279785,-4.032584190368652,0.0025439858436584473,0.006153614725917578,0.0,0.0025439858436584473,-1.6258933544158936,0.017385300248861313,0.0018219654448330402,0.0,0.017385300248861313,-2.1520352363586426,0.008541680872440338,0.0,0.008541680872440338,0.019801324233412743,0.0,0.019801324233412743,1.0,0.0,-19.349952697753906,1784673089.949356,70.59946465492249,,1.5820165119379368,69.02185452352853,0.0,,False,1.4956672191619873
640,0.0008432150352746248,3.688967638026952e-07,0.001557520474307239,0.0005967264296486974,4.5713665031144046e-07,0.00029399077175185084,0.0007758099818602204,-12.07583236694336,0.13433358073234558,0.0011867742286995053,0.1132631003856659,0.5100890398025513,3.808125256909989e-05,0.511901319026947,0.02114827372133732,-6.388105869293213,0.4991649091243744,4.650582923204638e-05,0.4970952570438385,0.0020696520805358887,-4.022974967956543,0.008489042520523071,0.00603711511939764,0.0,0.008489042520523071,-1.6300075054168701,0.0179080031812191,0.0018655677558854222,0.0,0.0179080031812191,-2.137204885482788,0.008431049063801765,0.0,0.008431049063801765,0.019580619409680367,0.0,0.019580619409680367,1.0,0.0,-19.197805404663086,1784673090.033766,70.68387460708618,,2.0925261070501335,69.21546937980895,0.0,,False,1.4956672191619873
