window,position_pred_mean_0,position_pred_var_0,position_actual_0,position_pred_mean_1,position_pred_var_1,position_actual_1,position_residual_l2,position_nll,velocity_pred_mean_0,velocity_pred_var_0,velocity_actual_0,velocity_pred_mean_1,velocity_pred_var_1,velocity_actual_1,velocity_residual_l2,velocity_nll,steering_pred_mean,steering_pred_var,steering_actual,steering_residual,steering_nll,acceleration_pred_mean,acceleration_pred_var,acceleration_actual,acceleration_residual,acceleration_nll,traffic_light_state_pred_mean,traffic_light_state_pred_var,traffic_light_state_actual,traffic_light_state_residual,traffic_light_state_nll,traffic_light_detected_pred,traffic_light_detected_actual,traffic_light_detected_residual,traffic_light_discrepancy_pred,traffic_light_discrepancy_actual,traffic_light_discrepancy_residual,has_adjacent_lane_actual,n_objects_actual,combined_nll,t_sim,t_bag_rel,t_rel_fault,cusum_combined,cusum_tl_state,cusum_tl_discrepancy,permanent_stop_rel_s,likely_static_collision,mrm_first_trigger_rel_s
0,0.0009266359265893698,1.9112879101612634e-07,0.0009408988989889622,0.00020010210573673248,1.6794130885955383e-07,0.0005935672670602798,0.0003937235742341727,-13.23565673828125,0.09373028576374054,0.00043491096585057676,0.09617984294891357,0.4863305687904358,0.00019192919717170298,0.4787593483924866,0.007957619614899158,-6.155266761779785,0.48931407928466797,0.00024359740200452507,0.47425317764282227,0.015060901641845703,-2.775473117828369,0.9676139950752258,0.0033697604667395353,1.0,0.03238600492477417,-1.7718909978866577,0.3225156366825104,0.0019363692263141274,0.33000001311302185,0.007484376430511475,-2.1900675296783447,0.37209123373031616,0.0,0.37209123373031616,0.007214714772999287,0.0,0.007214714772999287,1.0,3.0,-19.547607421875,1784672137.1357045,2.9775283336639404,,0.0,0.0,0.0,,False,1.6821863651275635
1,0.0009600020130164921,1.8553829761458474e-07,0.000654635252431035,0.00022078678011894226,1.6242030653756956e-07,0.00041205735760740936,0.0003603238728828728,-13.36474895477295,0.09733280539512634,0.00042620388558134437,0.09983379393815994,0.4876979887485504,0.0001873923174571246,0.48280659317970276,0.0054936958476901054,-6.262395858764648,0.4903802275657654,0.00023165963648352772,0.4761858880519867,0.014194339513778687,-2.8313214778900146,0.9694375395774841,0.0032832021825015545,1.0,0.03056246042251587,-1.7982804775238037,0.3218158483505249,0.0019091374706476927,0.33000001311302185,0.008184164762496948,-2.194071054458618,0.3948507010936737,0.0,0.3948507010936737,0.007559812627732754,0.0,0.007559812627732754,1.0,3.0,-19.790327072143555,1784672137.230446,3.072269916534424,,0.0,0.01785788420003298,0.0,,False,1.6821863651275635
2,0.001001523225568235,1.8039476401554566e-07,0.0014005613047629595,0.00024889176711440086,1.5718168810963107e-07,0.0008803613600321114,0.0007469840929843485,-12.049323081970215,0.10199013352394104,0.00041680975118651986,0.10519027709960938,0.4897906482219696,0.00018371507758274674,0.4862491488456726,0.004773168358951807,-6.308205604553223,0.49194151163101196,0.0002199714072048664,0.48002785444259644,0.011913657188415527,-2.9694459438323975,0.9717909097671509,0.0031983975786715746,1.0,0.02820909023284912,-1.829215407371521,0.3214278221130371,0.0018771322211250663,0.33000001311302185,0.008572190999984741,-2.200493574142456,0.4243493676185608,0.0,0.4243493676185608,0.007968800142407417,0.0,0.007968800142407417,1.0,3.0,-18.580610275268555,1784672137.3471813,3.189005136489868,,0.3244693305715316,0.04213828808390385,0.0,,False,1.6821863651275635
3,0.001075324835255742,1.7551742814703175e-07,0.0011050075991079211,0.00030824681743979454,1.514526957180351e-07,0.0006941777537576854,0.0003870707587338984,-13.297159194946289,0.11029154062271118,0.0004036155005451292,0.10912061482667923,0.4934237599372864,0.00018263758101966232,0.4877430498600006,0.0058001321740448475,-6.283606052398682,0.49474307894706726,0.00020837096963077784,0.48290181159973145,0.011841267347335815,-2.9826998710632324,0.9764202237129211,0.003110914258286357,1.0,0.023579776287078857,-1.8781170845031738,0.3213616609573364,0.001815851079300046,0.33000001311302185,0.008638352155685425,-2.2161147594451904,0.4684365391731262,0.0,0.4684365391731262,0.00829747412353754,0.0,0.00829747412353754,1.0,3.0,-19.815393447875977,1784672137.4413188,3.283142566680908,,0.0,0.0820398772705091,0.0,,False,1.6821863651275635
4,0.001130805118009448,1.7232254378996004e-07,0.0011260004248470068,0.0003505973145365715,1.472728285989433e-07,0.0007059724885039032,0.0003554076247382909,-13.385726928710938,0.11645768582820892,0.00039425937575288117,0.11474024504423141,0.4960651993751526,0.0001807303779060021,0.48958146572113037,0.00670733954757452,-6.270582675933838,0.49680864810943604,0.00019863899797201157,0.48628807067871094,0.010520577430725098,-3.064469575881958,0.9795867204666138,0.003037326503545046,1.0,0.02041327953338623,-1.9108535051345825,0.319158673286438,0.0017741769552230835,0.33000001311302185,0.010841339826583862,-2.2151472568511963,0.4987538456916809,0.0,0.4987538456916809,0.008638744242489338,0.0,0.008638744242489338,1.0,3.0,-19.93442726135254,1784672137.5458982,3.3877220153808594,,0.029347655512452775,0.1209739638631202,0.0,,False,1.6821863651275635
5,0.001174313947558403,1.7031059940109117e-07,0.0011804163223132491,0.0003873365931212902,1.4422815297621128e-07,0.0007383201736956835,0.0003510366368573159,-13.403704643249512,0.12145963311195374,0.00038750763633288443,0.11892113089561462,0.49809080362319946,0.00017947978631127626,0.49135255813598633,0.007200551684945822,-6.267931938171387,0.4984816908836365,0.0001913968299049884,0.48993292450904846,0.008548766374588013,-3.1707265377044678,0.9817061424255371,0.0029812860302627087,1.0,0.01829385757446289,-1.9326341152191162,0.316619873046875,0.001745209563523531,0.33000001311302185,0.01338014006614685,-2.2052104473114014,0.5210332870483398,0.0,0.5210332870483398,0.008935957215726376,0.0,0.008935957215726376,1.0,3.0,-20.003414154052734,1784672137.6409717,3.482795476913452,,0.12768220372510086,0.1499712409159364,0.0,,False,1.6821863651275635
6,0.0012497820425778627,1.6729329388454062e-07,0.0012635431485250592,0.00045114196836948395,1.398559277276945e-07,0.0007892975118011236,0.0003384354349691421,-13.445831298828125,0.1294967234134674,0.00037838792195543647,0.12399544566869736,0.500688910484314,0.00017842388479039073,0.4938327670097351,0.008790378458797932,-6.245874404907227,0.5001130700111389,0.0001829370012274012,0.4925941526889801,0.0075189173221588135,-3.2297279834747314,0.985192060470581,0.0029308809898793697,1.0,0.014807939529418945,-1.9598798751831055,0.3149110674858093,0.0017097537638619542,0.33000001311302185,0.015088945627212524,-2.200183153152466,0.5536412000656128,0.0,0.5536412000656128,0.009153074584901333,0.0,0.009153074584901333,1.0,3.0,-20.057395935058594,1784672137.7456343,3.5874581336975098,,0.2799985329436083,0.17394122380981702,0.0,,False,1.6821863651275635
7,0.0013044067891314626,1.661459094748352e-07,0.0013020880287513137,0.0004987700376659632,1.3725505709771824e-07,0.0008131391950882971,0.00031437771394848824,-13.508003234863281,0.13528278470039368,0.0003730732132680714,0.1299867033958435,0.5028469562530518,0.00017815749743022025,0.4946233034133911,0.009781459346413612,-6.198020935058594,0.5015820264816284,0.00017778619076125324,0.4941994249820709,0.007382601499557495,-3.245243787765503,0.9868949055671692,0.0028935037553310394,1.0,0.01310509443283081,-1.9740276336669922,0.3130905032157898,0.0017106874147430062,0.33000001311302185,0.016909509897232056,-2.1829192638397217,0.5860288739204407,0.0,0.5860288739204407,0.009663838893175125,0.0,0.009663838893175125,1.0,3.0,-20.089040756225586,1784672137.840173,3.6819968223571777,,0.463959683329108,0.18064731739095352,0.0,,False,1.6821863651275635
8,0.0013552438467741013,1.6497494925715728e-07,0.001340773538686335,0.0005406402051448822,1.348793148281402e-07,0.0008399119833484292,0.00029962140251882374,-13.547653198242188,0.1403089165687561,0.00036808979348279536,0.13422614336013794,0.5047919154167175,0.0001788309746189043,0.4933101236820221,0.012993523851037025,-6.011397361755371,0.5029873251914978,0.00017429544823244214,0.4941994249820709,0.00878790020942688,-3.1868996620178223,0.9879113435745239,0.002856364706531167,1.0,0.012088656425476074,-1.9845836162567139,0.3119422197341919,0.0017179703572764993,0.33000001311302185,0.018057793378829956,-2.1694631576538086,0.6117073893547058,0.0,0.6117073893547058,0.010027402080595493,0.0,0.010027402080595493,1.0,3.0,-19.95022201538086,1784672137.944728,3.7865517139434814,,0.5091020928698811,0.17389730478617693,0.0,,False,1.6821863651275635
9,0.0014071747427806258,1.6417376969002362e-07,0.0014936365187168121,0.0005832512397319078,1.32908652972219e-07,0.0009358720853924751,0.00036306623951531947,-13.399557113647461,0.14532023668289185,0.0003635531757026911,0.1396971195936203,0.506636381149292,0.00018098042346537113,0.49525710940361023,0.01269280444830656,-6.029249668121338,0.5044455528259277,0.0001722850138321519,0.49936187267303467,0.005083680152893066,-3.3392386436462402,0.9878168702125549,0.0028235227800905704,1.0,0.012183129787445068,-1.9896620512008667,0.31114962697029114,0.0017314805882051587,0.33000001311302185,0.018850386142730713,-2.1578400135040283,0.6318514943122864,0.0,0.6318514943122864,0.010225223377346992,0.0,0.010225223377346992,1.0,3.0,-19.892576217651367,1784672138.0497446,3.891568422317505,,0.49659870468116196,0.15552414803162007,0.0,,False,1.6821863651275635
10,0.001456006895750761,1.636651347780571e-07,0.0014231221284717321,0.0006248867139220238,1.313014479364938e-07,0.0008909723837859929,0.0002681100449990481,-13.624811172485352,0.14989952743053436,0.00035906973062083125,0.14439405500888824,0.5085861682891846,0.00018487349734641612,0.4974082410335541,0.012460188008844852,-6.045909881591797,0.5062893629074097,0.0001721640001051128,0.5010797381401062,0.005209624767303467,-3.3357720375061035,0.9869664311408997,0.0027897502295672894,1.0,0.013033568859100342,-1.9915170669555664,0.31141144037246704,0.0017490658210590482,0.33000001311302185,0.01858857274055481,-2.156621217727661,0.6472265124320984,0.0,0.6472265124320984,0.010206284932792187,0.0,0.010206284932792187,1.0,3.0,-20.129426956176758,1784672138.143877,3.985700845718384,,0.7209460550178335,0.13593219550069602,0.0,,False,1.6821863651275635
11,0.0014965457376092672,1.6202181996050058e-07,0.0015273556346073747,0.0006570750847458839,1.2907945290407952e-07,0.0009569447720423341,0.00030144830816425383,-13.560060501098633,0.15360677242279053,0.0003542984777595848,0.14916835725307465,0.5101132392883301,0.00018657714826986194,0.500021755695343,0.011024408042430878,-6.127429008483887,0.50751131772995,0.00017069217574317008,0.503379762172699,0.0041315555572509766,-3.3688840866088867,0.9863771796226501,0.002750868909060955,1.0,0.013622820377349854,-1.9952493906021118,0.31218409538269043,0.0017634294927120209,0.33000001311302185,0.01781591773033142,-2.1613118648529053,0.6603108644485474,0.0,0.6603108644485474,0.010197929106652737,0.0,0.010197929106652737,1.0,3.0,-20.146446228027344,1784672138.2588222,4.100646018981934,,0.962312677205091,0.12103089009501611,0.0,,False,1.6821863651275635
12,0.0015280413208529353,1.605929895731606e-07,0.0015108210500329733,0.0006845181342214346,1.272679668318233e-07,0.0009455541148781776,0.0002616033598314971,-13.654179573059082,0.15670274198055267,0.0003504961496219039,0.15383583307266235,0.511521577835083,0.0001878639159258455,0.504059374332428,0.007993975654244423,-6.27017068862915,0.5086030960083008,0.00016956892795860767,0.505469560623169,0.003133535385131836,-3.3932337760925293,0.9859595894813538,0.0027215774171054363,1.0,0.01404041051864624,-1.9981164932250977,0.3132082521915436,0.0017865289701148868,0.33000001311302185,0.01679176092147827,-2.1658883094787598,0.6751893162727356,0.0,0.6751893162727356,0.010333935730159283,0.0,0.010333935730159283,1.0,3.0,-20.366933822631836,1784672138.3435733,4.185397148132324,,1.4241668939968406,0.11070602931519069,0.0,,False,1.6821863651275635
13,0.0015546414069831371,1.5910306672139995e-07,0.0018849724438041449,0.0007097613997757435,1.255499171293195e-07,0.0011753368889912963,0.0005708582466468215,-12.728097915649414,0.15941061079502106,0.0003466481575742364,0.16106633841991425,0.5131590366363525,0.0001888801925815642,0.5074750781059265,0.00592020433396101,-6.343443870544434,0.5097767114639282,0.00016867296653799713,0.5068283081054688,0.0029484033584594727,-3.399066686630249,0.9858162999153137,0.0026948528829962015,1.0,0.01418370008468628,-2.001941204071045,0.31479138135910034,0.0018159238388761878,0.33000001311302185,0.015208631753921509,-2.172954559326172,0.6925604343414307,1.0,0.30743956565856934,0.010584162548184395,0.0,0.010584162548184395,1.0,3.0,-19.50238609313965,1784672138.4688494,4.310673236846924,,1.0214733812964027,0.10744741838277738,0.0,,False,1.6821863651275635
14,0.001634505926631391,1.5774591588524345e-07,0.0016457290621474385,0.0007755113765597343,1.248073857595955e-07,0.0010220528347417712,0.0002467967860866338,-13.69760513305664,0.16618308424949646,0.0003361144626978785,0.16469408571720123,0.5150201320648193,0.000203120187507011,0.5082659721374512,0.006916342303156853,-6.296416282653809,0.5103450417518616,0.00017692607070785016,0.5083984732627869,0.001946568489074707,-3.390242099761963,0.9898330569267273,0.0025784126482903957,1.0,0.010166943073272705,-2.0413076877593994,0.3107456862926483,0.0017995539819821715,0.33000001311302185,0.019254326820373535,-2.1381640434265137,0.7533601522445679,1.0,0.24663984775543213,0.012546539306640625,0.0,0.012546539306640625,1.0,3.0,-20.429859161376953,1784672138.5631545,4.404978275299072,,1.5462529368332696,0.06939829155070587,0.0,,False,1.6821863651275635
15,0.0017080185934901237,1.530289495121906e-07,0.0016859063180163503,0.0008371013682335615,1.2034443841457687e-07,0.0010500720236450434,0.0002141155127901584,-13.7848539352417,0.17325803637504578,0.00032385558006353676,0.17097997665405273,0.5173813700675964,0.00020302821940276772,0.5104694962501526,0.007277606520801783,-6.305146217346191,0.5113140344619751,0.0001716456754365936,0.5111165046691895,0.00019752979278564453,-3.4159867763519287,0.9883667826652527,0.0024969340302050114,1.0,0.011633217334747314,-2.0503077507019043,0.31231170892715454,0.0018185790395364165,0.33000001311302185,0.01768830418586731,-2.1498892307281494,0.7823881506919861,1.0,0.21761184930801392,0.0134441452100873,0.0,0.0134441452100873,1.0,2.0,-20.536964416503906,1784672138.6683695,4.510193347930908,,2.1781377474970895,0.0430743520202701,0.0,,False,1.6821863651275635
16,0.0017718554008752108,1.4520739455292642e-07,0.0015589951071888208,0.0008803734090179205,1.1397861499062856e-07,0.0009727731812745333,0.00023205004981718957,-13.834832191467285,0.17834404110908508,0.0003138177562505007,0.175544872879982,0.5190037488937378,0.00019770418293774128,0.5116386413574219,0.007879096083343029,-6.310170650482178,0.5108439922332764,0.00016541130025871098,0.5120026469230652,0.0011586546897888184,-3.4305408000946045,0.9898801445960999,0.002430190797895193,1.0,0.010119855403900146,-2.0698835849761963,0.313193142414093,0.0018972911639139056,0.33000001311302185,0.016806870698928833,-2.140285015106201,0.8203821182250977,1.0,0.17961788177490234,0.015572730451822281,0.0,0.015572730451822281,1.0,3.0,-20.59823989868164,1784672138.7522962,4.594120025634766,,2.871298040338644,0.00714619686788609,0.0,,False,1.6821863651275635
17,0.0018391329795122147,1.5001968733940885e-07,0.0018491005757823586,0.0009330548346042633,1.1604740990378559e-07,0.001158650266006589,0.00022581552912015468,-13.783397674560547,0.1836371272802353,0.00030917528783902526,0.1819780468940735,0.5211642384529114,0.00021025245951022953,0.51641446352005,0.005031193606555462,-6.378422260284424,0.5118129849433899,0.00017229192599188536,0.5153757929801941,0.0035628080368041992,-3.3773837089538574,0.9870999455451965,0.002404265571385622,1.0,0.012900054454803467,-2.06170916557312,0.3151554465293884,0.0019615881610661745,0.33000001311302185,0.014844566583633423,-2.141892910003662,0.8360785841941833,1.0,0.16392141580581665,0.016380399465560913,0.0,0.016380399465560913,1.0,3.0,-20.574827194213867,1784672138.856872,4.69869589805603,,3.541045628712425,0.0,0.0,,False,1.6821863651275635
18,0.001898646936751902,1.4921756985586399e-07,0.001884710742160678,0.0009807776659727097,1.1447022529864626e-07,0.0011775251477956772,0.00019724042795132846,-13.842796325683594,0.18861205875873566,0.0003022072487510741,0.18657086789608002,0.5230746269226074,0.00021519293659366667,0.5184000730514526,0.0051007759757339954,-6.378643989562988,0.512588381767273,0.0001733388053253293,0.516057550907135,0.0034691691398620605,-3.376476764678955,0.9867163896560669,0.002371451584622264,1.0,0.013283610343933105,-2.0659842491149902,0.3178521990776062,0.0020164584275335073,0.33000001311302185,0.01214781403541565,-2.147676706314087,0.8503810167312622,1.0,0.1496189832687378,0.016763366758823395,0.0,0.016763366758823395,1.0,3.0,-20.633949279785156,1784672138.9512446,4.7930684089660645,,4.269915302657495,0.0,0.0,,False,1.6821863651275635
19,0.001954767620190978,1.483054035134046e-07,0.001690445700660348,0.0010247081518173218,1.1302294922188594e-07,0.0010587899014353752,0.0002665101201273501,-13.781270027160645,0.19329234957695007,0.00029653299134224653,0.19115781784057617,0.5243817567825317,0.000219075518543832,0.5198794603347778,0.0049826595932245255,-6.382899284362793,0.5127506852149963,0.00017401565855834633,0.5169672966003418,0.004216611385345459,-3.358157157897949,0.9869896173477173,0.0023503953125327826,1.0,0.013010382652282715,-2.071638584136963,0.3210359513759613,0.0020771671552211046,0.33000001311302185,0.008964061737060547,-2.1500940322875977,0.8607456088066101,1.0,0.1392543911933899,0.01692153513431549,0.0,0.01692153513431549,1.0,3.0,-20.566667556762695,1784672139.04176,4.8835837841033936,,4.931503253580104,0.0,0.0,,False,1.6821863651275635
20,0.0020122749265283346,1.4811310222739849e-07,0.001970158889889717,0.0010664607398211956,1.121861217256992e-07,0.0012429951457306743,0.00018148872186429799,-13.881437301635742,0.19794481992721558,0.0002920230617746711,0.1975809931755066,0.525648832321167,0.0002239376335637644,0.5214971303939819,0.004167613107711077,-6.3948211669921875,0.5130392909049988,0.00017550539632793516,0.5174733996391296,0.004434108734130859,-3.348968267440796,0.9874314665794373,0.0023393891751766205,1.0,0.012568533420562744,-2.0762317180633545,0.3243016004562378,0.0021420447155833244,0.33000001311302185,0.005698412656784058,-2.146479368209839,0.8683160543441772,1.0,0.13168394565582275,0.01691991649568081,0.0,0.01691991649568081,1.0,3.0,-20.67177963256836,1784672139.1361992,4.978023052215576,,5.698203280308377,0.0,0.0,,False,1.6821863651275635
21,0.0020746360532939434,1.471873787295408e-07,0.002076343633234501,0.0011100152041763067,1.1087644935514618e-07,0.0013110742438584566,0.00020106628653593361,-13.853020668029785,0.20311614871025085,0.0002871830656658858,0.2022113800048828,0.5266056656837463,0.0002277233434142545,0.5220609903335571,0.004633862525224686,-6.386733055114746,0.5130815505981445,0.00017546440358273685,0.5185688138008118,0.005487263202667236,-3.3192973136901855,0.9883232712745667,0.00232195807620883,1.0,0.01167672872543335,-2.084373712539673,0.32762062549591064,0.002206411911174655,0.33000001311302185,0.002379387617111206,-2.137972593307495,0.8729988932609558,1.0,0.1270011067390442,0.01666659489274025,0.0,0.01666659489274025,1.0,2.0,-20.622055053710938,1784672139.2409935,5.082817316055298,,6.415178728179228,0.0,0.0,,False,1.6821863651275635
22,0.0021293009631335735,1.4209106780072034e-07,0.0020827213302254677,0.0011394855100661516,1.0691891105807372e-07,0.0013265652814880013,0.00019279135449323803,-13.89981460571289,0.2071264684200287,0.0002824270341079682,0.2089301198720932,0.5273505449295044,0.00022289017215371132,0.5192084908485413,0.00833943672478199,-6.298111915588379,0.51224684715271,0.00017025295528583229,0.5192228555679321,0.006976008415222168,-3.2772552967071533,0.9917264580726624,0.002313941018655896,1.0,0.008273541927337646,-2.1006722450256348,0.33089566230773926,0.002328320173546672,0.33000001311302185,0.0008956491947174072,-2.1121933460235596,0.8848289251327515,1.0,0.11517107486724854,0.017795143648982048,0.0,0.017795143648982048,1.0,2.0,-20.576932907104492,1784672139.341625,5.183448791503906,,7.087032029443634,0.0,0.0,,False,1.6821863651275635
23,0.0021816436201334,1.4173943441164738e-07,0.002120541874319315,0.0011684112250804901,1.0598564159636226e-07,0.0013588651781901717,0.00020001533266622573,-13.892450332641602,0.21084831655025482,0.00028071171254850924,0.21372027695178986,0.5283983945846558,0.0002238949527963996,0.5187956094741821,0.010023055598139763,-6.232759475708008,0.5116261839866638,0.00016938502085395157,0.5193727016448975,0.007746517658233643,-3.2455930709838867,0.9925583004951477,0.002308947267010808,1.0,0.007441699504852295,-2.104551076889038,0.33355146646499634,0.0024773310869932175,0.33000001311302185,0.0035514533519744873,-2.0788028240203857,0.8915597200393677,1.0,0.10844027996063232,0.018789216876029968,0.0,0.018789216876029968,1.0,2.0,-20.501455307006836,1784672139.4372318,5.279055595397949,,7.683407730610384,0.0,0.0,,False,1.6821863651275635
24,0.002231036312878132,1.433368481684738e-07,0.0021871733479201794,0.0011939483229070902,1.0623330126691144e-07,0.0013949050335213542,0.0002056880184682086,-13.873189926147461,0.21414902806282043,0.00028061296325176954,0.22015607357025146,0.529940128326416,0.0002271475677844137,0.5224456191062927,0.0096048042178154,-6.2584123611450195,0.5118176341056824,0.00017073236813303083,0.519113302230835,0.007295668125152588,-3.262890100479126,0.9923977255821228,0.0023105652071535587,1.0,0.007602274417877197,-2.1036863327026367,0.3355485796928406,0.00263279490172863,0.33000001311302185,0.005548566579818726,-2.045069456100464,0.8966832160949707,1.0,0.1033167839050293,0.019587108865380287,0.0,0.019587108865380287,0.0,2.0,-20.51136589050293,1784672139.541876,5.383699893951416,,8.289694015273227,0.0,0.0,,False,1.6821863651275635
25,0.0022944400552660227,1.4150207050533936e-07,0.0022198164369910955,0.0012326110154390335,1.0366150604568247e-07,0.0014187726192176342,0.00020056127686984837,-13.90182876586914,0.2209237515926361,0.00027879755361936986,0.2242002934217453,0.5301896929740906,0.00023078435333445668,0.5358848571777344,0.006570435594767332,-6.352123737335205,0.5092476010322571,0.00016908568795770407,0.5192337036132812,0.00998610258102417,-3.128727436065674,0.9915873408317566,0.00232516648247838,1.0,0.008412659168243408,-2.0978243350982666,0.3345436453819275,0.002603924600407481,0.33000001311302185,0.00454363226890564,-2.0524652004241943,0.9005883932113647,1.0,0.09941160678863525,0.020546065643429756,0.0,0.020546065643429756,0.0,2.0,-20.54789161682129,1784672139.6370842,5.478908061981201,,8.93250602625443,0.0,0.0,,False,1.6821863651275635
26,0.002361300168558955,1.4364211153861106e-07,0.0023697875440120697,0.0012658206978812814,1.0475543632537665e-07,0.0015198247274383903,0.00025414579431526363,-13.767715454101562,0.22678130865097046,0.0002811534213833511,0.22901637852191925,0.532280683517456,0.00023699912708252668,0.542671263217926,0.010628249496221542,-6.187497615814209,0.5098637938499451,0.00016978249186649919,0.5196415185928345,0.009777724742889404,-3.1400091648101807,0.9911237359046936,0.00236057722941041,1.0,0.008876264095306396,-2.0887975692749023,0.33344703912734985,0.0026673751417547464,0.33000001311302185,0.003447026014328003,-2.0421643257141113,0.9001007080078125,1.0,0.0998992919921875,0.021005311980843544,0.0,0.021005311980843544,0.0,2.0,-20.2877197265625,1784672139.7412956,5.5831193923950195,,9.315146146976844,0.0,0.0,,False,1.6821863651275635
27,0.0024270680733025074,1.4644911061623134e-07,0.002334421733394265,0.0012997002340853214,1.0676578199309006e-07,0.0015077064745128155,0.00022770582290831953,-13.824801445007324,0.23210731148719788,0.00028408641810528934,0.2347153276205063,0.5350428223609924,0.00024433693033643067,0.5427103042602539,0.008098891004920006,-6.271442890167236,0.5113130211830139,0.00017182434385176748,0.5193780064582825,0.008064985275268555,-3.2263054847717285,0.9905354380607605,0.002400107914581895,1.0,0.009464561939239502,-2.0785210132598877,0.33434242010116577,0.002734673675149679,0.33000001311302185,0.004342406988143921,-2.028485059738159,0.8996373414993286,1.0,0.10036265850067139,0.021268436685204506,0.0,0.021268436685204506,0.0,2.0,-20.455108642578125,1784672139.8364143,5.678238153457642,,9.865175183714882,0.0,0.0,,False,1.6821863651275635
28,0.0024875537492334843,1.470240675871537e-07,0.0024164924398064613,0.0013325037434697151,1.0736414424172835e-07,0.0015655882889404893,0.00024367625883314759,-13.781793594360352,0.23723414540290833,0.00028560686041601,0.2389964908361435,0.5374932289123535,0.00024611823027953506,0.5420653820037842,0.0049000452272593975,-6.349513053894043,0.5123319029808044,0.0001699499844107777,0.5193780064582825,0.007046103477478027,-3.2749991416931152,0.9904665350914001,0.002430887660011649,1.0,0.009533464908599854,-2.0721166133880615,0.33626115322113037,0.0027777899522334337,0.33000001311302185,0.0062611401081085205,-2.017055034637451,0.8999278545379639,1.0,0.10007214546203613,0.021570932120084763,0.0,0.021570932120084763,0.0,2.0,-20.498903274536133,1784672139.940911,5.7827348709106445,,10.458998852410929,0.0,0.0,,False,1.6821863651275635
29,0.0025471034459769726,1.4818900240243238e-07,0.002573649864643812,0.0013650937471538782,1.0848084031067629e-07,0.0016860875766724348,0.00032208964694291353,-13.565570831298828,0.2422647476196289,0.00028822713647969067,0.24414551258087158,0.5399202108383179,0.0002467745798639953,0.5417883396148682,0.0026508832816034555,-6.378314018249512,0.5133495330810547,0.0001672987564234063,0.5171483159065247,0.0037987828254699707,-3.3857972621917725,0.9900733232498169,0.0024623668286949396,1.0,0.009926676750183105,-2.064368724822998,0.33762282133102417,0.00282298750244081,0.33000001311302185,0.007622808218002319,-2.005749464035034,0.9009055495262146,1.0,0.0990944504737854,0.022222278639674187,0.0,0.022222278639674187,0.0,2.0,-20.361120223999023,1784672140.044091,5.8859148025512695,,10.915039470569866,0.0,0.0,,False,1.6821863651275635
30,0.002604958601295948,1.482575413547238e-07,0.002463649259880185,0.0013961263466626406,1.0885138834737518e-07,0.001626884564757347,0.00027058765408582985,-13.728981971740723,0.2472488284111023,0.000290361640509218,0.2498512864112854,0.5419518351554871,0.0002438839728711173,0.5399284362792969,0.0032965028658509254,-6.373667240142822,0.5139997005462646,0.0001621043193154037,0.5146321058273315,0.0006324052810668945,-3.44346284866333,0.9900338053703308,0.0024804240092635155,1.0,0.00996619462966919,-2.0607025623321533,0.33835911750793457,0.0028357459232211113,0.33000001311302185,0.00835910439491272,-2.0014665126800537,0.9014092087745667,1.0,0.09859079122543335,0.02298661135137081,0.0,0.02298661135137081,0.0,2.0,-20.549646377563477,1784672140.138682,5.980505704879761,,11.559606242293256,0.0,0.0,,False,1.6821863651275635
31,0.002663971157744527,1.4745322118869808e-07,0.0030031236819922924,0.0014271684922277927,1.0855976739776452e-07,0.002007987117394805,0.000672588066663593,-12.101191520690918,0.25245922803878784,0.0002927434688899666,0.2560749351978302,0.5435266494750977,0.00023676037380937487,0.526081919670105,0.017815496772527695,-5.739459991455078,0.5143297910690308,0.00015378333046101034,0.5126541256904602,0.0016756653785705566,-3.4619152545928955,0.9900056719779968,0.0024876571260392666,1.0,0.009994328022003174,-2.059191942214966,0.33867183327674866,0.0028401550371199846,0.33000001311302185,0.008671820163726807,-1.999771237373352,0.9015637636184692,1.0,0.09843623638153076,0.023937953636050224,0.0,0.023937953636050224,0.0,2.0,-18.423717498779297,1784672140.2639904,6.105814218521118,,10.078244135232467,0.0,0.0,,False,1.6821863651275635
32,0.002721009775996208,1.4204131559836242e-07,0.002560291439294815,0.0014569158665835857,1.0472273004324961e-07,0.0017115348018705845,0.0003010999644175172,-13.681209564208984,0.25823941826820374,0.00029293500119820237,0.26071521639823914,0.5430753231048584,0.00021754571935161948,0.5225557088851929,0.020668433979153633,-5.468253135681152,0.5132052302360535,0.00013688934268429875,0.511540412902832,0.0016648173332214355,-3.51910662651062,0.9908851981163025,0.002458343980833888,1.0,0.00911480188369751,-2.0682976245880127,0.3392644226551056,0.002780273789539933,0.3296777307987213,0.009586691856384277,-2.007136583328247,0.8991133570671082,1.0,0.10088664293289185,0.02440829575061798,0.0,0.02440829575061798,0.0,2.0,-19.815366744995117,1784672140.3702512,6.2120749950408936,,9.988531274387498,0.0,0.0,,False,1.6821863651275635
33,0.0027771408203989267,1.3950123900485778e-07,0.002570438664406538,0.001487218076363206,1.0287291729582648e-07,0.0017307924572378397,0.0003194593300577253,-13.658108711242676,0.2637394964694977,0.0002953106595668942,0.26719769835472107,0.5424373149871826,0.00020389854034874588,0.5195610523223877,0.02313617430627346,-5.171265602111816,0.5122454166412354,0.00012448974302969873,0.5088997483253479,0.003345668315887451,-3.531747579574585,0.9912989139556885,0.0024291332811117172,1.0,0.008701086044311523,-2.0755882263183594,0.3387591540813446,0.0027538412250578403,0.33000001311302185,0.008759140968322754,-2.0145108699798584,0.8966034054756165,1.0,0.10339659452438354,0.02506573311984539,0.0,0.02506573311984539,0.0,2.0,-19.560993194580078,1784672140.4639807,6.305804491043091,,9.64444486312749,0.0,0.0,,False,1.6821863651275635
34,0.0028340844437479973,1.3749398419804493e-07,0.0026416226755827665,0.001519140787422657,1.0126160532308859e-07,0.0017926556756719947,0.00033444270957261324,-13.610651016235352,0.269382506608963,0.000297921389574185,0.27112817764282227,0.5416974425315857,0.0001916492183227092,0.5308844447135925,0.010953003540635109,-6.191231727600098,0.511449933052063,0.00011352443107170984,0.5076588988304138,0.00379103422164917,-3.5595085620880127,0.9917413592338562,0.0023955695796757936,1.0,0.008258640766143799,-2.083893060684204,0.3381897509098053,0.002724890597164631,0.3296777307987213,0.008512020111083984,-2.020429849624634,0.892562985420227,1.0,0.10743701457977295,0.025413893163204193,0.0,0.025413893163204193,0.0,2.0,-20.34339141845703,1784672140.5587883,6.400612115859985,,10.082756675744434,0.0,0.0,,False,1.6821863651275635
35,0.0028932499699294567,1.379756611186167e-07,0.0026705432683229446,0.0015511327655985951,1.0161181052126267e-07,0.0018139526946470141,0.0003444888861849904,-13.59164047241211,0.2746139466762543,0.0003010726359207183,0.2765411138534546,0.5421778559684753,0.00018664795788936317,0.5409739017486572,0.0022723288275301456,-6.499294757843018,0.5115023851394653,0.00010772834502859041,0.5050578117370605,0.006444573402404785,-3.456245183944702,0.9921922087669373,0.0023628256749361753,1.0,0.007807791233062744,-2.0921099185943604,0.33619606494903564,0.0027054566890001297,0.3296777307987213,0.006518334150314331,-2.029451608657837,0.8890380859375,1.0,0.1109619140625,0.026005776599049568,0.0,0.026005776599049568,0.0,2.0,-20.51919937133789,1784672140.665054,6.506877899169922,,10.696876441242239,0.0,0.0,,False,1.6821863651275635
36,0.0029537705704569817,1.3965892264877766e-07,0.0024004203733056784,0.0015877699479460716,1.0282368378966567e-07,0.0016343712341040373,0.0005553090595640242,-12.992488861083984,0.2800327241420746,0.00030531271477229893,0.2795948088169098,0.5433138012886047,0.00018343134433962405,0.5411820411682129,0.0021762745454907417,-6.498343467712402,0.5120289921760559,0.00010333505633752793,0.5047703981399536,0.007258594036102295,-3.4148945808410645,0.9920751452445984,0.0023407076951116323,1.0,0.007924854755401611,-2.096297264099121,0.3346636891365051,0.0026978703681379557,0.33000001311302185,0.004663676023483276,-2.0346767902374268,0.8851954936981201,1.0,0.11480450630187988,0.02654406987130642,0.0,0.02654406987130642,0.0,2.0,-19.898611068725586,1784672140.7499564,6.591780185699463,,10.690407904127738,0.0,0.0,,False,1.6821863651275635
37,0.0030099868308752775,1.401363505237896e-07,0.0027953307144343853,0.0016265587182715535,1.0304915321057706e-07,0.0019051306881010532,0.0003516811120789498,-13.555545806884766,0.2855667769908905,0.00030912901274859905,0.28415173292160034,0.5440974235534668,0.0001773870608303696,0.5421375036239624,0.0024173613637685776,-6.50752067565918,0.512344479560852,9.751803008839488e-05,0.5052015781402588,0.007142901420593262,-3.4372000694274902,0.9917817711830139,0.0023178490810096264,1.0,0.008218228816986084,-2.1000499725341797,0.33436816930770874,0.0026850677095353603,0.33000001311302185,0.00436815619468689,-2.0375330448150635,0.8800328969955444,1.0,0.11996710300445557,0.026631925255060196,0.0,0.026631925255060196,0.0,2.0,-20.480161666870117,1784672140.8476558,6.68947958946228,,11.26548996515777,0.0,0.0,,False,1.6821863651275635
38,0.0030673700384795666,1.4016838179031765e-07,0.003332396736368537,0.0016671291086822748,1.0292695407088104e-07,0.0022852192632853985,0.0006725136190652847,-11.990547180175781,0.2911618649959564,0.0003118181775789708,0.28944510221481323,0.5446903705596924,0.00017164273594971746,0.5455541610717773,0.0019218242960050702,-6.526816368103027,0.5125143527984619,9.196391329169273e-05,0.5064841508865356,0.0060302019119262695,-3.53041410446167,0.9916286468505859,0.0022828932851552963,1.0,0.008371353149414062,-2.106868267059326,0.33357441425323486,0.002660674275830388,0.33000001311302185,0.0035744011402130127,-2.0432486534118652,0.8732405304908752,1.0,0.12675946950912476,0.02637626603245735,0.0,0.02637626603245735,0.0,2.0,-18.97720718383789,1784672140.9635758,6.805399656295776,,10.337617543155574,0.0,0.0,,False,1.6821863651275635
39,0.0031194838229566813,1.4104725210017932e-07,0.002932217437773943,0.0017098099924623966,1.0359346447330608e-07,0.0020308971870690584,0.00037170646828599274,-13.468685150146484,0.29630038142204285,0.0003146480012219399,0.2943374216556549,0.5454053282737732,0.00016861650510691106,0.5512909889221191,0.006204370409250259,-6.429248332977295,0.5127530694007874,8.83435204741545e-05,0.508178174495697,0.004574894905090332,-3.629744291305542,0.9916572570800781,0.00224889162927866,1.0,0.008342742919921875,-2.114245653152466,0.33182817697525024,0.0026231335941702127,0.33000001311302185,0.0018281638622283936,-2.052117347717285,0.86386638879776,1.0,0.13613361120224,0.025706611573696136,0.0,0.025706611573696136,0.0,2.0,-20.426956176757812,1784672141.0683196,6.9101433753967285,,10.8594941140733,0.0,0.0,,False,1.6821863651275635
40,0.0031669072341173887,1.4328293218568433e-07,0.002871857723221183,0.0017560156993567944,1.0535428174307526e-07,0.0020025032572448254,0.000384461076464504,-13.482187271118164,0.301125168800354,0.00031851991661824286,0.29831385612487793,0.54664146900177,0.00016830921231303364,0.5492523908615112,0.00383671629242599,-6.500231742858887,0.5133496522903442,8.65243564476259e-05,0.5080037117004395,0.005345940589904785,-3.5934531688690186,0.9909879565238953,0.002228194149211049,1.0,0.009012043476104736,-2.116118907928467,0.3304029703140259,0.0026153079234063625,0.33000001311302185,0.0004029572010040283,-2.0542173385620117,0.8554483652114868,1.0,0.14455163478851318,0.025315001606941223,0.0,0.025315001606941223,0.0,2.0,-20.47909927368164,1784672141.163152,7.00497579574585,,11.433513781914854,0.0,0.0,,False,1.6821863651275635
41,0.003207714296877384,1.4180265850427531e-07,0.002984743332490325,0.0018008998595178127,1.0436136221869674e-07,0.0020770311821252108,0.00035491486778482795,-13.543630599975586,0.3061986267566681,0.0003180349594913423,0.30392277240753174,0.5473893880844116,0.00016425372450612485,0.5504934787750244,0.0038490118458867073,-6.508372783660889,0.5136749744415283,8.257919398602098e-05,0.5075971484184265,0.006077826023101807,-3.5582737922668457,0.9902805685997009,0.0021876331884413958,1.0,0.009719431400299072,-2.1219377517700195,0.3295450806617737,0.002592264674603939,0.33000001311302185,0.00045493245124816895,-2.05863356590271,0.8465678095817566,1.0,0.1534321904182434,0.024757595732808113,0.0,0.024757595732808113,0.0,2.0,-20.529464721679688,1784672141.267212,7.1090357303619385,,12.057898897754455,0.0,0.0,,False,1.6821863651275635
42,0.0032446186523884535,1.3950136690255022e-07,0.002975285751745105,0.0018482967279851437,1.0291969232412157e-07,0.0020736325532197952,0.00035116440267302096,-13.592700004577637,0.311542272567749,0.0003152417193632573,0.30804023146629333,0.5481582880020142,0.00016049889381974936,0.5507826805114746,0.004376268945634365,-6.520911693572998,0.5139817595481873,7.88476099842228e-05,0.5079081058502197,0.006073653697967529,-3.5711302757263184,0.9885972142219543,0.0021465374156832695,1.0,0.011402785778045654,-2.1227245330810547,0.3281988501548767,0.002584070898592472,0.33000001311302185,0.0018011629581451416,-2.0596282482147217,0.8390750288963318,1.0,0.1609249711036682,0.024619081988930702,0.0,0.024619081988930702,0.0,2.0,-20.594993591308594,1784672141.3617022,7.203526020050049,,12.747812883222963,0.0,0.0,,False,1.6821863651275635
43,0.003279113909229636,1.369066211509562e-07,0.0030589730013161898,0.0019024262437596917,1.0144997020233859e-07,0.002138450276106596,0.0003227527777198702,-13.664411544799805,0.3179468512535095,0.00031093755387701094,0.3138132393360138,0.5493410229682922,0.0001556446513859555,0.5513932108879089,0.004614999983459711,-6.543044090270996,0.5145101547241211,7.455386366927996e-05,0.5083920359611511,0.006118118762969971,-3.582019805908203,0.9860665202140808,0.0021026006434112787,1.0,0.01393347978591919,-2.1171844005584717,0.3264951705932617,0.0025498231407254934,0.33000001311302185,0.003504842519760132,-2.0645182132720947,0.8271499872207642,1.0,0.17285001277923584,0.023920567706227303,0.0,0.023920567706227303,0.0,2.0,-20.689857482910156,1784672141.466442,7.308265924453735,,13.532590760293033,0.0,0.0,,False,1.6821863651275635
44,0.003313316497951746,1.3785977159841423e-07,0.003105003386735916,0.0019346829503774643,1.024639075808409e-07,0.0021804538555443287,0.0003221764927729964,-13.655374526977539,0.3211328983306885,0.0003137681051157415,0.31789839267730713,0.5501395463943481,0.00015368673484772444,0.551727294921875,0.0036031892523169518,-6.560974597930908,0.5150860548019409,7.285343599505723e-05,0.5087717771530151,0.006314277648925781,-3.5709593296051025,0.9857973456382751,0.0020893209148198366,1.0,0.014202654361724854,-2.1182467937469482,0.32790428400039673,0.0024885539896786213,0.33000001311302185,0.002095729112625122,-2.0782058238983154,0.8081596493721008,1.0,0.19184035062789917,0.021810531616210938,0.0,0.021810531616210938,0.0,2.0,-20.689634323120117,1784672141.5616632,7.403486967086792,,14.317145477573064,0.0,0.0,,False,1.6821863651275635
45,0.00334372092038393,1.3845766488884692e-07,0.00310914171859622,0.0019638987723737955,1.031814704788303e-07,0.0021849169861525297,0.00032229869975708425,-13.666431427001953,0.32423505187034607,0.0003158024628646672,0.32359054684638977,0.5507692694664001,0.00015186694508884102,0.5526599884033203,0.0019975497853010893,-6.576145172119141,0.5156014561653137,7.126665150281042e-05,0.5093241930007935,0.006277263164520264,-3.5791473388671875,0.9857023358345032,0.002073798794299364,1.0,0.014297664165496826,-2.1209609508514404,0.32769548892974854,0.0024283963721245527,0.33000001311302185,0.0023045241832733154,-2.0902299880981445,0.7880458831787109,1.0,0.21195411682128906,0.020035739988088608,0.0,0.020035739988088608,0.0,2.0,-20.716920852661133,1784672141.6582406,7.500064373016357,,15.12898672439411,0.0,0.0,,False,1.6821863651275635
46,0.0033645809162408113,1.3589308878181328e-07,0.0027836065273731947,0.0019810646772384644,1.0136576378272366e-07,0.001966185634955764,0.0005811649025417864,-12.877094268798828,0.32686272263526917,0.00031597778433933854,0.32684698700904846,0.5492730140686035,0.00014437880599871278,0.5530962944030762,0.003823312697932124,-6.562954425811768,0.5149725079536438,6.676743942080066e-05,0.5093755125999451,0.0055969953536987305,-3.653615713119507,0.9869685173034668,0.0020402425434440374,1.0,0.013031482696533203,-2.1367874145507812,0.3272794485092163,0.0023604414891451597,0.33000001311302185,0.002720564603805542,-2.103947162628174,0.7683916091918945,1.0,0.23160839080810547,0.0184465404599905,0.0,0.0184465404599905,0.0,2.0,-19.954265594482422,1784672141.7425144,7.584338188171387,,15.178172713036446,0.0,0.0,,False,1.6821863651275635
47,0.003388415789231658,1.365529840313684e-07,0.0031489990651607513,0.0020141489803791046,1.0217600276973826e-07,0.0022271641064435244,0.0003204618697054684,-13.681755065917969,0.32963821291923523,0.00031846194178797305,0.3328397572040558,0.5499154925346375,0.0001425511873094365,0.5471833348274231,0.004208868369460106,-6.573756217956543,0.5154440999031067,6.531297549372539e-05,0.5093904733657837,0.006053626537322998,-3.6186769008636475,0.986947774887085,0.002028641290962696,1.0,0.013052225112915039,-2.1392669677734375,0.32751551270484924,0.002319981809705496,0.33000001311302185,0.0024845004081726074,-2.1128292083740234,0.7474340200424194,1.0,0.25256597995758057,0.01705756038427353,0.0,0.01705756038427353,0.0,2.0,-20.750097274780273,1784672141.8394063,7.681230068206787,,16.023190381976633,0.0,0.0,,False,1.6821863651275635
48,0.003412631107494235,1.3568219969783968e-07,0.00324476626701653,0.002054946031421423,1.0177340925565659e-07,0.002299400046467781,0.0002965406747534871,-13.721433639526367,0.3332430124282837,0.0003200512146577239,0.3371514081954956,0.5500673055648804,0.00013814355770591646,0.5447717308998108,0.006581692025065422,-6.50388240814209,0.5156751275062561,6.253339961403981e-05,0.5094494223594666,0.006225705146789551,-3.6110565662384033,0.9866471886634827,0.002014478901401162,1.0,0.013352811336517334,-2.1405045986175537,0.3293716013431549,0.002285001566633582,0.33000001311302185,0.0006284117698669434,-2.121669292449951,0.7226070761680603,1.0,0.2773929238319397,0.015479110181331635,0.0,0.015479110181331635,0.0,2.0,-20.73006820678711,1784672141.9433472,7.785171031951904,,16.848178982923656,0.0,0.0,,False,1.6821863651275635
49,0.0034433722030371428,1.3491981576407852e-07,0.003576557384803891,0.0020993477664887905,1.0140863793139943e-07,0.0025413688272237778,0.0004616501973941922,-13.094388961791992,0.3372994661331177,0.0003220038488507271,0.34335222840309143,0.5500894784927368,0.00013374359696172178,0.545059323310852,0.00787009485065937,-6.490908622741699,0.5158502459526062,5.973557927063666e-05,0.5096006393432617,0.006249606609344482,-3.6169323921203613,0.986457884311676,0.0020003817044198513,1.0,0.013542115688323975,-2.1424317359924316,0.33214569091796875,0.002257712883874774,0.33000001311302185,0.0021456778049468994,-2.1267430782318115,0.6957414746284485,1.0,0.3042585253715515,0.013976460322737694,0.0,0.013976460322737694,0.0,2.0,-20.095582962036133,1784672142.0531557,7.894979476928711,,17.038682339119703,0.0,0.0,,False,1.6821863651275635
50,0.003523836610838771,1.329608210198785e-07,0.0033411961048841476,0.0022538024932146072,1.0150684914833619e-07,0.00237917248159647,0.0002215292042819783,-13.927434921264648,0.35008037090301514,0.000333912466885522,0.3495453894138336,0.5494222044944763,0.00012172502465546131,0.5464202165603638,0.0030492846854031086,-6.6338653564453125,0.5162038803100586,5.162750312592834e-05,0.5105553865432739,0.005648493766784668,-3.7077925205230713,0.9874816536903381,0.00199107569642365,1.0,0.012518346309661865,-2.1512489318847656,0.33226126432418823,0.002232170198112726,0.33000001311302185,0.002261251211166382,-2.1323065757751465,0.5450802445411682,1.0,0.4549197554588318,0.008930274285376072,0.0,0.008930274285376072,0.0,2.0,-21.088424682617188,1784672142.1577435,7.999567270278931,,18.222027415896804,0.0,0.0,,False,1.6821863651275635
51,0.003639297094196081,1.3528703846077406e-07,0.002990845823660493,0.002297187689691782,1.0204038147776373e-07,0.0021346122957766056,0.0006685206317342818,-12.435430526733398,0.3582296669483185,0.0003426143084652722,0.3529108464717865,0.5515650510787964,0.00011584632738959044,0.549777626991272,0.005611125845462084,-6.628123760223389,0.5179742574691772,4.7789148084120825e-05,0.5108274817466736,0.007146775722503662,-3.521024227142334,0.9897024035453796,0.0019486385863274336,1.0,0.010297596454620361,-2.1741647720336914,0.3413366377353668,0.002118289703503251,0.33000001311302185,0.01133662462234497,-2.1292989253997803,0.5566970705986023,1.0,0.4433029294013977,0.009372110478579998,0.0,0.009372110478579998,0.0,2.0,-19.498441696166992,1784672142.2318406,8.073664426803589,,17.81538950622371,0.0,0.0,,False,1.6821863651275635
52,0.0036505847238004208,1.3447386493226077e-07,0.0034365332685410976,0.00231928750872612,1.017821560367338e-07,0.0024505192413926125,0.00025107726105488837,-13.868324279785156,0.36051031947135925,0.0003455660480540246,0.3561439514160156,0.5499039888381958,0.00011182488378835842,0.5537121295928955,0.005793712567538023,-6.604146957397461,0.5173274874687195,4.569114753394388e-05,0.510650634765625,0.006676852703094482,-3.590019464492798,0.9901702404022217,0.0019252923084422946,1.0,0.00982975959777832,-2.182307004928589,0.3397088348865509,0.002106292173266411,0.33000001311302185,0.009708821773529053,-2.1400985717773438,0.5315626859664917,1.0,0.4684373140335083,0.008868793956935406,0.0,0.008868793956935406,0.0,2.0,-20.946651458740234,1784672142.3280785,8.169902324676514,,18.856961359123858,0.0,0.0,,False,1.6821863651275635
53,0.0036721632350236177,1.336839972054804e-07,0.0034448823425918818,0.002336476929485798,1.0123898164238199e-07,0.0024819551035761833,0.0002698527241591364,-13.831178665161133,0.3635146915912628,0.0003492172108963132,0.3626379072666168,0.5472192168235779,0.00010722127626650035,0.5546896457672119,0.007521705701947212,-6.450994491577148,0.5162811279296875,4.3229290895396844e-05,0.5107085108757019,0.005572617053985596,-3.7463788986206055,0.9906623959541321,0.0018849443877115846,1.0,0.00933760404586792,-2.194861650466919,0.3368980586528778,0.002121475525200367,0.33000001311302185,0.006898045539855957,-2.1476686000823975,0.5031207799911499,1.0,0.4968792200088501,0.008450763300061226,0.0,0.008450763300061226,0.0,2.0,-20.865163803100586,1784672142.4328136,8.274637460708618,,19.817045556384357,0.0,0.0,,False,1.6821863651275635
54,0.0037106331437826157,1.2969928775419248e-07,0.003572384361177683,0.00233391672372818,9.740492146192992e-08,0.0025707927998155355,0.0002742681244853884,-13.801633834838867,0.3682335615158081,0.00035010770079679787,0.3679024279117584,0.5418062210083008,9.894077811622992e-05,0.5471380352973938,0.005342086777091026,-6.6074323654174805,0.5139564275741577,3.883116369252093e-05,0.5112971067428589,0.002659320831298828,-4.06814432144165,0.9911558628082275,0.001805710606276989,1.0,0.008844137191772461,-2.2178032398223877,0.3333470821380615,0.002241695299744606,0.33000001311302185,0.003347069025039673,-2.12882399559021,0.48875731229782104,1.0,0.511242687702179,0.008687316440045834,0.0,0.008687316440045834,0.0,2.0,-21.121652603149414,1784672142.5361285,8.377952337265015,,21.033618553693685,0.0,0.0,,False,1.6821863651275635
55,0.003709725569933653,1.2825265116589435e-07,0.0035528733860701323,0.0023651798255741596,9.673382805885922e-08,0.002571032615378499,0.00025880103930830956,-13.857460021972656,0.3692820370197296,0.0003497583675198257,0.3740803301334381,0.541628897190094,9.77354939095676e-05,0.5491702556610107,0.0089384401217103,-6.434017181396484,0.5137941837310791,3.8236707041505724e-05,0.5110229253768921,0.0027712583541870117,-4.066493511199951,0.9912285208702087,0.0018030516803264618,1.0,0.00877147912979126,-2.218862771987915,0.33139681816101074,0.002215977292507887,0.33000001311302185,0.0013968050479888916,-2.1366524696350098,0.4762769639492035,1.0,0.5237230062484741,0.008425724692642689,0.0,0.008425724692642689,1.0,2.0,-21.037919998168945,1784672142.6305676,8.472391366958618,,22.166458946022544,0.0,0.0,,False,1.6821863651275635
56,0.0037609997671097517,1.332981867108174e-07,0.003740691812708974,0.002448362298309803,1.0079162393594743e-07,0.0027043272275477648,0.0002567692718002945,-13.806001663208008,0.37648746371269226,0.0003700308152474463,0.3785132169723511,0.5394309163093567,9.082984615815803e-05,0.5563335418701172,0.017023583874106407,-5.188086986541748,0.5127388834953308,3.49557631125208e-05,0.510139524936676,0.002599358558654785,-4.115128993988037,0.9897357821464539,0.0017626810586079955,1.0,0.010264217853546143,-2.2216365337371826,0.3272862732410431,0.0023284810595214367,0.33000001311302185,0.0027137398719787598,-2.1107494831085205,0.4208148717880249,1.0,0.5791851282119751,0.0076141986064612865,0.0,0.0076141986064612865,1.0,2.0,-20.014034271240234,1784672142.7363234,8.578147172927856,,22.275413611422692,0.0,0.0,,False,1.6821863651275635
57,0.003828523913398385,1.3667192888533464e-07,0.0037172220181673765,0.002488256199285388,1.0300426112053174e-07,0.0026908761356025934,0.0002311773132532835,-13.864603996276855,0.3822334408760071,0.0003779507242143154,0.3845748007297516,0.538701593875885,8.888055162969977e-05,0.5542566180229187,0.015730248764157295,-5.39820671081543,0.5123333930969238,3.3767362765502185e-05,0.5100575685501099,0.002275824546813965,-4.152377128601074,0.9895530343055725,0.0017390550347045064,1.0,0.01044696569442749,-2.2268896102905273,0.32527363300323486,0.002383491490036249,0.33000001311302185,0.004726380109786987,-2.0959699153900146,0.3846077024936676,1.0,0.6153923273086548,0.007189777214080095,0.0,0.007189777214080095,1.0,2.0,-20.25935935974121,1784672142.8303013,8.672125101089478,,22.629693365323817,0.0,0.0,,False,1.6821863651275635
58,0.0038806020747870207,1.393945865402202e-07,0.003695632331073284,0.00251590833067894,1.0481473111667583e-07,0.002690068678930402,0.0002540583082009107,-13.823222160339355,0.38721293210983276,0.0003838500415440649,0.38850298523902893,0.53831946849823,8.751148561714217e-05,0.5445345044136047,0.006347511895000935,-6.543759822845459,0.5120437145233154,3.2787582313176244e-05,0.5100575685501099,0.0019861459732055664,-4.183635234832764,0.9900752902030945,0.001730164629407227,1.0,0.009924709796905518,-2.232365369796753,0.3240661025047302,0.002415919443592429,0.33000001311302185,0.005933910608291626,-2.0866119861602783,0.3560315668582916,1.0,0.6439684629440308,0.006831223610788584,0.0,0.006831223610788584,1.0,2.0,-21.150047302246094,1784672142.924819,8.766642808914185,,23.874661061729824,0.0,0.0,,False,1.6821863651275635
59,0.0039283838123083115,1.4031915895884595e-07,0.003709040116518736,0.0025406810455024242,1.0520943050096321e-07,0.00269448384642601,0.00026789357070811093,-13.801595687866211,0.3919658064842224,0.00038745650090277195,0.3932143747806549,0.5375375747680664,8.505075675202534e-05,0.5439727306365967,0.0065551623702049255,-6.530745506286621,0.5114701986312866,3.139938417007215e-05,0.5110777020454407,0.00039249658584594727,-4.262969017028809,0.9908559918403625,0.0017159238923341036,1.0,0.009144008159637451,-2.2405993938446045,0.32295551896095276,0.002441211137920618,0.33000001311302185,0.007044494152069092,-2.0785281658172607,0.32763397693634033,1.0,0.6723660230636597,0.006401382852345705,0.0,0.006401382852345705,1.0,1.0,-21.157676696777344,1784672143.030572,8.872395753860474,,25.127258152667082,0.0,0.0,,False,1.6821863651275635
60,0.003977789543569088,1.425701157131698e-07,0.004485489800572395,0.002561262110248208,1.0656739846126584e-07,0.003278207266703248,0.0008785043610259891,-10.755440711975098,0.3963092863559723,0.0003923779586330056,0.39865317940711975,0.5369700193405151,8.390197035623714e-05,0.543768584728241,0.00719126733019948,-6.4942522048950195,0.5110370516777039,3.0563005566364154e-05,0.5100582242012024,0.0009788274765014648,-4.263247489929199,0.9918186068534851,0.0017112931236624718,1.0,0.008181393146514893,-2.2467575073242188,0.32238367199897766,0.002485848730430007,0.33000001311302185,0.0076163411140441895,-2.067964553833008,0.3064972162246704,1.0,0.6935027837753296,0.006103720981627703,0.0,0.006103720981627703,1.0,1.0,-18.08246612548828,1784672143.1453698,8.987193584442139,,23.304644672315277,0.0,0.0,,False,1.6821863651275635
61,0.004022136330604553,1.4435545381275006e-07,0.004058264195919037,0.0025833728723227978,1.0766284219698719e-07,0.002973829861730337,0.0003921248426195234,-13.347198486328125,0.4003942608833313,0.00039574949187226593,0.40326032042503357,0.5364747643470764,8.304142829729244e-05,0.5417053699493408,0.005964355077594519,-6.602461814880371,0.5106805562973022,2.9895014449721202e-05,0.5093371868133545,0.001343369483947754,-4.2597880363464355,0.9928008913993835,0.0017011581221595407,1.0,0.007199108600616455,-2.254051923751831,0.3217543363571167,0.002526095137000084,0.33000001311302185,0.008245676755905151,-2.0581440925598145,0.2870730459690094,1.0,0.712926983833313,0.005813959054648876,0.0,0.005813959054648876,1.0,1.0,-20.759061813354492,1784672143.2541208,9.09594464302063,,24.158626879829683,0.0,0.0,,False,1.6821863651275635
62,0.004063368774950504,1.462480838654301e-07,0.0038906466215848923,0.00262209284119308,1.0896702917762013e-07,0.002868167357519269,0.00030064198654145,-13.667370796203613,0.40437063574790955,0.00040035630809143186,0.4087681770324707,0.5359466075897217,8.208727376768366e-05,0.5422093272209167,0.00765245221555233,-6.5145111083984375,0.5103273391723633,2.9295284548425116e-05,0.5094831585884094,0.0008441805839538574,-4.28794002532959,0.9937899708747864,0.001698652165941894,1.0,0.006210029125213623,-2.258669853210449,0.32209280133247375,0.0025575810577720404,0.33000001311302185,0.007907211780548096,-2.053184986114502,0.2672766447067261,1.0,0.7327233552932739,0.0054130833595991135,0.0,0.0054130833595991135,1.0,1.0,-21.02294921875,1784672143.3483922,9.190216064453125,,25.276496492739597,0.0,0.0,,False,1.6821863651275635
63,0.004100242629647255,1.4774020939967158e-07,0.003975766710937023,0.002663326682522893,1.1010688893975384e-07,0.0029190601781010628,0.0002844184637069702,-13.687515258789062,0.40819215774536133,0.00040424385224469006,0.41356614232063293,0.535476803779602,8.117495599435642e-05,0.5398892164230347,0.006953351199626923,-6.622677803039551,0.5100293755531311,2.8750730052706786e-05,0.5095848441123962,0.0004445314407348633,-4.306048393249512,0.9949885606765747,0.0016951863653957844,1.0,0.005011439323425293,-2.2636351585388184,0.32320138812065125,0.0025797500275075436,0.33000001311302185,0.0067986249923706055,-2.0521342754364014,0.2484458088874817,1.0,0.7515541911125183,0.004991371650248766,0.0,0.004991371650248766,1.0,1.0,-21.138681411743164,1784672143.454775,9.2965989112854,,26.510098298642674,0.0,0.0,,False,1.6821863651275635
64,0.004136541858315468,1.4870339271055855e-07,0.003938162233680487,0.0027140413876622915,1.1087337270510034e-07,0.0029040330555289984,0.0002746840182226151,-13.735107421875,0.4122001528739929,0.00040824461029842496,0.41674646735191345,0.5348088145256042,7.97871543909423e-05,0.5391906499862671,0.006314226426184177,-6.636381149291992,0.5096575617790222,2.8050309992977418e-05,0.5095350742340088,0.00012248754501342773,-4.321549415588379,0.9959251284599304,0.0016896462766453624,1.0,0.00407487154006958,-2.267765760421753,0.3245667815208435,0.002613701857626438,0.33000001311302185,0.005433231592178345,-2.048908233642578,0.2314060479402542,1.0,0.768593966960907,0.004612675402313471,0.0,0.004612675402313471,1.0,1.0,-21.204986572265625,1784672143.5490506,9.39087438583374,,27.810005265068213,0.0,0.0,,False,1.6821863651275635
65,0.004175099544227123,1.497380850423724e-07,0.004756265319883823,0.0027515145484358072,1.1139400157844648e-07,0.003497112775221467,0.0009453413658775389,-10.401321411132812,0.4160664975643158,0.00041136343497782946,0.42228570580482483,0.5341004133224487,7.851546979509294e-05,0.5379955768585205,0.007338313851505518,-6.642614841461182,0.5092706680297852,2.7353473342373036e-05,0.5085892677307129,0.0006814002990722656,-4.3259077072143555,0.9967066645622253,0.0016802522586658597,1.0,0.003293335437774658,-2.272239923477173,0.3255499601364136,0.00266771437600255,0.33000001311302185,0.004450052976608276,-2.040616512298584,0.21881552040576935,1.0,0.7811844944953918,0.004367568995803595,0.0,0.004367568995803595,1.0,1.0,-17.878368377685547,1784672143.6655989,9.507422685623169,,25.783294036913674,0.0,0.0,,False,1.6821863651275635
66,0.004214650020003319,1.5078248338795674e-07,0.004202093929052353,0.0027823615819215775,1.117885091161952e-07,0.0031033584382385015,0.0003212423180229962,-13.557777404785156,0.41985735297203064,0.00041357142617926,0.4284013509750366,0.5333313941955566,7.754793477943167e-05,0.5354889035224915,0.00881219282746315,-6.671502113342285,0.5088712573051453,2.6773641366162337e-05,0.5083764791488647,0.0004947781562805176,-4.340535640716553,0.9970515966415405,0.0016694653313606977,1.0,0.0029484033584594727,-2.2760839462280273,0.32588380575180054,0.002737433183938265,0.33000001311302185,0.0041162073612213135,-2.028334140777588,0.20880186557769775,1.0,0.7911981344223022,0.004214981105178595,0.0,0.004214981105178595,1.0,1.0,-21.06524658203125,1784672143.7597246,9.601548433303833,,26.943461013104837,0.0,0.0,,False,1.6821863651275635
67,0.004251136444509029,1.5184309631877113e-07,0.004217630252242088,0.0028116211760789156,1.1212026862494895e-07,0.0031266813166439533,0.00031683678389526904,-13.567819595336914,0.4234834611415863,0.0004160579410381615,0.4322704076766968,0.532566487789154,7.635969086550176e-05,0.5345858931541443,0.009016009978950024,-6.6750030517578125,0.5084887146949768,2.612586467876099e-05,0.5082218647003174,0.00026684999465942383,-4.355990886688232,0.997418224811554,0.001658136141486466,1.0,0.002581775188446045,-2.2800822257995605,0.3263864517211914,0.0028132081497460604,0.33000001311302185,0.0036135613918304443,-2.015455722808838,0.20008200407028198,1.0,0.799917995929718,0.004077919293195009,0.0,0.004077919293195009,1.0,1.0,-21.085817337036133,1784672143.8665214,9.708345174789429,,28.124198744300884,0.0,0.0,,False,1.6821863651275635
68,0.004243338480591774,1.525785791045564e-07,0.00416272459551692,0.0028175204060971737,1.1270197575186103e-07,0.0030946601182222366,0.0002886260917875916,-13.64712905883789,0.4236195683479309,0.00041621964192017913,0.4376790225505829,0.5304555892944336,7.329316576942801e-05,0.5346225500106812,0.014663963578641415,-6.458883762359619,0.5068752765655518,2.52471691055689e-05,0.5074432492256165,0.0005679726600646973,-4.36807107925415,0.9945780038833618,0.0016522358637303114,1.0,0.005421996116638184,-2.2749781608581543,0.3306262791156769,0.0027442199643701315,0.33000001311302185,0.0006262660026550293,-2.030118942260742,0.15271258354187012,0.0,0.15271258354187012,0.0030147486831992865,0.0,0.0030147486831992865,0.0,1.0,-20.998271942138672,1784672143.9607763,9.802600145339966,,29.21739108059947,0.0,0.0,,False,1.6821863651275635
69,0.004273661412298679,1.4757073074633809e-07,0.004220791161060333,0.0028445213101804256,1.0838771657972757e-07,0.0031451722607016563,0.000305264227790758,-13.618927001953125,0.428110271692276,0.0004025929665658623,0.44137635827064514,0.5308961868286133,7.098493369994685e-05,0.5339537858963013,0.013613888993859291,-6.563015937805176,0.506764829158783,2.3926633730297908e-05,0.5066066384315491,0.00015819072723388672,-4.400797367095947,0.9988424181938171,0.0015938241267576814,1.0,0.0011575818061828613,-2.301450490951538,0.3306429386138916,0.0025723539292812347,0.33000001311302185,0.000642925500869751,-2.062448263168335,0.1408146768808365,0.0,0.1408146768808365,0.0029035634361207485,0.0,0.0029035634361207485,0.0,1.0,-21.069738388061523,1784672144.0653012,9.907124996185303,,30.382049862820907,0.0,0.0,,False,1.6821863651275635
70,0.004310966935008764,1.4780300716665806e-07,0.004200864117592573,0.002891290234401822,1.0852912879499854e-07,0.003141652327030897,0.0002735028392635286,-13.714153289794922,0.4338941276073456,0.0004049490380566567,0.4456852674484253,0.5306476950645447,6.799214315833524e-05,0.5325828790664673,0.011948887258768082,-6.666851997375488,0.5063181519508362,2.2477164748124778e-05,0.5063673853874207,4.9233436584472656e-05,-4.4325127601623535,0.9989614486694336,0.001555567141622305,1.0,0.0010385513305664062,-2.3136725425720215,0.3293875455856323,0.0025533060543239117,0.33000001311302185,0.0006124675273895264,-2.066171169281006,0.12624697387218475,0.0,0.12624697387218475,0.0027942091692239046,0.0,0.0027942091692239046,0.0,1.0,-21.263891220092773,1784672144.1707637,10.012587547302246,,31.740861477073594,0.0,0.0,,False,1.6821863651275635
71,0.00435152743011713,1.500763033845942e-07,0.003704018658027053,0.002942845458164811,1.1004428301930602e-07,0.0027695868629962206,0.0006702881073579192,-12.496133804321289,0.44001543521881104,0.00041003397200256586,0.44925782084465027,0.5302746891975403,6.554924038937315e-05,0.5315442681312561,0.00932917557656765,-6.761653423309326,0.5059165358543396,2.131950532202609e-05,0.5062121748924255,0.0002956390380859375,-4.456955432891846,0.9986670613288879,0.0015250652795657516,1.0,0.0013329386711120605,-2.323338270187378,0.3302966356277466,0.0026068303268402815,0.33000001311302185,0.00029662251472473145,-2.055854558944702,0.11161725223064423,0.0,0.11161725223064423,0.002634752308949828,0.0,0.002634752308949828,0.0,1.0,-20.133934020996094,1784672144.254116,10.095939874649048,,31.9697158922296,0.0,0.0,,False,1.6821863651275635
72,0.004395226947963238,1.5414730114571285e-07,0.00420290557667613,0.0029995860531926155,1.1265340305044447e-07,0.003158084349706769,0.00024921720614656806,-13.772802352905273,0.4464240074157715,0.0004181296390015632,0.45360347628593445,0.5300415754318237,6.355323421303183e-05,0.5309804081916809,0.007240592502057552,-6.8152265548706055,0.5056157112121582,2.036909972957801e-05,0.5056478977203369,3.218650817871094e-05,-4.481781959533691,0.9981505274772644,0.0015047251945361495,1.0,0.0018494725227355957,-2.3294975757598877,0.3332200050354004,0.0027239397168159485,0.33000001311302185,0.00321999192237854,-2.031996011734009,0.09973293542861938,0.0,0.09973293542861938,0.0024998316075652838,0.0,0.0024998316075652838,0.0,1.0,-21.46587371826172,1784672144.3481903,10.190014123916626,,33.530510004651234,0.0,0.0,,False,1.6821863651275635
73,0.004432911053299904,1.5787165352776356e-07,0.003785759210586548,0.00305040180683136,1.1501902719146528e-07,0.0028500042390078306,0.0006774693611077964,-12.480960845947266,0.45230793952941895,0.00042414935887791216,0.4572584331035614,0.5298450589179993,6.212470179889351e-05,0.5303864479064941,0.00498000904917717,-6.856769561767578,0.5054037570953369,1.9638500816654414e-05,0.505346953868866,5.6803226470947266e-05,-4.499988555908203,0.9981408715248108,0.001485362066887319,1.0,0.001859128475189209,-2.335946559906006,0.3355186879634857,0.0028390721417963505,0.33000001311302185,0.005518674850463867,-2.0078365802764893,0.08976677805185318,0.0,0.08976677805185318,0.0023880270309746265,0.0,0.0023880270309746265,0.0,1.0,-20.216371536254883,1784672144.432674,10.274497747421265,,33.84180193506603,0.0,0.0,,False,1.6821863651275635
74,0.004469605628401041,1.6251932777322509e-07,0.004324716981500387,0.0030992489773780107,1.1782491782241777e-07,0.003261268837377429,0.0002173549000872299,-13.779409408569336,0.4578803479671478,0.00043165814713574946,0.462261438369751,0.5296998023986816,6.100349492044188e-05,0.5297707319259644,0.0043816645629704,-6.866076946258545,0.5052370429039001,1.9047685782425106e-05,0.504817545413971,0.0004194974899291992,-4.510724067687988,0.9980960488319397,0.0014732708223164082,1.0,0.0019039511680603027,-2.339966297149658,0.33849239349365234,0.0029893009923398495,0.33000001311302185,0.008492380380630493,-1.975356101989746,0.0819578766822815,0.0,0.0819578766822815,0.002305092290043831,0.0,0.002305092290043831,0.0,1.0,-21.527631759643555,1784672144.5370848,10.378908634185791,,35.4643540888695,0.0,0.0,,False,1.6821863651275635
75,0.004507469478994608,1.6748963105328585e-07,0.004325345624238253,0.0031509948894381523,1.207342705811243e-07,0.003275784198194742,0.00022077470202930272,-13.764623641967773,0.46351873874664307,0.00043932933476753533,0.4649064242839813,0.5296202898025513,6.020651926519349e-05,0.5300061702728271,0.001440338441170752,-6.8826904296875,0.505119800567627,1.8579958123154938e-05,0.5043038129806519,0.0008159875869750977,-4.509856700897217,0.9978386759757996,0.0014710647519677877,1.0,0.0021613240242004395,-2.3403584957122803,0.34105563163757324,0.003176390426233411,0.33000001311302185,0.011055618524551392,-1.9378265142440796,0.07611145079135895,0.0,0.07611145079135895,0.0022744580637663603,0.0,0.0022744580637663603,0.0,2.0,-21.525705337524414,1784672144.6307108,10.472534656524658,,37.084979820553826,0.0,0.0,,False,1.6821863651275635
76,0.004561503883451223,1.7234266636023676e-07,0.0037720382679253817,0.0031891888938844204,1.224632768526135e-07,0.0028684218414127827,0.0008521428680978715,-11.678461074829102,0.46884623169898987,0.00044623183202929795,0.470228910446167,0.5295693874359131,5.9200367104494944e-05,0.527942955493927,0.0021347322035580873,-6.862266540527344,0.5048144459724426,1.8017073671217076e-05,0.503989577293396,0.0008248686790466309,-4.5242743492126465,0.9968502521514893,0.0014663725160062313,1.0,0.003149747848510742,-2.3401601314544678,0.3380114436149597,0.0033731739968061447,0.33000001311302185,0.008011430501937866,-1.9174983501434326,0.07343173772096634,0.0,0.07343173772096634,0.0024098390713334084,0.0,0.0024098390713334084,0.0,4.0,-19.430410385131836,1784672144.7362423,10.578066110610962,,36.610310599845576,0.0,0.0,,False,1.6821863651275635
77,0.004594794474542141,1.7548808273204486e-07,0.0053788842633366585,0.003222692757844925,1.233835007496964e-07,0.004068758338689804,0.0011535265948623419,-9.241456985473633,0.4735404849052429,0.0004500275827012956,0.4735558032989502,0.5292683243751526,5.8209203416481614e-05,0.5272423028945923,0.0020260794553905725,-6.8556976318359375,0.5045781135559082,1.744515793689061e-05,0.503618597984314,0.0009595155715942383,-4.53289794921875,0.997928261756897,0.0014577063266187906,1.0,0.0020717382431030273,-2.3450348377227783,0.3384878635406494,0.0036184669006615877,0.32935547828674316,0.00913238525390625,-1.88038969039917,0.07107732445001602,0.0,0.07107732445001602,0.0024897735565900803,0.0,0.0024897735565900803,0.0,4.0,-16.992464065551758,1784672144.830122,10.671945810317993,,33.69769505955725,0.0,0.0,,False,1.6821863651275635
78,0.004622618667781353,1.800146094410593e-07,0.004492416512221098,0.0032678269781172276,1.2524780856892903e-07,0.003392312442883849,0.00018013670342043042,-13.764772415161133,0.4778895080089569,0.0004559646768029779,0.4782939851284027,0.5291870832443237,5.7982975704362616e-05,0.5240287184715271,0.005174198187887669,-6.656719207763672,0.5044481754302979,1.7157935872091912e-05,0.5034036040306091,0.0010445713996887207,-4.535789966583252,0.9982975125312805,0.0014592421939596534,1.0,0.0017024874687194824,-2.344987392425537,0.339593768119812,0.003914088010787964,0.33000001311302185,0.009593755006790161,-1.8408904075622559,0.06954102963209152,0.0,0.06954102963209152,0.002579516265541315,0.0,0.002579516265541315,0.0,4.0,-21.358043670654297,1784672144.9364562,10.778280019760132,,35.15065912437146,0.0,0.0,,False,1.6821863651275635
79,0.004653221927583218,1.8486444730569929e-07,0.004472877364605665,0.0033059364650398493,1.2700924401087832e-07,0.0033780145458877087,0.00019421486649662256,-13.745027542114258,0.4818967580795288,0.00046212851884774864,0.4811141788959503,0.529028058052063,5.755345773650333e-05,0.524392306804657,0.004701342433691025,-6.6959943771362305,0.5043590068817139,1.683769005467184e-05,0.5034635066986084,0.0008955001831054688,-4.55319356918335,0.9986173510551453,0.0014594250824302435,1.0,0.0013826489448547363,-2.3452627658843994,0.34225034713745117,0.004210262559354305,0.33000001311302185,0.012250334024429321,-1.7983545064926147,0.06784495711326599,0.0,0.06784495711326599,0.002619190374389291,0.0,0.002619190374389291,0.0,4.0,-21.378419876098633,1784672145.0303457,10.872169494628906,,36.623999394630005,0.0,0.0,,False,1.6821863651275635
80,0.004687534645199776,1.9108767901343526e-07,0.0053948815912008286,0.003338449401780963,1.2928335024753324e-07,0.004077937453985214,0.0010233192006126046,-10.4039306640625,0.48554566502571106,0.00046920005115680397,0.4860270917415619,0.5290123820304871,5.757354665547609e-05,0.5264009833335876,0.0026554048527032137,-6.8161163330078125,0.5043522119522095,1.6661640984239057e-05,0.503492534160614,0.000859677791595459,-4.560083866119385,0.9988482594490051,0.0014636117266491055,1.0,0.001151740550994873,-2.3440325260162354,0.34519270062446594,0.004542374983429909,0.33000001311302185,0.015192687511444092,-1.7528069019317627,0.06678137928247452,0.0,0.06678137928247452,0.002681722864508629,0.0,0.002681722864508629,0.0,4.0,-18.136865615844727,1784672145.147447,10.98927092552185,,34.855785404634645,0.0,0.0,,False,1.6821863651275635
81,0.004725070670247078,1.9823065144919383e-07,0.00485678855329752,0.0033698556944727898,1.3166095413907897e-07,0.0036885428708046675,0.0003448349016252905,-13.371103286743164,0.489139199256897,0.0004752207896672189,0.4907759726047516,0.5292257070541382,5.811271330458112e-05,0.5264260172843933,0.0032430370338261127,-6.794292449951172,0.5044865012168884,1.6626961951260455e-05,0.5035698413848877,0.0009166598320007324,-4.558035850524902,0.9989592432975769,0.0014723481144756079,1.0,0.0010407567024230957,-2.341141939163208,0.3469903767108917,0.004933199845254421,0.3296777307987213,0.01731264591217041,-1.7065666913986206,0.066630057990551,0.0,0.066630057990551,0.0028332476504147053,0.0,0.0028332476504147053,0.0,2.0,-21.085556030273438,1784672145.2536764,11.095500230789185,,36.036261829067996,0.0,0.0,,False,1.6821863651275635
82,0.004706509876996279,1.9658246230846999e-07,0.004718897398561239,0.003364157397300005,1.2998457066260016e-07,0.003577595576643944,0.0002137973642675206,-13.635513305664062,0.48725277185440063,0.0004693490918725729,0.4954240620136261,0.5297794342041016,5.928385508013889e-05,0.5249183177947998,0.009507915005087852,-6.590361595153809,0.5049291849136353,1.6954214515862986e-05,0.5035260319709778,0.0014031529426574707,-4.5154948234558105,0.9990060925483704,0.0014896871289238334,1.0,0.0009939074516296387,-2.33532452583313,0.353471964597702,0.00511860940605402,0.33000001311302185,0.023471951484680176,-1.6646809577941895,0.07254853844642639,0.0,0.07254853844642639,0.0029923024121671915,0.0,0.0029923024121671915,0.0,2.0,-21.165550231933594,1784672145.350376,11.19219970703125,,37.296732455161504,0.0,0.0,,False,1.6821863651275635
83,0.004768539220094681,2.0713164872177003e-07,0.00473004300147295,0.00339103234000504,1.330822669842746e-07,0.003589639673009515,0.0002023038105107844,-13.621453285217285,0.4923790693283081,0.0004756466660182923,0.4987677037715912,0.5297648310661316,5.940760820521973e-05,0.5229790806770325,0.009319928474724293,-6.422634124755859,0.5051748156547546,1.6821424651425332e-05,0.5035437941551208,0.001631021499633789,-4.498417377471924,0.998369574546814,0.0014940695837140083,1.0,0.0016304254531860352,-2.3332979679107666,0.35983431339263916,0.005705663468688726,0.33000001311302185,0.02983430027961731,-1.5862092971801758,0.0707775205373764,0.0,0.0707775205373764,0.0031457922887057066,0.0,0.0031457922887057066,0.0,2.0,-21.00876808166504,1784672145.4564562,11.298280000686646,,38.400420930986456,0.0,0.0,,False,1.6821863651275635
84,0.004847042262554169,2.2053266945931682e-07,0.004686874803155661,0.003419653046876192,1.3712090662920673e-07,0.0035522335674613714,0.00020792116993106902,-13.604676246643066,0.4981709122657776,0.0004836394509766251,0.5028642416000366,0.5296293497085571,5.970294296275824e-05,0.5236836075782776,0.007574905175715685,-6.523436069488525,0.5053656697273254,1.670864730840549e-05,0.5036205649375916,0.0017451047897338867,-4.489721298217773,0.9978333711624146,0.0015074298717081547,1.0,0.0021666288375854492,-2.328179121017456,0.36427056789398193,0.0064386907033622265,0.33000001311302185,0.03427055478096008,-1.5125724077224731,0.0701153501868248,0.0,0.0701153501868248,0.0034874058328568935,0.0,0.0034874058328568935,0.0,3.0,-21.068286895751953,1784672145.5508237,11.392647504806519,,39.56362822089832,0.0,0.0,,False,1.6821863651275635
85,0.0049397870898246765,2.3568622964376118e-07,0.004921987187117338,0.0034297010861337185,1.4084432109484624e-07,0.00374200870282948,0.0003128144599031657,-13.333383560180664,0.5034384727478027,0.0004885485977865756,0.506982147693634,0.5294933915138245,6.0771912103518844e-05,0.5240227580070496,0.006518087349832058,-6.569267272949219,0.505412757396698,1.676070678513497e-05,0.5036723613739014,0.0017403960227966309,-4.488938331604004,0.9977790713310242,0.0015114500420168042,1.0,0.00222092866897583,-2.326772689819336,0.36492490768432617,0.007133821025490761,0.33000001311302185,0.03492489457130432,-1.4670250415802002,0.07118074595928192,0.0,0.07118074595928192,0.004122691694647074,0.0,0.004122691694647074,0.0,3.0,-20.833267211914062,1784672145.6559653,11.497789144515991,,40.4918158269723,0.0,0.0,,False,1.6821863651275635
86,0.004969919100403786,2.4371192353100923e-07,0.004726278129965067,0.0034598628990352154,1.4343797261062718e-07,0.003594743786379695,0.0002784848038572818,-13.469242095947266,0.5068233013153076,0.0004958261852152646,0.5111165046691895,0.5291807055473328,6.072319592931308e-05,0.5240051746368408,0.006724412087351084,-6.582211971282959,0.5052968859672546,1.666662865318358e-05,0.5036821961402893,0.001614689826965332,-4.503895282745361,0.9983652830123901,0.001522672944702208,1.0,0.0016347169876098633,-2.3238279819488525,0.3641427755355835,0.007646656595170498,0.33000001311302185,0.034142762422561646,-1.4415802955627441,0.07243271917104721,0.0,0.07243271917104721,0.004534366074949503,0.0,0.004534366074949503,0.0,3.0,-20.98695945739746,1784672145.7503407,11.592164516448975,,41.573695678529674,0.0,0.0,,False,1.6821863651275635
87,0.004995549097657204,2.5157081040561025e-07,0.004793954081833363,0.0034861161839216948,1.4571443784916482e-07,0.003653606865555048,0.000262094778008759,-13.453668594360352,0.5103134512901306,0.0005018371157348156,0.5145570635795593,0.5288174152374268,6.059734005248174e-05,0.5239670276641846,0.006444727070629597,-6.604308605194092,0.5052007436752319,1.6540347132831812e-05,0.5036913752555847,0.0015093684196472168,-4.51704740524292,0.9989210367202759,0.0015284284017980099,1.0,0.001078963279724121,-2.3224384784698486,0.3642408847808838,0.008243902586400509,0.33000001311302185,0.03424087166786194,-1.409092903137207,0.07495615631341934,0.0,0.07495615631341934,0.005050668492913246,0.0,0.005050668492913246,0.0,3.0,-20.99563980102539,1784672145.8450348,11.686858654022217,,42.66425587371498,0.0,0.0,,False,1.6821863651275635
88,0.005026158411055803,2.614266350065009e-07,0.004846289753913879,0.0035188898909837008,1.487284038148573e-07,0.0036949103232473135,0.0002516662934795022,-13.435213088989258,0.514275312423706,0.0005095679662190378,0.5193731188774109,0.5285624861717224,6.0381804360076785e-05,0.5241580605506897,0.0067369574680924416,-6.624372482299805,0.5051964521408081,1.6399886590079404e-05,0.5037725567817688,0.0014238953590393066,-4.528365612030029,0.9992529153823853,0.0015327821020036936,1.0,0.0007470846176147461,-2.3212146759033203,0.3652065694332123,0.008914279751479626,0.33000001311302185,0.03520655632019043,-1.3715885877609253,0.0774310901761055,0.0,0.0774310901761055,0.005630732048302889,0.0,0.005630732048302889,0.0,3.0,-20.99889373779297,1784672145.93957,11.781393766403198,,43.75807000566786,0.0,0.0,,False,1.6821863651275635
89,0.005067733116447926,2.767455384855566e-07,0.0052262963727116585,0.003560600569471717,1.534751419285385e-07,0.003987881354987621,0.0004557534120976925,-12.916861534118652,0.5191553831100464,0.0005203663022257388,0.5235141515731812,0.5283700823783875,6.0064488934585825e-05,0.524341344833374,0.005935451947152615,-6.649291515350342,0.5053841471672058,1.623519347049296e-05,0.503902792930603,0.0014813542366027832,-4.52764368057251,0.9996672868728638,0.0015326528809964657,1.0,0.00033271312713623047,-2.3214032649993896,0.3665704131126404,0.009667635895311832,0.33000001311302185,0.03657039999961853,-1.3313785791397095,0.07822136580944061,0.0,0.07822136580944061,0.006326493341475725,0.0,0.006326493341475725,0.0,3.0,-20.5001163482666,1784672146.0537796,11.89560341835022,,44.353106748094376,0.0,0.0,,False,1.6821863651275635
90,0.0051238345913589,3.044460470391641e-07,0.004326351918280125,0.0036089932546019554,1.6286429627143661e-07,0.0033038107212632895,0.0008538822876289487,-12.14926528930664,0.5247853994369507,0.0005378695786930621,0.5269822478294373,0.5281349420547485,6.087241126806475e-05,0.524469792842865,0.004273109138011932,-6.664609432220459,0.5058107376098633,1.6373180187656544e-05,0.5039873123168945,0.00182342529296875,-4.489459991455078,1.0002765655517578,0.0015322512481361628,1.0,0.0002765655517578125,-2.321544885635376,0.3640573024749756,0.01059408113360405,0.33000001311302185,0.034057289361953735,-1.3000484704971313,0.08028900623321533,0.0,0.08028900623321533,0.0076538994908332825,0.0,0.0076538994908332825,0.0,3.0,-19.725683212280273,1784672146.1394708,11.981294631958008,,44.17371035453456,0.0,0.0,,False,1.6821863651275635
91,0.0051770200952887535,3.3452295156166656e-07,0.004957679193466902,0.003640878014266491,1.7333235291516758e-07,0.0038054506294429302,0.00027421629056334496,-13.251394271850586,0.5295912027359009,0.0005565073806792498,0.5318626165390015,0.5277373790740967,6.268300057854503e-05,0.5246727466583252,0.0038146155420690775,-6.668196678161621,0.5061729550361633,1.6785008483566344e-05,0.5040376782417297,0.0021352767944335938,-4.442755699157715,1.0013980865478516,0.0015409741317853332,1.0,0.0013980865478515625,-2.3180975914001465,0.359366238117218,0.011447004973888397,0.33000001311302185,0.029366225004196167,-1.2784068584442139,0.0865805372595787,0.0,0.0865805372595787,0.009208125993609428,0.0,0.009208125993609428,0.0,3.0,-20.807331085205078,1784672146.2359374,12.077761173248291,,45.075961833899555,0.0,0.0,,False,1.6821863651275635
92,0.005217183381319046,3.593097233078879e-07,0.005028807558119297,0.0036745748948305845,1.8236485743727826e-07,0.003860783064737916,0.0002648753288667649,-13.195845603942871,0.5337231159210205,0.0005731540150009096,0.5353600382804871,0.5275141596794128,6.482155004050583e-05,0.5247445702552795,0.003217163495719433,-6.654732704162598,0.5064263343811035,1.7343794752378017e-05,0.5040149688720703,0.002411365509033203,-4.394568920135498,1.002312183380127,0.001561869285069406,1.0,0.002312183380126953,-2.310286045074463,0.35432350635528564,0.01209536287933588,0.33000001311302185,0.024323493242263794,-1.2640711069107056,0.09642343968153,0.0,0.09642343968153,0.010735203512012959,0.0,0.010735203512012959,0.0,3.0,-20.716917037963867,1784672146.3299615,12.171785354614258,,45.887799266023336,0.0,0.0,,False,1.6821863651275635
93,0.0052935052663087845,3.7636158367604367e-07,0.005108903627842665,0.0037567238323390484,1.931311004454983e-07,0.003920890390872955,0.00024703930830582976,-13.173382759094238,0.5397635698318481,0.0005883746198378503,0.5402756333351135,0.5276903510093689,6.650204886682332e-05,0.5245961546897888,0.003136281156912446,-6.618128776550293,0.505683183670044,1.795046409824863e-05,0.503879725933075,0.0018034577369689941,-4.454413414001465,1.0010545253753662,0.0015565553912892938,1.0,0.001054525375366211,-2.3133444786071777,0.35660097002983093,0.011029223911464214,0.33000001311302185,0.026600956916809082,-1.3025860786437988,0.0892307311296463,0.0,0.0892307311296463,0.00921689998358488,0.0,0.00921689998358488,0.0,3.0,-20.695093154907227,1784672146.4344265,12.27625036239624,,46.677812815090476,0.0,0.0,,False,1.6821863651275635
94,0.005299638025462627,3.8810324554106046e-07,0.0050444635562598705,0.0038025090470910072,1.9850766364015726e-07,0.003887240309268236,0.00026887431158684194,-13.157367706298828,0.5428236126899719,0.0005979284760542214,0.5430965423583984,0.52765953540802,6.803805445088074e-05,0.524663507938385,0.003008433384820819,-6.604837894439697,0.5057505369186401,1.8479164282325655e-05,0.5041049718856812,0.0016455650329589844,-4.457226276397705,1.0017799139022827,0.0015706416452303529,1.0,0.0017799139022827148,-2.3081884384155273,0.35478371381759644,0.011491069570183754,0.33000001311302185,0.024783700704574585,-1.287427544593811,0.0984082743525505,0.0,0.0984082743525505,0.010080336593091488,0.0,0.010080336593091488,0.0,3.0,-20.669851303100586,1784672146.5293615,12.371185302734375,,47.442584512350976,0.0,0.0,,False,1.6821863651275635
95,0.005295317620038986,3.992660140283988e-07,0.004311550408601761,0.0038544947747141123,2.043878879476324e-07,0.003337028669193387,0.001111561548896134,-11.363536834716797,0.5459495782852173,0.0006073370459489524,0.5487647652626038,0.5275399684906006,6.980082980589941e-05,0.5249412655830383,0.003831257577985525,-6.595368385314941,0.5057167410850525,1.9124530808767304e-05,0.5041719079017639,0.0015448331832885742,-4.450936794281006,1.002875566482544,0.001581928925588727,1.0,0.0028755664825439453,-2.3030033111572266,0.35365596413612366,0.011916295625269413,0.33000001311302185,0.023655951023101807,-1.2725051641464233,0.10855557769536972,0.0,0.10855557769536972,0.010819882154464722,0.0,0.010819882154464722,0.0,3.0,-18.865299224853516,1784672146.63635,12.478173732757568,,46.402804131364405,0.0,0.0,,False,1.6821863651275635
96,0.005292272195219994,4.157233206569799e-07,0.006203654687851667,0.00392342172563076,2.137612398200872e-07,0.0047978563234210014,0.0012630335986614227,-10.40041732788086,0.5499918460845947,0.0006231526494957507,0.552323579788208,0.5272030830383301,7.188291783677414e-05,0.5249621272087097,0.003234016941860318,-6.5834245681762695,0.5054289698600769,1.992504439840559e-05,0.5038992166519165,0.0015297532081604004,-4.434103965759277,1.0041053295135498,0.0016037106979638338,1.0,0.004105329513549805,-2.2935245037078857,0.35305076837539673,0.012420693412423134,0.33000001311302185,0.023050755262374878,-1.2538679838180542,0.11881541460752487,0.0,0.11881541460752487,0.011390560306608677,0.0,0.011390560306608677,0.0,2.0,-17.88420867919922,1784672146.730198,12.572021722793579,,44.38193320472354,0.0,0.0,,False,1.6821863651275635
97,0.005250962451100349,4.415724106365815e-07,0.005260798614472151,0.004031393211334944,2.317537308726969e-07,0.004076388198882341,4.6057564759394154e-05,-13.112902641296387,0.5562371015548706,0.0006488805520348251,0.5566229820251465,0.5263388752937317,7.618348172400147e-05,0.523224949836731,0.003137743566185236,-6.509682655334473,0.5047929286956787,2.150688123947475e-05,0.5038180351257324,0.0009748935699462891,-4.432534694671631,1.005833387374878,0.0016736440593376756,1.0,0.00583338737487793,-2.2672717571258545,0.35499319434165955,0.01293949969112873,0.33000001311302185,0.024993181228637695,-1.2306591272354126,0.13897107541561127,0.0,0.13897107541561127,0.01208055391907692,0.0,0.01208055391907692,0.0,2.0,-20.536914825439453,1784672146.8356783,12.677502155303955,,45.013768424322905,0.0,0.0,,False,1.6821863651275635
98,0.005259109660983086,4.862496325586108e-07,0.005317495670169592,0.0041000754572451115,2.5639246814535e-07,0.004119540564715862,6.154523725854233e-05,-13.014429092407227,0.5664691925048828,0.000687969324644655,0.5613932013511658,0.5219188928604126,7.884752994868904e-05,0.5270369648933411,0.007208352908492088,-6.342167854309082,0.502915620803833,2.2280482880887575e-05,0.5038537979125977,0.0009381771087646484,-4.417209148406982,1.0061264038085938,0.0017607136396691203,1.0,0.00612640380859375,-2.2414209842681885,0.3437609076499939,0.01373646967113018,0.33000001311302185,0.013760894536972046,-1.2180193662643433,0.16276808083057404,0.0,0.16276808083057404,0.014387508854269981,0.0,0.014387508854269981,0.0,2.0,-20.296768188476562,1784672146.9295888,12.77141261100769,,45.40545700695938,0.0,0.0,,False,1.6821863651275635
99,0.005301698110997677,4.991088076167216e-07,0.0051776329055428505,0.004024532623589039,2.6090134497280815e-07,0.004010832402855158,0.00012481934390962124,-12.98112678527832,0.5688415765762329,0.0007093846797943115,0.5640154480934143,0.5233755707740784,8.139057899825275e-05,0.5279095768928528,0.00662183715030551,-6.353100776672363,0.5036698579788208,2.234876410511788e-05,0.5038191080093384,0.00014925003051757812,-4.434932708740234,1.0071476697921753,0.0018843617290258408,1.0,0.007147669792175293,-2.2045884132385254,0.3363800048828125,0.014400645159184933,0.2665136754512787,0.06986632943153381,-1.03182053565979,0.29453155398368835,0.0,0.29453155398368835,0.03060009703040123,0.0,0.03060009703040123,0.0,2.0,-20.28107452392578,1784672147.0253608,12.86718463897705,,45.781451925045076,0.14439263459879514,0.0,,False,1.6821863651275635
100,0.005357760936021805,5.184535325497563e-07,0.006366815883666277,0.004031511954963207,2.72989495897491e-07,0.004957045428454876,0.001369234872981906,-10.404348373413086,0.5720886588096619,0.0007213572389446199,0.5693935751914978,0.5236669182777405,8.471615728922188e-05,0.5273367762565613,0.00455316761508584,-6.382890224456787,0.5039098262786865,2.32643596973503e-05,0.5039387345314026,2.8908252716064453e-05,-4.415337085723877,1.006162405014038,0.0019244063878431916,1.0,0.006162405014038086,-2.197763442993164,0.3282250165939331,0.014129890128970146,0.16661132872104645,0.16161368787288666,-0.28654706478118896,0.317379891872406,0.0,0.317379891872406,0.03632928058505058,0.0,0.03632928058505058,0.0,2.0,-17.71832847595215,1784672147.151335,12.99315881729126,,43.59470079515714,1.0340587400761914,0.0,,False,1.6821863651275635
101,0.005422678776085377,5.369647624320351e-07,0.005494361277669668,0.004061538260430098,2.875268023672106e-07,0.0042829737067222595,0.00023274887644220144,-12.821711540222168,0.5762385129928589,0.0007310572545975447,0.5741137862205505,0.5237824320793152,8.888792945072055e-05,0.521669864654541,0.002996231662109494,-6.408507347106934,0.5039018392562866,2.438871524645947e-05,0.5035492181777954,0.00035262107849121094,-4.389207363128662,1.0053446292877197,0.0019732413347810507,1.0,0.0053446292877197266,-2.1878621578216553,0.31271976232528687,0.013687247410416603,0.579052746295929,0.2663329839706421,1.364510178565979,0.343039870262146,0.0,0.343039870262146,0.046079475432634354,0.0,0.046079475432634354,0.0,2.0,-20.14311981201172,1784672147.2492816,13.091105461120605,,43.83274100132877,3.574782088900756,0.0,,False,1.6821863651275635
102,0.005460177548229694,5.346175839804346e-07,0.005392090883105993,0.0040297177620232105,2.870619084660575e-07,0.004198986105620861,0.00018244879902340472,-12.860523223876953,0.5795513391494751,0.0007424008217640221,0.5772820115089417,0.5249565243721008,9.081773168873042e-05,0.523973286151886,0.0024731771554797888,-6.409470558166504,0.5041800737380981,2.5154438844765536e-05,0.5031223297119141,0.001057744026184082,-4.354060173034668,0.9992279410362244,0.0021771383471786976,1.0,0.0007720589637756348,-2.145796775817871,0.34923914074897766,0.016184110194444656,0.24186034500598907,0.10737879574298859,-0.7867042422294617,0.3657749593257904,0.0,0.3657749593257904,0.04086779057979584,0.0,0.04086779057979584,0.0,2.0,-20.165130615234375,1784672147.3557928,13.197616577148438,,44.09279201072306,3.964291016929879,0.0,,False,1.6821863651275635
103,0.005471052601933479,5.349463663151255e-07,0.005414966493844986,0.004055310040712357,2.9374101018220244e-07,0.004207282327115536,0.00016199144010897726,-12.860702514648438,0.5818191170692444,0.0007434007711708546,0.5811565518379211,0.5247201919555664,9.498454164713621e-05,0.5246399641036987,0.0006674047908745706,-6.394829273223877,0.5039505362510681,2.617422433104366e-05,0.5028494000434875,0.0011011362075805664,-4.3332672119140625,0.9989742636680603,0.002226823242381215,1.0,0.0010257363319396973,-2.1344149112701416,0.3305768668651581,0.01561826840043068,0.2790820300579071,0.05149483680725098,-1.0758270025253296,0.42544883489608765,0.0,0.42544883489608765,0.05742310732603073,0.0,0.05742310732603073,0.0,2.0,-20.143199920654297,1784672147.4498858,13.291709661483765,,44.33091232553727,4.064677184663134,0.0,,False,1.6821863651275635
104,0.005505119450390339,5.470533324114513e-07,0.006429828703403473,0.004081211518496275,3.0416171625802235e-07,0.005036615766584873,0.0013296181568875909,-10.592283248901367,0.5854035019874573,0.0007529344293288887,0.5855079293251038,0.5244589447975159,9.760724788066e-05,0.5258627533912659,0.0014076873194426298,-6.3650665283203125,0.5037543773651123,2.687990308913868e-05,0.5028510689735413,0.0009033083915710449,-4.327949047088623,0.9975619316101074,0.0022699085529893637,1.0,0.002438068389892578,-2.1237597465515137,0.3197405934333801,0.015396801754832268,0.5276904106140137,0.20794981718063354,0.23643004894256592,0.4415839612483978,0.0,0.4415839612483978,0.06499489396810532,0.0,0.06499489396810532,0.0,2.0,-17.848310470581055,1784672147.5669887,13.408812522888184,,42.27414319027824,5.477320403864285,0.0,,False,1.6821863651275635
105,0.0055295247584581375,5.664301170327235e-07,0.0047720023430883884,0.004119906574487686,3.2012448514251446e-07,0.003748152405023575,0.0008438254008069634,-12.108960151672363,0.588435173034668,0.0007701440481469035,0.5886214375495911,0.524532675743103,0.0001056652472470887,0.5242337584495544,0.00035220166319049895,-6.323760986328125,0.5033718943595886,2.9424654712784104e-05,0.5024315714836121,0.0009403228759765625,-4.282875061035156,0.9926523566246033,0.002451856154948473,1.0,0.0073476433753967285,-2.0755066871643066,0.32970869541168213,0.016300983726978302,0.3233935534954071,0.006315141916275024,-1.1381031274795532,0.4636056125164032,0.0,0.4636056125164032,0.06550811976194382,0.0,0.06550811976194382,0.0,2.0,-19.309406280517578,1784672147.65105,13.492873907089233,,41.67846986495573,5.515430446643316,0.0,,False,1.6821863651275635
106,0.005562710575759411,5.817415740239085e-07,0.005505731794983149,0.0041453540325164795,3.3441526170463476e-07,0.0043207379058003426,0.0001844073849497363,-12.747403144836426,0.591077446937561,0.0007829366950318217,0.5924057364463806,0.5240311622619629,0.000110572662379127,0.5234028697013855,0.0014693891862407327,-6.2903594970703125,0.5029929280281067,3.066693898290396e-05,0.5016621351242065,0.0013307929039001465,-4.248349189758301,0.9910237789154053,0.0025196396745741367,1.0,0.008976221084594727,-2.0568923950195312,0.3108333647251129,0.015746572986245155,0.2887499928474426,0.022083371877670288,-1.1411426067352295,0.500755250453949,0.0,0.500755250453949,0.08381369709968567,0.0,0.08381369709968567,0.0,2.0,-19.90386390686035,1784672147.7447088,13.586532592773438,,41.677254165975995,5.550501010166672,0.0,,False,1.6821863651275635
107,0.005608685314655304,6.067871254344936e-07,0.0055143339559435844,0.004182885400950909,3.560576544714422e-07,0.004317715298384428,0.00016456391313113272,-12.71088981628418,0.594172477722168,0.0007993188919499516,0.5955648422241211,0.5234021544456482,0.0001179784449050203,0.522454559803009,0.0016842251643538475,-6.245484352111816,0.5024338364601135,3.275830749771558e-05,0.5009686946868896,0.001465141773223877,-4.21147346496582,0.989104688167572,0.0026090643368661404,1.0,0.010895311832427979,-2.032694101333618,0.2916679382324219,0.015186989679932594,0.3077636659145355,0.016095727682113647,-1.1661900281906128,0.5323759913444519,0.0,0.5323759913444519,0.10392047464847565,0.0,0.10392047464847565,0.0,2.0,-19.81301498413086,1784672147.8418877,13.683711528778076,,41.58518954426677,5.560524152234644,0.0,,False,1.6821863651275635
108,0.005656800232827663,6.435643058466667e-07,0.00558669026941061,0.004224769305437803,3.861115942527249e-07,0.004385817795991898,0.00017564743757247925,-12.636407852172852,0.5975013971328735,0.0008257109439000487,0.5999943614006042,0.5224866271018982,0.00012722259270958602,0.5230589509010315,0.0025578164495527744,-6.19149112701416,0.5016732215881348,3.544221544871107e-05,0.5007370114326477,0.0009362101554870605,-4.192500114440918,0.9860019087791443,0.002744200173765421,1.0,0.013998091220855713,-1.9944922924041748,0.27549225091934204,0.01488751545548439,0.0,0.27549225091934204,1.3643029928207397,0.564279317855835,0.0,0.564279317855835,0.12565946578979492,0.0,0.12565946578979492,0.0,2.0,-19.68585205078125,1784672147.9461727,13.787996530532837,,41.36596198920793,8.101040315313968,0.0,,False,1.6821863651275635
109,0.005752595141530037,6.694268108731194e-07,0.005904745310544968,0.0042742351070046425,4.186458397725801e-07,0.00465316791087389,0.00040833777165971696,-12.424880981445312,0.6027399301528931,0.0008444407721981406,0.6037326455116272,0.5210837721824646,0.00013427236990537494,0.524181604385376,0.003253005910664797,-6.122042179107666,0.5005838871002197,3.655661203083582e-05,0.5005950331687927,1.1146068572998047e-05,-4.189383506774902,0.9855610728263855,0.00286571285687387,1.0,0.014438927173614502,-1.972155213356018,0.22747527062892914,0.012822703458368778,0.0,0.22747527062892914,0.7583798170089722,0.6329582929611206,0.0,0.6329582929611206,0.21769380569458008,0.0,0.21769380569458008,0.0,2.0,-19.417207717895508,1784672148.0570643,13.898888111114502,,40.87809010126335,10.035633302581525,0.0,,False,1.6821863651275635
110,0.005870630033314228,6.909649528097361e-07,0.004947534762322903,0.004330940544605255,4.5364348011389666e-07,0.003892134176567197,0.0010220841504633427,-11.728856086730957,0.6099798679351807,0.0008641676395200193,0.6067543029785156,0.5193688273429871,0.00014096967061050236,0.5238847732543945,0.005549598019570112,-6.044124603271484,0.49919378757476807,3.722467954503372e-05,0.4995790719985962,0.000385284423828125,-4.178337097167969,0.9830532073974609,0.0030085514299571514,1.0,0.016946792602539062,-1.9364800453186035,0.16696232557296753,0.010766287334263325,0.0,0.16696232557296753,-0.05211329460144043,0.7104896903038025,0.0,0.7104896903038025,0.3733048439025879,0.0,0.3733048439025879,0.0,2.0,-18.653324127197266,1784672148.1319675,13.973791360855103,,39.62633462262053,11.15973317823867,0.0,,False,1.6821863651275635
111,0.006008824333548546,7.240447530421079e-07,0.005762296728789806,0.004372302442789078,4.976984087079472e-07,0.0045222146436572075,0.000288529961835593,-12.423417091369629,0.6174753904342651,0.0008969618356786668,0.6102975010871887,0.5171006321907043,0.00014988162729423493,0.5213056802749634,0.008318926207721233,-5.985495567321777,0.49756866693496704,3.811179703916423e-05,0.49844199419021606,0.0008733272552490234,-4.158548831939697,0.97823566198349,0.00322514190338552,1.0,0.02176433801651001,-1.8760141134262085,0.1036815494298935,0.00866215955466032,0.0,0.1036815494298935,-0.8349499702453613,0.789915144443512,0.0,0.789915144443512,0.5789135694503784,0.0,0.5789135694503784,0.0,2.0,-19.291088104248047,1784672148.2376325,14.079456329345703,,39.01234312102849,11.500996378251893,0.0020020212244302726,,False,1.6821863651275635
112,0.006048446521162987,6.03077637606475e-07,0.005738531704992056,0.004219423048198223,3.701760249441577e-07,0.004503290168941021,0.00042027104063890874,-12.538904190063477,0.6178280115127563,0.0007844229694455862,0.6145485639572144,0.5205114483833313,0.00010594946070341393,0.5204280018806458,0.00328050903044641,-6.306790351867676,0.5010428428649902,2.632529503898695e-05,0.49854686856269836,0.00249597430229187,-4.235226154327393,0.9986715912818909,0.002384630497545004,1.0,0.0013284087181091309,-2.1000471115112305,0.11413060873746872,0.007348575629293919,0.1801464855670929,0.06601587682962418,-1.241159439086914,0.6003588438034058,0.0,0.6003588438034058,0.3710993528366089,0.0,0.3710993528366089,0.0,2.0,-19.701950073242188,1784672148.331831,14.173654794692993,,38.809213588430595,11.436050109423563,0.0,,False,1.6821863651275635
113,0.006105946376919746,5.917069074712344e-07,0.005642675328999758,0.00423133559525013,3.648220570084959e-07,0.00443931482732296,0.0005078143440186977,-12.503538131713867,0.6209692358970642,0.000773655076045543,0.6175265908241272,0.5199064016342163,0.00010697495599742979,0.5201147794723511,0.003448945702984929,-6.307910442352295,0.5004489421844482,2.6264604457537644e-05,0.4979727268218994,0.002476215362548828,-4.237977027893066,0.9989295601844788,0.002389273140579462,1.0,0.0010704398155212402,-2.0992045402526855,0.0925794243812561,0.006979732774198055,0.0,0.0925794243812561,-0.949445366859436,0.6120410561561584,0.0,0.6120410561561584,0.40794891119003296,0.0,0.40794891119003296,0.0,2.0,-19.668853759765625,1784672148.42684,14.268663883209229,,38.57298774235613,11.662817912822712,0.0,,False,1.6821863651275635
114,0.0061483969911932945,5.750061973230913e-07,0.0057967123575508595,0.00424666004255414,3.6066586517335963e-07,0.004556065890938044,0.00046841654693707824,-12.523958206176758,0.6241061687469482,0.0007616505608893931,0.6216060519218445,0.5196794271469116,0.00010755919356597587,0.5180086493492126,0.0030070056673139334,-6.303789138793945,0.5002270936965942,2.5687751985969953e-05,0.49674007296562195,0.00348702073097229,-4.129134178161621,0.9992886185646057,0.0023931977339088917,1.0,0.0007113814353942871,-2.098518133163452,0.06801415234804153,0.005823748651891947,0.0,0.06801415234804153,-1.2568066120147705,0.6463764309883118,1.0,0.35362356901168823,0.4922088384628296,1.0,0.5077911615371704,0.0,3.0,-19.63155746459961,1784672148.5329926,14.374816417694092,,38.29946560111566,11.582224471066526,0.0,,False,1.6821863651275635
115,0.006186542101204395,5.517953809430765e-07,0.0062278569675982,0.004276921972632408,3.6229590705261216e-07,0.00488463556393981,0.0006091163377277553,-12.271334648132324,0.6333103179931641,0.0007677539251744747,0.6245787143707275,0.5171973705291748,0.00010581174865365028,0.5159838795661926,0.00881552416831255,-6.268457412719727,0.49829933047294617,2.4190074327634647e-05,0.4961458742618561,0.002153456211090088,-4.299992561340332,0.9907622933387756,0.002632367191836238,1.0,0.009237706661224365,-2.0347883701324463,0.04017728567123413,0.004625741392374039,0.0,0.04017728567123413,-1.5946391820907593,0.7618507742881775,1.0,0.2381492257118225,0.6961559057235718,1.0,0.3038440942764282,0.0,3.0,-19.43609619140625,1784672148.6390615,14.48088526725769,,37.83048218668182,11.163798459234352,0.0,,False,1.6821863651275635
116,0.006294159218668938,5.548711783376348e-07,0.00591809768229723,0.004363059066236019,3.660878462596884e-07,0.004634364973753691,0.00046371237840503454,-12.546615600585938,0.6399390697479248,0.0007890770793892443,0.6288315653800964,0.5149792432785034,0.00010610747995087877,0.5155290961265564,0.011121106334030628,-6.230372428894043,0.49698519706726074,2.3824306481401436e-05,0.49567344784736633,0.0013117492198944092,-4.367351531982422,0.9872069954872131,0.0027588563971221447,1.0,0.012793004512786865,-1.9978700876235962,0.02085050195455551,0.004098646342754364,0.0,0.02085050195455551,-1.7765756845474243,0.8199227452278137,1.0,0.18007725477218628,0.7970846891403198,1.0,0.20291531085968018,0.0,3.0,-19.714590072631836,1784672148.736024,14.577847719192505,,37.63999265347357,10.563435944945512,0.0,,False,1.6821863651275635
117,0.006374744698405266,5.346535658645735e-07,0.005895927082747221,0.004399030469357967,3.5493508221406955e-07,0.004615496378391981,0.0005254748393781483,-12.528196334838867,0.6449160575866699,0.0007933854358270764,0.6318745017051697,0.5126291513442993,0.00010320242290617898,0.5140097737312317,0.013114430010318756,-6.204710960388184,0.49561628699302673,2.2806712877354585e-05,0.4942333996295929,0.0013828873634338379,-4.383363246917725,0.9859073162078857,0.002804195275530219,1.0,0.014092683792114258,-1.9839692115783691,0.0026445239782333374,0.003969430457800627,0.0,0.0026445239782333374,-1.8447469472885132,0.8487452864646912,1.0,0.15125471353530884,0.8507590293884277,1.0,0.14924097061157227,0.0,3.0,-19.68364715576172,1784672148.829419,14.671242713928223,,37.4185602033952,9.894902167915584,0.0,,False,1.6821863651275635
118,0.006419084966182709,5.216932095208904e-07,0.00593289639800787,0.004436447750777006,3.4876671861638897e-07,0.004639715887606144,0.0005269699031487107,-12.543863296508789,0.6492193937301636,0.0008026197319850326,0.6361237168312073,0.5102479457855225,9.966342622647062e-05,0.5115132331848145,0.01315665990114212,-6.217926025390625,0.4942397177219391,2.1769345039501786e-05,0.4934699535369873,0.0007697641849517822,-4.434956073760986,0.9848009943962097,0.0028135525062680244,1.0,0.015199005603790283,-1.9766619205474854,-0.011926338076591492,0.00405638013035059,0.0,0.011926338076591492,-1.8172610998153687,0.863235354423523,1.0,0.13676464557647705,0.8792382478713989,1.0,0.12076175212860107,0.0,2.0,-19.735681533813477,1784672148.9342346,14.776058435440063,,37.24916213136859,9.2538542383588,0.0,,False,1.6821863651275635
119,0.006443014368414879,5.308547201821057e-07,0.005876155570149422,0.004512919578701258,3.545283959738299e-07,0.0045627448707818985,0.0005690443213097751,-12.506595611572266,0.6526602506637573,0.0008329501724801958,0.638646125793457,0.5081132054328918,9.630803833715618e-05,0.5100880861282349,0.014152592048048973,-6.193230628967285,0.4930621385574341,2.095483068842441e-05,0.49296823143959045,9.390711784362793e-05,-4.467422008514404,0.9854156970977783,0.002797868102788925,1.0,0.01458430290222168,-1.9824987649917603,-0.022814318537712097,0.0044268276542425156,0.0,0.022814318537712097,-1.7323089838027954,0.862947404384613,1.0,0.13705259561538696,0.8866816759109497,1.0,0.11331832408905029,0.0,2.0,-19.69489097595215,1784672149.0287511,14.870574951171875,,37.038973501480655,8.69775842481459,0.0,,False,1.6821863651275635
120,0.006472696550190449,5.405171918937413e-07,0.00715989014133811,0.004559922032058239,3.5417471622167795e-07,0.0055581689812242985,0.0012119124876335263,-10.960606575012207,0.6564326286315918,0.0008553976658731699,0.6437256932258606,0.5061907768249512,8.998281555250287e-05,0.5079625844955444,0.01282986719161272,-6.240216255187988,0.4921121597290039,1.9429555322858505e-05,0.4918544590473175,0.00025770068168640137,-4.50370979309082,0.9853290915489197,0.002749531762674451,1.0,0.014670908451080322,-1.9900834560394287,-0.031940191984176636,0.004935927223414183,0.0,0.031940191984176636,-1.6333271265029907,0.8550678491592407,1.0,0.14493215084075928,0.885660707950592,1.0,0.11433929204940796,0.0,2.0,-18.204635620117188,1784672149.1576889,14.999512672424316,,35.338529515757756,8.240644468570183,0.0,,False,1.6821863651275635
121,0.006625847890973091,6.056329198145249e-07,0.006010537035763264,0.00458536297082901,3.605451581734087e-07,0.0046591502614319324,0.0006197193288244307,-12.41832160949707,0.665669322013855,0.0009293920011259615,0.6477174162864685,0.5064479112625122,7.176095095928758e-05,0.5063768029212952,0.017952047288417816,-6.2502851486206055,0.49230197072029114,1.5143085875024553e-05,0.4909571409225464,0.001344829797744751,-4.570328712463379,0.9862527251243591,0.002546472940593958,1.0,0.01374727487564087,-2.0304768085479736,-0.04373449087142944,0.0068357763811945915,0.0,0.04373449087142944,-1.4339500665664673,0.7661097645759583,1.0,0.23389023542404175,0.8275554180145264,1.0,0.17244458198547363,0.0,2.0,-19.70371437072754,1784672149.2422047,15.084028482437134,,35.13716428064521,7.982907572262301,0.0,,False,1.6821863651275635
122,0.0066854506731033325,6.422629326152673e-07,0.006205948535352945,0.004613105207681656,3.6318331808615767e-07,0.004790216218680143,0.0005111659411340952,-12.483257293701172,0.6690192222595215,0.0009684708784334362,0.6510741114616394,0.5050390362739563,6.42601225990802e-05,0.5049141049385071,0.017945546656847,-6.291928291320801,0.49180087447166443,1.3566117559093982e-05,0.49020621180534363,0.0015946626663208008,-4.591304779052734,0.9868595600128174,0.002465830883011222,1.0,0.013140439987182617,-2.0486621856689453,-0.05165013670921326,0.008759316056966782,0.0,0.05165013670921326,-1.297600269317627,0.725224494934082,1.0,0.27477550506591797,0.8003184795379639,1.0,0.19968152046203613,0.0,2.0,-19.81245231628418,1784672149.348526,15.190349817276001,,35.0445369910893,7.861520473203258,0.0,,False,1.6821863651275635
123,0.006743463687598705,6.783290587009105e-07,0.006158052012324333,0.0046368553303182125,3.712882516992977e-07,0.004728895612061024,0.0005926029407419264,-12.40306282043457,0.6721808910369873,0.0010032838908955455,0.6556065678596497,0.5039719343185425,5.9610512835206464e-05,0.5027143955230713,0.016621960327029228,-6.328031539916992,0.49152672290802,1.2654001693590544e-05,0.489596426486969,0.0019302964210510254,-4.572602272033691,0.9873313307762146,0.0023947700392454863,1.0,0.0126686692237854,-2.064786195755005,-0.058977872133255005,0.011265530250966549,0.0,0.058977872133255005,-1.1696833372116089,0.6790252923965454,1.0,0.3209747076034546,0.7740932703018188,1.0,0.22590672969818115,0.0,1.0,-19.751789093017578,1784672149.4424999,15.284323692321777,,34.891246478266794,7.868050306250234,0.0,,False,1.6821863651275635
124,0.006788173690438271,7.053182002891845e-07,0.0062004439532756805,0.004648832604289055,3.8043029348955315e-07,0.004727679304778576,0.0005929949693381786,-12.382369995117188,0.6745520830154419,0.0010285312309861183,0.6589587330818176,0.5030986666679382,5.694993524230085e-05,0.501598596572876,0.015665337443351746,-6.350643634796143,0.49137505888938904,1.2171360140200704e-05,0.4894343614578247,0.001940697431564331,-4.584554195404053,0.9876260161399841,0.002342071384191513,1.0,0.01237398386001587,-2.076733112335205,-0.06337858736515045,0.014034293591976166,0.0,0.06337858736515045,-1.0710790157318115,0.6337000727653503,1.0,0.36629992723464966,0.7490009069442749,1.0,0.2509990930557251,0.0,1.0,-19.75516128540039,1784672149.547029,15.388852834701538,,34.7413281578271,7.9731844607770075,0.0,,False,1.6821863651275635
125,0.006827548146247864,7.217922757263295e-07,0.006132620852440596,0.004658475983887911,3.877100311910908e-07,0.0046455878764390945,0.0006950467941351235,-12.279645919799805,0.6765429973602295,0.0010453686118125916,0.663650393486023,0.5024435520172119,5.5177657486638054e-05,0.5016641616821289,0.0129161411896348,-6.411285400390625,0.49137943983078003,1.187746056530159e-05,0.4890708923339844,0.0023085474967956543,-4.527146339416504,0.98758864402771,0.0022929261904209852,1.0,0.012411355972290039,-2.0864341259002686,-0.062857985496521,0.017242882400751114,0.0,0.062857985496521,-0.996666669845581,0.5805948376655579,1.0,0.41940516233444214,0.7092319130897522,1.0,0.2907680869102478,0.0,1.0,-19.6722469329834,1784672149.6421378,15.483961582183838,,34.50849548497041,8.152730961190011,0.0,,False,1.6821863651275635
126,0.006854036822915077,7.274521749423002e-07,0.00615270622074604,0.004664573818445206,3.9194415535348526e-07,0.004661812912672758,0.0007013360154815018,-12.266971588134766,0.6775016784667969,0.0010546271223574877,0.6670436263084412,0.5017529129981995,5.390266596805304e-05,0.5012227892875671,0.010471479967236519,-6.449112892150879,0.49135246872901917,1.1663851182674989e-05,0.48903992772102356,0.0023125410079956055,-4.531321048736572,0.9880985617637634,0.002236531348899007,1.0,0.011901438236236572,-2.1008098125457764,-0.05916491150856018,0.020636089146137238,0.0,0.05916491150856018,-0.9366037845611572,0.524226188659668,1.0,0.47577381134033203,0.6557027101516724,1.0,0.34429728984832764,0.0,1.0,-19.691923141479492,1784672149.735692,15.577515840530396,,34.295339020609816,8.392340346887439,0.0,,False,1.6821863651275635
127,0.006873458623886108,7.204535563687386e-07,0.006420101039111614,0.004659576341509819,3.893590871939523e-07,0.004828492179512978,0.0004838033055420965,-12.433915138244629,0.6781543493270874,0.001053804182447493,0.6711465716362,0.5018396973609924,5.239246092969552e-05,0.49871790409088135,0.007671671453863382,-6.401864051818848,0.49169623851776123,1.13764799607452e-05,0.48896563053131104,0.0027306079864501953,-4.445339202880859,0.9879874587059021,0.002192671876400709,1.0,0.0120125412940979,-2.109473466873169,-0.05077442526817322,0.0252414308488369,0.0,0.05077442526817322,-0.8696281313896179,0.4645398259162903,1.0,0.5354601740837097,0.5847339034080505,1.0,0.41526609659194946,0.0,1.0,-19.778076171875,1784672149.8408031,15.682626962661743,,34.16833558664473,8.698925385756406,0.0,,False,1.6821863651275635
128,0.006880162283778191,7.086083542162669e-07,0.006531397812068462,0.004656583536416292,3.852595966691297e-07,0.00486580329015851,0.00040670574526302516,-12.484140396118164,0.6784100532531738,0.0010522959055379033,0.6752703785896301,0.5019310116767883,5.093564686831087e-05,0.49575644731521606,0.006926962174475193,-6.154054164886475,0.4920000433921814,1.1101376912847627e-05,0.4889160692691803,0.0030839741230010986,-4.356916427612305,0.9874112606048584,0.0021624171640723944,1.0,0.012588739395141602,-2.112682580947876,-0.037069737911224365,0.030937597155570984,0.0,0.037069737911224365,-0.7967443466186523,0.40548786520957947,1.0,0.5945121049880981,0.49653515219688416,1.0,0.5034648180007935,0.0,1.0,-19.58584213256836,1784672149.9357882,15.77761197090149,,33.849098113373,9.078394209396338,0.0,,False,1.6821863651275635
129,0.0069845449179410934,6.875549161122763e-07,0.00680936872959137,0.004635531455278397,3.709590146172559e-07,0.005035900045186281,0.00043701453250832856,-12.422401428222656,0.6840614080429077,0.001040846691466868,0.6793599128723145,0.5044791102409363,4.9477250286145136e-05,0.496243417263031,0.009483179077506065,-5.856931209564209,0.4929339587688446,1.0609770470182411e-05,0.48936113715171814,0.003572821617126465,-4.206358432769775,0.9882298707962036,0.0021167395170778036,1.0,0.011770129203796387,-2.12727689743042,-0.027973011136054993,0.03566175326704979,0.0,0.027973011136054993,-0.7369287610054016,0.36535748839378357,1.0,0.634642481803894,0.4352715313434601,1.0,0.5647284984588623,0.0,1.0,-19.21112632751465,1784672150.0433211,15.88514494895935,,33.155144835047565,9.517678618649521,0.0,,False,1.6821863651275635
130,0.006995954550802708,6.627177526752348e-07,0.006644099485129118,0.004628715571016073,3.5763545724876167e-07,0.004886099603027105,0.00043594554881565273,-12.511434555053711,0.6842025518417358,0.0010276839602738619,0.6842334866523743,0.5045084357261658,4.7994632041081786e-05,0.4999532103538513,0.004555330146104097,-6.358386039733887,0.4931567311286926,1.0273096449964214e-05,0.4896271526813507,0.003529578447341919,-4.217715263366699,0.9874463677406311,0.002083097118884325,1.0,0.012553632259368896,-2.1301844120025635,-0.01117435097694397,0.04203300550580025,0.0,0.01117435097694397,-0.6642261743545532,0.316880464553833,1.0,0.683119535446167,0.35265031456947327,1.0,0.6473497152328491,1.0,1.0,-19.707002639770508,1784672150.1479044,15.989728212356567,,32.95706786897799,10.029665614553553,0.07043816700690098,,False,1.6821863651275635
131,0.007042090408504009,6.117150519457937e-07,0.006649082060903311,0.004639004822820425,3.2561024454480503e-07,0.004882615990936756,0.000462387251900509,-12.567026138305664,0.6840686798095703,0.0009838682599365711,0.6878547668457031,0.5049880743026733,4.531120430328883e-05,0.49829351902008057,0.007691002916544676,-6.1232781410217285,0.49360328912734985,9.707317076390609e-06,0.4907296597957611,0.002873629331588745,-4.427040100097656,0.9904325604438782,0.0018840852426365018,1.0,0.009567439556121826,-2.1939260959625244,0.02215179055929184,0.053662173449993134,0.0,0.02215179055929184,-0.5390127897262573,0.23233959078788757,1.0,0.76766037940979,0.20810656249523163,1.0,0.7918934226036072,1.0,0.0,-19.679168701171875,1784672150.242543,16.08436679840088,,32.731156964309776,10.66686599508588,0.28542004138456,,False,1.6821863651275635
132,0.0071237096562981606,5.732995873586333e-07,0.006547196768224239,0.004677141085267067,2.9742807328148047e-07,0.004770404193550348,0.0005840078229084611,-12.55760383605957,0.6880860328674316,0.0009733500191941857,0.6907792687416077,0.5060411691665649,4.182157863397151e-05,0.4988049268722534,0.007721186615526676,-6.040798187255859,0.49447205662727356,8.969707778305747e-06,0.49102354049682617,0.0034485161304473877,-4.228977680206299,0.9905893206596375,0.0017180816503241658,1.0,0.009410679340362549,-2.2385618686676025,0.05474589020013809,0.06727837026119232,0.0,0.05474589020013809,-0.4082457423210144,0.15258000791072845,1.0,0.8474199771881104,0.10311755537986755,1.0,0.8968824148178101,1.0,0.0,-19.504732131958008,1784672150.3378856,16.179709434509277,,32.3308094904277,11.43483342302345,0.6053909079764219,,False,1.6821863651275635
133,0.007151711732149124,5.781477057098527e-07,0.006615963764488697,0.004717706702649593,2.9594295369861356e-07,0.00479196896776557,0.000540870416443795,-12.60284423828125,0.6899161338806152,0.0009934493573382497,0.6965612769126892,0.5064822435379028,4.073584568686783e-05,0.5032570958137512,0.00738644041121006,-6.523591995239258,0.4949237108230591,8.743406397115905e-06,0.4911837875843048,0.0037399232387542725,-4.1048054695129395,0.9874204993247986,0.0017069303430616856,1.0,0.012579500675201416,-2.2212376594543457,0.08123090863227844,0.08003462851047516,0.0,0.08123090863227844,-0.30248692631721497,0.11879821121692657,1.0,0.8812018036842346,0.06528739631175995,1.0,0.9347125887870789,1.0,0.0,-19.874120712280273,1784672150.4366221,16.278445959091187,,32.299850596867884,12.30855966696482,0.9631919485375526,,False,1.6821863651275635
134,0.007173706777393818,6.008331183693372e-07,0.006754957139492035,0.004763190168887377,3.05446008042054e-07,0.004892885219305754,0.0004383743507787585,-12.651884078979492,0.691931426525116,0.001015490386635065,0.701572835445404,0.5069692134857178,4.040066050947644e-05,0.5027918815612793,0.010507467202842236,-6.404914379119873,0.495445191860199,8.638885446998756e-06,0.49217888712882996,0.0032663047313690186,-4.293195724487305,0.9853278994560242,0.0017076510703191161,1.0,0.01467210054397583,-2.204348564147949,0.10126244276762009,0.09276262670755386,0.0,0.10126244276762009,-0.21464669704437256,0.09553106129169464,1.0,0.9044689536094666,0.044339898973703384,1.0,0.9556601047515869,1.0,0.0,-19.922412872314453,1784672150.5443723,16.38619613647461,,32.31718386334225,13.270126140179032,1.3419405050631914,,False,1.6821863651275635
135,0.0072302184998989105,6.414675794985669e-07,0.006852865684777498,0.004819346591830254,3.2389539228461217e-07,0.004945085849612951,0.0003977505548391491,-12.627901077270508,0.6973265409469604,0.0010467146057635546,0.7050214409828186,0.5070817470550537,4.025562520837411e-05,0.5024917721748352,0.008959874510765076,-6.36334228515625,0.49584829807281494,8.511939995514695e-06,0.4924341142177582,0.0034141838550567627,-4.233358383178711,0.9839174747467041,0.0017211678205057979,1.0,0.0160825252532959,-2.188300609588623,0.11163464188575745,0.10051368176937103,0.0,0.11163464188575745,-0.1677992194890976,0.07938295602798462,1.0,0.9206170439720154,0.032513730227947235,1.0,0.9674862623214722,1.0,0.0,-19.835254669189453,1784672150.6391363,16.48096013069153,,32.24735892669162,14.27854009094852,1.7325152191587154,,False,1.6821863651275635
136,0.007248545065522194,6.734107955708168e-07,0.007061774842441082,0.004846564494073391,3.3828570167315775e-07,0.005059355869889259,0.00028313123038969934,-12.624439239501953,0.6998378038406372,0.0010653656208887696,0.7090723514556885,0.5073168277740479,4.000997432740405e-05,0.5060480833053589,0.009321297518908978,-6.587393760681152,0.4962266981601715,8.433590664935764e-06,0.4923970103263855,0.0038296878337860107,-4.053175926208496,0.9832751750946045,0.0017254954436793923,1.0,0.016724824905395508,-2.1811273097991943,0.12681064009666443,0.11146983504295349,0.0,0.12681064009666443,-0.10593073815107346,0.06757938861846924,1.0,0.9324206113815308,0.023919466882944107,1.0,0.9760805368423462,1.0,0.0,-19.920942306518555,1784672150.7448087,16.58663249015808,,32.263221627370086,15.34882252305603,2.1316842077751135,,False,1.6821863651275635
137,0.007395400665700436,8.486450155942293e-07,0.006929478608071804,0.004751293454319239,4.4289146217124653e-07,0.004942604806274176,0.0005036699003539979,-12.297685623168945,0.7062622308731079,0.0011772708967328072,0.7136836647987366,0.5093507766723633,4.105541302124038e-05,0.5039249658584595,0.009193317964673042,-6.202769756317139,0.49563053250312805,9.027768101077527e-06,0.4929552674293518,0.002675265073776245,-4.492273807525635,0.9757915139198303,0.0017797023756429553,1.0,0.024208486080169678,-2.0820674896240234,0.2112547904253006,0.2015419900417328,0.0,0.2112547904253006,0.22877758741378784,0.03739163279533386,1.0,0.9626083374023438,0.00853632390499115,1.0,0.9914636611938477,1.0,0.0,-19.506038665771484,1784672150.840803,16.682626724243164,,31.864180687301484,16.753813280728405,2.546236320743013,,False,1.6821863651275635
138,0.007426244206726551,8.689423793839524e-07,0.006801714655011892,0.004773738328367472,4.5174238039180636e-07,0.004830495920032263,0.0006271033198572695,-12.217196464538574,0.7101951241493225,0.001182130421511829,0.7168487906455994,0.5101982355117798,4.060033097630367e-05,0.5041192770004272,0.009012492373585701,-6.114392280578613,0.49586284160614014,8.955450539360754e-06,0.493633896112442,0.00222894549369812,-4.615301132202148,0.977695643901825,0.0017900585662573576,1.0,0.02230435609817505,-2.1048574447631836,0.23797360062599182,0.20678852498531342,0.0,0.23797360062599182,0.2678399980068207,0.03602258488535881,0.0,0.03602258488535881,0.006912915967404842,0.0,0.006912915967404842,1.0,0.0,-19.416362762451172,1784672150.935746,16.77756977081299,,31.37546384391257,18.19786644899381,1.9762376884844697,,False,1.6821863651275635
139,0.007371488027274609,8.148396659635182e-07,0.0074038333259522915,0.004767341073602438,4.2062919192176196e-07,0.0052167801186442375,0.0004506014520302415,-12.27226448059082,0.7111207246780396,0.001066440949216485,0.7205362915992737,0.5140494108200073,3.932530671590939e-05,0.5088769197463989,0.01074279099702835,-6.273921966552734,0.4978918731212616,8.570780664740596e-06,0.49417567253112793,0.003716200590133667,-4.108984470367432,0.9864360690116882,0.0016597682842984796,1.0,0.013563930988311768,-2.2261765003204346,0.2722082734107971,0.20796717703342438,0.0,0.2722082734107971,0.31189775466918945,0.04124363884329796,0.0,0.04124363884329796,0.006151157896965742,0.0,0.006151157896965742,1.0,0.0,-19.345895767211914,1784672151.0448046,16.88662838935852,,30.816280005284398,19.685977373921585,1.4054772981554873,,False,1.6821863651275635
140,0.00732419453561306,8.142212664097315e-07,0.007045882288366556,0.004799420479685068,4.235381538819638e-07,0.004932074807584286,0.00030830971081741154,-12.441611289978027,0.7100964188575745,0.0010679570259526372,0.7247219085693359,0.5148802995681763,3.950282552978024e-05,0.5076383352279663,0.016320262104272842,-5.8887224197387695,0.49800997972488403,8.73547287483234e-06,0.49492359161376953,0.003086388111114502,-4.359884738922119,0.9863365292549133,0.0016847507795318961,1.0,0.01366347074508667,-2.218724489212036,0.3152714967727661,0.19864465296268463,0.0,0.3152714967727661,0.36100536584854126,0.044626761227846146,0.0,0.044626761227846146,0.00522463908419013,0.0,0.00522463908419013,1.0,0.0,-19.33253288269043,1784672151.1388514,16.980675220489502,,30.24373328213474,21.22319591002871,0.8337903890137293,,False,1.6821863651275635
141,0.007293069735169411,8.081918281277467e-07,0.008405603468418121,0.004845344927161932,4.208928601201478e-07,0.005917971488088369,0.0015453993109986186,-10.384288787841797,0.7100505232810974,0.0010647437302395701,0.7287279963493347,0.5154428482055664,3.949902020394802e-05,0.5117868185043335,0.019031934440135956,-6.321231842041016,0.49799779057502747,8.886725481715985e-06,0.4958457350730896,0.002152055501937866,-4.635961055755615,0.9862948656082153,0.0017086283769458532,1.0,0.013705134391784668,-2.2121284008026123,0.37950122356414795,0.18466098606586456,0.0,0.37950122356414795,0.46428272128105164,0.04652360826730728,0.0,0.04652360826730728,0.0038106872234493494,0.0,0.0038106872234493494,1.0,0.0,-17.759254455566406,1784672151.2650056,17.106829404830933,,28.09790813186106,22.863691801568347,0.26068952801123046,,False,1.6821863651275635
142,0.007266111671924591,7.945769766593003e-07,0.007126531098037958,0.004886385053396225,4.1193300148734124e-07,0.004995718132704496,0.0001773033000063151,-12.509284019470215,0.7075502872467041,0.0010534983593970537,0.7315215468406677,0.5159799456596375,3.9964073948794976e-05,0.5109833478927612,0.024486470967531204,-6.068631172180176,0.49791666865348816,9.196335668093525e-06,0.4959447383880615,0.0019719302654266357,-4.66799783706665,0.9874289631843567,0.0017615292454138398,1.0,0.01257103681564331,-2.206991672515869,0.45675894618034363,0.16703127324581146,0.0,0.45675894618034363,0.6486713290214539,0.04916088283061981,0.0,0.04916088283061981,0.0026587534230202436,0.0,0.0026587534230202436,1.0,0.0,-19.69818878173828,1784672151.3691213,17.21094512939453,,27.891017307759256,24.688576300848386,0.0,,False,1.6821863651275635
143,0.007286356762051582,7.956155059218872e-07,0.00706099160015583,0.004957967903465033,4.052976407820097e-07,0.004923596046864986,0.0002279712207382545,-12.510143280029297,0.7169549465179443,0.0010247144382447004,0.7352530360221863,0.5148510932922363,3.9255177398445085e-05,0.5111931562423706,0.018660133704543114,-6.342705726623535,0.4991243779659271,8.728394277568441e-06,0.49605146050453186,0.0030729174613952637,-4.364600658416748,0.9768403172492981,0.001745407353155315,1.0,0.023159682750701904,-2.102792739868164,0.536789059638977,0.15360452234745026,0.0,0.536789059638977,0.920187771320343,0.04367757588624954,0.0,0.04367757588624954,0.0013681261334568262,0.0,0.0013681261334568262,1.0,0.0,-19.76660919189453,1784672151.4628255,17.304649353027344,,27.7525468938137,26.784977242427313,0.0,,False,1.6821863651275635
144,0.007346997037529945,8.040827310651366e-07,0.007232247851788998,0.004971352405846119,3.99163212705389e-07,0.005033920519053936,0.00013069868145976216,-12.532760620117188,0.722955584526062,0.001017260830849409,0.7384157776832581,0.5144562721252441,3.8923273677937686e-05,0.5158125162124634,0.015519567765295506,-6.543292999267578,0.49939560890197754,8.596159204898868e-06,0.4963873326778412,0.0030082762241363525,-4.386776924133301,0.9720678925514221,0.001745853922329843,1.0,0.02793210744857788,-2.0328726768493652,0.6122108101844788,0.13200443983078003,0.0,0.6122108101844788,1.3261357545852661,0.03674924746155739,0.0,0.03674924746155739,0.0007456658058799803,0.0,0.0007456658058799803,1.0,0.0,-19.960783004760742,1784672151.5590904,17.400914192199707,,27.808250292734357,29.287326167271164,0.0,,False,1.6821863651275635
145,0.007362703792750835,8.015869070732151e-07,0.007184930611401796,0.004989718087017536,3.9284341823986324e-07,0.005006660241633654,0.00017857867351267487,-12.535308837890625,0.7252393364906311,0.00100926763843745,0.7409012913703918,0.5145667791366577,3.8807291275588796e-05,0.516707181930542,0.015807535499334335,-6.50929069519043,0.49947458505630493,8.53978781378828e-06,0.4965866506099701,0.002887934446334839,-4.428136348724365,0.9697796106338501,0.0017713281558826566,1.0,0.030220389366149902,-1.991281509399414,0.6597638130187988,0.12076763808727264,0.0,0.6597638130187988,1.6641677618026733,0.034304797649383545,0.0,0.034304797649383545,0.0005297892494127154,0.0,0.0005297892494127154,1.0,0.0,-19.95680809020996,1784672151.6656384,17.5074622631073,,27.85997877710423,32.127707099332426,0.0,,False,1.6821863651275635
146,0.007378824055194855,8.028735010157106e-07,0.006367264781147242,0.005008119158446789,3.904739571680693e-07,0.0044096712954342365,0.00117532629519701,-11.461769104003906,0.72727370262146,0.0010077402694150805,0.7433779239654541,0.5147089958190918,3.881394877680577e-05,0.5152236223220825,0.016112443059682846,-6.558422088623047,0.4994109869003296,8.525994417141192e-06,0.49719569087028503,0.0022152960300445557,-4.629458427429199,0.9683120846748352,0.001816358184441924,1.0,0.031687915325164795,-1.9601109027862549,0.692353367805481,0.11309250444173813,0.0,0.692353367805481,1.9484606981277466,0.03277676925063133,0.0,0.03277676925063133,0.00041957630310207605,0.0,0.00041957630310207605,1.0,0.0,-19.023237228393555,1784672151.741054,17.58287787437439,,26.9781363996577,35.25238096771876,0.0,,False,1.6821863651275635
147,0.007400786504149437,8.062910410444601e-07,0.007227286230772734,0.005041375756263733,3.895266331710445e-07,0.005000930745154619,0.00017815202591009438,-12.535932540893555,0.7309325933456421,0.0010045466478914022,0.7468099594116211,0.5146538615226746,3.886194099322893e-05,0.5165706872940063,0.015992652624845505,-6.51873254776001,0.4993026852607727,8.43897487357026e-06,0.4976552426815033,0.0016474425792694092,-4.761580467224121,0.9653119444847107,0.0018568412633612752,1.0,0.03468805551528931,-1.9014930725097656,0.7160426378250122,0.10731413215398788,0.0,0.7160426378250122,2.1918020248413086,0.03061768226325512,0.0,0.03061768226325512,0.00033177988370880485,0.0,0.00033177988370880485,1.0,0.0,-20.131710052490234,1784672151.8473327,17.689156532287598,,27.204766846307848,38.62039616281865,0.0,,False,1.6821863651275635
148,0.007417951710522175,8.083806051217834e-07,0.007493056822568178,0.0050842370837926865,3.890151845098444e-07,0.005189293529838324,0.00012914191756863147,-12.5383882522583,0.7335487604141235,0.0010056454921141267,0.7492649555206299,0.5145837664604187,3.8871501601533964e-05,0.517327070236206,0.015953823924064636,-6.4712018966674805,0.4990430474281311,8.383227395825088e-06,0.4978392720222473,0.001203775405883789,-4.839272975921631,0.9639757871627808,0.0019012622069567442,1.0,0.03602421283721924,-1.8723955154418945,0.7315571308135986,0.10328520834445953,0.0,0.7315571308135986,2.374575138092041,0.029427774250507355,0.0,0.029427774250507355,0.0002857804938685149,0.0,0.0002857804938685149,1.0,0.0,-20.134984970092773,1784672151.94205,17.783873796463013,,27.434672210560535,42.171184471169276,0.0,,False,1.6821863651275635
149,0.007444964721798897,8.074613901953853e-07,0.007719013374298811,0.005060339346528053,3.8642954791612283e-07,0.005323735065758228,0.0003801052225753665,-12.423693656921387,0.7345812320709229,0.0010128807043656707,0.7527260780334473,0.5142714977264404,3.878753705066629e-05,0.5179040431976318,0.018504885956645012,-6.355684757232666,0.4985387325286865,8.38232517708093e-06,0.49804118275642395,0.0004975497722625732,-4.910987377166748,0.9656606316566467,0.0019752727821469307,1.0,0.03433936834335327,-1.8960974216461182,0.7382552623748779,0.10075366497039795,0.9931640625,0.25490880012512207,0.09386241436004639,0.02935963310301304,0.0,0.02935963310301304,0.0002713581488933414,0.0,0.0002713581488933414,1.0,0.0,-19.963735580444336,1784672152.056861,17.89868474006653,,27.493328185164785,43.44126005578791,0.0,,False,1.6821863651275635
150,0.0073766764253377914,8.876326091922238e-07,0.007312380708754063,0.005120113026350737,4.2773422137543093e-07,0.005018449388444424,0.00012028896162519231,-12.44744873046875,0.7400817275047302,0.0010283220326527953,0.7561066746711731,0.5100167393684387,3.955611464334652e-05,0.5182753801345825,0.01802786998450756,-5.683937072753906,0.49618440866470337,8.113485819194466e-06,0.4983433485031128,0.002158939838409424,-4.654813766479492,0.9381452202796936,0.0021354136988520622,1.0,0.061854779720306396,-1.2597607374191284,0.8607569932937622,0.07256721705198288,0.9990234375,0.1382664442062378,-0.2609589695930481,0.018579961732029915,0.0,0.018579961732029915,7.226136949611828e-05,0.0,7.226136949611828e-05,1.0,0.0,-19.322006225585938,1784672152.1510985,17.99292230606079,,26.910254804910636,44.356514256453444,0.0,,False,1.6821863651275635
151,0.007510433904826641,9.258272939405288e-07,0.00642726756632328,0.005069526378065348,4.3998210230711265e-07,0.004428927320986986,0.001258418196812272,-11.326709747314453,0.751459002494812,0.0010701187420636415,0.7578909993171692,0.5114089250564575,4.01697434426751e-05,0.5182521343231201,0.009391490370035172,-6.041089057922363,0.49682220816612244,8.000576599442866e-06,0.49860459566116333,0.0017823874950408936,-4.750517845153809,0.9308586716651917,0.002292381366714835,1.0,0.06914132833480835,-1.0774452686309814,0.8629541397094727,0.0635528415441513,0.990234375,0.12728023529052734,-0.3315483033657074,0.015131098218262196,0.0,0.015131098218262196,6.18810227024369e-05,0.0,6.18810227024369e-05,1.0,0.0,-18.534839630126953,1784672152.234813,18.076636791229248,,25.540014829197503,45.20117912334632,0.0,,False,1.6821863651275635
152,0.0075906505808234215,9.245538876712089e-07,0.0074228220619261265,0.005100006703287363,4.384896215015033e-07,0.005121738649904728,0.00016922969371080399,-12.413293838500977,0.7586287260055542,0.0010798005387187004,0.7607474327087402,0.5114019513130188,3.9862890844233334e-05,0.5189292430877686,0.007819784805178642,-5.9298787117004395,0.4970327317714691,7.780146006552968e-06,0.49878042936325073,0.0017476975917816162,-4.766731262207031,0.9345670938491821,0.002296356949955225,0.9965711236000061,0.062004029750823975,-1.2821903228759766,0.8730208873748779,0.058625295758247375,0.99609375,0.12307286262512207,-0.37017178535461426,0.013849463313817978,0.0,0.013849463313817978,5.32770536665339e-05,0.0,5.32770536665339e-05,1.0,0.0,-19.54056167602539,1784672152.3296928,18.17151665687561,,25.175496899382807,46.00722050825029,0.0,,False,1.6821863651275635
153,0.007651313208043575,9.210110079038714e-07,0.007335934322327375,0.0051202671602368355,4.35642704132988e-07,0.005042579490691423,0.0003248064313083887,-12.37331771850586,0.7642678022384644,0.0010876805754378438,0.7623630166053772,0.5116222500801086,3.9422084228135645e-05,0.5192439556121826,0.007856118492782116,-5.906126022338867,0.4973292946815491,7.573891252832254e-06,0.4987671971321106,0.0014379024505615234,-4.839970588684082,0.9368221163749695,0.002264588139951229,0.982681930065155,0.04585981369018555,-1.6618927717208862,0.8808575868606567,0.0547562800347805,0.98291015625,0.10205256938934326,-0.4383922815322876,0.012593324296176434,0.0,0.012593324296176434,4.6250726882135496e-05,0.0,4.6250726882135496e-05,1.0,0.0,-19.518203735351562,1784672152.4246955,18.26651930809021,,24.788621028894283,46.74504139697659,0.0,,False,1.6821863651275635
154,0.007693735882639885,9.161412890534848e-07,0.008640702813863754,0.005127584561705589,4.3167031549273815e-07,0.00592167628929019,0.0012358512030914426,-11.221660614013672,0.7685809135437012,0.001095026615075767,0.7648215293884277,0.5118536353111267,3.908127109752968e-05,0.5189113616943359,0.007996528409421444,-6.001810073852539,0.49762144684791565,7.414793344651116e-06,0.49875569343566895,0.001134246587753296,-4.900324821472168,0.9355872273445129,0.0022358272690325975,0.9667177796363831,0.031130552291870117,-1.9159104824066162,0.8880972862243652,0.05155531316995621,0.9951171875,0.10701990127563477,-0.45253413915634155,0.011352242901921272,0.0,0.011352242901921272,4.002157220384106e-05,0.0,4.002157220384106e-05,1.0,0.0,-18.4732723236084,1784672152.539791,18.381614923477173,,23.356813746662596,47.46872042807883,0.0,,False,1.6821863651275635
155,0.0076971640810370445,9.169600616587559e-07,0.0076354374177753925,0.0051310621201992035,4.3159954543625645e-07,0.005244961008429527,0.00012954974954482168,-12.42400074005127,0.7704563140869141,0.0011050200555473566,0.7667369246482849,0.5119881629943848,3.939105226891115e-05,0.5193262100219727,0.008226834237575531,-5.94730281829834,0.49790674448013306,7.404835741908755e-06,0.49900978803634644,0.001103043556213379,-4.9055938720703125,0.9302172660827637,0.002228840719908476,0.9572573900222778,0.02704012393951416,-1.9701738357543945,0.8942375183105469,0.048732612282037735,0.9677734375,0.07353591918945312,-0.5362832546234131,0.010609814897179604,0.0,0.010609814897179604,3.593791916500777e-05,0.0,3.593791916500777e-05,1.0,0.0,-19.634639739990234,1784672152.645828,18.487651824951172,,23.086373880812744,48.108650343714004,0.0,,False,1.6821863651275635
156,0.007693813182413578,9.242626219929662e-07,0.00794137828052044,0.005129996687173843,4.344356057117693e-07,0.005430174525827169,0.0003890953666996211,-12.297006607055664,0.7716461420059204,0.0011179221328347921,0.7683970332145691,0.5119760036468506,3.9867030864115804e-05,0.5197482109069824,0.008424008265137672,-5.8629150390625,0.49813205003738403,7.455999821104342e-06,0.4989546537399292,0.000822603702545166,-4.938929080963135,0.9230449199676514,0.0022229047026485205,0.9288402795791626,0.0057953596115112305,-2.1279773712158203,0.8964513540267944,0.04663053900003433,0.9931640625,0.09671270847320557,-0.5135191679000854,0.010491417720913887,0.0,0.010491417720913887,3.458853825577535e-05,0.0,3.458853825577535e-05,0.0,0.0,-19.456804275512695,1784672152.7419212,18.583745002746582,,22.638098550485353,48.7713443460725,0.0,,False,1.6821863651275635
157,0.007628655061125755,9.57399947765225e-07,0.007636275142431259,0.005145309492945671,4.4654515818365326e-07,0.005212784744799137,6.790416227886453e-05,-12.397378921508789,0.7715060710906982,0.0011743269860744476,0.7700065970420837,0.5114409327507019,4.028826151625253e-05,0.5198113918304443,0.008503705263137817,-5.724880218505859,0.4979250431060791,7.516002824559109e-06,0.4988824129104614,0.0009573698043823242,-4.919325828552246,0.87819904088974,0.0024655680172145367,0.9040454626083374,0.025846421718597412,-1.9482544660568237,0.906762957572937,0.0394466258585453,0.9384765625,0.03171360492706299,-0.684716522693634,0.008975030854344368,0.0,0.008975030854344368,2.6407406039652415e-05,0.0,2.6407406039652415e-05,0.0,0.0,-19.436946868896484,1784672152.8495839,18.691407680511475,,22.16996581354175,49.262840993637454,0.0,,False,1.6821863651275635
158,0.0076611898839473724,1.0425902701172163e-06,0.007478578947484493,0.005143837537616491,4.705539708993456e-07,0.0051238806918263435,0.00018369821191299707,-12.317285537719727,0.7743285894393921,0.0012275143526494503,0.7709301114082336,0.5116713643074036,4.088268178747967e-05,0.519993782043457,0.008989565074443817,-5.714112281799316,0.49783775210380554,7.615852609887952e-06,0.4989200234413147,0.0010822713375091553,-4.896800994873047,0.8433411717414856,0.0027500975411385298,0.8783664703369141,0.03502529859542847,-1.8060795068740845,0.9063794612884521,0.03727259114384651,0.94287109375,0.03649163246154785,-0.7079465389251709,0.00796549767255783,0.0,0.00796549767255783,2.3918239094200544e-05,0.0,2.3918239094200544e-05,0.0,0.0,-19.336977005004883,1784672152.944411,18.786234855651855,,21.601863212706547,49.73110762497087,0.0,,False,1.6821863651275635
159,0.007687922567129135,1.1525937679834897e-06,0.007933320477604866,0.005249582231044769,5.065908794676943e-07,0.005428679753094912,0.0003038026625290513,-12.18886947631836,0.7831541299819946,0.0012995472643524408,0.7717733383178711,0.5108668804168701,4.027186514576897e-05,0.5195139646530151,0.014293162152171135,-5.566746711730957,0.497449666261673,7.363260920101311e-06,0.49876052141189575,0.0013108551502227783,-4.873881816864014,0.8052710890769958,0.002989967353641987,0.8607635498046875,0.05549246072769165,-1.4723502397537231,0.9041876792907715,0.033477261662483215,0.9951171875,0.09092950820922852,-0.6560164093971252,0.008192789740860462,0.0,0.008192789740860462,2.436245085846167e-05,0.0,2.436245085846167e-05,0.0,1.0,-19.079208374023438,1784672153.0558233,18.89764714241028,,20.7759919808899,50.25130438583233,0.0,,False,1.6821863651275635
160,0.007849127054214478,1.332467263637227e-06,0.007536060642451048,0.005258520133793354,5.594966978605953e-07,0.005125473719090223,0.00034016455174423754,-12.071878433227539,0.793340802192688,0.001355268293991685,0.7720655798912048,0.5099760890007019,3.899500006809831e-05,0.5190424919128418,0.023126494139432907,-5.319070816040039,0.49755388498306274,7.091010502335848e-06,0.49844133853912354,0.000887453556060791,-4.953869342803955,0.783409595489502,0.0027411887422204018,0.8258007764816284,0.042391180992126465,-1.7029633522033691,0.9180643558502197,0.03427530452609062,0.97705078125,0.05898642539978027,-0.716969907283783,0.006697094067931175,0.0,0.006697094067931175,2.1129804736119695e-05,0.0,2.1129804736119695e-05,0.0,0.0,-18.80406951904297,1784672153.1504683,18.992292165756226,,19.67498189409278,50.71054764880713,0.0,,False,1.6821863651275635
161,0.0077504245564341545,1.3215188801041222e-06,0.0051773954182863235,0.005319221410900354,5.696301741409115e-07,0.003526529762893915,0.003135956358164549,-6.793848037719727,0.7866750955581665,0.001341856550425291,0.7721078395843506,0.5094103813171387,3.9846054278314114e-05,0.5187897682189941,0.017325641587376595,-5.351236343383789,0.4979771375656128,7.325349997699959e-06,0.49841588735580444,0.0004387497901916504,-4.980007171630859,0.7844798564910889,0.0027142157778143883,0.8200390338897705,0.03555917739868164,-1.8027554750442505,0.9266502857208252,0.034018050879240036,0.5,0.4266502857208252,1.9040048122406006,0.00633274344727397,0.0,0.00633274344727397,1.766995046637021e-05,0.0,1.766995046637021e-05,0.0,0.0,-13.564840316772461,1784672153.2352328,19.077056646347046,,13.334742605025156,53.790765631306314,0.0,,False,1.6821863651275635
162,0.0076928893104195595,1.2982033013031469e-06,0.008883635513484478,0.005298309028148651,5.604974830930587e-07,0.006070656236261129,0.0014192945091053843,-11.058382034301758,0.7898191213607788,0.001366848824545741,0.7718901634216309,0.5097535848617554,3.647605262813158e-05,0.5184696912765503,0.019935347139835358,-5.410211563110352,0.49807441234588623,6.76075842420687e-06,0.49828454852104187,0.00021013617515563965,-5.029983043670654,0.7715566158294678,0.0027534961700439453,0.7892204523086548,0.01766383647918701,-1.971846103668213,0.8864541053771973,0.033821847289800644,0.9970703125,0.11061620712280273,-0.5934975147247314,0.006599040236324072,0.0,0.006599040236324072,2.1859250409761444e-05,0.0,2.1859250409761444e-05,0.0,0.0,-17.90154266357422,1784672153.3302984,19.17212224006653,,11.331205662759288,54.37348128684017,0.0,,False,1.6821863651275635
163,0.0076910872012376785,1.4585922372134519e-06,0.008835790678858757,0.0052774567157030106,6.248985187085054e-07,0.006000183988362551,0.0013537653721868992,-11.156864166259766,0.7834223508834839,0.0014036158099770546,0.7712173461914062,0.5091010332107544,4.0802464354783297e-05,0.5179731845855713,0.015088976360857487,-5.482207298278809,0.4980033040046692,7.60997272664099e-06,0.4979393184185028,6.398558616638184e-05,-4.973817825317383,0.7625404596328735,0.002993267495185137,0.7558456659317017,0.006694793701171875,-1.9792696237564087,0.9171569347381592,0.034087490290403366,0.9990234375,0.08186650276184082,-0.6721661686897278,0.00572360260412097,0.0,0.00572360260412097,1.7159958588308655e-05,0.0,1.7159958588308655e-05,0.0,0.0,-18.029539108276367,1784672153.44652,19.288343906402588,,9.455665165195569,54.877528288409025,0.0,,False,1.6821863651275635
164,0.0076387738808989525,1.5160561588345445e-06,0.008789808489382267,0.005254440009593964,6.404801524695358e-07,0.005972325801849365,0.0013565546832978725,-11.153072357177734,0.779143214225769,0.0014222717145457864,0.770258903503418,0.5083035230636597,4.201513002044521e-05,0.5177955627441406,0.013001145794987679,-5.378645896911621,0.4977510869503021,7.953560270834714e-06,0.49756920337677,0.0001818835735321045,-4.94992733001709,0.7480940818786621,0.003119520843029022,0.7244246602058411,0.023669421672821045,-1.8763033151626587,0.924994707107544,0.03454887866973877,0.98828125,0.06328654289245605,-0.7057875394821167,0.005608315579593182,0.0,0.005608315579593182,1.6252501154667698e-05,0.0,1.6252501154667698e-05,0.0,0.0,-17.930953979492188,1784672153.5622702,19.404093980789185,,8.294452442042228,55.34795391918549,0.0,,False,1.6821863651275635
165,0.007610461674630642,1.5831262771826005e-06,0.0074846455827355385,0.005261097103357315,6.643550136686827e-07,0.005093577317893505,0.00020950553880538791,-11.926280975341797,0.7785111665725708,0.0014070349279791117,0.7689329981803894,0.5067588686943054,4.2938303522532806e-05,0.5171881914138794,0.01416022889316082,-5.17393684387207,0.4976120889186859,7.884470505814534e-06,0.4971482455730438,0.00046384334564208984,-4.94272518157959,0.7251230478286743,0.0032229898497462273,0.7006150484085083,0.024507999420166016,-1.8566035032272339,0.9220281839370728,0.03649502620100975,1.0,0.07797181606292725,-0.6530575156211853,0.005366865545511246,0.0,0.005366865545511246,1.5674206224502996e-05,0.0,1.5674206224502996e-05,0.0,0.0,-18.536792755126953,1784672153.6667948,19.508618593215942,,8.662739292755361,55.87110957382289,0.0,,False,1.6821863651275635
166,0.007582995109260082,1.6048454654082889e-06,0.00640981225296855,0.0051942383870482445,6.596015396098664e-07,0.004348692484200001,0.0014461347600445151,-10.978411674499512,0.7737996578216553,0.0014234919799491763,0.7680125832557678,0.5061841011047363,4.341359453974292e-05,0.5167810916900635,0.01207420602440834,-5.156719207763672,0.4972124397754669,8.061564585659653e-06,0.49690699577331543,0.00030544400215148926,-4.939476490020752,0.7100014090538025,0.003345578908920288,0.6903396844863892,0.01966172456741333,-1.87334406375885,0.9244421720504761,0.036865536123514175,1.0,0.07555782794952393,-0.6538707613945007,0.005254979245364666,0.0,0.005254979245364666,1.565073944220785e-05,0.0,1.565073944220785e-05,0.0,0.0,-17.573524475097656,1784672153.7406814,19.582505226135254,,9.994294423497792,56.393451982686976,0.0,,False,1.6821863651275635
167,0.007567320019006729,1.619705585653719e-06,0.007490190677344799,0.005129399709403515,6.496127866739698e-07,0.005076930392533541,9.328431769972667e-05,-11.94824504852295,0.769623875617981,0.001440744148567319,0.7662814259529114,0.5052551627159119,4.3441916204756126e-05,0.5162237882614136,0.01146659068763256,-5.066855430603027,0.4965417683124542,8.155690011335537e-06,0.49655184149742126,1.0073184967041016e-05,-4.939452648162842,0.6958581209182739,0.0034259615931659937,0.6711603403091431,0.02469778060913086,-1.8302247524261475,0.9257164001464844,0.037405796349048615,0.888671875,0.037044525146484375,-0.7056829333305359,0.005226537585258484,0.0,0.005226537585258484,1.5995041394489817e-05,0.0,1.5995041394489817e-05,0.0,0.0,-18.47145652770996,1784672153.8365839,19.678407669067383,,10.427917501627917,56.863982219615025,0.0,,False,1.6821863651275635
168,0.00750396866351366,1.5690586678829277e-06,0.007413575425744057,0.005194575991481543,5.979877073514217e-07,0.005028701853007078,0.0001889051782200113,-11.983879089355469,0.7674045562744141,0.0014350403798744082,0.764876663684845,0.5031269192695618,4.217736204736866e-05,0.5153982639312744,0.012529011815786362,-4.684839725494385,0.4949713349342346,8.066281225183047e-06,0.49609726667404175,0.001125931739807129,-4.86638879776001,0.6767770648002625,0.0033479095436632633,0.6609882712364197,0.015788793563842773,-1.893540859222412,0.9174830913543701,0.038798101246356964,0.9990234375,0.08154034614562988,-0.6200684905052185,0.006276792846620083,0.0,0.006276792846620083,2.0441888409550302e-05,0.0,2.0441888409550302e-05,0.0,0.0,-18.164945602416992,1784672153.9428906,19.784714460372925,,11.168051505051011,57.42012689936839,0.0,,False,1.6821863651275635
169,0.007489067502319813,1.54770668814308e-06,0.008059581741690636,0.005135688930749893,5.857747851223394e-07,0.00544518418610096,0.0006490561063401401,-11.839743614196777,0.7648556232452393,0.0014432438183575869,0.7630274891853333,0.5029377341270447,4.23940182372462e-05,0.5142323970794678,0.011441655457019806,-4.961079120635986,0.49475622177124023,8.127346518449485e-06,0.4956757128238678,0.0009194910526275635,-4.889185905456543,0.6631201505661011,0.003379685338586569,0.6440123319625854,0.019107818603515625,-1.8720327615737915,0.9171301126480103,0.03801065683364868,0.9990234375,0.08189332485198975,-0.6277868747711182,0.00641836179420352,0.0,0.00641836179420352,2.1442514480440877e-05,0.0,2.1442514480440877e-05,0.0,0.0,-18.25320053100586,1784672154.0427892,19.884613037109375,,11.819930579885238,57.96855319485586,0.0,,False,1.6821863651275635
170,0.007486372254788876,1.527584572613705e-06,0.00744779035449028,0.005061319097876549,5.678589332092088e-07,0.005010536406189203,6.37765260762535e-05,-12.04597282409668,0.76198410987854,0.001449241884984076,0.7606606483459473,0.5028277039527893,4.234057996654883e-05,0.5128710269927979,0.010130147449672222,-5.273603439331055,0.4945926368236542,8.136609721987043e-06,0.49507975578308105,0.0004871189594268799,-4.926048755645752,0.6457068920135498,0.003391208127140999,0.6298444271087646,0.015862464904785156,-1.8872475624084473,0.9154369831085205,0.037835024297237396,1.0,0.08456301689147949,-0.6238203048706055,0.006401731166988611,0.0,0.006401731166988611,2.2204831111594103e-05,0.0,2.2204831111594103e-05,0.0,0.0,-18.727880477905273,1784672154.138549,19.9803729057312,,11.99712970782005,58.52094606024384,0.0,,False,1.6821863651275635
171,0.007531354203820229,1.3847052287019324e-06,0.007775146514177322,0.004904530476778746,5.111758696330071e-07,0.0052297175861895084,0.0004064250970259309,-12.025514602661133,0.7630243301391602,0.0014044474810361862,0.7588295936584473,0.5008895993232727,3.948843732359819e-05,0.5120604038238525,0.01193242147564888,-4.929622173309326,0.493145227432251,7.738559361314401e-06,0.4946889877319336,0.0015437602996826172,-4.811727046966553,0.6269208192825317,0.0032059408258646727,0.6208803653717041,0.006040453910827637,-1.946745753288269,0.9065581560134888,0.03706784173846245,1.0,0.09344184398651123,-0.6107885837554932,0.005481265485286713,0.0,0.005481265485286713,2.2580474251299165e-05,0.0,2.2580474251299165e-05,0.0,0.0,-18.375076293945312,1784672154.242758,20.08458185195923,,12.527133019714825,59.08637064674693,0.0,,False,1.6821863651275635
172,0.007509792223572731,1.382932623528177e-06,0.007528647780418396,0.004861114080995321,5.072600401945238e-07,0.005045341793447733,0.00018519011791795492,-12.121313095092773,0.7591917514801025,0.001413030899129808,0.7561681866645813,0.5006720423698425,3.985042712884024e-05,0.5114297866821289,0.011174569837749004,-5.053042888641357,0.4930534362792969,7.878495125623886e-06,0.4941784143447876,0.0011249780654907227,-4.876429557800293,0.6134986281394958,0.0032856320030987263,0.6060481071472168,0.007450520992279053,-1.93171226978302,0.9053146839141846,0.037209831178188324,0.97265625,0.06734156608581543,-0.6657159328460693,0.005271430592983961,0.0,0.005271430592983961,2.23282040678896e-05,0.0,2.23282040678896e-05,0.0,0.0,-18.60196304321289,1784672154.3497326,20.191556453704834,,12.83024958234202,59.596867884159444,0.0,,False,1.6821863651275635
173,0.007486504502594471,1.3926718338552746e-06,0.007391113787889481,0.004833720624446869,5.060016405877832e-07,0.00493248924612999,0.00013731216313317418,-12.13972282409668,0.7555143237113953,0.0014226045459508896,0.7542840838432312,0.5005353093147278,4.0376708057010546e-05,0.5074166059494019,0.006990402936935425,-5.911471843719482,0.49307939410209656,8.068340321187861e-06,0.49349045753479004,0.00041106343269348145,-4.934371471405029,0.5987589359283447,0.00336465029977262,0.5973587036132812,0.0014002323150634766,-1.9279857873916626,0.9048347473144531,0.03746332228183746,0.99609375,0.09125900268554688,-0.612106442451477,0.004998004529625177,0.0,0.004998004529625177,2.1674339222954586e-05,0.0,2.1674339222954586e-05,0.0,0.0,-19.33608627319336,1784672154.4439194,20.285743236541748,,12.399242914988747,60.16097461196655,0.0,,False,1.6821863651275635
174,0.00744625274091959,1.394921810060623e-06,0.007394968066364527,0.004817570094019175,5.004316108170315e-07,0.0049031381495296955,9.975975990528241e-05,-12.14909839630127,0.7503206729888916,0.001417370978742838,0.7515185475349426,0.5006993412971497,4.099802754353732e-05,0.5035816431045532,0.0031213085167109966,-6.390768051147461,0.49339479207992554,8.297452950500883e-06,0.4929538369178772,0.00044095516204833984,-4.919125556945801,0.5782673358917236,0.003378102323040366,0.5890714526176453,0.01080411672592163,-1.909004807472229,0.9083274602890015,0.036482784897089005,0.98095703125,0.07262957096099854,-0.6642237305641174,0.004713333211839199,0.0,0.004713333211839199,2.0229821529937908e-05,0.0,2.0229821529937908e-05,0.0,0.0,-19.721275329589844,1784672154.5385673,20.380391120910645,,11.58304719123899,60.67296405166102,0.0,,False,1.6821863651275635
175,0.007396756671369076,1.35291531933035e-06,0.007373299449682236,0.004802247509360313,4.853040422858612e-07,0.0048927259631454945,9.346973820356652e-05,-12.179354667663574,0.7448602914810181,0.0014011187013238668,0.7494411468505859,0.5002796053886414,4.078710117028095e-05,0.5054866075515747,0.006935207638889551,-6.161077499389648,0.49342814087867737,8.392519703193102e-06,0.4926152229309082,0.000812917947769165,-4.885775566101074,0.5643900632858276,0.0034597557969391346,0.5890861749649048,0.02469611167907715,-1.8261983394622803,0.9061757326126099,0.03566631302237511,0.9990234375,0.09284770488739014,-0.6269837021827698,0.004412377253174782,0.0,0.004412377253174782,1.959258588613011e-05,0.0,1.959258588613011e-05,0.0,0.0,-19.551105499267578,1784672154.6442652,20.48608899116516,,10.937021297811498,61.222193519736834,0.0,,False,1.6821863651275635
176,0.007357382215559483,1.3384258181758923e-06,0.005076176952570677,0.0047622243873775005,4.803811748388398e-07,0.003360327798873186,0.0026775384321808815,-8.208860397338867,0.7394131422042847,0.0014003911055624485,0.7469682097434998,0.4994368851184845,4.1181963752023876e-05,0.5042974948883057,0.008983572013676167,-6.189157009124756,0.49308234453201294,8.614389116701204e-06,0.4921562969684601,0.0009260475635528564,-4.8623247146606445,0.5551091432571411,0.003577358089387417,0.583806037902832,0.028696894645690918,-1.7825262546539307,0.9038691520690918,0.03518332168459892,0.9990234375,0.0951542854309082,-0.6259793639183044,0.0041167545132339,0.0,0.0041167545132339,1.9188608348486014e-05,0.0,1.9188608348486014e-05,0.0,0.0,-15.591348648071289,1784672154.7285123,20.57033610343933,,14.250752255580295,61.772427326077114,0.0,,False,1.6821863651275635
177,0.0073214201256632805,1.3152738347343984e-06,0.01029506977647543,0.0046922191977500916,4.725624762613734e-07,0.006808173842728138,0.0036496378015726805,-4.116682052612305,0.7332135438919067,0.00139075075276196,0.7439513802528381,0.49789419770240784,4.162018376518972e-05,0.49907195568084717,0.010802233591675758,-6.436424255371094,0.4923250079154968,8.884117960406002e-06,0.4907163083553314,0.0016086995601654053,-4.751035690307617,0.5460944175720215,0.0036865731235593557,0.5760437250137329,0.029949307441711426,-1.760938048362732,0.9028431177139282,0.03497393801808357,0.9912109375,0.08836781978607178,-0.6459990739822388,0.003804935375228524,0.0,0.003804935375228524,1.8384836948825978e-05,0.0,1.8384836948825978e-05,0.0,0.0,-11.641339302062988,1784672154.8445964,20.68642020225525,,21.514492559357393,62.30264142235346,0.0,,False,1.6821863651275635
178,0.007242570631206036,1.2962660775883705e-06,0.008496998809278011,0.0046086739748716354,4.6401862618949963e-07,0.005594970658421516,0.0015957352006807923,-10.576621055603027,0.7261122465133667,0.0013820452149957418,0.740567684173584,0.4969427287578583,4.174823698122054e-05,0.4984121322631836,0.01452992856502533,-6.394687652587891,0.4916965663433075,9.099873750528786e-06,0.4897662103176117,0.0019303560256958008,-4.679943084716797,0.5405248999595642,0.0037710354663431644,0.5733949542045593,0.03287005424499512,-1.7280092239379883,0.899530291557312,0.034761711955070496,0.99609375,0.09656345844268799,-0.6265605092048645,0.0037229428999125957,0.0,0.0037229428999125957,1.885390156530775e-05,0.0,1.885390156530775e-05,0.0,0.0,-18.0323429107666,1784672154.9608312,20.80265498161316,,22.387229254430878,62.85229408340718,0.0,,False,1.6821863651275635
179,0.007158532738685608,1.2570388889798778e-06,0.0064062802121043205,0.0044824364595115185,4.497412078308116e-07,0.004187045618891716,0.0008081705309450626,-11.940702438354492,0.7181719541549683,0.001350205042399466,0.7385799884796143,0.4964146316051483,4.1787337977439165e-05,0.4981856346130371,0.02048473432660103,-6.315570831298828,0.49110692739486694,9.317375770478975e-06,0.48952993750572205,0.0015769898891448975,-4.739421367645264,0.5352155566215515,0.003823063801974058,0.5726569294929504,0.037441372871398926,-1.681071162223816,0.8972862958908081,0.03434004634618759,0.9931640625,0.0958777666091919,-0.6329371333122253,0.00363235198892653,0.0,0.00363235198892653,1.908383819682058e-05,0.0,1.908383819682058e-05,0.0,0.0,-19.362871170043945,1784672155.0423427,20.884166479110718,,21.92943769022702,63.39557012035354,0.0,,False,1.6821863651275635
180,0.007135183550417423,1.2211779676363221e-06,0.007260190788656473,0.004434362985193729,4.3849530584338936e-07,0.004717004019767046,0.00030905139283277094,-12.192439079284668,0.7151480913162231,0.0013148117577657104,0.7350690960884094,0.4953451156616211,4.142311081523076e-05,0.49627888202667236,0.0199428778141737,-6.363551139831543,0.4905606806278229,9.346081242256332e-06,0.48884493112564087,0.0017157495021820068,-4.7138495445251465,0.528342068195343,0.003842777805402875,0.567607045173645,0.039264976978302,-1.6612392663955688,0.9003815650939941,0.03411662578582764,0.994140625,0.09375905990600586,-0.6412127017974854,0.0035801816266030073,0.0,0.0035801816266030073,1.817285010474734e-05,0.0,1.817285010474734e-05,0.0,0.0,-19.64020347595215,1784672155.1380067,20.979830503463745,,21.194313820114957,63.930570588814646,0.0,,False,1.6821863651275635
181,0.007107838988304138,1.1895833722519455e-06,0.0075529529713094234,0.004385185427963734,4.286754347049282e-07,0.004855763632804155,0.000647742475848645,-11.972795486450195,0.7121870517730713,0.0012831547064706683,0.7325100898742676,0.4945656657218933,4.0943617932498455e-05,0.49496012926101685,0.02032686583697796,-6.380155086517334,0.49013715982437134,9.365556252305396e-06,0.48835575580596924,0.0017814040184020996,-4.700878620147705,0.5211731195449829,0.003863085526973009,0.5522597432136536,0.031086623668670654,-1.7341275215148926,0.903104305267334,0.033840522170066833,0.98291015625,0.07980585098266602,-0.6800068616867065,0.0035846277605742216,0.0,0.0035846277605742216,1.7642605598666705e-05,0.0,1.7642605598666705e-05,0.0,0.0,-19.427358627319336,1784672155.2429247,21.08474850654602,,20.672034798635707,64.42677689738653,0.0,,False,1.6821863651275635
182,0.007074023596942425,1.1602732001847471e-06,0.007213820703327656,0.004331923555582762,4.192721974050073e-07,0.004608004353940487,0.00030945733305998147,-12.238605499267578,0.7087768316268921,0.0012543522752821445,0.7302618026733398,0.49405670166015625,4.043333319714293e-05,0.4941369891166687,0.021485120058059692,-6.376538276672363,0.48979485034942627,9.391412277182098e-06,0.487652987241745,0.0021418631076812744,-4.624675750732422,0.5133212804794312,0.003867566818371415,0.5189214944839478,0.0056002140045166016,-1.8545717000961304,0.9048995971679688,0.033624716103076935,0.9990234375,0.09412384033203125,-0.6455705761909485,0.003636975074186921,0.0,0.003636975074186921,1.7479122107033618e-05,0.0,1.7479122107033618e-05,0.0,0.0,-19.65217399597168,1784672155.3385925,21.180416345596313,,19.924940408504114,64.95741949145417,0.0,,False,1.6821863651275635
183,0.006829928606748581,1.1289200756436912e-06,0.007127922493964434,0.004302428103983402,4.062185894326831e-07,0.004527893383055925,0.0003736776125151664,-12.265533447265625,0.6932032108306885,0.001227682689204812,0.7238927483558655,0.491361528635025,4.1190247429767624e-05,0.49239712953567505,0.03070700541138649,-6.165484428405762,0.48817870020866394,9.757256520970259e-06,0.4871710240840912,0.001007676124572754,-4.7977776527404785,0.500623345375061,0.0036656365264207125,0.48786988854408264,0.012753456830978394,-1.8632521629333496,0.9010958671569824,0.03277074173092842,1.0,0.09890413284301758,-0.6409215927124023,0.0040528192184865475,0.0,0.0040528192184865475,1.846305895014666e-05,0.0,1.846305895014666e-05,0.0,0.0,-19.596811294555664,1784672155.443475,21.285298824310303,,19.233208719788536,65.49271106900036,0.0,,False,1.6821863651275635
184,0.006766164675354958,1.0890371413552202e-06,0.007107994053512812,0.004215926863253117,3.9338195279015054e-07,0.004478295333683491,0.00043091128463856876,-12.260332107543945,0.6867436170578003,0.0011933750938624144,0.7162750363349915,0.4904073178768158,4.04073616664391e-05,0.4917447566986084,0.029561689123511314,-6.198329448699951,0.487567275762558,9.754449820320588e-06,0.48689526319503784,0.0006720125675201416,-4.826806545257568,0.4889207184314728,0.0035780954640358686,0.4584804177284241,0.030440300703048706,-1.7680398225784302,0.9028812646865845,0.03275229036808014,0.90771484375,0.004833579063415527,-0.7900960445404053,0.004063706379383802,0.0,0.004063706379383802,1.8103091861121356e-05,0.0,1.8103091861121356e-05,0.0,0.0,-19.63239860534668,1784672155.5387373,21.380561113357544,,18.505889720281942,65.87882819471855,0.0,,False,1.6821863651275635
185,0.006706957705318928,1.0577304010439548e-06,0.007025986909866333,0.004131934605538845,3.8245011069193424e-07,0.004384092055261135,0.0004066485271323472,-12.298910140991211,0.6801379323005676,0.0011667505605146289,0.710030734539032,0.48909932374954224,3.9893799112178385e-05,0.49081432819366455,0.02994195744395256,-6.1837358474731445,0.4868282079696655,9.780961590877268e-06,0.4860328435897827,0.0007953643798828125,-4.816258907318115,0.4811457395553589,0.0034903809428215027,0.43722307682037354,0.04392266273498535,-1.63357412815094,0.9009146690368652,0.03309803456068039,0.998046875,0.09713220596313477,-0.642676055431366,0.004068089183419943,0.0,0.004068089183419943,1.771623283275403e-05,0.0,1.771623283275403e-05,0.0,0.0,-19.654027938842773,1784672155.633899,21.475722789764404,,17.756941387279255,66.41236530954578,0.0,,False,1.6821863651275635
186,0.0067012719810009,1.0510045740375062e-06,0.007407015655189753,0.004096299409866333,3.768262217818119e-07,0.004582297056913376,0.000856894301250577,-11.890396118164062,0.677440881729126,0.0011448805453255773,0.7014544606208801,0.48547014594078064,3.99276650568936e-05,0.49047666788101196,0.024529924616217613,-6.046848297119141,0.48480096459388733,9.754877282830421e-06,0.4851023852825165,0.0003014206886291504,-4.845276355743408,0.47871479392051697,0.003369192825630307,0.4278952479362488,0.05081954598426819,-1.544331669807434,0.907940149307251,0.034086525440216064,0.96240234375,0.05446219444274902,-0.7269791960716248,0.003998029511421919,0.0,0.003998029511421919,1.6448344467789866e-05,0.0,1.6448344467789866e-05,0.0,0.0,-19.1505126953125,1784672155.7411163,21.582940101623535,,17.51150829780684,66.86159928373274,0.0,,False,1.6821863651275635
187,0.006636416539549828,1.0239904213449336e-06,0.00698451092466712,0.004032724071294069,3.681674343170016e-07,0.004291931167244911,0.00043400234426371753,-12.31497573852539,0.6711017489433289,0.0011250653769820929,0.6903391480445862,0.48469164967536926,3.9612834370927885e-05,0.49428361654281616,0.02149612456560135,-5.29947566986084,0.4844117760658264,9.804125511436723e-06,0.4850311875343323,0.0006194114685058594,-4.827847957611084,0.47432878613471985,0.003292405279353261,0.4117175042629242,0.06261128187179565,-1.3437942266464233,0.9073963165283203,0.03439028933644295,0.98388671875,0.07649040222167969,-0.6809875965118408,0.0040953196585178375,0.0,0.0040953196585178375,1.6691645214450546e-05,0.0,1.6691645214450546e-05,0.0,0.0,-18.96847915649414,1784672155.8362854,21.678109169006348,,17.448108747152787,67.3568248574795,0.0,,False,1.6821863651275635
188,0.006577841937541962,9.935358775692293e-07,0.006887517403811216,0.003956780768930912,3.580208840503474e-07,0.004183658864349127,0.000383891339879483,-12.374309539794922,0.6639409065246582,0.0010995788034051657,0.6821016669273376,0.48386192321777344,3.941644899896346e-05,0.49470680952072144,0.021152418106794357,-4.997318267822266,0.483944833278656,9.87184375844663e-06,0.4848962426185608,0.0009514093399047852,-4.798126697540283,0.46970874071121216,0.0032125560101121664,0.40578025579452515,0.06392848491668701,-1.315330982208252,0.9081605672836304,0.034438423812389374,0.97998046875,0.07181990146636963,-0.6904640197753906,0.0041226837784051895,0.0,0.0041226837784051895,1.6758138372097164e-05,0.0,1.6758138372097164e-05,0.0,0.0,-18.77122688293457,1784672155.9319186,21.77374243736267,,17.581961470058303,67.8425740079627,0.0,,False,1.6821863651275635
189,0.006513339467346668,9.70821815826639e-07,0.007205625530332327,0.003864622674882412,3.50836785401043e-07,0.00436642300337553,0.0008550225174985826,-11.910463333129883,0.6562113165855408,0.0010797131108120084,0.671795666217804,0.48363950848579407,3.923755866708234e-05,0.4909108877182007,0.01719723641872406,-5.864365577697754,0.4837866425514221,9.970663086278364e-06,0.4840358793735504,0.0002492368221282959,-4.835877895355225,0.46542298793792725,0.0031524517107754946,0.4065987467765808,0.058824241161346436,-1.4120235443115234,0.9079794883728027,0.034490037709474564,0.9658203125,0.057840824127197266,-0.7161034345626831,0.004214585293084383,0.0,0.004214585293084383,1.713668643787969e-05,0.0,1.713668643787969e-05,0.0,0.0,-19.019893646240234,1784672156.0427914,21.884615182876587,,17.467147429658155,68.3026837436586,0.0,,False,1.6821863651275635
190,0.006322192959487438,8.780732514424017e-07,0.006772396620362997,0.0037160073406994343,3.1927800137054874e-07,0.004060245584696531,0.000566730392165482,-12.312503814697266,0.6377383470535278,0.001024820376187563,0.6600112915039062,0.48658832907676697,3.779165126616135e-05,0.4919092655181885,0.022899704053997993,-6.078833103179932,0.4846048653125763,9.555483302392531e-06,0.48343685269355774,0.0011680126190185547,-4.788873195648193,0.46583473682403564,0.0029136748053133488,0.417951762676239,0.04788297414779663,-1.6067802906036377,0.9051754474639893,0.034649092704057693,0.98388671875,0.07871127128601074,-0.672900378704071,0.005082307383418083,0.0,0.005082307383418083,2.0883164324914105e-05,0.0,2.0883164324914105e-05,0.0,0.0,-19.57000732421875,1784672156.139553,21.981376886367798,,16.80221971127949,68.80599653521313,0.0,,False,1.6821863651275635
191,0.00626339390873909,8.534711355423497e-07,0.006561221554875374,0.0036281123757362366,3.110301918241021e-07,0.0038897618651390076,0.00039643634227104485,-12.478767395019531,0.6297590732574463,0.0010020487243309617,0.6520691514015198,0.48587697744369507,3.758790626307018e-05,0.49271661043167114,0.023334955796599388,-5.838748455047607,0.48420101404190063,9.6529356596875e-06,0.48286172747612,0.0013392865657806396,-4.762276649475098,0.4605318307876587,0.0028606646228581667,0.4257870316505432,0.03474479913711548,-1.7984122037887573,0.9085447788238525,0.03509608656167984,0.90478515625,0.003759622573852539,-0.7556929588317871,0.0053291586227715015,0.0,0.0053291586227715015,2.1479190763784572e-05,0.0,2.1479190763784572e-05,0.0,0.0,-19.53090476989746,1784672156.234783,22.07660675048828,,16.176394547222117,69.22651674663993,0.0,,False,1.6821863651275635
192,0.006234081462025642,8.568831049160508e-07,0.00683203712105751,0.0036221304908394814,3.152634633352136e-07,0.004031611140817404,0.0007247243192978203,-12.157470703125,0.6241527795791626,0.0010083531960844994,0.6429975628852844,0.4848674237728119,3.8397447497118264e-05,0.4922478199005127,0.0202384814620018,-5.810214042663574,0.4837685525417328,9.926371603796724e-06,0.4827294647693634,0.0010390877723693848,-4.7868332862854,0.4630211293697357,0.0029463490936905146,0.4345431327819824,0.028477996587753296,-1.8570283651351929,0.9017189741134644,0.03369760885834694,0.9921875,0.09046852588653564,-0.6547845005989075,0.005054801236838102,0.0,0.005054801236838102,2.0808574845432304e-05,0.0,2.0808574845432304e-05,0.0,0.0,-19.199058532714844,1784672156.3398747,22.18169856071472,,15.88241562034736,69.74794541629961,0.0,,False,1.6821863651275635
193,0.006176176480948925,8.396360158258176e-07,0.0064658536575734615,0.0035349102690815926,3.103969561379927e-07,0.0037809053901582956,0.00038003482040949166,-12.502531051635742,0.6155861616134644,0.0009899395518004894,0.6333886981010437,0.4842240512371063,3.8560112443519756e-05,0.4886247515678406,0.018338387832045555,-6.291509628295898,0.4833017885684967,1.0136420314665884e-05,0.48229169845581055,0.0010100901126861572,-4.780421733856201,0.4577963352203369,0.002918057842180133,0.4468986690044403,0.010897666215896606,-1.9791308641433716,0.9071658849716187,0.03382222354412079,0.998046875,0.09088099002838135,-0.6522805690765381,0.005275405012071133,0.0,0.005275405012071133,2.1138874217285775e-05,0.0,2.1138874217285775e-05,0.0,0.0,-19.92595100402832,1784672156.433865,22.275688886642456,,14.861544222159125,70.27187801748167,0.0,,False,1.6821863651275635
194,0.006118977442383766,8.267682574114588e-07,0.006482861004769802,0.0034470907412469387,3.064666032059904e-07,0.0037553603760898113,0.00047690817154943943,-12.428953170776367,0.607302188873291,0.0009756062645465136,0.627025842666626,0.4836537837982178,3.87088512070477e-05,0.4877700209617615,0.020148595795035362,-6.289837837219238,0.48294180631637573,1.0345434930059128e-05,0.48171550035476685,0.0012263059616088867,-4.747863292694092,0.4538775384426117,0.0029086931608617306,0.4525878429412842,0.0012896955013275146,-2.0008013248443604,0.9097222089767456,0.03395621478557587,0.99609375,0.0863715410232544,-0.6625551581382751,0.00552197452634573,0.0,0.00552197452634573,2.1650044800480828e-05,0.0,2.1650044800480828e-05,0.0,0.0,-19.834754943847656,1784672156.5380425,22.379866361618042,,13.931868884151555,70.78553602960199,0.0,,False,1.6821863651275635
195,0.006078674457967281,8.227022476603452e-07,0.006414711941033602,0.0033766916021704674,3.0541221462954127e-07,0.0036695897579193115,0.00044576957589015365,-12.459182739257812,0.600639820098877,0.0009677289635874331,0.6185846328735352,0.4831799268722534,3.9006859879009426e-05,0.48760730028152466,0.018482908606529236,-6.290652275085449,0.4826299250125885,1.057529698300641e-05,0.48151320219039917,0.001116722822189331,-4.7505950927734375,0.45065879821777344,0.002918786136433482,0.4611121416091919,0.010453343391418457,-1.9806363582611084,0.9106625318527222,0.033910080790519714,0.9990234375,0.08836090564727783,-0.6579601168632507,0.005680786911398172,0.0,0.005680786911398172,2.2039053874323145e-05,0.0,2.2039053874323145e-05,0.0,0.0,-19.867002487182617,1784672156.6322556,22.474079370498657,,12.969946002809024,71.30378908299733,0.0,,False,1.6821863651275635
196,0.006040932610630989,8.1205826063524e-07,0.006224315147846937,0.0033025217708200216,3.020203962478263e-07,0.0035147906746715307,0.00028051246772520244,-12.585054397583008,0.5940592288970947,0.0009563142666593194,0.6143043041229248,0.4826563000679016,3.923662006855011e-05,0.4878951907157898,0.020911935716867447,-6.147242069244385,0.4823392629623413,1.0770164408313576e-05,0.48129597306251526,0.0010432898998260498,-4.749896049499512,0.44819650053977966,0.0029281845781952143,0.46215903759002686,0.013962537050247192,-1.9644588232040405,0.9121835231781006,0.03372723236680031,0.990234375,0.07805085182189941,-0.6854744553565979,0.005790660623461008,0.0,0.005790660623461008,2.210232378274668e-05,0.0,2.210232378274668e-05,0.0,0.0,-19.877796173095703,1784672156.7263706,22.56819438934326,,11.997229435553407,71.79452779789932,0.0,,False,1.6821863651275635
197,0.005999129265546799,8.012872285689809e-07,0.007542598992586136,0.003223925130441785,2.985984792758245e-07,0.004238178953528404,0.0018468918278813362,-9.48361873626709,0.5872464179992676,0.0009451116202399135,0.6058502793312073,0.4821755588054657,3.945855496567674e-05,0.4874061346054077,0.01932517997920513,-6.184575080871582,0.4820571541786194,1.097391577786766e-05,0.4812576472759247,0.0007995069026947021,-4.761931896209717,0.4452005624771118,0.002935197902843356,0.46113061904907227,0.01593005657196045,-1.9533233642578125,0.9127743244171143,0.03347261995077133,0.8857421875,0.027032136917114258,-0.768659770488739,0.00587721960619092,0.0,0.00587721960619092,2.2189842638908885e-05,0.0,2.2189842638908885e-05,0.0,0.0,-16.812244415283203,1784672156.8559349,22.697758674621582,,14.09006462611029,72.20208119766917,0.0,,False,1.6821863651275635
198,0.005977660417556763,8.165670237758604e-07,0.0061247930862009525,0.003211338073015213,3.0386172511498444e-07,0.003428081749007106,0.0002619653532747179,-12.583990097045898,0.5838034152984619,0.0009561159531585872,0.5994876623153687,0.4817977547645569,4.013904617750086e-05,0.4865427613258362,0.01638629660010338,-6.290912628173828,0.48199355602264404,1.1229956726310775e-05,0.4808309078216553,0.0011626482009887695,-4.719339370727539,0.446197509765625,0.0030093607492744923,0.4577818512916565,0.011584341526031494,-1.9617786407470703,0.9058048725128174,0.03301924094557762,0.97900390625,0.07319903373718262,-0.7052578926086426,0.005699045490473509,0.0,0.005699045490473509,2.214097185060382e-05,0.0,2.214097185060382e-05,0.0,0.0,-19.976390838623047,1784672156.9496658,22.791489601135254,,13.01875339332733,72.67303647531912,0.0,,False,1.6821863651275635
199,0.005947605706751347,8.066617738222703e-07,0.006439965683966875,0.0031482521444559097,3.014764615727472e-07,0.0035515394993126392,0.0006364425062201917,-12.2645902633667,0.5784306526184082,0.0009457612759433687,0.5930626392364502,0.48112809658050537,4.041560896439478e-05,0.4855068325996399,0.01527312584221363,-6.35164213180542,0.4815390706062317,1.1425135198805947e-05,0.48060229420661926,0.0009367763996124268,-4.732504367828369,0.44331544637680054,0.003014227608218789,0.45609360933303833,0.012778162956237793,-1.9561823606491089,0.9103670120239258,0.032625120133161545,0.98388671875,0.07351970672607422,-0.7095606327056885,0.005659039132297039,0.0,0.005659039132297039,2.1552401449298486e-05,0.0,2.1552401449298486e-05,0.0,0.0,-19.712156295776367,1784672157.0544975,22.896321296691895,,12.21167670339105,73.13968901287203,0.0,,False,1.6821863651275635
200,0.005908485502004623,7.971521540639515e-07,0.0061014750972390175,0.003090046113356948,2.986182892072975e-07,0.003339128801599145,0.000315098644932732,-12.568038940429688,0.573175311088562,0.0009376449161209166,0.5867295861244202,0.480741411447525,4.061051004100591e-05,0.4860939383506775,0.014572848565876484,-6.253230571746826,0.48129802942276,1.1590784197323956e-05,0.4803391695022583,0.000958859920501709,-4.724050045013428,0.4410228729248047,0.0030201030895113945,0.45467302203178406,0.01365014910697937,-1.9514460563659668,0.9113640785217285,0.03238017112016678,0.939453125,0.028089046478271484,-0.7839827537536621,0.005668819881975651,0.0,0.005668819881975651,2.1332210963009857e-05,0.0,2.1332210963009857e-05,0.0,0.0,-19.932647705078125,1784672157.1487272,22.990550994873047,,11.18410860415301,73.53191942937696,0.0,,False,1.6821863651275635
201,0.0057076578959822655,7.590870723106491e-07,0.007028491701930761,0.0030149805825203657,2.910618377427454e-07,0.0037973392754793167,0.0015351504553109407,-10.53194808959961,0.5570112466812134,0.0009077974245883524,0.5793139934539795,0.4805271327495575,4.106985579710454e-05,0.4857133626937866,0.022897806018590927,-6.113064765930176,0.4810081124305725,1.206519482366275e-05,0.48014816641807556,0.0008599460124969482,-4.713007926940918,0.4345279633998871,0.0029435502365231514,0.44472047686576843,0.010192513465881348,-1.9774843454360962,0.9064353704452515,0.031984440982341766,0.9853515625,0.07891619205474854,-0.7049582004547119,0.006608656141906977,0.0,0.006608656141906977,2.3865242837928236e-05,0.0,2.3865242837928236e-05,0.0,0.0,-17.77890396118164,1784672157.2645943,23.106418132781982,,12.310284248811456,74.00317439918084,0.0,,False,1.6821863651275635
202,0.005669779144227505,7.510826094403455e-07,0.006157031748443842,0.0029677755665034056,2.890573398417473e-07,0.0032906371634453535,0.000584512366913259,-12.402959823608398,0.5524961948394775,0.0009010095964185894,0.5725850462913513,0.4802102744579315,4.12711851822678e-05,0.4851652979850769,0.0206909216940403,-6.194393157958984,0.48076748847961426,1.2228462765051518e-05,0.48013412952423096,0.0006333589553833008,-4.720531463623047,0.43206167221069336,0.002941643353551626,0.4441992938518524,0.012137621641159058,-1.970414161682129,0.9085433483123779,0.03176720812916756,0.9873046875,0.07876133918762207,-0.7080842852592468,0.006589965429157019,0.0,0.006589965429157019,2.3504713681177236e-05,0.0,2.3504713681177236e-05,0.0,0.0,-19.718740463256836,1784672157.3693068,23.211130619049072,,11.496623391394706,74.47130328418018,0.0,,False,1.6821863651275635
203,0.005636570043861866,7.474553171959997e-07,0.005889703053981066,0.0029216716066002846,2.8805771989937057e-07,0.0031240624375641346,0.0003240962396375835,-12.631507873535156,0.5483988523483276,0.0008973035146482289,0.5669302344322205,0.4800012409687042,4.155242277192883e-05,0.4847787618637085,0.019137315452098846,-6.248451232910156,0.48062625527381897,1.2417465768521652e-05,0.4801776707172394,0.00044858455657958984,-4.72116231918335,0.43050748109817505,0.0029499197844415903,0.4287278354167938,0.0017796456813812256,-1.9935133457183838,0.908991813659668,0.03165318816900253,0.984375,0.07538318634033203,-0.7177557945251465,0.0065964702516794205,0.0,0.0065964702516794205,2.3294418497243896e-05,0.0,2.3294418497243896e-05,0.0,0.0,-19.990848541259766,1784672157.4640832,23.305907011032104,,10.410854455975027,74.92976065991363,0.0,,False,1.6821863651275635
204,0.005602749064564705,7.401827701869479e-07,0.005970041733235121,0.0028725864831358194,2.8575601618285873e-07,0.0031270470935851336,0.00044682668522000313,-12.549945831298828,0.5442996025085449,0.0008912221528589725,0.5612332224845886,0.47974440455436707,4.1656869143480435e-05,0.4844065308570862,0.017563682049512863,-6.294843673706055,0.4804244637489319,1.2556671208585612e-05,0.47977304458618164,0.0006514191627502441,-4.706793308258057,0.4276812672615051,0.0029380989726632833,0.4268476963043213,0.0008335709571838379,-1.9959393739700317,0.9089092016220093,0.03159702941775322,0.98291015625,0.07400095462799072,-0.7217515707015991,0.006640112493187189,0.0,0.006640112493187189,2.3317799787037075e-05,0.0,2.3317799787037075e-05,0.0,0.0,-19.939218521118164,1784672157.5588682,23.400691986083984,,9.37671554069695,75.38422225947062,0.0,,False,1.6821863651275635
205,0.005572574213147163,7.362465339610935e-07,0.005830835551023483,0.002836339408531785,2.8469196422520326e-07,0.0030418760143220425,0.0003300669777672738,-12.639410972595215,0.5408807396888733,0.0008880111272446811,0.5526151657104492,0.47955629229545593,4.1735976992640644e-05,0.4841257929801941,0.012592739425599575,-6.3897809982299805,0.4802878797054291,1.267391417059116e-05,0.47968995571136475,0.0005979239940643311,-4.704939365386963,0.4257306158542633,0.002932029776275158,0.41705912351608276,0.008671492338180542,-1.9842686653137207,0.9088599681854248,0.0316324383020401,0.9921875,0.0833275318145752,-0.6980951428413391,0.006653798744082451,0.0,0.006653798744082451,2.3231899831444025e-05,0.0,2.3231899831444025e-05,0.0,0.0,-20.10370635986328,1784672157.664206,23.506029844284058,,8.178088786673754,75.86234028688787,0.0,,False,1.6821863651275635
206,0.005538475699722767,7.346780535044672e-07,0.005775882862508297,0.0027894596569240093,2.8442934763006633e-07,0.0029794019646942616,0.00030403988785110414,-12.658649444580078,0.5372068881988525,0.0008866025018505752,0.5437944531440735,0.47930654883384705,4.1778417653404176e-05,0.4844282865524292,0.00834435224533081,-6.379327774047852,0.4800827205181122,1.2792580491804983e-05,0.47980180382728577,0.000280916690826416,-4.711299896240234,0.4227610230445862,0.002918078564107418,0.4083785116672516,0.014382511377334595,-1.964032530784607,0.9092189073562622,0.031757157295942307,0.9990234375,0.08980453014373779,-0.6789031028747559,0.0067543457262218,0.0,0.0067543457262218,2.3464175683329813e-05,0.0,2.3464175683329813e-05,0.0,0.0,-20.117761611938477,1784672157.759086,23.60090970993042,,6.965406780575364,76.35965035427171,0.0,,False,1.6821863651275635
207,0.005093589425086975,6.329227062451537e-07,0.004989209584891796,0.0026351693086326122,2.580023874543258e-07,0.0025349606294184923,0.0001446959940949455,-12.85566234588623,0.5068987011909485,0.0007965759141370654,0.5386021137237549,0.4806073009967804,4.210347105981782e-05,0.4844709038734436,0.031937967985868454,-5.959244728088379,0.4794369339942932,1.3745035175816156e-05,0.47958487272262573,0.00014793872833251953,-4.6776814460754395,0.4048576354980469,0.0026981132104992867,0.4027356207370758,0.0021220147609710693,-2.0378284454345703,0.8959337472915649,0.03202448785305023,0.994140625,0.09820687770843506,-0.6511071920394897,0.01067151315510273,0.0,0.01067151315510273,3.489083974272944e-05,0.0,3.489083974272944e-05,0.0,0.0,-19.961898803710938,1784672157.8425179,23.68434166908264,,5.908587582704513,76.88475633249081,0.0,,False,1.6821863651275635
208,0.005047758109867573,6.336472893053724e-07,0.0056014577858150005,0.0025884706992655993,2.593529870864586e-07,0.0028012068942189217,0.0005931610357947648,-12.55137825012207,0.5025960206985474,0.0007978785433806479,0.5291845202445984,0.48045068979263306,4.204029755783267e-05,0.4844169616699219,0.026882700622081757,-6.13722562789917,0.47936999797821045,1.3875181139155757e-05,0.4795302450656891,0.0001602470874786377,-4.672840118408203,0.40100136399269104,0.0026867431588470936,0.39560502767562866,0.005396336317062378,-2.0353550910949707,0.8961138725280762,0.03227195888757706,0.99609375,0.09997987747192383,-0.6429688334465027,0.011006119661033154,0.0,0.011006119661033154,3.603503500926308e-05,0.0,3.603503500926308e-05,0.0,0.0,-19.797578811645508,1784672157.937797,23.779620885849,,5.016088376899091,77.4180006693029,0.0,,False,1.6821863651275635
209,0.005009056534618139,6.318257987913967e-07,0.0037253627087920904,0.0025505097582936287,2.599801405267499e-07,0.0018641569186002016,0.0014556613750755787,-10.670732498168945,0.49886900186538696,0.0007976975757628679,0.5223531723022461,0.48034441471099854,4.193644781480543e-05,0.485138475894928,0.02396850474178791,-6.148983001708984,0.4793115258216858,1.3959665920992848e-05,0.4803369641304016,0.0010254383087158203,-4.633067607879639,0.397568941116333,0.0026750799734145403,0.39229923486709595,0.0052697062492370605,-2.037759304046631,0.8962037563323975,0.03236018493771553,0.99609375,0.09988999366760254,-0.6423035860061646,0.011305376887321472,0.0,0.011305376887321472,3.704021582962014e-05,0.0,3.704021582962014e-05,0.0,0.0,-17.906452178955078,1784672158.0328672,23.874691009521484,,6.0147158037840995,77.95191025355533,0.0,,False,1.6821863651275635
210,0.004968911409378052,6.325722665678768e-07,0.00765661196783185,0.0024969985242933035,2.6152832788284286e-07,0.0037881259340792894,0.002981735160574317,-3.980355978012085,0.49467846751213074,0.0007983844843693078,0.5126067996025085,0.4802098870277405,4.194564826320857e-05,0.4863353371620178,0.018945876508951187,-6.119594573974609,0.4792214632034302,1.4103963621892035e-05,0.480864018201828,0.0016425549983978271,-4.569942474365234,0.39371761679649353,0.002665783977136016,0.3868107795715332,0.006906837224960327,-2.0357425212860107,0.8961046934127808,0.03255753591656685,0.9990234375,0.10291874408721924,-0.6307647228240967,0.011766891926527023,0.0,0.011766891926527023,3.8514866901095957e-05,0.0,3.8514866901095957e-05,0.0,0.0,-11.161003112792969,1784672158.1496968,23.991520643234253,,13.758792296831217,78.49735870098982,0.0,,False,1.6821863651275635
211,0.004931248724460602,6.356655717354442e-07,0.006224609445780516,0.002470470732077956,2.63808061617965e-07,0.0030113731045275927,0.0014019120717421174,-11.00014591217041,0.49146074056625366,0.0008037490188144147,0.5032380223274231,0.4802272319793701,4.1843792132567614e-05,0.4861004948616028,0.013160530477762222,-6.267541885375977,0.47923940420150757,1.414859161741333e-05,0.48051369190216064,0.0012742877006530762,-4.606625080108643,0.3910727798938751,0.0026609720662236214,0.3879777789115906,0.003095000982284546,-2.0437934398651123,0.8956007957458496,0.0326366126537323,0.9912109375,0.09561014175415039,-0.6521750688552856,0.012050287798047066,0.0,0.012050287798047066,3.968280361732468e-05,0.0,3.968280361732468e-05,0.0,0.0,-18.31749153137207,1784672158.2647533,24.106577157974243,,14.346380371299233,79.02139680239313,0.0,,False,1.6821863651275635
212,0.004887508228421211,6.343709628708893e-07,0.0052099390886723995,0.0024320785887539387,2.650408816862182e-07,0.002512142760679126,0.00033222269848920405,-12.77509593963623,0.4875388741493225,0.0008061824482865632,0.4968552589416504,0.4802853465080261,4.1765510104596615e-05,0.4857732653617859,0.010812598280608654,-6.351059913635254,0.4792766571044922,1.4217226635082625e-05,0.48120471835136414,0.0019280612468719482,-4.530853271484375,0.3884318768978119,0.0026570847257971764,0.3854897618293762,0.002942115068435669,-2.0446953773498535,0.8950190544128418,0.03258616849780083,0.97607421875,0.0810551643371582,-0.6921864748001099,0.012395319528877735,0.0,0.012395319528877735,4.100505611859262e-05,0.0,4.100505611859262e-05,0.0,0.0,-20.121370315551758,1784672158.3589053,24.20072913169861,,13.130089661587562,79.50542349785161,0.0,,False,1.6821863651275635
213,0.0048331464640796185,5.850768047821475e-07,0.0053825341165065765,0.002315982710570097,2.5232418465748196e-07,0.002582876943051815,0.0006107858498580754,-12.53506851196289,0.4774383008480072,0.0007771129021421075,0.4881598949432373,0.4847182035446167,4.0604860259918496e-05,0.4857604503631592,0.010772133246064186,-6.710559368133545,0.480825275182724,1.4082756024436094e-05,0.4815780520439148,0.0007527768611907959,-4.646222114562988,0.38626909255981445,0.0026446152478456497,0.3928986191749573,0.006629526615142822,-2.0403671264648438,0.8909040689468384,0.032686516642570496,0.984375,0.09347093105316162,-0.657812237739563,0.014984503388404846,0.0,0.014984503388404846,4.9099966417998075e-05,0.0,4.9099966417998075e-05,0.0,0.0,-20.226627349853516,1784672158.4649286,24.3067524433136,,11.808541917574132,80.02382443037064,0.0,,False,1.6821863651275635
214,0.004799186252057552,5.874844646314159e-07,0.005158460699021816,0.0022878465242683887,2.547283486364904e-07,0.002435530535876751,0.000388443935662508,-12.774696350097656,0.4744274616241455,0.0007810565875843167,0.48214301466941833,0.4846528172492981,4.0623173845233396e-05,0.48542994260787964,0.007754590827971697,-6.749598503112793,0.48084160685539246,1.4180692232912406e-05,0.48129066824913025,0.00044906139373779297,-4.655766010284424,0.3844013810157776,0.0026519373059272766,0.38526666164398193,0.0008652806282043457,-2.0471529960632324,0.8911658525466919,0.03268548101186752,0.9970703125,0.1059044599533081,-0.6199027299880981,0.015263479202985764,0.0,0.015263479202985764,4.991277091903612e-05,0.0,4.991277091903612e-05,0.0,0.0,-20.50225830078125,1784672158.5598545,24.401678323745728,,10.211363222632968,80.58013487064113,0.0,,False,1.6821863651275635
215,0.00476197712123394,5.899321422475623e-07,0.005059733055531979,0.002263312228024006,2.577123439095885e-07,0.002370282309129834,0.00031638771179132164,-12.82211971282959,0.47096118330955505,0.0007852283306419849,0.47408971190452576,0.48451149463653564,4.084785541635938e-05,0.48210132122039795,0.003949256613850594,-6.7123823165893555,0.480796754360199,1.4351230674947146e-05,0.48105186223983765,0.0002551078796386719,-4.654631614685059,0.3823030889034271,0.0026630726642906666,0.3816460072994232,0.0006570816040039062,-2.0451178550720215,0.8914918899536133,0.032663505524396896,0.97705078125,0.08555889129638672,-0.679753303527832,0.01554958987981081,0.0,0.01554958987981081,5.059147588326596e-05,0.0,5.059147588326596e-05,1.0,0.0,-20.51934242248535,1784672158.6537304,24.495554208755493,,8.597100405987703,81.07659473737189,0.0,,False,1.6821863651275635
216,0.004782344214618206,5.655113000102574e-07,0.004243753384798765,0.002216228051111102,2.5085495281018666e-07,0.0019717346876859665,0.0005914871580898762,-12.578463554382324,0.47104448080062866,0.0007799598970450461,0.46837759017944336,0.48592713475227356,3.991868288721889e-05,0.4824315309524536,0.00439676595851779,-6.646978378295898,0.48160120844841003,1.403341502737021e-05,0.48185327649116516,0.00025206804275512695,-4.665832042694092,0.38373130559921265,0.0026962317060679197,0.37766334414482117,0.0060679614543914795,-2.0321834087371826,0.8986999988555908,0.03136152774095535,0.9990234375,0.10032343864440918,-0.6516842246055603,0.013295819982886314,0.0,0.013295819982886314,4.0246926801046357e-05,0.0,4.0246926801046357e-05,1.0,0.0,-20.228961944580078,1784672158.758954,24.600777864456177,,7.273218067247711,81.60112368302492,0.0,,False,1.6821863651275635
217,0.004724959842860699,5.667507707585173e-07,0.005007052328437567,0.0021804780699312687,2.5486423282927717e-07,0.0023107307497411966,0.0003107119700871408,-12.841575622558594,0.4665743112564087,0.000790103804320097,0.46052661538124084,0.48655837774276733,3.997527528554201e-05,0.47925370931625366,0.00948329083621502,-6.10688591003418,0.48194026947021484,1.4201274098013528e-05,0.48261213302612305,0.0006718635559082031,-4.6462578773498535,0.38018083572387695,0.0027366590220481157,0.3784366250038147,0.0017442107200622559,-2.0310146808624268,0.9050765037536621,0.031374331563711166,0.998046875,0.09297037124633789,-0.6741963624954224,0.013308318331837654,0.0,0.013308318331837654,3.8665715692332014e-05,0.0,3.8665715692332014e-05,1.0,0.0,-20.050214767456055,1784672158.8562617,24.69808554649353,,6.128082905631743,82.10314049078809,0.0,,False,1.6821863651275635
218,0.004682596307247877,5.685227506546653e-07,0.00508531229570508,0.0021509830839931965,2.5827426952673704e-07,0.0023436853662133217,0.00044644635636359453,-12.722334861755371,0.46266859769821167,0.000799942878074944,0.4537142217159271,0.4871821105480194,3.985730290878564e-05,0.4798929691314697,0.011546099558472633,-6.076071739196777,0.48221927881240845,1.4299869690148626e-05,0.48261213302612305,0.0003928542137145996,-4.653295040130615,0.3768453598022461,0.002761600539088249,0.3080461919307709,0.06879916787147522,-1.1700443029403687,0.9096393585205078,0.031364813446998596,0.9873046875,0.07766532897949219,-0.7159385681152344,0.013555255718529224,0.0,0.013555255718529224,3.8253292586887255e-05,0.0,3.8253292586887255e-05,1.0,0.0,-19.909839630126953,1784672158.9614954,24.803319215774536,,5.123322881344876,82.56341509293145,0.0,,False,1.6821863651275635
219,0.004579273983836174,5.803528893011389e-07,0.005266911815851927,0.002092165406793356,2.696384342470992e-07,0.0024114621337503195,0.0007581531535834074,-12.308601379394531,0.4534605145454407,0.0008187777129933238,0.4484981298446655,0.48755943775177,4.076646291650832e-05,0.48126357793807983,0.008016427978873253,-6.268601894378662,0.4821811318397522,1.4951227967685554e-05,0.48301878571510315,0.0008376538753509521,-4.612954616546631,0.36966273188591003,0.002818459877744317,0.3722551465034485,0.002592414617538452,-2.0156514644622803,0.9104741811752319,0.03128925710916519,0.998046875,0.08757269382476807,-0.6907520294189453,0.015132874250411987,0.0,0.015132874250411987,4.1821149352472275e-05,0.0,4.1821149352472275e-05,1.0,0.0,-19.629959106445312,1784672159.0453594,24.88718318939209,,4.39844338073965,83.0488762337711,0.0,,False,1.6821863651275635
220,0.0045203231275081635,5.870077188774303e-07,0.0048363711684942245,0.0020549437031149864,2.761471478152089e-07,0.0022088109981268644,0.000351513153873384,-12.759454727172852,0.44844990968704224,0.0008351700380444527,0.44000551104545593,0.48808029294013977,4.063289816258475e-05,0.4800260365009308,0.011669572442770004,-5.9205780029296875,0.4825085997581482,1.5085022823768668e-05,0.48297253251075745,0.00046393275260925293,-4.624831676483154,0.36617976427078247,0.002856241073459387,0.36747896671295166,0.0012992024421691895,-2.00989031791687,0.9143767356872559,0.03136909008026123,0.9990234375,0.08464670181274414,-0.6978217959403992,0.015668140724301338,0.0,0.015668140724301338,4.234316656948067e-05,0.0,4.234316656948067e-05,1.0,0.0,-19.808334350585938,1784672159.1416273,24.98345112800598,,3.4951886359937987,83.52726760808929,0.0,,False,1.6821863651275635
221,0.0044642966240644455,5.909678861826251e-07,0.0045909034088253975,0.002016671933233738,2.8174659405522107e-07,0.0020848894491791725,0.00014381553046405315,-12.852184295654297,0.44340357184410095,0.0008489902247674763,0.4335348308086395,0.4884289801120758,4.078648271388374e-05,0.47874751687049866,0.013824716210365295,-5.545035362243652,0.4826379418373108,1.5315470591303892e-05,0.48182904720306396,0.0008088946342468262,-4.603024005889893,0.36279183626174927,0.002892995486035943,0.3632415235042572,0.00044968724250793457,-2.0037577152252197,0.9166930913925171,0.03123517706990242,0.998046875,0.08135378360748291,-0.7082213759422302,0.016409896314144135,0.0,0.016409896314144135,4.350529707153328e-05,0.0,4.350529707153328e-05,1.0,0.0,-19.589723587036133,1784672159.236677,25.078500747680664,,2.810544654797752,83.99525940240565,0.0,,False,1.6821863651275635
222,0.0043903738260269165,5.970945267108618e-07,0.004575841128826141,0.0019502373179420829,2.902160929352249e-07,0.0020593367516994476,0.00021517621644306928,-12.804726600646973,0.43589580059051514,0.0008656203281134367,0.42821434140205383,0.48894843459129333,4.111001544515602e-05,0.4789983034133911,0.012570200487971306,-5.499553680419922,0.48291274905204773,1.5706977137597278e-05,0.4813762307167053,0.0015365183353424072,-4.536609649658203,0.35818004608154297,0.002967823063954711,0.3581666946411133,1.33514404296875e-05,-1.9910248517990112,0.9181060791015625,0.03127511963248253,0.947265625,0.0291595458984375,-0.7999341487884521,0.017555512487888336,0.0,0.017555512487888336,4.548835568130016e-05,0.0,4.548835568130016e-05,1.0,0.0,-19.472673416137695,1784672159.3429942,25.184818029403687,,2.242950844500143,84.37153842387579,0.0,,False,1.6821863651275635
223,0.004330204799771309,6.078723799873842e-07,0.005506740417331457,0.0019009874667972326,2.99587384233746e-07,0.002440250711515546,0.001294233719818294,-11.205269813537598,0.4300025403499603,0.0008833289612084627,0.42193686962127686,0.4891473650932312,4.145460479776375e-05,0.4781888723373413,0.013606748543679714,-5.238226890563965,0.48301753401756287,1.6072599464678206e-05,0.48199012875556946,0.0010274052619934082,-4.5674214363098145,0.35393720865249634,0.0030361090321093798,0.3555489778518677,0.0016117691993713379,-1.9792230129241943,0.9179860353469849,0.03141642361879349,1.0,0.08201396465301514,-0.7042231559753418,0.018452491611242294,0.0,0.018452491611242294,4.7485118557233363e-05,0.0,4.7485118557233363e-05,1.0,0.0,-17.679561614990234,1784672159.4392884,25.28111219406128,,3.468468835349995,84.84352843815904,0.0,,False,1.6821863651275635
224,0.004277718253433704,6.146955229269224e-07,0.0037431770469993353,0.001867591985501349,3.0704791242897045e-07,0.0016448645619675517,0.0005790870636701584,-12.498122215270996,0.42511528730392456,0.0008986739558167756,0.41487017273902893,0.4892269968986511,4.175182039034553e-05,0.480529248714447,0.013439240865409374,-5.746944904327393,0.4830426275730133,1.638644971535541e-05,0.48248782753944397,0.0005548000335693359,-4.581197261810303,0.3503910005092621,0.0030965039040893316,0.34916502237319946,0.001225978136062622,-1.9695595502853394,0.920133113861084,0.031222712248563766,0.998046875,0.07791376113891602,-0.71715247631073,0.01922556199133396,0.0,0.01922556199133396,4.888747207587585e-05,0.0,4.888747207587585e-05,1.0,0.0,-19.386276245117188,1784672159.534877,25.37670087814331,,2.987272196072894,85.3025891321069,0.0,,False,1.6821863651275635
225,0.0042142681777477264,6.234458851395175e-07,0.004443604499101639,0.001810130081139505,3.170588342982228e-07,0.0019389850785955787,0.0002630565722938627,-12.7198486328125,0.41862455010414124,0.0009183842339552939,0.40993961691856384,0.48941636085510254,4.22918819822371e-05,0.48138412833213806,0.011829827912151814,-5.890206336975098,0.48317787051200867,1.6899073671083897e-05,0.4828290641307831,0.00034880638122558594,-4.571587562561035,0.34572190046310425,0.003198018530383706,0.3427843153476715,0.0029375851154327393,-1.9523242712020874,0.9215564727783203,0.031057823449373245,0.98828125,0.06672477722167969,-0.7453378438949585,0.020158536732196808,0.0,0.020158536732196808,5.0488430133555084e-05,0.0,5.0488430133555084e-05,1.0,0.0,-19.71780776977539,1784672159.6396077,25.481431484222412,,2.1745440321375895,85.73346445847054,0.0,,False,1.6821863651275635
226,0.004128085449337959,6.336919113891781e-07,0.004384361207485199,0.001729299547150731,3.2973554198179045e-07,0.0019119983771815896,0.0003147318202536553,-12.658025741577148,0.4087851941585541,0.0009427752811461687,0.40314391255378723,0.48964595794677734,4.3462256144266576e-05,0.48207390308380127,0.009442460723221302,-5.990787506103516,0.4832245111465454,1.79298767761793e-05,0.48291486501693726,0.0003096461296081543,-4.542908668518066,0.34248751401901245,0.0033667234238237143,0.332161545753479,0.010325968265533447,-1.9121339321136475,0.9214142560958862,0.031183935701847076,0.9970703125,0.07565605640411377,-0.7232121229171753,0.022826001048088074,0.0,0.022826001048088074,5.5374373914673924e-05,0.0,5.5374373914673924e-05,1.0,0.0,-19.722110748291016,1784672159.7340267,25.57585048675537,,1.3575128896866602,86.18646550581195,0.0,,False,1.6821863651275635
227,0.00407009944319725,6.427286507459939e-07,0.004333761986345053,0.001674319850280881,3.4077339705618215e-07,0.0018744205590337515,0.00033099582651630044,-12.624088287353516,0.40201571583747864,0.0009662790689617395,0.3983139097690582,0.4897408187389374,4.414958675624803e-05,0.48313039541244507,0.007576348725706339,-6.145142555236816,0.48319655656814575,1.8667507902137004e-05,0.48310598731040955,9.056925773620605e-05,-4.525204658508301,0.3373449742794037,0.0035190144553780556,0.3186935782432556,0.01865139603614807,-1.8564207553863525,0.9232566356658936,0.031119760125875473,1.0,0.07674336433410645,-0.7213905453681946,0.024370145052671432,0.0,0.024370145052671432,5.789715578430332e-05,0.0,5.789715578430332e-05,1.0,0.0,-19.802804946899414,1784672159.8390872,25.68091106414795,,0.4597875486273324,86.64128813070235,0.0,,False,1.6821863651275635
228,0.003979915753006935,6.528091489599319e-07,0.004379055928438902,0.0016122841043397784,3.550854330569564e-07,0.0018864148296415806,0.00048421125393360853,-12.480730056762695,0.3942217230796814,0.0009943905752152205,0.3923770487308502,0.48997166752815247,4.450510459719226e-05,0.4848802387714386,0.005415299907326698,-6.335823059082031,0.48321443796157837,1.9335704564582556e-05,0.483245313167572,3.0875205993652344e-05,-4.507815361022949,0.32822516560554504,0.0036894974764436483,0.31207942962646484,0.0161457359790802,-1.8468660116195679,0.9245133399963379,0.03107210248708725,0.9990234375,0.07451009750366211,-0.7274472713470459,0.025990448892116547,0.0,0.025990448892116547,6.182256765896454e-05,0.0,6.182256765896454e-05,1.0,0.0,-19.80329704284668,1784672159.935323,25.777146816253662,,0.0,87.0900540296139,0.0,,False,1.6821863651275635
229,0.003912231884896755,6.582048399650375e-07,0.005302572622895241,0.0015715225599706173,3.654384386209131e-07,0.0022558625787496567,0.0015496349660679698,-10.580891609191895,0.3887801766395569,0.001014973153360188,0.3865092992782593,0.4902348518371582,4.473274384508841e-05,0.4851517379283905,0.005567308980971575,-6.324626922607422,0.48323124647140503,1.9822069589281455e-05,0.4834831953048706,0.00025194883346557617,-4.493817329406738,0.320622980594635,0.003808126086369157,0.3028563857078552,0.017766594886779785,-1.8249260187149048,0.9250422716140747,0.031010206788778305,0.998046875,0.07300460338592529,-0.731846809387207,0.027305856347084045,0.0,0.027305856347084045,6.527364166686311e-05,0.0,6.527364166686311e-05,1.0,0.0,-17.887500762939453,1784672160.0443032,25.88612699508667,,1.0175788429006332,87.53442039048528,0.0,,False,1.6821863651275635
230,0.0038530626334249973,6.623940862482414e-07,0.0034936482552438974,0.0015397780807688832,3.7455862411661656e-07,0.0014745212392881513,0.00036529049975797534,-12.571390151977539,0.38410598039627075,0.0010331956436857581,0.37933602929115295,0.49044299125671387,4.496643305174075e-05,0.48603031039237976,0.006498014088720083,-6.376944541931152,0.48319512605667114,2.0289342501200736e-05,0.4836001396179199,0.0004050135612487793,-4.479726314544678,0.3135528564453125,0.003916146699339151,0.2887428104877472,0.024810045957565308,-1.7737951278686523,0.9248884916305542,0.030984628945589066,0.99609375,0.0712052583694458,-0.7363757491111755,0.02854819782078266,0.0,0.02854819782078266,6.864199531264603e-05,0.0,6.864199531264603e-05,1.0,0.0,-19.912809371948242,1784672160.1481423,25.98996615409851,,0.009849076792477263,87.9742578116327,0.0,,False,1.6821863651275635
231,0.0037856248673051596,6.660771418864897e-07,0.004766419529914856,0.0015024885069578886,3.8492979115289927e-07,0.0020067463628947735,0.0011028300505131483,-11.605758666992188,0.3789677619934082,0.0010523427044972777,0.37137746810913086,0.4906728267669678,4.525218901108019e-05,0.48948797583580017,0.0076822154223918915,-6.549236297607422,0.4831443428993225,2.085619416902773e-05,0.48410651087760925,0.0009621679782867432,-4.4477972984313965,0.30434274673461914,0.0040511637926101685,0.27348729968070984,0.030855447053909302,-1.7179325819015503,0.9237316846847534,0.03103979118168354,0.9990234375,0.07529175281524658,-0.7259883284568787,0.030159275978803635,0.0,0.030159275978803635,7.322606688831002e-05,0.0,7.322606688831002e-05,1.0,0.0,-19.069046020507812,1784672160.26293,26.104753732681274,,0.0,88.42448265343441,0.0,,False,1.6821863651275635
232,0.0037258907686918974,6.702089763166441e-07,0.00405484763905406,0.0014723981730639935,3.9447417066185153e-07,0.0016913488507270813,0.00039516075048595667,-12.501322746276855,0.3742046356201172,0.001070602796971798,0.36549779772758484,0.4907996654510498,4.5815737394150347e-05,0.49067917466163635,0.00870767142623663,-6.5417680740356445,0.48301032185554504,2.155243964807596e-05,0.48417457938194275,0.001164257526397705,-4.422125816345215,0.29605555534362793,0.004185011610388756,0.2646442949771881,0.03141126036643982,-1.7013033628463745,0.9224511384963989,0.031089313328266144,0.97412109375,0.051669955253601074,-0.7735697627067566,0.03212761506438255,0.0,0.03212761506438255,7.81924172770232e-05,0.0,7.81924172770232e-05,1.0,0.0,-19.94580078125,1784672160.3587341,26.200557947158813,,0.04072117540991371,88.82712606098625,0.0,,False,1.6821863651275635
233,0.0036262287758290768,6.743662197550293e-07,0.0034305015578866005,0.0014316757442429662,4.0600625084152853e-07,0.0014215025585144758,0.0001959914225153625,-12.596786499023438,0.3675023913383484,0.0010924412636086345,0.3595750629901886,0.4908831715583801,4.6892440877854824e-05,0.4911850690841675,0.007933074608445168,-6.525886058807373,0.4826611578464508,2.282219793414697e-05,0.4843868613243103,0.001725703477859497,-4.359704971313477,0.28448399901390076,0.004422661382704973,0.2573853135108948,0.02709868550300598,-1.7085484266281128,0.9195016622543335,0.03124283067882061,0.9951171875,0.0756155252456665,-0.7225397825241089,0.03795168921351433,0.0,0.03795168921351433,8.91518866410479e-05,0.0,8.91518866410479e-05,1.0,0.0,-19.99734878540039,1784672160.4433255,26.285149335861206,,0.13299035497021805,89.28079944872073,0.0,,False,1.6821863651275635
234,0.003561763558536768,6.737797093592235e-07,0.003932045307010412,0.0014013362815603614,4.121373819998553e-07,0.0016204224666580558,0.0004302409943193197,-12.458280563354492,0.36276811361312866,0.0011080971453338861,0.35260722041130066,0.4910065829753876,4.738267671200447e-05,0.49219417572021484,0.01023005973547697,-6.481835842132568,0.4824370741844177,2.3615448299096897e-05,0.4852505922317505,0.0028135180473327637,-4.2402663230896,0.27439194917678833,0.00462248595431447,0.24996358156204224,0.024428367614746094,-1.7049245834350586,0.9181865453720093,0.031486641615629196,0.9970703125,0.07888376712799072,-0.7113432884216309,0.04204697161912918,0.0,0.04204697161912918,9.597539610695094e-05,0.0,9.597539610695094e-05,1.0,0.0,-19.76388168334961,1784672160.5385056,26.380329370498657,,0.0,89.74566933055769,0.0,,False,1.6821863651275635
235,0.003499813610687852,6.720247824887338e-07,0.003845666069537401,0.0013727437471970916,4.162727691436885e-07,0.0015803453279659152,0.00040337617974728346,-12.473808288574219,0.35807883739471436,0.0011229794472455978,0.3448842763900757,0.4911690652370453,4.800616079592146e-05,0.49200940132141113,0.013221293687820435,-6.445228576660156,0.4821823537349701,2.451217733323574e-05,0.4854060411453247,0.0032236874103546143,-4.177252292633057,0.26432251930236816,0.00485510379076004,0.242506742477417,0.021815776824951172,-1.6959108114242554,0.9167143106460571,0.031750112771987915,0.9990234375,0.08230912685394287,-0.6993016600608826,0.0476459302008152,0.0,0.0476459302008152,0.00010383757762610912,0.0,0.00010383757762610912,1.0,0.0,-19.718618392944336,1784672160.6446424,26.4864661693573,,0.0,90.2225808407554,0.0,,False,1.6821863651275635
236,0.0034345092717558146,6.68798861624964e-07,0.0037371558137238026,0.0013425651704892516,4.187081970030704e-07,0.0015236897161230445,0.0003527053049765527,-12.506406784057617,0.35329753160476685,0.0011374204186722636,0.3396904766559601,0.49140962958335876,4.859308319282718e-05,0.4916999042034149,0.013610150665044785,-6.435376167297363,0.4819101393222809,2.5467163141001947e-05,0.4854210913181305,0.0035109519958496094,-4.128108024597168,0.25314247608184814,0.005138979759067297,0.2330392599105835,0.02010321617126465,-1.677190899848938,0.9151300191879272,0.03212524950504303,0.9951171875,0.07998716831207275,-0.7005398273468018,0.05506299063563347,0.0,0.05506299063563347,0.00011250132229179144,0.0,0.00011250132229179144,1.0,0.0,-19.71876335144043,1784672160.739553,26.581376791000366,,0.0,90.69825418366719,0.0,,False,1.6821863651275635
237,0.0033779768273234367,6.648319299529248e-07,0.0037270751781761646,0.0013198049273341894,4.1939514972000325e-07,0.0015146733494475484,0.0003998041502200067,-12.479288101196289,0.34895122051239014,0.0011502215638756752,0.3337366282939911,0.49168989062309265,4.9392929213354364e-05,0.4923674762248993,0.015229673124849796,-6.398601531982422,0.4815736711025238,2.6577781682135537e-05,0.485287070274353,0.0037133991718292236,-4.089364051818848,0.24159951508045197,0.005474519450217485,0.22259369492530823,0.019005820155143738,-1.6518956422805786,0.9130102396011353,0.032593511044979095,0.998046875,0.08503663539886475,-0.6819520592689514,0.06517592072486877,0.0,0.06517592072486877,0.0001228904875461012,0.0,0.0001228904875461012,1.0,0.0,-19.642850875854492,1784672160.8443162,26.686140060424805,,0.0,91.19251529465683,0.0,,False,1.6821863651275635
238,0.0033210134133696556,6.600800475098367e-07,0.003758922917768359,0.0012957742437720299,4.191894618088554e-07,0.0015276802005246282,0.0004955250769853592,-12.410639762878418,0.34442776441574097,0.0011630755616351962,0.32803669571876526,0.49212127923965454,5.031049295212142e-05,0.4938790500164032,0.016485050320625305,-6.342909812927246,0.4812268018722534,2.7851663617184386e-05,0.4852140247821808,0.003987222909927368,-4.039966583251953,0.22854448854923248,0.005859011318534613,0.21775618195533752,0.010788306593894958,-1.6410162448883057,0.910908579826355,0.033129893243312836,1.0,0.08909142017364502,-0.6649308204650879,0.07825034856796265,0.0,0.07825034856796265,0.0001346920180367306,0.0,0.0001346920180367306,1.0,0.0,-19.50495147705078,1784672160.9291973,26.771021127700806,,0.0,91.70379764445033,0.0,,False,1.6821863651275635
239,0.0032710933592170477,6.563443548657233e-07,0.0037702806293964386,0.0012762823607772589,4.1883060930558713e-07,0.0015122367767617106,0.0005521434941329062,-12.36701774597168,0.3404897153377533,0.001175601384602487,0.32162004709243774,0.49271613359451294,5.123671144247055e-05,0.4939696490764618,0.01891125738620758,-6.307864665985107,0.48091503977775574,2.9164011721150018e-05,0.4848926365375519,0.003977596759796143,-4.031102657318115,0.21464955806732178,0.006252757739275694,0.19290253520011902,0.02174702286720276,-1.580609917640686,0.908599853515625,0.03386218845844269,1.0,0.091400146484375,-0.6504369378089905,0.09345046430826187,0.0,0.09345046430826187,0.0001473409793106839,0.0,0.0001473409793106839,1.0,0.0,-19.42885971069336,1784672161.0540736,26.895897388458252,,0.0,92.22957387689993,0.0,,False,1.6821863651275635
240,0.003221119288355112,6.555995355483901e-07,0.003460233099758625,0.0012526095379143953,4.207098811548349e-07,0.0013775109546259046,0.0002697698655538261,-12.55949592590332,0.33617228269577026,0.0011926087317988276,0.31526198983192444,0.4935072660446167,5.2271061576902866e-05,0.49248161911964417,0.020935431122779846,-6.264087677001953,0.48060762882232666,3.0677874747198075e-05,0.4854954183101654,0.004887789487838745,-3.887669324874878,0.19841115176677704,0.0066291214898228645,0.1797720193862915,0.018639132380485535,-1.5629991292953491,0.9060031175613403,0.03485669568181038,0.9931640625,0.08716094493865967,-0.6503413915634155,0.10993588715791702,0.0,0.10993588715791702,0.00016134936595335603,0.0,0.00016134936595335603,1.0,0.0,-19.51460075378418,1784672161.1488054,26.990629196166992,,0.0,92.75544565559511,0.0,,False,1.6821863651275635
241,0.003173244185745716,6.365647777784034e-07,0.003455935511738062,0.0012072534300386906,4.099416628378094e-07,0.0013675340451300144,0.0003249680739827454,-12.555234909057617,0.3322294354438782,0.0011807555565610528,0.3115372359752655,0.4937598705291748,5.26281728525646e-05,0.4939000606536865,0.020692674443125725,-6.277554988861084,0.4801585078239441,3.158106846967712e-05,0.4859471023082733,0.005788594484329224,-3.7320330142974854,0.18576166033744812,0.006713153328746557,0.1573677361011505,0.028393924236297607,-1.5228573083877563,0.9074361324310303,0.03412197530269623,0.986328125,0.07889199256896973,-0.6787668466567993,0.122967429459095,0.0,0.122967429459095,0.00017085697618313134,0.0,0.00017085697618313134,1.0,0.0,-19.443294525146484,1784672161.2432866,27.085110425949097,,0.0,93.2528919791969,0.0,,False,1.6821863651275635
242,0.003112544072791934,6.377305226124008e-07,0.00339334923774004,0.0011785509996116161,4.145441323544219e-07,0.00133238872513175,0.0003201836661901325,-12.552474975585938,0.3269294798374176,0.0012013056548312306,0.3044825494289398,0.49442723393440247,5.349378625396639e-05,0.49479591846466064,0.022449957206845284,-6.2312822341918945,0.4797280728816986,3.3242646168218926e-05,0.48547956347465515,0.005751490592956543,-3.739351511001587,0.16698336601257324,0.0069808438420295715,0.13671407103538513,0.03026929497718811,-1.4977295398712158,0.9049783945083618,0.03555291146039963,0.9111328125,0.006154417991638184,-0.7488954663276672,0.1371774673461914,0.0,0.1371774673461914,0.00018417717365082353,0.0,0.00018417717365082353,1.0,0.0,-19.407176971435547,1784672161.3396008,27.181424617767334,,0.0,93.68020968312783,0.0,,False,1.6821863651275635
243,0.003041972639039159,6.447853593272157e-07,0.003970507998019457,0.0011439449153840542,4.2426799495842715e-07,0.0015568708768114448,0.0010162114631384611,-11.756226539611816,0.32072848081588745,0.0012303240364417434,0.29673874378204346,0.4954083263874054,5.458577652461827e-05,0.4947689473628998,0.023998254910111427,-6.182600975036621,0.47937750816345215,3.5298664442962036e-05,0.4855211079120636,0.00614359974861145,-3.6722586154937744,0.14588963985443115,0.007199806161224842,0.118509441614151,0.02738019824028015,-1.495849847793579,0.9015607833862305,0.03733804076910019,0.96533203125,0.06377124786376953,-0.6704739332199097,0.14953848719596863,0.0,0.14953848719596863,0.00019931250426452607,0.0,0.00019931250426452607,1.0,0.0,-18.538436889648438,1784672161.4652276,27.307051420211792,,0.3666427161916488,94.18594892016651,0.0,,False,1.6821863651275635
244,0.0029648388735949993,6.564232535311021e-07,0.0032270841766148806,0.0011032389011234045,4.375503692699567e-07,0.0012583367060869932,0.00030467676697298884,-12.521516799926758,0.314602255821228,0.001262592151761055,0.2910110652446747,0.4966438412666321,5.5224554671440274e-05,0.4949418008327484,0.023652510717511177,-6.154842376708984,0.47930896282196045,3.713202750077471e-05,0.48522260785102844,0.005913645029067993,-3.7106733322143555,0.1263832002878189,0.007323054131120443,0.10953429341316223,0.016848906874656677,-1.5200425386428833,0.9019640684127808,0.03930623084306717,0.97705078125,0.07508671283721924,-0.6275284886360168,0.1559026837348938,0.0,0.1559026837348938,0.0002071879425784573,0.0,0.0002071879425784573,1.0,0.0,-19.30072784423828,1784672161.5693693,27.411193132400513,,0.0,94.73463360178908,0.0,,False,1.6821863651275635
245,0.0028612229507416487,6.833594738964166e-07,0.0031444020569324493,0.0010709783528000116,4.616231876752863e-07,0.001227605389431119,0.00032360845943912864,-12.469259262084961,0.30902329087257385,0.0013129492290318012,0.2829168736934662,0.4982018768787384,5.60764892725274e-05,0.4952183663845062,0.026276346296072006,-6.035344123840332,0.47950440645217896,3.913250475306995e-05,0.4855014681816101,0.005997061729431152,-3.695814371109009,0.1079888641834259,0.007409985642880201,0.09215864539146423,0.01583021879196167,-1.5166155099868774,0.90299391746521,0.04218827560544014,0.9970703125,0.09407639503479004,-0.5589766502380371,0.15863889455795288,0.0,0.15863889455795288,0.00021279865177348256,0.0,0.00021279865177348256,1.0,0.0,-19.145442962646484,1784672161.6649134,27.506737232208252,,0.0,95.35187012180964,0.0,,False,1.6821863651275635
246,0.002808653051033616,6.897114417370176e-07,0.0030644480139017105,0.0010699015110731125,4.703945819528599e-07,0.0011998374247923493,0.0002869048621505499,-12.475086212158203,0.30549174547195435,0.001332064624875784,0.2769117057323456,0.4982623755931854,5.658360896632075e-05,0.4958649277687073,0.02868041954934597,-6.0051422119140625,0.4793602228164673,4.006612653029151e-05,0.4858000874519348,0.006439864635467529,-3.6260082721710205,0.10295093059539795,0.007479368709027767,0.05744364857673645,0.0455072820186615,-1.39042329788208,0.9043692350387573,0.0428323820233345,0.8701171875,0.034252047538757324,-0.6425966620445251,0.1570042073726654,0.0,0.1570042073726654,0.00021303314133547246,0.0,0.00021303314133547246,1.0,0.0,-19.09220314025879,1784672161.759322,27.60114574432373,,0.0,95.8854866300237,0.0,,False,1.6821863651275635
247,0.002730473643168807,7.031598556750396e-07,0.002963431179523468,0.0010551046580076218,4.87414240524231e-07,0.0011536870151758194,0.0002529578923713416,-12.46448040008545,0.2995535433292389,0.0013686547754332423,0.2680761516094208,0.4983273446559906,5.783880260423757e-05,0.4949079751968384,0.03166256844997406,-5.874966144561768,0.4791335463523865,4.1887898987624794e-05,0.48309576511383057,0.003962218761444092,-3.9339232444763184,0.09570086002349854,0.007597960997372866,0.04607781767845154,0.049623042345047,-1.358952522277832,0.9013569355010986,0.04379216209053993,0.9951171875,0.09376025199890137,-0.5448400378227234,0.1542021781206131,0.0,0.1542021781206131,0.00021956134878564626,0.0,0.00021956134878564626,1.0,0.0,-19.13141441345215,1784672161.8648748,27.706698656082153,,0.0,96.51685976245957,0.0,,False,1.6821863651275635
248,0.002656999509781599,7.110891715456091e-07,0.00298340548761189,0.0010450482368469238,4.984468660040875e-07,0.0011628622887656093,0.0003470173105597496,-12.407403945922852,0.29481229186058044,0.0013918461045250297,0.26024314761161804,0.49834492802619934,5.808013884234242e-05,0.4920445680618286,0.035138584673404694,-5.556511402130127,0.4790459871292114,4.290470315027051e-05,0.48291805386543274,0.0038720667362213135,-3.9346024990081787,0.09067767858505249,0.00771152600646019,0.050250351428985596,0.040427327156066895,-1.4076119661331177,0.9039077758789062,0.04450090229511261,0.98095703125,0.07704925537109375,-0.5704824924468994,0.14993950724601746,0.0,0.14993950724601746,0.00021547902724705637,0.0,0.00021547902724705637,1.0,0.0,-18.819913864135742,1784672161.95934,27.801163911819458,,0.0851657417043441,97.12259044027127,0.0,,False,1.6821863651275635
249,0.0008045986178331077,2.088369797093037e-07,0.0008679876918904483,-4.838220775127411e-06,1.7878181779451552e-07,0.0003042024909518659,0.0003154747828375548,-13.344805717468262,0.09006848931312561,0.00048501367564313114,0.079738087952137,0.5310348272323608,0.00012234198220539838,0.5118893980979919,0.02175464667379856,-4.874074935913086,0.5160952806472778,0.00013026535452809185,0.5139908790588379,0.0021044015884399414,-3.537031888961792,0.9647367596626282,0.0037423335015773773,1.0,0.035263240337371826,-1.708945393562317,0.31753048300743103,0.0018631129059940577,0.33000001311302185,0.01246953010559082,-2.182086706161499,0.6449695229530334,1.0,0.35503047704696655,0.012571381404995918,0.0,0.012571381404995918,0.0,2.0,-19.012582778930664,1784672162.0438805,27.885704278945923,,0.0,96.11671690436836,0.0,,False,1.6821863651275635
250,0.0008613427635282278,2.0674117706676043e-07,0.0006221726653166115,4.835892468690872e-07,1.7376673611124716e-07,0.00021822490089107305,0.00032344029750674963,-13.366032600402832,0.09341828525066376,0.0004790321982000023,0.08486995100975037,0.5308944582939148,0.0001195602017105557,0.5163677930831909,0.016855208203196526,-5.541065692901611,0.5159019827842712,0.00012458949640858918,0.5129235982894897,0.002978384494781494,-3.5407044887542725,0.9663029909133911,0.003707373049110174,1.0,0.03369700908660889,-1.7266380786895752,0.31766530871391296,0.0018257249612361193,0.33000001311302185,0.012334704399108887,-2.1922836303710938,0.6668127775192261,1.0,0.3331872224807739,0.013436082750558853,0.0,0.013436082750558853,0.0,2.0,-19.569236755371094,1784672162.137976,27.97979974746704,,0.0,95.10064644425586,0.0,,False,1.6821863651275635
251,0.0008851487655192614,2.0398029221269098e-07,0.0010177780641242862,6.2747858464717865e-06,1.703616732129376e-07,0.00035776483127847314,0.000375680421711877,-13.251700401306152,0.09465503692626953,0.00047369091771543026,0.08821841329336166,0.5308565497398376,0.00011812838056357577,0.518889844417572,0.013587942346930504,-5.861609935760498,0.5158238410949707,0.00012189843982923776,0.5123434066772461,0.0034804344177246094,-3.537536144256592,0.9677626490592957,0.003642588621005416,1.0,0.032237350940704346,-1.7459396123886108,0.3176800608634949,0.001802706508897245,0.33000001311302185,0.012319952249526978,-2.1981964111328125,0.6793233752250671,1.0,0.32067662477493286,0.013930129818618298,0.0,0.013930129818618298,0.0,2.0,-19.70975685119629,1784672162.2358723,28.077696084976196,,0.0,94.07866320338164,0.0,,False,1.6821863651275635
252,0.0009141750633716583,2.0137584044732648e-07,0.0013671148335561156,1.303013414144516e-05,1.6683898707015032e-07,0.0004804784257430583,0.0006508934893645346,-12.510059356689453,0.09627693891525269,0.0004691092763096094,0.09297727793455124,0.5307445526123047,0.00011640074080787599,0.5196690559387207,0.011556573212146759,-5.985176086425781,0.5156057476997375,0.00011890668974956498,0.5109162330627441,0.004689514636993408,-3.5071730613708496,0.9688204526901245,0.003597020637243986,1.0,0.03117954730987549,-1.759751558303833,0.31751304864883423,0.0017846922855824232,0.33000001311302185,0.012486964464187622,-2.201632261276245,0.6939103007316589,1.0,0.30608969926834106,0.014612745493650436,0.0,0.014612745493650436,0.0,2.0,-19.051786422729492,1784672162.340446,28.18226981163025,,0.0,93.05324411236398,0.0,,False,1.6821863651275635
253,0.0009500030428171158,1.9881407808952645e-07,0.001041621551848948,2.0987819880247116e-05,1.6335492603047896e-07,0.0003674166218843311,0.0003583390498533845,-13.302793502807617,0.0981585830450058,0.00046399515122175217,0.09644255042076111,0.530471920967102,0.00011477254884084687,0.5193647146224976,0.011238985694944859,-5.99559211730957,0.5151791572570801,0.00011597896082093939,0.5098920464515686,0.005287110805511475,-3.491600751876831,0.9701626896858215,0.003548132488504052,1.0,0.029837310314178467,-1.7762730121612549,0.31706732511520386,0.0017710041720420122,0.33000001311302185,0.012932687997817993,-2.2019453048706055,0.7082439064979553,1.0,0.2917560935020447,0.015361366793513298,0.0,0.015361366793513298,0.0,2.0,-19.845067977905273,1784672162.4361098,28.277933597564697,,0.0,92.02751197775197,0.0,,False,1.6821863651275635
254,0.0009830030612647533,1.9682836693846184e-07,0.0011035912903025746,3.156997263431549e-05,1.6031921745707223e-07,0.0003888251958414912,0.0003770581097342074,-13.270646095275879,0.10022599995136261,0.0004604304558597505,0.10157635807991028,0.5300581455230713,0.0001132042525568977,0.5189200043678284,0.011219699867069721,-5.997035980224609,0.5146527886390686,0.00011313400318613276,0.5090218186378479,0.005630970001220703,-3.484396457672119,0.9710561633110046,0.003519573947414756,1.0,0.02894383668899536,-1.7867568731307983,0.317004531621933,0.0017612766241654754,0.33000001311302185,0.012995481491088867,-2.203976631164551,0.7212954759597778,1.0,0.27870452404022217,0.016153592616319656,0.0,0.016153592616319656,0.0,2.0,-19.810474395751953,1784672162.539626,28.381449699401855,,0.0,90.99974851684601,0.0,,False,1.6821863651275635
255,0.0010186255676671863,1.94125433949921e-07,0.0011389211285859346,4.2691826820373535e-05,1.5698473987413308e-07,0.00040227954741567373,0.0003791758790612221,-13.273955345153809,0.10237732529640198,0.00045498277177102864,0.10539273172616959,0.5295222997665405,0.00011181870650034398,0.5186157822608948,0.01131568755954504,-6.01717472076416,0.5140424966812134,0.00011048254964407533,0.5081486701965332,0.005893826484680176,-3.4791810512542725,0.9724814891815186,0.0034703684505075216,1.0,0.027518510818481445,-1.8037039041519165,0.31692203879356384,0.001750091090798378,0.33000001311302185,0.013077974319458008,-2.2062408924102783,0.7326034307479858,1.0,0.26739656925201416,0.016829639673233032,0.0,0.016829639673233032,0.0,2.0,-19.827285766601562,1784672162.636321,28.478144884109497,,0.0,89.96972079469433,0.0,,False,1.6821863651275635
256,0.001054329564794898,1.9130922623844526e-07,0.0012448690831661224,5.737459287047386e-05,1.5360477334525058e-07,0.0004412258858792484,0.00042854069033637643,-13.166751861572266,0.10501068830490112,0.0004495789762586355,0.11006579548120499,0.52867192029953,0.0001103100148611702,0.5181416273117065,0.011680803261697292,-6.040794372558594,0.5132308602333069,0.00010756913980003446,0.5072710514068604,0.005959808826446533,-3.484649896621704,0.9736525416374207,0.003427294082939625,1.0,0.026347458362579346,-1.8177801370620728,0.3171612322330475,0.0017376306932419538,0.33000001311302185,0.012838780879974365,-2.211247205734253,0.7432922720909119,1.0,0.25670772790908813,0.017494961619377136,0.0,0.017494961619377136,0.0,2.0,-19.74171257019043,1784672162.7313926,28.573216438293457,,0.0,88.93468675921866,0.0,,False,1.6821863651275635
257,0.0011084733996540308,1.8659427780676197e-07,0.0012234747409820557,7.596146315336227e-05,1.4846034446236445e-07,0.00043386302422732115,0.00037592396256513894,-13.303916931152344,0.10897409915924072,0.0004405848158057779,0.11568716168403625,0.5273868441581726,0.00010819881572388113,0.5170732736587524,0.012305890209972858,-6.048906326293945,0.5120759606361389,0.00010355729318689555,0.5059625506401062,0.006113409996032715,-3.488304376602173,0.9748809933662415,0.0033679548650979996,1.0,0.025119006633758545,-1.8341144323349,0.3176356554031372,0.0017164233140647411,0.33000001311302185,0.012364357709884644,-2.2202839851379395,0.7553824186325073,1.0,0.24461758136749268,0.018295709043741226,0.0,0.018295709043741226,0.0,2.0,-19.88719367980957,1784672162.836367,28.6781907081604,,0.0,87.89061594433932,0.0,,False,1.6821863651275635
258,0.0011821321677416563,1.800702449372693e-07,0.0012906234478577971,9.971344843506813e-05,1.4188877628384944e-07,0.00045780735672451556,0.0003741678665392101,-13.326638221740723,0.11455115675926208,0.00042800744995474815,0.11999288946390152,0.5251931548118591,0.00010564710828475654,0.5163105726242065,0.010416943579912186,-6.21000337600708,0.5103117227554321,9.870906069409102e-05,0.5047646760940552,0.005547046661376953,-3.536867380142212,0.9761171340942383,0.003293737769126892,1.0,0.02388286590576172,-1.8523403406143188,0.3185369074344635,0.0016831326065585017,0.33000001311302185,0.01146310567855835,-2.2355759143829346,0.7663744688034058,1.0,0.23362553119659424,0.019065961241722107,0.0,0.019065961241722107,0.0,2.0,-20.06307601928711,1784672162.9211814,28.763005256652832,,0.1579964134470231,86.83125320021497,0.0,,False,1.6821863651275635
259,0.0012180880876258016,1.776869709146922e-07,0.0013758329441770911,0.00012721214443445206,1.390831130265724e-07,0.0004869591793976724,0.00039281212957575917,-13.292567253112793,0.11814096570014954,0.0004242735740263015,0.12608011066913605,0.5244285464286804,0.00010432778799440712,0.5157710313796997,0.011746598407626152,-6.195178031921387,0.5095949172973633,9.608449909137562e-05,0.5042219161987305,0.0053730010986328125,-3.5559747219085693,0.9765862822532654,0.003281147452071309,1.0,0.02341371774673462,-1.857304334640503,0.3188847005367279,0.0016809480730444193,0.33000001311302185,0.011115312576293945,-2.2385098934173584,0.7721008658409119,1.0,0.22789913415908813,0.019534854218363762,0.0,0.019534854218363762,0.0,2.0,-20.026697158813477,1784672163.0217128,28.863536596298218,,0.27961396642041336,85.76895647705621,0.0,,False,1.6821863651275635
260,0.001258085947483778,1.7438183874673996e-07,0.0014155375538393855,0.0001508793793618679,1.3571276724633208e-07,0.0005012074834667146,0.00038408435648307204,-13.326244354248047,0.12151269614696503,0.00041821697959676385,0.1295299082994461,0.5236895680427551,0.00010304410534445196,0.5153669118881226,0.0115560507401824,-6.229107856750488,0.508906364440918,9.354757639812306e-05,0.5033440589904785,0.005562305450439453,-3.5542151927948,0.9778069853782654,0.0032409026753157377,1.0,0.02219301462173462,-1.8710267543792725,0.31890180706977844,0.001674942672252655,0.33000001311302185,0.011098206043243408,-2.240281105041504,0.7772985696792603,1.0,0.22270143032073975,0.019919579848647118,0.0,0.019919579848647118,0.0,2.0,-20.086637496948242,1784672163.1378307,28.979654550552368,,0.46117185752856926,84.7048885422733,0.0,,False,1.6821863651275635
261,0.0012950976379215717,1.7121209339165944e-07,0.0017681607278063893,0.0001756814308464527,1.325095979609614e-07,0.0006260844529606402,0.000653185707051307,-12.4516019821167,0.12481170892715454,0.00041305815102532506,0.13632144033908844,0.5229262709617615,0.00010172101610805839,0.5144317150115967,0.014304942451417446,-6.139681816101074,0.5082116723060608,9.107562800636515e-05,0.5025055408477783,0.005706131458282471,-3.5542194843292236,0.9787017703056335,0.0032082844991236925,1.0,0.021298229694366455,-1.8813766241073608,0.3188196122646332,0.001671133330091834,0.33000001311302185,0.011180400848388672,-2.240787982940674,0.7823207378387451,1.0,0.21767926216125488,0.0203423909842968,0.0,0.0203423909842968,0.0,2.0,-19.140457153320312,1784672163.2324088,29.074232578277588,,0.0,83.64031372959121,0.0,,False,1.6821863651275635
262,0.0013370004016906023,1.682909953615308e-07,0.001559145632199943,0.0002042064443230629,1.2935822724102763e-07,0.0005507936584763229,0.0004116687923669815,-13.280329704284668,0.12851449847221375,0.00040870613884180784,0.14131757616996765,0.5220632553100586,0.00010039786866400391,0.5139532089233398,0.015155581757426262,-6.138469696044922,0.5074375867843628,8.850751328282058e-05,0.5013020038604736,0.00613558292388916,-3.5346052646636963,0.979353666305542,0.00318354950286448,1.0,0.020646333694458008,-1.8889918327331543,0.31913211941719055,0.0016691670753061771,0.33000001311302185,0.010867893695831299,-2.243396282196045,0.7885003089904785,1.0,0.21149969100952148,0.020913170650601387,0.0,0.020913170650601387,0.0,2.0,-19.95840835571289,1784672163.3372161,29.17903995513916,,0.05332874987280434,82.57313061765376,0.0,,False,1.6821863651275635
263,0.0013764278264716268,1.649991929753014e-07,0.0015858779661357403,0.00023048347793519497,1.261566922039492e-07,0.0005597166018560529,0.0003902099560946226,-13.351115226745605,0.13196805119514465,0.00040325932786799967,0.14541611075401306,0.5211980938911438,9.917984425555915e-05,0.5133262872695923,0.01558254286646843,-6.142751693725586,0.5067093968391418,8.619267464382574e-05,0.500681459903717,0.006027936935424805,-3.5497405529022217,0.9801892638206482,0.003146452596411109,1.0,0.019810736179351807,-1.899435043334961,0.31896647810935974,0.0016617393121123314,0.33000001311302185,0.01103353500366211,-2.2443768978118896,0.792616605758667,1.0,0.207383394241333,0.0212840735912323,0.0,0.0212840735912323,0.0,2.0,-20.040185928344727,1784672163.4419594,29.283783197402954,,0.1884350723774446,81.50496689010046,0.0,,False,1.6821863651275635
264,0.0014061268884688616,1.63550424758796e-07,0.001648326637223363,0.00024734484031796455,1.2459888409921405e-07,0.0005824003019370139,0.00041342820622958243,-13.294448852539062,0.13421452045440674,0.00040103946230374277,0.15106506645679474,0.5203642249107361,9.863811283139512e-05,0.5124499797821045,0.018616557121276855,-6.013367652893066,0.5061431527137756,8.501864795107394e-05,0.5001929998397827,0.00595015287399292,-3.559166193008423,0.9807342886924744,0.003133554710075259,1.0,0.019265711307525635,-1.904630422592163,0.31879884004592896,0.0016532185254618526,0.33000001311302185,0.011201173067092896,-2.245630979537964,0.795228898525238,1.0,0.20477110147476196,0.021578269079327583,0.0,0.021578269079327583,0.0,2.0,-19.88472557067871,1784672163.5361257,29.377949476242065,,0.16808103721606926,80.43554908082109,0.0,,False,1.6821863651275635
265,0.0014379348140209913,1.6545233449960506e-07,0.0016710807103663683,0.0002478836104273796,1.2545584127110487e-07,0.000589613919146359,0.0004136865900363773,-13.285381317138672,0.13526946306228638,0.00040398607961833477,0.1550484001636505,0.5194321870803833,9.927286009769887e-05,0.5111056566238403,0.021460136398673058,-5.844629287719727,0.5056632161140442,8.525317389285192e-05,0.49947306513786316,0.00619015097618103,-3.541273593902588,0.9812458157539368,0.0031506887171417475,1.0,0.018754184246063232,-1.9053122997283936,0.3191564679145813,0.001649384736083448,0.33000001311302185,0.010843545198440552,-2.249093770980835,0.798434853553772,1.0,0.20156514644622803,0.021949896588921547,0.0,0.021949896588921547,0.0,2.0,-19.731721878051758,1784672163.6412022,29.483026027679443,,0.0,79.36266848009885,0.0,,False,1.6821863651275635
266,0.001515445881523192,1.6045704853695497e-07,0.0018463534070178866,0.00028212694451212883,1.2010224281766568e-07,0.0006500298040919006,0.0004948255373165011,-13.047502517700195,0.1414697915315628,0.000398313975892961,0.15977780520915985,0.517315149307251,9.646005491958931e-05,0.5097627639770508,0.019804593175649643,-5.983036994934082,0.504187285900116,8.08548356872052e-05,0.4988383650779724,0.005348920822143555,-3.6155612468719482,0.981017529964447,0.003092512721195817,1.0,0.01898247003555298,-1.9121880531311035,0.3198681175708771,0.0016454649157822132,0.33000001311302185,0.010131895542144775,-2.2547342777252197,0.8092840313911438,1.0,0.1907159686088562,0.023170026019215584,0.0,0.023170026019215584,0.0,1.0,-19.641714096069336,1784672163.7352057,29.57702946662903,,0.0,78.28414737263222,0.0,,False,1.6821863651275635
267,0.0016404925845563412,1.4058689146168035e-07,0.0018444261513650417,0.00027935346588492393,1.0445445752793603e-07,0.0006498309667222202,0.0004228977195452899,-13.283185958862305,0.15124164521694183,0.0003711647295858711,0.1652335673570633,0.5141305923461914,8.666638314025477e-05,0.5089062452316284,0.014935450628399849,-6.367083549499512,0.5020498633384705,7.033544534351677e-05,0.49784719944000244,0.004202663898468018,-3.7366206645965576,0.9800620675086975,0.0028408896178007126,1.0,0.01993793249130249,-1.9429161548614502,0.3162772059440613,0.0017335806041955948,0.33000001311302185,0.013722807168960571,-2.205530881881714,0.8218991160392761,1.0,0.17810088396072388,0.024069711565971375,0.0,0.024069711565971375,0.0,2.0,-20.24516487121582,1784672163.830363,29.672186851501465,,0.340085265375734,77.2548296610091,0.0,,False,1.6821863651275635
268,0.0018461862346157432,1.3905345497278176e-07,0.0018485109321773052,0.00038777850568294525,9.87427526411011e-08,0.0006521377945318818,0.00026436953339725733,-13.767803192138672,0.16862043738365173,0.000384688115445897,0.16908927261829376,0.5112389326095581,8.02689537522383e-05,0.5080346465110779,0.0032384032383561134,-6.744483947753906,0.5000450611114502,6.134167779237032e-05,0.49690279364585876,0.0031422674655914307,-3.850104570388794,0.9714042544364929,0.0028158577624708414,1.0,0.02859574556350708,-1.8721073865890503,0.3264099359512329,0.0018717083148658276,0.33000001311302185,0.0035900771617889404,-2.2180702686309814,0.8600673079490662,1.0,0.13993269205093384,0.03094670921564102,0.0,0.03094670921564102,0.0,2.0,-21.088443756103516,1784672163.924222,29.766045808792114,,1.5234494156391634,76.21297256263671,0.0,,False,1.6821863651275635
269,0.0019332054071128368,1.4105148693488445e-07,0.001963721588253975,0.00040802708826959133,9.964747249568973e-08,0.0006932799005880952,0.00028688047314062715,-13.698421478271484,0.17338530719280243,0.00039765427936799824,0.17444004118442535,0.5094951391220093,7.893297879491001e-05,0.5064653754234314,0.0032081040553748608,-6.740996360778809,0.49884331226348877,5.950000922894105e-05,0.49537771940231323,0.003465592861175537,-3.8449013233184814,0.9675713181495667,0.0028491532430052757,1.0,0.03242868185043335,-1.8268789052963257,0.3287995159626007,0.0018329182639718056,0.33000001311302185,0.0012004971504211426,-2.2315914630889893,0.8656584620475769,1.0,0.1343415379524231,0.03278057649731636,0.0,0.03278057649731636,0.0,2.0,-21.013669967651367,1784672164.0324302,29.87425398826599,,2.6320397774504443,75.15759426980631,0.0,,False,1.6821863651275635
270,0.0019978764466941357,1.4551385163485975e-07,0.002085300162434578,0.00043078954331576824,1.0422108687180298e-07,0.0007334572146646678,0.00031504067010246217,-13.606246948242188,0.17769494652748108,0.00041148814489133656,0.17820318043231964,0.5078738927841187,7.764900510665029e-05,0.5059657096862793,0.001974706072360277,-6.767884254455566,0.49784618616104126,5.7352361181983724e-05,0.49414581060409546,0.0037003755569458008,-3.8448352813720703,0.9630034565925598,0.002882685512304306,1.0,0.036996543407440186,-1.7681702375411987,0.3275724947452545,0.0017477405490353703,0.33000001311302185,0.002427518367767334,-2.254091501235962,0.854394257068634,1.0,0.14560574293136597,0.032253917306661606,0.0,0.032253917306661606,0.0,2.0,-20.942970275878906,1784672164.1371865,29.979010343551636,,3.6699304474892642,74.07971593882894,0.0,,False,1.6821863651275635
271,0.002028390532359481,1.5332786063027015e-07,0.00243192445486784,0.00044439593330025673,1.1310846304013467e-07,0.0008541428251191974,0.0005750931450165808,-12.731733322143555,0.18107101321220398,0.00042612827382981777,0.1826574206352234,0.5064035654067993,7.603963604196906e-05,0.5057777166366577,0.0017053958727046847,-6.779107093811035,0.49705085158348083,5.480548497871496e-05,0.49362149834632874,0.0034293532371520996,-3.8796286582946777,0.958017885684967,0.0029141257982701063,1.0,0.04198211431503296,-1.697748064994812,0.32415497303009033,0.0016295291716232896,0.33000001311302185,0.0058450400829315186,-2.2803103923797607,0.8229316473007202,1.0,0.17706835269927979,0.029423382133245468,0.0,0.029423382133245468,0.0,2.0,-20.094833374023438,1784672164.2427642,30.084588050842285,,3.8596842156726154,72.97561871670777,0.0,,False,1.6821863651275635
272,0.0020504742860794067,1.624117373921763e-07,0.0020919733215123415,0.00044731004163622856,1.2374968605399772e-07,0.0007306427578441799,0.00028635573107749224,-13.601534843444824,0.18438220024108887,0.00043834882671944797,0.18780732154846191,0.5051007270812988,7.405550422845408e-05,0.5037177801132202,0.0036937783006578684,-6.757424354553223,0.49633947014808655,5.192909520701505e-05,0.492830753326416,0.0035087168216705322,-3.8953394889831543,0.9548677802085876,0.0029179842676967382,1.0,0.045132219791412354,-1.650464415550232,0.3195520043373108,0.0015083609614521265,0.33000001311302185,0.01044800877571106,-2.2932419776916504,0.7815554141998291,1.0,0.2184445858001709,0.026534706354141235,0.0,0.026534706354141235,0.0,2.0,-20.95514488220215,1784672164.3375652,30.179388999938965,,4.909749492034678,71.85858990927471,0.0,,False,1.6821863651275635
273,0.0020762276835739613,1.714878266056985e-07,0.0021216957829892635,0.00044017238542437553,1.3409504617811763e-07,0.0007404853240586817,0.00030373543268069625,-13.521547317504883,0.18762549757957458,0.0004471364081837237,0.1932147741317749,0.5039659142494202,7.21849937690422e-05,0.501206636428833,0.0062332674860954285,-6.698915481567383,0.4955655038356781,4.932252340950072e-05,0.4917740821838379,0.00379142165184021,-3.8939027786254883,0.9559958577156067,0.0029041802044957876,1.0,0.04400414228439331,-1.6684880256652832,0.3154749870300293,0.0014151411596685648,0.33000001311302185,0.014525026082992554,-2.2867817878723145,0.7535961270332336,1.0,0.24640387296676636,0.02561388537287712,0.0,0.02561388537287712,0.0,2.0,-20.8276309967041,1784672164.442755,30.284578800201416,,5.832300882898693,70.74802129166099,0.0,,False,1.6821863651275635
274,0.0021004281006753445,1.785172401014279e-07,0.0021480924915522337,0.0004219312686473131,1.4156869099224423e-07,0.0007498266641050577,0.00033134163822978735,-13.430561065673828,0.1903684437274933,0.00045283150393515825,0.19708047807216644,0.5028700828552246,7.04178455634974e-05,0.5006615519523621,0.007066046819090843,-6.7082719802856445,0.49468064308166504,4.717162300948985e-05,0.4917103350162506,0.0029703080654144287,-3.968402862548828,0.9613892436027527,0.0029098717495799065,1.0,0.038610756397247314,-1.7447236776351929,0.3133801519870758,0.0013620583340525627,0.33000001311302185,0.016619861125946045,-2.2790427207946777,0.7557879090309143,1.0,0.2442120909690857,0.027455898001790047,0.0,0.027455898001790047,0.0,2.0,-20.78137969970703,1784672164.5368705,30.37869429588318,,6.708600976765638,69.6451917411249,0.0,,False,1.6821863651275635
275,0.0021243481896817684,1.8230699083687796e-07,0.001865138066932559,0.0003955657593905926,1.452542051083583e-07,0.0006496643181890249,0.00036298204213380814,-13.386772155761719,0.1933964490890503,0.00045387385762296617,0.2024867683649063,0.5018476247787476,6.86248968122527e-05,0.49959632754325867,0.00936494767665863,-6.676436424255371,0.4937988519668579,4.523048846749589e-05,0.4906092882156372,0.003189563751220703,-3.9704701900482178,0.9695441722869873,0.0029554448556154966,1.0,0.030455827713012695,-1.8361910581588745,0.31315451860427856,0.001323179341852665,0.33000001311302185,0.016845494508743286,-2.287689685821533,0.7776792049407959,1.0,0.2223207950592041,0.031058644875884056,0.0,0.031058644875884056,0.0,2.0,-20.71315574645996,1784672164.6320882,30.473912000656128,,7.5166771173855125,68.53371522556196,0.0,,False,1.6821863651275635
276,0.002147265011444688,1.820739754521128e-07,0.0023729673121124506,0.00036010798066854477,1.4501141265554907e-07,0.0008243412594310939,0.0005161918816156685,-12.911794662475586,0.1964588165283203,0.00044941960368305445,0.20556844770908356,0.5009574890136719,6.712215690640733e-05,0.49868735671043396,0.009388230741024017,-6.68968391418457,0.4929731786251068,4.364400956546888e-05,0.4898090660572052,0.0031641125679016113,-3.9860875606536865,0.9795777201652527,0.0030689542181789875,1.0,0.020422279834747314,-1.9063209295272827,0.31407248973846436,0.0012834598310291767,0.33000001311302185,0.015927523374557495,-2.311330556869507,0.8058481812477112,1.0,0.19415181875228882,0.035240817815065384,0.0,0.035240817815065384,0.0,2.0,-20.2565860748291,1784672164.736238,30.578061819076538,,7.868183586374528,67.39859783895105,0.0,,False,1.6821863651275635
277,0.0021717948839068413,1.7926991802141856e-07,0.0023242689203470945,0.0003253608010709286,1.4253093638671999e-07,0.0008051023469306529,0.0005033888155594468,-12.938945770263672,0.19998466968536377,0.0004422870697453618,0.21094991266727448,0.5000388622283936,6.647681584581733e-05,0.4970991909503937,0.01135245431214571,-6.632303237915039,0.49215877056121826,4.2606552597135305e-05,0.4890585243701935,0.0031002461910247803,-4.00001859664917,0.9904170632362366,0.0032870525028556585,1.0,0.009582936763763428,-1.9259746074676514,0.3154868483543396,0.0012433869997039437,0.33000001311302185,0.014513164758682251,-2.3413188457489014,0.8319840431213379,1.0,0.1680159568786621,0.03907502070069313,0.0,0.03907502070069313,0.0,2.0,-20.24479866027832,1784672164.8305254,30.672349214553833,,8.207902640812762,66.23349216346074,0.0,,False,1.6821863651275635
278,0.0021945354528725147,1.7721922063174134e-07,0.002407390857115388,0.0002940369304269552,1.4092820777023007e-07,0.0008316182065755129,0.0005781876971013844,-12.669418334960938,0.20328806340694427,0.0004377711738925427,0.21478939056396484,0.4991130232810974,6.699842924717814e-05,0.4961334466934204,0.011881010606884956,-6.617112159729004,0.4913772642612457,4.2334846511948854e-05,0.48836323618888855,0.0030140280723571777,-4.0087199211120605,1.0014376640319824,0.003614043118432164,1.0,0.0014376640319824219,-1.8922395706176758,0.31752318143844604,0.001211256254464388,0.33000001311302185,0.012476831674575806,-2.374850034713745,0.851913332939148,1.0,0.14808666706085205,0.04198543354868889,0.0,0.04198543354868889,0.0,2.0,-19.96746826171875,1784672184.9286966,50.77052044868469,,8.270291296691425,65.03485529900559,0.0,,False,1.6821863651275635
279,0.0022203782573342323,1.7645328398430138e-07,0.0024069827049970627,0.0002670483663678169,1.4071486020839075e-07,0.0008321963832713664,0.0005951583734713495,-12.591930389404297,0.20640090107917786,0.0004357442376203835,0.220163032412529,0.4981997311115265,6.83112011756748e-05,0.49494075775146484,0.01414274238049984,-6.532004356384277,0.490653395652771,4.248996265232563e-05,0.48776155710220337,0.002891838550567627,-4.015774726867676,1.0122511386871338,0.003984829876571894,1.0,0.012251138687133789,-1.8248590230941772,0.31944581866264343,0.0011888380395248532,0.33000001311302185,0.010554194450378418,-2.401602268218994,0.8654324412345886,1.0,0.13456755876541138,0.04397270083427429,0.0,0.04397270083427429,0.0,2.0,-19.825420379638672,1784672185.0423899,50.88421368598938,,8.190632070490011,63.80946620104518,0.0,,False,1.6821863651275635
280,0.002254688646644354,1.7840912391875463e-07,0.0025811188388615847,0.00025006895884871483,1.4290152705598302e-07,0.0008934097713790834,0.0007214181241579354,-12.065485000610352,0.21009111404418945,0.00043751412886194885,0.22400176525115967,0.49716317653656006,7.022380304988474e-05,0.49445611238479614,0.014171605929732323,-6.537915229797363,0.48987576365470886,4.283154339645989e-05,0.4879273772239685,0.0019483864307403564,-4.065863609313965,1.0208121538162231,0.004351783078163862,1.0,0.020812153816223145,-1.7498798370361328,0.32130593061447144,0.001184819033369422,0.33000001311302185,0.008694082498550415,-2.418246030807495,0.871313214302063,1.0,0.128686785697937,0.044387489557266235,0.0,0.044387489557266235,0.0,2.0,-19.328750610351562,1784672185.1367064,50.978530168533325,,7.614303075001487,62.56743334049627,0.0,,False,1.6821863651275635
281,0.0022995362523943186,1.808278966564103e-07,0.002527125645428896,0.00023395847529172897,1.4510182211324718e-07,0.0008699045865796506,0.0006754438509233296,-12.261077880859375,0.21384009718894958,0.00043943384662270546,0.22933612763881683,0.4963608384132385,7.18274968676269e-05,0.4943247437477112,0.015629224479198456,-6.495674133300781,0.48928263783454895,4.2934989323839545e-05,0.4869939386844635,0.0022886991500854492,-4.047972202301025,1.0252206325531006,0.004601652268320322,1.0,0.025220632553100586,-1.7026171684265137,0.32238152623176575,0.001186068751849234,0.33000001311302185,0.0076184868812561035,-2.4251489639282227,0.8688567876815796,1.0,0.1311432123184204,0.042570918798446655,0.0,0.042570918798446655,0.0,2.0,-19.481603622436523,1784672185.242075,51.0838987827301,,7.190827091597924,61.318497546826634,0.0,,False,1.6821863651275635
282,0.002356454264372587,1.8482343477899121e-07,0.0027123326435685158,0.00022552930749952793,1.4771971734717226e-07,0.0009300807141698897,0.0007893301662988961,-11.75522232055664,0.2188313901424408,0.00044263468589633703,0.23304231464862823,0.49562355875968933,7.324223406612873e-05,0.49360179901123047,0.014354020357131958,-6.528347492218018,0.4887455999851227,4.275386163499206e-05,0.48315995931625366,0.0055856406688690186,-3.7462148666381836,1.0239349603652954,0.004745075479149818,1.0,0.02393496036529541,-1.6960194110870361,0.32300615310668945,0.0011943643912672997,0.33000001311302185,0.0069938600063323975,-2.4256551265716553,0.8556597232818604,1.0,0.14434027671813965,0.03784102946519852,0.0,0.03784102946519852,0.0,2.0,-18.851009368896484,1784672185.336896,51.17871975898743,,6.1367568546543225,60.069055590513564,0.0,,False,1.6821863651275635
283,0.0024304240942001343,1.9135418938276416e-07,0.002657176461070776,0.00022338517010211945,1.5102881434359006e-07,0.0009085017954930663,0.0007216657395474613,-12.061283111572266,0.22529847919940948,0.0004484787059482187,0.2381540685892105,0.4947987198829651,7.461033237632364e-05,0.4896966814994812,0.01383101474493742,-6.409866809844971,0.48814457654953003,4.2333755118306726e-05,0.4821488857269287,0.005995690822601318,-3.6914424896240234,1.0177558660507202,0.004814028274267912,1.0,0.017755866050720215,-1.7164270877838135,0.32234373688697815,0.0012032466474920511,0.33000001311302185,0.007656276226043701,-2.4180691242218018,0.8267244100570679,1.0,0.17327558994293213,0.030872806906700134,0.0,0.030872806906700134,0.0,2.0,-19.034896850585938,1784672185.4440403,51.28586411476135,,5.266574099400174,58.82719963655035,0.0,,False,1.6821863651275635
284,0.0025253095664083958,2.0079342277767864e-07,0.00268989778123796,0.00023309863172471523,1.5480466686312866e-07,0.0009126238874159753,0.0006991737172938883,-12.154302597045898,0.23411010205745697,0.0004577634681481868,0.24180547893047333,0.4936097264289856,7.599926175316796e-05,0.4888896942138672,0.009027598425745964,-6.537840843200684,0.4873051941394806,4.1638082620920613e-05,0.48396191000938416,0.0033432841300964355,-3.990086317062378,1.0068490505218506,0.004851687233895063,1.0,0.006849050521850586,-1.7404415607452393,0.3215782940387726,0.001221605227328837,0.33000001311302185,0.008421719074249268,-2.4058268070220947,0.773688793182373,1.0,0.22631120681762695,0.022824475541710854,0.0,0.022824475541710854,0.0,2.0,-19.37961769104004,1784672185.5387654,51.38058924674988,,4.7411121846001265,57.59758599978684,0.0,,False,1.6821863651275635
285,0.0026367309037595987,2.1044540687853441e-07,0.0027246358804404736,0.00024726148694753647,1.5749250792396197e-07,0.0009203116060234606,0.0006787663442082703,-12.22457504272461,0.24383074045181274,0.0004677823162637651,0.24619174003601074,0.49237728118896484,7.723923772573471e-05,0.49016568064689636,0.0032350418623536825,-6.692557334899902,0.4864613115787506,4.087851266376674e-05,0.4853854775428772,0.001075834035873413,-4.119357585906982,0.9919283986091614,0.0048810080625116825,1.0,0.008071601390838623,-1.7355892658233643,0.31989622116088867,0.0012444527819752693,0.33000001311302185,0.010103791952133179,-2.3845744132995605,0.6987096667289734,1.0,0.3012903332710266,0.01615547202527523,0.0,0.01615547202527523,0.0,2.0,-19.6382999420166,1784672185.6354208,51.47724461555481,,4.474332520776642,56.38922475674586,0.0,,False,1.6821863651275635
286,0.002757637295871973,2.218022103761541e-07,0.0023557699751108885,0.0002693873830139637,1.614861986354299e-07,0.000790979596786201,0.0006584495422430336,-12.435871124267578,0.25365981459617615,0.0004798982117790729,0.24913078546524048,0.49111369252204895,7.941047078929842e-05,0.4905865788459778,0.004559600260108709,-6.680410861968994,0.48558732867240906,4.068092675879598e-05,0.4846300482749939,0.0009572803974151611,-4.124673843383789,0.973761796951294,0.005013006739318371,1.0,0.026238203048706055,-1.6602555513381958,0.31748899817466736,0.001291572698391974,0.33000001311302185,0.012511014938354492,-2.3464136123657227,0.6226650476455688,1.0,0.37733495235443115,0.011956759728491306,0.0,0.011956759728491306,0.0,2.0,-19.84253692626953,1784672185.7410247,51.58284854888916,,4.411789841206087,55.21902431463872,0.0,,False,1.6821863651275635
287,0.002872427459806204,2.3659998760194867e-07,0.0038026021793484688,0.00029511377215385437,1.691453093144446e-07,0.0012685137335211039,0.00134637753944844,-8.957500457763672,0.26205578446388245,0.0004959304351359606,0.25515303015708923,0.48988527059555054,8.324121154146269e-05,0.48855358362197876,0.007030036300420761,-6.604853630065918,0.48468881845474243,4.151416942477226e-05,0.48217591643333435,0.002512902021408081,-4.049744606018066,0.954940140247345,0.005331375170499086,1.0,0.04505985975265503,-1.5077154636383057,0.3152202069759369,0.0013740472495555878,0.33000001311302185,0.014779806137084961,-2.296570301055908,0.5753929018974304,1.0,0.4246070981025696,0.010065531358122826,0.0,0.010065531358122826,0.0,2.0,-16.26625633239746,1784672185.8356166,51.67744040489197,,2.6388232734426254,54.0986671838414,0.0,,False,1.6821863651275635
288,0.002985650207847357,2.5727308639034163e-07,0.0028758584521710873,0.0003383769653737545,1.8270792168095795e-07,0.0009482656605541706,0.000619692204054445,-12.465027809143066,0.269478440284729,0.0005201802705414593,0.26045966148376465,0.48860621452331543,8.938591054175049e-05,0.4896734356880188,0.00908170361071825,-6.519510269165039,0.48370620608329773,4.3543303036130965e-05,0.4821425676345825,0.00156363844871521,-4.073863506317139,0.9357404112815857,0.005914021283388138,1.0,0.0642595887184143,-1.2971655130386353,0.3136857748031616,0.0015024333260953426,0.33000001311302185,0.01631423830986023,-2.24282169342041,0.5639592409133911,1.0,0.4360407590866089,0.009767739102244377,0.0,0.009767739102244377,0.0,2.0,-19.717567443847656,1784672185.9300904,51.77191424369812,,1.8263354354350554,53.032058660679574,0.0,,False,1.6821863651275635
289,0.0030709924176335335,2.7693386073224247e-07,0.0029101367108523846,0.00037737656384706497,1.9703533382653404e-07,0.0009550897520966828,0.000599689141381532,-12.538156509399414,0.27501946687698364,0.0005431585013866425,0.26422202587127686,0.4876250624656677,9.529588714940473e-05,0.48922646045684814,0.010915549471974373,-6.429662704467773,0.48294031620025635,4.5818665967090055e-05,0.4824221432209015,0.0005181729793548584,-4.073540687561035,0.9164206385612488,0.006557024084031582,1.0,0.08357936143875122,-1.0619969367980957,0.31350183486938477,0.0016495828749611974,0.33000001311302185,0.016498178243637085,-2.2021753787994385,0.5753413438796997,1.0,0.4246586561203003,0.010201704688370228,0.0,0.010201704688370228,0.0,2.0,-19.718656539916992,1784672186.0357168,51.877540588378906,,1.0127585013581495,52.00609645213872,0.0,,False,1.6821863651275635
290,0.0031322462018579245,2.9423040359688457e-07,0.0032276904676109552,0.0004130997695028782,2.1059821619928698e-07,0.0010523074306547642,0.0006462940946221352,-12.382688522338867,0.2789706587791443,0.0005661036120727658,0.26926401257514954,0.4871276021003723,9.961249452317134e-05,0.4895326793193817,0.010000168345868587,-6.395349502563477,0.4824528396129608,4.773295222548768e-05,0.48371803760528564,0.001265197992324829,-4.039237976074219,0.8957425951957703,0.007200559135526419,1.0,0.10425740480422974,-0.7930846214294434,0.3139636218547821,0.00179193913936615,0.33000001311302185,0.016036391258239746,-2.1715335845947266,0.5946945548057556,1.0,0.4053054451942444,0.010973530821502209,0.0,0.010973530821502209,0.0,2.0,-19.518587112426758,1784672186.130261,51.972084760665894,,0.39925099477147796,51.01077603780258,0.0,,False,1.6821863651275635
291,0.003174911253154278,3.0933688321965747e-07,0.0030028196051716805,0.00044716475531458855,2.232601161722414e-07,0.0009775952203199267,0.0005576486582867801,-12.636026382446289,0.2818617522716522,0.0005882831756025553,0.27322885394096375,0.48700976371765137,0.0001022582218865864,0.49107226729393005,0.009541010484099388,-6.331238269805908,0.4821906089782715,4.922546213492751e-05,0.4865628182888031,0.004372209310531616,-3.8464412689208984,0.8728914260864258,0.007817385718226433,1.0,0.12710857391357422,-0.47338855266571045,0.3143906593322754,0.0019230418838560581,0.33000001311302185,0.01560935378074646,-2.144634246826172,0.6114097833633423,1.0,0.3885902166366577,0.01174685824662447,0.0,0.01174685824662447,0.0,2.0,-19.624237060546875,1784672186.2374566,52.079280376434326,,0.0,50.04235496123499,0.0,,False,1.6821863651275635
292,0.0031998022459447384,3.2144518513632647e-07,0.003722468391060829,0.0004794900305569172,2.3409592131429235e-07,0.001211980590596795,0.0008998457342386246,-11.700197219848633,0.28410056233406067,0.0006081560277380049,0.2772887349128723,0.4871681034564972,0.00010317900887457654,0.49412214756011963,0.009734460152685642,-6.181692123413086,0.48209843039512634,5.010661334381439e-05,0.48515087366104126,0.003052443265914917,-3.9387643337249756,0.8493779301643372,0.008366144262254238,0.9858145713806152,0.13643664121627808,-0.3603254556655884,0.3147018849849701,0.0020332979038357735,0.33000001311302185,0.015298128128051758,-2.1225595474243164,0.621068000793457,1.0,0.37893199920654297,0.012303219176828861,0.0,0.012303219176828861,0.0,2.0,-18.614933013916016,1784672186.3335903,52.175414085388184,,0.29014659192407066,49.09600858406926,0.0,,False,1.6821863651275635
293,0.003208290319889784,3.340074385960179e-07,0.0031658592633903027,0.0005185725167393684,2.4585784785813303e-07,0.0010231472551822662,0.0005063556600362062,-12.706964492797852,0.2857697606086731,0.0006336034857667983,0.279803991317749,0.4874979257583618,0.00010293686500517651,0.4875626564025879,0.00596612086519599,-6.406757354736328,0.4820716679096222,5.0605362048372626e-05,0.4769144356250763,0.0051572322845458984,-3.7639989852905273,0.8237801790237427,0.008963589556515217,0.9393655061721802,0.1155853271484375,-0.6931183338165283,0.3145291805267334,0.002123011974617839,0.33000001311302185,0.015470832586288452,-2.10215163230896,0.6287192702293396,1.0,0.3712807297706604,0.012897591106593609,0.0,0.012897591106593609,0.0,2.0,-19.714370727539062,1784672186.4287615,52.27058529853821,,0.0,48.170070122018885,0.0,,False,1.6821863651275635
294,0.0032170142512768507,3.5796514907815435e-07,0.0031829653307795525,0.0005686632357537746,2.652487012255733e-07,0.0010218863608315587,0.00045450031757354736,-12.766012191772461,0.2884417474269867,0.0006784124416299164,0.28277942538261414,0.486729234457016,0.00010192140325671062,0.4767345190048218,0.011487220413982868,-5.891968727111816,0.48124396800994873,5.090423292131163e-05,0.47322818636894226,0.00801578164100647,-3.3927297592163086,0.7878519296646118,0.009915417060256004,0.8672623634338379,0.07941043376922607,-1.0699032545089722,0.31919434666633606,0.0022854411508888006,0.33000001311302185,0.010805666446685791,-2.0961148738861084,0.6460549831390381,1.0,0.3539450168609619,0.01387528982013464,0.0,0.01387528982013464,0.0,2.0,-19.175952911376953,1784672186.5242085,52.36603236198425,,0.0,47.25016841839136,0.0,,False,1.6821863651275635
295,0.003217435907572508,3.917198228009511e-07,0.003175213700160384,0.0006109157111495733,2.9003817303419055e-07,0.0010172872571274638,0.0004085591062903404,-12.77815055847168,0.29047277569770813,0.0007352028042078018,0.2845657169818878,0.4857538938522339,9.866567415883765e-05,0.4731343388557434,0.013933646492660046,-5.55092716217041,0.4802548289299011,5.0628816097741947e-05,0.4754793643951416,0.0047754645347595215,-3.801337718963623,0.7266278266906738,0.01091926358640194,0.8011021018028259,0.0744742751121521,-1.0857008695602417,0.3262939155101776,0.002583300694823265,0.33000001311302185,0.0037060976028442383,-2.0577468872070312,0.6708158850669861,1.0,0.3291841149330139,0.015176428481936455,0.0,0.015176428481936455,0.0,2.0,-19.11956214904785,1784672186.6506834,52.492507219314575,,0.0,46.368634701442915,0.0,,False,1.6821863651275635
296,0.0031810509972274303,4.09749475238641e-07,0.0031798817217350006,0.0006283686961978674,3.020855672275502e-07,0.0010084278183057904,0.00038006092654541135,-12.78317928314209,0.2906780242919922,0.0007897671894170344,0.2864713966846466,0.4863850176334381,8.822439849609509e-05,0.4795553684234619,0.008021211251616478,-6.126270294189453,0.48025113344192505,4.72172541776672e-05,0.4794957935810089,0.0007553398609161377,-4.055395603179932,0.6361724138259888,0.011146691627800465,0.7358573079109192,0.09968489408493042,-0.8836266398429871,0.33472585678100586,0.002926581772044301,0.3296777307987213,0.005048125982284546,-1.993667721748352,0.6758289933204651,1.0,0.3241710066795349,0.014902696013450623,0.0,0.014902696013450623,0.0,2.0,-19.711894989013672,1784672186.747391,52.58921480178833,,0.0,45.55118014995315,0.0,,False,1.6821863651275635
297,0.002919729333370924,3.663579093426961e-07,0.00320014008320868,0.0007101218216121197,2.792890256841929e-07,0.0010081956861540675,0.00040924103814177215,-12.851085662841797,0.2778353691101074,0.0007731876685284078,0.2872214913368225,0.486509770154953,9.153374412562698e-05,0.48211875557899475,0.010362446308135986,-6.231725692749023,0.4790714383125305,5.208151924307458e-05,0.47921425104141235,0.00014281272888183594,-4.012215614318848,0.6355608105659485,0.011321526020765305,0.6829835176467896,0.047422707080841064,-1.2222660779953003,0.3223191201686859,0.0032123744022101164,0.32935547828674316,0.007036358118057251,-1.9437278509140015,0.7188825011253357,1.0,0.2811174988746643,0.018686112016439438,0.0,0.018686112016439438,0.0,2.0,-19.842573165893555,1784672186.8419735,52.68379735946655,,0.0,44.78366546929773,0.0,,False,1.6821863651275635
298,0.0028787727933377028,3.528698471200187e-07,0.002798232948407531,0.0006958236917853355,2.7505441835273814e-07,0.0008704779902473092,0.0001923298987094313,-13.079212188720703,0.2784731388092041,0.0008033224148675799,0.287442684173584,0.4878266155719757,8.069264004006982e-05,0.48239630460739136,0.010485276579856873,-6.205136775970459,0.47927212715148926,4.841988265980035e-05,0.47824302315711975,0.0010291039943695068,-4.0379252433776855,0.5297603607177734,0.010779489763081074,0.6310244798660278,0.1012641191482544,-0.8704713582992554,0.31796035170555115,0.003323707263916731,0.33000001311302185,0.012039661407470703,-1.9125927686691284,0.6944875121116638,1.0,0.3055124878883362,0.017250148579478264,0.0,0.017250148579478264,0.0,2.0,-20.062284469604492,1784672186.9469192,52.788743019104004,,0.1572048637644059,44.04728587088719,0.0,,False,1.6821863651275635
299,0.002844603266566992,3.4169201512668224e-07,0.0032793402206152678,0.0007040856871753931,2.7329440399626037e-07,0.001009047613479197,0.0005310348351486027,-12.716449737548828,0.28022143244743347,0.0008219406008720398,0.2869439423084259,0.4882102608680725,7.356370042543858e-05,0.48187944293022156,0.009234251454472542,-6.172820568084717,0.4791968762874603,4.5590539230033755e-05,0.4781043827533722,0.0010924935340881348,-4.0658769607543945,0.4557338356971741,0.010169739834964275,0.5452865958213806,0.08955276012420654,-0.9809387922286987,0.3136853575706482,0.0033275731839239597,0.33000001311302185,0.016314655542373657,-1.8938231468200684,0.6609917283058167,1.0,0.33900827169418335,0.015539170242846012,0.0,0.015539170242846012,0.0,2.0,-19.687644958496094,1784672187.056556,52.89837980270386,,0.0,43.3296758943257,0.0,,False,1.6821863651275635
300,0.002822691109031439,3.2990604381666344e-07,0.0021831346675753593,0.0007066987454891205,2.73314981313888e-07,0.0006692975875921547,0.0006406491156667471,-12.55819034576416,0.281480073928833,0.0008429260342381895,0.28592705726623535,0.48824694752693176,6.671099981758744e-05,0.4831250309944153,0.006783044431358576,-6.30065393447876,0.4789697229862213,4.2541931179584935e-05,0.4789363145828247,3.3408403396606445e-05,-4.113558292388916,0.3829975128173828,0.009499953128397465,0.5066974759101868,0.12369996309280396,-0.6039400696754456,0.309152752161026,0.0032619317062199116,0.33000001311302185,0.02084726095199585,-1.8771611452102661,0.6023802757263184,1.0,0.39761972427368164,0.013164366595447063,0.0,0.013164366595447063,0.0,2.0,-19.655492782592773,1784672187.1310182,52.97284197807312,,0.0,42.62872791937402,0.0,,False,1.6821863651275635
301,0.002795030362904072,3.1826709800952813e-07,0.004513331688940525,0.0007096459157764912,2.7070461783296196e-07,0.0013677787501364946,0.00184002669993788,-7.764914512634277,0.2821783125400543,0.0008548087789677083,0.28316646814346313,0.48832595348358154,6.152114656288177e-05,0.48330116271972656,0.005121032707393169,-6.33673095703125,0.47894367575645447,4.004321453976445e-05,0.47829297184944153,0.0006507039070129395,-4.1385498046875,0.32908153533935547,0.008987550623714924,0.423042893409729,0.09396135807037354,-0.9458541870117188,0.30655306577682495,0.0032325817737728357,0.3296777307987213,0.023124665021896362,-1.8655860424041748,0.5596528053283691,1.0,0.44034719467163086,0.011583137325942516,0.0,0.011583137325942516,0.0,2.0,-14.903573989868164,1784672187.2361474,53.07797122001648,,4.001505615971922,41.93935504722843,0.0,,False,1.6821863651275635
302,0.0027841022238135338,3.3695221191010205e-07,0.0031935616862028837,0.000640504527837038,2.8962986675651337e-07,0.0009622956276871264,0.0005207749200053513,-12.713569641113281,0.27738508582115173,0.0008995130192488432,0.2807099521160126,0.4842265248298645,6.465192564064637e-05,0.4830380082130432,0.0035309074446558952,-6.475129127502441,0.4767659604549408,4.1099905502051115e-05,0.47805655002593994,0.0012905895709991455,-4.110550403594971,0.3598076105117798,0.010040956549346447,0.36651310324668884,0.006705492734909058,-1.3793638944625854,0.294249027967453,0.0032027859706431627,0.33000001311302185,0.03575098514556885,-1.7533941268920898,0.5618839263916016,1.0,0.43811607360839844,0.01397528313100338,0.0,0.01397528313100338,0.0,2.0,-19.94894790649414,1784672187.3312054,53.17302918434143,,2.957637315317868,41.36217409059493,0.0,,False,1.6821863651275635
303,0.0027710553258657455,3.1824916391087754e-07,0.0033320444636046886,0.0006501772440969944,2.83061609707147e-07,0.0009931952226907015,0.000657548604067415,-12.478864669799805,0.2774181663990021,0.0009121234761551023,0.27755942940711975,0.4845448434352875,6.092786497902125e-05,0.482702374458313,0.0018478763522580266,-6.48703145980835,0.47645050287246704,3.989334072684869e-05,0.477037250995636,0.0005867481231689453,-4.141396999359131,0.29513734579086304,0.009484070353209972,0.3077392578125,0.012601912021636963,-1.4017599821090698,0.2908703088760376,0.0031905213836580515,0.3296777307987213,0.038807421922683716,-1.7188328504562378,0.5201925039291382,1.0,0.4798074960708618,0.012336240150034428,0.0,0.012336240150034428,0.0,2.0,-19.739187240600586,1784672187.435969,53.27779293060303,,2.1235296805573682,40.819554410397274,0.0,,False,1.6821863651275635
304,0.0027652254793792963,2.9963354108986096e-07,0.003168085590004921,0.0006599733605980873,2.753182002379617e-07,0.0009451861260458827,0.0004936016630381346,-12.806589126586914,0.2765369415283203,0.0009209602721966803,0.27362343668937683,0.48465684056282043,5.8490219089435413e-05,0.48231396079063416,0.0037386624608188868,-6.478963851928711,0.4758998453617096,3.92203546653036e-05,0.47691527009010315,0.0010154247283935547,-4.141073703765869,0.24450638890266418,0.009103584103286266,0.26243698596954346,0.017930597066879272,-1.4129468202590942,0.28802207112312317,0.0031958329491317272,0.3287109434604645,0.04068887233734131,-1.6949927806854248,0.4814271926879883,1.0,0.5185728073120117,0.01108335517346859,0.0,0.01108335517346859,0.0,2.0,-20.060298919677734,1784672187.5308757,53.37269949913025,,0.9683103667197202,40.30077479997043,0.0,,False,1.6821863651275635
305,0.0027445696759968996,2.876896303405374e-07,0.003028426319360733,0.0006618050392717123,2.7354209919394634e-07,0.0008980586426332593,0.0003693106409627944,-13.006658554077148,0.2735900580883026,0.0009406909812241793,0.2704247832298279,0.4845213294029236,5.8084900956600904e-05,0.4822831153869629,0.003876669565215707,-6.4749250411987305,0.4752143621444702,3.997558087576181e-05,0.4766433537006378,0.0014289915561676025,-4.119141578674316,0.20677383244037628,0.009017152711749077,0.20195546746253967,0.004818364977836609,-1.4340875148773193,0.28524428606033325,0.003243288490921259,0.32838866114616394,0.04314437508583069,-1.6596776247024536,0.4377286732196808,1.0,0.5622713565826416,0.00994532648473978,0.0,0.00994532648473978,0.0,2.0,-20.246170043945312,1784672187.6381433,53.47996711730957,,0.4963097519428743,39.817310345526565,0.0,,False,1.6821863651275635
306,0.002700607292354107,2.872477296023135e-07,0.0030766960699111223,0.000644938088953495,2.8412199526428594e-07,0.0009004151215776801,0.00045465512084774673,-12.869450569152832,0.26767563819885254,0.000986637780442834,0.26473143696784973,0.4840889871120453,5.9773177781607956e-05,0.4822567403316498,0.003467773087322712,-6.452728271484375,0.474528968334198,4.2557181586744264e-05,0.47618091106414795,0.0016519427299499512,-4.0813307762146,0.17864608764648438,0.009312820620834827,0.1500251591205597,0.028620928525924683,-1.3752630949020386,0.28254392743110657,0.0033344870898872614,0.33000001311302185,0.04745608568191528,-1.595084547996521,0.37723976373672485,1.0,0.6227602362632751,0.008575733751058578,0.0,0.008575733751058578,0.0,2.0,-20.072298049926758,1784672187.732541,53.57436490058899,,0.6635281960295458,39.39843896778863,0.0,,False,1.6821863651275635
307,0.0026405362877994776,2.932854386017425e-07,0.002988741733133793,0.0006199837662279606,3.030808670700935e-07,0.0008755694143474102,0.00043193870806135237,-12.873344421386719,0.2601667642593384,0.0010524449171498418,0.2599588930606842,0.4835469722747803,6.256996130105108e-05,0.48233968019485474,0.0012250569416210055,-6.418387413024902,0.4738689064979553,4.637069650925696e-05,0.4757746756076813,0.0019057691097259521,-4.031320571899414,0.1575576215982437,0.00993728544563055,0.14524000883102417,0.012317612767219543,-1.3791582584381104,0.2805933952331543,0.003417452797293663,0.33000001311302185,0.049406617879867554,-1.5633519887924194,0.3071160316467285,1.0,0.6928839683532715,0.007105028256773949,0.0,0.007105028256773949,0.0,2.0,-20.02371597290039,1784672187.8278937,53.66971755027771,,0.7821645630898502,39.011300149254794,0.0,,False,1.6821863651275635
308,0.002566173207014799,3.04506727388798e-07,0.002894909121096134,0.0005943260621279478,3.285792331553239e-07,0.0008457641815766692,0.00041387006058357656,-12.855003356933594,0.2515657842159271,0.0011331037385389209,0.2532179057598114,0.4829960763454437,6.592035060748458e-05,0.4817700684070587,0.002057328587397933,-6.3544464111328125,0.47327908873558044,5.1133156375726685e-05,0.47399526834487915,0.0007161796092987061,-4.016584873199463,0.14200454950332642,0.010781100951135159,0.12086859345436096,0.021135956048965454,-1.3253237009048462,0.27962398529052734,0.0034718504175543785,0.33000001311302185,0.05037602782249451,-1.5471210479736328,0.24237237870693207,1.0,0.7576276063919067,0.0058228736743330956,0.0,0.0058228736743330956,0.0,2.0,-19.946853637695312,1784672187.9331262,53.77495002746582,,0.8239385949450764,38.640392271539746,0.0,,False,1.6821863651275635
309,0.002479954157024622,3.202830498594267e-07,0.0029173032380640507,0.0005679368041455746,3.610680607835093e-07,0.0008354490855708718,0.0005126763717271388,-12.658552169799805,0.2419518679380417,0.0012286612764000893,0.24790535867214203,0.4825427830219269,6.979922909522429e-05,0.48107069730758667,0.006132788024842739,-6.268033981323242,0.4728109836578369,5.7080891565419734e-05,0.47301897406578064,0.00020799040794372559,-3.966202974319458,0.13005253672599792,0.01189674437046051,0.08001786470413208,0.050034672021865845,-1.1915901899337769,0.27886900305747986,0.0034894226118922234,0.33000001311302185,0.05113101005554199,-1.5354560613632202,0.18715821206569672,1.0,0.8128417730331421,0.0048226541839540005,0.0,0.0048226541839540005,0.0,2.0,-19.65608024597168,1784672188.0445836,53.88640737533569,,0.5749392350766698,38.28114938043511,0.0,,False,1.6821863651275635
310,0.002380190184339881,3.403453092687414e-07,0.0029536299407482147,0.0005473247729241848,3.996976261078089e-07,0.0008404582622461021,0.0006440189317800105,-12.384475708007812,0.23193708062171936,0.0013357710558921099,0.24089813232421875,0.4822004735469818,7.415004074573517e-05,0.4808304011821747,0.009065182879567146,-6.183241367340088,0.4725213646888733,6.42793092993088e-05,0.47283807396888733,0.0003167092800140381,-3.9064176082611084,0.12048475444316864,0.013279462233185768,0.058322399854660034,0.062162354588508606,-1.096336007118225,0.27864664793014526,0.0034917055163532495,0.33000001311302185,0.05135336518287659,-1.5321106910705566,0.1448815017938614,1.0,0.8551185131072998,0.004102542996406555,0.0,0.004102542996406555,0.0,2.0,-19.284278869628906,1784672188.13203,53.97385382652283,,0.0,37.92525185962314,0.0,,False,1.6821863651275635
311,0.002267152536660433,3.6549337778524205e-07,0.0027364324778318405,0.0005318245384842157,4.449688617569336e-07,0.000768086058087647,0.0005253981216810644,-12.521770477294922,0.2214207947254181,0.0014533287612721324,0.23212318122386932,0.48210275173187256,7.892147550592199e-05,0.4802796542644501,0.01085655391216278,-6.092137336730957,0.47255587577819824,7.296250987565145e-05,0.4712575674057007,0.0012983083724975586,-3.8322927951812744,0.11094775795936584,0.014930017292499542,0.04193815588951111,0.06900960206985474,-1.02376389503479,0.2785016596317291,0.0034536004532128572,0.33000001311302185,0.051498353481292725,-1.5312715768814087,0.11274275928735733,1.0,0.8872572183609009,0.003592106979340315,0.0,0.003592106979340315,1.0,2.0,-19.311628341674805,1784672188.2356167,54.0774405002594,,0.0,37.570193453000314,0.0,,False,1.6821863651275635
312,0.0020881500095129013,3.882518342379626e-07,0.0025911417324095964,0.0005348813720047474,4.819021341972984e-07,0.0007229546899907291,0.0005370030412450433,-12.453170776367188,0.21006029844284058,0.001564845908433199,0.22556950151920319,0.4840039908885956,8.117395191220567e-05,0.4804098904132843,0.015920205041766167,-5.945141792297363,0.4745101034641266,8.02480717538856e-05,0.4716835618019104,0.0028265416622161865,-3.746476173400879,0.09880557656288147,0.016882752999663353,0.02181851863861084,0.07698705792427063,-0.946258544921875,0.28518927097320557,0.003550286404788494,0.33000001311302185,0.044810742139816284,-1.6186305284500122,0.0917191207408905,1.0,0.9082808494567871,0.0032685413025319576,0.0,0.0032685413025319576,1.0,2.0,-19.082521438598633,1784672188.340083,54.18190670013428,,0.0,37.12777609480889,0.0,,False,1.6821863651275635
313,0.001900827744975686,4.03390572500939e-07,0.002553412923589349,0.0005515469238162041,5.097926418784482e-07,0.0007125403499230742,0.0006721505196765065,-12.215152740478516,0.19968387484550476,0.0016368147917091846,0.21608631312847137,0.4851185381412506,8.419778168899938e-05,0.48021775484085083,0.017118927091360092,-5.83598518371582,0.4760884642601013,8.919578976929188e-05,0.47173169255256653,0.00435677170753479,-3.636996269226074,0.0843658447265625,0.01893094927072525,0.0,0.0843658447265625,-0.8765516877174377,0.2902287244796753,0.0034439489245414734,0.33000001311302185,0.03977128863334656,-1.6869869232177734,0.07028263062238693,1.0,0.9297173619270325,0.0027805545832961798,0.0,0.0027805545832961798,1.0,2.0,-18.70244026184082,1784672188.4351666,54.27699041366577,,0.20263934399926598,36.6170023418497,0.0,,False,1.6821863651275635
314,0.0017140714917331934,4.12935065696729e-07,0.002406706567853689,0.0005699903704226017,5.265929985398543e-07,0.0006640406791120768,0.0006989912944845855,-12.151236534118652,0.19031980633735657,0.0016660692635923624,0.2087058275938034,0.4860117733478546,8.747427636990324e-05,0.48089075088500977,0.019085874781012535,-5.781498908996582,0.4773916006088257,9.943674376700073e-05,0.4707840085029602,0.0066075921058654785,-3.469517946243286,0.07353156805038452,0.020948849618434906,0.0,0.07353156805038452,-0.8848474621772766,0.296804815530777,0.0033134163822978735,0.33000001311302185,0.03319519758224487,-1.7696675062179565,0.05469377338886261,1.0,0.9453062415122986,0.0023207964841276407,0.0,0.0023207964841276407,1.0,2.0,-18.511194229125977,1784672188.5295892,54.37141299247742,,0.5965247207133757,36.023548005890326,0.0,,False,1.6821863651275635
315,0.0015404848381876945,4.084022009465116e-07,0.002416575327515602,0.000578220933675766,5.203783075558022e-07,0.0006526625948026776,0.0008792474982328713,-11.80698013305664,0.1816634237766266,0.0016414981801062822,0.19966737926006317,0.4871511161327362,9.070582746062428e-05,0.4802990257740021,0.01926378905773163,-5.6645965576171875,0.4786719083786011,0.0001095762854674831,0.4668337106704712,0.011838197708129883,-3.0010297298431396,0.07089671492576599,0.02267390862107277,0.0,0.07089671492576599,-0.8634918928146362,0.30470091104507446,0.0031814875546842813,0.33000001311302185,0.025299102067947388,-1.8556756973266602,0.04484553262591362,1.0,0.9551544785499573,0.001937535242177546,0.0,0.001937535242177546,1.0,2.0,-17.83917236328125,1784672188.636621,54.47844481468201,,1.662431963272212,35.34408547882225,0.0,,False,1.6821863651275635
316,0.0013884070795029402,3.8768629906371643e-07,0.002238041255623102,0.0005729603581130505,4.897053145214159e-07,0.0006033926620148122,0.0008501789998263121,-11.876434326171875,0.17383016645908356,0.0015744599513709545,0.18939334154129028,0.4886157512664795,9.307218715548515e-05,0.47861480712890625,0.018499495461583138,-5.4158735275268555,0.4800061285495758,0.00011722745693987235,0.4650549292564392,0.014951199293136597,-2.653320074081421,0.0768032968044281,0.0239879060536623,0.0,0.0768032968044281,-0.8232117295265198,0.3116718530654907,0.0030519512947648764,0.33000001311302185,0.018328160047531128,-1.922014594078064,0.03896253556013107,1.0,0.9610374569892883,0.001617678557522595,0.0,0.001617678557522595,1.0,2.0,-17.53579330444336,1784672188.7318268,54.573650598526,,3.031718264668939,34.59828405500277,0.0,,False,1.6821863651275635
317,0.0012529841624200344,3.583263890050148e-07,0.002111248904839158,0.0005542738363146782,4.475688228922081e-07,0.0005661558825522661,0.0008583469898439944,-11.864733695983887,0.16632282733917236,0.0014904445270076394,0.18321432173252106,0.490308552980423,9.483377652941272e-05,0.4787696599960327,0.020456505939364433,-5.250441551208496,0.4814600348472595,0.00012229567801114172,0.46662649512290955,0.014833539724349976,-2.685997486114502,0.0882265567779541,0.025227785110473633,0.0,0.0882265567779541,-0.7666932940483093,0.3168518543243408,0.002928582252934575,0.33000001311302185,0.01314815878868103,-1.9681648015975952,0.03536907583475113,1.0,0.9646309018135071,0.0013493320439010859,0.0,0.0013493320439010859,1.0,2.0,-17.408084869384766,1784672188.8371794,54.67900323867798,,4.52871300112426,33.80633242366376,0.0,,False,1.6821863651275635
318,0.0011246929643675685,3.3259408382946276e-07,0.0024107350036501884,0.0005318447947502136,4.127729766878474e-07,0.0006357678794302046,0.0012902341550216079,-10.471025466918945,0.15870654582977295,0.0014170088106766343,0.17192606627941132,0.4919973909854889,9.752946789376438e-05,0.480966180562973,0.01721752993762493,-5.373890399932861,0.4829656183719635,0.0001271623041247949,0.46632736921310425,0.016638249158859253,-2.477588176727295,0.10195553302764893,0.026917679235339165,0.0,0.10195553302764893,-0.6954600811004639,0.32141631841659546,0.0028401457238942385,0.33000001311302185,0.008583694696426392,-2.000040292739868,0.034228213131427765,1.0,0.9657717943191528,0.0011691554682329297,0.0,0.0011691554682329297,1.0,2.0,-16.00893211364746,1784672188.9308054,54.772629261016846,,7.424860493316885,32.98250530118248,0.0,,False,1.6821863651275635
319,0.001001440454274416,3.228586251680099e-07,0.0021843137219548225,0.000509883277118206,4.0333844708584365e-07,0.0005875722272321582,0.00118542171549052,-10.822535514831543,0.15056975185871124,0.0013748389901593328,0.1607847511768341,0.4934438169002533,0.00010325340554118156,0.48050540685653687,0.016484800726175308,-5.197407245635986,0.48445409536361694,0.00013502694491762668,0.459858775138855,0.024595320224761963,-1.2960460186004639,0.115529865026474,0.029816647991538048,0.0,0.115529865026474,-0.6135852336883545,0.32498979568481445,0.002795057138428092,0.33000001311302185,0.0050102174282073975,-2.0165224075317383,0.03681996092200279,1.0,0.9631800651550293,0.0011350904824212193,0.0,0.0011350904824212193,1.0,2.0,-15.628483772277832,1784672189.0249376,54.866761445999146,,10.70145632687914,32.142196063909324,0.0,,False,1.6821863651275635
320,0.0008759346092119813,3.317096002319886e-07,0.0015373307978734374,0.0004838299937546253,4.2330711380600405e-07,0.00040038625593297184,0.0006666391855105758,-12.291605949401855,0.14127275347709656,0.0013646146981045604,0.1526278555393219,0.49436524510383606,0.00011254824494244531,0.47884511947631836,0.019230512902140617,-4.889291763305664,0.4857708811759949,0.00014739921607542783,0.4551951587200165,0.030575722455978394,-0.3210103511810303,0.12845668196678162,0.034203819930553436,0.0,0.12845668196678162,-0.5275529623031616,0.32733434438705444,0.002777429996058345,0.33000001311302185,0.0026656687259674072,-2.0228970050811768,0.04278603568673134,0.0,0.04278603568673134,0.0012329344172030687,0.0,0.0012329344172030687,1.0,2.0,-16.363544464111328,1784672189.1528609,54.99468469619751,,13.242991468607897,31.295512229086732,0.0,,False,1.6821863651275635
321,0.0007041902281343937,3.5655136798595777e-07,0.0017275270074605942,0.00045887939631938934,4.790360321749176e-07,0.0004433132125996053,0.0010234551737084985,-11.392471313476562,0.12955057621002197,0.001365232514217496,0.14266861975193024,0.49478358030319214,0.00012920382141601294,0.47836822271347046,0.02101301960647106,-4.831588268280029,0.4875360429286957,0.00016471013077534735,0.4555838704109192,0.03195217251777649,-0.33751702308654785,0.1512923687696457,0.04309885948896408,0.0,0.1512923687696457,-0.38764575123786926,0.31599587202072144,0.002596890786662698,0.33000001311302185,0.014004141092300415,-2.020021915435791,0.044409532099962234,0.0,0.044409532099962234,0.0014798969496041536,0.0,0.0014798969496041536,1.0,2.0,-15.42650032043457,1784672189.2472653,55.089089155197144,,16.721570754013413,30.451703483909526,0.0,,False,1.6821863651275635
322,0.0005937909591011703,3.549633618149528e-07,0.0015891216462478042,0.0004125910345464945,4.847699415222451e-07,0.00039800317608751357,0.000995437614619732,-11.46185302734375,0.12028422951698303,0.001333122723735869,0.13151231408119202,0.49481433629989624,0.00013356696581467986,0.48027488589286804,0.018370233476161957,-5.094061851501465,0.48848432302474976,0.00017200352158397436,0.45630598068237305,0.03217834234237671,-0.4051041603088379,0.16715508699417114,0.04550798982381821,0.0,0.16715508699417114,-0.3190070688724518,0.3118957281112671,0.002508778590708971,0.3296777307987213,0.017782002687454224,-2.0120227336883545,0.04290391877293587,0.0,0.04290391877293587,0.0015444285236299038,0.0,0.0015444285236299038,1.0,2.0,-15.739654541015625,1784672189.3411942,55.18301796913147,,19.886995818837875,29.615893920479756,0.0,,False,1.6821863651275635
323,0.0004953965544700623,3.4976747542714293e-07,0.0016750767827033997,0.0003642360679805279,4.81175391087163e-07,0.000419152231188491,0.0011809577699750662,-10.876117706298828,0.11150248348712921,0.0012951430398970842,0.11996058374643326,0.49494633078575134,0.00013525501708500087,0.48242127895355225,0.015113450586795807,-5.333315849304199,0.4892422556877136,0.00017723540076985955,0.450820654630661,0.03842160105705261,0.7644953727722168,0.18365031480789185,0.046380460262298584,0.0,0.18365031480789185,-0.2529046833515167,0.3080520033836365,0.0024327002465724945,0.33000001311302185,0.021948009729385376,-1.9914300441741943,0.039694204926490784,0.0,0.039694204926490784,0.0015517693245783448,0.0,0.0015517693245783448,1.0,2.0,-14.760522842407227,1784672189.4457462,55.287569999694824,,24.031552582270734,28.800677046564147,0.0,,False,1.6821863651275635
324,0.0004134236369282007,3.4663375458876544e-07,0.001347987912595272,0.00030799652449786663,4.7480756393269985e-07,0.0003372202336322516,0.0009350210893899202,-11.619053840637207,0.10234220325946808,0.00125349301379174,0.11225959658622742,0.4950670897960663,0.00013513900921680033,0.48218828439712524,0.016254793852567673,-5.304726600646973,0.48961949348449707,0.00018155133875552565,0.448459267616272,0.0411602258682251,1.2777519226074219,0.20411433279514313,0.04575764760375023,0.0,0.20411433279514313,-0.16800615191459656,0.3035612106323242,0.002360645914450288,0.33000001311302185,0.026438802480697632,-1.9574167728424072,0.03553185984492302,0.0,0.03553185984492302,0.0015303632244467735,0.0,0.0015303632244467735,1.0,2.0,-15.223958969116211,1784672189.542229,55.384052753448486,,27.71267321899461,28.019473443980324,0.0,,False,1.6821863651275635
325,0.00035321922041475773,3.5528097441783757e-07,0.001226122141815722,0.0002442654222249985,4.777365916197596e-07,0.0003044483601115644,0.0008749751141294837,-11.78827953338623,0.09363868832588196,0.0012246313272044063,0.10109549015760422,0.49517402052879333,0.000134095418616198,0.48330938816070557,0.014013328589498997,-5.425571918487549,0.48960986733436584,0.0001860425982158631,0.44834065437316895,0.0412692129611969,1.2014775276184082,0.2282433807849884,0.0434255450963974,0.0,0.2282433807849884,-0.049594879150390625,0.2995215654373169,0.002319863298907876,0.33000001311302185,0.030478447675704956,-1.9139714241027832,0.03214593976736069,0.0,0.03214593976736069,0.0015255225589498878,0.0,0.0015255225589498878,1.0,2.0,-15.527997970581055,1784672189.639893,55.4817168712616,,31.08975485425364,27.281715190136126,0.0,,False,1.6821863651275635
326,0.0003133838763460517,3.7046709167043446e-07,0.001016167807392776,0.00016653584316372871,4.816083105652069e-07,0.00025023624766618013,0.0007077506743371487,-12.165569305419922,0.08537833392620087,0.0011944748694077134,0.09443392604589462,0.49522504210472107,0.00013121329538989812,0.48478996753692627,0.01381645817309618,-5.5472259521484375,0.4894753098487854,0.00018886903126258403,0.4502427875995636,0.0392325222492218,0.7064671516418457,0.25893932580947876,0.03921991586685181,0.005477637052536011,0.25346168875694275,0.11866086721420288,0.29633206129074097,0.0023025490809231997,0.33000001311302185,0.033667951822280884,-1.871783971786499,0.03076873905956745,0.0,0.03076873905956745,0.0015802086563780904,0.0,0.0015802086563780904,1.0,2.0,-16.2501163482666,1784672189.7447476,55.58657145500183,,33.744718111827126,26.58614438860821,0.0,,False,1.6821863651275635
327,0.00028068770188838243,3.866004760766373e-07,0.00102192722260952,9.322492405772209e-05,4.815817646885989e-07,0.0002471469633746892,0.0007570522138848901,-12.08295726776123,0.07790887355804443,0.0011673456756398082,0.08469679206609726,0.4950818419456482,0.0001273944799322635,0.4900706708431244,0.008437278680503368,-5.9044508934021,0.48938116431236267,0.00018960019224323332,0.4658779501914978,0.023503214120864868,-1.9096053838729858,0.29709190130233765,0.03509095311164856,0.09080424904823303,0.20628765225410461,-0.1496204137802124,0.29690539836883545,0.002335601719096303,0.33000001311302185,0.0330946147441864,-1.8763353824615479,0.03189811855554581,0.0,0.03189811855554581,0.0016910340636968613,0.0,0.0016910340636968613,1.0,2.0,-17.761322021484375,1784672189.8402505,55.682074308395386,,34.88847569618284,25.88602217640525,0.0,,False,1.6821863651275635
328,0.0002464541466906667,4.0102517573359364e-07,0.0009779836982488632,3.0096853151917458e-05,4.7572470407430956e-07,0.0002373204770265147,0.0007603138219565153,-12.09361457824707,0.07056716084480286,0.0011384193785488605,0.07900670915842056,0.4947449266910553,0.00012513228284660727,0.500824511051178,0.010401313193142414,-5.865277290344238,0.48960256576538086,0.00019147458078805357,0.5029963254928589,0.013393759727478027,-2.892988681793213,0.3458326756954193,0.03194163739681244,0.1710086166858673,0.174824059009552,-0.3245573937892914,0.30173709988594055,0.0023867529816925526,0.33000001311302185,0.0282629132270813,-1.9326335191726685,0.03420427441596985,0.0,0.03420427441596985,0.001781929051503539,0.0,0.001781929051503539,1.0,2.0,-18.232332229614258,1784672189.9348083,55.77663207054138,,35.561223072408666,25.129601827491165,0.0,,False,1.6821863651275635
329,0.0002163442550227046,4.07046201189587e-07,0.000869514886289835,-1.792190596461296e-05,4.6535203068742703e-07,0.0002110822533722967,0.0006921523017808795,-12.229122161865234,0.06442677974700928,0.0011047488078474998,0.0721459686756134,0.49509909749031067,0.00012703325774054974,0.5076929330825806,0.014771275222301483,-5.400489807128906,0.49108511209487915,0.00019990598957519978,0.508775532245636,0.017690420150756836,-2.55714750289917,0.3907128870487213,0.029450489208102226,0.23168697953224182,0.1590259075164795,-0.4142320454120636,0.305757999420166,0.002424942096695304,0.3296777307987213,0.023919731378555298,-1.9740626811981201,0.037004273384809494,0.0,0.037004273384809494,0.0018601816846057773,0.0,0.0018601816846057773,1.0,2.0,-17.828088760375977,1784672190.0416033,55.883427143096924,,36.638213917872775,24.33175231655163,0.0,,False,1.6821863651275635
330,0.00019734876696020365,4.011090766198322e-07,0.000538051943294704,-4.1735125705599785e-05,4.4692495748677175e-07,0.00013208850577939302,0.00038248306373134255,-12.658576965332031,0.060780346393585205,0.0010671637719497085,0.06774253398180008,0.49561360478401184,0.00012733679614029825,0.5006871223449707,0.008614675141870975,-5.944052219390869,0.4925133287906647,0.00020444384426809847,0.5030621290206909,0.010548800230026245,-3.0565237998962402,0.4252888262271881,0.027517369017004967,0.2780650854110718,0.14722374081611633,-0.48369136452674866,0.30802279710769653,0.0024152419064193964,0.3296777307987213,0.02165493369102478,-1.9969608783721924,0.03862590715289116,0.0,0.03862590715289116,0.001856339629739523,0.0,0.001856339629739523,1.0,2.0,-18.942079544067383,1784672190.1467519,55.98857569694519,,36.60121397964548,23.51100460843802,0.0,,False,1.6821863651275635
331,0.0001770626986399293,3.94302247741507e-07,0.0010900977067649364,-5.2539631724357605e-05,4.3025556806242093e-07,0.00026531206094659865,0.0009667795384302735,-11.690134048461914,0.05824357271194458,0.0010344835463911295,0.06265421956777573,0.495839923620224,0.0001260711287613958,0.4982261657714844,0.005014773923903704,-6.056396007537842,0.49328482151031494,0.00020588426559697837,0.5009812116622925,0.007696390151977539,-3.1813058853149414,0.45715469121932983,0.02574252523481846,0.36388155817985535,0.09327313303947449,-0.7418882846832275,0.31064847111701965,0.0024128055665642023,0.3296777307987213,0.01902925968170166,-2.0195040702819824,0.03978952020406723,0.0,0.03978952020406723,0.001808356144465506,0.0,0.001808356144465506,1.0,2.0,-18.125904083251953,1784672190.261155,56.10297870635986,,37.38038950223361,22.667713708414624,0.0,,False,1.6821863651275635
332,0.00018285191617906094,3.8300390770018566e-07,0.000680823577567935,-6.99975062161684e-05,4.0488731656296295e-07,0.00017061557446140796,0.0005530555499717593,-12.514342308044434,0.056572407484054565,0.000986928353086114,0.059218451380729675,0.49638330936431885,0.00012436053657438606,0.5008905529975891,0.00522654689848423,-6.0335164070129395,0.49396851658821106,0.00020377860346343368,0.5019762516021729,0.008007735013961792,-3.1729624271392822,0.49590426683425903,0.02348443493247032,0.4551119804382324,0.04079228639602661,-0.9213422536849976,0.3105165958404541,0.0023612757213413715,0.33000001311302185,0.01948341727256775,-2.0249571800231934,0.03934779018163681,0.0,0.03934779018163681,0.0016945371171459556,0.0,0.0016945371171459556,1.0,2.0,-18.927637100219727,1784672190.3666604,56.208484172821045,,37.35783200785397,21.818969698650015,0.0,,False,1.6821863651275635
333,0.00020511914044618607,3.641462740233692e-07,0.0006704694242216647,-9.636906906962395e-05,3.708461235873983e-07,0.00016804396000225097,0.0005352243897505105,-12.587114334106445,0.055330634117126465,0.0009227137197740376,0.05756315216422081,0.497655987739563,0.00012206465180497617,0.5012368559837341,0.0042198048904538155,-6.106473922729492,0.49514225125312805,0.00019927244284190238,0.5022073984146118,0.007065147161483765,-3.216233968734741,0.5437092781066895,0.020287541672587395,0.5225368142127991,0.02117246389389038,-1.0188876390457153,0.3097802400588989,0.0022857373114675283,0.3296777307987213,0.019897490739822388,-2.0349905490875244,0.03761645406484604,0.0,0.03761645406484604,0.001513188355602324,0.0,0.001513188355602324,1.0,2.0,-19.08041000366211,1784672190.4613183,56.303142070770264,,37.18250161003195,20.960192319821076,0.0,,False,1.6821863651275635
334,0.00024626986123621464,3.418783762754174e-07,0.0007590964087285101,-0.00011664745397865772,3.353205784151214e-07,0.00019203541160095483,0.0005985617754049599,-12.533910751342773,0.055671095848083496,0.0008522657444700599,0.05621155723929405,0.4995754361152649,0.00011959804396610707,0.5002474188804626,0.0008623568573966622,-6.209556579589844,0.4966143071651459,0.00019269608310423791,0.5022991895675659,0.005684882402420044,-3.274402618408203,0.5933827757835388,0.01665617525577545,0.6051666736602783,0.011783897876739502,-1.124380111694336,0.3090042471885681,0.0022278176620602608,0.32935547828674316,0.02035123109817505,-2.041473150253296,0.036275431513786316,0.0,0.036275431513786316,0.0013512708246707916,0.0,0.0013512708246707916,1.0,2.0,-19.138757705688477,1784672190.5555487,56.39737248420715,,36.94882351018356,20.094932339826364,0.0,,False,1.6821863651275635
335,0.0002982828300446272,3.169753881593351e-07,0.0006230167928151786,-0.00013780524022877216,2.9928156664027483e-07,0.00015772801998537034,0.0004390809335745871,-12.843027114868164,0.05642056465148926,0.000775281572714448,0.055184345692396164,0.5022769570350647,0.00011792524310294539,0.5005674958229065,0.0021096195559948683,-6.252618789672852,0.49871736764907837,0.00018615952285472304,0.5025556087493896,0.0038382411003112793,-3.3359460830688477,0.6479012966156006,0.013029766269028187,0.65684974193573,0.008948445320129395,-1.2482482194900513,0.30946439504623413,0.0022023695055395365,0.32709962129592896,0.017635226249694824,-2.069566011428833,0.0354263074696064,0.0,0.0354263074696064,0.001204518135637045,0.0,0.001204518135637045,1.0,2.0,-19.51309585571289,1784672190.6392858,56.481109619140625,,36.340807260310754,19.201579498656116,0.0,,False,1.6821863651275635
336,0.0003417975967749953,2.9658150424438645e-07,0.0005473904311656952,-0.00014910893514752388,2.7163886784364877e-07,0.00013601305545307696,0.0003515152493491769,-13.016094207763672,0.05740116536617279,0.0007114055915735662,0.05469706282019615,0.5051824450492859,0.0001178176753455773,0.5007783770561218,0.005167976953089237,-6.221990585327148,0.5008436441421509,0.00018178571190219373,0.5026654005050659,0.001821756362915039,-3.3782742023468018,0.6970545053482056,0.010254687629640102,0.6724647879600525,0.024589717388153076,-1.3415898084640503,0.31097131967544556,0.0022355942055583,0.33000001311302185,0.019028693437576294,-2.0517024993896484,0.03657033294439316,0.0,0.03657033294439316,0.0011252674739807844,0.0,0.0011252674739807844,1.0,2.0,-19.682823181152344,1784672190.7351897,56.57701349258423,,35.5630636849985,18.326090169525052,0.0,,False,1.6821863651275635
337,0.0003774380311369896,2.8182097366880043e-07,0.0008468807791359723,-0.0001551513560116291,2.5187256369463284e-07,0.00021893484517931938,0.0006002640584483743,-12.63150405883789,0.05837768316268921,0.0006654075696133077,0.05423290655016899,0.5078858137130737,0.00011803504457930103,0.5007305145263672,0.008269067853689194,-6.112156867980957,0.5024489164352417,0.00017776551248971373,0.5030178427696228,0.0005689263343811035,-3.3976733684539795,0.7359229326248169,0.008428450673818588,0.7469861507415771,0.011063218116760254,-1.4618717432022095,0.31247639656066895,0.0023023986723273993,0.3290331959724426,0.01655679941177368,-2.0584323406219482,0.03966749459505081,0.0,0.03966749459505081,0.001108274096623063,0.0,0.001108274096623063,1.0,2.0,-19.22006607055664,1784672190.8307998,56.67262363433838,,35.24807722028194,17.44387099916169,0.0,,False,1.6821863651275635
338,0.0004214488435536623,2.6762333504848357e-07,0.0005030554602853954,-0.00016052927821874619,2.3272338012247928e-07,0.00012596660235431045,0.00029789182008244097,-13.176884651184082,0.05939552187919617,0.0006173897418193519,0.05435074865818024,0.510909914970398,0.0001187718371511437,0.5012404918670654,0.010906304232776165,-5.962067604064941,0.5043630599975586,0.00017243012553080916,0.5032095313072205,0.0011535286903381348,-3.4099621772766113,0.7789677381515503,0.006868745665997267,0.779712438583374,0.0007447004318237305,-1.5714080333709717,0.31531405448913574,0.0023902440443634987,0.3296777307987213,0.014363676309585571,-2.0560834407806396,0.043864212930202484,0.0,0.043864212930202484,0.0011133406078442931,0.0,0.0011133406078442931,1.0,2.0,-19.651519775390625,1784672190.9358284,56.77765226364136,,34.501637050731404,16.564000728639634,0.0,,False,1.6821863651275635
339,0.00045590923400595784,2.592821317648486e-07,0.0006214688182808459,-0.00015828805044293404,2.1963769825106283e-07,0.00015484508185181767,0.0003542065969668329,-13.134368896484375,0.06066456437110901,0.0005844474071636796,0.05483951047062874,0.5134978294372559,0.0001196572557091713,0.5016118288040161,0.01323662605136633,-5.78061580657959,0.5056249499320984,0.0001674661907600239,0.5036242008209229,0.002000749111175537,-3.4164741039276123,0.8148682713508606,0.005835616961121559,0.7940601110458374,0.020808160305023193,-1.6158511638641357,0.3188016414642334,0.0025256501976400614,0.33000001311302185,0.011198371648788452,-2.0468640327453613,0.05101658031344414,0.0,0.05101658031344414,0.00119137077126652,0.0,0.00119137077126652,1.0,2.0,-19.467098236083984,1784672191.031958,56.87378191947937,,33.939618420487506,15.693349866152857,0.0,,False,1.6821863651275635
340,0.0004900294006802142,2.5614752985347877e-07,0.0005598776624538004,-0.00016193324699997902,2.1104386860315572e-07,0.0001410055410815403,0.0003108869423158467,-13.209531784057617,0.0613725483417511,0.0005641526659019291,0.05569171532988548,0.5154895782470703,0.00012055489787599072,0.5016098618507385,0.014997279271483421,-5.5863165855407715,0.5062462687492371,0.00016315992979798466,0.5039477944374084,0.0022984743118286133,-3.4252614974975586,0.8451436758041382,0.005188791546970606,0.7998793721199036,0.04526430368423462,-1.514257550239563,0.3207761347293854,0.002675780560821295,0.3296777307987213,0.008901596069335938,-2.0280120372772217,0.061328768730163574,0.0,0.061328768730163574,0.0013677197275683284,0.0,0.0013677197275683284,1.0,2.0,-19.391216278076172,1784672191.1364305,56.978254318237305,,33.45348174825142,14.84155099913422,0.0,,False,1.6821863651275635
341,0.0005312409484758973,2.601604478513764e-07,0.0006643098895438015,-0.00017037661746144295,2.078244989434097e-07,0.0001671558857196942,0.00036281609209254384,-13.128263473510742,0.061247020959854126,0.0005563413142226636,0.05714110657572746,0.5168190598487854,0.0001227652537636459,0.5016694068908691,0.015696194022893906,-5.461894989013672,0.5063252449035645,0.00016206740110646933,0.5045927166938782,0.0017325282096862793,-3.4355499744415283,0.8719200491905212,0.004816747736185789,0.7971733808517456,0.07474666833877563,-1.1689271926879883,0.3210083544254303,0.002859954722225666,0.3296777307987213,0.008669376373291016,-1.996396541595459,0.07636933028697968,0.0,0.07636933028697968,0.0017003347165882587,0.0,0.0017003347165882587,1.0,2.0,-19.21555519104004,1784672191.2312706,57.07309436798096,,33.14300616305147,14.021367627797346,0.0,,False,1.6821863651275635
342,0.0005429279990494251,2.6137101372114557e-07,0.0007669248152524233,-0.00016631814651191235,2.0558989888286305e-07,0.0001907452242448926,0.00042150780791416764,-13.033424377441406,0.06132321059703827,0.0005509095499292016,0.0592229925096035,0.51754230260849,0.00012314581545069814,0.501998782157898,0.015684768557548523,-5.430205345153809,0.5064002275466919,0.00015993959095794708,0.5048220157623291,0.001578211784362793,-3.443631887435913,0.8896072506904602,0.004599883686751127,0.8716330528259277,0.01797419786453247,-1.7368062734603882,0.3190879225730896,0.003007130464538932,0.33000001311302185,0.010912090539932251,-1.9646474123001099,0.08884336799383163,0.0,0.08884336799383163,0.0020404409151524305,0.0,0.0020404409151524305,1.0,2.0,-19.099403381347656,1784672191.336045,57.17786884307861,,32.9486823875439,13.232933385755821,0.0,,False,1.6821863651275635
343,0.0005594707909040153,2.635983094023686e-07,0.0006719392840750515,-0.00015669292770326138,2.0355547292183473e-07,0.0001649583864491433,0.0003407472977414727,-13.16208267211914,0.06232455372810364,0.0005420768284238875,0.061770278960466385,0.5184611678123474,0.0001238922995980829,0.5024380683898926,0.016032682731747627,-5.383799076080322,0.5066121220588684,0.00015723046089988202,0.5059048533439636,0.0007072687149047852,-3.458369731903076,0.9084812998771667,0.0043151783756911755,0.8989095687866211,0.009571731090545654,-1.793254017829895,0.3174840807914734,0.0032167129684239626,0.33000001311302185,0.012515932321548462,-1.9264098405838013,0.10369711369276047,0.0,0.10369711369276047,0.0025356467813253403,0.0,0.0025356467813253403,1.0,2.0,-19.198307037353516,1784672191.4306633,57.2724871635437,,32.65545495603047,12.482736715430605,0.0,,False,1.6821863651275635
344,0.0005757275503128767,2.708483464175515e-07,0.0007099583745002747,-0.00014550145715475082,2.0512747767043038e-07,0.00017407337145414203,0.0003466208290774375,-13.140593528747559,0.06354737281799316,0.0005406360724009573,0.06395123153924942,0.5188091993331909,0.00012490805238485336,0.5027532577514648,0.016061019152402878,-5.385388374328613,0.5060826539993286,0.00015618716133758426,0.5062971115112305,0.00021445751190185547,-3.463141918182373,0.9224727153778076,0.004132039379328489,0.9477484226226807,0.025275707244873047,-1.748247742652893,0.3157931864261627,0.0035171322524547577,0.33000001311302185,0.01420682668685913,-1.8774231672286987,0.12356598675251007,0.0,0.12356598675251007,0.003349768929183483,0.0,0.003349768929183483,1.0,2.0,-19.18047523498535,1784672191.5255728,57.36739659309387,,32.3800593268852,11.78152671846049,0.0,,False,1.6821863651275635
345,0.0005955853848718107,2.8106558147555916e-07,0.0007470538839697838,-0.00013019097968935966,2.0843974368744966e-07,0.00018212664872407913,0.0003471094823908061,-13.12147331237793,0.06530308723449707,0.0005408090073615313,0.06748133152723312,0.5189001560211182,0.00012633888400159776,0.5031875967979431,0.015862826257944107,-5.43015718460083,0.5053548812866211,0.00015573536802548915,0.507636308670044,0.0022814273834228516,-3.448026657104492,0.9335425496101379,0.003960407339036465,0.9698560237884521,0.03631347417831421,-1.6802842617034912,0.31432437896728516,0.003919075708836317,0.3296777307987213,0.015353351831436157,-1.8219372034072876,0.1488407701253891,0.0,0.1488407701253891,0.004676643759012222,0.0,0.004676643759012222,1.0,2.0,-19.189613342285156,1784672191.6299915,57.47181534767151,,32.09552559044013,11.135802685311788,0.0,,False,1.6821863651275635
346,0.0006176051683723927,2.943491494988848e-07,0.0006806814344599843,-0.00011497200466692448,2.132824192813132e-07,0.00016576058987993747,0.00028773146914318204,-13.170181274414062,0.06703686714172363,0.0005445374990813434,0.0697055384516716,0.5186657905578613,0.00012797767703887075,0.5037202835083008,0.015181897208094597,-5.522513389587402,0.5044701099395752,0.0001561882090754807,0.5081101655960083,0.0036400556564331055,-3.4208691120147705,0.9419308304786682,0.003831378882750869,0.9699605703353882,0.02802973985671997,-1.7607961893081665,0.3137017786502838,0.0044182343408465385,0.33000001311302185,0.016298234462738037,-1.7620081901550293,0.18137967586517334,0.0,0.18137967586517334,0.006794210057705641,0.0,0.006794210057705641,1.0,2.0,-19.298625946044922,1784672191.744876,57.58669972419739,,31.701979250235297,10.550007665415343,0.0,,False,1.6821863651275635
347,0.0006431983783841133,3.09526768660362e-07,0.0008053947822190821,-9.696581400930882e-05,2.184809488881001e-07,0.0001975441409740597,0.0003362198476679623,-13.083521842956543,0.069101482629776,0.0005502649582922459,0.0737806111574173,0.5183925628662109,0.0001293157401960343,0.5071301460266113,0.012195748277008533,-5.880975246429443,0.5037158131599426,0.00015637731121387333,0.5090587735176086,0.005342960357666016,-3.3714041709899902,0.947909414768219,0.0037256069481372833,0.9582593441009521,0.010349929332733154,-1.862947940826416,0.31474605202674866,0.005002915859222412,0.33000001311302185,0.015253961086273193,-1.7066738605499268,0.22385793924331665,0.0,0.22385793924331665,0.010074784979224205,0.0,0.010074784979224205,1.0,2.0,-19.474002838134766,1784672191.83942,57.681243896484375,,31.133056017940618,10.019546975124001,0.0,,False,1.6821863651275635
348,0.0006681621307507157,3.223431690457801e-07,0.0008318395703099668,-8.215894922614098e-05,2.21751918161317e-07,0.00020410875731613487,0.00032975676003843546,-13.07046890258789,0.0711325854063034,0.0005548677290789783,0.07671190798282623,0.5180707573890686,0.00012964145571459085,0.5105491876602173,0.009364980272948742,-6.139637470245361,0.5030887126922607,0.000155327667016536,0.5089614391326904,0.0058727264404296875,-3.3550283908843994,0.9522914886474609,0.003622607793658972,1.0,0.04770851135253906,-1.5771896839141846,0.3160724639892578,0.005566147156059742,0.3296777307987213,0.013605266809463501,-1.659960150718689,0.2698870003223419,0.0,0.2698870003223419,0.014506727457046509,0.0,0.014506727457046509,1.0,2.0,-19.65969467163086,1784672191.9462454,57.78806924819946,,30.378440952149845,9.535799994663897,0.0,,False,1.6821863651275635
349,0.0006867459742352366,3.352963631186867e-07,0.0008861790993250906,-6.199255585670471e-05,2.2538681321293552e-07,0.00021682106307707727,0.0003427982155699283,-13.037208557128906,0.07335545122623444,0.0005587125197052956,0.08094152063131332,0.5179316401481628,0.00013005040818825364,0.5102359056472778,0.010806145146489143,-6.101656436920166,0.5028047561645508,0.00015389789768960327,0.5082453489303589,0.0054405927658081055,-3.374504327774048,0.9556337594985962,0.003510896349325776,1.0,0.04436624050140381,-1.6266814470291138,0.3177374601364136,0.006193096749484539,0.3296777307987213,0.01194027066230774,-1.6117111444473267,0.32020804286003113,0.0,0.32020804286003113,0.020414726808667183,0.0,0.020414726808667183,1.0,2.0,-19.605785369873047,1784672192.0557637,57.8975875377655,,29.677735188116884,9.100302020475155,0.0,,False,1.6821863651275635
350,0.0007046335376799107,3.4623141687006864e-07,0.0006120906327851117,-4.7450652346014977e-05,2.2700180579704465e-07,0.00014985700545366853,0.00021793233463540673,-13.151239395141602,0.07537105679512024,0.0005633770488202572,0.08423580974340439,0.5176234841346741,0.00012843844888266176,0.5134484171867371,0.009798726066946983,-6.24533224105835,0.5023380517959595,0.0001500977377872914,0.5079251527786255,0.005587100982666016,-3.3791887760162354,0.9586711525917053,0.0034209603909403086,1.0,0.04132884740829468,-1.670330286026001,0.3206753134727478,0.006813189014792442,0.3296777307987213,0.00900241732597351,-1.5695613622665405,0.3691680133342743,0.0,0.3691680133342743,0.027334468439221382,0.0,0.027334468439221382,1.0,2.0,-19.837099075317383,1784672192.1499212,57.99174499511719,,28.745715718639588,8.7069538284672,0.0,,False,1.6821863651275635
351,0.0007441320922225714,3.514211073252227e-07,0.0013536032056435943,-2.6331748813390732e-05,2.250032480333175e-07,0.00033425891888327897,0.0007081530056893826,-12.428892135620117,0.07977387309074402,0.0005596071132458746,0.08842992037534714,0.5170142650604248,0.0001272162771783769,0.5162173509597778,0.008692653849720955,-6.321629047393799,0.5018559098243713,0.00014566886238753796,0.5077897906303406,0.005933880805969238,-3.377288818359375,0.9613493084907532,0.0033113621175289154,1.0,0.038650691509246826,-1.710691213607788,0.3244462013244629,0.007477958220988512,0.3296777307987213,0.005231529474258423,-1.5271291732788086,0.41146227717399597,0.0,0.41146227717399597,0.03422417864203453,0.0,0.03422417864203453,1.0,2.0,-19.17483901977539,1784672192.2660172,58.10784101486206,,28.475956304704283,8.356037825446975,0.0,,False,1.6821863651275635
352,0.0007903496734797955,3.519597555623477e-07,0.0010248894104734063,-6.088754162192345e-06,2.2002390664965787e-07,0.00025318528059870005,0.00034961680648848414,-13.02585220336914,0.08551767468452454,0.0005498857353813946,0.0935346856713295,0.5160930752754211,0.00012618862092494965,0.5172913670539856,0.008106069639325142,-6.339757919311523,0.5013783574104309,0.0001411686243955046,0.5072895884513855,0.00591123104095459,-3.3900771141052246,0.9636920094490051,0.003186858259141445,1.0,0.03630799055099487,-1.7485921382904053,0.33013206720352173,0.00828256830573082,0.3296777307987213,0.00045433640480041504,-1.4778499603271484,0.44596439599990845,0.0,0.44596439599990845,0.03996523097157478,0.0,0.03996523097157478,1.0,2.0,-19.792695999145508,1784672192.363929,58.20575284957886,,27.58833991139886,8.054401035378412,0.0,,False,1.6821863651275635
353,0.0008368751732632518,3.494626810152113e-07,0.0010607216972857714,8.162576705217361e-06,2.148494360199038e-07,0.00026272289687767625,0.0003389811608940363,-13.049724578857422,0.09156873822212219,0.0005370735307224095,0.09727582335472107,0.5147327780723572,0.00012658438936341554,0.5173556804656982,0.006280958186835051,-6.35661506652832,0.5007461309432983,0.00013862110790796578,0.5069089531898499,0.006162822246551514,-3.385951042175293,0.9661576151847839,0.0030720080249011517,1.0,0.033842384815216064,-1.7873631715774536,0.33717188239097595,0.009144872426986694,0.33000001311302185,0.0071718692779541016,-1.425530195236206,0.4683646857738495,0.0,0.4683646857738495,0.04328378662467003,0.0,0.04328378662467003,1.0,2.0,-19.827993392944336,1784672192.4694571,58.311280965805054,,26.665426124294612,7.80508401040079,0.0,,False,1.6821863651275635
354,0.0008860556408762932,3.4800640946741623e-07,0.0011263055494055152,1.5792902559041977e-05,2.1156337481897936e-07,0.00028041721088811755,0.00035741578903980553,-13.033590316772461,0.09691374003887177,0.0005272476701065898,0.10280174016952515,0.5131533741950989,0.00012779013195540756,0.5172717571258545,0.007185375317931175,-6.319363594055176,0.4998849630355835,0.000137456227093935,0.506434440612793,0.006549477577209473,-3.3711299896240234,0.9687680602073669,0.0029895815532654524,1.0,0.031231939792633057,-1.8242336511611938,0.344368040561676,0.009915380738675594,0.33000001311302185,0.014368027448654175,-1.3774853944778442,0.49054673314094543,0.0,0.49054673314094543,0.04650919884443283,0.0,0.04650919884443283,1.0,2.0,-19.774646759033203,1784672192.5638826,58.40570640563965,,25.795858971101495,7.603811786181531,0.0,,False,1.6821863651275635
355,0.000938642886467278,3.4486848221604305e-07,0.0011760914931073785,1.658964902162552e-05,2.079630405660282e-07,0.00029319588793441653,0.00036454471410252154,-13.02942943572998,0.10177741944789886,0.0005183663452044129,0.10695534944534302,0.511522650718689,0.00012883500312454998,0.5170961618423462,0.007607561536133289,-6.276607513427734,0.49887457489967346,0.00013597102952189744,0.505730926990509,0.006856352090835571,-3.359729528427124,0.9707809090614319,0.0029180303681641817,1.0,0.029219090938568115,-1.8531949520111084,0.3472228944301605,0.010297229513525963,0.33000001311302185,0.017222881317138672,-1.3545985221862793,0.5107357501983643,0.0,0.5107357501983643,0.05050160735845566,0.0,0.05050160735845566,1.0,2.0,-19.730581283569336,1784672192.6587594,58.50058317184448,,24.970357293372246,7.425426434253836,0.0,,False,1.6821863651275635
356,0.0009940466843545437,3.4088856182279414e-07,0.001293324283324182,1.6166595742106438e-05,2.0398233857576997e-07,0.00032213752274401486,0.0004280014836695045,-12.949745178222656,0.10653159022331238,0.0005105453892610967,0.11202502250671387,0.509969174861908,0.00012969189265277237,0.5167722702026367,0.00874413549900055,-6.219327449798584,0.4978531002998352,0.00013389455853030086,0.5046968460083008,0.006843745708465576,-3.3653883934020996,0.9719110727310181,0.002857874846085906,1.0,0.028088927268981934,-1.8718626499176025,0.3455618619918823,0.010322350077331066,0.33000001311302185,0.015561848878860474,-1.3560529947280884,0.5334905385971069,0.0,0.5334905385971069,0.05653420835733414,0.0,0.05653420835733414,1.0,2.0,-19.607900619506836,1784672192.7653298,58.60715365409851,,24.267536279705496,7.245586609784333,0.0,,False,1.6821863651275635
357,0.0010513984598219395,3.3684341360640246e-07,0.0013281131396070123,1.4082994312047958e-05,1.9975419718321064e-07,0.0003325226716697216,0.00042187064536847174,-12.959554672241211,0.11104264855384827,0.0005040810792706907,0.11804932355880737,0.5084956288337708,0.000130734610138461,0.5163756608963013,0.010544591583311558,-6.143499374389648,0.4968514144420624,0.00013175718777347356,0.5043818950653076,0.007530480623245239,-3.333137035369873,0.9724420309066772,0.0028127916157245636,1.0,0.027557969093322754,-1.882852554321289,0.33999526500701904,0.01009840052574873,0.33000001311302185,0.009995251893997192,-1.3738040924072266,0.5589234232902527,0.0,0.5589234232902527,0.06501425057649612,0.0,0.06501425057649612,1.0,2.0,-19.540924072265625,1784672192.8387802,58.680603981018066,,23.631691813279957,7.047995687635691,0.0,,False,1.6821863651275635
358,0.0011155225802212954,3.327248805362615e-07,0.0013435520231723785,1.3080192729830742e-05,1.9540308926480066e-07,0.00033612284460105,0.0003954161948058754,-12.999031066894531,0.11587335169315338,0.0004971589660272002,0.12247782945632935,0.5071879625320435,0.0001320030278293416,0.5162147283554077,0.011184883303940296,-6.079258918762207,0.4959370791912079,0.00012929651711601764,0.5039259791374207,0.007988899946212769,-3.310955762863159,0.9728416204452515,0.002767933299764991,1.0,0.027158379554748535,-1.8926522731781006,0.33149635791778564,0.009856642223894596,0.33000001311302185,0.001496344804763794,-1.3907527923583984,0.5819482207298279,0.0,0.5819482207298279,0.07502318173646927,0.0,0.07502318173646927,1.0,2.0,-19.517915725708008,1784672192.93467,58.7764937877655,,23.018855693412036,6.833456065535877,0.0,,False,1.6821863651275635
359,0.0011844874825328588,3.2651692549734435e-07,0.0014342687791213393,2.006138674914837e-05,1.9057326028359967e-07,0.0003595059097278863,0.0004214419168420136,-12.968284606933594,0.12214064598083496,0.0004874800215475261,0.12776552140712738,0.5068208575248718,0.00013137843052390963,0.516272783279419,0.010999005287885666,-6.071510314941406,0.49552881717681885,0.0001237226533703506,0.5029224753379822,0.00739365816116333,-3.358873128890991,0.972572386264801,0.002724515739828348,1.0,0.027427613735198975,-1.8957374095916748,0.3173195421695709,0.009708438068628311,0.33000001311302185,0.012680470943450928,-1.390160322189331,0.6051004528999329,0.0,0.6051004528999329,0.0881088450551033,0.0,0.0881088450551033,1.0,2.0,-19.504928588867188,1784672193.0322063,58.874030113220215,,22.419006710384934,6.619508913605131,0.0,,False,1.6821863651275635
360,0.0012506282655522227,3.2057909038485377e-07,0.0017719399183988571,2.6553170755505562e-05,1.8669030055207259e-07,0.0004431013949215412,0.0006672917515970767,-12.497024536132812,0.12843307852745056,0.0004781968891620636,0.1329565942287445,0.5071629285812378,0.0001302521995967254,0.514439582824707,0.00856807455420494,-6.233232498168945,0.49557411670684814,0.0001173858399852179,0.50013267993927,0.004558563232421875,-3.5175697803497314,0.9720391035079956,0.0026913019828498363,1.0,0.027960896492004395,-1.8946787118911743,0.29336515069007874,0.009691374376416206,0.33000001311302185,0.036634862422943115,-1.3300782442092896,0.6240208148956299,0.0,0.6240208148956299,0.10501854121685028,0.0,0.10501854121685028,1.0,2.0,-19.242395401000977,1784672193.1468506,58.98867440223694,,22.081690915224044,6.465643839654426,0.0,,False,1.6821863651275635
361,0.0013228890020400286,3.1458941407436214e-07,0.0016002856427803636,3.2079871743917465e-05,1.8281534153175016e-07,0.0004024543450213969,0.0004627376620192081,-12.908035278320312,0.1348588764667511,0.00046951312106102705,0.13891500234603882,0.5073159337043762,0.00012980248720850796,0.5128319263458252,0.0068467753008008,-6.3340559005737305,0.49548032879829407,0.00011165962496306747,0.4987543225288391,0.003273993730545044,-3.5830905437469482,0.9710777401924133,0.0026688948273658752,1.0,0.02892225980758667,-1.887394666671753,0.2644874155521393,0.009440737776458263,0.33000001311302185,0.06551259756088257,-1.1851146221160889,0.642545759677887,0.0,0.642545759677887,0.1266493946313858,0.0,0.1266493946313858,1.0,2.0,-19.766826629638672,1784672193.2410486,59.08287239074707,,21.21994389142546,6.456742387796922,0.0,,False,1.6821863651275635
362,0.0013723192969337106,3.165459361298417e-07,0.0016029600519686937,2.1619722247123718e-05,1.885084941477544e-07,0.0004042040091007948,0.00044672799413092434,-12.914825439453125,0.13904330134391785,0.0004705301544163376,0.14393393695354462,0.5092447400093079,0.00013734027743339539,0.5117521286010742,0.005495936144143343,-6.391167640686035,0.49680444598197937,0.0001118623185902834,0.4969608187675476,0.0001563727855682373,-3.630073070526123,0.9665051698684692,0.0027782106772065163,1.0,0.03349483013153076,-1.8221242427825928,0.17907407879829407,0.009008446708321571,0.3290331959724426,0.14995911717414856,-0.18771052360534668,0.6697699427604675,0.0,0.6697699427604675,0.20564709603786469,0.0,0.20564709603786469,1.0,2.0,-19.842796325683594,1784672193.3466237,59.18844747543335,,20.28222717158195,7.44524503445016,0.0,,False,1.6821863651275635
363,0.0014395547332242131,3.099944478890393e-07,0.0016505792737007141,2.7461908757686615e-05,1.8317567196390883e-07,0.00041643669828772545,0.00044252994121052325,-12.927066802978516,0.1443372517824173,0.0004632534401025623,0.14805197715759277,0.5095075368881226,0.0001359463931294158,0.5106023550033569,0.003872700734063983,-6.433063507080078,0.49678581953048706,0.00010672268399503082,0.49629709124565125,0.0004887282848358154,-3.652580738067627,0.9662324786186218,0.0027428362518548965,1.0,0.033767521381378174,-1.8225839138031006,0.16975614428520203,0.008499096147716045,0.3296777307987213,0.1599215865135193,0.03960740566253662,0.6821853518486023,0.0,0.6821853518486023,0.21835792064666748,0.0,0.21835792064666748,1.0,2.0,-19.89980697631836,1784672193.4404972,59.282320976257324,,19.287499801103678,8.661065610371281,0.0,,False,1.6821863651275635
364,0.0015000165440142155,3.0575415621569846e-07,0.0017272590193897486,3.5960227251052856e-05,1.791029120568055e-07,0.0004360888560768217,0.00046015437692403793,-12.898613929748535,0.14905963838100433,0.00045875264913775027,0.1536312997341156,0.509575366973877,0.00013527604460250586,0.5108177661895752,0.004737472161650658,-6.431234836578369,0.49674880504608154,0.00010270910570397973,0.4955407679080963,0.0012080371379852295,-3.665761947631836,0.965991199016571,0.00271923141553998,1.0,0.034008800983428955,-1.822094202041626,0.16271154582500458,0.008006718009710312,0.3258105516433716,0.163099005818367,0.16638684272766113,0.6936995983123779,0.0,0.6936995983123779,0.22935821115970612,0.0,0.22935821115970612,1.0,2.0,-19.876483917236328,1784672193.534606,59.37642979621887,,18.316095489707436,10.003665623357527,0.0,,False,1.6821863651275635
365,0.0015657668700441718,3.0329644573612313e-07,0.0017379504861310124,3.937864676117897e-05,1.7643279193180206e-07,0.0004408789100125432,0.0004368634254205972,-12.935850143432617,0.15331003069877625,0.000455212575616315,0.15753917396068573,0.5092372298240662,0.00013619720994029194,0.5109850764274597,0.00457609212026,-6.429338455200195,0.4964720606803894,0.00010039939661510289,0.49450981616973877,0.0019622445106506348,-3.66506290435791,0.9658214449882507,0.0026995022781193256,1.0,0.03417855501174927,-1.8220371007919312,0.15525177121162415,0.007650754880160093,0.32935547828674316,0.17410370707511902,0.46345055103302,0.7034515142440796,0.0,0.7034515142440796,0.24272435903549194,0.0,0.24272435903549194,1.0,2.0,-19.91185188293457,1784672193.6402364,59.4820601940155,,17.309323212612952,11.643329344649132,0.0,,False,1.6821863651275635
366,0.0016306526958942413,3.0153154284562333e-07,0.0017928414745256305,3.9419857785105705e-05,1.7421513121007592e-07,0.0004543860559351742,0.00044553581392392516,-12.912979125976562,0.15710586309432983,0.0004519181966315955,0.16297031939029694,0.5086794495582581,0.00013758933346252888,0.5099230408668518,0.005994861479848623,-6.415075302124023,0.4960247576236725,9.882414451567456e-05,0.4933299720287323,0.0026947855949401855,-3.655404567718506,0.9658117890357971,0.002678104443475604,1.0,0.03418821096420288,-1.8241642713546753,0.14922714233398438,0.00736258877441287,0.2940673828125,0.14484024047851562,-0.11205136775970459,0.7107143402099609,0.0,0.7107143402099609,0.25450894236564636,0.0,0.25450894236564636,1.0,2.0,-19.87274169921875,1784672193.7362964,59.57812023162842,,16.34166111923429,12.707491147148012,0.0,,False,1.6821863651275635
367,0.0016900337068364024,2.979639361910813e-07,0.0019265471491962671,4.839128814637661e-05,1.714337827252166e-07,0.0004851609992329031,0.0004966954584233463,-12.814546585083008,0.16105103492736816,0.0004481795185711235,0.16681170463562012,0.5079190731048584,0.00013890385162085295,0.5090506672859192,0.005870759952813387,-6.416513442993164,0.4955415427684784,9.730504098115489e-05,0.4925508499145508,0.0029906928539276123,-3.6539313793182373,0.9662228226661682,0.0026559524703770876,1.0,0.03377717733383179,-1.8317561149597168,0.14451327919960022,0.006967624649405479,0.32935547828674316,0.18484219908714294,0.8875120878219604,0.7205144166946411,0.0,0.7205144166946411,0.26763272285461426,0.0,0.26763272285461426,1.0,2.0,-19.774723052978516,1784672193.830454,59.67227792739868,,15.472017672095859,14.771216405228557,0.0,,False,1.6821863651275635
368,0.0017529490869492292,2.979543296532938e-07,0.00196650717407465,4.7342851758003235e-05,1.7014589559494198e-07,0.0004954559844918549,0.0004963994724676013,-12.801959037780762,0.16467911005020142,0.0004460476338863373,0.17213870584964752,0.5070950984954834,0.00014091712364461273,0.5078622698783875,0.007498941384255886,-6.388869762420654,0.4949208199977875,9.645453246776015e-05,0.49134913086891174,0.0035716891288757324,-3.6381514072418213,0.965933620929718,0.0026409935671836138,1.0,0.03406637907028198,-1.8296493291854858,0.1393234133720398,0.006725610699504614,0.31791505217552185,0.17859163880348206,0.7891803979873657,0.7254863977432251,0.0,0.7254863977432251,0.2793874442577362,0.0,0.2793874442577362,1.0,2.0,-19.732131958007812,1784672193.9380121,59.77983593940735,,14.644965319928133,16.736609973474508,0.0,,False,1.6821863651275635
369,0.001808778615668416,2.9687791425203613e-07,0.0019515908788889647,4.418427124619484e-05,1.6853603312938503e-07,0.0004898784682154655,0.0004680156707763672,-12.851482391357422,0.16756847500801086,0.00044334534322842956,0.1759265810251236,0.5062994360923767,0.0001424606889486313,0.5072246193885803,0.008409155532717705,-6.369136810302734,0.4943382143974304,9.578683238942176e-05,0.49134913086891174,0.0029890835285186768,-3.661116123199463,0.9661396145820618,0.0026240195147693157,1.0,0.03386038541793823,-1.834118127822876,0.13555967807769775,0.006519160233438015,0.0,0.13555967807769775,-0.1881495714187622,0.730521559715271,0.0,0.730521559715271,0.29038184881210327,0.0,0.29038184881210327,1.0,2.0,-19.77735137939453,1784672194.0335016,59.875325441360474,,13.772693546373688,17.72467357231433,0.0,,False,1.6821863651275635
370,0.0018766166176646948,2.8049720413036994e-07,0.002015518955886364,6.216345354914665e-05,1.603916359727009e-07,0.0005044465651735663,0.00046358193503692746,-12.884102821350098,0.1711210310459137,0.00043522496707737446,0.1804671734571457,0.5068656206130981,0.0001354499108856544,0.5059961080551147,0.009386503137648106,-6.382259368896484,0.4948132634162903,8.971679926617071e-05,0.48828333616256714,0.0065299272537231445,-3.5028512477874756,0.9682818055152893,0.0025799504946917295,1.0,0.03171819448471069,-1.8660807609558105,0.13132864236831665,0.0065351552329957485,0.0,0.13132864236831665,-0.27676916122436523,0.7469536066055298,0.0,0.7469536066055298,0.31439459323883057,0.0,0.31439459323883057,1.0,2.0,-19.741334915161133,1784672194.1403496,59.982173442840576,,12.936438237052641,18.62411758134855,0.0,,False,1.6821863651275635
371,0.0019561517983675003,2.724838452650147e-07,0.0024265951942652464,7.823691703379154e-05,1.5373767325854715e-07,0.0006064508343115449,0.0007073379238136113,-12.250442504882812,0.17702245712280273,0.0004302770539652556,0.18583394587039948,0.5070639848709106,0.0001273386151297018,0.5022444725036621,0.010043407790362835,-6.3405656814575195,0.4948144257068634,8.196831186069176e-05,0.4877178370952606,0.007096588611602783,-3.4784488677978516,0.9681639671325684,0.0025052623823285103,1.0,0.03183603286743164,-1.8734614849090576,0.1265590935945511,0.0064981430768966675,0.0,0.1265590935945511,-0.3667360544204712,0.7485966682434082,1.0,0.2514033317565918,0.3209640383720398,1.0,0.6790359616279602,1.0,2.0,-19.062118530273438,1784672194.2355967,60.077420473098755,,12.77939931261929,19.433594697186663,0.10212441340201206,,False,1.6821863651275635
372,0.002037954982370138,2.5914309276231506e-07,0.002561967819929123,9.341654367744923e-05,1.477117024251129e-07,0.000635602860711515,0.0007540261722169816,-12.084197998046875,0.18253687024116516,0.0004191428888589144,0.19147779047489166,0.5055808424949646,0.00012754788622260094,0.5026663541793823,0.009403951466083527,-6.405622482299805,0.4928593337535858,7.95832893345505e-05,0.48740825057029724,0.005451083183288574,-3.6137278079986572,0.9749037623405457,0.0025001124013215303,1.0,0.025096237659454346,-1.9508126974105835,0.12214520573616028,0.005471104755997658,0.0,0.12214520573616028,-0.3217219114303589,0.779378354549408,1.0,0.22062164545059204,0.36325177550315857,1.0,0.636748194694519,1.0,1.0,-19.015560150146484,1784672194.3299344,60.17175817489624,,12.668918768312892,20.28808595601489,0.16196105987058296,,False,1.6821863651275635
373,0.001983214169740677,2.498935316452844e-07,0.0022177707869559526,0.00014800671488046646,1.476650766107923e-07,0.0005479520768858492,0.00046365190064534545,-12.975698471069336,0.18224671483039856,0.0004240830603521317,0.19558440148830414,0.504207193851471,0.00012839534610975534,0.505327582359314,0.013384661637246609,-6.310483932495117,0.49161070585250854,8.045830327318981e-05,0.4870275855064392,0.004583120346069336,-3.6644136905670166,0.9733054637908936,0.00262474431656301,1.0,0.026694536209106445,-1.916701078414917,0.1245703399181366,0.004911880474537611,0.0,0.1245703399181366,-0.15949463844299316,0.8130548596382141,1.0,0.1869451403617859,0.41643065214157104,1.0,0.583569347858429,1.0,2.0,-19.856292724609375,1784672194.4360776,60.27790141105652,,11.717705649543603,21.30480448783048,0.16861885950306377,,False,1.6821863651275635
374,0.002104234416037798,2.3130859005959792e-07,0.0022620330564677715,0.00016396725550293922,1.3894876360609487e-07,0.0005567538901232183,0.00042329865391366184,-13.087461471557617,0.19183515012264252,0.0004017080063931644,0.20119696855545044,0.5045034885406494,0.00013070032582618296,0.5044503808021545,0.00936196930706501,-6.43421745300293,0.4918098747730255,7.730024663032964e-05,0.48566821217536926,0.00614166259765625,-3.570984363555908,0.9763115048408508,0.0024824615102261305,1.0,0.02368849515914917,-1.9672918319702148,0.11087872087955475,0.003482585772871971,0.0,0.11087872087955475,-0.14597082138061523,0.8538578748703003,1.0,0.1461421251296997,0.5050839781761169,1.0,0.49491602182388306,1.0,2.0,-20.020328521728516,1784672194.5319877,60.37381148338318,,10.602456733655174,22.33504683670845,0.08662333310099868,,False,1.6821863651275635
375,0.002217421540990472,2.2747335037820449e-07,0.0023379032500088215,0.00017904257401823997,1.3717935587465035e-07,0.0005715325241908431,0.00041056572808884084,-13.117835998535156,0.19958530366420746,0.0003936581779271364,0.20517699420452118,0.5042123794555664,0.00013613513146992773,0.5033069252967834,0.005664525553584099,-6.49034309387207,0.49114325642585754,7.71440754760988e-05,0.4855116307735443,0.005631625652313232,-3.6104211807250977,0.9770091772079468,0.0024566177744418383,1.0,0.022990822792053223,-1.9779640436172485,0.09451954811811447,0.0025480948388576508,0.0,0.09451954811811447,-0.3142024278640747,0.8872201442718506,1.0,0.11277985572814941,0.618712306022644,1.0,0.38128769397735596,1.0,2.0,-20.115320205688477,1784672194.63652,60.47834372520447,,9.392216133806784,23.19705757910296,0.0,,False,1.6821863651275635
376,0.0023283567279577255,2.2598128168738185e-07,0.001898316666483879,0.00019172229804098606,1.3622585015582445e-07,0.00046344855218194425,0.000508694036398083,-13.037820816040039,0.206885427236557,0.00038703333120793104,0.21073494851589203,0.5038632154464722,0.00014181743608787656,0.502816379070282,0.0039893207140266895,-6.498100280761719,0.4904932677745819,7.736543921055272e-05,0.48630186915397644,0.004191398620605469,-3.7010085582733154,0.9779563546180725,0.0024440123233944178,1.0,0.02204364538192749,-1.9887077808380127,0.07926943153142929,0.0019043416250497103,0.0,0.07926943153142929,-0.5630508661270142,0.9112398624420166,1.0,0.0887601375579834,0.7132100462913513,1.0,0.2867899537086487,1.0,2.0,-20.08680534362793,1784672194.7316585,60.573482275009155,,8.21049039601894,23.81021988323453,0.0,,False,1.6821863651275635
377,0.0024278529454022646,2.2549490097389935e-07,0.003296692855656147,0.00020547816529870033,1.357726091555378e-07,0.000799921341240406,0.0010527323465794325,-10.745609283447266,0.21346093714237213,0.0003827582113444805,0.2155001312494278,0.5034537315368652,0.0001465741079300642,0.5028631687164307,0.002122987760230899,-6.503544330596924,0.48985984921455383,7.746338815195486e-05,0.48594292998313904,0.003916919231414795,-3.7148847579956055,0.9793768525123596,0.0024484547320753336,1.0,0.02062314748764038,-2.000357151031494,0.06670054793357849,0.0014901335816830397,0.0,0.06670054793357849,-0.8426997661590576,0.927632749080658,1.0,0.07236725091934204,0.7801013588905334,1.0,0.21989864110946655,1.0,2.0,-17.80588722229004,1784672194.8469753,60.688799142837524,,9.309682779568988,24.143733287334058,0.0,,False,1.6821863651275635
378,0.0025523710064589977,2.2482453232441912e-07,0.002570963464677334,0.00021630199626088142,1.3505605522823316e-07,0.0006189328851178288,0.0004030599375255406,-13.123950958251953,0.22095459699630737,0.0003783049469348043,0.22026288509368896,0.5028002858161926,0.00015125043864827603,0.5018099546432495,0.001207982306368649,-6.4964399337768555,0.4890989065170288,7.719963468844071e-05,0.48452967405319214,0.00456923246383667,-3.6803994178771973,0.9808972477912903,0.0024554599076509476,1.0,0.019102752208709717,-2.011475086212158,0.055833443999290466,0.0012147186789661646,0.0,0.055833443999290466,-1.1545162200927734,0.9387211203575134,1.0,0.06127887964248657,0.8254001140594482,1.0,0.17459988594055176,1.0,2.0,-20.16130256652832,1784672194.962284,60.804107904434204,,8.053459818880754,24.16543023749987,0.0,,False,1.6821863651275635
379,0.0026504492852836847,2.231531794905095e-07,0.002559881191700697,0.00021765823476016521,1.3410901544830267e-07,0.0006124147330410779,0.0004050126881338656,-13.132761001586914,0.22689303755760193,0.00037467433139681816,0.22560004889965057,0.5024119019508362,0.00015443580923601985,0.5000479817390442,0.0026944272685796022,-6.474392414093018,0.48863035440444946,7.692920917179435e-05,0.484943151473999,0.0036872029304504395,-3.7290103435516357,0.9822936058044434,0.002466165693476796,1.0,0.01770639419555664,-2.020043134689331,0.04872480034828186,0.0010600850218906999,0.0,0.04872480034828186,-1.3859928846359253,0.9444268345832825,1.0,0.05557316541671753,0.8481704592704773,1.0,0.1518295407295227,1.0,2.0,-20.176780700683594,1784672195.0456245,60.88744831085205,,6.781758724037246,23.95565052312253,0.0,,False,1.6821863651275635
380,0.002742389217019081,2.2142400268876372e-07,0.0023262756876647472,0.00021730968728661537,1.333137049641664e-07,0.0005536998505704105,0.0005350783467292786,-12.92359733581543,0.23240739107131958,0.00037223147228360176,0.22936458885669708,0.502065122127533,0.00015666222316212952,0.49823474884033203,0.004891871474683285,-6.4315667152404785,0.4882282316684723,7.646060112165287e-05,0.4850481152534485,0.0031801164150238037,-3.754295825958252,0.983432412147522,0.002483245451003313,1.0,0.016567587852478027,-2.024888515472412,0.04388577491044998,0.0009667069534771144,0.0,0.04388577491044998,-1.5557236671447754,0.9476869106292725,1.0,0.05231308937072754,0.8610197305679321,1.0,0.13898026943206787,0.0,2.0,-19.945999145507812,1784672195.1504054,60.99222922325134,,5.74083918436952,23.576140026236338,0.0,,False,1.6821863651275635
381,0.0028425678610801697,2.1007375039516774e-07,0.002665806096047163,0.00022024894133210182,1.2736418852909992e-07,0.0006336217047646642,0.00044957955833524466,-13.042946815490723,0.2386625111103058,0.00036522309528663754,0.23313689231872559,0.5014947056770325,0.000156536785652861,0.4979253113269806,0.006578224711120129,-6.418238639831543,0.4872960150241852,7.465551607310772e-05,0.48474279046058655,0.002553224563598633,-3.7887144088745117,0.9828327298164368,0.0025508739054203033,1.0,0.017167270183563232,-2.00895357131958,0.03918012976646423,0.0008829821599647403,0.0,0.03918012976646423,-1.7279038429260254,0.9500849843025208,1.0,0.04991501569747925,0.8676173686981201,1.0,0.13238263130187988,0.0,2.0,-20.071895599365234,1784672195.2448528,61.086676597595215,,4.574023190844372,23.024449353568897,0.0,,False,1.6821863651275635
382,0.0029324586503207684,2.0187729887766181e-07,0.002222294919192791,0.00022499822080135345,1.2407701888150768e-07,0.0005265625659376383,0.0007715397514402866,-12.205530166625977,0.24466992914676666,0.00035966301220469177,0.23853659629821777,0.5012902617454529,0.00015724095283076167,0.4955269694328308,0.00841625314205885,-6.348244667053223,0.48703619837760925,7.374052802333608e-05,0.48417946696281433,0.002856731414794922,-3.783205270767212,0.9821435809135437,0.0025745697785168886,1.0,0.0178564190864563,-2.0001747608184814,0.03703750669956207,0.0008175765979103744,0.0,0.03703750669956207,-1.7967157363891602,0.9516903758049011,1.0,0.04830962419509888,0.8685929775238037,1.0,0.1314070224761963,0.0,2.0,-19.175729751586914,1784672195.360152,61.20197582244873,,4.303373045097544,22.403946787438322,0.0,,False,1.6821863651275635
383,0.003018935676664114,1.9588394195579895e-07,0.002839434891939163,0.0002309123519808054,1.2188154130399198e-07,0.0006733911577612162,0.00047750186058692634,-12.959671020507812,0.25068846344947815,0.0003575320588424802,0.2419489473104477,0.5011641383171082,0.00015641846403013915,0.4956324100494385,0.010343072935938835,-6.307124614715576,0.4869177043437958,7.238356192829087e-05,0.48423072695732117,0.0026869773864746094,-3.797954797744751,0.9814543128013611,0.002619023434817791,1.0,0.018545687198638916,-1.9878759384155273,0.03558328002691269,0.0007690098136663437,0.0,0.03558328002691269,-1.8430181741714478,0.9533653259277344,1.0,0.046634674072265625,0.8699290156364441,1.0,0.1300709843635559,0.0,2.0,-19.904348373413086,1784672195.4656851,61.30750894546509,,3.3041042775245444,21.73714178352546,0.0,,False,1.6821863651275635
384,0.0031031575053930283,1.9104020054783177e-07,0.0028063389472663403,0.00023485813289880753,1.201509718384841e-07,0.0006577576277777553,0.0005166674382053316,-12.889942169189453,0.25658145546913147,0.00035643804585561156,0.2479119896888733,0.5011129975318909,0.00015492294915020466,0.4994205832481384,0.008833114057779312,-6.403413772583008,0.4869033098220825,7.075619214447215e-05,0.48427829146385193,0.002625018358230591,-3.8105032444000244,0.9810664057731628,0.0026607769541442394,1.0,0.018933594226837158,-1.9782660007476807,0.034452758729457855,0.0007343912729993463,0.0,0.034452758729457855,-1.8811484575271606,0.9547975659370422,1.0,0.045202434062957764,0.871226966381073,1.0,0.128773033618927,0.0,2.0,-19.917924880981445,1784672195.560532,61.402355909347534,,2.2912590023831854,21.032206496256883,0.0,,False,1.6821863651275635
385,0.003187543246895075,1.8609043195283448e-07,0.0029030386358499527,0.0002342662774026394,1.1813693845397211e-07,0.0006798094254918396,0.0005286317900754511,-12.828703880310059,0.26236528158187866,0.0003541970218066126,0.2521568834781647,0.5012234449386597,0.0001527801068732515,0.4996322989463806,0.010331656783819199,-6.372812271118164,0.48704713582992554,6.875464168842882e-05,0.4842020571231842,0.002845078706741333,-3.8146798610687256,0.9814419746398926,0.0026755002327263355,1.0,0.018558025360107422,-1.9785091876983643,0.033394940197467804,0.000705846818163991,0.0,0.033394940197467804,-1.919128656387329,0.955811619758606,1.0,0.04418838024139404,0.8717435002326965,1.0,0.12825649976730347,0.0,2.0,-19.834293365478516,1784672195.6439962,61.485820055007935,,1.362045242744756,20.28929101012814,0.0,,False,1.6821863651275635
386,0.0032682297751307487,1.8246153388190578e-07,0.0029271217063069344,0.00023482856340706348,1.1662747567697807e-07,0.0006833701045252383,0.0005635106354020536,-12.721248626708984,0.26801976561546326,0.00035311997635290027,0.25806668400764465,0.5013172030448914,0.0001506019470980391,0.4990893006324768,0.010199381969869137,-6.380160808563232,0.48717379570007324,6.672009476460516e-05,0.4840037226676941,0.0031700730323791504,-3.813253879547119,0.9820267558097839,0.0026947027072310448,1.0,0.017973244190216064,-1.979355812072754,0.03260438144207001,0.0006864101160317659,0.0,0.03260438144207001,-1.9487274885177612,0.956613302230835,1.0,0.04338669776916504,0.8724797368049622,1.0,0.12752026319503784,0.0,2.0,-19.732006072998047,1784672195.7381608,61.57998466491699,,0.5351187755867954,19.516776691868962,0.0,,False,1.6821863651275635
387,0.0033427260350435972,1.7974842592138884e-07,0.0029823302756994963,0.00023650424554944038,1.1544796763018894e-07,0.0006945919012650847,0.0005828631110489368,-12.645076751708984,0.2733725607395172,0.00035227116313762963,0.2615396976470947,0.5014275312423706,0.00014861999079585075,0.49874547123908997,0.012133017182350159,-6.321801662445068,0.4873467683792114,6.48392888251692e-05,0.48412656784057617,0.003220200538635254,-3.8228960037231445,0.9827603697776794,0.0027028543408960104,1.0,0.017239630222320557,-1.9828052520751953,0.031891465187072754,0.0006727656000293791,0.0,0.031891465187072754,-1.9772340059280396,0.9571011662483215,1.0,0.04289883375167847,0.8728270530700684,1.0,0.12717294692993164,0.0,2.0,-19.61396598815918,1784672195.8428931,61.68471693992615,,0.0,18.715755856199507,0.0,,False,1.6821863651275635
388,0.0034177510533481836,1.7742412694587983e-07,0.00372348097153008,0.00023809797130525112,1.142842833701252e-07,0.0008605701150372624,0.0006935000419616699,-11.96815299987793,0.27872708439826965,0.00035116649814881384,0.26872923970222473,0.5015846490859985,0.00014647911302745342,0.49495387077331543,0.011996837332844734,-6.261159896850586,0.48756876587867737,6.284015398705378e-05,0.48419487476348877,0.0033738911151885986,-3.8279473781585693,0.9836403131484985,0.002697712043300271,1.0,0.016359686851501465,-1.9891324043273926,0.031159736216068268,0.0006624406669288874,0.0,0.031159736216068268,-2.0080089569091797,0.9572728872299194,1.0,0.042727112770080566,0.8728011846542358,1.0,0.12719881534576416,0.0,2.0,-18.891054153442383,1784672195.939352,61.7811758518219,,0.014025452397703475,17.883960069548912,0.0,,False,1.6821863651275635
389,0.0034928868990391493,1.7715258593398175e-07,0.003094747429713607,0.0002457285299897194,1.1406888944520688e-07,0.0007162035326473415,0.0006163292564451694,-12.510852813720703,0.2843899428844452,0.0003524245403241366,0.27470624446868896,0.5016234517097473,0.00014472367183770984,0.4949861168861389,0.011740026995539665,-6.27255916595459,0.4877066910266876,6.095848948461935e-05,0.48464491963386536,0.0030617713928222656,-3.856827974319458,0.9839091300964355,0.0027105193585157394,1.0,0.016090869903564453,-1.9886075258255005,0.03062194585800171,0.0006609808770008385,0.0,0.03062194585800171,-2.0326271057128906,0.9572463035583496,1.0,0.04275369644165039,0.8733335733413696,1.0,0.12666642665863037,0.0,2.0,-19.457313537597656,1784672196.0329137,61.87473750114441,,0.0,17.027546134094607,0.0,,False,1.6821863651275635
390,0.0035655000247061253,1.7559732157224062e-07,0.0027886629104614258,0.00024780072271823883,1.1298718760599513e-07,0.0006378351245075464,0.0008692541159689426,-11.546099662780762,0.28963232040405273,0.0003507684450596571,0.2780913710594177,0.5017902851104736,0.00014258205192163587,0.4948064088821411,0.013489552773535252,-6.206711292266846,0.48798811435699463,5.8988902310375124e-05,0.4846513569355011,0.0033367574214935303,-3.8557686805725098,0.9850613474845886,0.0026805130764842033,1.0,0.014938652515411377,-2.000308036804199,0.02983716130256653,0.0006563026690855622,0.0,0.02983716130256653,-2.067269802093506,0.9567878842353821,1.0,0.04321211576461792,0.8723183870315552,1.0,0.12768161296844482,0.0,2.0,-18.439353942871094,1784672196.149236,61.99105978012085,,0.46572566296899254,16.136489502259685,0.0,,False,1.6821863651275635
391,0.003629653947427869,1.7510912186935457e-07,0.003240329911932349,0.00025312043726444244,1.1261523269467943e-07,0.0007372135878540576,0.0006212241132743657,-12.467426300048828,0.29456454515457153,0.0003509178350213915,0.28146079182624817,0.501997172832489,0.0001405176881235093,0.49501287937164307,0.01484886184334755,-6.156460762023926,0.48827269673347473,5.716013765777461e-05,0.4850538372993469,0.0032188594341278076,-3.8752567768096924,0.9860406517982483,0.0026605527382344007,1.0,0.013959348201751709,-2.0090510845184326,0.029195547103881836,0.0006547337980009615,0.0,0.029195547103881836,-2.095766067504883,0.9563711881637573,1.0,0.043628811836242676,0.8720833659172058,1.0,0.1279166340827942,0.0,2.0,-19.330223083496094,1784672196.2452936,62.087117433547974,,0.040582185312985075,15.216936605013387,0.0,,False,1.6821863651275635
392,0.003692230209708214,1.7503182903055858e-07,0.0032903978135436773,0.0002595135010778904,1.1234860863851281e-07,0.0007363546174019575,0.0006235757609829307,-12.468915939331055,0.299425333738327,0.00035115177161060274,0.2881962060928345,0.5022479295730591,0.00013852187839802355,0.49581098556518555,0.012943243607878685,-6.252408981323242,0.4886016845703125,5.539938138099387e-05,0.48565563559532166,0.0029460489749908447,-3.9031994342803955,0.9870112538337708,0.0026343385688960552,1.0,0.012988746166229248,-2.018602132797241,0.028555557131767273,0.0006555800209753215,0.0,0.028555557131767273,-2.1241493225097656,0.9556612372398376,1.0,0.044338762760162354,0.8714097142219543,1.0,0.12859028577804565,0.0,2.0,-19.422443389892578,1784672196.3395505,62.181374311447144,,0.0,14.269000452762207,0.0,,False,1.6821863651275635
393,0.0037591729778796434,1.7626496173761552e-07,0.0035898571368306875,0.0002664560452103615,1.1280525313850376e-07,0.0007985465344972908,0.000558379921130836,-12.600335121154785,0.30452850461006165,0.00035320717142894864,0.2934724986553192,0.5025233030319214,0.0001366940705338493,0.4969857335090637,0.012365271337330341,-6.300031661987305,0.4889276623725891,5.366630284697749e-05,0.4859693646430969,0.0029582977294921875,-3.9158875942230225,0.9878979325294495,0.002621424151584506,1.0,0.012102067470550537,-2.0251448154449463,0.027909383177757263,0.0006599149201065302,0.0,0.027909383177757263,-2.1525838375091553,0.9549258351325989,1.0,0.04507416486740112,0.871537983417511,1.0,0.128462016582489,0.0,2.0,-19.598302841186523,1784672196.465732,62.30755591392517,,0.0,13.292629785511636,0.0,,False,1.6821863651275635
394,0.0038229848723858595,1.7704454080558207e-07,0.003409338416531682,0.00027364958077669144,1.1285743539701798e-07,0.0007484455709345639,0.0006297099753282964,-12.452159881591797,0.3095000684261322,0.000353742711013183,0.29972609877586365,0.5029013752937317,0.00013482481881510466,0.5006732940673828,0.010024710558354855,-6.43792200088501,0.48935723304748535,5.197932478040457e-05,0.48638245463371277,0.002974778413772583,-3.928270101547241,0.9891788959503174,0.0025858040899038315,1.0,0.010821104049682617,-2.037278652191162,0.027184344828128815,0.0006634562741965055,0.0,0.027184344828128815,-2.183161735534668,0.9537115097045898,1.0,0.046288490295410156,0.8701066970825195,1.0,0.12989330291748047,0.0,2.0,-19.566631317138672,1784672196.5604162,62.40224003791809,,0.0,12.285681220235553,0.0,,False,1.6821863651275635
395,0.0038835799787193537,1.7917663797106798e-07,0.0034728185273706913,0.0002839046064764261,1.1385790088525027e-07,0.0007595390197820961,0.0006284529226832092,-12.459425926208496,0.3145141303539276,0.00035652914084494114,0.3042598068714142,0.5033830404281616,0.0001330813392996788,0.500918984413147,0.010546218603849411,-6.42366886138916,0.48983508348464966,5.03960982314311e-05,0.4876859486103058,0.002149134874343872,-3.98303484916687,0.9902439713478088,0.0025657545775175095,1.0,0.009756028652191162,-2.045264482498169,0.02650534361600876,0.0006697473581880331,0.0,0.02650534361600876,-2.210890054702759,0.9524691104888916,1.0,0.0475308895111084,0.8695552945137024,1.0,0.1304447054862976,0.0,2.0,-19.589879989624023,1784672196.6451106,62.486934423446655,,0.0,11.251004335791379,0.0,,False,1.6821863651275635
396,0.003941875416785479,1.8138106838705426e-07,0.0035916282795369625,0.00029481109231710434,1.1474995886828765e-07,0.0007764889160171151,0.0005955556989647448,-12.564594268798828,0.31947579979896545,0.000359303638106212,0.31011876463890076,0.5038967728614807,0.0001309655635850504,0.4987301826477051,0.01068867463618517,-6.374332904815674,0.49034711718559265,4.873492434853688e-05,0.48879966139793396,0.0015474557876586914,-4.021050930023193,0.9915032982826233,0.0025400365702807903,1.0,0.008496701717376709,-2.0546388626098633,0.02575618028640747,0.0006761386757716537,0.0,0.02575618028640747,-2.240051746368408,0.9506638050079346,1.0,0.04933619499206543,0.8677759766578674,1.0,0.13222402334213257,0.0,2.0,-19.674585342407227,1784672196.7624528,62.60427665710449,,0.0,10.187165759681555,0.0,,False,1.6821863651275635
397,0.00399856036528945,1.8439796178881807e-07,0.0035869404673576355,0.00030307983979582787,1.1599563976005811e-07,0.0007737264968454838,0.0006252513267099857,-12.485834121704102,0.32418137788772583,0.00036326402914710343,0.31595420837402344,0.5043510794639587,0.00012865822645835578,0.4978519082069397,0.010484538041055202,-6.344171524047852,0.4908357560634613,4.713210728368722e-05,0.48899534344673157,0.0018404126167297363,-4.026407241821289,0.9925554394721985,0.0025145630352199078,1.0,0.007444560527801514,-2.0628695487976074,0.025032445788383484,0.0006839416455477476,0.0,0.025032445788383484,-2.2667837142944336,0.9481738805770874,1.0,0.0518261194229126,0.8649286031723022,1.0,0.13507139682769775,0.0,1.0,-19.57437515258789,1784672196.857456,62.69927978515625,,0.0,9.096595215645706,0.0,,False,1.6821863651275635
398,0.004062335938215256,1.9122936123494583e-07,0.0045496318489313126,0.00032198987901210785,1.1870770322275348e-07,0.0009749769233167171,0.0008147695334628224,-11.453474044799805,0.331327348947525,0.00037155402242206037,0.3226785361766815,0.5056175589561462,0.0001253852533409372,0.49851927161216736,0.011188727803528309,-6.301506042480469,0.4922312796115875,4.480013740248978e-05,0.4891478419303894,0.00308343768119812,-3.981599807739258,0.991635262966156,0.0024764651898294687,1.0,0.008364737033843994,-2.0673961639404297,0.024005286395549774,0.0007055262685753405,0.0,0.024005286395549774,-2.3009591102600098,0.9456974864006042,1.0,0.05430251359939575,0.8641886115074158,1.0,0.13581138849258423,0.0,1.0,-18.485477447509766,1784672196.9638314,62.80565524101257,,0.41960215833032066,7.971849275644281,0.0,,False,1.6821863651275635
399,0.004088055342435837,1.9259154271367152e-07,0.0037298845127224922,0.00035552680492401123,1.1821576606507733e-07,0.0007927403203211725,0.0005651920218952,-12.727291107177734,0.33473625779151917,0.0003730422758962959,0.32856485247612,0.5066349506378174,0.00012127481022616848,0.503930389881134,0.006738018244504929,-6.536552429199219,0.49320703744888306,4.2666757508413866e-05,0.4891478419303894,0.004059195518493652,-3.9190165996551514,0.9904544949531555,0.0024302233941853046,1.0,0.009545505046844482,-2.0722010135650635,0.02414277195930481,0.0007303516613319516,0.0,0.02414277195930481,-2.293017625808716,0.9431214332580566,1.0,0.05687856674194336,0.8617780804634094,1.0,0.13822191953659058,0.0,2.0,-19.91604232788086,1784672197.0433433,62.88516712188721,,0.010962722040773087,6.85504482009415,0.0,,False,1.6821863651275635
400,0.004136237315833569,1.9343139001648524e-07,0.003824271960183978,0.0003594995941966772,1.1817407852277029e-07,0.0008051887270994484,0.0005440231179818511,-12.774829864501953,0.3365321457386017,0.00037231630994938314,0.33195066452026367,0.5061845183372498,0.00012164519284851849,0.5011067986488342,0.006839094217866659,-6.483041763305664,0.4927457273006439,4.235261076246388e-05,0.4891468286514282,0.0035988986492156982,-3.9628942012786865,0.9927522540092468,0.002388403983786702,1.0,0.007247745990753174,-2.088629722595215,0.02303503453731537,0.000732075481209904,0.0,0.02303503453731537,-2.3284718990325928,0.940229058265686,1.0,0.059770941734313965,0.8588061332702637,1.0,0.14119386672973633,0.0,2.0,-19.942710876464844,1784672197.1478999,62.989723682403564,,0.04859399266553055,5.702786091320142,0.0,,False,1.6821863651275635
401,0.004199029877781868,1.967610216979665e-07,0.003935899119824171,0.00036809383891522884,1.1954965373206505e-07,0.00082032271893695,0.0005232100374996662,-12.821245193481445,0.34048953652381897,0.00037613522727042437,0.3381929099559784,0.5063069462776184,0.00012088319635950029,0.5026866793632507,0.004287286661565304,-6.554024696350098,0.49271538853645325,4.1364506614627317e-05,0.4889872372150421,0.003728151321411133,-3.95959734916687,0.9929631352424622,0.0023610799107700586,1.0,0.007036864757537842,-2.094893455505371,0.02272108942270279,0.0007360092713497579,0.0,0.02272108942270279,-2.3374876976013184,0.9375035166740417,1.0,0.06249648332595825,0.8559377193450928,1.0,0.14406228065490723,0.0,2.0,-20.04426383972168,1784672197.2644792,63.106302976608276,,0.18777822654712395,4.541511563977409,0.0,,False,1.6821863651275635
402,0.00425958726555109,1.9982712728960905e-07,0.004557806998491287,0.00037380377762019634,1.2165259022367536e-07,0.0009454326354898512,0.0006447437917813659,-12.27054500579834,0.34450989961624146,0.00038271822268143296,0.3445487320423126,0.5067487359046936,0.00011891315079992637,0.5026426315307617,0.004106287844479084,-6.543892860412598,0.49293380975723267,4.0238322981167585e-05,0.48889264464378357,0.004041165113449097,-3.9384779930114746,0.9934003949165344,0.002348891459405422,1.0,0.006599605083465576,-2.098695993423462,0.022808969020843506,0.0007305222097784281,0.0,0.022808969020843506,-2.3358566761016846,0.9326662421226501,1.0,0.06733375787734985,0.8496008515357971,1.0,0.15039914846420288,0.0,2.0,-19.474897384643555,1784672197.3589318,63.20075559616089,,0.0,3.3818680581343092,0.0,,False,1.6821863651275635
403,0.004432039335370064,2.0250082855000073e-07,0.003489622613415122,0.0003205188550055027,1.2879770849849592e-07,0.0007221962441690266,0.0010244481964036822,-10.98159408569336,0.35829365253448486,0.00039338087663054466,0.34816694259643555,0.5095928907394409,0.00011639086005743593,0.502647876739502,0.012279392220079899,-6.274218559265137,0.49384862184524536,3.827708860626444e-05,0.4891647696495056,0.004683852195739746,-3.8798165321350098,0.9960840940475464,0.0023644741158932447,1.0,0.003915905952453613,-2.1014187335968018,0.022091060876846313,0.0006143570644780993,0.0,0.022091060876846313,-2.3813533782958984,0.8359910845756531,1.0,0.16400891542434692,0.6987496614456177,1.0,0.3012503385543823,0.0,2.0,-17.94087791442871,1784672197.464027,63.30585074424744,,0.9642016914113754,2.176727850096996,0.0,,False,1.6821863651275635
404,0.004462967161089182,2.0134643818892073e-07,0.0047928402200341225,0.000323345884680748,1.2902836488137837e-07,0.0009707151912152767,0.0007265695021487772,-11.908626556396484,0.36161285638809204,0.0003934403648599982,0.3543719947338104,0.5103696584701538,0.00011483954585855827,0.5006663799285889,0.012107174843549728,-6.141834735870361,0.49417537450790405,3.739506792044267e-05,0.489058256149292,0.0051171183586120605,-3.8279354572296143,0.9957560300827026,0.002338661812245846,1.0,0.004243969917297363,-2.1062991619110107,0.02131817489862442,0.0005937872338108718,0.0,0.02131817489862442,-2.4128730297088623,0.792069673538208,1.0,0.207930326461792,0.6422452330589294,1.0,0.35775476694107056,0.0,2.0,-18.736061096191406,1784672197.5581343,63.39995813369751,,1.1332202010600554,1.3525617948649136,0.0,,False,1.6821863651275635
405,0.004494591150432825,2.0087057350792747e-07,0.004102335777133703,0.00032683764584362507,1.289723030595269e-07,0.0008356353500857949,0.0006424479652196169,-12.417657852172852,0.3648695647716522,0.0003928803198505193,0.3601178824901581,0.510877788066864,0.00011342715879436582,0.5043541789054871,0.008070684969425201,-6.408967971801758,0.4944179356098175,3.653358726296574e-05,0.48829224705696106,0.006125688552856445,-3.676145076751709,0.9956978559494019,0.0023012752644717693,1.0,0.0043021440505981445,-2.1141860485076904,0.020425260066986084,0.0005778525373898447,0.0,0.020425260066986084,-2.4481732845306396,0.7375330328941345,1.0,0.2624669671058655,0.578997015953064,1.0,0.42100298404693604,0.0,2.0,-19.382904052734375,1784672197.6424913,63.484315156936646,,0.6553957541657667,1.624521909136968,0.0,,False,1.6821863651275635
406,0.004528583027422428,2.017679037180642e-07,0.0041971467435359955,0.00032992963679134846,1.2981168140413502e-07,0.0008506475714966655,0.0006172496941871941,-12.482181549072266,0.36819034814834595,0.00039350526640191674,0.36373114585876465,0.5115058422088623,0.00011245126370340586,0.5089427828788757,0.005143321584910154,-6.574350833892822,0.49475616216659546,3.582443605409935e-05,0.4886067509651184,0.006149411201477051,-3.67171573638916,0.9954913258552551,0.002264336682856083,1.0,0.004508674144744873,-2.121809720993042,0.019388124346733093,0.0005635688430629671,0.0,0.019388124346733093,-2.488173007965088,0.6704012751579285,1.0,0.32959872484207153,0.5109014511108398,1.0,0.48909854888916016,0.0,2.0,-19.5775203704834,1784672197.7404456,63.58226943016052,,0.0,1.9364817468434707,0.0,,False,1.6821863651275635
407,0.00456472160294652,2.0407595968663372e-07,0.004101396072655916,0.00033559929579496384,1.3127878162322304e-07,0.0008260979084298015,0.000674729177262634,-12.345195770263672,0.37171804904937744,0.0003953103150706738,0.3688129484653473,0.5122283697128296,0.00011164866737090051,0.5104048848152161,0.003429971868172288,-6.604553699493408,0.49519312381744385,3.516477590892464e-05,0.4894583523273468,0.005734771490097046,-3.7411727905273438,0.9950265884399414,0.0022245231084525585,1.0,0.004973411560058594,-2.129608392715454,0.018134087324142456,0.0005527506582438946,0.0,0.018134087324142456,-2.533900737762451,0.5931571125984192,1.0,0.4068428874015808,0.4431018829345703,1.0,0.5568981170654297,0.0,2.0,-19.499425888061523,1784672197.8358448,63.67766857147217,,0.0,2.2941693143473367,0.0,,False,1.6821863651275635
408,0.00460125133395195,2.0697903835298348e-07,0.0036736587062478065,0.00034255022183060646,1.3294183531797898e-07,0.0007372004329226911,0.0010080559877678752,-11.109807014465332,0.37539368867874146,0.00039774549077264965,0.37171098589897156,0.5129371285438538,0.0001105745614040643,0.511283814907074,0.004036799073219299,-6.602473258972168,0.49565252661705017,3.4430890082148835e-05,0.4899369180202484,0.005715608596801758,-3.7449371814727783,0.9942530989646912,0.0021793816704303026,1.0,0.005746901035308838,-2.1378414630889893,0.016540132462978363,0.0005420613451860845,0.0,0.016540132462978363,-2.5887796878814697,0.5030393004417419,1.0,0.49696069955825806,0.37339332699775696,1.0,0.6266067028045654,0.0,2.0,-18.264253616333008,1784672197.9408202,63.78264403343201,,0.6408259895070785,2.7067358319702213,0.049695154578617284,,False,1.6821863651275635
409,0.0046426160261034966,2.1104885661316075e-07,0.004270256496965885,0.0003562562633305788,1.352902643247944e-07,0.0008520772680640221,0.0006200726493261755,-12.518590927124023,0.3799344301223755,0.00040143344085663557,0.37672674655914307,0.5137059092521667,0.00010898784967139363,0.5107125043869019,0.004387448541820049,-6.580571174621582,0.49624425172805786,3.3512365916976705e-05,0.4901565909385681,0.006087660789489746,-3.6799352169036865,0.9925979375839233,0.00212192814797163,1.0,0.00740206241607666,-2.1458661556243896,0.014574617147445679,0.0005309333209879696,0.0,0.014574617147445679,-2.6514551639556885,0.3980556130409241,1.0,0.6019443869590759,0.3013412356376648,1.0,0.6986587643623352,0.0,2.0,-19.623016357421875,1784672198.0253835,63.867207288742065,,0.0,3.1819778256673246,0.17144237071500434,,False,1.6821863651275635
410,0.004688528832048178,2.166631247746409e-07,0.004632750526070595,0.0003794948570430279,1.3842311830103426e-07,0.0009272427414543927,0.0005505805602297187,-12.640145301818848,0.3858298659324646,0.0004062476218678057,0.3802429735660553,0.5143051147460938,0.00010686454334063455,0.5112520456314087,0.0063666789792478085,-6.556342124938965,0.4969099164009094,3.238842327846214e-05,0.4906019866466522,0.006307929754257202,-3.6356537342071533,0.9897976517677307,0.002046525478363037,1.0,0.010202348232269287,-2.1514370441436768,0.012289658188819885,0.0005203499458730221,0.0,0.012289658188819885,-2.7164371013641357,0.28674614429473877,1.0,0.7132538557052612,0.23134258389472961,1.0,0.7686574459075928,0.0,2.0,-19.703046798706055,1784672198.140332,63.98215579986572,,0.0,3.7222017567728756,0.36318826839664897,,False,1.6821863651275635
411,0.004714741371572018,2.1941271199921175e-07,0.004402714315801859,0.0003806580789387226,1.3969602719043905e-07,0.000867952941916883,0.0005786338588222861,-12.648406982421875,0.38794076442718506,0.0004089442954864353,0.38517317175865173,0.5146047472953796,0.00010640130494721234,0.5114393830299377,0.004204652272164822,-6.58078670501709,0.49705183506011963,3.2019903301261365e-05,0.49159514904022217,0.005456686019897461,-3.7906858921051025,0.9897884726524353,0.0020329297985881567,1.0,0.010211527347564697,-2.1545536518096924,0.011845409870147705,0.0005234163836576045,0.0,0.011845409870147705,-2.7245917320251465,0.27780115604400635,1.0,0.7221988439559937,0.22787877917289734,1.0,0.7721211910247803,0.0,2.0,-19.808380126953125,1784672198.2343078,64.07613158226013,,0.0,4.270580318539437,0.5583979111954811,,False,1.6821863651275635
412,0.004738638177514076,2.2216569561805954e-07,0.004350320436060429,0.0003826324827969074,1.4108974255577778e-07,0.0008520724950358272,0.0006092328112572432,-12.588642120361328,0.3899749517440796,0.00041183276334777474,0.3886718451976776,0.5149008631706238,0.0001059405694832094,0.5123438239097595,0.0028699366375803947,-6.602965354919434,0.4972020983695984,3.167916293023154e-05,0.491902232170105,0.005299866199493408,-3.8176584243774414,0.9896530508995056,0.002020031912252307,1.0,0.010346949100494385,-2.1568830013275146,0.011407792568206787,0.0005256432923488319,0.0,0.011407792568206787,-2.7327163219451904,0.26866793632507324,1.0,0.7313320636749268,0.22441822290420532,1.0,0.7755817770957947,1.0,2.0,-19.779842376708984,1784672198.3390203,64.18084406852722,,0.0,4.827083470226043,0.7570681400653276,,False,1.6821863651275635
413,0.004777511581778526,2.1697120189401176e-07,0.004475606605410576,0.000391615554690361,1.3673886201104324e-07,0.0008713025599718094,0.0005667859222739935,-12.685043334960938,0.3947955071926117,0.0004037571488879621,0.3936409056186676,0.5151647329330444,0.00010047447722172365,0.51491379737854,0.0011815555626526475,-6.6703104972839355,0.49736058712005615,2.9421653380268253e-05,0.49251624941825867,0.004844337701797485,-3.8991360664367676,0.9909228682518005,0.0019009680254384875,1.0,0.009077131748199463,-2.1920857429504395,0.01129254698753357,0.0005197935970500112,0.0,0.01129254698753357,-2.7394354343414307,0.236811563372612,1.0,0.7631884217262268,0.20175756514072418,1.0,0.798242449760437,1.0,2.0,-19.97085952758789,1784672198.4329197,64.27474355697632,,0.06577992174780434,5.390305734308889,0.9783990415998165,,False,1.6821863651275635
414,0.004817701876163483,2.2328514148739487e-07,0.004757021553814411,0.0004029804840683937,1.3901616569000907e-07,0.0009161162306554615,0.0005167110939510167,-12.758581161499023,0.39875662326812744,0.00040914592682383955,0.3972029983997345,0.5152769088745117,9.837482502916828e-05,0.5164273977279663,0.0019332291558384895,-6.66652774810791,0.4975429177284241,2.852777652151417e-05,0.49322447180747986,0.004318445920944214,-3.986521005630493,0.9895685315132141,0.0018857906106859446,1.0,0.010431468486785889,-2.1889138221740723,0.01006382703781128,0.0005311560817062855,0.0,0.01006382703781128,-2.755949020385742,0.2126418799161911,1.0,0.7873581051826477,0.19117556512355804,1.0,0.8088244199752808,1.0,2.0,-20.085065841674805,1784672198.5288866,64.3707103729248,,0.24576615758252274,5.970041584436046,1.2103119133491491,,False,1.6821863651275635
415,0.0048688240349292755,2.3412134453337785e-07,0.004576345440000296,0.0004124916158616543,1.432028824410736e-07,0.0008699787431396544,0.0005429900484159589,-12.761884689331055,0.4026540517807007,0.0004181727417744696,0.4020724594593048,0.5153512954711914,9.746076830197126e-05,0.5143035650253296,0.0011983274016529322,-6.6639251708984375,0.49771010875701904,2.799204594339244e-05,0.49362489581108093,0.00408521294593811,-4.024754524230957,0.9885103106498718,0.0018878713017329574,1.0,0.011489689350128174,-2.182250738143921,0.00855940580368042,0.0005525472806766629,0.0,0.00855940580368042,-2.7652511596679688,0.1957264393568039,1.0,0.8042735457420349,0.18712691962718964,1.0,0.8128730654716492,1.0,2.0,-20.10540199279785,1784672198.6341605,64.47598433494568,,0.446088544540288,6.55907957384543,1.4462734305948501,,False,1.6821863651275635
416,0.004923040047287941,2.4650586283314624e-07,0.004726237151771784,0.00041961041279137135,1.4764354716589878e-07,0.0009008306660689414,0.0005199079751037061,-12.771505355834961,0.4065020680427551,0.00042772089364007115,0.4048495590686798,0.515328049659729,9.686670819064602e-05,0.5138205885887146,0.0022367890924215317,-6.646808624267578,0.4978124499320984,2.7553871404961683e-05,0.49418970942497253,0.0036227405071258545,-4.092588901519775,0.9878697991371155,0.0018899751594290137,1.0,0.012130200862884521,-2.1777303218841553,0.007166460156440735,0.000580405059736222,0.0,0.007166460156440735,-2.7627100944519043,0.18156249821186066,1.0,0.8184375166893005,0.18481096625328064,1.0,0.815189003944397,1.0,2.0,-20.1352481842041,1784672198.7294238,64.57124757766724,,0.6762571229043033,7.14557649803875,1.684550886313299,,False,1.6821863651275635
417,0.004968812223523855,2.568800425706286e-07,0.005477232858538628,0.0004239340778440237,1.5056636470944795e-07,0.001030519837513566,0.0007914782618172467,-11.87887191772461,0.40933892130851746,0.0004340710584074259,0.40976986289024353,0.5152472853660583,9.638116171117872e-05,0.5150216221809387,0.0004864509392064065,-6.65639591217041,0.49791163206100464,2.7166031941305846e-05,0.4956149458885193,0.0022966861724853516,-4.240748882293701,0.9880920052528381,0.0018859226256608963,1.0,0.011907994747161865,-2.180136203765869,0.00623774528503418,0.0006108060479164124,0.0,0.00623774528503418,-2.7495760917663574,0.17045153677463531,1.0,0.8295484781265259,0.1823749989271164,1.0,0.8176249861717224,1.0,2.0,-19.324363708496094,1784672198.8340094,64.67583322525024,,0.09554122556031075,7.718939419546523,1.9252643242590732,,False,1.6821863651275635
418,0.005015579052269459,2.6837105338017864e-07,0.004801140632480383,0.0004322696477174759,1.5397502295400045e-07,0.000901515013538301,0.0005159215652383864,-12.770113945007324,0.4124593138694763,0.000441125564975664,0.41485777497291565,0.5151629447937012,9.643144585425034e-05,0.5153898000717163,0.0024091657251119614,-6.641765594482422,0.4979833662509918,2.6928737497655675e-05,0.49571841955184937,0.002264946699142456,-4.246968746185303,0.9879505038261414,0.0018920868169516325,1.0,0.012049496173858643,-2.1777310371398926,0.005518242716789246,0.0006512870313599706,0.0,0.005518242716789246,-2.725963830947876,0.1631830334663391,1.0,0.8368169665336609,0.1827087253332138,1.0,0.817291259765625,1.0,2.0,-20.20701026916504,1784672198.928471,64.77029490470886,,0.3974718888852635,8.268690080235814,2.16564403579875,,False,1.6821863651275635
419,0.005057448521256447,2.789710151773761e-07,0.005076025612652302,0.00043886667117476463,1.570632690572893e-07,0.0009507476352155209,0.0005122179281897843,-12.706762313842773,0.415365993976593,0.0004475819005165249,0.418562650680542,0.5151364207267761,9.621423669159412e-05,0.5162185430526733,0.0033748485147953033,-6.624914169311523,0.4980483949184418,2.6644525860319845e-05,0.49570757150650024,0.0023408234119415283,-4.244699478149414,0.9880259037017822,0.001896618865430355,1.0,0.011974096298217773,-2.1771042346954346,0.005110353231430054,0.0006943891057744622,0.0,0.005110353231430054,-2.698495626449585,0.15572558343410492,0.0,0.15572558343410492,0.18149006366729736,0.0,0.18149006366729736,1.0,2.0,-20.129043579101562,1784672199.0436423,64.8854660987854,,0.6214358621467397,8.790972536426814,1.7702225512400993,,False,1.6821863651275635
420,0.0051052989438176155,2.898168816045654e-07,0.005244676489382982,0.00045602815225720406,1.609717656947396e-07,0.00097775983158499,0.0005400278023444116,-12.631132125854492,0.41941753029823303,0.00045216039870865643,0.42369914054870605,0.516221821308136,9.701923409011215e-05,0.5167649388313293,0.004315919708460569,-6.611368656158447,0.4990253448486328,2.6648844141163863e-05,0.49605345726013184,0.0029718875885009766,-4.1817307472229,0.9876444339752197,0.001831130706705153,1.0,0.012355566024780273,-2.1907877922058105,0.003248065710067749,0.0007535760523751378,0.0,0.003248065710067749,-2.6694016456604004,0.13438600301742554,0.0,0.13438600301742554,0.16422873735427856,0.0,0.16422873735427856,1.0,2.0,-20.011093139648438,1784672199.1510527,64.9928765296936,,0.727449395955091,9.28416101182863,1.3575397403684297,,False,1.6821863651275635
421,0.005218253470957279,2.9634546194756695e-07,0.004920988343656063,0.00038951216265559196,1.6848932204993616e-07,0.000916715944185853,0.0006052358075976372,-12.50228500366211,0.43127888441085815,0.00046531183761544526,0.42881515622138977,0.5175450444221497,9.09901355043985e-05,0.516266942024231,0.002775518223643303,-6.635404586791992,0.49976980686187744,2.498978574294597e-05,0.49706920981407166,0.002700597047805786,-4.233658790588379,0.9865097403526306,0.0016628742450848222,1.0,0.013490259647369385,-2.225944757461548,0.0017046183347702026,0.0007328387582674623,0.0,0.0017046183347702026,-2.688371419906616,0.07948390394449234,0.0,0.07948390394449234,0.1161419227719307,0.0,0.1161419227719307,1.0,2.0,-19.92743682861328,1784672199.2453427,65.08716654777527,,0.7498066187282859,9.796319261476661,0.8967701149144123,,False,1.6821863651275635
422,0.005256068427115679,3.065901807985938e-07,0.004976291675120592,0.0004031623248010874,1.7093911708343512e-07,0.0009191101999022067,0.000586921873036772,-12.545679092407227,0.43470585346221924,0.0004717627598438412,0.4317363202571869,0.517737627029419,8.983886800706387e-05,0.516463041305542,0.003231516107916832,-6.6319990158081055,0.4999975562095642,2.4497039703419432e-05,0.49736225605010986,0.0026353001594543457,-4.247792720794678,0.9868983626365662,0.001658461638726294,1.0,0.013101637363433838,-2.23024320602417,0.002064257860183716,0.0007979158544912934,0.0,0.002064257860183716,-2.6451449394226074,0.07554908096790314,0.0,0.07554908096790314,0.11395689845085144,0.0,0.11395689845085144,1.0,2.0,-19.975173950195312,1784672199.3400652,65.18188905715942,,0.8199009630835121,10.265251030640684,0.43381546513931557,,False,1.6821863651275635
423,0.005293194204568863,3.1692886182099755e-07,0.005136855412274599,0.0004178364761173725,1.733541665771554e-07,0.0009420887799933553,0.00054706702940166,-12.59710693359375,0.4381457567214966,0.00047859211917966604,0.4370940625667572,0.5178695917129517,8.86440830072388e-05,0.5171748399734497,0.0012604525545611978,-6.6460161209106445,0.5001453161239624,2.3993075956241228e-05,0.4974552392959595,0.0026900768280029297,-4.249129772186279,0.9871674180030823,0.0016585991252213717,1.0,0.012832581996917725,-2.232309579849243,0.0025589019060134888,0.000867035414557904,0.0,0.0025589019060134888,-2.6025009155273438,0.07224564999341965,0.0,0.07224564999341965,0.11199977993965149,0.0,0.11199977993965149,1.0,2.0,-20.038484573364258,1784672199.445011,65.28683471679688,,0.9533059306076836,10.691538775909443,0.0,,False,1.6821863651275635
424,0.0053350189700722694,3.2810805805638665e-07,0.00530364690348506,0.0004361362662166357,1.760757442070826e-07,0.0009706090786494315,0.0005353927845135331,-12.590572357177734,0.4419682025909424,0.00048624459304846823,0.4416749179363251,0.517989456653595,8.755388262216002e-05,0.5178014636039734,0.000348363711964339,-6.647860050201416,0.5002756118774414,2.349865644646343e-05,0.4977717697620392,0.0025038421154022217,-4.276949882507324,0.9873747825622559,0.0016634867060929537,1.0,0.01262521743774414,-2.2325711250305176,0.0030106157064437866,0.0009400123963132501,0.0,0.0030106157064437866,-2.561049222946167,0.06954305619001389,0.0,0.06954305619001389,0.11044039577245712,0.0,0.11044039577245712,1.0,2.0,-20.04733657836914,1784672199.5393765,65.38120031356812,,1.095562903136738,11.076374828597025,0.0,,False,1.6821863651275635
425,0.005377046763896942,3.383981379556644e-07,0.005260501988232136,0.00045259040780365467,1.780816347718428e-07,0.0009687264100648463,0.0005291304551064968,-12.614126205444336,0.44585371017456055,0.0004931210423819721,0.44661709666252136,0.5181050300598145,8.620343578513712e-05,0.5160658359527588,0.0021774000488221645,-6.6241912841796875,0.50040203332901,2.2940876078791916e-05,0.49833759665489197,0.002064436674118042,-4.3294677734375,0.9877941012382507,0.001666797325015068,1.0,0.012205898761749268,-2.234795331954956,0.0035498589277267456,0.0010158484801650047,0.0,0.0035498589277267456,-2.5208747386932373,0.06717819720506668,0.0,0.06717819720506668,0.10864187031984329,0.0,0.10864187031984329,1.0,2.0,-20.07821273803711,1784672199.633659,65.47548270225525,,1.268696035333761,11.421036397031678,0.0,,False,1.6821863651275635
426,0.005424422211945057,3.4648130053938075e-07,0.005168382078409195,0.00047288485802710056,1.788985599660009e-07,0.0009533872944302857,0.0005444622365757823,-12.628171920776367,0.4500042796134949,0.0004988480359315872,0.4493415355682373,0.5182176828384399,8.442440594080836e-05,0.5148267149925232,0.00345512549392879,-6.585013389587402,0.5005409717559814,2.223032970505301e-05,0.49842432141304016,0.002116650342941284,-4.337319850921631,0.988571286201477,0.0016570747829973698,1.0,0.01142871379852295,-2.2430005073547363,0.004216745495796204,0.001083304057829082,0.0,0.004216745495796204,-2.486724376678467,0.06481347978115082,0.0,0.06481347978115082,0.10622622817754745,0.0,0.10622622817754745,1.0,2.0,-20.064842224121094,1784672199.7395372,65.58136105537415,,1.4284586536147685,11.73154760345156,0.0,,False,1.6821863651275635
427,0.005496165715157986,3.5501500406098785e-07,0.006105135660618544,0.0005034948699176311,1.7991800405070535e-07,0.0011188728967681527,0.0008657565922476351,-11.77836799621582,0.45545125007629395,0.0005050545441918075,0.45412424206733704,0.5183888077735901,8.289665856864303e-05,0.5150864720344543,0.003558984724804759,-6.588982105255127,0.5006970763206482,2.1487659978447482e-05,0.49846741557121277,0.002229660749435425,-4.339396953582764,0.9889927506446838,0.0016420527826994658,1.0,0.011007249355316162,-2.250072717666626,0.004661679267883301,0.0011436340864747763,0.0,0.004661679267883301,-2.4583325386047363,0.06246427074074745,0.0,0.06246427074074745,0.10401211678981781,0.0,0.10401211678981781,1.0,2.0,-19.21925163269043,1784672199.83392,65.67574381828308,,0.7426306804651119,12.013666971797711,0.0,,False,1.6821863651275635
428,0.005517181940376759,3.6691363902718876e-07,0.005211194511502981,0.0005100227426737547,1.811654612993152e-07,0.0009455645340494812,0.0005322828073985875,-12.681985855102539,0.458196222782135,0.0005146326730027795,0.4590657651424408,0.5186499357223511,7.99775734776631e-05,0.515866756439209,0.0029158517718315125,-6.615872383117676,0.5007236003875732,2.0563560610753484e-05,0.4986526072025299,0.002070993185043335,-4.372769832611084,0.9897908568382263,0.001653694431297481,1.0,0.010209143161773682,-2.251920223236084,0.0052252113819122314,0.001240357058122754,0.0,0.0052252113819122314,-2.4162333011627197,0.061481863260269165,0.0,0.061481863260269165,0.10200753808021545,0.0,0.10200753808021545,1.0,2.0,-20.161067962646484,1784672199.9287405,65.77056431770325,,0.99861903727151,12.253687102701846,0.0,,False,1.6821863651275635
429,0.005545224063098431,3.816131481926277e-07,0.004585565999150276,0.000514754094183445,1.8386241151802096e-07,0.0008332026773132384,0.001011114800348878,-11.82366943359375,0.4616723656654358,0.0005276671145111322,0.46194204688072205,0.519152045249939,7.697052205912769e-05,0.5183305740356445,0.0008646056521683931,-6.667236328125,0.5008537769317627,1.9600651285145432e-05,0.4989614486694336,0.0018923282623291016,-4.409688472747803,0.9906837940216064,0.0016657455125823617,1.0,0.009316205978393555,-2.253750801086426,0.0049315690994262695,0.0013284977758303285,0.0,0.0049315690994262695,-2.383761405944824,0.06076350435614586,0.0,0.06076350435614586,0.10054036974906921,0.0,0.10054036974906921,1.0,2.0,-19.362302780151367,1784672200.0325305,65.8743543624878,,0.4558422115827909,12.461235338388086,0.0,,False,1.6821863651275635
430,0.005586771294474602,3.9116724792620516e-07,0.0056461915373802185,0.0005268005188554525,1.8654544930996053e-07,0.0010202571284025908,0.0004970213049091399,-12.629315376281738,0.4653741717338562,0.0005356697365641594,0.465984970331192,0.5193288326263428,7.60943948989734e-05,0.5188262462615967,0.0007909917621873319,-6.667879104614258,0.5009564757347107,1.92233310372103e-05,0.49942395091056824,0.001532524824142456,-4.4496660232543945,0.991078794002533,0.00166519230697304,1.0,0.008921205997467041,-2.2560713291168213,0.004574611783027649,0.0013711751671507955,0.0,0.004574611783027649,-2.369474172592163,0.059782885015010834,0.0,0.059782885015010834,0.10007728636264801,0.0,0.10007728636264801,1.0,2.0,-20.188451766967773,1784672200.1478958,65.98971962928772,,0.7392143727104781,12.654496340721664,0.0,,False,1.6821863651275635
431,0.005628773011267185,4.006233496056666e-07,0.005425312090665102,0.000543573871254921,1.8884725250245538e-07,0.000981929711997509,0.0004832723643630743,-12.70798397064209,0.4692798852920532,0.000543182366527617,0.47038742899894714,0.5194462537765503,7.524955435656011e-05,0.5157764554023743,0.0038332848343998194,-6.5778913497924805,0.5010440349578857,1.8852630091714673e-05,0.49972665309906006,0.0013173818588256836,-4.474462509155273,0.9915637373924255,0.001666516182012856,1.0,0.008436262607574463,-2.25821852684021,0.0042562782764434814,0.0014290069229900837,0.0,0.0042562782764434814,-2.3501105308532715,0.05890214443206787,0.0,0.05890214443206787,0.09946677833795547,0.0,0.09946677833795547,1.0,2.0,-20.20752716064453,1784672200.264543,66.10636687278748,,1.041661927514923,12.828393701316351,0.0,,False,1.6821863651275635
432,0.005676199682056904,4.09922222388559e-07,0.0064342571422457695,0.0005588973872363567,1.9125545236420294e-07,0.001184083055704832,0.0009826028253883123,-11.527853012084961,0.47350770235061646,0.0005510529736056924,0.47505173087120056,0.5194910168647766,7.440373883582652e-05,0.5171072483062744,0.002840136643499136,-6.62661600112915,0.501059889793396,1.848136707849335e-05,0.49992862343788147,0.0011312663555145264,-4.495811939239502,0.9919078946113586,0.0016700731357559562,1.0,0.008092105388641357,-2.2589006423950195,0.003782793879508972,0.0014793705195188522,0.0,0.003782793879508972,-2.334294557571411,0.05810844153165817,0.0,0.05810844153165817,0.09937868267297745,0.0,0.09937868267297745,1.0,2.0,-19.077051162719727,1784672200.3595388,66.20136260986328,,0.2136334843945633,12.986475088629177,0.0,,False,1.6821863651275635
433,0.005715511739253998,4.163615017205302e-07,0.005504081957042217,0.0005802055820822716,1.922338697113446e-07,0.0009981010807678103,0.00046833662781864405,-12.732343673706055,0.47704240679740906,0.0005563490558415651,0.47856810688972473,0.5194900631904602,7.36279835109599e-05,0.5190989971160889,0.0015750217717140913,-6.664292335510254,0.501133382320404,1.8139535313821398e-05,0.4998481571674347,0.0012852251529693604,-4.494239330291748,0.9925915598869324,0.0016679674154147506,1.0,0.007408440113067627,-2.262683629989624,0.0034743547439575195,0.0015435297973453999,0.0,0.0034743547439575195,-2.313992738723755,0.05759863555431366,0.0,0.05759863555431366,0.09885985404253006,0.0,0.09885985404253006,1.0,2.0,-20.310897827148438,1784672200.4643345,66.30615830421448,,0.6194517057029145,13.124254657094347,0.0,,False,1.6821863651275635
434,0.005764584988355637,4.374154514152906e-07,0.005515847820788622,0.0006083792541176081,1.9384346217066195e-07,0.0009925453923642635,0.0004576612263917923,-12.760021209716797,0.481245219707489,0.0005707824602723122,0.48373159766197205,0.5190171003341675,7.064219244057313e-05,0.5207263231277466,0.003017203649505973,-6.649222373962402,0.5008605718612671,1.713477831799537e-05,0.4998195171356201,0.0010410547256469727,-4.536635875701904,0.9942631125450134,0.0016810448141768575,1.0,0.005736887454986572,-2.265442132949829,0.002328723669052124,0.0018291918095201254,0.0,0.002328723669052124,-2.231519937515259,0.0567685142159462,0.0,0.0567685142159462,0.10092513263225555,0.0,0.10092513263225555,1.0,2.0,-20.34771728515625,1784672200.5577924,66.39961624145508,,1.0620893850190782,13.179561424351022,0.0,,False,1.6821863651275635
435,0.005815756507217884,4.469370651349891e-07,0.005971252918243408,0.0006288758013397455,1.9685900554122782e-07,0.0010783640900626779,0.0004756246926262975,-12.652727127075195,0.48545700311660767,0.0005787261761724949,0.48657333850860596,0.5192379951477051,7.057567563606426e-05,0.520715057849884,0.001851464039646089,-6.652342796325684,0.5010009407997131,1.6974814570858143e-05,0.4999420940876007,0.0010588467121124268,-4.539927005767822,0.9943169951438904,0.0016877256566658616,1.0,0.005683004856109619,-2.2636802196502686,0.0013586431741714478,0.0018896358087658882,0.0,0.0013586431741714478,-2.2162587642669678,0.056450191885232925,0.0,0.056450191885232925,0.10177996754646301,0.0,0.10177996754646301,1.0,2.0,-20.244565963745117,1784672200.6629345,66.50475835800171,,1.4015757429241091,13.219607018359405,0.0,,False,1.6821863651275635
436,0.005865263752639294,4.549883954041434e-07,0.004838182590901852,0.0006491532549262047,1.987930033919838e-07,0.0008763562072999775,0.0010519110364839435,-11.89002799987793,0.4894113540649414,0.0005851954338140786,0.4906618595123291,0.5194069147109985,7.027001993265003e-05,0.5180138349533081,0.0018720136722549796,-6.650343418121338,0.501150906085968,1.6765739928814583e-05,0.500095546245575,0.0010553598403930664,-4.545931816101074,0.9948009252548218,0.0016868180828168988,1.0,0.005199074745178223,-2.265504837036133,0.0005422532558441162,0.001962808659300208,0.0,0.0005422532558441162,-2.197676181793213,0.05600868538022041,0.0,0.05600868538022041,0.10173145681619644,0.0,0.10173145681619644,1.0,2.0,-19.48326873779297,1784672200.7689269,66.61075067520142,,0.9797648748769916,13.241070029894033,0.0,,False,1.6821863651275635
437,0.0059176478534936905,4.6418841748163686e-07,0.0057680909521877766,0.0006656949408352375,2.0121400723382976e-07,0.0010457527823746204,0.00040842528687790036,-12.780035018920898,0.4935322403907776,0.0005928543978370726,0.49567899107933044,0.5195684432983398,6.978632154641673e-05,0.5187902450561523,0.002283447189256549,-6.654213905334473,0.501245379447937,1.6522732039447874e-05,0.4999840259552002,0.0012613534927368164,-4.538301944732666,0.9950459003448486,0.0016876781592145562,1.0,0.004954099655151367,-2.2659912109375,-0.0003699660301208496,0.002031173789873719,0.0,0.0003699660301208496,-2.180598497390747,0.05543157830834389,0.0,0.05543157830834389,0.10204975306987762,0.0,0.10204975306987762,1.0,2.0,-20.37255859375,1784672200.8632073,66.70503115653992,,1.4472438627869053,13.245455357026195,0.0,,False,1.6821863651275635
438,0.005972943268716335,4.749019524297182e-07,0.0056870062835514545,0.000688774511218071,2.036160111629215e-07,0.0010331716621294618,0.0004476263711694628,-12.768378257751465,0.49773651361465454,0.0006003555026836693,0.4992917478084564,0.5197404623031616,6.948746158741415e-05,0.5218145847320557,0.0025924385990947485,-6.625329971313477,0.5013628005981445,1.631003942748066e-05,0.49981021881103516,0.001552581787109375,-4.51902961730957,0.995468258857727,0.00168905861210078,1.0,0.004531741142272949,-2.2667739391326904,-0.0016486197710037231,0.0021382581908255816,0.0,0.0016486197710037231,-2.1543078422546387,0.055086392909288406,0.0,0.055086392909288406,0.10250131040811539,0.0,0.10250131040811539,1.0,2.0,-20.328155517578125,1784672200.969613,66.81143689155579,,1.870319774524944,13.223550029022249,0.0,,False,1.6821863651275635
439,0.006022755987942219,4.861197453465138e-07,0.005853989161550999,0.0007124431431293488,2.058411325833731e-07,0.0010646097362041473,0.0003905170306097716,-12.79805850982666,0.5016137361526489,0.0006072818068787456,0.5045585036277771,0.5200451016426086,6.927966023795307e-05,0.5216223001480103,0.0033405404537916183,-6.628968715667725,0.5015290975570679,1.613166750757955e-05,0.49980154633522034,0.0017275512218475342,-4.505922317504883,0.9959050416946411,0.0016932128928601742,1.0,0.004094958305358887,-2.2666733264923096,-0.003257840871810913,0.002289907308295369,0.0,0.003257840871810913,-2.118366241455078,0.05485336109995842,0.0,0.05485336109995842,0.10325552523136139,0.0,0.10325552523136139,1.0,3.0,-20.35419464111328,1784672201.0644462,66.90627002716064,,2.319434809798139,13.165703100218742,0.0,,False,1.6821863651275635
440,0.006075822748243809,4.981921506441722e-07,0.002977134194225073,0.0007424922659993172,2.0832186464758706e-07,0.0005439957021735609,0.003105039708316326,-3.3790717124938965,0.5068255662918091,0.0006140274344943464,0.5083620548248291,0.5206695199012756,6.87911087879911e-05,0.5199337005615234,0.0017035924829542637,-6.646219253540039,0.5017582774162292,1.5828081814106554e-05,0.49993374943733215,0.0018245279788970947,-4.502765655517578,0.9951633214950562,0.0017049715388566256,1.0,0.004836678504943848,-2.2613048553466797,-0.00540556013584137,0.002455440117046237,0.0,0.00540556013584137,-2.079836368560791,0.054846327751874924,0.0,0.054846327751874924,0.10756970196962357,0.0,0.10756970196962357,1.0,3.0,-10.947429656982422,1784672201.1579404,66.99976420402527,,7.957649948857664,13.069326298520949,0.0,,False,1.6821863651275635
441,0.006143472157418728,5.191158152229036e-07,0.009545419365167618,0.0007687592878937721,2.1337666566978442e-07,0.0017296404112130404,0.0035350441467016935,0.23280572891235352,0.5126311779022217,0.0006259346846491098,0.5135930180549622,0.5215631723403931,6.847085023764521e-05,0.5179052352905273,0.0037822795566171408,-6.546358108520508,0.5021226406097412,1.5589977920171805e-05,0.49993178248405457,0.0021908581256866455,-4.461561679840088,0.9957875609397888,0.0017123142024502158,1.0,0.004212439060211182,-2.2608344554901123,-0.0073067545890808105,0.00275684823282063,0.0,0.0073067545890808105,-2.018212080001831,0.054918158799409866,0.0,0.054918158799409866,0.11120080202817917,0.0,0.11120080202817917,1.0,2.0,-7.2350616455078125,1784672201.2529922,67.09481596946716,,19.627667909189938,12.911325208264195,0.0,,False,1.6821863651275635
442,0.006207507103681564,5.420940283329401e-07,0.005905446130782366,0.0007899382617324591,2.1368315117342718e-07,0.0010676851961761713,0.00041034643072634935,-12.790756225585938,0.5159443020820618,0.0006327146547846496,0.5172895789146423,0.522063136100769,6.845361349405721e-05,0.5178885459899902,0.004385997075587511,-6.5108232498168945,0.5021754503250122,1.5560690371785313e-05,0.5000574588775635,0.0021179914474487305,-4.472301006317139,0.9986615777015686,0.0017395539907738566,1.0,0.0013384222984313965,-2.2576098442077637,-0.013961613178253174,0.00381895387545228,0.0,0.013961613178253174,-1.8394298553466797,0.05529099330306053,0.0,0.05529099330306053,0.11201409995555878,0.0,0.11201409995555878,1.0,2.0,-20.235565185546875,1784672201.339046,67.18086981773376,,18.29718232948315,12.57454189335229,0.0,,False,1.6821863651275635
443,0.006236531771719456,5.303126044964301e-07,0.006090057548135519,0.0007888420950621367,2.1809994166233082e-07,0.0010933736339211464,0.0003379262634553015,-12.823342323303223,0.5181005597114563,0.0006346910959109664,0.5225635766983032,0.5214973092079163,7.07252329448238e-05,0.5204584002494812,0.00458234129473567,-6.59834098815918,0.5021191835403442,1.5927109416224994e-05,0.5003129243850708,0.0018062591552734375,-4.502383708953857,0.9976487755775452,0.0017397337360307574,1.0,0.002351224422454834,-2.256484031677246,-0.00902228057384491,0.0027933965902775526,0.0,0.00902228057384491,-2.006739616394043,0.05735402554273605,0.0,0.05735402554273605,0.11420583724975586,0.0,0.11420583724975586,1.0,2.0,-20.353206634521484,1784672201.4331775,67.27500128746033,,16.84905530080175,12.405068339487748,0.0,,False,1.6821863651275635
444,0.006267134100198746,5.205267825658666e-07,0.0060472385957837105,0.0007746280170977116,2.2426105772410665e-07,0.0010841441107913852,0.00037967649404890835,-12.791524887084961,0.519061803817749,0.0006352303898893297,0.5264506936073303,0.5203647017478943,7.413024286506698e-05,0.518156886100769,0.0077116889879107475,-6.521877288818359,0.5018747448921204,1.6610869352007285e-05,0.5006794333457947,0.0011953115463256836,-4.540781021118164,0.9969509840011597,0.001729377661831677,1.0,0.003049015998840332,-2.2583703994750977,-0.006335064768791199,0.0021060495637357235,0.0,0.006335064768791199,-2.1530044078826904,0.058702584356069565,0.0,0.058702584356069565,0.11731981486082077,0.0,0.11731981486082077,1.0,2.0,-20.2794189453125,1784672201.538307,67.38013076782227,,15.474715961329338,12.381859577111854,0.0,,False,1.6821863651275635
445,0.006302886642515659,5.132079650138621e-07,0.006394701544195414,0.0007460820488631725,2.3253463155015197e-07,0.0011608019703999162,0.0004247617907822132,-12.662494659423828,0.5192785263061523,0.0006366719026118517,0.5311239957809448,0.5181947350502014,7.839069439796731e-05,0.5168298482894897,0.011923843994736671,-6.446577072143555,0.5011247396469116,1.7529629985801876e-05,0.5010876059532166,3.713369369506836e-05,-4.556831359863281,0.995913028717041,0.0017213663086295128,1.0,0.004086971282958984,-2.258528232574463,-0.00595429539680481,0.0016167090507224202,0.0,0.00595429539680481,-2.2837777137756348,0.05882754176855087,0.0,0.05882754176855087,0.12159091979265213,0.0,0.12159091979265213,1.0,2.0,-20.09817123413086,1784672201.6328175,67.4746413230896,,14.281624333038565,12.489424120628904,0.0,,False,1.6821863651275635
446,0.006820663809776306,6.244500809771125e-07,0.00621140468865633,0.0008685044012963772,2.6723003543338564e-07,0.001122663146816194,0.000660146470181644,-12.454814910888672,0.5399254560470581,0.0006901031010784209,0.5367282629013062,0.5134450793266296,7.670494233025238e-05,0.5194675922393799,0.006818556226789951,-6.295393466949463,0.4974689483642578,1.6328393030562438e-05,0.5011364817619324,0.0036675333976745605,-4.180480003356934,0.9897105097770691,0.0014914050698280334,1.0,0.010289490222930908,-2.2995851039886475,0.0035310089588165283,0.0010411994298920035,0.0,0.0035310089588165283,-2.5087649822235107,0.038765788078308105,0.0,0.038765788078308105,0.08287910372018814,0.0,0.08287910372018814,1.0,2.0,-19.581371307373047,1784672201.7265546,67.56837844848633,,13.605332631505604,12.82197593259383,0.0,,False,1.6821863651275635
447,0.0068632205948233604,6.310589242275455e-07,0.0061411177739501,0.0008792756125330925,2.6915211037703557e-07,0.0011106388410553336,0.0007582621183246374,-12.351469039916992,0.5431684851646423,0.0006941412575542927,0.5408187508583069,0.5136094093322754,7.600281242048368e-05,0.521054744720459,0.007807321380823851,-6.1722564697265625,0.49752187728881836,1.6085394236142747e-05,0.5010541081428528,0.003532230854034424,-4.212035179138184,0.989600658416748,0.0014817450428381562,1.0,0.010399341583251953,-2.3018360137939453,0.003541424870491028,0.001041523995809257,0.0,0.003541424870491028,-2.508575677871704,0.038135942071676254,0.0,0.038135942071676254,0.08155106753110886,0.0,0.08155106753110886,1.0,2.0,-19.395292282104492,1784672201.8525915,67.69441533088684,,13.115119955241198,13.15433844020695,0.0,,False,1.6821863651275635
448,0.0069093117490410805,6.439426556426042e-07,0.006398381665349007,0.0008892789483070374,2.7309107508699526e-07,0.001156684709712863,0.0005766761605627835,-12.513065338134766,0.5466450452804565,0.0007018226897343993,0.546463668346405,0.5138282775878906,7.53519416321069e-05,0.5183780193328857,0.0045533557422459126,-6.4023284912109375,0.49757814407348633,1.587133010616526e-05,0.5010514855384827,0.003473341464996338,-4.226499557495117,0.9895054697990417,0.0014781979843974113,1.0,0.010494530200958252,-2.302273988723755,0.0037323683500289917,0.0010503735393285751,0.0,0.0037323683500289917,-2.503735303878784,0.037537988275289536,0.0,0.037537988275289536,0.0800960510969162,0.0,0.0800960510969162,1.0,2.0,-19.74817657470703,1784672201.948585,67.79040884971619,,12.272022986374253,13.481860573827149,0.0,,False,1.6821863651275635
449,0.0069505758583545685,6.495042157439457e-07,0.006305950228124857,0.0009019828867167234,2.7340891506355547e-07,0.0011376319453120232,0.0006863473099656403,-12.420355796813965,0.5498620271682739,0.0007053386652842164,0.5496677756309509,0.5138920545578003,7.408692908938974e-05,0.5150835514068604,0.001207227585837245,-6.536067008972168,0.49761438369750977,1.5530851669609547e-05,0.5010539293289185,0.0034395456314086914,-4.236532211303711,0.989848792552948,0.0014670308446511626,1.0,0.010151207447052002,-2.3081979751586914,0.003988444805145264,0.0010641805129125714,0.0,0.003988444805145264,-2.4963624477386475,0.03694088011980057,0.0,0.03694088011980057,0.07824859768152237,0.0,0.07824859768152237,1.0,2.0,-19.767475128173828,1784672202.0322628,67.87408661842346,,11.409627464040511,13.802009851307211,0.0,,False,1.6821863651275635
450,0.00699545256793499,6.575066890945891e-07,0.004373043775558472,0.0009166868403553963,2.741364255598455e-07,0.0007833541603758931,0.0026257960125803947,-7.5722975730896,0.5535225868225098,0.000710672524292022,0.5561718344688416,0.5138979554176331,7.260691199917346e-05,0.516635537147522,0.003809575689956546,-6.495450973510742,0.4976211488246918,1.5145149518502876e-05,0.5009118318557739,0.0032906830310821533,-4.272482395172119,0.9900514483451843,0.0014576466055586934,1.0,0.009948551654815674,-2.312577724456787,0.004602611064910889,0.0010882789501920342,0.0,0.004602611064910889,-2.482907772064209,0.03619156405329704,0.0,0.03619156405329704,0.07595831900835037,0.0,0.07595831900835037,1.0,2.0,-14.904899597167969,1784672202.1265028,67.96832656860352,,15.409807472712629,14.108704453112836,0.0,,False,1.6821863651275635
451,0.007040996104478836,6.646939709753497e-07,0.009276159107685089,0.0009247222915291786,2.75524513426717e-07,0.0016797153512015939,0.0023592303041368723,-8.033884048461914,0.5571047067642212,0.0007164317648857832,0.5603103041648865,0.5140113234519958,7.114796608220786e-05,0.5184129476547241,0.005445195361971855,-6.4147844314575195,0.49766385555267334,1.4770259440410882e-05,0.5008181929588318,0.0031543374061584473,-4.305688858032227,0.9901081323623657,0.001443488639779389,1.0,0.009891867637634277,-2.317514181137085,0.005101889371871948,0.0011016370262950659,0.0,0.005101889371871948,-2.474726438522339,0.035433080047369,0.0,0.035433080047369,0.07397649437189102,0.0,0.07397649437189102,1.0,2.0,-15.318556785583496,1784672202.232454,68.07427787780762,,18.99633029296922,14.40721772137659,0.0,,False,1.6821863651275635
452,0.007103145122528076,6.982616582718038e-07,0.006504543125629425,0.000949733192101121,2.830241214724083e-07,0.0011745777446776628,0.0006394368247129023,-12.44243049621582,0.561909556388855,0.0007333079702220857,0.5661171078681946,0.5140100717544556,7.00826640240848e-05,0.519011378288269,0.006535790394991636,-6.36348819732666,0.4976878762245178,1.4466782886302099e-05,0.5007382035255432,0.0030503273010253906,-4.331307888031006,0.9905748963356018,0.0014550616033375263,1.0,0.009425103664398193,-2.316889524459839,0.006711557507514954,0.0011811985168606043,0.0,0.006711557507514954,-2.4326069355010986,0.03455217555165291,0.0,0.03455217555165291,0.07051271945238113,0.0,0.07051271945238113,1.0,2.0,-19.698875427246094,1784672202.3327763,68.17460012435913,,18.20253447156321,14.663611486619104,0.0,,False,1.6821863651275635
453,0.007166687399148941,7.194460636128497e-07,0.006449515465646982,0.0009682737290859222,2.8726594791805837e-07,0.001168249174952507,0.000744530581869185,-12.338886260986328,0.5667418241500854,0.0007451273850165308,0.5702239871025085,0.5140876770019531,6.858356209704652e-05,0.5180186033248901,0.005251441616564989,-6.436040878295898,0.49775391817092896,1.4070857105252799e-05,0.5008347034454346,0.0030807852745056152,-4.329497814178467,0.9909656643867493,0.0014514006907120347,1.0,0.009034335613250732,-2.3205573558807373,0.00784476101398468,0.001234520343132317,0.0,0.00784476101398468,-2.4046730995178223,0.033580854535102844,0.0,0.033580854535102844,0.0673675686120987,0.0,0.0673675686120987,0.0,1.0,-19.652467727661133,1784672202.4377863,68.27961015701294,,17.455146349742165,14.892071415878341,0.0,,False,1.6821863651275635
454,0.0072462186217308044,7.780317332617415e-07,0.006766424514353275,0.0009781329426914454,3.065944156332989e-07,0.0012253121240064502,0.0005397220957092941,-12.446664810180664,0.5732747316360474,0.0007686330936849117,0.5751479268074036,0.5146298408508301,7.016048766672611e-05,0.5173443555831909,0.003298097988590598,-6.4751386642456055,0.49819526076316833,1.4212633686838672e-05,0.5009336471557617,0.002738386392593384,-4.397944450378418,0.9883896708488464,0.0015410681953653693,1.0,0.011610329151153564,-2.274965524673462,0.009325355291366577,0.0012329522287473083,0.0,0.009325355291366577,-2.394967555999756,0.03494875505566597,0.0,0.03494875505566597,0.07404547929763794,0.0,0.07404547929763794,0.0,1.0,-19.825748443603516,1784672202.5322905,68.37411427497864,,16.534477511978736,15.110825801619512,0.0,,False,1.6821863651275635
455,0.007332548499107361,8.15144403532031e-07,0.008081270381808281,0.0009985037613660097,3.206422150014987e-07,0.0014495895011350513,0.0008741068886592984,-11.987388610839844,0.5797399282455444,0.0007845362997613847,0.5808736085891724,0.5151332020759583,7.17947623343207e-05,0.5173754692077637,0.002512566978111863,-6.472347259521484,0.4985787570476532,1.4282709344115574e-05,0.5010483860969543,0.0024696290493011475,-4.445779323577881,0.9895269870758057,0.0015603431966155767,1.0,0.010473012924194336,-2.277338743209839,0.008033499121665955,0.0012428384507074952,0.0,0.008033499121665955,-2.4002768993377686,0.03670699894428253,0.0,0.03670699894428253,0.07965882122516632,0.0,0.07965882122516632,0.0,1.0,-19.388154983520508,1784672202.6271906,68.46901440620422,,16.051402134298314,15.334889530698696,0.0,,False,1.6821863651275635
456,0.007608309388160706,9.723074754219851e-07,0.006989725399762392,0.0009992525447160006,3.5153539101884235e-07,0.0012527094222605228,0.0006684957188554108,-12.226253509521484,0.602710485458374,0.000871871889103204,0.5866377949714661,0.5179877281188965,6.711882451782003e-05,0.5162068009376526,0.016171056777238846,-6.317304611206055,0.5008352398872375,1.3493591723090503e-05,0.5011885762214661,0.0003533363342285156,-4.6830830574035645,0.9914056658744812,0.0016351778758689761,1.0,0.008594334125518799,-2.2664780616760254,0.04443041980266571,0.0027045279275625944,0.0,0.04443041980266571,-1.6725205183029175,0.026459312066435814,0.0,0.026459312066435814,0.03418849781155586,0.0,0.03418849781155586,0.0,1.0,-19.621639251708984,1784672202.73332,68.57514381408691,,15.334842488429416,14.831196878743029,0.0,,False,1.6821863651275635
457,0.007706123404204845,1.0069779818877578e-06,0.006776036694645882,0.001020713010802865,3.6552253845911764e-07,0.0012232414446771145,0.0009518818114884198,-11.991727828979492,0.6094790697097778,0.0008807753911241889,0.5899516940116882,0.5181735754013062,6.963258783798665e-05,0.5161489844322205,0.019632048904895782,-6.219715595245361,0.5010198950767517,1.3700388990400825e-05,0.5012529492378235,0.00023305416107177734,-4.678122520446777,0.9916888475418091,0.0016445989022031426,1.0,0.008311152458190918,-2.265190362930298,0.03871558606624603,0.002440176671370864,0.0,0.03871558606624603,-1.7817752361297607,0.028480038046836853,0.0,0.028480038046836853,0.03971070051193237,0.0,0.03971070051193237,0.0,1.0,-19.306562423706055,1784672202.8513384,68.69316220283508,,14.933359670563448,14.436758944614205,0.0,,False,1.6821863651275635
458,0.00779389962553978,1.0341423148929607e-06,0.007973924279212952,0.0010362972971051931,3.7681186881854956e-07,0.0014427978312596679,0.00044458021875470877,-12.213918685913086,0.6155552864074707,0.0008877277141436934,0.5960398316383362,0.5182780027389526,7.14592169970274e-05,0.515953779220581,0.01965337060391903,-6.19642972946167,0.5011388659477234,1.3799002772429958e-05,0.501342236995697,0.0002033710479736328,-4.67501974105835,0.9920489192008972,0.0016523562371730804,1.0,0.007951080799102783,-2.264707565307617,0.033786676824092865,0.0022381937596946955,0.0,0.033786676824092865,-1.8770908117294312,0.03011435642838478,0.0,0.03011435642838478,0.04470904916524887,0.0,0.04470904916524887,0.0,1.0,-19.50857162475586,1784672202.9576464,68.79947018623352,,14.329867651647675,14.137636586085051,0.0,,False,1.6821863651275635
459,0.007868695072829723,1.0651777984094224e-06,0.006866150535643101,0.0010484494268894196,3.8906506460989476e-07,0.001240257639437914,0.0010207281447947025,-11.8989896774292,0.620955228805542,0.0008976992103271186,0.6019431948661804,0.5183854103088379,7.298206764971837e-05,0.5163377523422241,0.019121985882520676,-6.202558994293213,0.5012373328208923,1.3882243365515023e-05,0.501166045665741,7.128715515136719e-05,-4.673328399658203,0.992428719997406,0.0016675423830747604,1.0,0.007571280002593994,-2.262075185775757,0.030330821871757507,0.002129507251083851,0.0,0.030330821871757507,-1.9409911632537842,0.03128751367330551,0.0,0.03128751367330551,0.048336464911699295,0.0,0.048336464911699295,0.0,1.0,-19.19770050048828,1784672203.042691,68.88451480865479,,14.03724675699948,13.90241457908025,0.0,,False,1.6821863651275635
460,0.007935339584946632,1.0889527857216308e-06,0.006324342451989651,0.0010579486843198538,3.991743255937763e-07,0.0011506591690704226,0.0016136625781655312,-11.19178295135498,0.6258695125579834,0.0009049441432580352,0.6052937507629395,0.5184083580970764,7.417832966893911e-05,0.5162153244018555,0.02069230191409588,-6.15412712097168,0.5012866854667664,1.3901372767577413e-05,0.5011845827102661,0.00010210275650024414,-4.67244815826416,0.9928743243217468,0.001675742561928928,1.0,0.007125675678253174,-2.2616610527038574,0.02639991044998169,0.00199689157307148,0.0,0.02639991044998169,-2.0146331787109375,0.03234914690256119,0.0,0.03234914690256119,0.052360374480485916,0.0,0.052360374480485916,0.0,1.0,-18.451309204101562,1784672203.146968,68.98879170417786,,14.491017158738003,13.740834587532603,0.0,,False,1.6821863651275635
461,0.007991239428520203,1.1045159453715314e-06,0.007382703945040703,0.0010658283717930317,4.0669988266017754e-07,0.0013507469557225704,0.0006719330558553338,-12.110330581665039,0.6302456855773926,0.0009102335898205638,0.6112734079360962,0.5183587074279785,7.483618537662551e-05,0.516018271446228,0.01911609247326851,-6.178812026977539,0.501275897026062,1.3846530237060506e-05,0.5013010501861572,2.5153160095214844e-05,-4.674776554107666,0.9931729435920715,0.0016803923062980175,1.0,0.006827056407928467,-2.261557102203369,0.022838562726974487,0.001876975642517209,0.0,0.022838562726974487,-2.0811610221862793,0.03310244157910347,0.0,0.03310244157910347,0.05598386377096176,0.0,0.05598386377096176,0.0,1.0,-19.390769958496094,1784672203.2647614,69.10658526420593,,14.005326806081996,13.645782439460298,0.0,,False,1.6821863651275635
462,0.008035922423005104,1.1263748547207797e-06,0.007140048313885927,0.0010662553831934929,4.164277527252125e-07,0.0013017469318583608,0.0009263081010431051,-11.933296203613281,0.6338326930999756,0.0009194011217914522,0.6164657473564148,0.5183333158493042,7.544748950749636e-05,0.5159775018692017,0.01752599887549877,-6.203248023986816,0.5012344717979431,1.3834289347869344e-05,0.5011876225471497,4.684925079345703e-05,-4.675162315368652,0.9934307336807251,0.0016923079965636134,1.0,0.006569266319274902,-2.2591421604156494,0.020207479596138,0.0018082724418491125,0.0,0.020207479596138,-2.1258437633514404,0.03350859880447388,0.0,0.03350859880447388,0.05845525115728378,0.0,0.05845525115728378,0.0,1.0,-19.233476638793945,1784672203.349912,69.19173574447632,,13.676929773128137,13.595413032553154,0.0,,False,1.6821863651275635
463,0.00807740818709135,1.1379980833226e-06,0.007149895187467337,0.001074999338015914,4.214186617446103e-07,0.0013051871210336685,0.000955649942625314,-11.904215812683105,0.6374610662460327,0.0009226222755387425,0.6208475232124329,0.5183245539665222,7.572627509944141e-05,0.5153705477714539,0.016874121502041817,-6.193264961242676,0.5012520551681519,1.3742375813308172e-05,0.5010510683059692,0.0002009868621826172,-4.677104949951172,0.9942319393157959,0.001692122546955943,1.0,0.0057680606842041016,-2.2621164321899414,0.01839868724346161,0.001753126154653728,0.0,0.01839868724346161,-2.157693862915039,0.033732492476701736,0.0,0.033732492476701736,0.059798866510391235,0.0,0.059798866510391235,0.0,1.0,-19.19738006591797,1784672203.465044,69.30686783790588,,13.384629313050254,13.576893725209608,0.0,,False,1.6821863651275635
464,0.008119658567011356,1.1519053941810853e-06,0.00733145559206605,0.0010868515819311142,4.276234903954901e-07,0.0013386835344135761,0.0008274558931589127,-11.987859725952148,0.6412520408630371,0.0009294894989579916,0.6269039511680603,0.5182610154151917,7.569031731691211e-05,0.5134502649307251,0.01513310894370079,-6.133366584777832,0.5012063980102539,1.3621614016301464e-05,0.5010740160942078,0.00013238191604614258,-4.682344436645508,0.9943995475769043,0.0016988448332995176,1.0,0.005600452423095703,-2.2607333660125732,0.017021544277668,0.001723079476505518,0.0,0.017021544277668,-2.1788084506988525,0.03373044729232788,0.0,0.03373044729232788,0.060783758759498596,0.0,0.060783758759498596,0.0,1.0,-19.23572540283203,1784672203.5603158,69.40213966369629,,13.05398351605831,13.579489005649876,0.0,,False,1.6821863651275635
465,0.00808898825198412,1.1550405361049343e-06,0.007416201755404472,0.0011140340939164162,4.3609313138404104e-07,0.0013501748908311129,0.0007130246376618743,-12.060638427734375,0.641600489616394,0.0009415615350008011,0.6312118172645569,0.5179337859153748,7.497575279558077e-05,0.5134419202804565,0.011318187229335308,-6.203413486480713,0.5008827447891235,1.3494106497091707e-05,0.5011011958122253,0.00021845102310180664,-4.685922145843506,0.9933235049247742,0.001722239889204502,1.0,0.00667649507522583,-2.250185251235962,0.017184093594551086,0.0017637722194194794,0.0,0.017184093594551086,-2.1675009727478027,0.03259875625371933,0.0,0.03259875625371933,0.05822603404521942,0.0,0.05822603404521942,0.0,1.0,-19.366329193115234,1784672203.665847,69.50767087936401,,12.592733928783161,13.570776808139094,0.0,,False,1.6821863651275635
466,0.008122691884636879,1.1643744528555544e-06,0.007526042405515909,0.0011279839091002941,4.394145207697875e-07,0.0013764676405116916,0.0006463240715675056,-12.08957290649414,0.6449505090713501,0.0009432832011952996,0.63642817735672,0.5178381204605103,7.500164065277204e-05,0.5156375765800476,0.008801848627626896,-6.3234148025512695,0.5008695125579834,1.3373131878324784e-05,0.501126766204834,0.00025725364685058594,-4.689718723297119,0.9943020343780518,0.0017211834201589227,1.0,0.005697965621948242,-2.2540013790130615,0.01614554226398468,0.0017397445626556873,0.0,0.01614554226398468,-2.1831514835357666,0.032628484070301056,0.0,0.032628484070301056,0.05840809643268585,0.0,0.05840809643268585,0.0,1.0,-19.4931640625,1784672203.7599027,69.60172653198242,,12.004649472123248,13.577715121416276,0.0,,False,1.6821863651275635
467,0.00815825816243887,1.1869977925016428e-06,0.007489359471946955,0.0011390335857868195,4.480698692077567e-07,0.001365687814541161,0.0007062560180202127,-12.047527313232422,0.6482781171798706,0.0009533525444567204,0.6424974799156189,0.5177794694900513,7.504484528908506e-05,0.5147216320037842,0.006539582274854183,-6.308774471282959,0.5008185505867004,1.3284980923344847e-05,0.5011860728263855,0.0003675222396850586,-4.690415859222412,0.9944181442260742,0.0017346222884953022,1.0,0.005581855773925781,-2.250563383102417,0.01539967954158783,0.0017455886118113995,0.0,0.01539967954158783,-2.188465118408203,0.03253713622689247,0.0,0.03253713622689247,0.058705318719148636,0.0,0.058705318719148636,0.0,1.0,-19.439754486083984,1784672203.8437402,69.6855640411377,,11.46997459187935,13.589967069565894,0.0,,False,1.6821863651275635
468,0.008192905224859715,1.212463189403934e-06,0.007752507925033569,0.0011493873316794634,4.576183130211575e-07,0.0014137718826532364,0.000513662351295352,-12.115811347961426,0.6517406702041626,0.0009650824358686805,0.6467951536178589,0.5176668763160706,7.502595690311864e-05,0.5146329402923584,0.00580197386443615,-6.308594703674316,0.5007386207580566,1.3202818990976084e-05,0.5012844800949097,0.0005458593368530273,-4.687317371368408,0.9942737817764282,0.0017519028624519706,1.0,0.005726218223571777,-2.245229482650757,0.014758005738258362,0.0017626340268179774,0.0,0.014758005738258362,-2.1897523403167725,0.03238018602132797,0.0,0.03238018602132797,0.058719877153635025,0.0,0.058719877153635025,0.0,1.0,-19.506345748901367,1784672203.938394,69.78021788597107,,10.868708448818069,13.603506239624082,0.0,,False,1.6821863651275635
469,0.008222970180213451,1.2198642025396111e-06,0.007625658996403217,0.0011546118184924126,4.5879806975790416e-07,0.0014041083632037044,0.0006473246030509472,-12.053759574890137,0.6546144485473633,0.0009642915683798492,0.6527925133705139,0.5175846815109253,7.491686119465157e-05,0.5165433883666992,0.0020985088776797056,-6.374789237976074,0.5007376670837402,1.3080767530482262e-05,0.5013083219528198,0.0005706548690795898,-4.690797805786133,0.9953010678291321,0.0017481661634519696,1.0,0.00469893217086792,-2.249340057373047,0.014082439243793488,0.001758112688548863,0.0,0.014082439243793488,-2.196418523788452,0.03244318813085556,0.0,0.03244318813085556,0.05850037932395935,0.0,0.05850037932395935,0.0,1.0,-19.49898910522461,1784672204.0382588,69.88008260726929,,10.274798949433546,13.62371159315395,0.0,,False,1.6821863651275635
470,0.00825469195842743,1.2351696341283969e-06,0.008077476173639297,0.0011746638920158148,4.635404309283331e-07,0.0014788575936108828,0.0003520500613376498,-12.143935203552246,0.6581956148147583,0.000971972243860364,0.65705806016922,0.5175849795341492,7.473742152797058e-05,0.5172662734985352,0.001181356841698289,-6.379634380340576,0.5007554888725281,1.2954386875208002e-05,0.5011829137802124,0.00042742490768432617,-4.701047897338867,0.9957824945449829,0.001751256175339222,1.0,0.00421750545501709,-2.2496941089630127,0.014015287160873413,0.0017844414105638862,0.0,0.014015287160873413,-2.19034743309021,0.03249150142073631,0.0,0.03249150142073631,0.05867847427725792,0.0,0.05867847427725792,0.0,1.0,-19.598167419433594,1784672204.1436412,69.98546504974365,,9.581711135840038,13.637845855985574,0.0,,False,1.6821863651275635
471,0.008290131576359272,1.2559928563860012e-06,0.007978462614119053,0.0011970815248787403,4.697031101841276e-07,0.001464857254177332,0.00041090312879532576,-12.12649917602539,0.6618354320526123,0.0009819536935538054,0.6621777415275574,0.5176131725311279,7.455073500750586e-05,0.5152799487113953,0.0023582002613693476,-6.340549468994141,0.5007484555244446,1.2840175259043463e-05,0.5011264681816101,0.00037801265716552734,-4.706963062286377,0.9961233139038086,0.0017508582677692175,1.0,0.0038766860961914062,-2.2505943775177,0.01424514502286911,0.0018267063423991203,0.0,0.01424514502286911,-2.178138017654419,0.03244157135486603,0.0,0.03244157135486603,0.05848823860287666,0.0,0.05848823860287666,0.0,1.0,-19.552419662475586,1784672204.2378104,70.07963418960571,,8.934371079204539,13.639770703381409,0.0,,False,1.6821863651275635
472,0.008327431045472622,1.2885220712632872e-06,0.009153326041996479,0.0012091235257685184,4.804726927432057e-07,0.001668090233579278,0.0009448560886085033,-11.733482360839844,0.6656256914138794,0.0009972975822165608,0.6680760979652405,0.5174828767776489,7.416107109747827e-05,0.5168731808662415,0.0025251181796193123,-6.3664727210998535,0.5006170272827148,1.273781708732713e-05,0.501126229763031,0.0005092024803161621,-4.706351280212402,0.9956207871437073,0.0017646874766796827,1.0,0.004379212856292725,-2.245518445968628,0.014548681676387787,0.0018995276186615229,0.0,0.014548681676387787,-2.158421754837036,0.03192923218011856,0.0,0.03192923218011856,0.05736039578914642,0.0,0.05736039578914642,0.0,1.0,-19.17983627319336,1784672204.3331466,70.17497038841248,,8.659614411851265,13.62197928795986,0.0,,False,1.6821863651275635
473,0.008355016820132732,1.3108871144140721e-06,0.007816889323294163,0.0012123757041990757,4.85498503621784e-07,0.0014320439659059048,0.0005812360905110836,-12.04342269897461,0.6683682203292847,0.0010030320845544338,0.6739773750305176,0.5174710154533386,7.405098585877568e-05,0.5173741579055786,0.005609991028904915,-6.3541178703308105,0.5005965232849121,1.2669421266764402e-05,0.5011890530586243,0.0005925297737121582,-4.705365180969238,0.9966233372688293,0.0017646076157689095,1.0,0.0033766627311706543,-2.24774432182312,0.014954179525375366,0.0019693414214998484,0.0,0.014954179525375366,-2.139312505722046,0.031535804271698,0.0,0.031535804271698,0.055886972695589066,0.0,0.055886972695589066,0.0,1.0,-19.479398727416992,1784672204.437486,70.27930974960327,,8.08529529027436,13.585078623423321,0.0,,False,1.6821863651275635
474,0.008530061691999435,1.3777431604466983e-06,0.007899892516434193,0.0012247094418853521,4.98785198033147e-07,0.0014348573749884963,0.0006642856169492006,-11.976812362670898,0.6787981986999512,0.0010155043564736843,0.678132951259613,0.518775224685669,7.697800901951268e-05,0.517702579498291,0.0012621893547475338,-6.336611747741699,0.5012786984443665,1.3049816516286228e-05,0.5012487769126892,2.9921531677246094e-05,-4.704395294189453,0.9989561438560486,0.0017337804893031716,1.0,0.001043856143951416,-2.2594728469848633,0.012081071734428406,0.001979612512513995,0.0,0.012081071734428406,-2.1566247940063477,0.032341137528419495,0.0,0.032341137528419495,0.06351916491985321,0.0,0.06351916491985321,0.0,1.0,-19.398300170898438,1784672204.5316775,70.37350130081177,,7.592074725216008,13.565490247171084,0.0,,False,1.6821863651275635
475,0.00856107845902443,1.3921930985816289e-06,0.0063826958648860455,0.0012415444944053888,5.019441573494987e-07,0.0011663520708680153,0.0021796799264848232,-10.446922302246094,0.6824278831481934,0.0010200950782746077,0.6839313507080078,0.5186210870742798,7.632155029568821e-05,0.5173252820968628,0.001984823727980256,-6.334221839904785,0.501223087310791,1.2889064237242565e-05,0.5014773607254028,0.0002542734146118164,-4.708118915557861,0.999194860458374,0.0017260053427889943,1.0,0.0008051395416259766,-2.2618465423583984,0.012438341975212097,0.002045899862423539,0.0,0.012438341975212097,-2.139209747314453,0.031687140464782715,0.0,0.031687140464782715,0.06198721006512642,0.0,0.06198721006512642,0.0,1.0,-17.868358612060547,1784672204.626587,70.46841073036194,,8.628795718995548,13.528486824226952,0.0,,False,1.6821863651275635
476,0.008588598109781742,1.4006471928951214e-06,0.008197490125894547,0.0012592163402587175,5.048988214184646e-07,0.0015062158927321434,0.00046257348731160164,-12.035842895507812,0.6859130263328552,0.0010255253873765469,0.6872441172599792,0.5183758735656738,7.546058623120189e-05,0.5174757838249207,0.001606849255040288,-6.343116283416748,0.5011227130889893,1.2702495951089077e-05,0.501598060131073,0.00047534704208374023,-4.709023475646973,0.9991959929466248,0.0017179212300106883,1.0,0.0008040070533752441,-2.264193296432495,0.012568511068820953,0.0020998409017920494,0.0,0.012568511068820953,-2.126394033432007,0.030949562788009644,0.0,0.030949562788009644,0.06053268536925316,0.0,0.06053268536925316,0.0,1.0,-19.464847564697266,1784672204.7428453,70.58466911315918,,8.069027760138368,13.478667687400375,0.0,,False,1.6821863651275635
477,0.008613349869847298,1.4232904277378111e-06,0.008101178333163261,0.0012760719982907176,5.119526917951589e-07,0.001501223654486239,0.0005594756221398711,-11.994247436523438,0.6890827417373657,0.0010345716727897525,0.6930106282234192,0.5182339549064636,7.516099140048027e-05,0.5166043639183044,0.0042525120079517365,-6.321823596954346,0.5010572671890259,1.2617109860002529e-05,0.5016002655029297,0.0005429983139038086,-4.7096052169799805,0.9994062185287476,0.0017175807151943445,1.0,0.0005937814712524414,-2.264378070831299,0.012777343392372131,0.002181087853386998,0.0,0.012777343392372131,-2.107600688934326,0.030262932181358337,0.0,0.030262932181358337,0.05897938832640648,0.0,0.05897938832640648,0.0,1.0,-19.406509399414062,1784672204.837636,70.67945981025696,,7.567597966564392,13.410055206076116,0.0,,False,1.6821863651275635
478,0.008632269687950611,1.4500604947897955e-06,0.007966829463839531,0.0012834551744163036,5.211883831179875e-07,0.0014661516761407256,0.0006900642765685916,-11.932944297790527,0.6919516324996948,0.00104671367444098,0.6971094012260437,0.5180244445800781,7.473107689293101e-05,0.5164015293121338,0.005407072138041258,-6.313650131225586,0.5009241104125977,1.2530470485216938e-05,0.5014633536338806,0.000539243221282959,-4.713131904602051,0.9994227290153503,0.0017207670025527477,1.0,0.0005772709846496582,-2.2634572982788086,0.013041391968727112,0.0022781607694923878,0.0,0.013041391968727112,-2.0859267711639404,0.029417797923088074,0.0,0.029417797923088074,0.05700195953249931,0.0,0.05700195953249931,0.0,1.0,-19.340429306030273,1784672204.9448187,70.78664255142212,,7.132248266374205,13.319768806981472,0.0,,False,1.6821863651275635
479,0.008662068285048008,1.4874448197588208e-06,0.009508798830211163,0.001308390754275024,5.335105015547015e-07,0.0017408084822818637,0.0009507563663646579,-11.677000045776367,0.6958349943161011,0.0010640659602358937,0.7027785778045654,0.5177260041236877,7.416150037897751e-05,0.5140393972396851,0.007861578837037086,-6.225297927856445,0.5007516145706177,1.2416152458172292e-05,0.5014290809631348,0.0006774663925170898,-4.7108354568481445,0.9986664652824402,0.0017268253723159432,1.0,0.0013335347175598145,-2.261281967163086,0.013623163104057312,0.002402230631560087,0.0,0.013623163104057312,-2.0581114292144775,0.02848881669342518,0.0,0.02848881669342518,0.05478838086128235,0.0,0.05478838086128235,0.0,1.0,-19.01265525817871,1784672205.0544364,70.89626026153564,,7.02467261403558,13.201667065937364,0.0,,False,1.6821863651275635
480,0.008682308718562126,1.5014259133749874e-06,0.007048438303172588,0.0013355622068047523,5.354722816264257e-07,0.0013127524871379137,0.0016340295551344752,-11.197244644165039,0.6987869739532471,0.0010682205902412534,0.7068167328834534,0.5174622535705566,7.34987115720287e-05,0.5141832232475281,0.008673468604683876,-6.238801002502441,0.5006877779960632,1.2283609976293519e-05,0.5015851259231567,0.0008973479270935059,-4.701906681060791,0.999032199382782,0.0017212539678439498,1.0,0.0009678006172180176,-2.2631404399871826,0.014169052243232727,0.0025251812767237425,0.0,0.014169052243232727,-2.0320305824279785,0.027596617117524147,0.0,0.027596617117524147,0.0522552952170372,0.0,0.0522552952170372,0.0,1.0,-18.53923988342285,1784672205.158937,71.00076079368591,,7.390512336452815,13.057484478106758,0.0,,False,1.6821863651275635
481,0.008715318515896797,1.511630330242042e-06,0.00866823922842741,0.0013705894816666842,5.376155058911536e-07,0.0016144867986440659,0.00024839959223754704,-12.025287628173828,0.7024304866790771,0.0010759936412796378,0.7116953730583191,0.517029345035553,7.212830678327009e-05,0.5166820287704468,0.009271393530070782,-6.307186126708984,0.5004907846450806,1.2022538612654898e-05,0.501609206199646,0.0011184215545654297,-4.693403720855713,0.9983066320419312,0.0017092910129576921,1.0,0.0016933679580688477,-2.2660608291625977,0.014877215027809143,0.0026246255729347467,0.0,0.014877215027809143,-2.010305881500244,0.02665468491613865,0.0,0.02665468491613865,0.049913402646780014,0.0,0.049913402646780014,0.0,1.0,-19.417739868164062,1784672205.244161,71.08598470687866,,6.877852074128839,12.891577189348418,0.0,,False,1.6821863651275635
482,0.008724958635866642,1.3869489521312062e-06,0.009970508515834808,0.0014671270037069917,5.152983817424683e-07,0.0018589282408356667,0.0013057191390544176,-11.43735122680664,0.7007291316986084,0.0010346900671720505,0.7165334224700928,0.5138463973999023,7.136851490940899e-05,0.5152630805969238,0.015867657959461212,-6.238015174865723,0.49932196736335754,1.159205385192763e-05,0.5014562010765076,0.0021342337131500244,-4.567187786102295,1.000391960144043,0.0015922439051792026,1.0,0.00039196014404296875,-2.302319049835205,0.006651729345321655,0.001677332678809762,0.0,0.006651729345321655,-2.2631473541259766,0.0281353946775198,0.0,0.0281353946775198,0.0642329677939415,0.0,0.0642329677939415,0.0,1.0,-18.71135711669922,1784672205.3485866,71.19041037559509,,7.0715745632697065,12.97851137321581,0.0,,False,1.6821863651275635
483,0.00893534068018198,1.2541452178993495e-06,0.00683083850890398,0.001575988600961864,4.7497115929218126e-07,0.0012788510648533702,0.0021253752056509256,-10.377996444702148,0.7209579944610596,0.0010141278617084026,0.722051203250885,0.5126464366912842,5.961943679722026e-05,0.5143224000930786,0.0020009896252304316,-6.448604583740234,0.49854815006256104,9.5421291916864e-06,0.5014485716819763,0.002900421619415283,-4.42015266418457,0.9945370554924011,0.001502029481343925,1.0,0.005462944507598877,-2.321596145629883,0.009368300437927246,0.001516695600003004,0.0,0.009368300437927246,-2.297739028930664,0.022240350022912025,0.0,0.022240350022912025,0.05142921209335327,0.0,0.05142921209335327,0.0,1.0,-17.74695587158203,1784672205.455499,71.29732275009155,,8.229698297527761,13.100037231887889,0.0,,False,1.6821863651275635
484,0.00896415114402771,1.2629684533749241e-06,0.00823741964995861,0.00158546247985214,4.775430397785385e-07,0.0015358300879597664,0.0007284243474714458,-12.01878547668457,0.7243024110794067,0.0010190459433943033,0.7259078621864319,0.5126678943634033,5.895904541830532e-05,0.5147387385368347,0.0026202802546322346,-6.438268661499023,0.498503178358078,9.394437256560195e-06,0.5014016032218933,0.0028984248638153076,-4.421638488769531,0.9939233064651489,0.001499796169809997,1.0,0.006076693534851074,-2.3199639320373535,0.009328186511993408,0.0015343765262514353,0.0,0.009328186511993408,-2.2925219535827637,0.021899092942476273,0.0,0.021899092942476273,0.05112968757748604,0.0,0.05112968757748604,0.0,1.0,-19.380220413208008,1784672205.549945,71.39176893234253,,7.75455749015984,13.216346015212068,0.0,,False,1.6821863651275635
485,0.008998204953968525,1.279518983210437e-06,0.008365733548998833,0.0016008095117285848,4.82110976918193e-07,0.0015709284925833344,0.0006331768818199635,-12.061939239501953,0.7278072834014893,0.0010260710259899497,0.7304709553718567,0.512694239616394,5.8528432418825105e-05,0.5149612426757812,0.0034977782052010298,-6.428769111633301,0.49847862124443054,9.276025593862869e-06,0.5013247728347778,0.00284615159034729,-4.438459396362305,0.9930623173713684,0.0015000656712800264,1.0,0.006937682628631592,-2.3161416053771973,0.00924055278301239,0.0015577513258904219,0.0,0.00924055278301239,-2.28590989112854,0.021576659753918648,0.0,0.021576659753918648,0.0509643591940403,0.0,0.0509643591940403,0.0,1.0,-19.424182891845703,1784672205.6448786,71.48670244216919,,7.235454204154223,13.326042736082023,0.0,,False,1.6821863651275635
486,0.009030802175402641,1.296098048442218e-06,0.010232577100396156,0.0016123700188472867,4.867603706770751e-07,0.0019266369054093957,0.0012421862920746207,-11.549337387084961,0.7309476137161255,0.00103253114502877,0.7354947924613953,0.5127129554748535,5.81812382733915e-05,0.5161975622177124,0.005728814750909805,-6.3616042137146,0.49844828248023987,9.18005571293179e-06,0.5012356042861938,0.0027873218059539795,-4.457145690917969,0.9923318028450012,0.00149992061778903,1.0,0.007668197154998779,-2.312631607055664,0.009080067276954651,0.0015803250716999173,0.0,0.009080067276954651,-2.2800381183624268,0.02126890979707241,0.0,0.02126890979707241,0.05072624608874321,0.0,0.05072624608874321,0.0,1.0,-18.8671932220459,1784672205.7621634,71.60398721694946,,7.273340587948411,13.429867684185865,0.0,,False,1.6821863651275635
487,0.00907240342348814,1.3346257219382096e-06,0.008629155345261097,0.001622564159333706,4.994825530957314e-07,0.00162232737056911,0.00044324813643470407,-12.106794357299805,0.7342265844345093,0.0010486668907105923,0.7402860522270203,0.5127174258232117,5.8311863540438935e-05,0.5158296823501587,0.00681199599057436,-6.366532325744629,0.4983651041984558,9.167785719910171e-06,0.5011374950408936,0.002772390842437744,-4.461775302886963,0.9908508658409119,0.001510887872427702,1.0,0.009149134159088135,-2.300889253616333,0.009006321430206299,0.0016230106120929122,0.0,0.009006321430206299,-2.2678089141845703,0.021120479330420494,0.0,0.021120479330420494,0.05078118294477463,0.0,0.05078118294477463,0.0,1.0,-19.430908203125,1784672205.8581994,71.70002317428589,,6.747511990663497,13.52146342811185,0.0,,False,1.6821863651275635
488,0.00910850241780281,1.3499280839823768e-06,0.008769236505031586,0.001635714084841311,5.027691258874256e-07,0.0016491079004481435,0.0003395302046556026,-12.128608703613281,0.7375200986862183,0.0010531023144721985,0.7441895604133606,0.5127547383308411,5.7935118093155324e-05,0.5156930088996887,0.007288014516234398,-6.372594833374023,0.498339980840683,9.061681339517236e-06,0.5011231303215027,0.002783149480819702,-4.459389686584473,0.9901373982429504,0.0015073443064466119,1.0,0.00986260175704956,-2.2974987030029297,0.00882689654827118,0.001643348834477365,0.0,0.00882689654827118,-2.2628650665283203,0.020815731957554817,0.0,0.020815731957554817,0.050512831658124924,0.0,0.050512831658124924,0.0,1.0,-19.456378936767578,1784672205.942029,71.78385281562805,,6.196212659736005,13.608115324381586,0.0,,False,1.6821863651275635
489,0.00916051585227251,1.371848270537157e-06,0.008638189174234867,0.0016602278919890523,5.069438770988199e-07,0.0016222742851823568,0.0005237037548795342,-12.058372497558594,0.7428745031356812,0.0010589312296360731,0.7466974258422852,0.5125174522399902,5.737790706916712e-05,0.515679121017456,0.004960936028510332,-6.376287460327148,0.49821236729621887,8.897042789612897e-06,0.5011262893676758,0.002913922071456909,-4.418779373168945,0.9894865155220032,0.001499128877185285,1.0,0.010513484477996826,-2.295631170272827,0.00932052731513977,0.0016765770269557834,0.0,0.00932052731513977,-2.250654697418213,0.02074514329433441,0.0,0.02074514329433441,0.05050961300730705,0.0,0.05050961300730705,0.0,1.0,-19.368793487548828,1784672206.0430148,71.8848385810852,,5.732498778027264,13.682556851541214,0.0,,False,1.6821863651275635
490,0.009192926809191704,1.3859355476597557e-06,0.009273648262023926,0.0016719400882720947,5.106064691062784e-07,0.001752943149767816,0.00011435666965553537,-12.14174747467041,0.7458529472351074,0.0010643316200003028,0.7509298920631409,0.5125303268432617,5.705646253773011e-05,0.5158135890960693,0.00604608841240406,-6.363986492156982,0.49816688895225525,8.801416697679088e-06,0.5011926889419556,0.0030257999897003174,-4.381247520446777,0.9884024262428284,0.0015010101487860084,1.0,0.01159757375717163,-2.2870657444000244,0.00906933844089508,0.001692711841315031,0.0,0.00906933844089508,-2.2474770545959473,0.020481349900364876,0.0,0.020481349900364876,0.05046777427196503,0.0,0.05046777427196503,0.0,1.0,-19.423561096191406,1784672206.1474698,71.98929357528687,,5.214017287675944,13.753820735878577,0.0,,False,1.6821863651275635
491,0.009231265634298325,1.4136033996692277e-06,0.008673724718391895,0.0016819010488688946,5.191682816985121e-07,0.0016470914706587791,0.0005586264887824655,-12.021209716796875,0.7490597367286682,0.0010757053969427943,0.7550157904624939,0.5125195980072021,5.694200444850139e-05,0.5158357620239258,0.006817002315074205,-6.353199005126953,0.4980853796005249,8.74585566634778e-06,0.5012059807777405,0.003120601177215576,-4.347797393798828,0.9868003726005554,0.0015083751641213894,1.0,0.01319962739944458,-2.2716681957244873,0.008932709693908691,0.0017233816906809807,0.0,0.008932709693908691,-2.239644765853882,0.020270105451345444,0.0,0.020270105451345444,0.050421684980392456,0.0,0.050421684980392456,0.0,1.0,-19.277667999267578,1784672206.262748,72.10457181930542,,4.841428894248452,13.817252331473874,0.0,,False,1.6821863651275635
492,0.009262747131288052,1.4289408909462509e-06,0.007599721197038889,0.001687395735643804,5.23295852872252e-07,0.0014463125262409449,0.0016804095357656479,-11.09970760345459,0.7516134977340698,0.001079815556295216,0.7572720646858215,0.5125474333763123,5.676008731825277e-05,0.5157275795936584,0.006490971427410841,-6.362029075622559,0.49804964661598206,8.677988262206782e-06,0.501055896282196,0.0030062496662139893,-4.3877058029174805,0.9861097931861877,0.0015080375596880913,1.0,0.013890206813812256,-2.2655646800994873,0.008416056632995605,0.001735691330395639,0.0,0.008416056632995605,-2.238832473754883,0.02004590816795826,0.0,0.02004590816795826,0.05038455128669739,0.0,0.05038455128669739,0.0,1.0,-18.3831844329834,1784672206.3568735,72.1986973285675,,5.36332406710514,13.879871634970172,0.0,,False,1.6821863651275635
493,0.009299542754888535,1.4457860970651382e-06,0.008920952677726746,0.0016952748410403728,5.28690577539237e-07,0.0017017899081110954,0.0003786461311392486,-12.062374114990234,0.7548631429672241,0.0010887624230235815,0.7611249089241028,0.512521505355835,5.636944842990488e-05,0.5154349207878113,0.00690635247156024,-6.371975898742676,0.49795645475387573,8.575991159887053e-06,0.5009510517120361,0.0029945969581604004,-4.391500949859619,0.9842947125434875,0.001514317700639367,1.0,0.01570528745651245,-2.2460150718688965,0.008269205689430237,0.0017500368412584066,0.0,0.008269205689430237,-2.235584020614624,0.019826002418994904,0.0,0.019826002418994904,0.050423212349414825,0.0,0.050423212349414825,0.0,1.0,-19.35570526123047,1784672206.4617388,72.3035626411438,,4.912698411714757,13.939242485326211,0.0,,False,1.6821863651275635
494,0.00933469645678997,1.4643006807091297e-06,0.008797108195722103,0.0017024409025907516,5.33288925907982e-07,0.0016788870561867952,0.0005381040391512215,-12.002087593078613,0.757657527923584,0.001095063635148108,0.7638206481933594,0.5125178098678589,5.61129636480473e-05,0.5153200626373291,0.0067702787928283215,-6.377351760864258,0.4979000687599182,8.501317097397987e-06,0.5008464455604553,0.0029463768005371094,-4.408130168914795,0.9830397963523865,0.0015162526397034526,0.9999580383300781,0.01691824197769165,-2.232431650161743,0.007970839738845825,0.001766777946613729,0.0,0.007970839738845825,-2.2323801517486572,0.019614269956946373,0.0,0.019614269956946373,0.050263918936252594,0.0,0.050263918936252594,0.0,1.0,-19.308034896850586,1784672206.538831,72.38065481185913,,4.5097431207042575,13.995409466816284,0.0,,False,1.6821863651275635
495,0.009363897144794464,1.4858351278235205e-06,0.008961062878370285,0.0017058826051652431,5.403775844570191e-07,0.0017096631927415729,0.00040285199065692723,-12.032768249511719,0.7600750923156738,0.0011037744116038084,0.7669853568077087,0.512517511844635,5.600942677119747e-05,0.5151939392089844,0.0074104671366512775,-6.376049995422363,0.49782970547676086,8.455920578853693e-06,0.5008484125137329,0.003018707036972046,-4.382554054260254,0.9818035960197449,0.0015245473477989435,0.998144268989563,0.016340672969818115,-2.2365176677703857,0.007513448596000671,0.0017854142934083939,0.0,0.007513448596000671,-2.229304552078247,0.019431468099355698,0.0,0.019431468099355698,0.05033343285322189,0.0,0.05033343285322189,0.0,1.0,-19.32488441467285,1784672206.6430788,72.48490262031555,,4.089938311871492,14.048500848635946,0.0,,False,1.6821863651275635
496,0.009411419741809368,1.5186479913609219e-06,0.010941862128674984,0.0017216047272086143,5.498030191120051e-07,0.002103207865729928,0.0015772999031469226,-11.164226531982422,0.7643336057662964,0.0011206259950995445,0.7706308960914612,0.5124792456626892,5.5650696594966576e-05,0.5154073238372803,0.00694474671036005,-6.362540245056152,0.49773108959198,8.347386938112322e-06,0.5008304715156555,0.003099381923675537,-4.352442741394043,0.9787970185279846,0.001543504768051207,0.9966349601745605,0.017837941646575928,-2.214836597442627,0.007208526134490967,0.0018102377653121948,0.0,0.007208526134490967,-2.2238576412200928,0.01927608624100685,0.0,0.01927608624100685,0.05047747865319252,0.0,0.05047747865319252,0.0,1.0,-18.43048095703125,1784672206.7373886,72.57921242713928,,4.5645369606803285,14.096145319597454,0.0,,False,1.6821863651275635
497,0.009445182979106903,1.5474354313482763e-06,0.00883613433688879,0.0017313805874437094,5.575100203714101e-07,0.0017040228703990579,0.0006096627912484109,-11.930943489074707,0.7669000625610352,0.0011299458565190434,0.7737679481506348,0.5125065445899963,5.5601951316930354e-05,0.5175261497497559,0.008506719954311848,-6.206111431121826,0.49768850207328796,8.308794349431992e-06,0.5006164908409119,0.0029279887676239014,-4.414253234863281,0.9773715138435364,0.0015515625709667802,0.9947235584259033,0.017352044582366943,-2.2182788848876953,0.006622046232223511,0.001833692193031311,0.0,0.006622046232223511,-2.219816207885742,0.01898910105228424,0.0,0.01898910105228424,0.050256114453077316,0.0,0.050256114453077316,0.0,1.0,-19.10295867919922,1784672206.8329608,72.67478466033936,,4.366657887321196,14.139748357224612,0.0,,False,1.6821863651275635
498,0.009479024447500706,1.5695047750341473e-06,0.009063191711902618,0.0017361522186547518,5.647171974487719e-07,0.001742208027280867,0.0004158768570050597,-11.98284912109375,0.7695574760437012,0.0011408817954361439,0.7763429284095764,0.5125153064727783,5.531825081561692e-05,0.5173581838607788,0.008336415514349937,-6.2191386222839355,0.49761712551116943,8.226555110013578e-06,0.5005521178245544,0.0029349923133850098,-4.41157341003418,0.9754385352134705,0.0015623071230947971,0.9948434829711914,0.019404947757720947,-2.191345691680908,0.005830124020576477,0.0018392809433862567,0.0,0.005830124020576477,-2.2210116386413574,0.018577054142951965,0.0,0.018577054142951965,0.049987081438302994,0.0,0.049987081438302994,0.0,1.0,-19.16394805908203,1784672206.929566,72.7713897228241,,4.107789434079251,14.184546825607384,0.0,,False,1.6821863651275635
499,0.009518756531178951,1.5907947954474366e-06,0.010577510111033916,0.0017455721972510219,5.711522135243285e-07,0.0020402129739522934,0.0010989869479089975,-11.597240447998047,0.7726929187774658,0.0011542970314621925,0.7796570658683777,0.5125029683113098,5.484950452228077e-05,0.5146746635437012,0.007294902577996254,-6.385712623596191,0.49753373861312866,8.121341124933679e-06,0.5005521178245544,0.0030183792114257812,-4.38066291809082,0.9726687073707581,0.0015794390346854925,0.9937088489532471,0.021040141582489014,-2.1662633419036865,0.005288705229759216,0.0018456516554579139,0.0,0.005288705229759216,-2.220945358276367,0.018150433897972107,0.0,0.018150433897972107,0.04942653700709343,0.0,0.04942653700709343,0.0,1.0,-18.896141052246094,1784672207.0399847,72.8818085193634,,4.116727987673244,14.229279013625167,0.0,,False,1.6821863651275635
500,0.009557279758155346,1.6179044450836955e-06,0.009282759390771389,0.0017603498417884111,5.80111930048588e-07,0.0017950329929590225,0.00027670265990309417,-11.985008239746094,0.7758375406265259,0.0011685044737532735,0.7826005816459656,0.5124868154525757,5.456943472381681e-05,0.5166512727737427,0.007942382246255875,-6.267679214477539,0.4974750280380249,8.041986802709289e-06,0.5004069209098816,0.0029318928718566895,-4.412033557891846,0.9701476693153381,0.0015990260289981961,0.9934303164482117,0.023282647132873535,-2.1307382583618164,0.003908887505531311,0.001856406917795539,0.0,0.003908887505531311,-2.2215025424957275,0.01766284555196762,0.0,0.01766284555196762,0.04901080206036568,0.0,0.04901080206036568,0.0,1.0,-19.205167770385742,1784672207.145312,72.987135887146,,3.8166398231275878,14.27456838586231,0.0,,False,1.6821863651275635
501,0.00960097648203373,1.643661221351067e-06,0.007794281933456659,0.00177569012157619,5.886262215426541e-07,0.0015115085989236832,0.0018259071512147784,-10.941919326782227,0.7793681621551514,0.001184646738693118,0.7846198081970215,0.5124323964118958,5.4031457693781704e-05,0.5171056389808655,0.00702986354008317,-6.230512619018555,0.49739402532577515,7.909284249763004e-06,0.5003231763839722,0.0029291510581970215,-4.412402153015137,0.9670102000236511,0.0016172636533156037,0.9931159019470215,0.02610570192337036,-2.083873748779297,0.0027256906032562256,0.0018511965172365308,0.0,0.0027256906032562256,-2.2250165939331055,0.017048712819814682,0.0,0.017048712819814682,0.04818600043654442,0.0,0.04818600043654442,0.0,1.0,-18.132530212402344,1784672207.2392464,73.08107018470764,,4.58918921656533,14.32337180953683,0.0,,False,1.6821863651275635
502,0.009636545553803444,1.6567867078265408e-06,0.010648735798895359,0.0017853109166026115,5.931555620009021e-07,0.0020576815586537123,0.0010481959907338023,-11.614616394042969,0.782356858253479,0.0011971743078902364,0.7880784869194031,0.5123277902603149,5.331673673936166e-05,0.5152056217193604,0.006404603831470013,-6.35430908203125,0.4973137080669403,7.772842764097732e-06,0.5001645088195801,0.0028508007526397705,-4.440712928771973,0.9640602469444275,0.0016383322654291987,0.990333080291748,0.026272833347320557,-2.077439785003662,0.002165496349334717,0.0018419624539092183,0.0,0.002165496349334717,-2.22825026512146,0.016502687707543373,0.0,0.016502687707543373,0.047008201479911804,0.0,0.047008201479911804,0.0,1.0,-18.918418884277344,1784672207.3347614,73.17658519744873,,4.575849938128073,14.375408904399706,0.0,,False,1.6821863651275635
503,0.00985614862293005,1.8265653807247872e-06,0.009190058335661888,0.001755755627527833,6.671999699392472e-07,0.001773439347743988,0.0006663249805569649,-11.757061958312988,0.8016009330749512,0.001322018331848085,0.7914395332336426,0.5119890570640564,4.82599061797373e-05,0.5150518417358398,0.01061294972896576,-6.309635162353516,0.4971535801887512,6.735010174452327e-06,0.5002433657646179,0.0030897855758666992,-4.326414585113525,0.9572955369949341,0.0023887157440185547,0.9891198873519897,0.031824350357055664,-1.8875666856765747,0.001147150993347168,0.0012776859803125262,0.0,0.001147150993347168,-2.411898612976074,0.014403663575649261,0.0,0.014403663575649261,0.026877200230956078,0.0,0.026877200230956078,0.0,1.0,-18.96797752380371,1784672207.4291701,73.27099394798279,,4.512952020164448,14.611094347117195,0.0,,False,1.6821863651275635
504,0.00988230761140585,1.8524342522141524e-06,0.009221120737493038,0.0017473732586950064,6.745271434738243e-07,0.0017791232094168663,0.0006619487539865077,-11.747509002685547,0.8038160800933838,0.0013258319813758135,0.7938089370727539,0.5119980573654175,4.848321623285301e-05,0.5149774551391602,0.01044125109910965,-6.3128156661987305,0.49716678261756897,6.715688869007863e-06,0.5002620816230774,0.003095299005508423,-4.323273181915283,0.9585719704627991,0.0024599460884928703,0.9875437617301941,0.02897179126739502,-1.9142630100250244,0.001486271619796753,0.0012743495171889663,0.0,0.001486271619796753,-2.4128544330596924,0.014376097358763218,0.0,0.014376097358763218,0.026107965037226677,0.0,0.026107965037226677,0.0,1.0,-18.95939826965332,1784672207.537003,73.37882685661316,,4.458633356351214,14.847735609918303,0.0,,False,1.6821863651275635
505,0.00991518422961235,1.8926506299976609e-06,0.009184078313410282,0.001738537335768342,6.866650892334292e-07,0.0017630626680329442,0.000731517153326422,-11.704952239990234,0.8066269159317017,0.0013336829142645001,0.7971925735473633,0.511999249458313,4.8880210670176893e-05,0.5147314071655273,0.009821991436183453,-6.325371742248535,0.49716535210609436,6.715376002830453e-06,0.5002461671829224,0.003080815076828003,-4.329923629760742,0.9596197009086609,0.002551945624873042,0.9844052195549011,0.024785518646240234,-1.9461476802825928,0.0021432042121887207,0.0012763181002810597,0.0,0.0021432042121887207,-2.4111502170562744,0.014302577823400497,0.0,0.014302577823400497,0.025086894631385803,0.0,0.025086894631385803,0.0,1.0,-18.93021011352539,1784672207.631689,73.47351288795471,,4.43350284866591,15.082672656715992,0.0,,False,1.6821863651275635
506,0.00994749553501606,1.9358192275831243e-06,0.008268231526017189,0.0017314065480604768,7.001763151492923e-07,0.001589390099979937,0.0016852585831657052,-11.082822799682617,0.8097608089447021,0.0013426727382466197,0.7991299629211426,0.5119982957839966,4.9443013267591596e-05,0.5152090191841125,0.01110511738806963,-6.279679775238037,0.49715155363082886,6.731259418302216e-06,0.5002850294113159,0.0031334757804870605,-4.3061017990112305,0.9611365795135498,0.0026726452633738518,0.9812663793563843,0.020129799842834473,-1.9675978422164917,0.00272485613822937,0.0012786147417500615,0.0,0.00272485613822937,-2.409147262573242,0.014170140959322453,0.0,0.014170140959322453,0.023929476737976074,0.0,0.023929476737976074,0.0,1.0,-18.259618759155273,1784672207.7363415,73.57816529273987,,5.078963695350723,15.31560674903065,0.0,,False,1.6821863651275635
507,0.009978970512747765,1.9695221453730483e-06,0.009363863617181778,0.0017267775256186724,7.090635563145042e-07,0.0018146367510780692,0.0006213499582372606,-11.709147453308105,0.8131985664367676,0.0013469149125739932,0.8024205565452576,0.511994481086731,5.0187223678221926e-05,0.5151443481445312,0.011228853836655617,-6.274997711181641,0.4972008168697357,6.752021363354288e-06,0.5003625750541687,0.0031617581844329834,-4.293619632720947,0.9643232226371765,0.0028410586528480053,0.973298192024231,0.008974969387054443,-1.998674750328064,0.0038212835788726807,0.0012727109715342522,0.0,0.0038212835788726807,-2.40862774848938,0.013999873772263527,0.0,0.013999873772263527,0.02227046713232994,0.0,0.02227046713232994,0.0,1.0,-18.87595558166504,1784672207.8306725,73.67249631881714,,5.10808771952577,15.548021327261445,0.0,,False,1.6821863651275635
508,0.010006881318986416,2.0023476281494368e-06,0.010855033993721008,0.001727730268612504,7.167078592829057e-07,0.00211001536808908,0.0009303251281380653,-11.515433311462402,0.8163063526153564,0.0013526238035410643,0.8056150078773499,0.5120099186897278,5.114246596349403e-05,0.5138136744499207,0.010842434130609035,-6.331363677978516,0.49726682901382446,6.80488619764219e-06,0.5003467798233032,0.0030799508094787598,-4.3329901695251465,0.9684544801712036,0.003035198897123337,0.9637705683708191,0.0046839118003845215,-1.9761865139007568,0.004499614238739014,0.001272247638553381,0.0,0.004499614238739014,-2.4065895080566406,0.013732493855059147,0.0,0.013732493855059147,0.020825643092393875,0.0,0.020825643092393875,0.0,1.0,-18.747018814086914,1784672207.9260619,73.76788568496704,,5.266148511278942,15.7783976650595,0.0,,False,1.6821863651275635
509,0.010031606070697308,2.0135321392444894e-06,0.009171009995043278,0.001732371049001813,7.140936304494971e-07,0.0017740572802722454,0.0008616051054559648,-11.610929489135742,0.8190137147903442,0.0013513134326785803,0.8078795075416565,0.5120941400527954,5.221382525633089e-05,0.5153529644012451,0.011601314879953861,-6.247977256774902,0.49742114543914795,6.861922429379774e-06,0.5001654624938965,0.002744317054748535,-4.477049827575684,0.9747208952903748,0.0032360691111534834,0.9598536491394043,0.014867246150970459,-1.9136077165603638,0.005100026726722717,0.0012695575132966042,0.0,0.005100026726722717,-2.4053611755371094,0.013417784124612808,0.0,0.013417784124612808,0.01938110962510109,0.0,0.01938110962510109,0.0,1.0,-18.847837448120117,1784672208.037021,73.87884473800659,,5.323390668998911,16.007545670338025,0.0,,False,1.6821863651275635
510,0.010066905990242958,2.043150971076102e-06,0.008311747573316097,0.0017492196056991816,7.163129680520797e-07,0.001599190873093903,0.0017615589313209057,-11.017614364624023,0.8223668336868286,0.001360965776257217,0.8101816773414612,0.5120802521705627,5.344107557903044e-05,0.5142049789428711,0.012369014322757721,-6.2835822105407715,0.49755358695983887,6.912969638506183e-06,0.5000603795051575,0.0025067925453186035,-4.56760835647583,0.9791454672813416,0.003475180361419916,0.9581193923950195,0.02102607488632202,-1.848508358001709,0.0054429322481155396,0.0012658725026994944,0.0,0.0054429322481155396,-2.4053568840026855,0.012668974697589874,0.0,0.012668974697589874,0.017815174534916878,0.0,0.017815174534916878,0.0,1.0,-18.328283309936523,1784672208.1328933,73.97471714019775,,5.900186964902474,16.236689384082126,0.0,,False,1.6821863651275635
511,0.010102523490786552,2.06451341000502e-06,0.009850427508354187,0.0017728167586028576,7.125877914404555e-07,0.0018912128871306777,0.00027851396589539945,-11.759384155273438,0.8266061544418335,0.00137190124951303,0.8124933242797852,0.5119647979736328,5.451519973576069e-05,0.5133954286575317,0.014185156673192978,-6.275054931640625,0.497628390789032,6.938136266398942e-06,0.5002522468566895,0.0026238560676574707,-4.52415657043457,0.9831613302230835,0.00372752221301198,0.9573507308959961,0.025810599327087402,-1.7877066135406494,0.005668550729751587,0.0012662766966968775,0.0,0.005668550729751587,-2.4042110443115234,0.011677666567265987,0.0,0.011677666567265987,0.015984663739800453,0.0,0.015984663739800453,0.0,1.0,-19.041507720947266,1784672208.2391584,74.08098220825195,,5.763758849795295,16.464687258135065,0.0,,False,1.6821863651275635
512,0.010132994502782822,2.112597030645702e-06,0.011227879673242569,0.0017922273837029934,7.197086233645678e-07,0.00213711429387331,0.0011479201493784785,-11.401773452758789,0.8299769163131714,0.0013910072157159448,0.8152527213096619,0.5118262767791748,5.5480413720943034e-05,0.5155119895935059,0.015178483910858631,-6.150371074676514,0.4975866377353668,7.002049642323982e-06,0.5004120469093323,0.002825409173965454,-4.445672035217285,0.9831153750419617,0.0039053396321833134,0.9587810039520264,0.024334371089935303,-1.7779524326324463,0.005410224199295044,0.0012902611633762717,0.0,0.005410224199295044,-2.396174192428589,0.010969070717692375,0.0,0.010969070717692375,0.014938459731638432,0.0,0.014938459731638432,0.0,1.0,-18.544906616210938,1784672208.3335965,74.17542028427124,,6.1239318394244435,16.68464828030507,0.0,,False,1.6821863651275635
513,0.010162843391299248,2.1428543277579593e-06,0.009391697123646736,0.001813510782085359,7.209673071884026e-07,0.0018036057008430362,0.00077120988862589,-11.621320724487305,0.8326892852783203,0.0013996846973896027,0.8183582425117493,0.5118154883384705,5.6491000577807426e-05,0.5144490599632263,0.01457101572304964,-6.203837871551514,0.49761056900024414,7.056868980725994e-06,0.5005007386207581,0.002890169620513916,-4.419975757598877,0.9830107092857361,0.003980479668825865,0.9606742858886719,0.02233642339706421,-1.7815675735473633,0.005408734083175659,0.0013059519696980715,0.0,0.005408734083175659,-2.390272617340088,0.010550160892307758,0.0,0.010550160892307758,0.014303598552942276,0.0,0.014303598552942276,0.0,1.0,-18.79437828063965,1784672208.4290438,74.27086758613586,,6.234633164624881,16.898707727386572,0.0,,False,1.6821863651275635
514,0.010190745815634727,2.182073330914136e-06,0.009578780271112919,0.0018358778906986117,7.234681902446027e-07,0.0018449241761118174,0.0006120324251241982,-11.663475036621094,0.8355967998504639,0.0014153685187920928,0.8206937313079834,0.5116621255874634,5.7478602684568614e-05,0.5142003297805786,0.015117669478058815,-6.189851760864258,0.4975823760032654,7.1218228185898624e-06,0.5004673600196838,0.002884984016418457,-4.422894477844238,0.981033444404602,0.004126559477299452,0.9623152613639832,0.018718183040618896,-1.7837640047073364,0.0052120015025138855,0.0013291359646245837,0.0,0.0052120015025138855,-2.382455348968506,0.010054381564259529,0.0,0.010054381564259529,0.01366918534040451,0.0,0.01366918534040451,0.0,1.0,-18.82680320739746,1784672208.5551195,74.39694333076477,,6.312909563067507,17.104949906096493,0.0,,False,1.6821863651275635
515,0.010215281508862972,2.249240196761093e-06,0.009270616807043552,0.0018552239052951336,7.350229793701146e-07,0.0018085079500451684,0.0009458191343583167,-11.526403427124023,0.8382079601287842,0.001437974744476378,0.8238100409507751,0.5114697813987732,5.868087100679986e-05,0.5143373012542725,0.014680692926049232,-6.163937568664551,0.497507780790329,7.239207661768887e-06,0.5004122257232666,0.002904444932937622,-4.4164137840271,0.9773864150047302,0.004288858734071255,0.9653326272964478,0.01205378770828247,-1.7899901866912842,0.005095049738883972,0.0013725192984566092,0.0,0.005095049738883972,-2.3671581745147705,0.009695076383650303,0.0,0.009695076383650303,0.013231652788817883,0.0,0.013231652788817883,0.0,1.0,-18.665760040283203,1784672208.6541548,74.4959785938263,,6.55222912862439,17.29589491035268,0.0,,False,1.6821863651275635
516,0.01023242436349392,2.298388608323876e-06,0.00982093345373869,0.0018741448875516653,7.419411076625693e-07,0.0019135207403451204,0.0004133705806452781,-11.672891616821289,0.8402937650680542,0.0014531771885231137,0.8266596794128418,0.5113039016723633,5.9802823670906946e-05,0.5141814351081848,0.013934435322880745,-6.158164978027344,0.4974448084831238,7.342959179368336e-06,0.5001411437988281,0.0026963353157043457,-4.496898651123047,0.9731847047805786,0.004418705124408007,0.9678915739059448,0.005293130874633789,-1.788845419883728,0.004855461418628693,0.0014099726686254144,0.0,0.004855461418628693,-2.3547935485839844,0.00948418490588665,0.0,0.00948418490588665,0.013069314882159233,0.0,0.013069314882159233,0.0,1.0,-18.84787368774414,1784672208.7492394,74.5910632610321,,6.6094350467203355,17.47447528867808,0.0,,False,1.6821863651275635
517,0.01024513877928257,2.346854898860329e-06,0.009547598659992218,0.001882075797766447,7.513604600717372e-07,0.0018565739737823606,0.0006980061298236251,-11.589935302734375,0.8416953086853027,0.0014657313004136086,0.829023540019989,0.5112053751945496,6.055419362382963e-05,0.5132420659065247,0.012834399938583374,-6.191781997680664,0.4973774552345276,7.4351305556774605e-06,0.500097393989563,0.0027199387550354004,-4.488201141357422,0.9711909890174866,0.004527383949607611,0.9700287580490112,0.0011622309684753418,-1.7797179222106934,0.00491989403963089,0.0014582592993974686,0.0,0.00491989403963089,-2.3380179405212402,0.009464526548981667,0.0,0.009464526548981667,0.013033315539360046,0.0,0.013033315539360046,0.0,1.0,-18.78746223449707,1784672208.86442,74.70624375343323,,6.7270524180633515,17.636280058940734,0.0,,False,1.6821863651275635
518,0.010254408232867718,2.395596311544068e-06,0.007942364551126957,0.0018933654064312577,7.60716943659645e-07,0.0015389957698062062,0.0023390434216707945,-10.47932243347168,0.8431956768035889,0.0014789871638640761,0.8323648571968079,0.5110790729522705,6.136185402283445e-05,0.508407711982727,0.011155394837260246,-6.171876907348633,0.4973003566265106,7.541938884969568e-06,0.5000519752502441,0.0027516186237335205,-4.47662353515625,0.9682841897010803,0.004656931851059198,0.9677333831787109,0.0005508065223693848,-1.765728235244751,0.004853010177612305,0.001519851852208376,0.0,0.004853010177612305,-2.3178844451904297,0.009468157775700092,0.0,0.009468157775700092,0.013096638955175877,0.0,0.013096638955175877,0.0,1.0,-17.655136108398438,1784672208.960232,74.80205583572388,,7.976995915505,17.77795133387258,0.0,,False,1.6821863651275635
519,0.010254469700157642,2.4336331989616156e-06,0.011308297514915466,0.0019133789464831352,7.642980222044571e-07,0.0021855218801647425,0.001088400138542056,-11.39072036743164,0.8447166681289673,0.0014912260230630636,0.8346928954124451,0.5108105540275574,6.214662425918505e-05,0.5105217099189758,0.010027933865785599,-6.224847793579102,0.4972265660762787,7.659658876946196e-06,0.5000519752502441,0.002825409173965454,-4.449729919433594,0.9605295658111572,0.004837656859308481,0.8579634428024292,0.10256612300872803,-0.6594401597976685,0.004853889346122742,0.0016129497671499848,0.0,0.004853889346122742,-2.2886035442352295,0.00942905806005001,0.0,0.00942905806005001,0.013386594131588936,0.0,0.013386594131588936,0.0,1.0,-18.595462799072266,1784672209.0441084,74.88593220710754,,8.286612722272821,17.890341707849224,0.0,,False,1.6821863651275635
520,0.010208409279584885,2.697974650800461e-06,0.008305536583065987,0.0020131096243858337,8.258068646682659e-07,0.0016059069894254208,0.00194595439825207,-10.805639266967773,0.8486690521240234,0.0015850311610847712,0.8367905020713806,0.5097818374633789,6.989113899180666e-05,0.5111364126205444,0.011955535970628262,-6.112347602844238,0.4972517192363739,8.96439451025799e-06,0.5000662803649902,0.002814561128616333,-4.450340747833252,0.7955036163330078,0.006866478361189365,0.9470527172088623,0.1515491008758545,0.10079622268676758,-8.250772953033447e-05,0.002553940750658512,0.0,8.250772953033447e-05,-2.0661187171936035,0.009813004173338413,0.0,0.009813004173338413,0.025054775178432465,0.0,0.025054775178432465,0.0,1.0,-17.92068862915039,1784672209.1491594,74.99098324775696,,9.271003698962517,17.780247254784243,0.0,,False,1.6821863651275635
521,0.010243753902614117,2.800906713673612e-06,0.010092101991176605,0.0020191436633467674,8.557143473808537e-07,0.0019521568901836872,0.00016578761278651655,-11.533843994140625,0.8504157066345215,0.0015959213487803936,0.8391878008842468,0.5095991492271423,7.205652946140617e-05,0.511053204536438,0.011321666650474072,-6.097137451171875,0.49695706367492676,9.374759429192636e-06,0.5001655220985413,0.003208458423614502,-4.320767879486084,0.7989227175712585,0.007184005342423916,0.9143760204315186,0.11545330286026001,-0.6212924122810364,8.296966552734375e-05,0.002810101956129074,0.0,8.296966552734375e-05,-2.018327474594116,0.009922192431986332,0.0,0.009922192431986332,0.025780295953154564,0.0,0.025780295953154564,0.0,1.0,-18.571937561035156,1784672209.2444468,75.086270570755,,9.604145743767447,17.622361559119774,0.0,,False,1.6821863651275635
522,0.010235759429633617,2.8608308184630005e-06,0.011212131939828396,0.002035003388300538,8.681186614012404e-07,0.0021558983717113733,0.00098382867872715,-11.347759246826172,0.8521290421485901,0.0016085279639810324,0.8410549759864807,0.5094958543777466,7.379082671832293e-05,0.5155864953994751,0.01263846643269062,-5.8460001945495605,0.4969162344932556,9.679660252004396e-06,0.5001667737960815,0.0032505393028259277,-4.308019161224365,0.7833167910575867,0.007656069938093424,0.8926535844802856,0.10933679342269897,-0.7364669442176819,-0.00015400350093841553,0.0032318506855517626,0.0,0.00015400350093841553,-1.9484078884124756,0.009986983612179756,0.0,0.009986983612179756,0.027239186689257622,0.0,0.027239186689257622,0.0,1.0,-18.17856788635254,1784672209.3393157,75.18113946914673,,10.330657463254994,17.394556277273665,0.0,,False,1.6821863651275635
523,0.010223783552646637,2.9203511076048017e-06,0.00986739806830883,0.0020538498647511005,8.798922976893664e-07,0.0019060303457081318,0.0003858253767248243,-11.471596717834473,0.8532600402832031,0.0016206330619752407,0.8430788516998291,0.5093972682952881,7.520515646319836e-05,0.5140625238418579,0.011199161410331726,-5.945555686950684,0.4968668222427368,9.931234671967104e-06,0.5001069903373718,0.0032401680946350098,-4.312405109405518,0.7592318654060364,0.007927223108708858,0.8672109842300415,0.10797911882400513,-0.7643795013427734,-0.0009331554174423218,0.003732091747224331,0.0,0.0009331554174423218,-1.876338005065918,0.01049420889467001,0.0,0.01049420889467001,0.031043292954564095,0.0,0.031043292954564095,0.0,1.0,-18.38424301147461,1784672209.4438486,75.28567242622375,,10.85149405762047,17.094681112081,0.0,,False,1.6821863651275635
524,0.01018527802079916,2.857967047020793e-06,0.009871854446828365,0.0020683095790445805,8.629052103970025e-07,0.0019240208202973008,0.0003450414224062115,-11.497053146362305,0.8539685010910034,0.0016109790885820985,0.8439698815345764,0.5094242095947266,7.267804176080972e-05,0.5147240161895752,0.011316374875605106,-5.918050765991211,0.4968798756599426,9.862762453849427e-06,0.5000993609428406,0.0032194852828979492,-4.318967819213867,0.7139264941215515,0.007808338850736618,0.8286067247390747,0.1146802306175232,-0.6651948690414429,-0.0020742565393447876,0.004262472502887249,0.0,0.0020742565393447876,-1.8095096349716187,0.011365882121026516,0.0,0.011365882121026516,0.03731003776192665,0.0,0.03731003776192665,0.0,1.0,-18.390979766845703,1784672209.53935,75.38117384910583,,11.365593896614854,16.727977576794032,0.0,,False,1.6821863651275635
525,0.010097205638885498,2.7003316063201055e-06,0.011512689292430878,0.0020783948712050915,8.270151852229901e-07,0.002244515810161829,0.0014251982793211937,-11.188238143920898,0.8521364331245422,0.001588217681273818,0.8451986312866211,0.5096738338470459,6.699816731270403e-05,0.5176109075546265,0.010541833005845547,-5.704823017120361,0.4970701336860657,9.405406672158279e-06,0.49993565678596497,0.002865523099899292,-4.431657791137695,0.6464622020721436,0.007257877383381128,0.7927331924438477,0.1462709903717041,-0.06996560096740723,-0.004879266023635864,0.004592047538608313,0.0,0.004879266023635864,-1.770183801651001,0.012988016940653324,0.0,0.012988016940653324,0.04793547838926315,0.0,0.04793547838926315,0.0,1.0,-17.967926025390625,1784672209.6475534,75.48937726020813,,12.302747477064315,16.32194820818645,0.0,,False,1.6821863651275635
526,0.01002555713057518,2.6656150566850556e-06,0.010037743486464024,0.0020723638590425253,8.116254548440338e-07,0.0019471566192805767,0.00012579889153130352,-11.582088470458984,0.8495938777923584,0.0015910288784652948,0.8457089066505432,0.5099377632141113,6.317441875580698e-05,0.5160238146781921,0.00722031993791461,-5.92071533203125,0.4970856010913849,9.110836799663957e-06,0.49962472915649414,0.002539128065109253,-4.5302653312683105,0.5968214273452759,0.006737956311553717,0.7630330324172974,0.16621160507202148,0.4689894914627075,-0.008852548897266388,0.005119699984788895,0.0,0.008852548897266388,-1.710737705230713,0.014934957958757877,0.0,0.014934957958757877,0.058999981731176376,0.0,0.058999981731176376,0.0,1.0,-18.58379364013672,1784672209.7416708,75.58349466323853,,12.624033442767683,15.856472743158577,0.0,,False,1.6821863651275635
527,0.009937973693013191,2.5891297354974085e-06,0.00988403894007206,0.0020607421174645424,7.811510158717283e-07,0.0019076730823144317,0.00016229321772698313,-11.609907150268555,0.8463828563690186,0.0015846847090870142,0.8456701636314392,0.5101648569107056,5.915105066378601e-05,0.5154621601104736,0.005345030687749386,-6.0161542892456055,0.4969733655452728,8.807832273305394e-06,0.49972283840179443,0.0027494728565216064,-4.471855163574219,0.5551173686981201,0.006220849696546793,0.7357174158096313,0.18060004711151123,1.0005513429641724,-0.013335727155208588,0.005825715139508247,0.0,0.013335727155208588,-1.638534665107727,0.016798416152596474,0.0,0.016798416152596474,0.06896611303091049,0.0,0.06896611303091049,0.0,1.0,-18.65875816345215,1784672209.8381703,75.67999410629272,,12.87035488515562,15.318794238007719,0.0,,False,1.6821863651275635
528,0.00981628242880106,2.4712389858905226e-06,0.009713794104754925,0.0020442944951355457,7.413843263748277e-07,0.001874852809123695,0.00019802611495833844,-11.653404235839844,0.8408681154251099,0.0015722094103693962,0.8452856540679932,0.5103128552436829,5.4866919526830316e-05,0.5140999555587769,0.005818657577037811,-6.158154487609863,0.4968528151512146,8.426315616816282e-06,0.4998159110546112,0.0029630959033966064,-4.402153491973877,0.5208444595336914,0.005681369453668594,0.7011644840240479,0.18032002449035645,1.1952303647994995,-0.017396003007888794,0.006328814662992954,0.0,0.017396003007888794,-1.5884743928909302,0.018445950001478195,0.0,0.018445950001478195,0.07645507156848907,0.0,0.07645507156848907,0.0,1.0,-18.781003952026367,1784672209.9329858,75.77480959892273,,12.99443053896934,14.731055460640064,0.0,,False,1.6821863651275635
529,0.009686494246125221,2.390106146776816e-06,0.009703772142529488,0.0020258091390132904,7.062551503622672e-07,0.0018785559805110097,0.0001482633379055187,-11.700440406799316,0.8338028192520142,0.0015575228026136756,0.8445402979850769,0.5102185010910034,5.187737770029344e-05,0.5142097473144531,0.01145528256893158,-6.137218475341797,0.4966806471347809,8.171800800482742e-06,0.49977314472198486,0.0030924975872039795,-4.353316783905029,0.4971643090248108,0.00526238651946187,0.6594168543815613,0.1622525453567505,0.7966793775558472,-0.02131401002407074,0.007034497335553169,0.0,0.02131401002407074,-1.5272361040115356,0.02054676041007042,0.0,0.02054676041007042,0.08581220358610153,0.0,0.08581220358610153,0.0,1.0,-18.78687286376953,1784672210.0407069,75.8825306892395,,13.112637281039895,14.082078394393015,0.0,,False,1.6821863651275635
530,0.009567271918058395,2.384802883170778e-06,0.00868247076869011,0.002011368051171303,6.776155601073697e-07,0.0016799328150227666,0.0009448399068787694,-11.492469787597656,0.8257979154586792,0.0015478705754503608,0.8434906005859375,0.509941816329956,5.0087743147742e-05,0.5141468644142151,0.018185531720519066,-6.070796489715576,0.49643492698669434,8.049557436606847e-06,0.499650239944458,0.003215312957763672,-4.30384635925293,0.48104315996170044,0.004961813800036907,0.6394287347793579,0.15838557481765747,0.7938517332077026,-0.026899076998233795,0.008715745992958546,0.0,0.026899076998233795,-1.4108645915985107,0.024230441078543663,0.0,0.024230441078543663,0.10378989577293396,0.0,0.10378989577293396,0.0,1.0,-18.50102996826172,1784672210.1451144,75.98693823814392,,13.516686918618262,13.316729815732941,0.0,,False,1.6821863651275635
531,0.00948396697640419,2.411799641777179e-06,0.010189326480031013,0.0019981064833700657,6.53836195851909e-07,0.001967133255675435,0.00070603919448331,-11.646017074584961,0.8187350630760193,0.0015474598621949553,0.8419068455696106,0.5093711614608765,4.830621401197277e-05,0.5134516954421997,0.0235283300280571,-6.020833969116211,0.496063232421875,7.883013495302293e-06,0.4995948076248169,0.0035315752029418945,-4.16539192199707,0.47567975521087646,0.004778561647981405,0.619611382484436,0.14393162727355957,0.41476142406463623,-0.030445851385593414,0.010660586878657341,0.0,0.030445851385593414,-1.3081867694854736,0.02716664783656597,0.0,0.02716664783656597,0.11653818935155869,0.0,0.11653818935155869,0.0,1.0,-18.545379638671875,1784672210.2611752,76.10299897193909,,13.876386885786474,12.44870341495983,0.0,,False,1.6821863651275635
532,0.009438181295990944,2.4747903353272704e-06,0.011373999528586864,0.00197225552983582,6.31602290468436e-07,0.0021908788476139307,0.001948124379850924,-10.95935344696045,0.8123542666435242,0.0015524328919127584,0.8395938277244568,0.5088802576065063,4.6178200136637315e-05,0.5129643082618713,0.027544021606445312,-5.968013286590576,0.49570903182029724,7.632504093635362e-06,0.49951452016830444,0.003805488348007202,-4.023920059204102,0.4766792356967926,0.004617371596395969,0.5653941631317139,0.08871492743492126,-0.9177733063697815,-0.033359378576278687,0.01305438857525587,0.0,0.033359378576278687,-1.2077535390853882,0.029056839644908905,0.0,0.029056839644908905,0.12348274886608124,0.0,0.12348274886608124,0.0,1.0,-17.745723724365234,1784672210.3659122,76.20773601531982,,15.035742767261326,11.480243783786634,0.0,,False,1.6821863651275635
533,0.009406162425875664,2.5696299417177215e-06,0.00958293303847313,0.0019295798847451806,5.979176194159663e-07,0.0018516050186008215,0.00019320436695124954,-11.751739501953125,0.8039339780807495,0.0015487889759242535,0.8360325694084167,0.5085641145706177,4.3454012484289706e-05,0.5097905397415161,0.032122012227773666,-6.069239616394043,0.4954877495765686,7.232881216623355e-06,0.4994566738605499,0.003968924283981323,-3.9105570316314697,0.4786374568939209,0.00432796822860837,0.5197142958641052,0.041076838970184326,-1.6074594259262085,-0.03711264953017235,0.01714690402150154,0.0,0.03711264953017235,-1.0738670825958252,0.03101392649114132,0.0,0.03101392649114132,0.13103541731834412,0.0,0.13103541731834412,0.0,1.0,-18.562410354614258,1784672210.459799,76.30162286758423,,15.378412018487154,10.377897696123874,0.0,,False,1.6821863651275635
534,0.009365670382976532,2.5822982934187166e-06,0.00973009504377842,0.0018924996256828308,5.642100973091146e-07,0.0018730642041191459,0.0003649425634648651,-11.763408660888672,0.7964840531349182,0.0015202516224235296,0.8315536975860596,0.5081397294998169,4.1926137782866135e-05,0.506571888923645,0.035104673355817795,-6.01254940032959,0.49525630474090576,7.018045380391413e-06,0.49942314624786377,0.004166841506958008,-3.7775793075561523,0.4793795049190521,0.004086853936314583,0.49847275018692017,0.019093245267868042,-1.7864508628845215,-0.03797701746225357,0.021254589781165123,0.0,0.03797701746225357,-0.9727246761322021,0.03199038654565811,0.0,0.03199038654565811,0.1345866322517395,0.0,0.1345866322517395,0.0,1.0,-18.462238311767578,1784672210.5539165,76.39574027061462,,15.821253312559662,9.174409201997491,0.0,,False,1.6821863651275635
535,0.009305604733526707,2.5310257569799433e-06,0.00797220878303051,0.0018602607306092978,5.384811743169848e-07,0.0015393623616546392,0.0013714665547013283,-11.375974655151367,0.789836585521698,0.0014813314191997051,0.8234517574310303,0.5078510046005249,4.143172191106714e-05,0.5097708702087402,0.03366995230317116,-6.039373874664307,0.49509984254837036,6.984655101405224e-06,0.49936577677726746,0.004265934228897095,-3.7142319679260254,0.4800778925418854,0.003915407229214907,0.4523613750934601,0.027716517448425293,-1.7543792724609375,-0.03564829379320145,0.02446575276553631,0.0,0.03564829379320145,-0.9103309512138367,0.03226594626903534,0.0,0.03226594626903534,0.13427504897117615,0.0,0.13427504897117615,0.0,1.0,-18.064590454101562,1784672210.6378253,76.47964906692505,,16.661742464298186,7.908526982952743,0.0,,False,1.6821863651275635
536,0.00928092934191227,2.4922367174440296e-06,0.011557213962078094,0.0018215600866824389,5.140311714058043e-07,0.002218557521700859,0.0023106446024030447,-10.660951614379883,0.7847932577133179,0.0014387074625119567,0.8146191239356995,0.5079225897789001,4.151476241531782e-05,0.5082249641418457,0.02982739917933941,-6.168597221374512,0.49505114555358887,7.012379683146719e-06,0.49921107292175293,0.0041599273681640625,-3.7810888290405273,0.4814816117286682,0.003777050878852606,0.4300842583179474,0.051397353410720825,-1.5207648277282715,-0.03086571767926216,0.02949051558971405,0.0,0.03086571767926216,-0.8267523050308228,0.03127751499414444,0.0,0.03127751499414444,0.1267434060573578,0.0,0.1267434060573578,0.0,1.0,-17.486373901367188,1784672210.7321188,76.5739426612854,,18.080448168771085,6.559066117724981,0.0,,False,1.6821863651275635
537,0.009136933833360672,2.388329676250578e-06,0.007813532836735249,0.001782984589226544,5.012278165850148e-07,0.0015051341615617275,0.001352254068478942,-11.444016456604004,0.7745376229286194,0.0014043784467503428,0.8060588240623474,0.5080347657203674,4.180778341833502e-05,0.5091513991355896,0.03154097497463226,-6.1187591552734375,0.4953383803367615,7.1538129304826725e-06,0.4991951286792755,0.003856748342514038,-3.9653730392456055,0.4806252717971802,0.003652555402368307,0.4070809483528137,0.07354432344436646,-1.1468167304992676,-0.024945547804236412,0.03075566329061985,0.0,0.024945547804236412,-0.8117855191230774,0.03002271242439747,0.0,0.03002271242439747,0.11621315777301788,0.0,0.11621315777301788,0.0,1.0,-18.32171058654785,1784672210.837263,76.67908692359924,,18.66381718806332,5.194638466589474,0.0,,False,1.6821863651275635
538,0.009048573672771454,2.320041403436335e-06,0.009202932938933372,0.0017441342351958156,4.886254600933171e-07,0.0017729087267071009,0.0001570183230796829,-11.908937454223633,0.7670125961303711,0.0013730039354413748,0.792602002620697,0.508040189743042,4.187140802969225e-05,0.516651451587677,0.026999473571777344,-5.373997688293457,0.4954622685909271,7.269619800354121e-06,0.49919816851615906,0.0037358999252319336,-4.037014007568359,0.4816857874393463,0.003559499979019165,0.39616233110427856,0.08552345633506775,-0.8727009296417236,-0.01622704043984413,0.03381232172250748,0.0,0.01622704043984413,-0.7706326842308044,0.02849806658923626,0.0,0.02849806658923626,0.10377810895442963,0.0,0.10377810895442963,0.0,1.0,-18.226642608642578,1784672210.9325478,76.77437162399292,,19.342254185260828,3.7890579805616937,0.0,,False,1.6821863651275635
539,0.009017180651426315,2.298956133017782e-06,0.010791735723614693,0.0017027681460604072,4.78491926969582e-07,0.002063649008050561,0.0018108783988282084,-11.108988761901855,0.7617719173431396,0.0013499039923772216,0.7825176119804382,0.508552074432373,4.2255203879904e-05,0.5158059597015381,0.021977322176098824,-5.7198309898376465,0.4956358075141907,7.435109182551969e-06,0.4991627037525177,0.0035268962383270264,-4.149206161499023,0.4842223525047302,0.0034979134798049927,0.40045416355133057,0.08376818895339966,-0.9058135747909546,-0.0067588817328214645,0.0409521758556366,0.0,0.0067588817328214645,-0.6781789064407349,0.026172883808612823,0.0,0.026172883808612823,0.08957972377538681,0.0,0.08957972377538681,0.0,1.0,-17.759456634521484,1784672211.0376294,76.87945318222046,,20.48787715657943,2.2910237167438434,0.0,,False,1.6821863651275635
540,0.008880808018147945,2.077302724501351e-06,0.008743224665522575,0.0016213353956118226,4.511879012625286e-07,0.0016780063742771745,0.0001487977715441957,-12.00191879272461,0.7471626996994019,0.0012949893716722727,0.7707942128181458,0.5081987380981445,4.2341587686678395e-05,0.5159190893173218,0.02486065775156021,-5.602155685424805,0.49585825204849243,7.630141226400156e-06,0.4992281198501587,0.0033698678016662598,-4.228609085083008,0.4806414842605591,0.0035696884151548147,0.4063125550746918,0.07432892918586731,-1.124852180480957,0.01312810555100441,0.04219004511833191,0.0,0.01312810555100441,-0.6618044376373291,0.016338089480996132,0.0,0.016338089480996132,0.04639751836657524,0.0,0.04639751836657524,0.0,1.0,-18.597946166992188,1784672211.1327581,76.9745819568634,,20.79501059542733,2.703628799664049,0.0,,False,1.6821863651275635
541,0.008782051503658295,2.025963340201997e-06,0.010611861012876034,0.0015885173343122005,4.4575526203516347e-07,0.0020371335558593273,0.001884000957943499,-10.976531982421875,0.7388722896575928,0.001277356524951756,0.7579231262207031,0.5084562301635742,4.260269270162098e-05,0.5158300995826721,0.02042812667787075,-5.745184421539307,0.4961085915565491,7.841833394195419e-06,0.49921971559524536,0.003111124038696289,-4.341935634613037,0.48060423135757446,0.0035146335139870644,0.42674270272254944,0.053861528635025024,-1.4937593936920166,0.02159699611365795,0.045814286917448044,0.0,0.02159699611365795,-0.6175506114959717,0.015788309276103973,0.0,0.015788309276103973,0.0428573414683342,0.0,0.0428573414683342,0.0,1.0,-17.7436466217041,1784672211.2403493,77.08217310905457,,21.956443579563313,3.2622913584266624,0.0,,False,1.6821863651275635
542,0.008690813556313515,1.9765780052694026e-06,0.008832328952848911,0.0015650492860004306,4.432710341006896e-07,0.001683463342487812,0.0001845223450800404,-12.022854804992676,0.7319979071617126,0.00126651453319937,0.7496082782745361,0.5088000893592834,4.264174640411511e-05,0.5102109909057617,0.017666799947619438,-6.383430480957031,0.4963419735431671,8.014274499146268e-06,0.49916666746139526,0.0028246939182281494,-4.450411796569824,0.48123782873153687,0.0034718636889010668,0.4387596547603607,0.04247817397117615,-1.652733564376831,0.030957523733377457,0.04584712162613869,0.0,0.030957523733377457,-0.6118310689926147,0.015707874670624733,0.0,0.015707874670624733,0.0410139374434948,0.0,0.0410139374434948,0.0,1.0,-19.35480499267578,1784672211.3346825,77.17650628089905,,21.506718192727618,3.826673459692633,0.0,,False,1.6821863651275635
543,0.008613917976617813,1.943559482242563e-06,0.008569931611418724,0.0015537289436906576,4.4427338252717163e-07,0.0016321254661306739,8.989335765363649e-05,-12.043615341186523,0.7264922857284546,0.001260348130017519,0.7391769289970398,0.5089415311813354,4.2804069380508736e-05,0.5083554983139038,0.012698173522949219,-6.461901664733887,0.49651530385017395,8.206152415368706e-06,0.49916428327560425,0.002648979425430298,-4.508823871612549,0.4798819124698639,0.0034262826666235924,0.4458101987838745,0.03407171368598938,-1.7497929334640503,0.03875512629747391,0.043898675590753555,0.0,0.03875512629747391,-0.6268899440765381,0.016759594902396202,0.0,0.016759594902396202,0.04287496954202652,0.0,0.04287496954202652,0.0,1.0,-19.467548370361328,1784672211.4293306,77.27115440368652,,20.944249428206376,4.37599668587468,0.0,,False,1.6821863651275635
544,0.008547836914658546,1.9125316157442285e-06,0.008546042256057262,0.0015476669650524855,4.4972318846703274e-07,0.0016325206961482763,8.487270679324865e-05,-12.044975280761719,0.7221206426620483,0.0012587725650519133,0.7322954535484314,0.5090577602386475,4.3222946260357276e-05,0.5108042359352112,0.010323611088097095,-6.449094772338867,0.49664995074272156,8.443871593044605e-06,0.49913299083709717,0.0024830400943756104,-4.557009696960449,0.4773658812046051,0.0033864735160022974,0.4635393023490906,0.013826578855514526,-1.8968185186386108,0.04517819732427597,0.03877662122249603,0.0,0.04517819732427597,-0.6797120571136475,0.018780352547764778,0.0,0.018780352547764778,0.047844745218753815,0.0,0.047844745218753815,0.0,1.0,-19.482755661010742,1784672211.534494,77.3763177394867,,20.36657337303572,4.872497799019618,0.0,,False,1.6821863651275635
545,0.008532801643013954,1.7405066046194406e-06,0.008264102973043919,0.001441634725779295,3.9825275166549545e-07,0.0015848438488319516,0.0003044795885216445,-12.114389419555664,0.7067858576774597,0.0012066852068528533,0.7238523960113525,0.5077257752418518,4.601303589879535e-05,0.5076767802238464,0.017066609114408493,-6.39463996887207,0.4964755177497864,9.023210623126943e-06,0.49907857179641724,0.0026030540466308594,-4.51344633102417,0.47993987798690796,0.003967872820794582,0.47017011046409607,0.00976976752281189,-1.833796501159668,0.12523910403251648,0.1351839005947113,0.0,0.12523910403251648,-0.023608099669218063,0.0041474406607449055,0.0,0.0041474406607449055,0.004255734384059906,0.0,0.004255734384059906,0.0,1.0,-19.486825942993164,1784672211.6516485,77.49347233772278,,19.784827035882643,6.025102869608984,0.0,,False,1.6821863651275635
546,0.008468510583043098,1.7174234017147683e-06,0.007263574283570051,0.0014380129287019372,3.9584134015058225e-07,0.0013902282807976007,0.0012058834545314312,-11.745018005371094,0.7014156579971313,0.0012031137011945248,0.7192720770835876,0.5078296661376953,4.6195375034585595e-05,0.5099815130233765,0.01798561029136181,-6.332230091094971,0.4966300427913666,9.175710147246718e-06,0.4990610182285309,0.0024309754371643066,-4.5585103034973145,0.48030146956443787,0.003984228707849979,0.48166757822036743,0.0013661086559295654,-1.8435330390930176,0.1394306719303131,0.141005277633667,0.0,0.1394306719303131,0.008396387100219727,0.004118774086236954,0.0,0.004118774086236954,0.003944507334381342,0.0,0.003944507334381342,0.0,1.0,-19.090057373046875,1784672211.756939,77.59876275062561,,19.599849268675854,7.209712426967789,0.0,,False,1.6821863651275635
547,0.008399530313909054,1.704184569462086e-06,0.00831159483641386,0.0014266573125496507,3.991839605532732e-07,0.0015775206265971065,0.00017462069808971137,-12.139480590820312,0.6959518194198608,0.0012049888027831912,0.712052583694458,0.5079382658004761,4.661254570237361e-05,0.5152754783630371,0.017693763598799706,-5.824548244476318,0.4967893958091736,9.413527550350409e-06,0.49898210167884827,0.0021927058696746826,-4.612367630004883,0.4806177020072937,0.004014104139059782,0.4873237609863281,0.006706058979034424,-1.8344303369522095,0.14920711517333984,0.13734690845012665,0.0,0.14920711517333984,0.007361583411693573,0.004201545380055904,0.0,0.004201545380055904,0.0038633213844150305,0.0,0.0038633213844150305,0.0,1.0,-19.105304718017578,1784672211.8517368,77.69356060028076,,19.399624156498362,8.393287180638067,0.0,,False,1.6821863651275635
548,0.008300358429551125,1.6901589106055326e-06,0.008093409240245819,0.0014082409907132387,4.1052641108763055e-07,0.0015446480829268694,0.0002478605601936579,-12.12504768371582,0.6890074014663696,0.0012125966604799032,0.707252562046051,0.5081333518028259,4.7707839257782325e-05,0.5143791437149048,0.019284600391983986,-5.9487223625183105,0.4970604479312897,9.83049176284112e-06,0.4991183578968048,0.0020579099655151367,-4.630671501159668,0.47936201095581055,0.004049856681376696,0.48621249198913574,0.006850481033325195,-1.8298044204711914,0.14794272184371948,0.11355464160442352,0.0,0.14794272184371948,-0.07242469489574432,0.004547320306301117,0.0,0.004547320306301117,0.004302585497498512,0.0,0.004302585497498512,0.0,1.0,-19.19936180114746,1784672211.9458523,77.78767609596252,,19.105341961190987,9.497075656000908,0.0,,False,1.6821863651275635
549,0.008174179121851921,1.6338336763510597e-06,0.008145187981426716,0.0013953638263046741,4.2424744606250897e-07,0.001558860531076789,0.0001660471607465297,-12.12912654876709,0.681124746799469,0.0012088642688468099,0.7005493640899658,0.5082132816314697,4.956956036039628e-05,0.5138556957244873,0.020227519795298576,-6.000031471252441,0.4974003732204437,1.0342626410420053e-05,0.4992080628871918,0.0018076896667480469,-4.662705421447754,0.4756664037704468,0.00400486309081316,0.48643043637275696,0.01076403260231018,-1.826719045639038,0.12506644427776337,0.06493236124515533,0.0,0.12506644427776337,-0.3278205990791321,0.005808950401842594,0.0,0.005808950401842594,0.0065111881121993065,0.0,0.0065111881121993065,0.0,1.0,-19.2605037689209,1784672212.058704,77.90052771568298,,18.749917798110175,10.34546822718036,0.0,,False,1.6821863651275635
550,0.00811208039522171,1.6224189494096208e-06,0.008512970060110092,0.0014020755188539624,4.2565346802803106e-07,0.0016118637286126614,0.0004524639225564897,-12.061511993408203,0.6767624616622925,0.0012132746633142233,0.6958436965942383,0.5083981156349182,5.0123766413889825e-05,0.5158065557479858,0.02046896517276764,-5.772306442260742,0.497602641582489,1.0613026461214758e-05,0.4990372657775879,0.001434624195098877,-4.710812091827393,0.4743771255016327,0.00404873164370656,0.4836636483669281,0.00928652286529541,-1.8250871896743774,0.13944324851036072,0.06860965490341187,0.0,0.13944324851036072,-0.27901923656463623,0.005763310939073563,0.0,0.005763310939073563,0.005776151083409786,0.0,0.005776151083409786,0.0,1.0,-19.03476333618164,1784672212.153342,77.99516582489014,,18.62023406776862,11.242662160874309,0.0,,False,1.6821863651275635
551,0.007881459780037403,8.67423352701735e-07,0.008361894637346268,0.001338376197963953,3.4361863754384103e-07,0.001585938036441803,0.0005404669209383428,-12.360631942749023,0.6731017827987671,0.0009798873215913773,0.6901815533638,0.5129222273826599,4.317385173635557e-05,0.5123903155326843,0.01708805002272129,-6.499167442321777,0.4990472197532654,8.694744792592246e-06,0.4990404546260834,6.765127182006836e-06,-4.907454490661621,0.47559788823127747,0.0029064170084893703,0.4768931269645691,0.001295238733291626,-2.001189947128296,0.016315728425979614,0.0013956879265606403,0.0,0.016315728425979614,-2.2728793621063232,0.01655762456357479,0.0,0.01655762456357479,0.026881571859121323,0.0,0.026881571859121323,0.0,1.0,-20.013694763183594,1784672212.2371948,78.07901859283447,,17.511618910425113,10.14599596902657,0.0,,False,1.6821863651275635
552,0.007808329537510872,8.381925908906851e-07,0.009432853199541569,0.001305209705606103,3.4071854315698147e-07,0.0018033136148005724,0.0016991717275232077,-10.665874481201172,0.6665897965431213,0.0009603170910850167,0.6832281947135925,0.5129126310348511,4.3291369365761057e-05,0.5082648992538452,0.01727535016834736,-6.2663984298706055,0.49911344051361084,8.818847163638566e-06,0.49920275807380676,8.931756019592285e-05,-4.899918556213379,0.47555574774742126,0.002917300909757614,0.4638919532299042,0.01166379451751709,-1.9762928485870361,0.015387699007987976,0.0012620766647160053,0.0,0.015387699007987976,-2.324753761291504,0.013919209130108356,0.0,0.013919209130108356,0.02232459746301174,0.0,0.02232459746301174,0.0,1.0,-18.128952026367188,1784672212.3314767,78.17330050468445,,18.287746489898012,8.997455377993651,0.0,,False,1.6821863651275635
553,0.007725185714662075,8.042266586016922e-07,0.007819266989827156,0.00126547715626657,3.344802621541021e-07,0.0014721837360411882,0.00022710987832397223,-12.564784049987793,0.6581004858016968,0.0009355080546811223,0.6759137511253357,0.512906551361084,4.382807310321368e-05,0.5119842290878296,0.017837127670645714,-6.487653732299805,0.4992689788341522,9.033824426296633e-06,0.49901917576789856,0.0002498030662536621,-4.8848748207092285,0.4731408953666687,0.0029255521949380636,0.45786675810813904,0.015274137258529663,-1.9583247900009155,0.014933556318283081,0.0011646568309515715,0.0,0.014933556318283081,-2.3629848957061768,0.011877311393618584,0.0,0.011877311393618584,0.0185870248824358,0.0,0.0185870248824358,0.0,1.0,-20.197345733642578,1784672212.4361172,78.27794098854065,,16.99548036209552,7.810683652546059,0.0,,False,1.6821863651275635
554,0.007634814362972975,7.837742828087357e-07,0.007809415925294161,0.0012227470288053155,3.334082521178061e-07,0.0014617665437981486,0.0002960000419989228,-12.543519973754883,0.649252712726593,0.0009175980230793357,0.670455276966095,0.5128887295722961,4.461153002921492e-05,0.5093156099319458,0.021501533687114716,-6.279705047607422,0.49940016865730286,9.306207175541203e-06,0.49897125363349915,0.00042891502380371094,-4.86359167098999,0.46994516253471375,0.0029279240407049656,0.44876426458358765,0.0211808979511261,-1.921180009841919,0.014271154999732971,0.0010886108502745628,0.0,0.014271154999732971,-2.3989439010620117,0.010158169083297253,0.0,0.010158169083297253,0.01576894521713257,0.0,0.01576894521713257,0.0,1.0,-19.99907875061035,1784672212.5304673,78.37229108810425,,15.901481217325255,6.587952921742632,0.0,,False,1.6821863651275635
555,0.007548850495368242,7.68029849496088e-07,0.006419437937438488,0.001189434784464538,3.321040935588826e-07,0.0012198167387396097,0.001129821059294045,-11.828941345214844,0.6416677832603455,0.0009019686840474606,0.6623262166976929,0.5127766728401184,4.5024480641586706e-05,0.5094364881515503,0.02092672325670719,-6.31126594543457,0.49952638149261475,9.492578101344407e-06,0.4995441138744354,1.773238182067871e-05,-4.863544940948486,0.4657045602798462,0.002917817560955882,0.44155794382095337,0.024146616458892822,-1.899607539176941,0.013806760311126709,0.0010448581306263804,0.0,0.013806760311126709,-2.4217772483825684,0.009162567555904388,0.0,0.009162567555904388,0.01422384288161993,0.0,0.01422384288161993,0.0,1.0,-19.30972671508789,1784672212.6579278,78.49975156784058,,15.49683410807745,5.342388843618648,0.0,,False,1.6821863651275635
556,0.007475143298506737,7.611359365000681e-07,0.00801442563533783,0.0011550469789654016,3.330328013362305e-07,0.0015264509711414576,0.0006548025412485003,-12.265716552734375,0.6347351670265198,0.0008910442120395601,0.6574691534042358,0.5125664472579956,4.555590567179024e-05,0.5123764276504517,0.022734779864549637,-6.38155460357666,0.4995942711830139,9.69246684690006e-06,0.4995228350162506,7.143616676330566e-05,-4.852879047393799,0.4610117971897125,0.0029010833241045475,0.43700459599494934,0.024007201194763184,-1.903064250946045,0.013290219008922577,0.0010184382554143667,0.0,0.013290219008922577,-2.4390878677368164,0.008638103492558002,0.0,0.008638103492558002,0.013484732247889042,0.0,0.013484732247889042,0.0,1.0,-19.797399520874023,1784672212.7421985,78.58402228355408,,14.604514193043514,4.079514146140417,0.0,,False,1.6821863651275635
557,0.007396568078547716,7.580712235721876e-07,0.00747106084600091,0.0011214024852961302,3.353059696564742e-07,0.001408819342032075,0.00029691349482163787,-12.53563404083252,0.6273242831230164,0.000883060391061008,0.6487768888473511,0.5124688148498535,4.639957478502765e-05,0.5160017609596252,0.02174157276749611,-6.272209644317627,0.4996708333492279,9.974111890187487e-06,0.49904823303222656,0.0006226003170013428,-4.819387912750244,0.45582008361816406,0.0028917586896568537,0.43570226430892944,0.02011781930923462,-1.9340275526046753,0.012855134904384613,0.00100299424957484,0.0,0.012855134904384613,-2.451063871383667,0.008401362225413322,0.0,0.008401362225413322,0.013164341449737549,0.0,0.013164341449737549,0.0,1.0,-19.963096618652344,1784672212.8470242,78.68884801864624,,13.546497180231256,2.804663445015335,0.0,,False,1.6821863651275635
558,0.007316228933632374,7.527821708208648e-07,0.0073293945752084255,0.0010925079695880413,3.367393333064683e-07,0.001381768030114472,0.00028955950983799994,-12.539493560791016,0.6203848123550415,0.0008747160318307579,0.6424700617790222,0.512386679649353,4.7137727960944176e-05,0.5132702589035034,0.022102918475866318,-6.377056121826172,0.49973300099372864,1.022972082864726e-05,0.49910780787467957,0.0006251931190490723,-4.807063579559326,0.4506365656852722,0.00287691131234169,0.4293506145477295,0.021285951137542725,-1.927834153175354,0.012484505772590637,0.000991307315416634,0.0,0.012484505772590637,-2.4606895446777344,0.008382891304790974,0.0,0.008382891304790974,0.013180512934923172,0.0,0.013180512934923172,0.0,1.0,-20.04467010498047,1784672212.962662,78.80448579788208,,12.406906681090874,1.7224750902781203,0.0,,False,1.6821863651275635
559,0.0072434404864907265,7.471859930774372e-07,0.007427172735333443,0.0010731859365478158,3.371465311374777e-07,0.0013970545260235667,0.0003723552217707038,-12.488826751708984,0.6147887110710144,0.0008666263893246651,0.6334193348884583,0.5121415853500366,4.746940248878673e-05,0.5149142742156982,0.01883581466972828,-6.384051322937012,0.4997275471687317,1.0387866495875642e-05,0.4994233548641205,0.00030419230461120605,-4.814043998718262,0.44599002599716187,0.0028609971050173044,0.4270179867744446,0.018972039222717285,-1.9464497566223145,0.011953756213188171,0.0009851609356701374,0.0,0.011953756213188171,-2.4698917865753174,0.008389920927584171,0.0,0.008389920927584171,0.01332253310829401,0.0,0.01332253310829401,0.0,1.0,-20.003089904785156,1784672213.0660582,78.90788197517395,,11.308896382145804,2.0161537065948525,0.0,,False,1.6821863651275635
560,0.0071780383586883545,7.47823946767312e-07,0.007469845470041037,0.001060335198417306,3.4024796491394227e-07,0.001397427055053413,0.00044585010618902743,-12.438051223754883,0.6102154850959778,0.0008639065199531615,0.6269486546516418,0.5119352340698242,4.788698424817994e-05,0.5165271759033203,0.017351798713207245,-6.280261993408203,0.4996737241744995,1.0550880688242614e-05,0.4994681179523468,0.00020560622215270996,-4.808708667755127,0.442209929227829,0.0028518568724393845,0.431171178817749,0.011038750410079956,-1.9895899295806885,0.011328063905239105,0.0009832069044932723,0.0,0.011328063905239105,-2.4781484603881836,0.00859709270298481,0.0,0.00859709270298481,0.013815035112202168,0.0,0.013815035112202168,0.0,1.0,-19.866615295410156,1784672213.1503463,78.99217009544373,,10.347360692575734,2.318088996724451,0.0,,False,1.6821863651275635
561,0.007100817281752825,7.359709002230375e-07,0.007257895078510046,0.0010390187380835414,3.38584527526109e-07,0.0013582378160208464,0.0003557727613952011,-12.505163192749023,0.6037415266036987,0.0008534632506780326,0.618095338344574,0.511888861656189,4.863423964707181e-05,0.516675591468811,0.015130918473005295,-6.30455207824707,0.49973633885383606,1.080380297935335e-05,0.49955856800079346,0.00017777085304260254,-4.797405242919922,0.4375213086605072,0.002835238352417946,0.43087220191955566,0.006649106740951538,-2.0060794353485107,0.011079318821430206,0.0009754881612025201,0.0,0.011079318821430206,-2.4844295978546143,0.008862446062266827,0.0,0.008862446062266827,0.0141393868252635,0.0,0.0141393868252635,0.0,1.0,-19.947507858276367,1784672213.2657552,79.10757899284363,,9.304932440139453,2.62630542432048,0.0,,False,1.6821863651275635
562,0.006968468893319368,7.184663672887837e-07,0.007306122221052647,0.0010309966746717691,3.4019635108961666e-07,0.0013649112079292536,0.0004748775390908122,-12.438850402832031,0.5937731266021729,0.0008390502771362662,0.6119245886802673,0.5106845498085022,5.064465221948922e-05,0.5150312185287476,0.01866464875638485,-6.266212463378906,0.49948322772979736,1.1299109246465378e-05,0.49962788820266724,0.00014466047286987305,-4.775528907775879,0.43014270067214966,0.0028729483019560575,0.4291175603866577,0.0010251402854919434,-2.007086992263794,0.009200818836688995,0.0009274962940253317,0.0,0.009200818836688995,-2.5269358158111572,0.005854643415659666,0.0,0.005854643415659666,0.009898049756884575,0.0,0.009898049756884575,0.0,1.0,-19.839584350585938,1784672213.3617055,79.20352935791016,,8.370427695393602,2.977028069873052,0.0,,False,1.6821863651275635
563,0.006890457589179277,7.071261620694713e-07,0.007003834005445242,0.0010200530523434281,3.386982996289589e-07,0.0013087705010548234,0.0003101805632468313,-12.560084342956543,0.5881158113479614,0.0008300404297187924,0.6031367182731628,0.510631263256073,5.129981946083717e-05,0.5152730941772461,0.015721775591373444,-6.3021321296691895,0.49951282143592834,1.1533826182130724e-05,0.4997372329235077,0.0002244114875793457,-4.763991832733154,0.4261539578437805,0.0028657661750912666,0.42739543318748474,0.0012414753437042236,-2.0082521438598633,0.008859604597091675,0.000923042360227555,0.0,0.008859604597091675,-2.532460927963257,0.005871185567229986,0.0,0.005871185567229986,0.009849042631685734,0.0,0.009849042631685734,0.0,1.0,-19.98378562927246,1784672213.468873,79.31069684028625,,7.291721671961227,3.3332758275777237,0.0,,False,1.6821863651275635
564,0.006824986077845097,6.964772865103441e-07,0.0068686953745782375,0.0010102168889716268,3.372978767401946e-07,0.0012851599603891373,0.0002783957461360842,-12.588459014892578,0.5832208395004272,0.0008215117268264294,0.5981715321540833,0.5106295347213745,5.194707046030089e-05,0.5147135257720947,0.015498457476496696,-6.35036563873291,0.49954086542129517,1.1760595953091979e-05,0.49977046251296997,0.0002295970916748047,-4.75419807434082,0.422903835773468,0.002863242756575346,0.42827287316322327,0.005369037389755249,-2.003927707672119,0.008639350533485413,0.0009191672434099019,0.0,0.008639350533485413,-2.5364816188812256,0.005774001590907574,0.0,0.005774001590907574,0.00959882140159607,0.0,0.00959882140159607,0.0,1.0,-20.045848846435547,1784672213.5655315,79.40735530853271,,6.150952431365766,3.693544276200364,0.0,,False,1.6821863651275635
565,0.006760888267308474,6.90389185820095e-07,0.008089141920208931,0.0010051672579720616,3.379274460257875e-07,0.0015158533351495862,0.0014230452943593264,-11.041736602783203,0.578932523727417,0.0008163088350556791,0.5895246863365173,0.510561466217041,5.2527910156641155e-05,0.5136256217956543,0.011026466265320778,-6.486472129821777,0.4995160400867462,1.1973434084211476e-05,0.4997902512550354,0.00027421116828918457,-4.744331359863281,0.42029061913490295,0.0028660402167588472,0.42765870690345764,0.0073680877685546875,-1.9990023374557495,0.00823773443698883,0.0009164633811451495,0.0,0.00823773443698883,-2.5415327548980713,0.005633496213704348,0.0,0.005633496213704348,0.009353498928248882,0.0,0.009353498928248882,0.0,1.0,-18.60308074951172,1784672213.6393995,79.48122334480286,,6.452951287694134,4.05886386083985,0.0,,False,1.6821863651275635
566,0.006695013493299484,6.799288598813291e-07,0.006787520833313465,0.0010004125069826841,3.3690761824800575e-07,0.0012693580938503146,0.0002844105183612555,-12.600851058959961,0.5741400122642517,0.0008088601171039045,0.5811856389045715,0.5106614232063293,5.3179905080469325e-05,0.5121034383773804,0.007191679906100035,-6.592743873596191,0.4995623528957367,1.2222160876262933e-05,0.49977585673332214,0.00021350383758544922,-4.735326290130615,0.4181969165802002,0.0028725559823215008,0.42548123002052307,0.007284313440322876,-1.9981021881103516,0.007853090763092041,0.0009119974565692246,0.0,0.007853090763092041,-2.547187089920044,0.00541958212852478,0.0,0.00541958212852478,0.008930777199566364,0.0,0.008930777199566364,0.0,1.0,-20.242708206176758,1784672213.7479436,79.58976745605469,,5.115322687357462,4.429837780501309,0.0,,False,1.6821863651275635
567,0.006650947965681553,6.735898523402284e-07,0.00693382928147912,0.0009953936096280813,3.36266964495735e-07,0.0013034879229962826,0.0004182630218565464,-12.519584655761719,0.5708019733428955,0.0008034828933887184,0.5752332806587219,0.5107003450393677,5.363003583624959e-05,0.5095324516296387,0.004582625813782215,-6.617164611816406,0.49957355856895447,1.2394970326568e-05,0.4997744858264923,0.0002009272575378418,-4.728542804718018,0.41681572794914246,0.002873289166018367,0.4288735091686249,0.012057781219482422,-1.981909990310669,0.007604658603668213,0.000911163748241961,0.0,0.007604658603668213,-2.549720525741577,0.005330048501491547,0.0,0.005330048501491547,0.008721812628209591,0.0,0.008721812628209591,0.0,1.0,-20.177587509155273,1784672213.8622918,79.70411562919617,,3.8428147840422753,4.803345135984301,0.0,,False,1.6821863651275635
568,0.006257721688598394,6.222139177225472e-07,0.006503606680780649,0.0009608401451259851,3.2405765182375035e-07,0.0012218798510730267,0.00035861003561876714,-12.624563217163086,0.5371791124343872,0.0007488909759558737,0.5670313239097595,0.5102404356002808,5.245493957772851e-05,0.5088475942611694,0.029884686693549156,-6.074884414672852,0.49940767884254456,1.2994829376111738e-05,0.49963027238845825,0.0002225935459136963,-4.704634666442871,0.39967575669288635,0.002735817339271307,0.43312573432922363,0.03344997763633728,-1.827232837677002,0.011695869266986847,0.000895258563105017,0.0,0.011695869266986847,-2.513861656188965,0.023987682536244392,0.0,0.023987682536244392,0.030628692358732224,0.0,0.030628692358732224,0.0,1.0,-19.836788177490234,1784672213.9566789,79.79850268363953,,2.911106212392127,5.1409936219146815,0.0,,False,1.6821863651275635
569,0.006202327087521553,6.115549808782816e-07,0.006454305723309517,0.0009476374834775925,3.2243613645732694e-07,0.0012154203141108155,0.0003676967171486467,-12.626325607299805,0.5324183106422424,0.0007411360857076943,0.5615727305412292,0.5100584030151367,5.2406849135877565e-05,0.5104415416717529,0.029156938195228577,-6.119191646575928,0.49936264753341675,1.3104060599289369e-05,0.4994608759880066,9.822845458984375e-05,-4.701987266540527,0.3951979875564575,0.0027195436414331198,0.4308665990829468,0.03566861152648926,-1.8007984161376953,0.011639773845672607,0.0008912175544537604,0.0,0.011639773845672607,-2.516511917114258,0.025970418006181717,0.0,0.025970418006181717,0.03275258094072342,0.0,0.03275258094072342,0.0,1.0,-19.87267303466797,1784672214.0424316,79.88425540924072,,1.9435127835642447,5.4812923687703545,0.0,,False,1.6821863651275635
570,0.006166382692754269,6.105100851527823e-07,0.006932837888598442,0.000938615994527936,3.243150388243521e-07,0.0013004932552576065,0.000847589981276542,-12.104372024536133,0.5293384790420532,0.0007400361355394125,0.5550663471221924,0.5099615454673767,5.239405800239183e-05,0.5112302303314209,0.025759128853678703,-6.232303619384766,0.49929022789001465,1.3184727322368417e-05,0.49944138526916504,0.00015115737915039062,-4.698420524597168,0.3913484811782837,0.0027076799888163805,0.4338943362236023,0.042545855045318604,-1.7026307582855225,0.011559486389160156,0.0008917810046114028,0.0,0.011559486389160156,-2.5172879695892334,0.027924736961722374,0.0,0.027924736961722374,0.035091057419776917,0.0,0.035091057419776917,0.0,1.0,-19.43942642211914,1784672214.1471663,79.98899006843567,,1.4091659672851904,5.822367168101003,0.0,,False,1.6821863651275635
571,0.006135380361229181,6.007288675391464e-07,0.006369040347635746,0.0009240554645657539,3.2213205258813105e-07,0.0011994835222139955,0.00036118915886618197,-12.635645866394043,0.525761067867279,0.0007330494117923081,0.5476407408714294,0.5100501179695129,5.241184771875851e-05,0.5088779926300049,0.021911047399044037,-6.359827518463135,0.49931594729423523,1.32818786369171e-05,0.4995555579662323,0.0002396106719970703,-4.693454742431641,0.388116717338562,0.0026980936527252197,0.4274735450744629,0.03935682773590088,-1.7516191005706787,0.011925607919692993,0.0008877775981090963,0.0,0.011925607919692993,-2.514357328414917,0.029659898951649666,0.0,0.029659898951649666,0.03672198951244354,0.0,0.03672198951244354,0.0,1.0,-20.070234298706055,1784672214.2646558,80.10647964477539,,0.244011274419222,6.160511326257335,0.0,,False,1.6821863651275635
572,0.006096935831010342,5.916802479077887e-07,0.0064900098368525505,0.0009119415190070868,3.2039315556176007e-07,0.0012190559646114707,0.0004988251021131873,-12.5313720703125,0.5220346450805664,0.0007269930210895836,0.542087972164154,0.5099930763244629,5.2462739404290915e-05,0.5087947845458984,0.020089097321033478,-6.412863731384277,0.49932238459587097,1.3390513231570367e-05,0.4995449483394623,0.0002225637435913086,-4.689693927764893,0.3843494653701782,0.002693785587325692,0.41845279932022095,0.034103333950042725,-1.8235912322998047,0.012114934623241425,0.0008837842033244669,0.0,0.012114934623241425,-2.513674259185791,0.030966898426413536,0.0,0.030966898426413536,0.03784226253628731,0.0,0.03784226253628731,0.0,1.0,-20.00650978088379,1784672214.36029,80.20211386680603,,0.31037018831861474,6.497972415184542,0.0,,False,1.6821863651275635
573,0.006057352758944035,5.890821626053366e-07,0.006280111148953438,0.0009034308604896069,3.2217909051723836e-07,0.0011779406340792775,0.0003535207360982895,-12.649487495422363,0.5186917781829834,0.0007251148344948888,0.5339831113815308,0.5098528861999512,5.2766146836802363e-05,0.5095152854919434,0.0152950594201684,-6.539220333099365,0.4992879629135132,1.3553776625485625e-05,0.4994977116584778,0.0002097487449645996,-4.683860778808594,0.3800738453865051,0.0026993867941200733,0.4112527072429657,0.03117886185646057,-1.8583635091781616,0.01200786978006363,0.0008811604930087924,0.0,0.01200786978006363,-2.5163793563842773,0.03128303959965706,0.0,0.03128303959965706,0.0379888080060482,0.0,0.0379888080060482,0.0,1.0,-20.222793579101562,1784672214.4651175,80.30694127082825,,0.628084161580091,6.838138601310234,0.0,,False,1.6821863651275635
574,0.005778592079877853,5.515163934433076e-07,0.006118880119174719,0.0010094448225572705,3.1819243417885446e-07,0.0011501871049404144,0.0003682449460029602,-12.711618423461914,0.5044164657592773,0.0007022161735221744,0.5281655788421631,0.5084866881370544,5.336067988537252e-05,0.5102981925010681,0.02381810173392296,-6.279626369476318,0.49905475974082947,1.3929420674685389e-05,0.49956077337265015,0.0005060136318206787,-4.662623882293701,0.3697151243686676,0.0027481690049171448,0.4100710153579712,0.04035589098930359,-1.7331658601760864,0.010716602206230164,0.0008374641183763742,0.0,0.010716602206230164,-2.5550601482391357,0.03424220159649849,0.0,0.03424220159649849,0.03993889316916466,0.0,0.03993889316916466,0.0,1.0,-20.066631317138672,1784672214.5595763,80.40140008926392,,0.7896358728786765,7.216985579290785,0.0,,False,1.6821863651275635
575,0.005740587133914232,5.505824560714245e-07,0.00601489981636405,0.0010041410569101572,3.2023066864894645e-07,0.001123873284086585,0.0002993046073243022,-12.754661560058594,0.501473069190979,0.0007027040119282901,0.5200040936470032,0.5084446668624878,5.3737832786282524e-05,0.5103671550750732,0.018630480393767357,-6.42937707901001,0.49903878569602966,1.4095726328378078e-05,0.49963247776031494,0.0005936920642852783,-4.653378009796143,0.36646217107772827,0.0027579893358051777,0.399550199508667,0.03308802843093872,-1.829206943511963,0.0105709508061409,0.0008345317910425365,0.0,0.0105709508061409,-2.5584306716918945,0.03349115327000618,0.0,0.03349115327000618,0.038987886160612106,0.0,0.038987886160612106,1.0,1.0,-20.224851608276367,1784672214.665187,80.50701069831848,,1.1094078753149574,7.599203080724095,0.0,,False,1.6821863651275635
576,0.005716327577829361,5.280464279167063e-07,0.005959074478596449,0.000978156109340489,3.114476214705064e-07,0.0011167967459186912,0.0002795483451336622,-12.793526649475098,0.4974992871284485,0.0006996815791353583,0.5138133764266968,0.5086908340454102,5.3413459681905806e-05,0.5105093717575073,0.016415132209658623,-6.492138862609863,0.49872878193855286,1.4037133041711058e-05,0.4996950924396515,0.0009663105010986328,-4.634703159332275,0.36579230427742004,0.0028122144285589457,0.39115601778030396,0.02536371350288391,-1.9035736322402954,0.010035328567028046,0.0008053485653363168,0.0,0.010035328567028046,-2.5806546211242676,0.027735022827982903,0.0,0.027735022827982903,0.03264329209923744,0.0,0.03264329209923744,1.0,1.0,-20.304590225219727,1784672214.7601254,80.6019492149353,,1.5089184946945977,8.003644531589778,0.0,,False,1.6821863651275635
577,0.005649778060615063,5.138221013112343e-07,0.005886082071810961,0.0009641346987336874,3.0780640258853964e-07,0.0011036747600883245,0.00027442851569503546,-12.81374740600586,0.4931723475456238,0.0006935912533663213,0.5050963759422302,0.5089816451072693,5.331668216967955e-05,0.5105934143066406,0.012032466940581799,-6.591708183288574,0.49864932894706726,1.4088045645621605e-05,0.49970540404319763,0.001056075096130371,-4.626570224761963,0.36275365948677063,0.0028640690725296736,0.38543492555618286,0.02268126606941223,-1.9190083742141724,0.010203137993812561,0.0007784241461195052,0.0,0.010203137993812561,-2.5933125019073486,0.022454150021076202,0.0,0.022454150021076202,0.02659696526825428,0.0,0.02659696526825428,1.0,1.0,-20.400400161743164,1784672214.8548174,80.69664120674133,,2.0042390505976755,8.420743863238542,0.0,,False,1.6821863651275635
578,0.005579711869359016,5.082122243038611e-07,0.0059442175552248955,0.0009561949409544468,3.0929376748645154e-07,0.0011088084429502487,0.0003951648832298815,-12.734424591064453,0.48873117566108704,0.0006926876376383007,0.49910590052604675,0.5091692209243774,5.342028816812672e-05,0.5104756355285645,0.01045665517449379,-6.624580383300781,0.49860087037086487,1.4198026292433497e-05,0.499644935131073,0.0010440647602081299,-4.623877048492432,0.35955145955085754,0.002915404038503766,0.3847368359565735,0.025185376405715942,-1.8911502361297607,0.009771689772605896,0.0007509502465836704,0.0,0.009771689772605896,-2.614570140838623,0.018086709082126617,0.0,0.018086709082126617,0.021749429404735565,0.0,0.021749429404735565,1.0,1.0,-20.346027374267578,1784672214.9593773,80.8012011051178,,2.4451868190251673,8.85910083381858,0.0,,False,1.6821863651275635
579,0.005519101861864328,5.08548794186936e-07,0.00592837342992425,0.0009523672051727772,3.141963134112302e-07,0.0011078709503635764,0.00043781803105957806,-12.69143009185791,0.4849648177623749,0.000696198723744601,0.4919998347759247,0.5093751549720764,5.3535422921413556e-05,0.5107735395431519,0.007172652520239353,-6.660836219787598,0.4986250698566437,1.4303413991001435e-05,0.49971163272857666,0.0010865628719329834,-4.6172966957092285,0.356352299451828,0.00295682973228395,0.39065808057785034,0.03430578112602234,-1.7938686609268188,0.009450934827327728,0.0007298282580450177,0.0,0.009450934827327728,-2.6312198638916016,0.015007964335381985,0.0,0.015007964335381985,0.018360137939453125,0.0,0.018360137939453125,1.0,1.0,-20.32874870300293,1784672215.051525,80.89334893226624,,2.8688559161880107,9.314107527451597,0.0,,False,1.6821863651275635
580,0.005465592257678509,5.080593155071256e-07,0.006190403830260038,0.0009528149385005236,3.1818038337405596e-07,0.0011520744301378727,0.0007517021731473505,-12.309370040893555,0.4815056622028351,0.000698664749506861,0.4851614236831665,0.509555995464325,5.363893797039054e-05,0.5108987092971802,0.0038945439737290144,-6.685540676116943,0.4986336827278137,1.438553135812981e-05,0.4997725486755371,0.0011388659477233887,-4.610624313354492,0.35427677631378174,0.0029873948078602552,0.3855348825454712,0.03125810623168945,-1.8242062330245972,0.009178027510643005,0.0007126511773094535,0.0,0.009178027510643005,-2.6452202796936035,0.013073522597551346,0.0,0.013073522597551346,0.016202416270971298,0.0,0.016202416270971298,1.0,1.0,-19.963115692138672,1784672215.1555107,80.99733448028564,,2.9268920024865963,9.783114636886616,0.0,,False,1.6821863651275635
581,0.005387487821280956,4.984543693353771e-07,0.005549693945795298,0.0008411535527557135,3.103227754763793e-07,0.0010392686817795038,0.0002560477005317807,-12.82119369506836,0.47058480978012085,0.0006987960077822208,0.4774550199508667,0.5099868774414062,5.1128328777849674e-05,0.5110048055648804,0.006945211440324783,-6.6918792724609375,0.4988856017589569,1.4018511137692258e-05,0.4998457133769989,0.0009601116180419922,-4.635748863220215,0.3518856465816498,0.002864104462787509,0.3833923041820526,0.03150665760040283,-1.8355165719985962,0.010707445442676544,0.0007220975239761174,0.0,0.010707445442676544,-2.6183502674102783,0.03974796086549759,0.0,0.03974796086549759,0.04649140685796738,0.0,0.04649140685796738,1.0,2.0,-20.492572784423828,1784672215.2500737,81.09189748764038,,3.514385181070338,10.22525173403831,0.0,,False,1.6821863651275635
582,0.005333920009434223,4.962860771229316e-07,0.00577800627797842,0.0008200575830414891,3.12748682063102e-07,0.0010809041559696198,0.0005150277283973992,-12.601644515991211,0.46647220849990845,0.0006993944989517331,0.4709939658641815,0.5103169083595276,5.1053310016868636e-05,0.5109854340553284,0.004570909775793552,-6.717096328735352,0.49911004304885864,1.4048601769900415e-05,0.4998622536659241,0.0007522106170654297,-4.6474175453186035,0.3504819869995117,0.002878763945773244,0.37970107793807983,0.029219090938568115,-1.8579734563827515,0.010054334998130798,0.0006968859233893454,0.0,0.010054334998130798,-2.6429765224456787,0.04186519235372543,0.0,0.04186519235372543,0.05004453659057617,0.0,0.05004453659057617,1.0,2.0,-20.29903221130371,1784672215.3558576,81.19768142700195,,3.908337786533963,10.692015086225403,0.0,,False,1.6821863651275635
583,0.005263117142021656,4.916278157907072e-07,0.005381065420806408,0.0008117782417684793,3.1412670864483516e-07,0.001007359242066741,0.0002283937792526558,-12.83659553527832,0.461139440536499,0.0007002488127909601,0.46462464332580566,0.510504961013794,5.113334918860346e-05,0.5109438896179199,0.003512733383104205,-6.724140167236328,0.499264657497406,1.4196863048709929e-05,0.49980616569519043,0.0005415081977844238,-4.651978969573975,0.34902581572532654,0.002899072365835309,0.3787674605846405,0.029741644859313965,-1.8501836061477661,0.009727545082569122,0.0006838614935986698,0.0,0.009727545082569122,-2.655754327774048,0.04523908719420433,0.0,0.04523908719420433,0.054090291261672974,0.0,0.054090291261672974,1.0,1.0,-20.54189682006836,1784672215.4506,81.29242372512817,,4.545155000762236,11.171556243740866,0.0,,False,1.6821863651275635
584,0.005160186905413866,4.825988639822754e-07,0.006213624961674213,0.00081493123434484,3.1411858003593807e-07,0.0011682227486744523,0.0011111015919595957,-11.572490692138672,0.4548812210559845,0.000701784563716501,0.45736321806907654,0.5104638338088989,5.107648757984862e-05,0.5108944177627563,0.002519069705158472,-6.727953910827637,0.4992006719112396,1.4377706065715756e-05,0.4997694790363312,0.0005688071250915527,-4.644725799560547,0.3491082191467285,0.002920703263953328,0.3712184727191925,0.02211025357246399,-1.9153375625610352,0.009733110666275024,0.0006792112835682929,0.0,0.009733110666275024,-2.6586127281188965,0.047798801213502884,0.0,0.047798801213502884,0.05556907504796982,0.0,0.05556907504796982,1.0,1.0,-19.2772159576416,1784672215.5660293,81.40785312652588,,3.917291352563751,11.653955801601178,0.0,,False,1.6821863651275635
585,0.0050818054005503654,4.781221605298924e-07,0.00527757266536355,0.0008087148889899254,3.16547669854117e-07,0.000992950052022934,0.00026882599922828376,-12.828025817871094,0.45006999373435974,0.0007047518738545477,0.45225679874420166,0.5104772448539734,5.086919918539934e-05,0.5108332633972168,0.002215595915913582,-6.729443073272705,0.49919643998146057,1.4455054952122737e-05,0.49974942207336426,0.0005529820919036865,-4.642717361450195,0.3486442565917969,0.0029363019857555628,0.3676285147666931,0.01898425817489624,-1.9349937438964844,0.009438753128051758,0.0006684208638034761,0.0,0.009438753128051758,-2.669715404510498,0.049602847546339035,0.0,0.049602847546339035,0.056967832148075104,0.0,0.056967832148075104,1.0,1.0,-20.532939910888672,1784672215.671836,81.51365971565247,,4.545151657612337,12.147458035853091,0.0,,False,1.6821863651275635
586,0.005015593022108078,4.7494322075181117e-07,0.004146420396864414,0.0007998654618859291,3.191594544205145e-07,0.0007811908726580441,0.0008693732088431716,-12.125082015991211,0.44574713706970215,0.0007095301989465952,0.4450508654117584,0.5104286670684814,5.051930565969087e-05,0.5125911235809326,0.0022717860992997885,-6.687530994415283,0.49916741251945496,1.4476865544565953e-05,0.4996703565120697,0.0005029439926147461,-4.64380407333374,0.3473471403121948,0.002947893925011158,0.3553614616394043,0.008014321327209473,-1.9834996461868286,0.009313434362411499,0.0006595139857381582,0.0,0.009313434362411499,-2.677304744720459,0.05160840228199959,0.0,0.05160840228199959,0.05883920192718506,0.0,0.05883920192718506,1.0,1.0,-19.797008514404297,1784672215.7661657,81.60798954963684,,4.437080566176547,12.648549610314966,0.0,,False,1.6821863651275635
587,0.0049509042873978615,4.766102961184515e-07,0.006059650797396898,0.0007878689793869853,3.247049562560278e-07,0.001139755011536181,0.00116324657574296,-11.43026065826416,0.4413294792175293,0.0007190965698100626,0.4387361705303192,0.5103645920753479,5.028608939028345e-05,0.5143473744392395,0.004752662964165211,-6.5673723220825195,0.4991542100906372,1.4557217582478188e-05,0.49962180852890015,0.00046759843826293945,-4.642262935638428,0.3443566858768463,0.002963551552966237,0.34804099798202515,0.003684312105178833,-1.989454746246338,0.00910329818725586,0.0006540478789247572,0.0,0.00910329818725586,-2.68387508392334,0.0542474165558815,0.0,0.0542474165558815,0.061594896018505096,0.0,0.061594896018505096,1.0,1.0,-19.00528907775879,1784672215.8617327,81.70355653762817,,3.53729003809525,13.15621152397972,0.0,,False,1.6821863651275635
588,0.00483043072745204,4.778793254445191e-07,0.005142851732671261,0.0007604659767821431,3.313318472919491e-07,0.000972739711869508,0.000377712887711823,-12.729024887084961,0.4323846697807312,0.0007337034330703318,0.43236127495765686,0.5101519227027893,5.019866148359142e-05,0.5145117044448853,0.004359844606369734,-6.531261444091797,0.49914121627807617,1.4774765077163465e-05,0.49957168102264404,0.0004304647445678711,-4.636085510253906,0.34326043725013733,0.0029812250286340714,0.3385638892650604,0.004696547985076904,-1.9850726127624512,0.008892841637134552,0.0006494124536402524,0.0,0.008892841637134552,-2.6898951530456543,0.06368596851825714,0.0,0.06368596851825714,0.07114269584417343,0.0,0.07114269584417343,1.0,2.0,-20.272077560424805,1784672215.9575493,81.79937314987183,,3.9042879926799685,13.66989350676679,0.0,,False,1.6821863651275635
589,0.004788598977029324,4.808686071555712e-07,0.00416872464120388,0.0007404113421216607,3.3722889725140703e-07,0.0007867839303798974,0.0006216064793989062,-12.484491348266602,0.4284396171569824,0.0007409707759507,0.4270268380641937,0.5103525519371033,4.989717490389012e-05,0.5144182443618774,0.004304160829633474,-6.551684856414795,0.49932602047920227,1.477838395658182e-05,0.4995601773262024,0.00023415684700012207,-4.640378952026367,0.3395122289657593,0.0029940104577690363,0.3247367739677429,0.014775454998016357,-1.9501737356185913,0.008371986448764801,0.000639928097371012,0.0,0.008371986448764801,-2.7033746242523193,0.06541308015584946,0.0,0.06541308015584946,0.07428097724914551,0.0,0.07428097724914551,1.0,2.0,-20.04602813720703,1784672216.043652,81.88547587394714,,4.0452365240469135,14.197054960760525,0.0,,False,1.6821863651275635
590,0.004720508120954037,4.886442184215412e-07,0.00537134800106287,0.0007224347209557891,3.475492746929376e-07,0.0010139496298506856,0.0007131433812901378,-12.30842399597168,0.42305949330329895,0.0007585022249259055,0.42161622643470764,0.5104011297225952,4.981075835530646e-05,0.5141357779502869,0.004003825131803751,-6.566466331481934,0.49940186738967896,1.4950900549592916e-05,0.49948832392692566,8.64565372467041e-05,-4.636180877685547,0.3340298533439636,0.003014524932950735,0.32219192385673523,0.011837929487228394,-1.9599745273590088,0.008176982402801514,0.0006402209983207285,0.0,0.008176982402801514,-2.7056915760040283,0.06816237419843674,0.0,0.06816237419843674,0.07801983505487442,0.0,0.07801983505487442,1.0,1.0,-19.879688262939453,1784672216.1479087,81.98973250389099,,4.01984518114628,14.726533366505969,0.0,,False,1.6821863651275635
591,0.0046289400197565556,4.885972089141433e-07,0.004852041602134705,0.0007195933721959591,3.538643227329885e-07,0.0009130356484092772,0.0002952866780105978,-12.751354217529297,0.4175994396209717,0.0007743416936136782,0.4140176475048065,0.5103133916854858,4.97238761454355e-05,0.5127755403518677,0.004346425179392099,-6.629141807556152,0.4992634057998657,1.515258463768987e-05,0.49946027994155884,0.00019687414169311523,-4.628452301025391,0.33007457852363586,0.00304018659517169,0.31104785203933716,0.019026726484298706,-1.9194412231445312,0.008245952427387238,0.0006427320768125355,0.0,0.008245952427387238,-2.703057050704956,0.06840334087610245,0.0,0.06840334087610245,0.07698185741901398,0.0,0.07698185741901398,1.0,1.0,-20.368894577026367,1784672216.2630942,82.10491800308228,,4.483660152332561,15.25337724695234,0.0,,False,1.6821863651275635
592,0.004557275213301182,4.861274760514789e-07,0.0046198307536542416,0.0007084731478244066,3.584164005587809e-07,0.0008721720078028738,0.00017524416034575552,-12.809897422790527,0.41294437646865845,0.0007846608059480786,0.4086104929447174,0.5103377103805542,4.941398583468981e-05,0.5149735808372498,0.006346167530864477,-6.465460777282715,0.49920809268951416,1.521756530564744e-05,0.4994353950023651,0.00022730231285095215,-4.625894069671631,0.3257701098918915,0.0030695898458361626,0.3054467439651489,0.020323365926742554,-1.9068880081176758,0.007851392030715942,0.0006388954934664071,0.0,0.007851392030715942,-2.7107036113739014,0.0675627738237381,0.0,0.0675627738237381,0.07559995353221893,0.0,0.07559995353221893,1.0,1.0,-20.295211791992188,1784672216.357503,82.19932675361633,,4.873792338484662,15.787867688067657,0.0,,False,1.6821863651275635
593,0.004489869344979525,4.859708155890985e-07,0.004739325027912855,0.0006965623470023274,3.647865298717079e-07,0.0008942525018937886,0.0003182915970683098,-12.725066184997559,0.4084065556526184,0.0007977276109158993,0.40201136469841003,0.5103664994239807,4.914854798698798e-05,0.5159353613853455,0.008480017073452473,-6.348196983337402,0.49915191531181335,1.5305884517147206e-05,0.49929606914520264,0.00014415383338928223,-4.624019145965576,0.32060718536376953,0.0031076131854206324,0.3003329336643219,0.020274251699447632,-1.9018765687942505,0.007631219923496246,0.0006351362681016326,0.0,0.007631219923496246,-2.716052293777466,0.0658407211303711,0.0,0.0658407211303711,0.0735926553606987,0.0,0.0735926553606987,1.0,1.0,-20.115633010864258,1784672216.4556155,82.29743933677673,,5.084345743508834,16.327706811586538,0.0,,False,1.6821863651275635
594,0.004424440674483776,4.854667849940597e-07,0.0045700776390731335,0.0006871848599985242,3.71284443190234e-07,0.0008623807225376368,0.00022782388259656727,-12.771169662475586,0.4040660858154297,0.0008112802170217037,0.3935478627681732,0.5104405283927917,4.883031942881644e-05,0.515608012676239,0.01171904057264328,-6.342541694641113,0.4991037845611572,1.538001924927812e-05,0.4992811679840088,0.0001773834228515625,-4.6212592124938965,0.31494176387786865,0.0031483450438827276,0.28623753786087036,0.02870422601699829,-1.8306490182876587,0.007372952997684479,0.0006315361242741346,0.0,0.007372952997684479,-2.721700668334961,0.063568614423275,0.0,0.063568614423275,0.07125472277402878,0.0,0.07125472277402878,1.0,1.0,-20.155832290649414,1784672216.5611863,82.40301012992859,,5.335098428318162,16.873194309662914,0.0,,False,1.6821863651275635
595,0.004392002709209919,4.988704631614382e-07,0.004492383450269699,0.0005265754880383611,4.012754857285472e-07,0.0008552614599466324,0.0003436724655330181,-12.637178421020508,0.3922542333602905,0.0008889055461622775,0.38738539814949036,0.5099707245826721,4.6851946535753086e-05,0.5147077441215515,0.006793004460632801,-6.406336784362793,0.4986948072910309,1.5211475329124369e-05,0.49929410219192505,0.000599294900894165,-4.615985870361328,0.2831036448478699,0.003273285925388336,0.2767256498336792,0.006377995014190674,-1.9358282089233398,0.010100498795509338,0.0007002264028415084,0.0,0.010100498795509338,-2.6402668952941895,0.047937825322151184,0.0,0.047937825322151184,0.05777228623628616,0.0,0.05777228623628616,1.0,1.0,-20.070241928100586,1784672216.6568863,82.49871015548706,,5.500260750578661,17.33724803469852,0.0,,False,1.6821863651275635
596,0.0043343971483409405,4.973041995981475e-07,0.004407801665365696,0.0005223051412031054,4.0779701748761e-07,0.0008306701201945543,0.00031698134262114763,-12.653396606445312,0.38817936182022095,0.000902225321624428,0.3798384368419647,0.5098956227302551,4.6605746319983155e-05,0.5148984789848328,0.009726232849061489,-6.347270488739014,0.49852848052978516,1.5332483599195257e-05,0.49914631247520447,0.0006178319454193115,-4.611382007598877,0.27707722783088684,0.003327630227431655,0.2774042785167694,0.00032705068588256836,-1.9337928295135498,0.010132849216461182,0.000697367126122117,0.0,0.010132849216461182,-2.641544818878174,0.04269349202513695,0.0,0.04269349202513695,0.05163431167602539,0.0,0.05163431167602539,1.0,1.0,-20.036903381347656,1784672216.762402,82.60422587394714,,5.632084526086231,17.802579683318108,0.0,,False,1.6821863651275635
597,0.004274982959032059,4.956335715178284e-07,0.005016851704567671,0.0005154917016625404,4.142271450291446e-07,0.0009394452790729702,0.0008544623269699514,-11.997091293334961,0.3840373158454895,0.000915924902074039,0.3710853159427643,0.5097816586494446,4.634722790797241e-05,0.5141072869300842,0.013655232265591621,-6.356152057647705,0.4983118772506714,1.5453040759894066e-05,0.49908679723739624,0.0007749199867248535,-4.6004838943481445,0.27084556221961975,0.0033829526510089636,0.26591771841049194,0.004927843809127808,-1.9219754934310913,0.010206937789916992,0.0006932851392775774,0.0,0.010206937789916992,-2.6429600715637207,0.037769339978694916,0.0,0.037769339978694916,0.04586123675107956,0.0,0.04586123675107956,1.0,1.0,-19.382253646850586,1784672216.8582542,82.70007801055908,,5.109258567096731,18.269326584623244,0.0,,False,1.6821863651275635
598,0.0042181056924164295,4.948884679834009e-07,0.004397624172270298,0.000508897821418941,4.2130764654757513e-07,0.000826783652883023,0.00036507300683297217,-12.609054565429688,0.37975433468818665,0.0009298904915340245,0.36493977904319763,0.5096727609634399,4.6282137191155925e-05,0.5142636299133301,0.015509582124650478,-6.297021865844727,0.49811112880706787,1.5657147741876543e-05,0.4993496239185333,0.001238495111465454,-4.5643696784973145,0.2642623782157898,0.0034520160406827927,0.26658767461776733,0.002325296401977539,-1.9146767854690552,0.010255120694637299,0.000690244312863797,0.0,0.010255120694637299,-2.6441125869750977,0.03332195430994034,0.0,0.03332195430994034,0.04051616042852402,0.0,0.04051616042852402,1.0,1.0,-19.928855895996094,1784672216.953179,82.79500269889832,,5.1330348572527384,18.737226001339756,0.0,,False,1.6821863651275635
599,0.0041659800335764885,4.942535269947257e-07,0.00490529416128993,0.0005065330769866705,4.2803310407180106e-07,0.0009099564631469548,0.0008422207902185619,-12.011209487915039,0.3758695125579834,0.0009435408283025026,0.3566924035549164,0.5095875263214111,4.6228109567891806e-05,0.5145286917686462,0.019803449511528015,-6.17706298828125,0.4979085326194763,1.5861365682212636e-05,0.4994175434112549,0.0015090107917785645,-4.535091876983643,0.25772157311439514,0.0035191334318369627,0.25578147172927856,0.0019401013851165771,-1.9052969217300415,0.010330423712730408,0.0006867972551845014,0.0,0.010330423712730408,-2.6451051235198975,0.030358783900737762,0.0,0.030358783900737762,0.03698800504207611,0.0,0.03698800504207611,1.0,1.0,-19.22040557861328,1784672217.0472794,82.8891031742096,,4.448360830025933,19.20611795460107,0.0,,False,1.6821863651275635
600,0.004105694591999054,4.93717607241706e-07,0.0036341834347695112,0.0004931673174723983,4.357101204277569e-07,0.0006768355960957706,0.0005060205585323274,-12.4820556640625,0.37081044912338257,0.0009590578847564757,0.35119011998176575,0.5095096826553345,4.636835365090519e-05,0.51475989818573,0.020310640335083008,-6.128416538238525,0.49772074818611145,1.6186031643883325e-05,0.49948805570602417,0.0017673075199127197,-4.500258445739746,0.25016576051712036,0.0036106971092522144,0.2516804337501526,0.0015146732330322266,-1.8926711082458496,0.010280795395374298,0.0006834688247181475,0.0,0.010280795395374298,-2.64790415763855,0.02756776474416256,0.0,0.02756776474416256,0.03354576602578163,0.0,0.03354576602578163,1.0,1.0,-19.634918212890625,1784672217.1660535,83.00787734985352,,4.178199437076472,19.677808941981034,0.0,,False,1.6821863651275635
601,0.004042653366923332,4.936709956382401e-07,0.003973782993853092,0.0004734550602734089,4.445132333330548e-07,0.0007452607387676835,0.0002803951792884618,-12.648059844970703,0.3652536869049072,0.0009777223458513618,0.34412869811058044,0.5095600485801697,4.6488850784953684e-05,0.5134403705596924,0.021478408947587013,-6.22525691986084,0.49760693311691284,1.656434324104339e-05,0.49974125623703003,0.0021343231201171875,-4.447686195373535,0.24035796523094177,0.003716676961630583,0.24110275506973267,0.0007447898387908936,-1.878449559211731,0.010091900825500488,0.0006802335265092552,0.0,0.010091900825500488,-2.6527373790740967,0.026670461520552635,0.0,0.026670461520552635,0.03252405300736427,0.0,0.03252405300736427,1.0,1.0,-19.852108001708984,1784672217.2713318,83.11315560340881,,4.12522783294537,20.154333150796546,0.0,,False,1.6821863651275635
602,0.0039750575087964535,4.908233108835702e-07,0.0039052986539900303,0.0004462548531591892,4.5215162458589475e-07,0.0007379863527603447,0.0002999559510499239,-12.631266593933105,0.35882097482681274,0.0009951957035809755,0.33942437171936035,0.5098569393157959,4.6592685976065695e-05,0.5136613845825195,0.01976618357002735,-6.261096477508545,0.49762970209121704,1.7013218894135207e-05,0.4997757375240326,0.0021460354328155518,-4.436471462249756,0.2281213104724884,0.0038423771038651466,0.2290094494819641,0.000888139009475708,-1.8617908954620361,0.009538635611534119,0.0006779175018891692,0.0,0.009538635611534119,-2.6621971130371094,0.026831217110157013,0.0,0.026831217110157013,0.03275568038225174,0.0,0.03275568038225174,1.0,1.0,-19.858379364013672,1784672217.3650262,83.20685005187988,,4.078527591118956,20.64031709357507,0.0,,False,1.6821863651275635
603,0.0038895688485354185,4.844313252760912e-07,0.0040420955047011375,0.000412487774156034,4.585665749345935e-07,0.0007577972719445825,0.0003774957440327853,-12.575822830200195,0.35124295949935913,0.0010115155018866062,0.334041029214859,0.5104199051856995,4.656150849768892e-05,0.5134376287460327,0.017464622855186462,-6.353583335876465,0.49779975414276123,1.7529948308947496e-05,0.49955660104751587,0.0017568469047546387,-4.468825817108154,0.2114349603652954,0.003981961403042078,0.22371703386306763,0.012282073497772217,-1.8251103162765503,0.008632063865661621,0.0006764340214431286,0.0,0.008632063865661621,-2.675321578979492,0.028083685785531998,0.0,0.028083685785531998,0.034360483288764954,0.0,0.034360483288764954,1.0,1.0,-19.893102645874023,1784672217.4607544,83.30257821083069,,4.066550631152893,21.13942550229598,0.0,,False,1.6821863651275635
604,0.0037519759498536587,4.610933501680847e-07,0.00381675036624074,0.0003913929685950279,4.5414469695970183e-07,0.0007111788145266473,0.0003262801037635654,-12.642242431640625,0.34343796968460083,0.0010102854575961828,0.32807815074920654,0.5113094449043274,4.592345067067072e-05,0.5130743980407715,0.015460888855159283,-6.454474449157715,0.49823814630508423,1.791076283552684e-05,0.4994812607765198,0.0012431144714355469,-4.502975940704346,0.18874578177928925,0.004094741307199001,0.210238516330719,0.02149273455142975,-1.7736810445785522,0.006398916244506836,0.0006667877896688879,0.0,0.006398916244506836,-2.706876754760742,0.030988559126853943,0.0,0.030988559126853943,0.0380825474858284,0.0,0.0380825474858284,1.0,1.0,-20.057310104370117,1784672217.5577457,83.39956951141357,,4.218781129682924,21.670089086798136,0.0,,False,1.6821863651275635
605,0.00344287371262908,4.2372514030830644e-07,0.0038783191703259945,0.0004212720086798072,4.4126014131506963e-07,0.000725854595657438,0.0005313974688760936,-12.487163543701172,0.33486679196357727,0.001003543147817254,0.32382455468177795,0.5120153427124023,4.447341780178249e-05,0.5124125480651855,0.011049378663301468,-6.562017440795898,0.49861305952072144,1.8251361325383186e-05,0.4996908903121948,0.0010778307914733887,-4.504871368408203,0.14998573064804077,0.004291492514312267,0.18558284640312195,0.03559711575508118,-1.658986210823059,0.004656985402107239,0.0006608536350540817,0.0,0.004656985402107239,-2.725641965866089,0.04615335538983345,0.0,0.04615335538983345,0.05296657606959343,0.0,0.05296657606959343,1.0,1.0,-19.989213943481445,1784672217.6424012,83.48422503471375,,4.302915467324283,22.21951788240564,0.0,,False,1.6821863651275635
606,0.003367334371432662,4.2760476048897544e-07,0.003671909449622035,0.00040984118822962046,4.515052580700285e-07,0.0006844050367362797,0.0004100625519640744,-12.608041763305664,0.32912784814834595,0.0010242026764899492,0.31768858432769775,0.5118219256401062,4.5249769755173475e-05,0.511124312877655,0.011460515670478344,-6.536440372467041,0.49850723147392273,1.9040642655454576e-05,0.49977990984916687,0.0012726783752441406,-4.472995758056641,0.13582128286361694,0.0044855400919914246,0.1768588423728943,0.041037559509277344,-1.596786379814148,0.005371756851673126,0.0006746205035597086,0.0,0.005371756851673126,-2.710354804992676,0.045842770487070084,0.0,0.045842770487070084,0.050107769668102264,0.0,0.050107769668102264,1.0,1.0,-20.073692321777344,1784672217.7399802,83.58180403709412,,4.47152818326154,22.75365951713973,0.0,,False,1.6821863651275635
607,0.0032908953726291656,4.319128663610172e-07,0.0036031678318977356,0.0004028093535453081,4.615392299456289e-07,0.0006751571199856699,0.00041435175808146596,-12.590751647949219,0.3233420252799988,0.0010453620925545692,0.31320813298225403,0.5115655660629272,4.636287485482171e-05,0.5113071203231812,0.01013718731701374,-6.53348445892334,0.4983347952365875,1.9977494957856834e-05,0.4997612535953522,0.0014264583587646484,-4.440586566925049,0.122666135430336,0.004719696938991547,0.15719810128211975,0.03453196585178375,-1.6327393054962158,0.006101734936237335,0.000689447857439518,0.0,0.006101734936237335,-2.693870782852173,0.04669875651597977,0.0,0.04669875651597977,0.04815506190061569,0.0,0.04815506190061569,1.0,1.0,-20.037832260131836,1784672217.834485,83.67630887031555,,4.60428083755329,23.27131712973332,0.0,,False,1.6821863651275635
608,0.0032106172293424606,4.380717939511669e-07,0.0036826760042458773,0.00039651477709412575,4.7402804170815216e-07,0.000695485738106072,0.0005587692721746862,-12.414941787719727,0.3170393109321594,0.0010689061600714922,0.3075823485851288,0.5113257765769958,4.7974092012736946e-05,0.5113838911056519,0.009457141160964966,-6.513237476348877,0.49816635251045227,2.1204286895226687e-05,0.4995954930782318,0.001429140567779541,-4.413553714752197,0.10957954078912735,0.005018980707973242,0.1355087161064148,0.025929175317287445,-1.66134774684906,0.006825268268585205,0.000707283616065979,0.0,0.006825268268585205,-2.675168991088867,0.047841235995292664,0.0,0.047841235995292664,0.04630574584007263,0.0,0.04630574584007263,1.0,1.0,-19.83230972290039,1784672217.9394996,83.78132343292236,,4.531510954613594,23.7702729505636,0.0,,False,1.6821863651275635
609,0.003130511147901416,4.45659281922417e-07,0.003632846288383007,0.0003935029380954802,4.886263695880189e-07,0.0006932047544978559,0.0005849459557794034,-12.364791870117188,0.3106967508792877,0.0010934688616544008,0.3014838397502899,0.5111496448516846,4.9871108785737306e-05,0.5110571384429932,0.009213375858962536,-6.48546028137207,0.49802258610725403,2.261219015053939e-05,0.49931150674819946,0.0012889206409454346,-4.392837047576904,0.09662805497646332,0.005341325420886278,0.1097581684589386,0.01313011348247528,-1.6810640096664429,0.00731995701789856,0.0007241342682391405,0.0,0.00731995701789856,-2.6593310832977295,0.04871418699622154,0.0,0.04871418699622154,0.0446055606007576,0.0,0.0446055606007576,1.0,1.0,-19.74957847595215,1784672218.0415983,83.88342213630676,,4.3760098247256565,24.253390863602746,0.0,,False,1.6821863651275635
610,0.0030507007613778114,4.553756127734232e-07,0.0036224075593054295,0.00039375590858981013,5.071291298008873e-07,0.0006884984322823584,0.0006432121153920889,-12.265914916992188,0.3039853274822235,0.0011202736059203744,0.29504284262657166,0.510985255241394,5.2229657740099356e-05,0.5104360580444336,0.008959333412349224,-6.450565814971924,0.4978865683078766,2.4293209207826294e-05,0.49885475635528564,0.0009681880474090576,-4.374424934387207,0.0847768783569336,0.005692885722965002,0.09804937243461609,0.013272494077682495,-1.6498587131500244,0.007528237998485565,0.0007410092512145638,0.0,0.007528237998485565,-2.646568775177002,0.04720307141542435,0.0,0.04720307141542435,0.041681546717882156,0.0,0.041681546717882156,1.0,1.0,-19.61358070373535,1784672218.1460626,83.98788642883301,,4.084510922620922,24.723746468521163,0.0,,False,1.6821863651275635
611,0.0029697830323129892,4.6743514303670963e-07,0.0033481477294117212,0.000394773087464273,5.310515120982018e-07,0.0006307541043497622,0.0004459224874153733,-12.468764305114746,0.2968354821205139,0.0011500949040055275,0.2872485816478729,0.5109114050865173,5.497143865795806e-05,0.511083722114563,0.009588449262082577,-6.410199165344238,0.49781233072280884,2.6254567274008878e-05,0.4985988140106201,0.0007864832878112793,-4.343116760253906,0.07350515574216843,0.006049854215234518,0.07671946287155151,0.003214307129383087,-1.634068250656128,0.007370054721832275,0.0007531120791099966,0.0,0.007370054721832275,-2.6406474113464355,0.04245307296514511,0.0,0.04245307296514511,0.03711467608809471,0.0,0.03711467608809471,1.0,1.0,-19.768482208251953,1784672218.2621796,84.10400342941284,,3.9479135250327886,25.188180709609014,0.0,,False,1.6821863651275635
612,0.0028748707845807076,4.854586563851626e-07,0.0032630807254463434,0.0003796251257881522,5.609386448668374e-07,0.0006119559402577579,0.0004524207906797528,-12.424700736999512,0.2885305881500244,0.0011896858923137188,0.281342089176178,0.5109047889709473,5.832715760334395e-05,0.510903000831604,0.0071884989738464355,-6.382159233093262,0.49776965379714966,2.8673677661572583e-05,0.498675674200058,0.0009060204029083252,-4.296512603759766,0.06278006732463837,0.006428091786801815,0.06087958812713623,0.0019004791975021362,-1.6043193340301514,0.007479228079319,0.0007713313680142164,0.0,0.007479228079319,-2.6284964084625244,0.040360819548368454,0.0,0.040360819548368454,0.03513462841510773,0.0,0.03513462841510773,1.0,1.0,-19.67868423461914,1784672218.3566716,84.198495388031,,3.721518153811843,25.640463947812954,0.0,,False,1.6821863651275635
613,0.0027694867458194494,5.051282414569869e-07,0.003190835239365697,0.00035612413194030523,5.936278739682166e-07,0.0005972912767902017,0.00048548547783866525,-12.355134963989258,0.27901458740234375,0.001231096452102065,0.27266308665275574,0.5109296441078186,6.226608093129471e-05,0.509636640548706,0.006481776013970375,-6.32428503036499,0.4976954758167267,3.1625269912183285e-05,0.49884408712387085,0.001148611307144165,-4.24098014831543,0.053722597658634186,0.006825133692473173,0.034654051065444946,0.01906854659318924,-1.547995686531067,0.007737845182418823,0.0007906952523626387,0.0,0.007737845182418823,-2.6144986152648926,0.039415519684553146,0.0,0.039415519684553146,0.03445644676685333,0.0,0.03445644676685333,1.0,1.0,-19.535053253173828,1784672218.4617898,84.30361366271973,,3.3514918011455848,26.07874939281926,0.0,,False,1.6821863651275635
614,0.0026646216865628958,5.22305526828859e-07,0.0030283096712082624,0.0003497216966934502,6.282365916376875e-07,0.0005667755613103509,0.00042353433673270047,-12.370687484741211,0.2699128985404968,0.0012669158168137074,0.2662164866924286,0.5109330415725708,6.639997445745394e-05,0.509634256362915,0.003917946480214596,-6.289520263671875,0.4976378381252289,3.4796528780134395e-05,0.49903953075408936,0.0014016926288604736,-4.185825824737549,0.04565601050853729,0.0072246636264026165,0.026871085166931152,0.01878492534160614,-1.521767258644104,0.007454343140125275,0.0008025619899854064,0.0,0.007454343140125275,-2.6102936267852783,0.035558123141527176,0.0,0.035558123141527176,0.03199334442615509,0.0,0.03199334442615509,1.0,1.0,-19.495216369628906,1784672218.5569315,84.39875531196594,,2.9416285649344047,26.512829849345955,0.0,,False,1.6821863651275635
615,0.0025519458577036858,5.377739853429375e-07,0.0031380879227072,0.00034420477459207177,6.629711037930974e-07,0.000586590263992548,0.0006342816632241011,-12.12956428527832,0.26052796840667725,0.0013017754536122084,0.2581224739551544,0.5108725428581238,7.073157030390576e-05,0.5099085569381714,0.002591461408883333,-6.2536540031433105,0.4975244700908661,3.8249178032856435e-05,0.49893757700920105,0.001413106918334961,-4.140652179718018,0.038895659148693085,0.007627799175679684,0.0,0.038895659148693085,-1.419871211051941,0.007151991128921509,0.0008108859183266759,0.0,0.007151991128921509,-2.60821270942688,0.03202962502837181,0.0,0.03202962502837181,0.02988756075501442,0.0,0.02988756075501442,1.0,1.0,-19.20281410217285,1784672218.6412833,84.48310708999634,,2.23936306126717,26.94482938851425,0.0,,False,1.6821863651275635
616,0.0024326390121132135,5.54360610749427e-07,0.0029680116567760706,0.00034161144867539406,7.000348318797478e-07,0.0005580476718023419,0.0005774673190899193,-12.158939361572266,0.25106656551361084,0.0013389420928433537,0.24837328493595123,0.5107860565185547,7.52863779780455e-05,0.5100498795509338,0.0027920810971409082,-6.21085786819458,0.4974004626274109,4.2050076444866136e-05,0.498897910118103,0.0014974474906921387,-4.092723369598389,0.03263545036315918,0.008031011559069157,0.006843745708465576,0.025791704654693604,-1.4518686532974243,0.006770700216293335,0.0008185958722606301,0.0,0.006770700216293335,-2.6070210933685303,0.02950669266283512,0.0,0.02950669266283512,0.028708241879940033,0.0,0.028708241879940033,1.0,1.0,-19.173988342285156,1784672218.7366688,84.57849264144897,,1.50827179771224,27.375637311624196,0.0,,False,1.6821863651275635
617,0.0022869757376611233,5.69274277495424e-07,0.0027893397491425276,0.000338704907335341,7.3850509352269e-07,0.0005264937644824386,0.0005363154341466725,-12.165358543395996,0.24027615785598755,0.0013781264424324036,0.24129433929920197,0.5105496644973755,8.034231723286211e-05,0.511203408241272,0.0012099894229322672,-6.167209148406982,0.497205525636673,4.648742833524011e-05,0.4989624321460724,0.001756906509399414,-4.036026477813721,0.027649395167827606,0.008466852828860283,0.0,0.027649395167827606,-1.4217137098312378,0.006372213363647461,0.0008239579037763178,0.0,0.006372213363647461,-2.607116937637329,0.02725261263549328,0.0,0.02725261263549328,0.02781573496758938,0.0,0.02781573496758938,1.0,1.0,-19.117137908935547,1784672218.8319223,84.67374610900879,,0.7203301008077005,27.80654107900294,0.0,,False,1.6821863651275635
618,0.0021637205500155687,5.850565116816142e-07,0.0027483655139803886,0.00034685246646404266,7.75478326886514e-07,0.0005153010715730488,0.0006084280321374536,-12.062382698059082,0.2319677770137787,0.001415817765519023,0.23265953361988068,0.5104233622550964,8.467238512821496e-05,0.5113517642021179,0.0011577812256291509,-6.125248908996582,0.49713191390037537,5.0364826165605336e-05,0.4988536834716797,0.0017217695713043213,-3.9997398853302,0.0230136439204216,0.008831195533275604,0.0,0.0230136439204216,-1.415807843208313,0.006047755479812622,0.0008306119125336409,0.0,0.006047755479812622,-2.6057186126708984,0.025305503979325294,0.0,0.025305503979325294,0.027084091678261757,0.0,0.027084091678261757,1.0,1.0,-18.962451934814453,1784672218.937252,84.77907586097717,,0.0,28.236046521415254,0.0,,False,1.6821863651275635
619,0.002050096169114113,6.065031925572839e-07,0.0030593923293054104,0.00032822624780237675,8.163062830135459e-07,0.0005754496669396758,0.001039133407175541,-11.451906204223633,0.2224249243736267,0.0014661077875643969,0.22283129394054413,0.5103341341018677,8.954424265539274e-05,0.5107652544975281,0.0005924534052610397,-6.083990097045898,0.4970020055770874,5.507584137376398e-05,0.498685359954834,0.001683354377746582,-3.958735466003418,0.02001190185546875,0.009221942164003849,0.0,0.02001190185546875,-1.4024330377578735,0.006078004837036133,0.0008405256667174399,0.0,0.006078004837036133,-2.599827289581299,0.023862214758992195,0.0,0.023862214758992195,0.0266515351831913,0.0,0.0266515351831913,1.0,1.0,-18.2984676361084,1784672219.0344033,84.87622714042664,,0.6066119697316879,28.659660640737968,0.0,,False,1.6821863651275635
620,0.0019191353349015117,6.314843403742998e-07,0.00173155777156353,0.0002902805572375655,8.620694984529109e-07,0.0003288825391791761,0.00019150837033521384,-12.252960205078125,0.21012014150619507,0.0015286904526874423,0.21558742225170135,0.5100609064102173,9.564581705490127e-05,0.5108168125152588,0.005519289057701826,-6.018460273742676,0.49677106738090515,6.146937084849924e-05,0.4986259639263153,0.0018548965454101562,-3.9015607833862305,0.018841326236724854,0.009664172306656837,0.0,0.018841326236724854,-1.3823598623275757,0.006295233964920044,0.0008502845303155482,0.0,0.006295233964920044,-2.5927271842956543,0.023040538653731346,0.0,0.023040538653731346,0.02678067423403263,0.0,0.02678067423403263,1.0,1.0,-19.018508911132812,1784672219.128619,84.97044277191162,,0.49318266443896164,29.076174654775038,0.0,,False,1.6821863651275635
621,0.0017441042000427842,6.585108849321841e-07,0.0034391479566693306,0.0002753527369350195,9.137283427662624e-07,0.0006525767385028303,0.001736511243507266,-9.972196578979492,0.19735299050807953,0.0015988179948180914,0.20514540374279022,0.5096849203109741,0.00010212414053967223,0.5106307864189148,0.007849609479308128,-5.9526591300964355,0.4966665208339691,6.862914597149938e-05,0.4984216094017029,0.0017550885677337646,-3.852015972137451,0.017046667635440826,0.010078215971589088,0.0,0.017046667635440826,-1.365334391593933,0.006345964968204498,0.0008588337223045528,0.0,0.006345964968204498,-2.5875837802886963,0.02291862666606903,0.0,0.02291862666606903,0.02791699953377247,0.0,0.02791699953377247,1.0,1.0,-16.66033172607422,1784672219.2337801,85.07560396194458,,2.737930544204829,29.48754526480515,0.0,,False,1.6821863651275635
622,0.00161896669305861,6.825438276791829e-07,0.0023138737305998802,0.00026592868380248547,9.549843298373162e-07,0.00043786212336272,0.0007158609805628657,-11.822403907775879,0.18805232644081116,0.0016588749131187797,0.196089506149292,0.5093207359313965,0.00010724929597927257,0.5104005336761475,0.00810939073562622,-5.908202171325684,0.4965198040008545,7.440862827934325e-05,0.49765482544898987,0.001135021448135376,-3.825373888015747,0.015707582235336304,0.010375960730016232,0.0,0.015707582235336304,-1.3533037900924683,0.0063331350684165955,0.0008660717867314816,0.0,0.0063331350684165955,-2.5836775302886963,0.02292553149163723,0.0,0.02292553149163723,0.02905437909066677,0.0,0.02905437909066677,1.0,1.0,-18.461652755737305,1784672219.3278074,85.16963124275208,,3.1813573943076108,29.89500962483526,0.0,,False,1.6821863651275635
623,0.0014827374834567308,7.036372835500515e-07,0.0022224141284823418,0.0002584110479801893,9.939880101228482e-07,0.00041690177749842405,0.0007564660627394915,-11.75497817993164,0.17850123345851898,0.0017173344967886806,0.18876570463180542,0.5090289115905762,0.00011212416575290263,0.5099685192108154,0.010307387448847294,-5.858953475952148,0.4965210556983948,8.037717634579167e-05,0.4974064826965332,0.0008854269981384277,-3.790574789047241,0.015110574662685394,0.010651166550815105,0.0,0.015110574662685394,-1.341385841369629,0.006484396755695343,0.000872187374625355,0.0,0.006484396755695343,-2.579209804534912,0.02285843901336193,0.0,0.02285843901336193,0.030042262747883797,0.0,0.030042262747883797,1.0,2.0,-18.337427139282227,1784672219.4334128,85.2752366065979,,3.7490098608654705,30.298006259111588,0.0,,False,1.6821863651275635
624,0.001356861088424921,7.319512178582954e-07,0.002125967526808381,0.00025068409740924835,1.0397226333225262e-06,0.00040132066351361573,0.0007837194134481251,-11.699191093444824,0.16917823255062103,0.0017875581979751587,0.17878423631191254,0.5086217522621155,0.00011589162750169635,0.5097774267196655,0.009675271809101105,-5.825429916381836,0.4966638684272766,8.612243254901841e-05,0.497519850730896,0.0008559823036193848,-3.7566776275634766,0.012682229280471802,0.010883585549890995,0.0,0.012682229280471802,-1.333922266960144,0.0065583735704422,0.0008768117986619473,0.0,0.0065583735704422,-2.576143264770508,0.023146208375692368,0.0,0.023146208375692368,0.03158377856016159,0.0,0.03158377856016159,1.0,2.0,-18.237873077392578,1784672219.5394652,85.38128900527954,,4.416216389312979,30.69793635362351,0.0,,False,1.6821863651275635
625,0.0012208061525598168,7.534008545917459e-07,0.00202254019677639,0.0002425301936455071,1.0759310953289969e-06,0.0003810062480624765,0.0008136049727909267,-11.647123336791992,0.1597723662853241,0.001852031797170639,0.17167086899280548,0.5081412196159363,0.00012002520816167817,0.5098614692687988,0.012022214010357857,-5.771214485168457,0.49679264426231384,9.219350613420829e-05,0.49758878350257874,0.0007961392402648926,-3.7234344482421875,0.012103542685508728,0.011083847843110561,0.0,0.012103542685508728,-1.325586199760437,0.00719490647315979,0.0008838537032715976,0.0,0.00719490647315979,-2.5673863887786865,0.023821556940674782,0.0,0.023821556940674782,0.03341643512248993,0.0,0.03341643512248993,1.0,2.0,-18.125812530517578,1784672219.6439903,85.48581409454346,,5.195483464635487,31.089109572143613,0.0,,False,1.6821863651275635
626,0.0011101053096354008,7.749528663225647e-07,0.001997297862544656,0.00023618648992851377,1.1093154625996249e-06,0.0003764704742934555,0.0008982150466181338,-11.536523818969727,0.15244242548942566,0.0019111649598926306,0.16315998136997223,0.507784366607666,0.00012355820217635483,0.5098841190338135,0.01092130783945322,-5.743650436401367,0.4969676434993744,9.735210187500343e-05,0.49725276231765747,0.00028511881828308105,-3.6992318630218506,0.011902391910552979,0.011253000237047672,0.0,0.011902391910552979,-1.3183271884918213,0.007545337080955505,0.0008911105105653405,0.0,0.007545337080955505,-2.560638189315796,0.02475310117006302,0.0,0.02475310117006302,0.03545350208878517,0.0,0.03545350208878517,1.0,2.0,-17.981060028076172,1784672219.7416198,85.5834436416626,,6.119503042399401,31.473534591200824,0.0,,False,1.6821863651275635
627,0.0010059061460196972,7.867656677262858e-07,0.0018398768734186888,0.00022967765107750893,1.1319226587147568e-06,0.0003467783972155303,0.0008421518723480403,-11.587525367736816,0.14559359848499298,0.001955189974978566,0.15344242751598358,0.5074428915977478,0.00012617754691746086,0.5098778009414673,0.00821784045547247,-5.730419158935547,0.49714115262031555,0.0001016873648040928,0.49713361263275146,7.539987564086914e-06,-3.6778647899627686,0.012060940265655518,0.011378586292266846,0.0,0.012060940265655518,-1.3126804828643799,0.008003070950508118,0.0008961376152001321,0.0,0.008003070950508118,-2.5540335178375244,0.025617865845561028,0.0,0.025617865845561028,0.03736834228038788,0.0,0.03736834228038788,1.0,2.0,-18.010791778564453,1784672219.8370292,85.67885303497314,,7.013790869675034,31.851354938779764,0.0,,False,1.6821863651275635
628,0.0009175683371722698,7.972918183440925e-07,0.0017309138784185052,0.0002275888400617987,1.1519946383486968e-06,0.0003230953589081764,0.0008189337677322328,-11.601333618164062,0.14006096124649048,0.0019935022573918104,0.14621935784816742,0.5070917010307312,0.00012829792103730142,0.5098583698272705,0.0067513189278542995,-5.712288856506348,0.49725037813186646,0.00010528456914471462,0.49691659212112427,0.0003337860107421875,-3.659954309463501,0.0120469331741333,0.011477033607661724,0.0,0.0120469331741333,-1.30844247341156,0.008418522775173187,0.0008992947987280786,0.0,0.008418522775173187,-2.548607349395752,0.026207702234387398,0.0,0.026207702234387398,0.03880789503455162,0.0,0.03880789503455162,1.0,1.0,-18.001142501831055,1784672219.9424424,85.78426623344421,,7.917727973684066,32.22374911791693,0.0,,False,1.6821863651275635
629,0.0008322899229824543,7.985744900906866e-07,0.0016315761022269726,0.00022914199507795274,1.159485918833525e-06,0.00030795077327638865,0.0008031619945541024,-11.613430976867676,0.1357727199792862,0.002014436759054661,0.13617165386676788,0.5068232417106628,0.00013062010111752898,0.5114388465881348,0.004632813390344381,-5.655850887298584,0.49711403250694275,0.00010842137271538377,0.49678391218185425,0.000330120325088501,-3.645301342010498,0.013419181108474731,0.0115268649533391,0.0,0.013419181108474731,-1.3047877550125122,0.008965849876403809,0.0008993179653771222,0.0,0.008965849876403809,-2.5433053970336914,0.02730809710919857,0.0,0.02730809710919857,0.0408763624727726,0.0,0.0408763624727726,1.0,1.0,-17.96076202392578,1784672220.0426338,85.8844575881958,,8.862045555598371,32.59084134469204,0.0,,False,1.6821863651275635
630,0.0007615957874804735,8.070052217590273e-07,0.0016599522205069661,0.00022915162844583392,1.1756040976251825e-06,0.00031051013502292335,0.000902032945305109,-11.501115798950195,0.13186663389205933,0.0020413536112755537,0.12867946922779083,0.5066326856613159,0.0001324010081589222,0.5115885138511658,0.005892219487577677,-5.628793716430664,0.4971292316913605,0.00011118641123175621,0.4968738555908203,0.00025537610054016113,-3.6329193115234375,0.013950780034065247,0.011599358171224594,0.0,0.013950780034065247,-1.3010748624801636,0.008939675986766815,0.0008973791846074164,0.0,0.008939675986766815,-2.544548988342285,0.02760731615126133,0.0,0.02760731615126133,0.04196882247924805,0.0,0.04196882247924805,1.0,1.0,-17.82061004638672,1784672220.1393433,85.98116707801819,,9.946515115051739,32.95917716277574,0.0,,False,1.6821863651275635
