window,position_pred_mean_0,position_pred_var_0,position_actual_0,position_pred_mean_1,position_pred_var_1,position_actual_1,position_residual_l2,position_nll,velocity_pred_mean_0,velocity_pred_var_0,velocity_actual_0,velocity_pred_mean_1,velocity_pred_var_1,velocity_actual_1,velocity_residual_l2,velocity_nll,steering_pred_mean,steering_pred_var,steering_actual,steering_residual,steering_nll,acceleration_pred_mean,acceleration_pred_var,acceleration_actual,acceleration_residual,acceleration_nll,traffic_light_state_pred_mean,traffic_light_state_pred_var,traffic_light_state_actual,traffic_light_state_residual,traffic_light_state_nll,traffic_light_detected_pred,traffic_light_detected_actual,traffic_light_detected_residual,traffic_light_discrepancy_pred,traffic_light_discrepancy_actual,traffic_light_discrepancy_residual,traffic_light_discrepancy_calibrated_pred,traffic_light_discrepancy_calibrated_residual,has_adjacent_lane_actual,n_objects_actual,combined_nll,t_sim,t_bag_rel,t_rel_fault,cusum_combined,cusum_tl_state,cusum_tl_discrepancy,permanent_stop_rel_s,likely_static_collision,mrm_first_trigger_rel_s
0,0.0006532735424116254,2.296362140441488e-07,0.0009915624978020787,0.0007312570232897997,2.148885016595159e-07,0.0006271088495850563,0.00035395799204707146,-13.207666397094727,0.09605544805526733,0.0006013946840539575,0.09399470686912537,0.48775482177734375,0.000290347496047616,0.48055344820022583,0.007490422576665878,-5.849631309509277,0.48092135787010193,0.00034352857619524,0.47722846269607544,0.0036928951740264893,-3.0493323802948,0.9775679111480713,0.003853463800624013,1.0,0.02243208885192871,-1.795161247253418,0.345081627368927,0.003255845746025443,0.33000001311302185,0.015081614255905151,-1.9097827672958374,0.575725257396698,0.0,0.575725257396698,0.02533339522778988,0.0,0.02533339522778988,0.010328513570129871,0.010328513570129871,1.0,2.0,-19.412036895751953,1784745833.858364,2.996635913848877,,0.0,0.0,0.0,,False,1.087939739227295
1,0.000691194785758853,2.1707246844471229e-07,0.0008561009890399873,0.0007523216772824526,2.0260328881249734e-07,0.000540873093996197,0.0002681502664927393,-13.366669654846191,0.10030223429203033,0.0005819961661472917,0.09751199930906296,0.4888600707054138,0.0002772414300125092,0.4836044907569885,0.005950339138507843,-5.925454616546631,0.48244738578796387,0.00032125800498761237,0.4784011244773865,0.004046261310577393,-3.0772130489349365,0.9808188676834106,0.003696625353768468,1.0,0.019181132316589355,-1.831465244293213,0.34290868043899536,0.0032224853057414293,0.33000001311302185,0.01290866732597351,-1.924007773399353,0.5965250730514526,0.0,0.5965250730514526,0.026757152751088142,0.0,0.026757152751088142,0.011071044020354748,0.011071044020354748,1.0,2.0,-19.645639419555664,1784745833.9428864,3.08115816116333,,0.5083424973691635,0.23394789969902807,0.0,,False,1.087939739227295
2,0.0007476615719497204,2.0266557498871407e-07,0.0006752409390173852,0.0007783069740980864,1.8838919402242027e-07,0.00042691026465035975,0.0003587818064261228,-13.26969051361084,0.10535497218370438,0.0005599393043667078,0.10264845937490463,0.49015605449676514,0.00026156246894970536,0.4872003495693207,0.004007668234407902,-6.007141590118408,0.48419997096061707,0.00029440480284392834,0.48016563057899475,0.0040343403816223145,-3.118696928024292,0.9842395782470703,0.0035197583492845297,1.0,0.015760421752929688,-1.8704577684402466,0.34039509296417236,0.003158948151394725,0.33000001311302185,0.010395079851150513,-1.9427162408828735,0.6106230020523071,0.0,0.6106230020523071,0.027140337973833084,0.0,0.027140337973833084,0.011272827163338661,0.011272827163338661,1.0,2.0,-19.63475227355957,1784745834.0462253,3.184497117996216,,1.0057978487422332,0.48660426688157665,0.0,,False,1.087939739227295
3,0.0008048827294260263,1.9338469314789108e-07,0.001366381999105215,0.0008066233713179827,1.7887391834392474e-07,0.0008625130285508931,0.0005642739706672728,-12.835809707641602,0.11046363413333893,0.0005437383078970015,0.10650809854269028,0.4920383095741272,0.00025142464437521994,0.4883582592010498,0.005402687471359968,-6.023508071899414,0.4859917163848877,0.0002764479140751064,0.4831307530403137,0.0028609633445739746,-3.163001298904419,0.9869240522384644,0.003404242917895317,1.0,0.013075947761535645,-1.8973149061203003,0.3392144441604614,0.0031310580670833588,0.33000001311302185,0.009214431047439575,-1.9506949186325073,0.6300061941146851,0.0,0.6300061941146851,0.027837805449962616,0.0,0.027837805449962616,0.011642185971140862,0.011642185971140862,1.0,2.0,-19.23611831665039,1784745834.143588,3.281859874725342,,1.1046192432061233,0.747239311813759,0.0,,False,1.087939739227295
4,0.0008697522571310401,1.864762566583522e-07,0.0012161261402070522,0.0008408927824348211,1.715284838610387e-07,0.0007665730081498623,0.0003542573831509799,-13.361072540283203,0.11606498807668686,0.0005312231951393187,0.1112319827079773,0.49399951100349426,0.00024301392841152847,0.49009668827056885,0.006212082225829363,-6.040158271789551,0.48769253492355347,0.0002612543758004904,0.4865182638168335,0.0011742711067199707,-3.203430414199829,0.9895331859588623,0.0033142336178570986,1.0,0.010466814041137695,-1.9192981719970703,0.3384662866592407,0.0031273008789867163,0.33000001311302185,0.008466273546218872,-1.953393816947937,0.6536363959312439,0.0,0.6536363959312439,0.028960799798369408,0.0,0.028960799798369408,0.012242428958415985,0.012242428958415985,1.0,2.0,-19.79491424560547,1784745834.249466,3.38773775100708,,1.7622365666250914,1.010573255061371,0.0,,False,1.087939739227295
5,0.0009272109600715339,1.820109787331603e-07,0.001223710016347468,0.0008741978090256453,1.6657267565278744e-07,0.0007703310111537576,0.0003141655761282891,-13.45175552368164,0.12134543061256409,0.0005222409963607788,0.11687302589416504,0.49595576524734497,0.00023672021052334458,0.4917948842048645,0.006108627654612064,-6.059410572052002,0.4892173409461975,0.0002500179398339242,0.487764447927475,0.0014528930187225342,-3.2238287925720215,0.9919564723968506,0.0032486245036125183,1.0,0.008043527603149414,-1.9358655214309692,0.33843207359313965,0.003173648379743099,0.33000001311302185,0.008432060480117798,-1.9462965726852417,0.6804752945899963,0.0,0.6804752945899963,0.030603665858507156,0.0,0.030603665858507156,0.013132544234395027,0.013132544234395027,1.0,2.0,-19.911197662353516,1784745834.3557794,3.494051218032837,,2.5361373067921065,1.2668099540462878,0.0,,False,1.087939739227295
6,0.0009860891150310636,1.784589187536767e-07,0.0010490535059943795,0.0009087629150599241,1.624261329880028e-07,0.0006589117110706866,0.0002576628467068076,-13.54482364654541,0.12680867314338684,0.0005150223732925951,0.12105453759431839,0.4978705644607544,0.00023092457558959723,0.49282681941986084,0.007651760242879391,-6.047256946563721,0.490599662065506,0.00023991790658328682,0.48995378613471985,0.0006458759307861328,-3.2477989196777344,0.9943592548370361,0.0031965086236596107,1.0,0.005640745162963867,-1.9489325284957886,0.3389090299606323,0.003248714143410325,0.33000001311302185,0.008909016847610474,-1.93359375,0.7090056538581848,0.0,0.7090056538581848,0.03264731168746948,0.0,0.03264731168746948,0.014259060844779015,0.014259060844779015,1.0,2.0,-20.006528854370117,1784745834.4500186,3.5882904529571533,,3.405369238975723,1.5103438303459629,0.0,,False,1.087939739227295
7,0.0010377763537690043,1.76401059093223e-07,0.0013418369926512241,0.0009409277699887753,1.5971149025517661e-07,0.0008425093255937099,0.00031959201442077756,-13.46994686126709,0.13160738348960876,0.0005102507420815527,0.12610667943954468,0.4994294047355652,0.0002268631651531905,0.4942515790462494,0.007554311770945787,-6.059270858764648,0.49166950583457947,0.00023265311028808355,0.49240151047706604,0.0007320046424865723,-3.2628908157348633,0.9963513612747192,0.0031631137244403362,1.0,0.0036486387252807617,-1.9570562839508057,0.3397904634475708,0.0033494720701128244,0.33000001311302185,0.00979045033454895,-1.9162291288375854,0.7337966561317444,0.0,0.7337966561317444,0.034656915813684464,0.0,0.034656915813684464,0.01538689061999321,0.01538689061999321,1.0,2.0,-19.948808670043945,1784745834.5550296,3.6933014392852783,,4.216880986833168,1.7365130854832236,0.0,,False,1.087939739227295
8,0.0010937252081930637,1.748000073575895e-07,0.0008750091074034572,0.0009766265284270048,1.5752782189792924e-07,0.0005494109936989844,0.0004799477756023407,-13.057629585266113,0.136581689119339,0.0005064164288341999,0.1321536749601364,0.5008804798126221,0.00022329883358906955,0.49336346983909607,0.00872426200658083,-6.013815402984619,0.4926394820213318,0.0002261978661408648,0.4944688379764557,0.0018293559551239014,-3.270714044570923,0.9981158971786499,0.0031346124596893787,1.0,0.0018841028213500977,-1.9631201028823853,0.34078556299209595,0.0034619176294654608,0.33000001311302185,0.010785549879074097,-1.8972266912460327,0.7576204538345337,0.0,0.7576204538345337,0.036841120570898056,0.0,0.036841120570898056,0.016634460538625717,0.016634460538625717,1.0,2.0,-19.504039764404297,1784745834.651032,3.789303779602051,,4.583623829050964,1.9436799030289311,0.0,,False,1.087939739227295
9,0.0011423106770962477,1.7396301643657353e-07,0.0017542854184284806,0.0010077364277094603,1.5591950841553626e-07,0.0011069740867242217,0.0006199687486514449,-12.673300743103027,0.14085373282432556,0.0005038867820985615,0.13640852272510529,0.5020855069160461,0.000220811169128865,0.49355271458625793,0.00962124951183796,-5.983330249786377,0.4933781027793884,0.00022144433751236647,0.49606823921203613,0.002690136432647705,-3.2723910808563232,0.9996602535247803,0.003120183013379574,1.0,0.00033974647521972656,-1.9659748077392578,0.34232038259506226,0.003592125838622451,0.33000001311302185,0.012320369482040405,-1.8744386434555054,0.7776952385902405,0.0,0.7776952385902405,0.039046548306941986,0.0,0.039046548306941986,0.017916319891810417,0.017916319891810417,1.0,2.0,-19.096160888671875,1784745834.7485762,3.886847972869873,,4.5424877955363385,2.1280586727841113,0.0,,False,1.087939739227295
10,0.0011860448867082596,1.732706778057036e-07,0.0014687658986076713,0.001038257498294115,1.5472652137304976e-07,0.000929269939661026,0.00030300073558464646,-13.518092155456543,0.14484581351280212,0.0005016862414777279,0.14142219722270966,0.5029440522193909,0.00021916348487138748,0.49516725540161133,0.008497041650116444,-6.024079322814941,0.49388378858566284,0.00021797430235892534,0.4982491433620453,0.004365354776382446,-3.252915620803833,1.0009418725967407,0.003104791510850191,1.0,0.0009418725967407227,-1.9683231115341187,0.34371209144592285,0.003705332288518548,0.33000001311302185,0.013712078332901001,-1.8546810150146484,0.7950919270515442,0.0,0.7950919270515442,0.041159410029649734,0.0,0.041159410029649734,0.019164588302373886,0.019164588302373886,1.0,2.0,-19.96381378173828,1784745834.8541365,3.992408275604248,,5.369004655088119,2.2926798140984346,0.0,,False,1.087939739227295
11,0.001217477023601532,1.733616414867356e-07,0.001542361220344901,0.0010627922601997852,1.5439867695477005e-07,0.0009738681255839765,0.0003368341422174126,-13.457901954650879,0.1479203999042511,0.0005000649834983051,0.14714379608631134,0.5038453936576843,0.00021880182612221688,0.49707430601119995,0.006815478205680847,-6.070808410644531,0.49444717168807983,0.00021668057888746262,0.4991767108440399,0.004729539155960083,-3.247987985610962,1.0019348859786987,0.0030976778361946344,1.0,0.0019348859786987305,-1.969008445739746,0.34502679109573364,0.0038394269067794085,0.33000001311302185,0.015026777982711792,-1.832871675491333,0.8100481033325195,0.0,0.8100481033325195,0.043360162526369095,0.0,0.043360162526369095,0.020485147833824158,0.020485147833824158,1.0,2.0,-19.93854331970215,1784745834.9586833,4.096955060958862,,6.170251052603767,2.4354916158894424,0.0,,False,1.087939739227295
12,0.0012773395283147693,1.7250113160116598e-07,0.0013918650802224874,0.0010997462086379528,1.529347315454288e-07,0.0008773601148277521,0.0002501433191355318,-13.595475196838379,0.15308339893817902,0.0004971082089468837,0.15115322172641754,0.5047628879547119,0.00021697704505641013,0.498115599155426,0.006921851541846991,-6.077763557434082,0.4949323832988739,0.00021267164265736938,0.5002089142799377,0.005276530981063843,-3.2434847354888916,1.0030370950698853,0.003077348228543997,1.0,0.003037095069885254,-1.97140634059906,0.3462301790714264,0.003991546109318733,0.33000001311302185,0.01623016595840454,-1.8098528385162354,0.8300716876983643,0.0,0.8300716876983643,0.046610113233327866,0.0,0.046610113233327866,0.022471975535154343,0.022471975535154343,1.0,2.0,-20.07942771911621,1784745835.0524077,4.190679550170898,,7.112381849533477,2.5552845807053526,0.0,,False,1.087939739227295
13,0.0013088753912597895,1.729241461134734e-07,0.0016786736669018865,0.0011236447608098388,1.527697435221853e-07,0.0010505729587748647,0.00037694862112402916,-13.381613731384277,0.15627819299697876,0.0004958140780217946,0.15689921379089355,0.5054873824119568,0.00021702671074308455,0.5025212168693542,0.003030479187145829,-6.163864612579346,0.4953257739543915,0.00021189780090935528,0.5018153786659241,0.006489604711532593,-3.2113890647888184,1.0038522481918335,0.0030750399455428123,1.0,0.003852248191833496,-1.9708671569824219,0.34773916006088257,0.004166748374700546,0.33000001311302185,0.017739146947860718,-1.7836107015609741,0.8446024656295776,0.0,0.8446024656295776,0.04974084347486496,0.0,0.04974084347486496,0.024425821378827095,0.024425821378827095,1.0,2.0,-19.918399810791016,1784745835.15824,4.296511888504028,,7.8934847381379925,2.6488354085660015,0.0,,False,1.087939739227295
14,0.0013438707683235407,1.733349961341446e-07,0.0014253659173846245,0.0011489690514281392,1.5281659671018133e-07,0.0008878711960278451,0.0002735206508077681,-13.550946235656738,0.15967930853366852,0.0004940158105455339,0.16147159039974213,0.5063192248344421,0.00021731537708546966,0.503817081451416,0.0030778232030570507,-6.1680192947387695,0.4958185851573944,0.0002114876260748133,0.5034604072570801,0.007641822099685669,-3.1736698150634766,1.0043317079544067,0.0030687947291880846,1.0,0.004331707954406738,-1.9712395668029785,0.34873121976852417,0.00435220543295145,0.33000001311302185,0.01873120665550232,-1.7592897415161133,0.8589220643043518,0.0,0.8589220643043518,0.05328705906867981,0.0,0.05328705906867981,0.026684433221817017,0.026684433221817017,1.0,2.0,-20.07219696044922,1784745835.2430413,4.38131308555603,,8.82838477640071,2.7180652763817896,0.0,,False,1.087939739227295
15,0.0013801029417663813,1.7405186270025297e-07,0.0017781644128262997,0.0011742092901840806,1.5292314969883591e-07,0.0011090064654126763,0.0004033662553410977,-13.3216552734375,0.16318684816360474,0.0004928538692183793,0.166900634765625,0.5071418285369873,0.0002175928239012137,0.5053937435150146,0.004104632884263992,-6.165200233459473,0.49625226855278015,0.0002107623004121706,0.5058642029762268,0.009611934423446655,-3.0942723751068115,1.004666805267334,0.0030666273087263107,1.0,0.004666805267333984,-1.9710990190505981,0.34978505969047546,0.004564299248158932,0.33000001311302185,0.019785046577453613,-1.7329250574111938,0.8719344735145569,1.0,0.12806552648544312,0.05728345736861229,0.0,0.05728345736861229,0.029285434633493423,0.029285434633493423,1.0,2.0,-19.80095100402832,1784745835.3473566,4.485628366470337,,9.49203885824253,2.7609304600926583,0.0,,False,1.087939739227295
16,0.0013881610939279199,1.6383772560857324e-07,0.0018372794147580862,0.0013009682297706604,1.4937552350602346e-07,0.0011482249246910214,0.0004743814643006772,-13.139055252075195,0.1695481687784195,0.00048508652253076434,0.17318594455718994,0.506604790687561,0.00022361949959304184,0.5075584650039673,0.003760705702006817,-6.164823055267334,0.4949382543563843,0.00021002582798246294,0.5074401497840881,0.012501895427703857,-2.943110466003418,0.993104100227356,0.0029701627790927887,1.0,0.006895899772644043,-1.9826256036758423,0.35005688667297363,0.0036646961234509945,0.33000001311302185,0.020056873559951782,-1.8306807279586792,0.8848494291305542,1.0,0.1151505708694458,0.055894602090120316,0.0,0.055894602090120316,0.028374969959259033,0.028374969959259033,1.0,2.0,-19.542469024658203,1784745835.4532151,4.591486930847168,,9.897210960714233,2.9015513143510123,0.0,,False,1.087939739227295
17,0.0014388972194865346,1.6158676885424939e-07,0.0015561728505417705,0.0013569656293839216,1.4742516896149027e-07,0.0009747505537234247,0.00039980237488634884,-13.308183670043945,0.1753384917974472,0.00047900821664370596,0.17777378857135773,0.5079999566078186,0.00022779632126912475,0.5093544125556946,0.0027866146992892027,-6.167331218719482,0.4953523874282837,0.00021049116912763566,0.5085870027542114,0.013234615325927734,-2.8980324268341064,0.9892053604125977,0.002981105586513877,1.0,0.010794639587402344,-1.9692482948303223,0.3519487977027893,0.0036463055294007063,0.33000001311302185,0.021948784589767456,-1.8220219612121582,0.9024916887283325,1.0,0.09750831127166748,0.061895184218883514,0.0,0.061895184218883514,0.03235727548599243,0.03235727548599243,1.0,2.0,-19.691064834594727,1784745835.5466776,4.6849493980407715,,10.450978873122459,3.0335134018628453,0.0,,False,1.087939739227295
18,0.0014938904205337167,1.5620841509189631e-07,0.0012421736028045416,0.0014009526930749416,1.421137483248458e-07,0.0007793539552949369,0.000670631299726665,-12.319246292114258,0.1816779375076294,0.00046641845256090164,0.18329210579395294,0.5104101896286011,0.00022787060879636556,0.5117889046669006,0.002122826874256134,-6.183738708496094,0.4964158236980438,0.000205490825464949,0.5097153186798096,0.013299494981765747,-2.895740270614624,0.9869846105575562,0.002947885310277343,1.0,0.013015389442443848,-1.9656625986099243,0.3495807647705078,0.0036372642498463392,0.33000001311302185,0.019580751657485962,-1.8366178274154663,0.9160000085830688,1.0,0.08399999141693115,0.0693608820438385,0.0,0.0693608820438385,0.03748222813010216,0.03748222813010216,1.0,2.0,-18.714107513427734,1784745835.6426165,4.780888319015503,,10.027789464363693,3.1800713555779865,0.0,,False,1.087939739227295
19,0.0015462818555533886,1.4971355710713397e-07,0.002780001377686858,0.0014368658885359764,1.359450862992162e-07,0.001745460438542068,0.0012717288918793201,-8.49139404296875,0.18777859210968018,0.00045208670780994,0.1897193193435669,0.5130777359008789,0.00022537610493600368,0.5135887861251831,0.0020068867597728968,-6.207066535949707,0.49760711193084717,0.00019754099776037037,0.5111896991729736,0.013582587242126465,-2.8788857460021973,0.9851295948028564,0.0028863982297480106,1.0,0.014870405197143555,-1.9666290283203125,0.3448493480682373,0.003600496333092451,0.33000001311302185,0.014849334955215454,-1.8637821674346924,0.925631046295166,1.0,0.07436895370483398,0.07735572010278702,0.0,0.07735572010278702,0.043167661875486374,0.043167661875486374,1.0,2.0,-14.896490097045898,1784745835.7582655,4.8965373039245605,,5.7869826392230905,3.3537936493123537,0.0,,False,1.087939739227295
20,0.0016130729345604777,1.4325357255984272e-07,0.0016875449800863862,0.0014740044716745615,1.2987658237761934e-07,0.0010644339490681887,0.00041628608596511185,-13.304632186889648,0.1947539746761322,0.0004384240019135177,0.1943070888519287,0.5159919261932373,0.00022043901844881475,0.5148810148239136,0.001197426812723279,-6.235202789306641,0.49887239933013916,0.00018696040206123143,0.5121362805366516,0.013263881206512451,-2.9028661251068115,0.983702540397644,0.0028058821335434914,1.0,0.016297459602355957,-1.9717497825622559,0.34057945013046265,0.0035521050449460745,0.33000001311302185,0.010579437017440796,-1.8854142427444458,0.9318937063217163,1.0,0.06810629367828369,0.08406089246273041,0.0,0.08406089246273041,0.048084765672683716,0.048084765672683716,1.0,2.0,-19.74422836303711,1784745835.8446102,4.982882022857666,,6.393914080073699,3.5491480183564743,0.0,,False,1.087939739227295
21,0.0016721291467547417,1.3795259690141393e-07,0.0021155031863600016,0.001507786102592945,1.2512929004060425e-07,0.0013344535836949944,0.00047605115105398,-13.174715042114258,0.20081301033496857,0.00042791871237568557,0.1998133659362793,0.5187573432922363,0.00021570570243056864,0.5160939693450928,0.002844793489202857,-6.243598937988281,0.5000994801521301,0.00017743358330335468,0.512303352355957,0.012203872203826904,-2.979827642440796,0.9828460216522217,0.002742742421105504,1.0,0.01715397834777832,-1.9768166542053223,0.3382083773612976,0.00350343924947083,0.33000001311302185,0.008208364248275757,-1.8984507322311401,0.9353509545326233,1.0,0.06464904546737671,0.08809229731559753,0.0,0.08809229731559753,0.05110372602939606,0.05110372602939606,1.0,2.0,-19.659507751464844,1784745835.9487011,5.086972951889038,,6.9161249093520425,3.7575388768872893,0.0,,False,1.087939739227295
22,0.0017241011373698711,1.331946322125077e-07,0.001392075209878385,0.0015388326719403267,1.2102549362680293e-07,0.0008789690327830613,0.0007386888610199094,-11.82876968383789,0.20636151731014252,0.00041908532148227096,0.20644988119602203,0.5212814211845398,0.00021053390810266137,0.513424277305603,0.007857640273869038,-6.137148857116699,0.5012176036834717,0.00016818488074932247,0.5124642848968506,0.011246681213378906,-3.0502467155456543,0.9825097322463989,0.002680574543774128,1.0,0.017490267753601074,-1.984863042831421,0.3361263573169708,0.0034511585254222155,0.33000001311302185,0.006126344203948975,-1.9101465940475464,0.9372239708900452,1.0,0.06277602910995483,0.09075138717889786,0.0,0.09075138717889786,0.05312001332640648,0.05312001332640648,1.0,2.0,-18.263612747192383,1784745836.049522,5.187793731689453,,6.042440734357925,3.9776255972345105,0.0,,False,1.087939739227295
23,0.0017607820918783545,1.2914432545585441e-07,0.0028851956594735384,0.0015656554605811834,1.1764963403493311e-07,0.0018302055541425943,0.0011551158968359232,-8.87869644165039,0.21073058247566223,0.0004121853271499276,0.2112441509962082,0.5232490301132202,0.0002059802645817399,0.5120559334754944,0.011204872280359268,-5.998566627502441,0.5020710229873657,0.00016029532707761973,0.5137842893600464,0.011713266372680664,-3.022345781326294,0.9824758768081665,0.0026345443911850452,1.0,0.017524123191833496,-1.9923014640808105,0.3346291482448578,0.0033951830118894577,0.33000001311302185,0.0046291351318359375,-1.9206044673919678,0.9380981922149658,1.0,0.06190180778503418,0.09245079755783081,0.0,0.09245079755783081,0.054418858140707016,0.054418858140707016,1.0,2.0,-15.188722610473633,1784745836.154779,5.293050765991211,,2.9485743117128678,4.208170190926153,0.0,,False,1.087939739227295
24,0.001807160209864378,1.2522639281087322e-07,0.002340581500902772,0.0015946344938129187,1.1438975633382142e-07,0.0014920283574610949,0.0005432000616565347,-12.918407440185547,0.2157917022705078,0.00040562296635471284,0.21794579923152924,0.5249205827713013,0.0002003980043809861,0.5122995376586914,0.012803550809621811,-5.9216132164001465,0.5027807354927063,0.0001517800847068429,0.5136293768882751,0.010848641395568848,-3.089890956878662,0.9827659130096436,0.002578545128926635,1.0,0.017234086990356445,-2.0037331581115723,0.33305823802948,0.003343453397974372,0.33000001311302185,0.00305822491645813,-1.9300384521484375,0.9386115670204163,1.0,0.06138843297958374,0.09385890513658524,0.0,0.09385890513658524,0.055501025170087814,0.055501025170087814,0.0,2.0,-19.20064353942871,1784745836.262386,5.400657892227173,,2.1572130398872673,4.448148769374265,0.0,,False,1.087939739227295
25,0.0018699239008128643,1.2428009199538792e-07,0.0019785223994404078,0.0016411853721365333,1.1391635723612126e-07,0.0012580164475366473,0.00039826129795983434,-13.414525985717773,0.22283923625946045,0.00040768313920125365,0.22205431759357452,0.5235220193862915,0.0001999879750655964,0.5221304893493652,0.0015976398717612028,-6.317662715911865,0.5014650225639343,0.00014654755068477243,0.5132386684417725,0.011773645877838135,-3.022193431854248,0.9828332662582397,0.0025800191797316074,1.0,0.017166733741760254,-2.003929615020752,0.3366186022758484,0.003460597712546587,0.33000001311302185,0.006618589162826538,-1.9078893661499023,0.9365634918212891,1.0,0.06343650817871094,0.08865180611610413,0.0,0.08865180611610413,0.05152634531259537,0.05152634531259537,0.0,2.0,-19.979753494262695,1784745836.3460686,5.48434042930603,,2.999669611963462,4.665978261823843,0.0,,False,1.087939739227295
26,0.0019327779300510883,1.2029920526401838e-07,0.002406665589660406,0.0016736348625272512,1.1029111846028172e-07,0.0015348284505307674,0.0004937982885167003,-13.118108749389648,0.22974731028079987,0.0003997513558715582,0.22687576711177826,0.5239536762237549,0.00019652365881484002,0.5338858366012573,0.010338935069739819,-6.0805253982543945,0.5014140605926514,0.00013885236694477499,0.5128993988037109,0.01148533821105957,-3.0470993518829346,0.9829287528991699,0.0025130955036729574,1.0,0.017071247100830078,-2.016199827194214,0.33806437253952026,0.003409036435186863,0.33000001311302185,0.008064359426498413,-1.912185788154602,0.9350861310958862,1.0,0.06491386890411377,0.08609439432621002,0.0,0.08609439432621002,0.049601808190345764,0.049601808190345764,0.0,2.0,-19.506078720092773,1784745836.4504316,5.588703393936157,,3.368451409869735,4.888104176278119,0.0,,False,1.087939739227295
27,0.001985471695661545,1.1709830971540214e-07,0.0025867053773254156,0.0017042919062078,1.0795498894822231e-07,0.0016484764637425542,0.0006038189167156816,-12.605097770690918,0.23607738316059113,0.0003913340624421835,0.2325165718793869,0.5254196524620056,0.0001942220114869997,0.5347470045089722,0.009983930736780167,-6.118182182312012,0.502225935459137,0.00013340915029402822,0.5122198462486267,0.009993910789489746,-3.1677756309509277,0.9828044176101685,0.002437993884086609,1.0,0.017195582389831543,-2.0287094116210938,0.3375163674354553,0.003390480065718293,0.33000001311302185,0.007516354322433472,-1.9161218404769897,0.9336069822311401,1.0,0.06639301776885986,0.08369137346744537,0.0,0.08369137346744537,0.04781037196516991,0.04781037196516991,0.0,2.0,-19.08353042602539,1784745836.5666258,5.70489764213562,,3.314684913708625,5.114166143054784,0.0,,False,1.087939739227295
28,0.0020456050988286734,1.1547230371888872e-07,0.002089574234560132,0.0017362330108880997,1.067849808578103e-07,0.0013395213754847646,0.0003991408448200673,-13.430191040039062,0.24218937754631042,0.00038613160722889006,0.23669718205928802,0.5265498161315918,0.00019440395408309996,0.5327603816986084,0.008290678262710571,-6.226311683654785,0.5028654336929321,0.00013005784421693534,0.5118204951286316,0.008955061435699463,-3.2465293407440186,0.9822742938995361,0.002405466977506876,1.0,0.017725706100463867,-2.030757188796997,0.3366762101650238,0.0033977245911955833,0.33000001311302185,0.006676197052001953,-1.9168272018432617,0.9317638278007507,1.0,0.06823617219924927,0.08176348358392715,0.0,0.08176348358392715,0.04638516530394554,0.04638516530394554,0.0,2.0,-20.034503936767578,1784745836.6508005,5.789072275161743,,4.2118919282897025,5.3409334711977206,0.0,,False,1.087939739227295
29,0.002101388992741704,1.1494053353544587e-07,0.002592863282188773,0.0017671197419986129,1.0655744375753784e-07,0.0016737004043534398,0.0005002740654163063,-13.087141036987305,0.24748075008392334,0.0003830749192275107,0.24271024763584137,0.5273003578186035,0.00019655964570119977,0.5328615307807922,0.007326959632337093,-6.254661560058594,0.5032984018325806,0.00012855239037889987,0.5109590291976929,0.007660627365112305,-3.3323943614959717,0.9817056655883789,0.0023971502669155598,1.0,0.018294334411621094,-2.0279903411865234,0.33591026067733765,0.0034112504217773676,0.33000001311302185,0.005910247564315796,-1.9162797927856445,0.9297203421592712,1.0,0.07027965784072876,0.08020943403244019,0.0,0.08020943403244019,0.04524420574307442,0.04524420574307442,0.0,2.0,-19.75706672668457,1784745836.7556725,5.893944263458252,,4.831661732787772,5.56715339028304,0.0,,False,1.087939739227295
30,0.002158694202080369,1.1490450901874283e-07,0.0021569218952208757,0.0017977211391553283,1.0672260941646527e-07,0.001398039166815579,0.000399685901356861,-13.429791450500488,0.25262194871902466,0.000380285840947181,0.24697726964950562,0.5279512405395508,0.00019953385344706476,0.5320087671279907,0.006951684597879648,-6.276032447814941,0.5037074089050293,0.00012781280383933336,0.5096275806427002,0.0059201717376708984,-3.426424741744995,0.981433629989624,0.0023906927090138197,1.0,0.018566370010375977,-2.027053117752075,0.33480191230773926,0.0034326117020100355,0.33000001311302185,0.004801899194717407,-1.9149196147918701,0.9277383089065552,1.0,0.07226169109344482,0.07906322926282883,0.0,0.07906322926282883,0.04440724477171898,0.04440724477171898,0.0,2.0,-20.163829803466797,1784745836.8515842,5.989856004714966,,5.8581946140680685,5.792013131374585,0.0,,False,1.087939739227295
31,0.0022132941521704197,1.1525906984388712e-07,0.002626916393637657,0.0018299630610272288,1.0713264941841771e-07,0.001739781815558672,0.00042333913734182715,-13.394638061523438,0.2575756311416626,0.0003778451355174184,0.2518467605113983,0.5287085771560669,0.0002034326462307945,0.52433180809021,0.007209442555904388,-6.262210845947266,0.5041863918304443,0.000127767474623397,0.508453369140625,0.004266977310180664,-3.492459774017334,0.9814783334732056,0.0023863310925662518,1.0,0.018521666526794434,-2.028181791305542,0.33312612771987915,0.0034526651725172997,0.33000001311302185,0.0031261146068573,-1.9139505624771118,0.925778865814209,1.0,0.07422113418579102,0.07847940176725388,0.0,0.07847940176725388,0.04398242384195328,0.04398242384195328,0.0,2.0,-20.150636672973633,1784745836.946566,6.084837913513184,,6.871534364855201,6.0159038201513715,0.0,,False,1.087939739227295
32,0.0022711819037795067,1.1610871553102697e-07,0.0028798782732337713,0.0018623051000759006,1.0773290881616049e-07,0.0019069159170612693,0.0006103289197199047,-12.563525199890137,0.26245731115341187,0.0003765714354813099,0.25824519991874695,0.5287169814109802,0.0002088244800688699,0.5175672769546509,0.011918799951672554,-6.020118713378906,0.5041460990905762,0.00012838518887292594,0.508453369140625,0.004307270050048828,-3.4890458583831787,0.9815994501113892,0.002405959414318204,1.0,0.01840054988861084,-2.025602102279663,0.3306500315666199,0.0034592074807733297,0.33000001311302185,0.0006500184535980225,-1.9143582582473755,0.9231370091438293,1.0,0.07686299085617065,0.07852721214294434,0.0,0.07852721214294434,0.04401717334985733,0.04401717334985733,0.0,2.0,-19.124141693115234,1784745837.0664399,6.204711675643921,,6.8583791357839345,6.240202204698422,0.0,,False,1.087939739227295
33,0.0023317113518714905,1.174010577642548e-07,0.0022735530510544777,0.0018965114140883088,1.0861072041734587e-07,0.0015032278606668115,0.0003975604777224362,-13.432252883911133,0.26745665073394775,0.0003757211088668555,0.26288408041000366,0.5285274386405945,0.00021505939366761595,0.5136268138885498,0.015586436726152897,-5.783725261688232,0.5040204524993896,0.00012947269715368748,0.5014844536781311,0.002535998821258545,-3.53224515914917,0.9818547964096069,0.002428916748613119,1.0,0.018145203590393066,-2.023439884185791,0.3276011347770691,0.003466269001364708,0.33000001311302185,0.002398878335952759,-1.9125697612762451,0.9201828837394714,1.0,0.07981711626052856,0.07896129786968231,0.0,0.07896129786968231,0.04433299973607063,0.04433299973607063,0.0,2.0,-19.825355529785156,1784745837.1503668,6.288638591766357,,7.54643774338259,6.462712092274342,0.0,,False,1.087939739227295
34,0.0023855408653616905,1.1911277653098296e-07,0.0028098237235099077,0.001928130048327148,1.0989212739787035e-07,0.0018714473117142916,0.0004280524153728038,-13.37533187866211,0.27179551124572754,0.0003764761204365641,0.2681539058685303,0.5280272960662842,0.00022265779261942953,0.5114555358886719,0.016967160627245903,-5.675082206726074,0.5036494731903076,0.00013163637777324766,0.49885573983192444,0.004793733358383179,-3.4615092277526855,0.981713056564331,0.0024763329420238733,1.0,0.018286943435668945,-2.0140280723571777,0.32458198070526123,0.0034689134918153286,0.33000001311302185,0.00541803240776062,-1.9087871313095093,0.9168055057525635,1.0,0.08319449424743652,0.07950841635465622,0.0,0.07950841635465622,0.044731851667165756,0.044731851667165756,0.0,1.0,-19.64615249633789,1784745837.2558942,6.394165992736816,,8.05529331753398,6.681439349883526,0.0,,False,1.087939739227295
35,0.0024376173969358206,1.2303952701131493e-07,0.0028510396368801594,0.0019035863224416971,1.1216254591772667e-07,0.001901860348880291,0.00041342584881931543,-13.424582481384277,0.2709387242794037,0.00038527289871126413,0.27359429001808167,0.5280948281288147,0.00023224462347570807,0.5257828831672668,0.003520954167470336,-6.256102561950684,0.5037037134170532,0.00013591762399300933,0.49723535776138306,0.006468355655670166,-3.3788766860961914,0.9825863838195801,0.0025703590363264084,1.0,0.017413616180419922,-2.003929615020752,0.31542670726776123,0.0033738487400114536,0.33000001311302185,0.01457330584526062,-1.8954373598098755,0.9030203223228455,1.0,0.09697967767715454,0.07768232375383377,0.0,0.07768232375383377,0.04340408369898796,0.04340408369898796,0.0,1.0,-20.1189022064209,1784745837.3612568,6.499528646469116,,9.036898601768378,6.886816835993076,0.0,,False,1.087939739227295
36,0.0024770190939307213,1.222324925720386e-07,0.0023836714681237936,0.001922937692143023,1.1145610301355191e-07,0.0015863999724388123,0.0003492440446279943,-13.58188533782959,0.27407267689704895,0.00038397559546865523,0.2774100601673126,0.528512716293335,0.0002289482654305175,0.5284225940704346,0.0033385998103767633,-6.271074295043945,0.5042108297348022,0.00013192590267863125,0.49628642201423645,0.007924407720565796,-3.3096985816955566,0.9831387996673584,0.0025057026650756598,1.0,0.0168612003326416,-2.0189239978790283,0.3149477243423462,0.0033137290738523006,0.33000001311302185,0.01505228877067566,-1.9017152786254883,0.8917409777641296,1.0,0.10825902223587036,0.07330557703971863,0.0,0.07330557703971863,0.04026270657777786,0.04026270657777786,0.0,1.0,-20.25359535217285,1784745837.4453058,6.583577632904053,,10.153197031754729,7.098472240918239,0.0,,False,1.087939739227295
37,0.002511872909963131,1.2115367553633405e-07,0.0030672019347548485,0.0019481668714433908,1.1043947978350843e-07,0.0020429862197488546,0.0005633658147417009,-12.821197509765625,0.2774178981781006,0.0003836636315099895,0.28194335103034973,0.5289169549942017,0.00022400554735213518,0.5289431214332581,0.004525528289377689,-6.270223617553711,0.5045706629753113,0.0001267532497877255,0.49607759714126587,0.00849306583404541,-3.2831578254699707,0.9840694665908813,0.002451651729643345,1.0,0.015930533409118652,-2.0348010063171387,0.3151124119758606,0.0032693862449377775,0.33000001311302185,0.014887601137161255,-1.9087417125701904,0.8792829513549805,1.0,0.12071704864501953,0.06826208531856537,0.0,0.06826208531856537,0.03671650588512421,0.03671650588512421,0.0,1.0,-19.478954315185547,1784745837.5503118,6.688583612442017,,10.494854424753775,7.3171540797881045,0.0,,False,1.087939739227295
38,0.0025517777539789677,1.2018942641134345e-07,0.0029625697061419487,0.001978376880288124,1.0941674588593742e-07,0.001975526101887226,0.0004108018474653363,-13.441218376159668,0.2812131643295288,0.00038424201193265617,0.2872074544429779,0.5291838049888611,0.00021833143546245992,0.5310264825820923,0.006271122023463249,-6.254457473754883,0.504731297492981,0.0001211414419231005,0.49640020728111267,0.008331090211868286,-3.303866147994995,0.9851309061050415,0.0024066565092653036,1.0,0.014869093894958496,-2.04988694190979,0.31612956523895264,0.00323916575871408,0.33000001311302185,0.013870447874069214,-1.91758394241333,0.8657289743423462,1.0,0.1342710256576538,0.06297650188207626,0.0,0.06297650188207626,0.033088114112615585,0.033088114112615585,0.0,1.0,-20.096717834472656,1784745837.6567073,6.794979095458984,,11.454275337039931,7.544678148501109,0.0,,False,1.087939739227295
39,0.002588813193142414,1.1917106945702471e-07,0.0025145497638732195,0.002012509386986494,1.0853063514559835e-07,0.0016795211704447865,0.00034116889582946897,-13.617624282836914,0.2850375771522522,0.0003850110515486449,0.29060718417167664,0.5297953486442566,0.00021222697978373617,0.5370371341705322,0.00913586188107729,-6.158329010009766,0.5050778388977051,0.00011551519128261134,0.4965958893299103,0.0084819495677948,-3.30271315574646,0.9861431121826172,0.0023566479794681072,1.0,0.013856887817382812,-2.065580368041992,0.3170798420906067,0.0032065040431916714,0.33000001311302185,0.012920171022415161,-1.9263185262680054,0.8505110740661621,1.0,0.1494889259338379,0.0579206757247448,0.0,0.0579206757247448,0.029705462977290154,0.029705462977290154,0.0,1.0,-20.19564437866211,1784745837.7414322,6.879703998565674,,12.51262279351554,7.7809368010687905,0.0,,False,1.087939739227295
40,0.002620958723127842,1.181468434197086e-07,0.0030505643226206303,0.002047006506472826,1.0786703086296257e-07,0.002049198606982827,0.000429611187428236,-13.377885818481445,0.2886667847633362,0.00038566667353734374,0.2950034439563751,0.5308763384819031,0.000206535478355363,0.5339008569717407,0.007021464407444,-6.260708332061768,0.5057188868522644,0.0001104443144868128,0.49701276421546936,0.008706122636795044,-3.293416976928711,0.9871903657913208,0.0023044110275804996,1.0,0.0128096342086792,-2.081923723220825,0.31778407096862793,0.003167500486597419,0.33000001311302185,0.012215942144393921,-1.9349114894866943,0.8332683444023132,1.0,0.16673165559768677,0.053143128752708435,0.0,0.053143128752708435,0.026591841131448746,0.026591841131448746,0.0,1.0,-20.033161163330078,1784745837.8468585,6.985130310058594,,13.408487034659117,8.02578841685516,0.0,,False,1.087939739227295
41,0.0026616230607032776,1.175718438162221e-07,0.0030916070099920034,0.002085629850625992,1.0745629452912908e-07,0.002088207984343171,0.0004299916618037969,-13.377020835876465,0.29260963201522827,0.00038748435326851904,0.2997097373008728,0.5317554473876953,0.00020194756507407874,0.5337055325508118,0.007363038137555122,-6.269326210021973,0.5061269402503967,0.00010579993977444246,0.49715304374694824,0.008973896503448486,-3.277460813522339,0.9883501529693604,0.00227725924924016,1.0,0.011649847030639648,-2.093653917312622,0.3188853859901428,0.0031454565469175577,0.33000001311302185,0.011114627122879028,-1.9423227310180664,0.8134952187538147,1.0,0.1865047812461853,0.048670779913663864,0.0,0.048670779913663864,0.023753697052598,0.023753697052598,0.0,1.0,-20.031213760375977,1784745837.9540906,7.092362403869629,,14.302403872848593,8.278051274172903,0.0,,False,1.087939739227295
42,0.002699262462556362,1.1709605729492978e-07,0.003313738387078047,0.002125586848706007,1.0726112975589785e-07,0.002232184400781989,0.0006236534682102501,-12.501020431518555,0.2964766323566437,0.0003889306972268969,0.3053326904773712,0.5328716039657593,0.00019823029288090765,0.5348948240280151,0.009084227494895458,-6.240065574645996,0.5066508054733276,0.00010174205817747861,0.4971855580806732,0.009465247392654419,-3.237311601638794,0.9895946979522705,0.0022521289065480232,1.0,0.010405302047729492,-2.104963779449463,0.32006287574768066,0.0031242978293448687,0.33000001311302185,0.009937137365341187,-1.9495313167572021,0.7912276387214661,1.0,0.20877236127853394,0.044570159167051315,0.0,0.044570159167051315,0.021219825372099876,0.021219825372099876,0.0,1.0,-19.11172866821289,1784745838.0591834,7.197455167770386,,14.276835618874983,8.53752271722978,0.0,,False,1.087939739227295
43,0.002736701164394617,1.1620164741543704e-07,0.0027065319009125233,0.002172560431063175,1.0682818185614451e-07,0.0018171302508562803,0.0003567083040252328,-13.57691764831543,0.3009560704231262,0.00038880130159668624,0.3094177544116974,0.5345227718353271,0.00019441025506239384,0.5348465442657471,0.008467876352369785,-6.268766403198242,0.5074843168258667,9.744590352056548e-05,0.49712955951690674,0.010354757308959961,-3.1490111351013184,0.9911586046218872,0.0022119679488241673,1.0,0.008841395378112793,-2.1203277111053467,0.3206304907798767,0.0030970170628279448,0.33000001311302185,0.009369522333145142,-1.955546498298645,0.7643858194351196,1.0,0.23561418056488037,0.04064883291721344,0.0,0.04064883291721344,0.018861165270209312,0.018861165270209312,0.0,1.0,-20.16643524169922,1784745838.1534061,7.291677951812744,,15.305973938387702,8.803009341828101,0.0,,False,1.087939739227295
44,0.002790563739836216,1.147725399164301e-07,0.0033028775360435247,0.0022252951748669147,1.056730880577561e-07,0.002217290922999382,0.0005123763112351298,-13.040018081665039,0.30680686235427856,0.0003878168645314872,0.31509968638420105,0.5365097522735596,0.00018967901996802539,0.5344468355178833,0.008545557968318462,-6.27481746673584,0.5085164308547974,9.206876711687073e-05,0.4972316026687622,0.011284828186035156,-3.0359604358673096,0.993075966835022,0.002156581962481141,1.0,0.006924033164978027,-2.139561414718628,0.3196946382522583,0.0030634417198598385,0.33000001311302185,0.01030537486076355,-1.9578359127044678,0.7285299301147461,1.0,0.2714700698852539,0.03658250719308853,0.0,0.03658250719308853,0.016485584899783134,0.016485584899783134,0.0,1.0,-19.577852249145508,1784745838.2578843,7.396156072616577,,15.746529265346709,9.070785380832245,0.0,,False,1.087939739227295
45,0.0028750021010637283,1.1231288965518615e-07,0.0027714588213711977,0.0022962200455367565,1.0332322375461445e-07,0.0018589624669402838,0.00044934998732060194,-13.232860565185547,0.31643354892730713,0.0003859009884763509,0.3191159665584564,0.5383929014205933,0.0001811902184272185,0.5343173742294312,0.004879066254943609,-6.344910621643066,0.5094871520996094,8.349734707735479e-05,0.4974684715270996,0.012018680572509766,-2.91141939163208,0.9950611591339111,0.002069816691800952,1.0,0.004938840866088867,-2.1653170585632324,0.3181923031806946,0.00300293299369514,0.33000001311302185,0.01180770993232727,-1.9619301557540894,0.6687530875205994,1.0,0.33124691247940063,0.031167542561888695,0.0,0.031167542561888695,0.013441268354654312,0.013441268354654312,0.0,1.0,-19.764497756958008,1784745838.3426173,7.480889081954956,,16.373730100118216,9.34265566288601,0.0,,False,1.087939739227295
46,0.0029335529543459415,1.1144526013140421e-07,0.0034001986496150494,0.002326655201613903,1.0202739275655404e-07,0.0022841680329293013,0.00046857589040882885,-13.230180740356445,0.32236599922180176,0.00038992988993413746,0.32392337918281555,0.5374341011047363,0.00016931300342548639,0.5347001552581787,0.0031464092899113894,-6.403592109680176,0.5090810656547546,7.5881092925556e-05,0.49789658188819885,0.011184483766555786,-2.999965190887451,0.9949303865432739,0.002002105349674821,1.0,0.005069613456726074,-2.1814210414886475,0.31929638981819153,0.0029707495123147964,0.33000001311302185,0.010703623294830322,-1.9712494611740112,0.6310150623321533,1.0,0.3689849376678467,0.028680996969342232,0.0,0.028680996969342232,0.012092242017388344,0.012092242017388344,0.0,1.0,-19.853036880493164,1784745838.446909,7.585180759429932,,17.08947005842488,9.623845250359697,0.0,,False,1.087939739227295
47,0.002993263304233551,1.1175920633377245e-07,0.003525616368278861,0.0023579527623951435,1.0187726218191528e-07,0.002368211979046464,0.0005324519006535411,-12.946910858154297,0.328199565410614,0.00039627886144444346,0.3289361298084259,0.5363425612449646,0.00015922971942927688,0.531317949295044,0.005078312009572983,-6.371438503265381,0.5086460113525391,6.967607623664662e-05,0.4980503022670746,0.010595709085464478,-3.0612380504608154,0.9945138692855835,0.0019512533908709884,1.0,0.005486130714416504,-2.192990779876709,0.3210366368293762,0.0029657266568392515,0.33000001311302185,0.00896337628364563,-1.9778330326080322,0.5938336253166199,1.0,0.4061663746833801,0.026565397158265114,0.0,0.026565397158265114,0.010970369912683964,0.010970369912683964,0.0,1.0,-19.57468032836914,1784745838.5559866,7.694258451461792,,17.52685346460752,9.911618409267405,0.0,,False,1.087939739227295
48,0.0030567804351449013,1.1330551075161566e-07,0.0034743533469736576,0.0023898195941001177,1.0275430639694605e-07,0.002345240442082286,0.00041994574712589383,-13.425048828125,0.33394816517829895,0.0004052103322464973,0.334884911775589,0.5349563956260681,0.00015067937783896923,0.5264631509780884,0.008544746786355972,-6.22740364074707,0.5080629587173462,6.455515540437773e-05,0.49806633591651917,0.009996622800827026,-3.1310479640960693,0.9939982891082764,0.0019171347375959158,1.0,0.006001710891723633,-2.2001287937164307,0.32286107540130615,0.0029895815532654524,0.33000001311302185,0.007138937711715698,-1.9788488149642944,0.5596742630004883,1.0,0.4403257369995117,0.02505437470972538,0.0,0.02505437470972538,0.01018434762954712,0.01018434762954712,0.0,1.0,-19.97249412536621,1784745838.661287,7.799558877944946,,18.36205066778723,10.200407350531375,0.0,,False,1.087939739227295
49,0.0031323451548814774,1.1682228517884141e-07,0.0029614404775202274,0.002421775832772255,1.0497021207811486e-07,0.0019903609063476324,0.0004640336846932769,-13.166679382324219,0.34006810188293457,0.0004184068238828331,0.33918488025665283,0.5330697298049927,0.000143933022627607,0.5264190435409546,0.006709076464176178,-6.320146560668945,0.5072107315063477,6.041866436135024e-05,0.49801480770111084,0.009195923805236816,-3.23834228515625,0.9933726787567139,0.001910543185658753,1.0,0.006627321243286133,-2.199751138687134,0.32571303844451904,0.0030520078726112843,0.33000001311302185,0.004286974668502808,-1.9740283489227295,0.5268758535385132,1.0,0.4731241464614868,0.023798808455467224,0.0,0.023798808455467224,0.009541272185742855,0.009541272185742855,0.0,1.0,-19.841968536376953,1784745838.7452204,7.8834922313690186,,19.066722281977682,10.48437582575378,0.0,,False,1.087939739227295
50,0.003199236933141947,1.2069816079929296e-07,0.003571081906557083,0.002450271975249052,1.0760176394342125e-07,0.002393492264673114,0.0003761550469789654,-13.561756134033203,0.3456013798713684,0.0004306474875193089,0.34443187713623047,0.5315247178077698,0.00013869593385607004,0.5270200967788696,0.004653960466384888,-6.404107093811035,0.506580650806427,5.7230925449403e-05,0.4980969727039337,0.008483678102493286,-3.3364768028259277,0.9930431842803955,0.001902237068861723,1.0,0.006956815719604492,-2.200702667236328,0.328033983707428,0.003117261454463005,0.33000001311302185,0.001966029405593872,-1.9658417701721191,0.4996516704559326,1.0,0.5003483295440674,0.023049838840961456,0.0,0.023049838840961456,0.009162139147520065,0.009162139147520065,0.0,1.0,-20.35327911376953,1784745838.8501105,7.988382339477539,,20.282704473560713,10.760157722225575,0.0,,False,1.087939739227295
51,0.003262924961745739,1.2468579768665222e-07,0.003797108307480812,0.002491638995707035,1.1047473691405685e-07,0.002536321058869362,0.0005360488430596888,-12.966775894165039,0.3515860438346863,0.00044172932393848896,0.35058701038360596,0.530515193939209,0.00013394923007581383,0.5276775360107422,0.0030083833262324333,-6.452367782592773,0.5062673091888428,5.4242784244706854e-05,0.49877017736434937,0.007497131824493408,-3.473975896835327,0.993100643157959,0.001889619743451476,1.0,0.006899356842041016,-2.204155683517456,0.3306208848953247,0.0031912506092339754,0.33000001311302185,0.0006208717823028564,-1.9546723365783691,0.4706248939037323,1.0,0.5293750762939453,0.02220672182738781,0.0,0.02220672182738781,0.00873945839703083,0.00873945839703083,0.0,1.0,-19.865657806396484,1784745838.965304,8.103575706481934,,21.011065357770697,11.02477018510362,0.0,,False,1.087939739227295
52,0.0033146566711366177,1.2858387776759628e-07,0.0032092693727463484,0.0025477143935859203,1.1360326368503593e-07,0.0021369298920035362,0.0004240877169650048,-13.304864883422852,0.3574668765068054,0.0004504281096160412,0.35461321473121643,0.5302250385284424,0.00013048302207607776,0.5326465368270874,0.003742597997188568,-6.455404281616211,0.5063358545303345,5.180634980206378e-05,0.49914467334747314,0.007191181182861328,-3.515960454940796,0.9936048984527588,0.0018788168672472239,1.0,0.006395101547241211,-2.2087340354919434,0.3335030674934387,0.003277675248682499,0.33000001311302185,0.00350305438041687,-1.939500093460083,0.4426645338535309,1.0,0.5573354959487915,0.021452846005558968,0.0,0.021452846005558968,0.008365281857550144,0.008365281857550144,0.0,1.0,-20.227169036865234,1784745839.0539298,8.192201614379883,,22.10093747244943,11.274210404863378,0.0,,False,1.087939739227295
53,0.0033584795892238617,1.3348940797186515e-07,0.003765815868973732,0.002622483763843775,1.1781791897647054e-07,0.0025100549682974815,0.00042256724555045366,-13.378681182861328,0.3638567328453064,0.00045763058005832136,0.36018869280815125,0.5310600399971008,0.00012855386012233794,0.533537745475769,0.004426459316164255,-6.447851181030273,0.5070763826370239,4.999236989533529e-05,0.4996802806854248,0.007396101951599121,-3.485774517059326,0.9946420192718506,0.0018653749721124768,1.0,0.005357980728149414,-2.215512990951538,0.33769798278808594,0.0034062948543578386,0.33000001311302185,0.007697969675064087,-1.9134281873703003,0.41440582275390625,1.0,0.5855941772460938,0.020709462463855743,0.0,0.020709462463855743,0.007999875582754612,0.007999875582754612,0.0,1.0,-20.279850006103516,1784745839.159992,8.298263788223267,,23.243490556366446,11.497578718533354,0.0,,False,1.087939739227295
54,0.0034028668887913227,1.4175250839798537e-07,0.0031723047140985727,0.002732721157371998,1.24378985333351e-07,0.0021158717572689056,0.0006585302762687206,-12.279561996459961,0.37161344289779663,0.00046372757060453296,0.3644739091396332,0.5331948399543762,0.0001276377879548818,0.5277823209762573,0.00895925797522068,-6.313666820526123,0.5087805986404419,4.888174953521229e-05,0.5004626512527466,0.008317947387695312,-3.336404323577881,0.9955756664276123,0.0018672483274713159,1.0,0.004424333572387695,-2.2174646854400635,0.3503938913345337,0.0037071704864501953,0.33000001311302185,0.02039387822151184,-1.8237093687057495,0.3909905254840851,1.0,0.6090095043182373,0.019663196057081223,0.0,0.019663196057081223,0.007491738069802523,0.007491738069802523,0.0,1.0,-18.99869728088379,1784745839.2440975,8.38236927986145,,23.104890915063734,11.63122821353878,0.0,,False,1.087939739227295
55,0.003442988730967045,1.4406325021809607e-07,0.00387248070910573,0.0027587367221713066,1.2564548512727924e-07,0.002587587106972933,0.00046233704779297113,-13.226747512817383,0.37444114685058594,0.00046971256961114705,0.3696731626987457,0.5322480797767639,0.00012646267714444548,0.5244519114494324,0.009138594381511211,-6.217090606689453,0.5082105398178101,4.8046782467281446e-05,0.5015075206756592,0.006703019142150879,-3.5851593017578125,0.9951961040496826,0.0018751033348962665,1.0,0.004803895950317383,-2.21445369720459,0.351155161857605,0.003765040310099721,0.33000001311302185,0.02115514874458313,-1.8126262426376343,0.3855527937412262,1.0,0.6144472360610962,0.019771721214056015,0.0,0.019771721214056015,0.007544105406850576,0.007544105406850576,1.0,1.0,-19.993000030517578,1784745839.3504186,8.488690376281738,,23.960594023394812,11.75379458247609,0.0,,False,1.087939739227295
56,0.0034824195317924023,1.4206939624727966e-07,0.003989247139543295,0.002807711949571967,1.2388635184379382e-07,0.00266786920838058,0.000525766285136342,-13.014575958251953,0.378944456577301,0.00046446232590824366,0.37579330801963806,0.5317181348800659,0.00012216245522722602,0.5237888097763062,0.00853252224624157,-6.236489295959473,0.5081053376197815,4.553697363007814e-05,0.5015942454338074,0.006511092185974121,-3.614061117172241,0.9963119029998779,0.001822110265493393,1.0,0.0036880970001220703,-2.2312090396881104,0.34527158737182617,0.0037098797038197517,0.33000001311302185,0.015271574258804321,-1.848007082939148,0.38711103796958923,1.0,0.6128889322280884,0.02071385458111763,0.0,0.02071385458111763,0.008002025075256824,0.008002025075256824,1.0,1.0,-19.8107967376709,1784745839.4561088,8.594380617141724,,24.63409383887921,11.911741791714913,0.0,,False,1.087939739227295
57,0.0035235444083809853,1.417614186038918e-07,0.00329349422827363,0.0028296278323978186,1.2334848520367814e-07,0.0022019667085260153,0.0006684920517727733,-12.21721363067627,0.3828534483909607,0.0004651281633414328,0.3801783323287964,0.5316952466964722,0.00011844746768474579,0.5210461020469666,0.01098000630736351,-6.032837867736816,0.5081472396850586,4.368289592093788e-05,0.5009836554527283,0.007163584232330322,-3.512958288192749,0.995985746383667,0.0018003711011260748,1.0,0.004014253616333008,-2.2364675998687744,0.34240734577178955,0.0036985892802476883,0.33000001311302185,0.0124073326587677,-1.8601526021957397,0.3792567849159241,1.0,0.6207432150840759,0.020598428323864937,0.0,0.020598428323864937,0.007945605553686619,0.007945605553686619,1.0,1.0,-18.799962997436523,1784745839.5397239,8.677995681762695,,24.296759914129233,12.081834520210329,0.0,,False,1.087939739227295
58,0.003570479340851307,1.4261108560731373e-07,0.004028845578432083,0.002843848429620266,1.2351874545402097e-07,0.002688715234398842,0.0004839069442823529,-13.163093566894531,0.38620907068252563,0.00046881509479135275,0.3851361572742462,0.5312842726707458,0.00011585218453546986,0.5185847282409668,0.012744786217808723,-5.8290910720825195,0.5079582929611206,4.234506195643917e-05,0.5004618763923645,0.0074964165687561035,-3.4523394107818604,0.99574875831604,0.0017973717767745256,1.0,0.004251241683959961,-2.2367489337921143,0.34068822860717773,0.0036807998549193144,0.33000001311302185,0.010688215494155884,-1.8678560256958008,0.3696330189704895,1.0,0.6303669810295105,0.020276617258787155,0.0,0.020276617258787155,0.007788775023072958,0.007788775023072958,1.0,1.0,-19.552536010742188,1784745839.6460586,8.784330368041992,,24.71199900268492,12.259630672205805,0.0,,False,1.087939739227295
59,0.003619553055614233,1.4369719281148718e-07,0.004001501947641373,0.0028617577627301216,1.2395587134506059e-07,0.0026654808316379786,0.0004294293757993728,-13.328563690185547,0.3895767331123352,0.0004728259227704257,0.3897656500339508,0.530754804611206,0.00011360045027686283,0.5196275115013123,0.011128896847367287,-5.986922264099121,0.5077193975448608,4.114851981285028e-05,0.5005093812942505,0.0072100162506103516,-3.4985556602478027,0.9957499504089355,0.001794177107512951,1.0,0.004250049591064453,-2.2376320362091064,0.3395680785179138,0.003656510729342699,0.33000001311302185,0.009568065404891968,-1.8741660118103027,0.35809099674224854,1.0,0.6419090032577515,0.019797638058662415,0.0,0.019797638058662415,0.007556622382253408,0.007556622382253408,1.0,1.0,-19.86737823486328,1784745839.7523096,8.890581369400024,,25.4420803153617,12.443736810315784,0.0,,False,1.087939739227295
60,0.0036672945134341717,1.447464228476747e-07,0.004206261597573757,0.002878334606066346,1.2451454267647932e-07,0.0027883423026651144,0.0005464285495691001,-12.949735641479492,0.39300739765167236,0.00047680491115897894,0.39517244696617126,0.5304312109947205,0.0001115427803597413,0.5196042656898499,0.011041294783353806,-6.006499290466309,0.5076263546943665,4.009264739579521e-05,0.500615656375885,0.007010698318481445,-3.530266046524048,0.9960509538650513,0.0017863730899989605,1.0,0.0039490461349487305,-2.240480422973633,0.33863669633865356,0.003633464453741908,0.33000001311302185,0.008636683225631714,-1.879581093788147,0.3460516631603241,1.0,0.6539483070373535,0.01920291781425476,0.0,0.01920291781425476,0.007270528003573418,0.007270528003573418,1.0,1.0,-19.520069122314453,1784745839.857378,8.995649814605713,,25.824852515489653,12.633258030403606,0.0,,False,1.087939739227295
61,0.0037170778959989548,1.4623886102071992e-07,0.0035813681315630674,0.0028934592846781015,1.2538495752778545e-07,0.002377911703661084,0.0005331101710908115,-12.854211807250977,0.3966226875782013,0.0004814389976672828,0.39902186393737793,0.5302116870880127,0.00010970581934088841,0.5211015343666077,0.009420771151781082,-6.156103134155273,0.5076155066490173,3.911933526978828e-05,0.5006851553916931,0.006930351257324219,-3.5416202545166016,0.9965126514434814,0.0017795785097405314,1.0,0.0034873485565185547,-2.2433338165283203,0.33782660961151123,0.0036225062794983387,0.33000001311302185,0.00782659649848938,-1.8829011917114258,0.3331788182258606,1.0,0.6668211817741394,0.018584685400128365,0.0,0.018584685400128365,0.006975699681788683,0.006975699681788683,1.0,1.0,-19.549903869628906,1784745839.9542627,9.09253454208374,,26.23745946293206,12.826099348414708,0.0,,False,1.087939739227295
62,0.003762276377528906,1.4770604650493624e-07,0.004380580969154835,0.0029051401652395725,1.2630179924144613e-07,0.0029124640859663486,0.0006183479563333094,-12.674100875854492,0.400256484746933,0.0004859150794800371,0.4044328033924103,0.53011554479599,0.00010824277705978602,0.5217777490615845,0.009325259365141392,-6.2033562660217285,0.5076805353164673,3.8272195524768904e-05,0.5008188486099243,0.006861686706542969,-3.5513510704040527,0.997329592704773,0.0017727650701999664,1.0,0.0026704072952270508,-2.246657371520996,0.33683204650878906,0.0036206822842359543,0.33000001311302185,0.006832033395767212,-1.8851619958877563,0.32203206419944763,1.0,0.67796790599823,0.018186155706644058,0.0,0.018186155706644058,0.006787064019590616,0.006787064019590616,1.0,1.0,-19.412460327148438,1784745840.0606585,9.198930263519287,,26.512622867893995,13.02120147060214,0.0,,False,1.087939739227295
63,0.0037981956265866756,1.5016289012237394e-07,0.003444607136771083,0.0029294630512595177,1.280874357689754e-07,0.002288561314344406,0.000731969834305346,-11.93345832824707,0.4047991633415222,0.0004911890137009323,0.4083559215068817,0.5301618576049805,0.0001069830177584663,0.5196975469589233,0.01105225458741188,-6.0182342529296875,0.5078157782554626,3.744611967704259e-05,0.501110851764679,0.006704926490783691,-3.5770888328552246,0.9983154535293579,0.0017579294508323073,1.0,0.0016845464706420898,-2.252063512802124,0.33643871545791626,0.003671271027997136,0.33000001311302185,0.006438702344894409,-1.8790240287780762,0.3088659942150116,1.0,0.691133975982666,0.017864685505628586,0.0,0.017864685505628586,0.006635729689151049,0.006635729689151049,1.0,1.0,-18.536590576171875,1784745840.1454318,9.283703565597534,,25.91191652187937,13.210165625679892,0.0,,False,1.087939739227295
64,0.0038833278231322765,1.6091058796519064e-07,0.004377366043627262,0.0029395143501460552,1.3229877993126138e-07,0.0029088167939335108,0.0004949910216964781,-13.140457153320312,0.4179001450538635,0.0005057753878645599,0.4130639135837555,0.5276780128479004,0.00010544843826210126,0.5186881422996521,0.01020817831158638,-6.129144191741943,0.5063623785972595,3.638981070253067e-05,0.5011121034622192,0.005250275135040283,-3.8129208087921143,0.9964793920516968,0.0017217911081388593,1.0,0.0035206079483032227,-2.259657144546509,0.35015082359313965,0.004274745937436819,0.33000001311302185,0.020150810480117798,-1.7610820531845093,0.34155821800231934,1.0,0.6584417819976807,0.0217368733137846,0.0,0.0217368733137846,0.008505831472575665,0.008505831472575665,1.0,1.0,-19.950233459472656,1784745840.2532182,9.39148998260498,,26.724853059165525,13.281187805164077,0.0,,False,1.087939739227295
65,0.0039022727869451046,1.6269484603981255e-07,0.004397634882479906,0.0029564672149717808,1.3348670790946926e-07,0.0029180680867284536,0.0004968481371179223,-13.132803916931152,0.4198005199432373,0.0005093379295431077,0.41853857040405273,0.5267723798751831,0.00010485327948117629,0.518308162689209,0.008557773195207119,-6.191598892211914,0.5058700442314148,3.59410623786971e-05,0.5010355710983276,0.004834473133087158,-3.8727312088012695,0.9966273307800293,0.0017227241769433022,1.0,0.003372669219970703,-2.2596843242645264,0.3461713194847107,0.00422125356271863,0.33000001311302185,0.016171306371688843,-1.7838975191116333,0.3300662934780121,1.0,0.6699336767196655,0.021789763122797012,0.0,0.021789763122797012,0.008532063104212284,0.008532063104212284,1.0,1.0,-20.02244758605957,1784745840.3575501,9.495821952819824,,27.610003723038595,13.375025450575386,0.0,,False,1.087939739227295
66,0.003932686988264322,1.6490342602537567e-07,0.0038035453762859106,0.0029633648227900267,1.3472578075379715e-07,0.0025225142017006874,0.0004593765770550817,-13.109243392944336,0.4215911626815796,0.0005129424971528351,0.4224648177623749,0.5260883569717407,0.00010451418347656727,0.51752108335495,0.008611704222857952,-6.18100643157959,0.5055246353149414,3.5586046578828245e-05,0.5009722113609314,0.00455242395401001,-3.9116504192352295,0.9969555139541626,0.001726415823213756,1.0,0.0030444860458374023,-2.259230852127075,0.3415369689464569,0.004164712503552437,0.33000001311302185,0.011536955833435059,-1.805635929107666,0.31980612874031067,0.0,0.31980612874031067,0.022083710879087448,0.0,0.022083710879087448,0.00867815874516964,0.00867815874516964,1.0,1.0,-20.00987434387207,1784745840.4439626,9.582234382629395,,28.482581144724165,13.490601505982728,0.0,,False,1.087939739227295
67,0.003958309534937143,1.6804979452444968e-07,0.004402064252644777,0.0029874006286263466,1.3537142251607293e-07,0.0029221924487501383,0.00044852017890661955,-13.26764965057373,0.42508605122566223,0.0005182195454835892,0.42705821990966797,0.5246922373771667,0.0001037192705553025,0.5180527567863464,0.006926193367689848,-6.3153276443481445,0.504604160785675,3.4696455259108916e-05,0.5010109543800354,0.0035932064056396484,-4.029439449310303,0.9971729516983032,0.0017308718524873257,1.0,0.0028270483016967773,-2.258317708969116,0.3399529457092285,0.0041168308816850185,0.33000001311302185,0.009952932596206665,-1.8153660297393799,0.2885825037956238,0.0,0.2885825037956238,0.02029659040272236,0.0,0.02029659040272236,0.0077984873205423355,0.0077984873205423355,1.0,1.0,-20.334630966186523,1784745840.5490205,9.687292337417603,,29.679915188724188,13.615907662021783,0.0,,False,1.087939739227295
68,0.003987440839409828,1.6853860529408848e-07,0.004457335453480482,0.0030138175934553146,1.3548780941619043e-07,0.002953795250505209,0.0004737126000691205,-13.199024200439453,0.4285416007041931,0.0005163567839190364,0.43163013458251953,0.5236852765083313,0.00010209532047156245,0.5183206796646118,0.006190148647874594,-6.3911027908325195,0.5040028691291809,3.3632841223152354e-05,0.5010169148445129,0.0029859542846679688,-4.098517417907715,0.9965343475341797,0.0017049814341589808,1.0,0.0034656524658203125,-2.2646400928497314,0.3358892798423767,0.0040175397880375385,0.33000001311302185,0.005889266729354858,-1.8352878093719482,0.2699447274208069,0.0,0.2699447274208069,0.01993435248732567,0.0,0.01993435248732567,0.007622729055583477,0.007622729055583477,1.0,1.0,-20.36116600036621,1784745840.6536393,9.791911125183105,,30.903784266903898,13.761135597693407,0.0,,False,1.087939739227295
69,0.004019856918603182,1.721276134958316e-07,0.004632316529750824,0.0030443069990724325,1.378328136070195e-07,0.003077043453231454,0.0006133338902145624,-12.754743576049805,0.4322013258934021,0.0005191220552660525,0.4369697868824005,0.522784411907196,0.0001013898363453336,0.518310546875,0.006538630463182926,-6.42147159576416,0.5034955143928528,3.3006177545757964e-05,0.5009585618972778,0.002536952495574951,-4.142970561981201,0.9958689212799072,0.001695919781923294,1.0,0.0041310787200927734,-2.2657949924468994,0.33171406388282776,0.003957858309149742,0.33000001311302185,0.0017140507698059082,-1.8467164039611816,0.2547624111175537,0.0,0.2547624111175537,0.019918881356716156,0.0,0.019918881356716156,0.007615244016051292,0.007615244016051292,1.0,1.0,-19.963407516479492,1784745840.7585368,9.896808624267578,,31.72989486119689,13.917792127954264,0.0,,False,1.087939739227295
70,0.004062864929437637,1.769508912730089e-07,0.0038054888136684895,0.0030694487504661083,1.409424328358e-07,0.0025281321723014116,0.0005993880913592875,-12.59658432006836,0.4356995224952698,0.0005230639944784343,0.44058141112327576,0.5219290256500244,0.00010131851013284177,0.5180795788764954,0.006216999143362045,-6.4427385330200195,0.503052294254303,3.257751086493954e-05,0.500916600227356,0.0021356940269470215,-4.177000045776367,0.9956083297729492,0.0016967717092484236,1.0,0.004391670227050781,-2.264892101287842,0.32739073038101196,0.003898284863680601,0.33000001311302185,0.0026092827320098877,-1.8537976741790771,0.24231311678886414,0.0,0.24231311678886414,0.02018778957426548,0.0,0.02018778957426548,0.007745606359094381,0.007745606359094381,1.0,1.0,-19.839275360107422,1784745840.8434575,9.98172926902771,,32.43187329911781,14.081529928433017,0.0,,False,1.087939739227295
71,0.004100770689547062,1.8176264404701215e-07,0.004772540181875229,0.0030871641356498003,1.4407909532110352e-07,0.003163078101351857,0.0006760452524758875,-12.537473678588867,0.438700407743454,0.000526979798451066,0.44549188017845154,0.5210995078086853,0.00010153892071684822,0.5180491805076599,0.007445038296282291,-6.44425106048584,0.5026211142539978,3.228290006518364e-05,0.5008722543716431,0.0017488598823547363,-4.204177379608154,0.9955670833587646,0.001701576285995543,1.0,0.0044329166412353516,-2.263387441635132,0.3226698040962219,0.003844956634566188,0.33000001311302185,0.007330209016799927,-1.854570746421814,0.23320339620113373,0.0,0.23320339620113373,0.020728357136249542,0.0,0.020728357136249542,0.008009121753275394,0.008009121753275394,0.0,1.0,-19.794963836669922,1784745840.9512773,10.08954906463623,,33.08954021360123,14.246040801154507,0.0,,False,1.087939739227295
72,0.004135766066610813,1.8899723386311962e-07,0.004206340294331312,0.0031073405407369137,1.482331555280325e-07,0.0027901020366698503,0.0003249938308726996,-13.41248607635498,0.44391265511512756,0.0005385776748880744,0.44901832938194275,0.5225711464881897,9.997542656492442e-05,0.5180310010910034,0.0068323370069265366,-6.403414726257324,0.5029590129852295,3.18488382617943e-05,0.5008875131607056,0.0020714998245239258,-4.190948963165283,0.9927811622619629,0.0016882371855899692,1.0,0.007218837738037109,-2.257662773132324,0.33016639947891235,0.003954571206122637,0.33000001311302185,0.00016638636589050293,-1.8474996089935303,0.21420839428901672,0.0,0.21420839428901672,0.018876560032367706,0.0,0.018876560032367706,0.007114561274647713,0.007114561274647713,0.0,1.0,-20.630691528320312,1784745841.0470486,10.185320377349854,,34.582934819735044,14.403480536447713,0.0,,False,1.087939739227295
73,0.0042061279527843,1.9980957688403578e-07,0.004658704157918692,0.0031416735146194696,1.5503533745686582e-07,0.0030931495130062103,0.0004551700840238482,-13.194734573364258,0.4488927721977234,0.0005525628221221268,0.4533190429210663,0.5234709978103638,0.0001003154757199809,0.5182375311851501,0.006854271981865168,-6.361947059631348,0.5032752752304077,3.1813240639166906e-05,0.5010074377059937,0.0022678375244140625,-4.178042888641357,0.9905107021331787,0.0016995896585285664,1.0,0.009489297866821289,-2.243255138397217,0.3329200744628906,0.004110132344067097,0.33000001311302185,0.0029200613498687744,-1.827174186706543,0.19845350086688995,0.0,0.19845350086688995,0.017828963696956635,0.0,0.017828963696956635,0.006618956103920937,0.006618956103920937,0.0,1.0,-20.373313903808594,1784745841.1527305,10.29100227355957,,35.81895180135714,14.540594849453932,0.0,,False,1.087939739227295
74,0.0042782798409461975,2.1191641508266912e-07,0.004914736840873957,0.0031787792686372995,1.6294858085075248e-07,0.003268094500526786,0.0006426933105103672,-12.680349349975586,0.4540836811065674,0.0005650934181176126,0.45835307240486145,0.5245234966278076,0.0001008685358101502,0.5183677673339844,0.00749137531965971,-6.298267364501953,0.50380539894104,3.1940271583152935e-05,0.5009967088699341,0.002808690071105957,-4.133390426635742,0.9897327423095703,0.0016972365556284785,1.0,0.010267257690429688,-2.2393832206726074,0.3335762619972229,0.004286122974008322,0.33000001311302185,0.00357624888420105,-1.8057557344436646,0.18590395152568817,0.0,0.18590395152568817,0.017068814486265182,0.0,0.017068814486265182,0.006264280527830124,0.006264280527830124,0.0,1.0,-19.785659790039062,1784745841.2592804,10.397552251815796,,36.4673146692097,14.656290710197272,0.0,,False,1.087939739227295
75,0.004341186489909887,2.2238796759666002e-07,0.003996959421783686,0.003210155526176095,1.6969079297268763e-07,0.002654818119481206,0.0006533696432597935,-12.441068649291992,0.4582914412021637,0.000574798381421715,0.4617309272289276,0.525547444820404,0.000101808640465606,0.5182154774665833,0.008098630234599113,-6.214771747589111,0.5043556094169617,3.210084105376154e-05,0.5009173154830933,0.003438293933868408,-4.070239067077637,0.9895638227462769,0.0017053160117939115,1.0,0.010436177253723145,-2.236130475997925,0.3349722921848297,0.004430470522493124,0.33000001311302185,0.004972279071807861,-1.7878960371017456,0.17584393918514252,0.0,0.17584393918514252,0.016349351033568382,0.0,0.016349351033568382,0.005932536907494068,0.005932536907494068,0.0,1.0,-19.44800567626953,1784745841.3438091,10.482080936431885,,36.77802342329273,14.754126873598693,0.0,,False,1.087939739227295
76,0.004398520104587078,2.3167466167706152e-07,0.005052071996033192,0.003231547074392438,1.7539814223255235e-07,0.0033507095649838448,0.0006643265369348228,-12.61688232421875,0.4618668556213379,0.0005836008349433541,0.4662867486476898,0.5262957811355591,0.00010270793427480385,0.517799437046051,0.00957722868770361,-6.108920097351074,0.5047670006752014,3.2233321690000594e-05,0.5009204149246216,0.003846585750579834,-4.022799015045166,0.989372968673706,0.001717537408694625,1.0,0.010627031326293945,-2.231616735458374,0.33659395575523376,0.004563037771731615,0.3296777307987213,0.006916224956512451,-1.7707033157348633,0.16878384351730347,0.0,0.16878384351730347,0.015789473429322243,0.0,0.015789473429322243,0.005677106324583292,0.005677106324583292,0.0,1.0,-19.515419006347656,1784745841.4497488,10.58802056312561,,37.156145507453886,14.834770315633232,0.0,,False,1.087939739227295
77,0.00445954967290163,2.418113353996887e-07,0.004024520516395569,0.003259786404669285,1.8162100445806573e-07,0.0026686834171414375,0.0007339299190789461,-12.187129974365234,0.46575868129730225,0.0005925472942180932,0.46953797340393066,0.5268824100494385,0.00010340918379370123,0.5178894400596619,0.00975482165813446,-6.062982559204102,0.5051294565200806,3.229213325539604e-05,0.5009980797767639,0.00413137674331665,-3.9871256351470947,0.9893126487731934,0.0017220560694113374,1.0,0.01068735122680664,-2.230015993118286,0.3371480703353882,0.004692616872489452,0.33000001311302185,0.007148057222366333,-1.7564997673034668,0.16361640393733978,0.0,0.16361640393733978,0.01557394303381443,0.0,0.01557394303381443,0.005579425022006035,0.005579425022006035,0.0,1.0,-19.031078338623047,1784745841.5434606,10.681732416152954,,37.04992692389043,14.901210209236375,0.0,,False,1.087939739227295
78,0.004522945731878281,2.5264191094720445e-07,0.004962143022567034,0.0032848473638296127,1.880173527979423e-07,0.0032876755576580763,0.0004392064001876861,-13.119359016418457,0.46980518102645874,0.000602999294642359,0.4735207259654999,0.5270166397094727,0.00010395451681688428,0.5184771418571472,0.00931280292570591,-6.092507362365723,0.5052413940429688,3.229974026908167e-05,0.5011227130889893,0.004118680953979492,-3.988691568374634,0.9891337156295776,0.0017259403830394149,1.0,0.010866284370422363,-2.227846622467041,0.33745014667510986,0.004825035110116005,0.33000001311302185,0.007450133562088013,-1.7422783374786377,0.15970495343208313,0.0,0.15970495343208313,0.015440478920936584,0.0,0.015440478920936584,0.005519121419638395,0.005519121419638395,0.0,1.0,-19.98771095275879,1784745841.6479537,10.78622555732727,,37.90034095446272,14.953428673014688,0.0,,False,1.087939739227295
79,0.004581354092806578,2.631742006542481e-07,0.004956971853971481,0.003316456452012062,1.9448452803771943e-07,0.0032829763367772102,0.00037710691685788333,-13.192870140075684,0.4737955927848816,0.00061365234432742,0.47761428356170654,0.5270253419876099,0.00010447442764416337,0.5189104676246643,0.008968477137386799,-6.116411209106445,0.5052772760391235,3.2267758797388524e-05,0.5013481378555298,0.00392913818359375,-4.012563228607178,0.9891929626464844,0.0017290052492171526,1.0,0.010807037353515625,-2.2273917198181152,0.33809101581573486,0.0049490854144096375,0.33000001311302185,0.008091002702713013,-1.7287241220474243,0.15597805380821228,0.0,0.15597805380821228,0.015323065221309662,0.0,0.015323065221309662,0.005466185975819826,0.005466185975819826,0.0,1.0,-20.0922794342041,1784745841.7526286,10.890900373458862,,38.85532346648032,14.992092921361788,0.0,,False,1.087939739227295
80,0.004645504057407379,2.7457684836917906e-07,0.005023950710892677,0.0033469139598309994,2.0128933897467505e-07,0.003336602123454213,0.00037858710857108235,-13.16433334350586,0.4781421422958374,0.0006260809022933245,0.4824889600276947,0.5267522931098938,0.00010474174632690847,0.5191211700439453,0.008782303892076015,-6.139066219329834,0.505154013633728,3.21445768349804e-05,0.501409113407135,0.0037449002265930176,-4.035551071166992,0.9893581867218018,0.0017294649733230472,1.0,0.010641813278198242,-2.228292226791382,0.3386300802230835,0.005081635899841785,0.33000001311302185,0.008630067110061646,-1.714794397354126,0.15303097665309906,0.0,0.15303097665309906,0.015284650027751923,0.0,0.015284650027751923,0.0054488894529640675,0.0054488894529640675,0.0,1.0,-20.093360900878906,1784745841.856865,10.995136737823486,,39.81138744517273,15.01682744501559,0.0,,False,1.087939739227295
81,0.004712660796940327,2.871657613923162e-07,0.004511992912739515,0.0033775311894714832,2.0863382133029518e-07,0.0029984465800225735,0.0004289204371161759,-12.970561027526855,0.4828597903251648,0.0006398780969902873,0.4858824908733368,0.526286244392395,0.00010470340930623934,0.5191634893417358,0.007737593725323677,-6.172016143798828,0.5049325227737427,3.193058728356846e-05,0.5014552474021912,0.0034772753715515137,-4.067694664001465,0.9896904230117798,0.0017258276930078864,1.0,0.010309576988220215,-2.231292724609375,0.3393484950065613,0.005223907995969057,0.33000001311302185,0.009348481893539429,-1.699951410293579,0.15091998875141144,0.0,0.15091998875141144,0.015327871777117252,0.0,0.015327871777117252,0.00546835083514452,0.00546835083514452,0.0,2.0,-19.9420223236084,1784745841.9509788,11.089250564575195,,40.616112846594625,15.026718981608845,0.0,,False,1.087939739227295
82,0.004771905485540628,2.9951837632324896e-07,0.005519920960068703,0.0033816122449934483,2.1515873527278018e-07,0.0036676570307463408,0.0008008425356820226,-12.224425315856934,0.4873754382133484,0.0006529706297442317,0.4905540645122528,0.5261539220809937,0.00010460122575750574,0.5192287564277649,0.007619814947247505,-6.174811363220215,0.5048355460166931,3.168538387399167e-05,0.5015168190002441,0.0033187270164489746,-4.087087154388428,0.990563154220581,0.0016980395885184407,1.0,0.009436845779418945,-2.2439794540405273,0.34096449613571167,0.005491127725690603,0.33000001311302185,0.01096448302268982,-1.672425627708435,0.14455050230026245,0.0,0.14455050230026245,0.015018400736153126,0.0,0.015018400736153126,0.005329345818608999,0.005329345818608999,0.0,2.0,-19.20781707763672,1784745842.0563273,11.194599151611328,,40.68663300204484,15.009084735616955,0.0,,False,1.087939739227295
83,0.004826846066862345,3.0925525607017335e-07,0.004378539510071278,0.0034035188145935535,2.1946702588593325e-07,0.002902982523664832,0.0006719489465467632,-12.426980018615723,0.4921209216117859,0.0006627075490541756,0.493916392326355,0.5264816880226135,0.00010344508336856961,0.5194668769836426,0.007240945473313332,-6.1696696281433105,0.5050170421600342,3.0964092729846016e-05,0.5015631914138794,0.003453850746154785,-4.079774856567383,0.9922109842300415,0.0016615340718999505,1.0,0.007789015769958496,-2.2628114223480225,0.3458062410354614,0.005751756019890308,0.33000001311302185,0.015806227922439575,-1.6384681463241577,0.14457857608795166,0.0,0.14457857608795166,0.015034378506243229,0.0,0.015034378506243229,0.0053365034982562065,0.0053365034982562065,0.0,2.0,-19.402603149414062,1784745842.150429,11.288700819015503,,40.951939229272405,14.957493008240789,0.0,,False,1.087939739227295
84,0.004888179711997509,3.2209811706707114e-07,0.005092080216854811,0.0034347111359238625,2.2621270545641892e-07,0.0033838043455034494,0.00021015926904510707,-13.21695613861084,0.49720752239227295,0.0006777675589546561,0.4979060888290405,0.5264743566513062,0.0001032383443089202,0.5197604298591614,0.006750171072781086,-6.181036949157715,0.5049916505813599,3.0552284442819655e-05,0.5017572641372681,0.003234386444091797,-4.107894420623779,0.9933880567550659,0.001644396805204451,1.0,0.006611943244934082,-2.2729594707489014,0.35133975744247437,0.006142806261777878,0.33000001311302185,0.021339744329452515,-1.5902317762374878,0.14332731068134308,0.0,0.14332731068134308,0.014909039251506329,0.0,0.014909039251506329,0.005280406679958105,0.005280406679958105,0.0,2.0,-20.21573257446289,1784745842.2552264,11.393498182296753,,42.030374881548795,14.857664910777952,0.0,,False,1.087939739227295
85,0.004955068230628967,3.2293561957885686e-07,0.005274620372802019,0.00344510143622756,2.2548276490397257e-07,0.003511073300614953,0.0003262910759076476,-13.119787216186523,0.5022028088569641,0.0006789584876969457,0.5026418566703796,0.5273467302322388,0.00010263509466312826,0.5200337171554565,0.0073261805810034275,-6.141086101531982,0.5052739977836609,2.992244299093727e-05,0.5019019842147827,0.003372013568878174,-4.099513053894043,0.9954880475997925,0.001607250771485269,1.0,0.0045119524002075195,-2.2913434505462646,0.35235321521759033,0.006464233156293631,0.33000001311302185,0.02235320210456848,-1.5631484985351562,0.1420992612838745,0.0,0.1420992612838745,0.015492623671889305,0.0,0.015492623671889305,0.005542665719985962,0.005542665719985962,0.0,1.0,-20.082412719726562,1784745842.3605652,11.498836994171143,,42.97549067908886,14.730753535612784,0.0,,False,1.087939739227295
86,0.004992985166609287,3.3429680001972883e-07,0.004479080438613892,0.00351118971593678,2.3216396982661536e-07,0.0029902015812695026,0.0007317968993447721,-12.276084899902344,0.5063833594322205,0.0006924598128534853,0.5060283541679382,0.5269500613212585,0.00010288485646015033,0.5200942158699036,0.006865030620247126,-6.162188529968262,0.5052100419998169,2.9681685191462748e-05,0.5019486546516418,0.003261387348175049,-4.114372730255127,0.9941400289535522,0.0016425151843577623,1.0,0.005859971046447754,-2.276371479034424,0.35349130630493164,0.006486891768872738,0.33000001311302185,0.02349129319190979,-1.5575124025344849,0.14703354239463806,0.0,0.14703354239463806,0.016298456117510796,0.0,0.016298456117510796,0.005909217055886984,0.005909217055886984,0.0,1.0,-19.26302146911621,1784745842.4449787,11.583250522613525,,43.10121522601857,14.598206064446945,0.0,,False,1.087939739227295
87,0.00503206392750144,3.459778383785306e-07,0.0052921222522854805,0.003557988442480564,2.398849971996242e-07,0.003523710183799267,0.0002623077016323805,-13.12193489074707,0.510652482509613,0.0007036139722913504,0.510075569152832,0.5262366533279419,0.00010317949636373669,0.5201699137687683,0.006094108335673809,-6.202691078186035,0.5049102306365967,2.957384640467353e-05,0.501918375492096,0.0029918551445007324,-4.144035339355469,0.9943130016326904,0.0016415873542428017,1.0,0.00568699836730957,-2.277256727218628,0.35217416286468506,0.00654523866251111,0.33000001311302185,0.022174149751663208,-1.558009147644043,0.14617808163166046,0.0,0.14617808163166046,0.016792716458439827,0.0,0.016792716458439827,0.006136512849479914,0.006136512849479914,0.0,1.0,-20.156105041503906,1784745842.5497603,11.688032150268555,,44.12002334533597,14.466155338390664,0.0,,False,1.087939739227295
88,0.005057032685726881,3.5932370678892767e-07,0.005357628222554922,0.0036068917252123356,2.4897195771700353e-07,0.003564726561307907,0.0003035384288523346,-13.055303573608398,0.5143654942512512,0.0007159893866628408,0.514796257019043,0.5258327126502991,0.00010380593448644504,0.5202760100364685,0.005573374219238758,-6.220685005187988,0.5047493577003479,2.960724668810144e-05,0.5020182132720947,0.002731144428253174,-4.1688385009765625,0.9941259622573853,0.0016439572209492326,1.0,0.005874037742614746,-2.2758917808532715,0.35193097591400146,0.006651581265032291,0.33000001311302185,0.021930962800979614,-1.5513575077056885,0.14723415672779083,0.0,0.14723415672779083,0.017553364858031273,0.0,0.017553364858031273,0.006489880383014679,0.006489880383014679,0.0,1.0,-20.11627197265625,1784745842.655654,11.793925762176514,,45.09899839580572,14.327452972396028,0.0,,False,1.087939739227295
89,0.005083313211798668,3.738126110874873e-07,0.004394864197820425,0.0036581093445420265,2.587494805084134e-07,0.002926361281424761,0.0010046976385638118,-11.47692584991455,0.5182797908782959,0.0007303261663764715,0.5181826949119568,0.5252251625061035,0.00010441915219416842,0.5204768776893616,0.0047492776066064835,-6.248714447021484,0.5044525861740112,2.961644895549398e-05,0.502223014831543,0.0022295713424682617,-4.210728645324707,0.9939357042312622,0.001647462253458798,1.0,0.006064295768737793,-2.2741599082946777,0.35102346539497375,0.006761561613529921,0.33000001311302185,0.021023452281951904,-1.546628475189209,0.14803558588027954,0.0,0.14803558588027954,0.018405083566904068,0.0,0.018405083566904068,0.006890551187098026,0.006890551187098026,0.0,1.0,-18.581260681152344,1784745842.7392685,11.877540349960327,,44.542962154771566,14.184021573884912,0.0,,False,1.087939739227295
90,0.005118022672832012,3.889179822635924e-07,0.005430631339550018,0.003705534152686596,2.6861832225222315e-07,0.0036245514638721943,0.000322927808156237,-12.969215393066406,0.5226151943206787,0.0007474798476323485,0.522266685962677,0.5242036581039429,0.0001046966208377853,0.5209036469459534,0.0033183628693223,-6.291657447814941,0.5038987398147583,2.9480672310455702e-05,0.5024186372756958,0.0014801025390625,-4.259794235229492,0.9937636852264404,0.0016509211855009198,1.0,0.00623631477355957,-2.272493362426758,0.34948551654815674,0.0068563371896743774,0.33000001311302185,0.019485503435134888,-1.544663906097412,0.14696045219898224,0.0,0.14696045219898224,0.01901393011212349,0.0,0.01901393011212349,0.00718011986464262,0.00718011986464262,0.0,1.0,-20.13243865966797,1784745842.8449888,11.98326063156128,,45.538103892253034,14.038625606282,0.0,,False,1.087939739227295
91,0.005139869637787342,4.05896003030648e-07,0.005787767004221678,0.0037653306499123573,2.802574101679056e-07,0.0038675456307828426,0.0006559107569046319,-12.528754234313965,0.5267603993415833,0.0007641789270564914,0.5270530581474304,0.5235239267349243,0.00010542994277784601,0.5212734937667847,0.0022693828213959932,-6.305135250091553,0.5035399794578552,2.9522467229980975e-05,0.5025734305381775,0.0009665489196777344,-4.280418872833252,0.9936056137084961,0.0016560866497457027,1.0,0.006394386291503906,-2.2703657150268555,0.34702497720718384,0.007045817095786333,0.33000001311302185,0.017024964094161987,-1.5381532907485962,0.14930002391338348,0.0,0.14930002391338348,0.02044598013162613,0.0,0.02044598013162613,0.007871226407587528,0.007871226407587528,0.0,1.0,-19.713071823120117,1784745842.9602246,12.098496437072754,,46.11387879318665,13.886719023330272,0.0,,False,1.087939739227295
92,0.0051603903993964195,4.269696205483342e-07,0.00500680273398757,0.0038383693899959326,2.944757966361067e-07,0.003348088590428233,0.000513774692080915,-12.578668594360352,0.5314710140228271,0.0007829885580576956,0.5304815173149109,0.5229310989379883,0.00010644696158124134,0.5214961171150208,0.0017430653097108006,-6.301953315734863,0.5032315254211426,2.965815110655967e-05,0.5025994181632996,0.0006321072578430176,-4.287211894989014,0.9934494495391846,0.001665965304709971,1.0,0.00655055046081543,-2.2668585777282715,0.3433159589767456,0.007347647566348314,0.33000001311302185,0.013315945863723755,-1.525682806968689,0.1543261706829071,0.0,0.1543261706829071,0.02277001179754734,0.0,0.02277001179754734,0.009021366015076637,0.009021366015076637,0.0,1.0,-19.763837814331055,1784745843.0558038,12.194075584411621,,46.740419685331204,13.722341956598637,0.0,,False,1.087939739227295
93,0.005185501649975777,4.4964812673242704e-07,0.005571240559220314,0.003906882833689451,3.091456619586097e-07,0.0037221077363938093,0.00042771059088408947,-12.743573188781738,0.5364130735397339,0.0008037950610741973,0.5352961421012878,0.5221601128578186,0.00010739071149146184,0.5216755270957947,0.0012175217270851135,-6.292855262756348,0.502819836139679,2.974346534756478e-05,0.5027165412902832,0.00010329484939575195,-4.292332649230957,0.9933562278747559,0.001679471810348332,1.0,0.006643772125244141,-2.262558698654175,0.33886635303497314,0.007681817281991243,0.33000001311302185,0.008866339921951294,-1.5103944540023804,0.15964429080486298,0.0,0.15964429080486298,0.02545168623328209,0.0,0.02545168623328209,0.010389764793217182,0.010389764793217182,0.0,1.0,-19.924022674560547,1784745843.1604204,12.298692226409912,,47.52714543770525,13.542676536900693,0.0,,False,1.087939739227295
94,0.005201772321015596,4.774208832714066e-07,0.004593995865434408,0.00397144490852952,3.2627642099214427e-07,0.003076839493587613,0.0010815317509695888,-11.294012069702148,0.5410014986991882,0.0008251868421211839,0.5387483239173889,0.5216282606124878,0.00010877926251851022,0.5218144059181213,0.002260850975289941,-6.271933078765869,0.502564013004303,3.0062577934586443e-05,0.5028803944587708,0.00031638145446777344,-4.285511493682861,0.9931923151016235,0.001701963017694652,1.0,0.006807684898376465,-2.2554330825805664,0.3329889178276062,0.008183532394468784,0.33000001311302185,0.0029889047145843506,-1.4833314418792725,0.1712404191493988,0.0,0.1712404191493988,0.030093828216195107,0.0,0.030093828216195107,0.01285481359809637,0.01285481359809637,0.0,1.0,-18.454313278198242,1784745843.2439156,12.382187366485596,,46.84416179371699,13.335948105079641,0.0,,False,1.087939739227295
95,0.0052299597300589085,5.090724926049006e-07,0.005646821111440659,0.004027516581118107,3.442523848207202e-07,0.003788505680859089,0.0004805201606359333,-12.594757080078125,0.545931875705719,0.0008479832904413342,0.5429643392562866,0.5209001898765564,0.000110009808850009,0.5205287337303162,0.0029906942509114742,-6.25009822845459,0.5022420287132263,3.0353645342984237e-05,0.5030357241630554,0.0007936954498291016,-4.271981239318848,0.9929782152175903,0.0017274969723075628,1.0,0.007021784782409668,-2.2473316192626953,0.32524603605270386,0.008738061413168907,0.33000001311302185,0.004753977060317993,-1.4498018026351929,0.18533624708652496,0.0,0.18533624708652496,0.036064278334379196,0.0,0.036064278334379196,0.016188202425837517,0.016188202425837517,0.0,1.0,-19.730825424194336,1784745843.3487115,12.486983299255371,,47.43769029572483,13.09569003401451,0.0,,False,1.087939739227295
96,0.005266697611659765,5.539983476410271e-07,0.005950553342700005,0.004100488964468241,3.684872922349314e-07,0.003997647203505039,0.0006915454287081957,-12.335678100585938,0.5509109497070312,0.0008731352863833308,0.547967255115509,0.5206664800643921,0.00011302596249151975,0.5184997916221619,0.0036551165394484997,-6.202049732208252,0.5022386312484741,3.119199027423747e-05,0.5031601190567017,0.0009214878082275391,-4.255124568939209,0.9924889802932739,0.0017806056421250105,1.0,0.007511019706726074,-2.2306206226348877,0.3137129545211792,0.009749711491167545,0.33000001311302185,0.01628705859184265,-1.3827162981033325,0.21647801995277405,0.0,0.21647801995277405,0.049494173377752304,0.0,0.049494173377752304,0.024270489811897278,0.024270489811897278,0.0,2.0,-19.42487907409668,1784745843.453704,12.591975927352905,,47.72527244763501,12.788346458417518,0.0,,False,1.087939739227295
97,0.00525693828240037,5.737617811973905e-07,0.004850155673921108,0.004119821824133396,3.7804392150064814e-07,0.003247512737289071,0.0009624942904338241,-11.591181755065918,0.5531495809555054,0.0008806977421045303,0.5515432953834534,0.5219238996505737,0.00011559198901522905,0.518790066242218,0.003521514590829611,-6.168297290802002,0.5028236508369446,3.188495975336991e-05,0.5032023191452026,0.00037866830825805664,-4.255500793457031,0.9933446645736694,0.0017822562949731946,1.0,0.006655335426330566,-2.2335727214813232,0.31477540731430054,0.010465610772371292,0.33000001311302185,0.015224605798721313,-1.3498178720474243,0.22798217833042145,0.0,0.22798217833042145,0.05594779923558235,0.0,0.05594779923558235,0.028409725055098534,0.028409725055098534,0.0,2.0,-18.6535701751709,1784745843.5406685,12.678940296173096,,47.241545700619405,12.448104456764618,0.0,,False,1.087939739227295
98,0.005259325262159109,5.905629905100795e-07,0.005718843080103397,0.004141499288380146,3.846974436783057e-07,0.0038466178812086582,0.0005459960084408522,-12.426828384399414,0.5554345846176147,0.0008870987221598625,0.5556666254997253,0.5233190655708313,0.000116406285087578,0.5202187895774841,0.003108947305008769,-6.163796424865723,0.5036001205444336,3.208040652680211e-05,0.5033073425292969,0.00029277801513671875,-4.253357887268066,0.9937448501586914,0.0017811426660045981,1.0,0.006255149841308594,-2.235327959060669,0.317920058965683,0.011092534288764,0.33000001311302185,0.012079954147338867,-1.3252253532409668,0.24810336530208588,0.0,0.24810336530208588,0.06232784688472748,0.0,0.06232784688472748,0.03264922648668289,0.03264922648668289,0.0,2.0,-19.48454475402832,1784745843.6482577,12.786529541015625,,47.588793532461224,12.08326993630526,0.0,,False,1.087939739227295
99,0.005255842115730047,6.076545560063096e-07,0.005852806381881237,0.004171289037913084,3.9198965851028333e-07,0.003930645063519478,0.0006436426774598658,-12.32787036895752,0.5576972961425781,0.0008869474404491484,0.5595588088035583,0.5249742865562439,0.00011813592573162168,0.5215762853622437,0.003874485846608877,-6.147000312805176,0.5046019554138184,3.272740286774933e-05,0.5036523342132568,0.0009496212005615234,-4.23093318939209,0.9939897060394287,0.0017983807483687997,1.0,0.006010293960571289,-2.231452226638794,0.31662827730178833,0.011826927773654461,0.33000001311302185,0.01337173581123352,-1.2921905517578125,0.27981308102607727,0.0,0.27981308102607727,0.0735631138086319,0.0,0.0735631138086319,0.040445927530527115,0.040445927530527115,0.0,1.0,-19.360937118530273,1784745843.7552571,12.893528938293457,,47.812433728805,11.685400614362749,0.0,,False,1.087939739227295
100,0.0053100548684597015,6.323289198917337e-07,0.0059100063517689705,0.004234287887811661,4.0378958487963246e-07,0.003966414835304022,0.0006570371333509684,-12.286767959594727,0.5629287958145142,0.0008983668521977961,0.5640672445297241,0.5246984958648682,0.00011924435966648161,0.5184652209281921,0.0063363853842020035,-6.02311897277832,0.5048164129257202,3.269437365815975e-05,0.5040034055709839,0.0008130073547363281,-4.235106468200684,0.9925299882888794,0.001847612438723445,1.0,0.0074700117111206055,-2.212891101837158,0.3021915555000305,0.01201450265944004,0.33000001311302185,0.027808457612991333,-1.2596995830535889,0.3207738697528839,0.0,0.3207738697528839,0.09312587976455688,0.0,0.09312587976455688,0.054937005043029785,0.054937005043029785,0.0,1.0,-19.222816467285156,1784745843.8608592,12.999130964279175,,47.89795327390365,11.255040323716013,0.0,,False,1.087939739227295
101,0.005385157652199268,6.5788037773018e-07,0.004910248331725597,0.004343015141785145,4.196920144750038e-07,0.0033141241874545813,0.001133205834776163,-11.188520431518555,0.5729580521583557,0.0009074361878447235,0.5674819946289062,0.5221046805381775,0.00012078560394002125,0.5182250142097473,0.006711111404001713,-6.096482276916504,0.5035953521728516,3.239259240217507e-05,0.5041877627372742,0.0005924105644226074,-4.244434356689453,0.9925755262374878,0.001859411015175283,1.0,0.007424473762512207,-2.209986448287964,0.27812838554382324,0.011879968456923962,0.33000001311302185,0.05187162756919861,-1.1842683553695679,0.35109859704971313,0.0,0.35109859704971313,0.11945543438196182,0.0,0.11945543438196182,0.07606901228427887,0.07606901228427887,0.0,1.0,-18.187923431396484,1784745843.944122,13.082393884658813,,46.94857978311364,10.749248805385257,0.0,,False,1.087939739227295
102,0.0054129804484546185,6.675736017314193e-07,0.006173381581902504,0.0043455203995108604,4.2362887597846566e-07,0.004183145239949226,0.0007775445701554418,-12.144947052001953,0.5749824643135071,0.0009115420980378985,0.5721036195755005,0.5213184952735901,0.00012044137838529423,0.5180384516716003,0.0043642218224704266,-6.12527322769165,0.503176748752594,3.214190655853599e-05,0.504048228263855,0.0008714795112609863,-4.241921901702881,0.9922033548355103,0.0018560346215963364,1.0,0.007796645164489746,-2.2093422412872314,0.2739535868167877,0.011809241026639938,0.33000001311302185,0.05604642629623413,-1.1675002574920654,0.3518587350845337,0.0,0.3518587350845337,0.1240827888250351,0.0,0.1240827888250351,0.07995906472206116,0.07995906472206116,0.0,1.0,-19.166126251220703,1784745844.057153,13.195424795150757,,46.97740911214784,10.226689189176998,0.0,,False,1.087939739227295
103,0.005439230240881443,6.813730237809068e-07,0.00509923230856657,0.004360881634056568,4.306489245209377e-07,0.0034633625764399767,0.000959759927354753,-11.570594787597656,0.5775026082992554,0.000917664438020438,0.5752037763595581,0.5206297636032104,0.00012046744814142585,0.5189974904060364,0.0028193870093673468,-6.157090187072754,0.5028002858161926,3.2057781936600804e-05,0.5039081573486328,0.0011078715324401855,-4.235903739929199,0.9919050931930542,0.0018589796964079142,1.0,0.0080949068069458,-2.2073004245758057,0.26897722482681274,0.011891918256878853,0.33000001311302185,0.061022788286209106,-1.14044189453125,0.3574071228504181,0.0,0.3574071228504181,0.13194499909877777,0.0,0.13194499909877777,0.0866820439696312,0.0866820439696312,0.0,1.0,-18.614219665527344,1784745844.1404204,13.278692245483398,,46.45433185548868,9.677071210007924,0.0,,False,1.087939739227295
104,0.005462960340082645,6.91221487159055e-07,0.005921671632677317,0.0043642716482281685,4.350877986780688e-07,0.004031355958431959,0.00056678825058043,-12.298810958862305,0.5794196128845215,0.0009209317504428327,0.578874945640564,0.519963264465332,0.00012039143621223047,0.518666684627533,0.0014063363196328282,-6.162423133850098,0.5024522542953491,3.195635508745909e-05,0.5037253499031067,0.0012730956077575684,-4.231271743774414,0.9916577339172363,0.0018593533895909786,1.0,0.008342266082763672,-2.2061104774475098,0.2632296085357666,0.011896575801074505,0.33000001311302185,0.06677040457725525,-1.1094369888305664,0.3613273799419403,0.0,0.3613273799419403,0.13952518999576569,0.0,0.13952518999576569,0.093295156955719,0.093295156955719,0.0,1.0,-19.34438705444336,1784745844.2453942,13.383666038513184,,46.66142198774554,9.096448325138166,0.0,,False,1.087939739227295
105,0.005481414496898651,7.017960683697311e-07,0.005938251502811909,0.004374258685857058,4.407257847560686e-07,0.00404372438788414,0.0005638732109218836,-12.291719436645508,0.5813982486724854,0.0009248672286048532,0.5824329257011414,0.5193206071853638,0.00012054524995619431,0.518157958984375,0.001556376344524324,-6.160610198974609,0.5021034479141235,3.193646625732072e-05,0.5033854842185974,0.001282036304473877,-4.231209754943848,0.9913060665130615,0.0018642813665792346,1.0,0.008693933486938477,-2.2032294273376465,0.2563316226005554,0.011999397538602352,0.33000001311302185,0.07366839051246643,-1.0663732290267944,0.3687545359134674,0.0,0.3687545359134674,0.15002451837062836,0.0,0.15002451837062836,0.10266011953353882,0.10266011953353882,0.0,1.0,-19.335811614990234,1784745844.3505464,13.488818168640137,,46.859936680549275,8.472761680464636,0.0,,False,1.087939739227295
106,0.005505351349711418,7.136197268664546e-07,0.006419337820261717,0.004381903447210789,4.4661675246970844e-07,0.004372927360236645,0.0009140305337496102,-11.963967323303223,0.5835462808609009,0.0009299339144490659,0.5866778492927551,0.5187073945999146,0.00012057916319463402,0.5179415941238403,0.003223844338208437,-6.156218528747559,0.5017701387405396,3.188441041857004e-05,0.5033601522445679,0.0015900135040283203,-4.218112468719482,0.9909526109695435,0.001869094092398882,1.0,0.009047389030456543,-2.200315237045288,0.2502490282058716,0.012122227810323238,0.33000001311302185,0.07975098490715027,-1.0250816345214844,0.37535038590431213,0.0,0.37535038590431213,0.15998196601867676,0.0,0.15998196601867676,0.11175360530614853,0.11175360530614853,0.0,1.0,-18.99799919128418,1784745844.4658587,13.604130506515503,,46.720638949646954,7.807783441285796,0.0,,False,1.087939739227295
107,0.005524268373847008,7.258187793013349e-07,0.004979862831532955,0.004394873511046171,4.536024107437697e-07,0.003397682448849082,0.0011361194774508476,-11.232856750488281,0.5857170224189758,0.0009349877946078777,0.5897391438484192,0.5181468725204468,0.00012087431969121099,0.518802285194397,0.004075171891599894,-6.149562835693359,0.5014621019363403,3.191774521837942e-05,0.5033619999885559,0.0018998980522155762,-4.200689792633057,0.9906346797943115,0.00187524629291147,1.0,0.009365320205688477,-2.197183132171631,0.24343526363372803,0.012287711724638939,0.33000001311302185,0.08656474947929382,-0.9757226705551147,0.384796142578125,0.0,0.384796142578125,0.17232955992221832,0.0,0.17232955992221832,0.12330394238233566,0.12330394238233566,0.0,1.0,-18.252853393554688,1784745844.5505528,13.688824653625488,,45.83619542101514,7.093446238140586,0.0,,False,1.087939739227295
108,0.005549129098653793,7.380348847618734e-07,0.006218696013092995,0.004388491623103619,4.58822029258954e-07,0.004246164578944445,0.0006845267489552498,-12.193262100219727,0.5874173045158386,0.0009390393388457596,0.5933761596679688,0.5176512598991394,0.00012069028161931783,0.5218787789344788,0.007306152954697609,-6.065643787384033,0.5012211799621582,3.187091715517454e-05,0.5032874345779419,0.0020662546157836914,-4.190989971160889,0.9904744625091553,0.0018738460494205356,1.0,0.009525537490844727,-2.1967313289642334,0.2384616881608963,0.01235869713127613,0.33000001311302185,0.09153832495212555,-0.9387564659118652,0.3906080424785614,0.0,0.3906080424785614,0.18113984167575836,0.0,0.18113984167575836,0.1317235231399536,0.1317235231399536,0.0,1.0,-19.141271591186523,1784745844.655801,13.79407286643982,,45.840170090015164,6.342142830352126,0.0,,False,1.087939739227295
109,0.005563987884670496,7.492430995625909e-07,0.006300641223788261,0.004395687021315098,4.6573606482525065e-07,0.004307115916162729,0.0007419589092023671,-12.133487701416016,0.5892056822776794,0.0009434836683794856,0.5975794196128845,0.517413854598999,0.00012090775271644816,0.521660327911377,0.009388930164277554,-6.0435991287231445,0.5011126399040222,3.192961594322696e-05,0.5031709671020508,0.0020583271980285645,-4.190704822540283,0.9903771877288818,0.001875295420177281,1.0,0.009622812271118164,-2.1958673000335693,0.23328743875026703,0.012556570582091808,0.33000001311302185,0.09671257436275482,-0.8973696827888489,0.3997563421726227,0.0,0.3997563421726227,0.19226892292499542,0.0,0.19226892292499542,0.14256252348423004,0.14256252348423004,0.0,1.0,-19.063718795776367,1784745844.7615707,13.899842500686646,,45.76659196360503,5.549452639440649,0.0,,False,1.087939739227295
110,0.005581283010542393,7.614045784976042e-07,0.005107120145112276,0.0044088358990848064,4.730148361886677e-07,0.0034983803052455187,0.0010265280725434422,-11.46438217163086,0.5912903547286987,0.0009493507677689195,0.6005436778068542,0.5171130299568176,0.00012134375720052049,0.5198677182197571,0.009654651395976543,-6.074066162109375,0.5009518265724182,3.2018102501751855e-05,0.5029714703559875,0.002019643783569336,-4.191967964172363,0.9899799823760986,0.0018851078348234296,1.0,0.010020017623901367,-2.191316604614258,0.22774332761764526,0.012817972339689732,0.33000001311302185,0.10225668549537659,-0.8516333103179932,0.40997931361198425,0.0,0.40997931361198425,0.2044520378112793,0.0,0.2044520378112793,0.15467797219753265,0.15467797219753265,0.0,1.0,-18.419618606567383,1784745844.8466008,13.984872579574585,,45.04891364798591,4.711026076058317,0.0,,False,1.087939739227295
111,0.0056168497540056705,7.679467444177135e-07,0.006490712985396385,0.004429508000612259,4.7555286641909333e-07,0.004445337224751711,0.0008740065968595445,-11.983831405639648,0.5939805507659912,0.0009495086851529777,0.603981614112854,0.5167052149772644,0.0001216119053424336,0.5187605619430542,0.01021007914096117,-6.079205513000488,0.500696063041687,3.1931926059769467e-05,0.5026068687438965,0.0019108057022094727,-4.1998419761657715,0.9895919561386108,0.0018926033517345786,1.0,0.01040804386138916,-2.1873438358306885,0.2195911854505539,0.013022989965975285,0.3246826231479645,0.10509143769741058,-0.8275536298751831,0.41615039110183716,0.0,0.41615039110183716,0.2165244221687317,0.0,0.2165244221687317,0.16692963242530823,0.16692963242530823,0.0,1.0,-18.94711685180664,1784745844.9520268,14.090298652648926,,44.85873357760605,3.8485198322331753,0.0,,False,1.087939739227295
112,0.005633961874991655,7.691461405556765e-07,0.006222054827958345,0.004512811545282602,4.842137855121109e-07,0.004266915377229452,0.0006374309887178242,-12.184219360351562,0.5990719795227051,0.0009534779819659889,0.6080191731452942,0.515443742275238,0.0001231330243172124,0.52176433801651,0.010954552330076694,-5.936740875244141,0.4998825192451477,3.2013034797273576e-05,0.5023953318595886,0.002512812614440918,-4.157125473022461,0.9885275363922119,0.0019187282305210829,1.0,0.011472463607788086,-2.174809694290161,0.19995693862438202,0.012814590707421303,0.32709962129592896,0.12714268267154694,-0.6289104223251343,0.4235864281654358,0.0,0.4235864281654358,0.2412082701921463,0.0,0.2412082701921463,0.1926964968442917,0.1926964968442917,0.0,1.0,-19.012176513671875,1784745845.0570436,14.19531536102295,,44.73361316909143,2.7873703808579844,0.0,,False,1.087939739227295
113,0.005662756972014904,7.723412522864237e-07,0.005188227165490389,0.004580785520374775,4.917380920232972e-07,0.003555247327312827,0.0011300031328573823,-11.246526718139648,0.6041027903556824,0.0009573923307470977,0.6109768748283386,0.514306366443634,0.00012395574594847858,0.520081102848053,0.008977784775197506,-5.976372718811035,0.49914780259132385,3.2033462048275396e-05,0.5021994113922119,0.0030516088008880615,-4.110073089599609,0.9877831935882568,0.0019359634025022388,1.0,0.012216806411743164,-2.1660897731781006,0.18360847234725952,0.012521347030997276,0.3280664086341858,0.14445793628692627,-0.43792104721069336,0.42852869629859924,0.0,0.42852869629859924,0.2610708177089691,0.0,0.2610708177089691,0.21407867968082428,0.21407867968082428,0.0,1.0,-18.08266258239746,1784745845.1417787,14.28005051612854,,43.67897882930239,1.5352315543683526,0.0,,False,1.087939739227295
114,0.00570728350430727,7.785263278492494e-07,0.006343690678477287,0.004633910022675991,4.977239882464346e-07,0.004366772249341011,0.0006902004824951291,-12.11985969543457,0.6095049381256104,0.0009649665444158018,0.614466667175293,0.512887716293335,0.00012401297863107175,0.5174909830093384,0.0067682210355997086,-6.033202648162842,0.49825066328048706,3.188900154782459e-05,0.5021849274635315,0.003934264183044434,-4.014993667602539,0.9868112802505493,0.0019564172253012657,1.0,0.013188719749450684,-2.1549274921417236,0.1706952452659607,0.012096584774553776,0.32838866114616394,0.15769341588020325,-0.2606165409088135,0.4279521107673645,0.0,0.4279521107673645,0.2737458348274231,0.0,0.2737458348274231,0.22800245881080627,0.22800245881080627,0.0,1.0,-18.95391845703125,1784745845.2466383,14.384910106658936,,43.49560036414714,0.7427316106563338,0.0,,False,1.087939739227295
115,0.005740662105381489,7.864331905693689e-07,0.006388470530509949,0.00470372848212719,5.082916345600097e-07,0.00440519955009222,0.0007132848259061575,-12.081632614135742,0.6156021952629089,0.0009768244344741106,0.6179872155189514,0.5111405849456787,0.00012453639646992087,0.5164657831192017,0.005834899842739105,-6.006416320800781,0.4971187710762024,3.186563480994664e-05,0.502126932144165,0.0050081610679626465,-3.8644986152648926,0.985732913017273,0.0019831168465316296,1.0,0.01426708698272705,-2.1412835121154785,0.15918077528476715,0.011631417088210583,0.32033202052116394,0.1611512452363968,-0.19172298908233643,0.4302489161491394,0.0,0.4302489161491394,0.2872789800167084,0.0,0.2872789800167084,0.24309314787387848,0.24309314787387848,0.0,1.0,-18.819015502929688,1784745845.3516712,14.489943027496338,,43.177318944890324,1.2410684952743223,0.0,,False,1.087939739227295
116,0.005760271102190018,7.921013320810744e-07,0.00670033972710371,0.004719129763543606,5.124426252223202e-07,0.0046234470792114735,0.0009449254721403122,-11.861678123474121,0.6177676320075989,0.0009785081492736936,0.6221234798431396,0.5105782747268677,0.0001248749322257936,0.5194674730300903,0.00989905372262001,-5.794879913330078,0.49674928188323975,3.189365452271886e-05,0.5019137263298035,0.005164444446563721,-3.8394815921783447,0.9853788614273071,0.0019899532198905945,1.0,0.014621138572692871,-2.137169361114502,0.15372872352600098,0.01162096206098795,0.3296777307987213,0.17594900727272034,0.023458003997802734,0.4385438859462738,0.0,0.4385438859462738,0.300579696893692,0.0,0.300579696893692,0.2581370770931244,0.2581370770931244,0.0,1.0,-18.417322158813477,1784745845.4658237,14.604095458984375,,42.4573441815173,1.9545863729724502,0.0,,False,1.087939739227295
117,0.005778842605650425,7.998961564226192e-07,0.0053326901979744434,0.004736072849482298,5.179082904760435e-07,0.0036814664490520954,0.0011450968449935317,-11.220088005065918,0.6199474930763245,0.000980609213002026,0.6251699328422546,0.5102759003639221,0.00012513526598922908,0.5167363882064819,0.00830733310431242,-5.938170909881592,0.49654123187065125,3.194240343873389e-05,0.5018648505210876,0.005323618650436401,-3.8132240772247314,0.9854305982589722,0.001988125266507268,1.0,0.014569401741027832,-2.1379594802856445,0.14991246163845062,0.01172502338886261,0.16677245497703552,0.0168599933385849,-1.2919546365737915,0.44868165254592896,0.0,0.44868165254592896,0.31326383352279663,0.0,0.31326383352279663,0.2726674973964691,0.2726674973964691,0.0,1.0,-17.87723731994629,1784745845.5501335,14.688405275344849,,41.19728457927709,1.3526916100989836,0.0,,False,1.087939739227295
118,0.005831507034599781,7.984406238392694e-07,0.006458676885813475,0.004740587435662746,5.252547339296143e-07,0.004459460731595755,0.0006872948724776506,-12.090564727783203,0.6237037181854248,0.00097713153809309,0.6288113594055176,0.5097881555557251,0.0001253306254511699,0.5138357281684875,0.006516965571790934,-6.041137218475342,0.49606361985206604,3.204580207238905e-05,0.5018788576126099,0.005815237760543823,-3.7275986671447754,0.9859689474105835,0.001998659921810031,1.0,0.014031052589416504,-2.1394500732421875,0.12760774791240692,0.01081690564751625,0.0,0.12760774791240692,-0.5916855931282043,0.4386909604072571,0.0,0.4386909604072571,0.3329111635684967,0.0,0.3329111635684967,0.29550209641456604,0.29550209641456604,0.0,1.0,-18.787275314331055,1784745845.6559963,14.794268131256104,,40.84726297142164,1.4510658906711043,0.0,,False,1.087939739227295
119,0.005898431409150362,7.950403073664347e-07,0.0066632116213440895,0.004763809964060783,5.325169922798523e-07,0.0046086665242910385,0.0007803578046150506,-12.016948699951172,0.6298558115959167,0.0009793196804821491,0.6332301497459412,0.50902259349823,0.0001248425687663257,0.5088745355606079,0.0033775847405195236,-6.114776611328125,0.49525976181030273,3.1672941986471415e-05,0.5017298460006714,0.006470084190368652,-3.6002376079559326,0.9847183227539062,0.002039375016465783,1.0,0.01528167724609375,-2.1213622093200684,0.09392284601926804,0.00981452688574791,0.0,0.09392284601926804,-0.9435969591140747,0.40546715259552,0.0,0.40546715259552,0.3544867932796478,0.0,0.3544867932796478,0.3209916353225708,0.3209916353225708,0.0,0.0,-18.70888900756836,1784745845.760616,14.898887872695923,,40.4188550568035,1.1975288052573545,0.0,,False,1.087939739227295
120,0.005952936131507158,7.558344350400148e-07,0.005396714434027672,0.0048510851338505745,5.1217767804701e-07,0.00373350502923131,0.0012483460595831275,-11.028190612792969,0.6358795762062073,0.0009680980583652854,0.6364261507987976,0.5088145732879639,0.00011947859456995502,0.5097566843032837,0.0010891817510128021,-6.144529342651367,0.494999498128891,2.9375942176557146e-05,0.5014867782592773,0.0064872801303863525,-3.582414388656616,0.9893800020217896,0.0019318942213431,1.0,0.01061999797821045,-2.1764984130859375,0.07077057659626007,0.008579020388424397,0.0,0.07077057659626007,-1.1683769226074219,0.3277566432952881,0.0,0.3277566432952881,0.31390076875686646,0.0,0.31390076875686646,0.27340167760849,0.27340167760849,0.0,1.0,-17.735021591186523,1784745845.8457506,14.984022378921509,,39.016579725803524,0.7192117563502576,0.0,,False,1.087939739227295
121,0.006003194022923708,7.884364663368615e-07,0.006807506084442139,0.004884294234216213,5.312463144946378e-07,0.004706662613898516,0.000823693466372788,-11.972799301147461,0.6429877877235413,0.000996592571027577,0.6402688026428223,0.5074014067649841,0.00011711394472513348,0.511201798915863,0.0046728854067623615,-6.078517913818359,0.4940243065357208,2.8543772714328952e-05,0.5012099146842957,0.007185608148574829,-3.4086451530456543,0.9835963249206543,0.002021585823968053,1.0,0.016403675079345703,-2.1164462566375732,0.04706694185733795,0.008692254312336445,0.0,0.04706694185733795,-1.326293706893921,0.29193341732025146,0.0,0.29193341732025146,0.3236074149608612,0.0,0.3236074149608612,0.2846415638923645,0.2846415638923645,0.0,1.0,-18.539936065673828,1784745845.950887,15.089158773422241,,38.41921886929085,0.08297792315666164,0.0,,False,1.087939739227295
122,0.006075667217373848,7.775499852868961e-07,0.006529364734888077,0.004925982095301151,5.215180181039614e-07,0.004529210738837719,0.0006027179770171642,-12.145645141601562,0.6500913500785828,0.0009877344127744436,0.6449149250984192,0.5069166421890259,0.000112701061880216,0.5108534097671509,0.006503346376121044,-6.085235595703125,0.49358275532722473,2.7061449145548977e-05,0.5011541843414307,0.007571429014205933,-3.2805697917938232,0.9830722808837891,0.0019878402817994356,1.0,0.016927719116210938,-2.11933970451355,0.03179590404033661,0.008754135109484196,0.0,0.03179590404033661,-1.3924331665039062,0.26739615201950073,0.0,0.26739615201950073,0.3211739659309387,0.0,0.3211739659309387,0.2818147838115692,0.2818147838115692,0.0,1.0,-18.65411949157715,1784745846.0566616,15.194933414459229,,37.9360414386815,0.0,0.0,,False,1.087939739227295
123,0.006126776337623596,7.661764129807125e-07,0.005394291132688522,0.004953937605023384,5.122170136928617e-07,0.0037438594736158848,0.0014145048335194588,-10.665806770324707,0.6554352641105652,0.0009826559107750654,0.6482152938842773,0.5065881609916687,0.00010880686022574082,0.5079280138015747,0.0073432400822639465,-6.1529436111450195,0.4932815432548523,2.581523403932806e-05,0.5012326836585999,0.007951140403747559,-3.1388511657714844,0.9827630519866943,0.0019575285259634256,1.0,0.017236948013305664,-2.1232080459594727,0.019711315631866455,0.00889804121106863,0.0,0.019711315631866455,-1.4201909303665161,0.24815800786018372,0.0,0.24815800786018372,0.31805840134620667,0.0,0.31805840134620667,0.2782043218612671,0.2782043218612671,0.0,1.0,-17.1575870513916,1784745846.1435246,15.2817964553833,,35.9563315678866,0.0,0.0,,False,1.087939739227295
124,0.00617020670324564,7.594222211082524e-07,0.006795339286327362,0.004968404769897461,5.049597007200646e-07,0.00471898540854454,0.0006730533204972744,-12.13797664642334,0.6597998738288879,0.00098102365154773,0.6522364020347595,0.5062696933746338,0.00010547207784838974,0.5038912892341614,0.00792861357331276,-6.148138999938965,0.4930349588394165,2.4805491193546914e-05,0.5010846853256226,0.008049726486206055,-3.077159881591797,0.9825828075408936,0.0019323958549648523,1.0,0.017417192459106445,-2.127065896987915,0.010159149765968323,0.009101851843297482,0.0,0.010159149765968323,-1.4250305891036987,0.23262891173362732,0.0,0.23262891173362732,0.3136431574821472,0.0,0.3136431574821472,0.273104727268219,0.273104727268219,0.0,1.0,-18.595067977905273,1784745846.2492049,15.387476682662964,,35.41410262360537,0.0,0.0,,False,1.087939739227295
125,0.006206107791513205,7.537341843999457e-07,0.006919112056493759,0.004988181404769421,4.97986434311315e-07,0.004811620805412531,0.0007345398189499974,-12.099044799804688,0.6638391613960266,0.0009811429772526026,0.6564036011695862,0.5060133934020996,0.00010286593169439584,0.5023850798606873,0.008273585699498653,-6.124396324157715,0.49278995394706726,2.4004628357943147e-05,0.500853419303894,0.008063465356826782,-3.045382499694824,0.9821269512176514,0.0019236794905737042,1.0,0.017873048782348633,-2.1247894763946533,0.0029023736715316772,0.00942275207489729,0.0,0.0029023736715316772,-1.4129284620285034,0.22483830153942108,0.0,0.22483830153942108,0.31289002299308777,0.0,0.31289002299308777,0.2722368538379669,0.2722368538379669,0.0,1.0,-18.52125358581543,1784745846.3558247,15.494096517562866,,34.7980592872343,0.0,0.0,,False,1.087939739227295
126,0.006268510594964027,7.48647664750024e-07,0.006993196438997984,0.005011365748941898,4.875572585660848e-07,0.004862051457166672,0.0007399083697237074,-12.107940673828125,0.6681642532348633,0.0009787535527721047,0.6612486243247986,0.505890429019928,0.00010055297752842307,0.503030002117157,0.007483846973627806,-6.164033889770508,0.49257758259773254,2.3233289539348334e-05,0.5003994703292847,0.007821887731552124,-3.099337100982666,0.9815512895584106,0.0019212105544283986,1.0,0.018448710441589355,-2.1198830604553223,-0.003034532070159912,0.009856315329670906,0.0,0.003034532070159912,-1.3904156684875488,0.21869608759880066,0.0,0.21869608759880066,0.3116554915904999,0.0,0.3116554915904999,0.27081552147865295,0.27081552147865295,0.0,1.0,-18.588836669921875,1784745846.4628963,15.601168155670166,,34.24959903496968,0.0,0.0,,False,1.087939739227295
127,0.006364250555634499,7.417240794893587e-07,0.005802504252642393,0.005043966230005026,4.814509679818002e-07,0.004016014747321606,0.0011714277788996696,-11.182382583618164,0.6749799847602844,0.0009895007824525237,0.6647732257843018,0.5052985548973083,9.813451470108703e-05,0.5052747130393982,0.010206786915659904,-6.183218955993652,0.4921379089355469,2.249146200483665e-05,0.5003496408462524,0.008211731910705566,-2.9331789016723633,0.9786508083343506,0.0019492818973958492,1.0,0.021349191665649414,-2.084296703338623,-0.006870865821838379,0.010194413363933563,0.0,0.006870865821838379,-1.371703863143921,0.2021939903497696,0.0,0.2021939903497696,0.29118290543556213,0.0,0.29118290543556213,0.24748754501342773,0.24748754501342773,0.0,1.0,-17.59554672241211,1784745846.5466383,15.68491005897522,,32.707848835195286,0.0,0.0,,False,1.087939739227295
128,0.0065071359276771545,7.500924539272091e-07,0.006833699531853199,0.005074772983789444,4.892265792477701e-07,0.004742343910038471,0.0004659966507460922,-12.29484748840332,0.6850589513778687,0.0010298958513885736,0.6690580248832703,0.5042349100112915,9.623790538171306e-05,0.501467764377594,0.016238434240221977,-6.061534881591797,0.49154922366142273,2.1838055545231327e-05,0.5004772543907166,0.008928030729293823,-2.6219706535339355,0.9738022089004517,0.0020277320872992277,1.0,0.02619779109954834,-2.0122454166412354,-0.00755038857460022,0.0105286268517375,0.0,0.00755038857460022,-1.3551828861236572,0.1765821874141693,0.0,0.1765821874141693,0.24969346821308136,0.0,0.24969346821308136,0.2017633467912674,0.2017633467912674,0.0,0.0,-18.455060958862305,1784745846.651712,15.789983749389648,,32.02561287187109,0.0,0.0,,False,1.087939739227295
129,0.006581916473805904,7.127854928512534e-07,0.006878247484564781,0.005137856584042311,4.848731691708963e-07,0.004779627081006765,0.0004649090697057545,-12.314924240112305,0.6925066709518433,0.001072876388207078,0.6739492416381836,0.5039310455322266,9.449357457924634e-05,0.5019064545631409,0.018667541444301605,-6.032135963439941,0.49182313680648804,2.11521219171118e-05,0.5007245540618896,0.008901417255401611,-2.589961051940918,0.9794861078262329,0.002031806856393814,1.0,0.02051389217376709,-2.076918125152588,0.00010004639625549316,0.00940453726798296,0.0,0.00010004639625549316,-1.4143425226211548,0.14807549118995667,0.0,0.14807549118995667,0.17953075468540192,0.0,0.17953075468540192,0.13017499446868896,0.13017499446868896,0.0,1.0,-18.43561363220215,1784745846.7561414,15.894413232803345,,31.323929581886738,0.0,0.0,,False,1.087939739227295
130,0.006631051190197468,7.841293836463592e-07,0.005745867267251015,0.005114826373755932,5.239095344222733e-07,0.003986593801528215,0.0014340360648930073,-10.70799446105957,0.6974464058876038,0.0011268972884863615,0.6774390339851379,0.5034809112548828,9.557388693792745e-05,0.5045612454414368,0.020036518573760986,-6.000356674194336,0.49136844277381897,2.1423686121124774e-05,0.5005956888198853,0.009227246046066284,-2.4694669246673584,0.9703541994094849,0.0021681783255189657,1.0,0.029645800590515137,-1.9453198909759521,-0.006190985441207886,0.010514462366700172,0.0,0.006190985441207886,-1.3567407131195068,0.1431693285703659,0.0,0.1431693285703659,0.18605585396289825,0.0,0.18605585396289825,0.13648387789726257,0.13648387789726257,1.0,1.0,-16.743013381958008,1784745846.84041,15.978681802749634,,28.929646041658245,0.0,0.0,,False,1.087939739227295
131,0.006693863309919834,8.033106837501691e-07,0.0073438663966953754,0.005084032192826271,5.303156171976298e-07,0.005093343090265989,0.0006500697345472872,-12.141223907470703,0.6992735862731934,0.001124598435126245,0.6816126704216003,0.5048923492431641,9.26463762880303e-05,0.5051611661911011,0.017662962898612022,-6.061582565307617,0.4919919967651367,2.0633871827158146e-05,0.5002065896987915,0.008214592933654785,-2.8401851654052734,0.9776350259780884,0.001989443087950349,1.0,0.02236497402191162,-2.065300226211548,0.00651945173740387,0.011523363180458546,0.0,0.00651945173740387,-1.3109067678451538,0.1343730390071869,0.0,0.1343730390071869,0.16508157551288605,0.0,0.16508157551288605,0.11648787558078766,0.11648787558078766,1.0,1.0,-18.41058349609375,1784745846.9568846,16.09515643119812,,28.202932615565494,0.0,0.0,,False,1.087939739227295
132,0.006732718087732792,8.028047204788891e-07,0.007131665945053101,0.005072250030934811,5.243591658654623e-07,0.004952540155500174,0.00041652112849988043,-12.297452926635742,0.7008605599403381,0.001117251580581069,0.6865490078926086,0.5063270330429077,9.024944301927462e-05,0.5015071034431458,0.015101398341357708,-5.996660232543945,0.4927927553653717,1.9898188838851638e-05,0.5000805258750916,0.007287770509719849,-3.1589183807373047,0.9808093309402466,0.0018971256213262677,1.0,0.019190669059753418,-2.117706298828125,0.0174856036901474,0.012343590147793293,0.0,0.0174856036901474,-1.2659859657287598,0.1310461461544037,0.0,0.1310461461544037,0.14865988492965698,0.0,0.14865988492965698,0.1014297679066658,0.1014297679066658,1.0,1.0,-18.674240112304688,1784745847.0625777,16.200849533081055,,27.73987580568368,0.0,0.0,,False,1.087939739227295
133,0.006750442087650299,8.042441095312824e-07,0.005869620013982058,0.005069579929113388,5.209028017816308e-07,0.0040753791108727455,0.0013282630825415254,-10.981538772583008,0.7020055055618286,0.0011140843853354454,0.6900836825370789,0.5072823166847229,8.911816985346377e-05,0.5045058131217957,0.012240867130458355,-6.117718696594238,0.4933130443096161,1.9476412489893846e-05,0.5000272989273071,0.00671425461769104,-3.346886157989502,0.9826287031173706,0.0018599550239741802,1.0,0.017371296882629395,-2.1435420513153076,0.028018459677696228,0.013119899667799473,0.0,0.028018459677696228,-1.2179564237594604,0.12669071555137634,0.0,0.12669071555137634,0.1332612782716751,0.0,0.1332612782716751,0.08782126754522324,0.08782126754522324,1.0,1.0,-17.549156188964844,1784745847.1462595,16.284531354904175,,26.151735072462024,0.0,0.0,,False,1.087939739227295
134,0.006783817894756794,8.15145199339895e-07,0.007269076071679592,0.005066673271358013,5.245132683739939e-07,0.005029195919632912,0.0004867032403126359,-12.256692886352539,0.7036893367767334,0.0011147614568471909,0.694256067276001,0.5079980492591858,8.874692139215767e-05,0.5064989924430847,0.009551635943353176,-6.173967361450195,0.4937814772129059,1.932693339767866e-05,0.4999110996723175,0.006129622459411621,-3.536048173904419,0.9841749668121338,0.0018380318069830537,1.0,0.01582503318786621,-2.162466287612915,0.03968846797943115,0.013881525956094265,0.0,0.03968846797943115,-1.1629233360290527,0.12014658749103546,0.0,0.12014658749103546,0.11803820729255676,0.0,0.11803820729255676,0.07488769292831421,0.07488769292831421,1.0,1.0,-18.963891983032227,1784745847.2543576,16.392629384994507,,25.97833013330775,0.0,0.0,,False,1.087939739227295
135,0.006807433441281319,8.2520489286253e-07,0.0072238449938595295,0.00506438035517931,5.280059554024774e-07,0.0050107985734939575,0.00041984469862654805,-12.285236358642578,0.704906165599823,0.0011162107111886144,0.6990658640861511,0.5083727836608887,8.875259663909674e-05,0.5060921907424927,0.006269786972552538,-6.181279182434082,0.4940378665924072,1.927554876601789e-05,0.49989867210388184,0.005860805511474609,-3.6183977127075195,0.9854956865310669,0.0018304662080481648,1.0,0.014504313468933105,-2.1751887798309326,0.052736952900886536,0.014770329929888248,0.0,0.052736952900886536,-1.094481110572815,0.11428167670965195,0.0,0.11428167670965195,0.1060628667473793,0.0,0.1060628667473793,0.06510065495967865,0.06510065495967865,1.0,1.0,-19.039457321166992,1784745847.3601224,16.49839425086975,,25.880490532288242,0.0,0.0,,False,1.087939739227295
136,0.006826851982623339,8.367894679395249e-07,0.006184548605233431,0.00506763719022274,5.324152994035103e-07,0.0042908634059131145,0.0010079341009259224,-11.56873893737793,0.7060996890068054,0.0011186683550477028,0.7025246620178223,0.5085763335227966,8.895261998986825e-05,0.505490779876709,0.004722442012280226,-6.164406776428223,0.494221031665802,1.9306018657516688e-05,0.5000109076499939,0.0057898759841918945,-3.640416145324707,0.986920952796936,0.0018279642099514604,1.0,0.013079047203063965,-2.1865477561950684,0.06795521825551987,0.015611064620316029,0.0,0.06795521825551987,-1.013043999671936,0.10860045999288559,0.0,0.10860045999288559,0.0952865481376648,0.0,0.0952865481376648,0.056603703647851944,0.056603703647851944,1.0,1.0,-18.320472717285156,1784745847.4447908,16.583062648773193,,25.063666327386898,0.0,0.0,,False,1.087939739227295
137,0.006843795068562031,8.523361429979559e-07,0.007197115104645491,0.005069470498710871,5.393148967414163e-07,0.004997544921934605,0.00036056668614037335,-12.28822135925293,0.7070964574813843,0.0011228471994400024,0.7067176699638367,0.5085697174072266,8.945420995587483e-05,0.5054296851158142,0.0031627966091036797,-6.163784027099609,0.49430444836616516,1.9428944142418914e-05,0.5000483393669128,0.005743891000747681,-3.6563847064971924,0.9880480766296387,0.00183363095857203,1.0,0.011951923370361328,-2.192837715148926,0.08242112398147583,0.016588080674409866,0.0,0.08242112398147583,-0.9258342981338501,0.10298321396112442,0.0,0.10298321396112442,0.08710867911577225,0.0,0.08710867911577225,0.050362881273031235,0.050362881273031235,1.0,1.0,-19.047441482543945,1784745847.5522027,16.69047451019287,,24.973810887744342,0.0,0.0,,False,1.087939739227295
138,0.006853844970464706,8.664655410939304e-07,0.007367331068962812,0.005082058720290661,5.461005230245064e-07,0.005117080174386501,0.0005146790063008666,-12.198501586914062,0.7084314823150635,0.0011268178932368755,0.7113108038902283,0.5085902810096741,8.983604493550956e-05,0.5089791417121887,0.002905461238697171,-6.210543155670166,0.4944050908088684,1.9538294509402476e-05,0.49999916553497314,0.005594074726104736,-3.701799154281616,0.9895437955856323,0.0018358246888965368,1.0,0.010456204414367676,-2.2014145851135254,0.09886579215526581,0.017229430377483368,0.0,0.09886579215526581,-0.8279741406440735,0.09854516386985779,0.0,0.09854516386985779,0.07945320755243301,0.0,0.07945320755243301,0.04469156637787819,0.04469156637787819,1.0,1.0,-19.01783561706543,1784745847.6572921,16.79556393623352,,24.85434958262327,0.0,0.0,,False,1.087939739227295
139,0.006865146104246378,8.829139233057504e-07,0.006196627859026194,0.0051017748191952705,5.558843554354098e-07,0.004292375408113003,0.0010497828479856253,-11.49113655090332,0.7102668285369873,0.0011329356348142028,0.7144559025764465,0.5086308121681213,9.032365051098168e-05,0.5113320350646973,0.004984470549970865,-6.1615142822265625,0.4945305287837982,1.9686969608301297e-05,0.49997320771217346,0.005442678928375244,-3.7464938163757324,0.9910567998886108,0.0018395419465377927,1.0,0.00894320011138916,-2.2084414958953857,0.11465473473072052,0.017585480585694313,0.0,0.11465473473072052,-0.727636456489563,0.09461209923028946,0.0,0.09461209923028946,0.07299491763114929,0.0,0.07299491763114929,0.0400419719517231,0.0400419719517231,1.0,1.0,-18.293596267700195,1784745847.7414227,16.87969446182251,,24.010648928136966,0.0,0.0,,False,1.087939739227295
140,0.0068803513422608376,9.069024713426188e-07,0.007473737467080355,0.005120768211781979,5.709092647521175e-07,0.005167829804122448,0.0005952494102530181,-12.110690116882324,0.7123457193374634,0.0011439775116741657,0.7180867791175842,0.5085926055908203,9.106920333579183e-05,0.5081384181976318,0.005758997984230518,-6.185152053833008,0.49461668729782104,1.9914392396458425e-05,0.49997350573539734,0.005356818437576294,-3.7726240158081055,0.9918075799942017,0.0018561194883659482,1.0,0.00819242000579834,-2.207615613937378,0.12765271961688995,0.018241843208670616,0.0,0.12765271961688995,-0.6364362239837646,0.0905640497803688,0.0,0.0905640497803688,0.06840693950653076,0.0,0.06840693950653076,0.03681723028421402,0.03681723028421402,1.0,0.0,-18.94512367248535,1784745847.8455603,16.983832120895386,,23.818475678435817,0.05362364971656031,0.0,,False,1.087939739227295
141,0.006897370796650648,8.988971558210324e-07,0.007641073316335678,0.00517411669716239,5.731852183998853e-07,0.005286348517984152,0.0007521233055740595,-11.990560531616211,0.7152130007743835,0.0011421514209359884,0.7221066951751709,0.5090311765670776,9.085376223083586e-05,0.5081110000610352,0.006954836193472147,-6.177209377288818,0.4949875771999359,2.005470742005855e-05,0.5000118017196655,0.005024224519729614,-3.8602356910705566,0.9963634014129639,0.0018350842874497175,1.0,0.003636598587036133,-2.227790594100952,0.1455097496509552,0.017207738012075424,0.0,0.1455097496509552,-0.4970395565032959,0.0826457217335701,0.0,0.0826457217335701,0.05596526339650154,0.0,0.05596526339650154,0.028421124443411827,0.028421124443411827,1.0,0.0,-18.862445831298828,1784745847.9613225,17.099594354629517,,23.543624587548145,0.24664396691358936,0.0,,False,1.087939739227295
142,0.00690181739628315,9.10927383301896e-07,0.006704061292111874,0.0052219172939658165,5.86897158427746e-07,0.0046594166196882725,0.0005962503491900861,-11.999707221984863,0.7181279063224792,0.0011498728999868035,0.724981963634491,0.5094588398933411,9.083478653337806e-05,0.5120824575424194,0.007339037489145994,-6.141092300415039,0.495388388633728,2.011886863328982e-05,0.5000133514404297,0.00462496280670166,-3.956389904022217,0.9992419481277466,0.0018352651968598366,1.0,0.000758051872253418,-2.2311880588531494,0.16107594966888428,0.016926627606153488,0.0,0.16107594966888428,-0.3540855050086975,0.07943423837423325,0.0,0.07943423837423325,0.04944665729999542,0.0,0.04944665729999542,0.02424059435725212,0.02424059435725212,1.0,0.0,-18.890775680541992,1784745848.0530837,17.19135546684265,,23.297103345903636,0.5826183356052168,0.0,,False,1.087939739227295
143,0.006923438515514135,9.355734960081463e-07,0.007516047917306423,0.005263163708150387,6.064508397685131e-07,0.005220954772084951,0.0005941106355749071,-12.071843147277832,0.7213530540466309,0.0011661340249702334,0.7287618517875671,0.5098915696144104,9.163942013401538e-05,0.512444257736206,0.007836230099201202,-6.128889560699463,0.4957597255706787,2.0319941540947184e-05,0.4999629855155945,0.0042032599449157715,-4.048284530639648,1.0005404949188232,0.0018601765623316169,1.0,0.0005404949188232422,-2.224525213241577,0.17391985654830933,0.01685560867190361,0.0,0.17391985654830933,-0.22532576322555542,0.07470794767141342,0.0,0.07470794767141342,0.043640267103910446,0.0,0.043640267103910446,0.020654676482081413,0.020654676482081413,1.0,0.0,-18.999095916748047,1784745848.1577256,17.295997381210327,,23.158902340465183,1.0473524460799863,0.0,,False,1.087939739227295
144,0.0069524310529232025,9.670558256402728e-07,0.006213116925209761,0.00531444838270545,6.307338367150805e-07,0.004303405061364174,0.0012525151250883937,-11.131882667541504,0.725303590297699,0.001185617526061833,0.7313831448554993,0.510188102722168,9.285315172746778e-05,0.5106972455978394,0.006100837141275406,-6.156130790710449,0.49602872133255005,2.0515572032309137e-05,0.4998232424259186,0.0037945210933685303,-4.1273112297058105,1.0012624263763428,0.0018955880077555776,1.0,0.0012624263763427734,-2.214754343032837,0.18390530347824097,0.01712675392627716,0.0,0.18390530347824097,-0.1272401213645935,0.07029106467962265,0.0,0.07029106467962265,0.03937405347824097,0.0,0.03937405347824097,0.018108533695340157,0.018108533695340157,1.0,0.0,-18.12044334411621,1784745848.2431707,17.381442546844482,,22.142048762394893,1.610172198415718,0.0,,False,1.087939739227295
145,0.006995761767029762,1.0060779231935157e-06,0.007679857313632965,0.005361155606806278,6.587143843717058e-07,0.005323025863617659,0.0006851573707535863,-11.949653625488281,0.7293636798858643,0.001210113288834691,0.7344865202903748,0.5104215145111084,9.442646114621311e-05,0.5107043981552124,0.005130644887685776,-6.143220901489258,0.49622541666030884,2.0743775166920386e-05,0.4998716413974762,0.0036462247371673584,-4.1522369384765625,1.0008349418640137,0.0019452449632808566,1.0,0.0008349418640136719,-2.202065944671631,0.1928754299879074,0.017693115398287773,0.0,0.1928754299879074,-0.04706871509552002,0.06478551030158997,0.0,0.06478551030158997,0.03530418127775192,0.0,0.03530418127775192,0.015754269436001778,0.015754269436001778,1.0,0.0,-18.940349578857422,1784745848.3478003,17.486072063446045,,21.945101419065814,2.253163357020523,0.0,,False,1.087939739227295
146,0.00704153161495924,1.0427881989016896e-06,0.007990607991814613,0.005409779027104378,6.838310468992859e-07,0.005549547262489796,0.0009593128343112767,-11.700530052185059,0.733196496963501,0.001230538124218583,0.738105058670044,0.5107444524765015,9.602039062883705e-05,0.5108230113983154,0.004909190349280834,-6.127927780151367,0.49641188979148865,2.0944049538229592e-05,0.49998849630355835,0.003576606512069702,-4.162501335144043,1.0001100301742554,0.0019929592963308096,1.0,0.0001100301742553711,-2.1901257038116455,0.20305612683296204,0.018069034442305565,0.0,0.20305612683296204,0.05311250686645508,0.05978007614612579,0.0,0.05978007614612579,0.031228233128786087,0.0,0.031228233128786087,0.013474593870341778,0.013474593870341778,1.0,0.0,-18.684123992919922,1784745848.452931,17.59120273590088,,21.491928489799236,2.9963357375873034,0.0,,False,1.087939739227295
147,0.00711421575397253,1.0832468433363829e-06,0.006373144220560789,0.005443107336759567,7.097198704286711e-07,0.0044253114610910416,0.0012590057449415326,-11.125802040100098,0.7370187640190125,0.0012515030102804303,0.740691602230072,0.5111603736877441,9.836610115598887e-05,0.5108599662780762,0.003685103263705969,-6.111387252807617,0.49655383825302124,2.1196647139731795e-05,0.4999578297138214,0.003403991460800171,-4.18856954574585,0.9977649450302124,0.002062523504719138,1.0,0.0022350549697875977,-2.1717631816864014,0.21231971681118011,0.018447156995534897,0.0,0.21231971681118011,0.14437532424926758,0.05217352882027626,0.0,0.05217352882027626,0.02671639807522297,0.0,0.02671639807522297,0.011049628257751465,0.011049628257751465,1.0,0.0,-18.109195709228516,1784745848.5475347,17.68580651283264,,20.46382727684125,3.830770935536896,0.0,,False,1.087939739227295
148,0.007163613103330135,1.1331247833368252e-06,0.007715271785855293,0.005478890612721443,7.400122399303655e-07,0.005349335726350546,0.0005666672368533909,-11.920061111450195,0.7412186861038208,0.0012734602205455303,0.7437825798988342,0.5113866329193115,9.988709643948823e-05,0.5108933448791504,0.0026109162718057632,-6.097067356109619,0.49672582745552063,2.135027534677647e-05,0.49981892108917236,0.0030930936336517334,-4.2342305183410645,0.9950859546661377,0.00212806835770607,1.0,0.004914045333862305,-2.151658296585083,0.21954399347305298,0.01915946789085865,0.0,0.21954399347305298,0.1993117332458496,0.04688677936792374,0.0,0.04688677936792374,0.023535707965493202,0.0,0.023535707965493202,0.009407700039446354,0.009407700039446354,1.0,1.0,-18.91482925415039,1784745848.6523032,17.79057502746582,,20.24135960880514,4.720142542483071,0.0,,False,1.087939739227295
149,0.007164826616644859,1.1395945875847246e-06,0.0075686778873205185,0.005468567833304405,7.411506430798909e-07,0.005251580849289894,0.00045845305430702865,-11.95875072479248,0.7426469326019287,0.0012705749832093716,0.7468501925468445,0.5114381313323975,9.95086447801441e-05,0.5108277797698975,0.0042473431676626205,-6.095074653625488,0.49669259786605835,2.119010423484724e-05,0.4997650682926178,0.0030724704265594482,-4.239302158355713,0.9891597032546997,0.0022209500893950462,1.0,0.010840296745300293,-2.109516143798828,0.21246090531349182,0.019513137638568878,0.3251660168170929,0.11270511150360107,-0.7239108681678772,0.04948163032531738,0.0,0.04948163032531738,0.02761574648320675,0.0,0.02761574648320675,0.011524303816258907,0.011524303816258907,1.0,1.0,-18.9544620513916,1784745848.7460794,17.88435125350952,,20.05852473801024,4.686291548015519,0.0,,False,1.087939739227295
150,0.007304193917661905,1.351553351014445e-06,0.007775493431836367,0.005528881214559078,8.556619377486641e-07,0.005382348317652941,0.0004935535253025591,-11.810226440429688,0.7568737268447876,0.0013255287194624543,0.7503978610038757,0.5113170146942139,9.617982868803665e-05,0.5104069709777832,0.006539496593177319,-6.079615592956543,0.49802935123443604,1.9924571461160667e-05,0.4997071921825409,0.0016778409481048584,-4.422194480895996,0.9848507642745972,0.0021903463639318943,1.0,0.015149235725402832,-2.090520143508911,0.20716971158981323,0.020566025748848915,0.33000001311302185,0.12283030152320862,-0.6563177108764648,0.04260646179318428,0.0,0.04260646179318428,0.02767852693796158,0.0,0.02767852693796158,0.011557604186236858,0.011557604186236858,1.0,2.0,-18.88501739501953,1784745848.8610187,17.999290466308594,,19.806245210843272,4.720033710839379,0.0,,False,1.087939739227295
151,0.007315784692764282,1.3312344435689738e-06,0.006617293227463961,0.005571660585701466,8.514497267242405e-07,0.004580188076943159,0.0012128099333494902,-11.154478073120117,0.7613486051559448,0.0012927253264933825,0.7529005408287048,0.5118733048439026,9.70122855505906e-05,0.5105470418930054,0.008551535196602345,-6.071290969848633,0.4980589747428894,2.0111909179831855e-05,0.4996837377548218,0.001624763011932373,-4.422531604766846,0.9904018640518188,0.002268876414746046,1.0,0.009598135948181152,-2.104994773864746,0.20182842016220093,0.017459049820899963,0.33000001311302185,0.12817159295082092,-0.6345390677452087,0.04634619876742363,0.0,0.04634619876742363,0.030072234570980072,0.0,0.030072234570980072,0.012843080796301365,0.012843080796301365,1.0,1.0,-18.222776412963867,1784745848.9453702,18.08364200592041,,18.89172470162064,4.775554516794496,0.0,,False,1.087939739227295
152,0.007280139252543449,1.3531355307350168e-06,0.007902661338448524,0.00561380572617054,8.603412311458669e-07,0.005474898032844067,0.0006378315738402307,-11.747221946716309,0.7623891830444336,0.001286736805923283,0.7557656168937683,0.5114175081253052,9.669506835052744e-05,0.5101190805435181,0.006749632768332958,-6.086154460906982,0.4980424642562866,1.9977474948973395e-05,0.4996609687805176,0.001618504524230957,-4.4259514808654785,0.9875987768173218,0.0023218397982418537,1.0,0.012401223182678223,-2.0806407928466797,0.20093271136283875,0.017382275313138962,0.33000001311302185,0.1290673017501831,-0.6280367374420166,0.049746036529541016,0.0,0.049746036529541016,0.033554255962371826,0.0,0.033554255962371826,0.014765637926757336,0.014765637926757336,1.0,2.0,-18.82912254333496,1784745849.0535717,18.191843509674072,,18.5835503227691,4.837577653052804,0.0,,False,1.087939739227295
153,0.007275789510458708,1.3330701449376647e-06,0.007993508130311966,0.005663726478815079,8.446722290500475e-07,0.005544314160943031,0.0007275845855474472,-11.716645240783691,0.7650911808013916,0.0012575326254591346,0.7589724063873291,0.5113442540168762,9.641838551033288e-05,0.509998083114624,0.00626510800793767,-6.100547790527344,0.49796262383461,1.9890338080585934e-05,0.49952206015586853,0.001559436321258545,-4.432568550109863,0.9920363426208496,0.0024009253829717636,1.0,0.00796365737915039,-2.0838046073913574,0.19648639857769012,0.016192035749554634,0.33000001311302185,0.13351361453533173,-0.5922271013259888,0.05368670076131821,0.0,0.05368670076131821,0.03554409369826317,0.0,0.03554409369826317,0.0158909410238266,0.0158909410238266,1.0,2.0,-18.81336784362793,1784745849.160046,18.298317909240723,,18.25962124421053,4.935410425427141,0.0,,False,1.087939739227295
154,0.007238820195198059,1.312215204052336e-06,0.00648962939158082,0.005714306607842445,8.27793201096938e-07,0.00447258772328496,0.0014502250123769045,-10.79109001159668,0.7666207551956177,0.0012419469421729445,0.7613256573677063,0.5109520554542542,9.545403008814901e-05,0.5098854303359985,0.005401458125561476,-6.1188459396362305,0.49784815311431885,1.9660621546790935e-05,0.49938836693763733,0.0015402138233184814,-4.439177513122559,0.992356538772583,0.002492285333573818,1.0,0.007643461227416992,-2.0666184425354004,0.19438953697681427,0.015437641181051731,0.33000001311302185,0.13561047613620758,-0.5709061622619629,0.05764349550008774,0.0,0.05764349550008774,0.037549592554569244,0.0,0.037549592554569244,0.017043855041265488,0.017043855041265488,1.0,1.0,-17.9057559967041,1784745849.2446146,18.38288640975952,,17.02808031872813,5.054564136865503,0.0,,False,1.087939739227295
155,0.007230621762573719,1.2859543403465068e-06,0.00782646145671606,0.005748612806200981,8.062856977630872e-07,0.005421143490821123,0.0006798978429287672,-11.755001068115234,0.7692759037017822,0.001220252481289208,0.7640330195426941,0.5101960897445679,9.410476923221722e-05,0.5092917680740356,0.005320303607732058,-6.136414051055908,0.49770790338516235,1.938005880219862e-05,0.49924948811531067,0.0015415847301483154,-4.4453816413879395,0.9935315847396851,0.002610336057841778,1.0,0.006468415260314941,-2.047185182571411,0.1921469271183014,0.014605425298213959,0.3296777307987213,0.13753080368041992,-0.5467187762260437,0.06208890303969383,0.0,0.06208890303969383,0.03847594931721687,0.0,0.03847594931721687,0.017582572996616364,0.017582572996616364,1.0,0.0,-18.886823654174805,1784745849.350223,18.488494873046875,,16.777607050716433,5.1979052343397845,0.0,,False,1.087939739227295
156,0.007315920200198889,1.3430034186967532e-06,0.008454687893390656,0.005722495727241039,8.194999168154027e-07,0.005868156440556049,0.001148045645095408,-11.433969497680664,0.7712438702583313,0.0011871446622535586,0.7672497630119324,0.5100705027580261,9.042706369655207e-05,0.509041428565979,0.004124546889215708,-6.173133373260498,0.49783432483673096,1.8025661120191216e-05,0.49902212619781494,0.0011878013610839844,-4.503783702850342,1.0018175840377808,0.002385222353041172,1.0,0.0018175840377807617,-2.0996005535125732,0.17329010367393494,0.015156108886003494,0.33000001311302185,0.15670990943908691,-0.36556899547576904,0.056454095989465714,0.0,0.056454095989465714,0.04301241785287857,0.0,0.04301241785287857,0.02027512528002262,0.02027512528002262,1.0,0.0,-18.62436866760254,1784745849.46554,18.603811740875244,,16.264678796132472,5.522396112564341,0.0,,False,1.087939739227295
157,0.007343173027038574,1.4185392274157493e-06,0.0067382133565843105,0.005747195333242416,8.460776257379621e-07,0.0046563767828047276,0.0012473417446017265,-11.054216384887695,0.7752885818481445,0.0011964499717578292,0.7695115208625793,0.5093387365341187,9.0462424850557e-05,0.5088250637054443,0.005799852777272463,-6.166203498840332,0.497616171836853,1.804833664209582e-05,0.49883371591567993,0.0012175440788269043,-4.501221656799316,1.0013837814331055,0.002491523278877139,1.0,0.0013837814331054688,-2.0781078338623047,0.17085431516170502,0.015396831557154655,0.33000001311302185,0.15914569795131683,-0.34537237882614136,0.05628267675638199,0.0,0.05628267675638199,0.044117510318756104,0.0,0.044117510318756104,0.02094428613781929,0.02094428613781929,0.0,0.0,-18.237789154052734,1784745849.549134,18.687405824661255,,15.365171027998706,5.867083607438524,0.0,,False,1.087939739227295
158,0.00736123975366354,1.3854239568900084e-06,0.007978405803442001,0.005697236396372318,8.052650173340226e-07,0.005513767711818218,0.0006438592099584639,-11.764556884765625,0.775423526763916,0.0011846229899674654,0.772700309753418,0.508490800857544,8.827977580949664e-05,0.5082498788833618,0.0027338534127920866,-6.195328712463379,0.4972970485687256,1.748365866660606e-05,0.498446524143219,0.0011494755744934082,-4.520396709442139,1.011121392250061,0.002724042162299156,1.0,0.011121392250061035,-2.0111782550811768,0.1653791218996048,0.01376938633620739,0.3296777307987213,0.16429860889911652,-0.24349600076675415,0.058165520429611206,0.0,0.058165520429611206,0.042552363127470016,0.0,0.042552363127470016,0.019998054951429367,0.019998054951429367,0.0,0.0,-18.98101806640625,1784745849.6546116,18.79288339614868,,15.208892172218455,6.313647480372095,0.0,,False,1.087939739227295
159,0.007537375204265118,1.5685384369135136e-06,0.006671055685728788,0.00565754808485508,8.986496595753124e-07,0.004619687329977751,0.0013519113417714834,-10.967435836791992,0.7813781499862671,0.0012376263039186597,0.7750217318534851,0.5075938701629639,8.976642857305706e-05,0.5080597400665283,0.006373467389494181,-6.151020526885986,0.4972662031650543,1.7957581803784706e-05,0.4982755184173584,0.0010093152523040771,-4.516445636749268,1.0087734460830688,0.0029710764065384865,1.0,0.008773446083068848,-1.9775232076644897,0.16896244883537292,0.01545203011482954,0.33000001311302185,0.16103756427764893,-0.32692039012908936,0.05295121669769287,0.0,0.05295121669769287,0.03836844116449356,0.0,0.03836844116449356,0.01751985400915146,0.01751985400915146,0.0,0.0,-18.146474838256836,1784745849.7412486,18.879520416259766,,14.21807008828879,6.676786963943331,0.0,,False,1.087939739227295
160,0.007655477151274681,1.615149699318863e-06,0.007888716645538807,0.005582524463534355,8.975029572866333e-07,0.005449127405881882,0.00026869209250435233,-11.76523494720459,0.7866026163101196,0.0012448044726625085,0.7776718735694885,0.506072998046875,9.042189049068838e-05,0.5072038173675537,0.009002050384879112,-6.122915744781494,0.49656859040260315,1.773406438587699e-05,0.4978993535041809,0.0013307631015777588,-4.501142978668213,1.0099847316741943,0.0033059469424188137,1.0,0.009984731674194336,-1.9219995737075806,0.15725049376487732,0.013536525890231133,0.33000001311302185,0.17274951934814453,-0.1299515962600708,0.053742580115795135,0.0,0.053742580115795135,0.03880036249756813,0.0,0.03880036249756813,0.017772147431969643,0.017772147431969643,0.0,0.0,-18.914138793945312,1784745849.8452387,18.983510494232178,,13.994911960047602,7.236895241383586,0.0,,False,1.087939739227295
161,0.007687652483582497,1.652022433518141e-06,0.008314373902976513,0.005620942451059818,9.144043247033551e-07,0.005730587523430586,0.0006362403510138392,-11.64592170715332,0.7913569211959839,0.0012663219822570682,0.7806537747383118,0.5047725439071655,8.975016680778936e-05,0.5058770179748535,0.010759981349110603,-6.105154037475586,0.49596527218818665,1.749858165567275e-05,0.49763602018356323,0.001670747995376587,-4.477996349334717,1.0065354108810425,0.003559715114533901,1.0,0.0065354108810424805,-1.8940995931625366,0.1548018604516983,0.012932965531945229,0.3296777307987213,0.174875870347023,-0.07273852825164795,0.05258964002132416,0.0,0.05258964002132416,0.03788923844695091,0.0,0.03788923844695091,0.01724092848598957,0.01724092848598957,0.0,0.0,-18.76904296875,1784745849.9520862,19.090358018875122,,13.626658006611102,7.854216586832262,0.0,,False,1.087939739227295
162,0.007705342024564743,1.6801154743006919e-06,0.007144187577068806,0.0056510972790420055,9.271996077586664e-07,0.0049484907649457455,0.0008991942158900201,-11.396074295043945,0.7954389452934265,0.001288013532757759,0.7828667759895325,0.5034761428833008,8.912310295272619e-05,0.5017857551574707,0.012685300782322884,-6.074807167053223,0.49532851576805115,1.7244285118067637e-05,0.4973028004169464,0.0019742846488952637,-4.452059268951416,1.0019301176071167,0.00380960525944829,1.0,0.0019301176071166992,-1.8656872510910034,0.15218432247638702,0.012362657114863396,0.33000001311302185,0.17781569063663483,0.0011883974075317383,0.05154222622513771,0.0,0.05154222622513771,0.03715558722615242,0.0,0.03715558722615242,0.016815893352031708,0.016815893352031708,0.0,0.0,-18.481950759887695,1784745850.0431309,19.181402683258057,,12.971311844312297,8.545464857940118,0.0,,False,1.087939739227295
163,0.007715264335274696,1.6992670452964376e-06,0.005147429183125496,0.005673173815011978,9.36795913730748e-07,0.003558887867256999,0.003326256526634097,-7.419095993041992,0.799246072769165,0.0013130067382007837,0.7858837246894836,0.5021119117736816,8.86740890564397e-05,0.4998992681503296,0.013544302433729172,-6.04951286315918,0.4946606755256653,1.6990321455523372e-05,0.4966537356376648,0.0019930601119995117,-4.455595970153809,0.9952455759048462,0.004091387614607811,1.0,0.004754424095153809,-1.8277347087860107,0.15003415942192078,0.011862575076520443,0.3296777307987213,0.17964357137680054,0.06199157238006592,0.050789836794137955,0.0,0.050789836794137955,0.03631339222192764,0.0,0.03631339222192764,0.016331002116203308,0.016331002116203308,0.0,0.0,-14.486505508422852,1784745850.1485193,19.2867910861969,,8.320520430548648,9.297516304020508,0.0,,False,1.087939739227295
164,0.007734126877039671,1.7208741383001325e-06,0.010180703364312649,0.005683506838977337,9.485958116783877e-07,0.006998002063483,0.002777343150228262,-9.082681655883789,0.80314040184021,0.0013426343211904168,0.7880886197090149,0.500891923904419,8.799445640761405e-05,0.5028336048126221,0.015176503919064999,-6.032009601593018,0.4940508008003235,1.6713058357709087e-05,0.4963124990463257,0.0022616982460021973,-4.427689075469971,0.9863303899765015,0.004345896188169718,1.0,0.013669610023498535,-1.7788249254226685,0.15004047751426697,0.011562846601009369,0.33000001311302185,0.17995953559875488,0.08936870098114014,0.05016555264592171,0.0,0.05016555264592171,0.03533899784088135,0.0,0.03533899784088135,0.015774082392454147,0.015774082392454147,0.0,0.0,-16.122133255004883,1784745850.2435427,19.38181447982788,,5.665955080945267,10.076944878701973,0.0,,False,1.087939739227295
165,0.0077219936065375805,1.7561410459165927e-06,0.008170261047780514,0.00569445826113224,9.697677114672842e-07,0.005624319426715374,0.0004537214699666947,-11.6516752243042,0.8047366738319397,0.0013741245493292809,0.7907437682151794,0.4998256266117096,8.838564826874062e-05,0.4990701675415039,0.014013283886015415,-6.049518585205078,0.49351486563682556,1.6830887034302577e-05,0.49608132243156433,0.0025664567947387695,-4.38153600692749,0.9800466299057007,0.00452561816200614,1.0,0.019953370094299316,-1.7360750436782837,0.14645758271217346,0.011112414300441742,0.33000001311302185,0.1835424304008484,0.1848665475845337,0.050699252635240555,0.0,0.050699252635240555,0.03571270778775215,0.0,0.03571270778775215,0.015987152233719826,0.015987152233719826,0.0,0.0,-18.682058334350586,1784745850.3489637,19.48723554611206,,5.121193668781181,10.95187129998683,0.0,,False,1.087939739227295
166,0.007725857198238373,1.7994258314502076e-06,0.008666926063597202,0.005703630857169628,9.98760015136213e-07,0.005950691644102335,0.0009729592129588127,-11.407880783081055,0.8076395392417908,0.001417843741364777,0.7938389182090759,0.4986952245235443,8.885751594789326e-05,0.4958688020706177,0.014087079092860222,-5.993553161621094,0.4929367005825043,1.695143510005437e-05,0.4957888126373291,0.002852112054824829,-4.333703517913818,0.9693007469177246,0.004734691698104143,1.0,0.03069925308227539,-1.657955288887024,0.14470691978931427,0.010830704122781754,0.33000001311302185,0.18529309332370758,0.24126267433166504,0.05097918212413788,0.0,0.05097918212413788,0.0358109287917614,0.0,0.0358109287917614,0.01604326255619526,0.01604326255619526,0.0,1.0,-18.36957550048828,1784745850.4644752,19.602746963500977,,4.888915090479401,11.88319384801882,0.0,,False,1.087939739227295
167,0.007764894515275955,1.9093408809567336e-06,0.00670743128284812,0.005655555985867977,1.070415464710095e-06,0.004567241296172142,0.0015174509026110172,-10.77414321899414,0.8086743354797363,0.0014697568258270621,0.796104907989502,0.4975956976413727,9.373221837449819e-05,0.49712884426116943,0.012578094378113747,-6.006076335906982,0.4919048249721527,1.822427657316439e-05,0.4952811002731323,0.0033762753009796143,-4.224690914154053,0.9565391540527344,0.005161591339856386,1.0,0.043460845947265625,-1.5313454866409302,0.13298121094703674,0.010924827307462692,0.33000001311302185,0.1970188021659851,0.43710243701934814,0.05316505208611488,0.0,0.05316505208611488,0.04124248027801514,0.0,0.04124248027801514,0.01921406202018261,0.01921406202018261,0.0,0.0,-17.691349029541016,1784745850.5489855,19.687257289886475,,5.334862983124886,13.010356158738492,0.0,,False,1.087939739227295
168,0.00776356877759099,1.809289301490935e-06,0.008418179117143154,0.005672890692949295,1.0138768402612186e-06,0.0057128178887069225,0.0006558268796652555,-11.555068969726562,0.812575101852417,0.0014645137125626206,0.7988091111183167,0.4973219931125641,8.846953278407454e-05,0.49663710594177246,0.013783017173409462,-6.02431583404541,0.4920264780521393,1.7069609384634532e-05,0.4946461319923401,0.0026196539402008057,-4.369149208068848,0.9509761333465576,0.004969130735844374,1.0,0.04902386665344238,-1.4914897680282593,0.1372968554496765,0.010755498893558979,0.33000001311302185,0.19270315766334534,0.3790726661682129,0.05418764427304268,0.0,0.05418764427304268,0.03839954733848572,0.0,0.03839954733848572,0.01753799431025982,0.01753799431025982,0.0,0.0,-18.55909538269043,1784745850.6572762,19.79554796218872,,4.913064522620957,14.07948869860703,0.0,,False,1.087939739227295
169,0.007737471256405115,1.83590964297764e-06,0.008442793041467667,0.005699414759874344,1.0360770374973072e-06,0.0057182833552360535,0.0007055741152726114,-11.520484924316406,0.814385175704956,0.0015123456250876188,0.801943302154541,0.496567964553833,8.900293323677033e-05,0.49571800231933594,0.012470872141420841,-6.017353057861328,0.4915684461593628,1.724310095596593e-05,0.49451857805252075,0.002950131893157959,-4.312740802764893,0.9415340423583984,0.005160931497812271,1.0,0.05846595764160156,-1.3832128047943115,0.13394340872764587,0.010397369042038918,0.0,0.13394340872764587,-0.501404345035553,0.055835574865341187,0.0,0.055835574865341187,0.039319273084402084,0.0,0.039319273084402084,0.018076347187161446,0.018076347187161446,0.0,0.0,-18.490737915039062,1784745850.7626617,19.900933504104614,,4.559623529768395,14.2681442272718,0.0,,False,1.087939739227295
170,0.007819016464054585,1.9190490547771333e-06,0.00691143749281764,0.00562431151047349,1.1007865623469115e-06,0.004659945145249367,0.0013242741115391254,-10.966668128967285,0.8170138001441956,0.0015888564521446824,0.8041378855705261,0.4956056773662567,9.390057675773278e-05,0.4953573942184448,0.012878308072686195,-5.968629837036133,0.4907160997390747,1.846175109676551e-05,0.494392991065979,0.003676891326904297,-4.164816379547119,0.9173891544342041,0.005826911889016628,1.0,0.0826108455657959,-1.068089246749878,0.10314998775720596,0.009886441752314568,0.0,0.10314998775720596,-0.8512503504753113,0.052577562630176544,0.0,0.052577562630176544,0.04487248510122299,0.0,0.04487248510122299,0.021404337137937546,0.021404337137937546,0.0,0.0,-17.8239803314209,1784745850.845586,19.98385787010193,,4.872940120533997,14.106953750496814,0.0,,False,1.087939739227295
171,0.007879569195210934,1.959681867447216e-06,0.008696061559021473,0.0056088706478476524,1.1469817309261998e-06,0.0058545744977891445,0.0008526606252416968,-11.376264572143555,0.8199897408485413,0.001657237415201962,0.8071525692939758,0.4952854514122009,9.424628660781309e-05,0.4945247173309326,0.012859692797064781,-5.9454345703125,0.49041101336479187,1.8643911971594207e-05,0.49375244975090027,0.0033414363861083984,-4.226624011993408,0.9009970426559448,0.00613935012370348,1.0,0.09900295734405518,-0.8293203711509705,0.09436768293380737,0.010174787603318691,0.0,0.09436768293380737,-0.937368631362915,0.05109449103474617,0.0,0.05109449103474617,0.04579448699951172,0.0,0.04579448699951172,0.021969318389892578,0.021969318389892578,0.0,0.0,-18.24592399597168,1784745850.9502752,20.088546991348267,,4.764313046748818,13.859644992834223,0.0,,False,1.087939739227295
172,0.007916629314422607,1.9728083771042293e-06,0.007330480497330427,0.005601809360086918,1.1777614190577879e-06,0.004941200837492943,0.0008831613813526928,-11.283751487731934,0.8228564858436584,0.0017119577387347817,0.809318482875824,0.49534207582473755,9.377460082760081e-05,0.49412238597869873,0.013592835515737534,-5.92302942276001,0.490354984998703,1.861606870079413e-05,0.49342280626296997,0.0030678212642669678,-4.274024486541748,0.886991024017334,0.006361864507198334,1.0,0.11300897598266602,-0.6060608625411987,0.08690838515758514,0.010354772210121155,0.0,0.08690838515758514,-1.0015010833740234,0.05070571228861809,0.0,0.05070571228861809,0.04685160145163536,0.0,0.04685160145163536,0.022621313109993935,0.022621313109993935,0.0,0.0,-18.15918731689453,1784745851.0466957,20.184967517852783,,4.742422652040787,13.548203783160524,0.0,,False,1.087939739227295
173,0.007964243181049824,1.976292878680397e-06,0.008586976677179337,0.005591935478150845,1.198258019030618e-06,0.005747732240706682,0.0006419264827854931,-11.438346862792969,0.8259700536727905,0.001755700446665287,0.8119938969612122,0.4956575334072113,9.27613873500377e-05,0.4935871362686157,0.014128676615655422,-5.898573398590088,0.4904462695121765,1.8403581634629518e-05,0.4929993748664856,0.002553105354309082,-4.355449676513672,0.8747119903564453,0.006493863649666309,0.9685845375061035,0.0938725471496582,-0.9210193753242493,0.08094830065965652,0.010482342913746834,0.0,0.08094830065965652,-1.0475375652313232,0.05036691948771477,0.0,0.05036691948771477,0.04755157604813576,0.0,0.04755157604813576,0.023055482655763626,0.023055482655763626,0.0,0.0,-18.334930419921875,1784745851.1512856,20.289557456970215,,4.544789154305413,13.190726091629525,0.0,,False,1.087939739227295
174,0.00800302717834711,2.0094853425689507e-06,0.00857455562800169,0.005577711388468742,1.2409517466949183e-06,0.005701979156583548,0.0005848822765983641,-11.433256149291992,0.8282159566879272,0.0018234847811982036,0.8145322799682617,0.4956687092781067,9.415188105776906e-05,0.49445676803588867,0.013737241737544537,-5.891784191131592,0.49045899510383606,1.8696568076848052e-05,0.49188223481178284,0.0014232397079467773,-4.470476150512695,0.8557977676391602,0.006816942244768143,0.8742622137069702,0.01846444606781006,-1.5502270460128784,0.07241266965866089,0.010420694015920162,0.0,0.07241266965866089,-1.1114469766616821,0.05036810413002968,0.0,0.05036810413002968,0.04917561635375023,0.0,0.04917561635375023,0.024070242419838905,0.024070242419838905,0.0,1.0,-18.381919860839844,1784745851.255809,20.394080877304077,,4.3001662156520695,12.769338988668167,0.0,,False,1.087939739227295
175,0.00788973830640316,1.936142325575929e-06,0.008168590255081654,0.0055670421570539474,1.2123427950427867e-06,0.005417543463408947,0.0003163989167660475,-11.521709442138672,0.8223356604576111,0.0018435284728184342,0.8151596188545227,0.4955660104751587,9.919677540892735e-05,0.49685466289520264,0.007290829438716173,-5.897025108337402,0.4914514422416687,1.941128539328929e-05,0.49147477746009827,2.333521842956543e-05,-4.505875587463379,0.8199995756149292,0.007704372052103281,0.7961840629577637,0.023815512657165527,-1.477236270904541,0.048292845487594604,0.010494746267795563,0.0,0.048292845487594604,-1.2483890056610107,0.05786442011594772,0.0,0.05786442011594772,0.06220883131027222,0.0,0.06220883131027222,0.032568853348493576,0.032568853348493576,0.0,1.0,-18.492267608642578,1784745851.3635972,20.501868963241577,,3.945195529195992,12.21100985670748,0.0,,False,1.087939739227295
176,0.007902456447482109,2.0275656424928457e-06,0.00788145326077938,0.0053827399387955666,1.2768038004651316e-06,0.005202392116189003,0.00018156672012992203,-11.489190101623535,0.8151900768280029,0.0018475825199857354,0.8148465156555176,0.49397051334381104,0.00010449933324707672,0.4934685230255127,0.0006082997424528003,-5.890989303588867,0.49073994159698486,2.077420685964171e-05,0.4911981225013733,0.00045818090438842773,-4.466907978057861,0.7609742283821106,0.008091393858194351,0.7213305234909058,0.039643704891204834,-1.3924216032028198,0.031097188591957092,0.01193828135728836,0.0,0.031097188591957092,-1.2545626163482666,0.061462365090847015,0.0,0.061462365090847015,0.07387219369411469,0.0,0.07387219369411469,0.04066608101129532,0.04066608101129532,0.0,1.0,-18.435434341430664,1784745851.4574924,20.59576416015625,,3.6470581099518284,11.646507114059538,0.0,,False,1.087939739227295
177,0.007895832881331444,2.0633322037610924e-06,0.007095963228493929,0.005303790792822838,1.2850214261561632e-06,0.004644595552235842,0.0010364988120272756,-11.16596794128418,0.810836136341095,0.0018047601915895939,0.8139631152153015,0.4930962920188904,0.00010440550977364182,0.4928557872772217,0.0031362141016870737,-5.901414394378662,0.49018576741218567,2.036382102232892e-05,0.4906722903251648,0.000486522912979126,-4.476125240325928,0.6873073577880859,0.007617689203470945,0.6535605192184448,0.03374683856964111,-1.4449522495269775,0.02818945050239563,0.013950704596936703,0.0,0.02818945050239563,-1.1886937618255615,0.05787951499223709,0.0,0.05787951499223709,0.07668931782245636,0.0,0.07668931782245636,0.04268626123666763,0.04268626123666763,0.0,1.0,-18.12516212463379,1784745851.5404456,20.678717374801636,,3.65919290750454,11.147873225934301,0.0,,False,1.087939739227295
178,0.007859764620661736,2.045085011559422e-06,0.00868520699441433,0.005295099690556526,1.2513174851846998e-06,0.005645381286740303,0.0008966896566562355,-11.292203903198242,0.8106859922409058,0.0017127188621088862,0.8119915127754211,0.49316614866256714,0.00010064025991596282,0.49487221240997314,0.002148263854905963,-5.933980941772461,0.4903006851673126,1.904082455439493e-05,0.4895714819431305,0.0007292032241821289,-4.501560688018799,0.609035849571228,0.006638421677052975,0.6060960292816162,0.0029398202896118164,-1.5878510475158691,0.03630448877811432,0.016089096665382385,0.0,0.03630448877811432,-1.1049082279205322,0.047537703067064285,0.0,0.047537703067064285,0.07037308812141418,0.0,0.07037308812141418,0.03819101303815842,0.03819101303815842,0.0,1.0,-18.29016876220703,1784745851.64574,20.784011840820312,,3.5063210674840093,10.733024871714093,0.0,,False,1.087939739227295
179,0.0077736289240419865,2.0201673578412738e-06,0.008469571359455585,0.00527186319231987,1.2054141507178429e-06,0.0054872347973287106,0.0007285058381967247,-11.393516540527344,0.8063461780548096,0.0016233284259214997,0.8090046048164368,0.49271348118782043,0.00010073906742036343,0.49398231506347656,0.0029457041528075933,-5.965082168579102,0.4898141324520111,1.8758419173536822e-05,0.4894145131111145,0.00039961934089660645,-4.518738746643066,0.5607447624206543,0.006085908971726894,0.5748201012611389,0.01407533884048462,-1.615674376487732,0.023927360773086548,0.01614823192358017,0.0,0.023927360773086548,-1.1263067722320557,0.045699652284383774,0.0,0.045699652284383774,0.084124356508255,0.0,0.084124356508255,0.04813193157315254,0.04813193157315254,0.0,1.0,-18.424951553344727,1784745851.7522197,20.890491485595703,,3.2186664363257833,10.296777973182362,0.0,,False,1.087939739227295
180,0.007714798673987389,1.9848246211040532e-06,0.008537973277270794,0.005215316079556942,1.1590475423872704e-06,0.005493584088981152,0.0008689358364790678,-11.356966018676758,0.80085688829422,0.001540099154226482,0.8043274879455566,0.4919692575931549,9.891681838780642e-05,0.49161243438720703,0.0034888945519924164,-6.006138801574707,0.48945891857147217,1.842627716541756e-05,0.48917198181152344,0.00028693675994873047,-4.529693603515625,0.5324561595916748,0.005688786506652832,0.5297417640686035,0.002714395523071289,-1.6650429964065552,0.020285092294216156,0.017268572002649307,0.0,0.020285092294216156,-1.0985807180404663,0.046426158398389816,0.0,0.046426158398389816,0.09831750392913818,0.0,0.09831750392913818,0.05896282568573952,0.05896282568573952,0.0,1.0,-18.42672348022461,1784745851.8568225,20.995094299316406,,2.9292398782876745,9.88825712884222,0.0,,False,1.087939739227295
181,0.007625076919794083,1.9804920157184824e-06,0.007405676878988743,0.005112968385219574,1.1365854106770712e-06,0.004708283115178347,0.0004603330744430423,-11.487749099731445,0.7902300953865051,0.0014866027049720287,0.7999356389045715,0.4914494752883911,9.920765296556056e-05,0.4911320209503174,0.009710733778774738,-5.994710922241211,0.48922035098075867,1.8557460862211883e-05,0.4887087643146515,0.0005115866661071777,-4.521329402923584,0.5070934295654297,0.00544762285426259,0.510071873664856,0.0029784440994262695,-1.6865352392196655,0.00696931779384613,0.017925944179296494,0.0,0.00696931779384613,-1.0904598236083984,0.048081666231155396,0.0,0.048081666231155396,0.12015997618436813,0.0,0.12015997618436813,0.07665804773569107,0.07665804773569107,0.0,1.0,-18.54418182373047,1784745851.9514716,21.0897433757782,,2.5223549767437063,9.487857178934146,0.0,,False,1.087939739227295
182,0.007566538639366627,1.9963922568422277e-06,0.008877547457814217,0.005049202591180801,1.1248001783314976e-06,0.005605538375675678,0.0014241677708923817,-11.00511360168457,0.78324955701828,0.0014540049014613032,0.7920212745666504,0.49033868312835693,9.767345181899145e-05,0.49020934104919434,0.008772671222686768,-6.019235610961914,0.48886990547180176,1.857129973359406e-05,0.4882620573043823,0.0006078481674194336,-4.518060207366943,0.49121785163879395,0.00535085191950202,0.4974079728126526,0.006190121173858643,-1.6927305459976196,0.003381013870239258,0.01968129724264145,0.0,0.003381013870239258,-1.0448143482208252,0.05362629145383835,0.0,0.05362629145383835,0.1398925930261612,0.0,0.1398925930261612,0.09361886978149414,0.09361886978149414,0.0,1.0,-18.079532623291016,1784745852.057039,21.195310831069946,,2.5801192756391913,9.133102704413645,0.0,,False,1.087939739227295
183,0.007465857081115246,2.018818349824869e-06,0.006945337634533644,0.004957461729645729,1.117635406444606e-06,0.004374033305794001,0.0007818754529580474,-11.351385116577148,0.7715585231781006,0.001439583022147417,0.7857469916343689,0.4894281029701233,9.737010987009853e-05,0.48919427394866943,0.01419039536267519,-5.982117652893066,0.4885755479335785,1.8895645553129725e-05,0.48755186796188354,0.0010236799716949463,-4.491621971130371,0.4734499156475067,0.0054405368864536285,0.4893295168876648,0.01587960124015808,-1.6648260354995728,-0.0068304091691970825,0.021604130044579506,0.0,0.0068304091691970825,-0.997417151927948,0.06086694076657295,0.0,0.06086694076657295,0.1649896800518036,0.0,0.1649896800518036,0.11640210449695587,0.11640210449695587,0.0,1.0,-18.382890701293945,1784745852.1438065,21.2820782661438,,2.3345254965317466,8.825745426186021,0.0,,False,1.087939739227295
184,0.007399477995932102,2.115580628014868e-06,0.00866963155567646,0.004869439639151096,1.144703674071934e-06,0.005436755251139402,0.0013910920824855566,-11.013526916503906,0.7622725963592529,0.0014697049045935273,0.7782276272773743,0.48809486627578735,9.736733045428991e-05,0.488018274307251,0.015955215319991112,-5.95534610748291,0.4878854751586914,1.9324408640386537e-05,0.4868357479572296,0.001049727201461792,-4.479620933532715,0.45369499921798706,0.00570840435102582,0.4825671911239624,0.028872191905975342,-1.5909539461135864,-0.017981603741645813,0.02452418953180313,0.0,0.017981603741645813,-0.9285169243812561,0.07425250858068466,0.0,0.07425250858068466,0.1968180239200592,0.0,0.1968180239200592,0.14705641567707062,0.14705641567707062,0.0,1.0,-18.017614364624023,1784745852.2498143,21.388086080551147,,2.4542080540942237,8.58728837550509,0.0,,False,1.087939739227295
185,0.007303447462618351,2.162655619031284e-06,0.00812618900090456,0.004763591103255749,1.159506723524828e-06,0.005075247026979923,0.0008797915070317686,-11.319584846496582,0.7501575946807861,0.0014868647558614612,0.7693502902984619,0.48682326078414917,9.914183465298265e-05,0.4870455265045166,0.0191939827054739,-5.903024673461914,0.48713237047195435,2.0092478735023178e-05,0.4863883852958679,0.0007439851760864258,-4.474869251251221,0.4368588328361511,0.005940378177911043,0.4783940315246582,0.04153519868850708,-1.4988453388214111,-0.02801544964313507,0.025716403499245644,0.23396484553813934,0.2619802951812744,0.42305922508239746,0.08657912909984589,0.0,0.08657912909984589,0.22379226982593536,0.0,0.22379226982593536,0.17441894114017487,0.17441894114017487,0.0,1.0,-18.279438018798828,1784745852.3558471,21.4941189289093,,2.312066957481896,9.700407474287811,0.0,,False,1.087939739227295
186,0.007248157635331154,2.1505225049622823e-06,0.006872033234685659,0.004712824709713459,1.1376721431588521e-06,0.004253682214766741,0.0005935329827480018,-11.404743194580078,0.7464361190795898,0.001494718249887228,0.762829065322876,0.48635828495025635,9.522549225948751e-05,0.48597145080566406,0.01639750972390175,-5.953984260559082,0.48685675859451294,1.925364267663099e-05,0.48552829027175903,0.0013284683227539062,-4.46413516998291,0.4284965693950653,0.006036762148141861,0.4710446894168854,0.04254812002182007,-1.4860620498657227,-0.01575063169002533,0.030179398134350777,0.0,0.01575063169002533,-0.8272492289543152,0.08747926354408264,0.0,0.08747926354408264,0.2004677802324295,0.0,0.2004677802324295,0.1506878137588501,0.1506878137588501,0.0,1.0,-18.39999771118164,1784745852.4396017,21.577873468399048,,2.049366168486756,9.56321811903382,0.0,,False,1.087939739227295
187,0.007282317616045475,2.1118491986271692e-06,0.008376099169254303,0.0046199169009923935,1.068270648829639e-06,0.005091717932373285,0.0011911987094208598,-11.18339729309082,0.7429330945014954,0.001477329758927226,0.7550022006034851,0.4874635338783264,8.87722271727398e-05,0.4805790185928345,0.013894597999751568,-5.769345283508301,0.487100750207901,1.791871909517795e-05,0.48441556096076965,0.0026851892471313477,-4.344700813293457,0.4320734143257141,0.006118997931480408,0.46647801995277405,0.034404605627059937,-1.5325185060501099,0.0020779967308044434,0.038439132273197174,0.0,0.0020779967308044434,-0.7103450298309326,0.07774985581636429,0.0,0.07774985581636429,0.13541266322135925,0.0,0.13541266322135925,0.08969157189130783,0.08969157189130783,0.0,1.0,-17.971223831176758,1784745852.5550184,21.69329023361206,,2.215439259496499,9.542932962903212,0.0,,False,1.087939739227295
188,0.007208491209894419,2.0607842543540755e-06,0.008190268650650978,0.004545773379504681,1.0341315146433772e-06,0.004922766704112291,0.001051670522429049,-11.296728134155273,0.7353031635284424,0.00146804831456393,0.7455637454986572,0.48586201667785645,8.68467177497223e-05,0.47786223888397217,0.013010610826313496,-5.6954145431518555,0.48621049523353577,1.783291736501269e-05,0.48443013429641724,0.0017803609371185303,-4.459421634674072,0.4289543628692627,0.006200206931680441,0.46241217851638794,0.033457815647125244,-1.532374620437622,0.0036476776003837585,0.04210780933499336,0.0,0.0036476776003837585,-0.6646644473075867,0.08736015111207962,0.0,0.08736015111207962,0.14192460477352142,0.0,0.14192460477352142,0.09541461616754532,0.09541461616754532,0.0,1.0,-18.08277130126953,1784745852.659715,21.79798674583435,,2.2699648804134682,9.56832838929595,0.0,,False,1.087939739227295
189,0.0071369316428899765,2.0388877146615414e-06,0.006685486063361168,0.004469647072255611,1.0141736765945097e-06,0.003981997724622488,0.0006645336397923529,-11.447175979614258,0.7276774644851685,0.0014649562072008848,0.7386853098869324,0.4841901659965515,8.590238576289266e-05,0.48083949089050293,0.011506506241858006,-5.999532699584961,0.48525166511535645,1.7950549590750597e-05,0.4844704568386078,0.0007812082767486572,-4.5280070304870605,0.4248005151748657,0.006326144095510244,0.45714840292930603,0.03234788775444031,-1.529890537261963,0.003143802285194397,0.046184372156858444,0.0,0.003143802285194397,-0.6185113787651062,0.09890086948871613,0.0,0.09890086948871613,0.15205880999565125,0.0,0.15205880999565125,0.10450144112110138,0.10450144112110138,0.0,1.0,-18.510807037353516,1784745852.7439492,21.88222098350525,,1.8964547652464532,9.639876884231168,0.0,,False,1.087939739227295
190,0.007088740821927786,2.048943088084343e-06,0.00787142850458622,0.004388876259326935,1.0068258688988863e-06,0.004677641671150923,0.0008342574583366513,-11.424668312072754,0.7211079001426697,0.0014697681181132793,0.7301866412162781,0.48272573947906494,8.538748807040974e-05,0.4778783321380615,0.010291787795722485,-5.941971302032471,0.48435425758361816,1.8151866242988035e-05,0.48380202054977417,0.0005522370338439941,-4.53102970123291,0.4202501177787781,0.006472152657806873,0.4545045495033264,0.03425443172454834,-1.5105373859405518,0.0028177350759506226,0.05078008025884628,0.0,0.0028177350759506226,-0.5711088180541992,0.10986358672380447,0.0,0.10986358672380447,0.16086919605731964,0.0,0.16086919605731964,0.11257357150316238,0.11257357150316238,0.0,1.0,-18.44375991821289,1784745852.849045,21.987316846847534,,1.5899917692200631,9.758827939877293,0.0,,False,1.087939739227295
191,0.0070533761754632,2.0662423594330903e-06,0.007965531200170517,0.004314197693020105,9.959258022718132e-07,0.004656149074435234,0.0009741445537656546,-11.356765747070312,0.7154960036277771,0.0014704999048262835,0.7218208909034729,0.4814845323562622,8.463962149107829e-05,0.4745461344718933,0.00938858650624752,-5.813760757446289,0.4835678040981293,1.831884219427593e-05,0.48337841033935547,0.0001893937587738037,-4.533872604370117,0.41803422570228577,0.006630823016166687,0.4542846381664276,0.036250412464141846,-1.4899849891662598,0.0024751871824264526,0.05590960010886192,0.0,0.0024751871824264526,-0.5230162739753723,0.12553717195987701,0.0,0.12553717195987701,0.1731802523136139,0.0,0.1731802523136139,0.12411054968833923,0.12411054968833923,0.0,1.0,-18.27471160888672,1784745852.9535456,22.091817378997803,,1.452577082519845,9.925871539602245,0.0,,False,1.087939739227295
192,0.007009472697973251,2.085397682094481e-06,0.00792761892080307,0.004239858593791723,9.865884749160614e-07,0.00459195114672184,0.0009833420626819134,-11.351959228515625,0.709048330783844,0.0014711187686771154,0.7121004462242126,0.4800699055194855,8.487042941851541e-05,0.4746975302696228,0.006178820505738258,-5.936976909637451,0.48265960812568665,1.8663326045498252e-05,0.4826989769935608,3.936886787414551e-05,-4.5254950523376465,0.4146856665611267,0.006828974466770887,0.45468777418136597,0.04000210762023926,-1.4571917057037354,0.0011985450983047485,0.06098083779215813,0.0,0.0011985450983047485,-0.47964754700660706,0.14511041343212128,0.0,0.14511041343212128,0.18826328217983246,0.0,0.18826328217983246,0.13863566517829895,0.13863566517829895,0.0,1.0,-18.364288330078125,1784745853.058754,22.197025775909424,,1.2255856746282205,10.136283866295962,0.0,,False,1.087939739227295
193,0.0069680227898061275,2.1101620859553805e-06,0.006713080685585737,0.004169909283518791,9.778534604265587e-07,0.003853264031931758,0.0004065214598085731,-11.54878044128418,0.7028274536132812,0.00147110759280622,0.7051324844360352,0.4787811040878296,8.51883232826367e-05,0.4743807315826416,0.004967539105564356,-5.992860317230225,0.4818403720855713,1.9017028535017744e-05,0.4824706017971039,0.0006302297115325928,-4.505705833435059,0.4117814302444458,0.007031583227217197,0.4562426805496216,0.04446125030517578,-1.4191672801971436,0.0002697557210922241,0.06678003072738647,0.0,0.0002697557210922241,-0.4342365860939026,0.16767066717147827,0.0,0.16767066717147827,0.2019418478012085,0.0,0.2019418478012085,0.15216094255447388,0.15216094255447388,0.0,1.0,-18.595922470092773,1784745853.1528456,22.291117429733276,,0.7669601267219477,10.392107153902383,0.0,,False,1.087939739227295
194,0.00694675650447607,2.1296639260981465e-06,0.007809679955244064,0.004100299905985594,9.621479648558307e-07,0.004446651320904493,0.0009298366494476795,-11.381780624389648,0.6977314352989197,0.001466612215153873,0.6960384249687195,0.47795432806015015,8.483159763272852e-05,0.4739530682563782,0.004344693850725889,-6.016602993011475,0.4813031554222107,1.9186132703907788e-05,0.48233646154403687,0.0010333061218261719,-4.4838972091674805,0.4107837677001953,0.007226881571114063,0.45596638321876526,0.045182615518569946,-1.4047940969467163,0.0021600276231765747,0.0736733004450798,0.0,0.0021600276231765747,-0.38508719205856323,0.18784205615520477,0.0,0.18784205615520477,0.2072773277759552,0.0,0.2072773277759552,0.15752367675304413,0.15752367675304413,0.0,1.0,-18.43701171875,1784745853.2581377,22.396409511566162,,0.46724533015844827,10.697079835544145,0.0,,False,1.087939739227295
195,0.006924013141542673,2.155455831598374e-06,0.006386823020875454,0.004038685001432896,9.486244039180747e-07,0.003604029305279255,0.0006910128868184984,-11.453483581542969,0.6925952434539795,0.0014637121930718422,0.6895956993103027,0.47720885276794434,8.487123704981059e-05,0.47347772121429443,0.0047873384319245815,-6.027612686157227,0.48086294531822205,1.9413970221648924e-05,0.48198583722114563,0.001122891902923584,-4.473346710205078,0.4097282588481903,0.007467556279152632,0.4512282609939575,0.04150000214576721,-1.4143397808074951,0.004945941269397736,0.08136125653982162,0.0,0.004945941269397736,-0.33533918857574463,0.20856165885925293,0.0,0.20856165885925293,0.2087184190750122,0.0,0.2087184190750122,0.15898029506206512,0.15898029506206512,0.0,1.0,-18.51224708557129,1784745853.3443232,22.482594966888428,,0.09229516677365979,11.051800520668724,0.0,,False,1.087939739227295
196,0.006922109052538872,2.193977252318291e-06,0.007587645668536425,0.0039585065096616745,9.338089057564503e-07,0.004226932302117348,0.0007176289800554514,-11.4794921875,0.6874197125434875,0.0014642821624875069,0.6815788149833679,0.47670218348503113,8.485327271046117e-05,0.4726003408432007,0.007137310225516558,-6.001819610595703,0.4806634485721588,1.9617078578448854e-05,0.481038898229599,0.00037544965744018555,-4.497023582458496,0.40842097997665405,0.0077835991978645325,0.4476085603237152,0.03918758034706116,-1.410282015800476,0.013441435992717743,0.09097480773925781,0.0,0.013441435992717743,-0.2786548435688019,0.21958386898040771,0.0,0.21958386898040771,0.19383414089679718,0.0,0.19383414089679718,0.14410464465618134,0.14410464465618134,0.0,1.0,-18.529460906982422,1784745853.4488902,22.587162017822266,,0.0,11.463205550800247,0.0,,False,1.087939739227295
197,0.006773224100470543,2.17106662603328e-06,0.007385519798845053,0.0038887127302587032,9.092363484342059e-07,0.004057123325765133,0.0006350339972414076,-11.535660743713379,0.672451913356781,0.0014297134475782514,0.67379230260849,0.4762192368507385,8.920429536374286e-05,0.4714672565460205,0.004937404301017523,-5.972354888916016,0.480216383934021,2.0873354515060782e-05,0.4805081784725189,0.0002917945384979248,-4.467540264129639,0.39954447746276855,0.008491883985698223,0.447350412607193,0.04780593514442444,-1.3308193683624268,-0.00020791590213775635,0.10263902693986893,0.0,0.00020791590213775635,-0.21932974457740784,0.26010289788246155,0.0,0.26010289788246155,0.2008180320262909,0.0,0.2008180320262909,0.15103749930858612,0.15103749930858612,0.0,1.0,-18.54731559753418,1784745853.5531366,22.691408395767212,,0.0,11.933935679923163,0.0,,False,1.087939739227295
198,0.006663434207439423,2.0606944417522755e-06,0.007738334126770496,0.0038054652977734804,8.632021604171314e-07,0.004228045232594013,0.001154982135631144,-11.305883407592773,0.6593780517578125,0.0013833430130034685,0.6646314263343811,0.4764087200164795,9.133174171438441e-05,0.4715918302536011,0.007127438206225634,-5.967257499694824,0.4806397557258606,2.162040618713945e-05,0.4806388318538666,9.238719940185547e-07,-4.451997756958008,0.39811092615127563,0.00895350519567728,0.44182416796684265,0.04371324181556702,-1.3322070837020874,0.005756169557571411,0.10441657900810242,0.0,0.005756169557571411,-0.21058620512485504,0.24147772789001465,0.0,0.24147772789001465,0.16420786082744598,0.0,0.16420786082744598,0.11567310243844986,0.11567310243844986,0.0,1.0,-18.305686950683594,1784745853.6587873,22.797059059143066,,0.0,12.413409348498632,0.0,,False,1.087939739227295
199,0.006564405281096697,1.9664767023641616e-06,0.005974423140287399,0.0036086260806769133,8.127362320919929e-07,0.0032308429945260286,0.0007005704683251679,-11.566880226135254,0.6449516415596008,0.0013397966977208853,0.6581404805183411,0.4767259955406189,9.109352686209604e-05,0.4711635708808899,0.014313841238617897,-5.886809825897217,0.48118478059768677,2.2117186745163053e-05,0.4807261824607849,0.00045859813690185547,-4.435884475708008,0.3977208435535431,0.009267984889447689,0.4400257170200348,0.0423048734664917,-1.3251032829284668,0.00916668027639389,0.10367915034294128,0.39879393577575684,0.38962724804878235,0.5178229212760925,0.23756590485572815,0.0,0.23756590485572815,0.1422608196735382,0.0,0.1422608196735382,0.0957125872373581,0.0957125872373581,0.0,1.0,-18.49427032470703,1784745853.7527816,22.891053438186646,,0.0,13.62129214347505,0.0,,False,1.087939739227295
200,0.006339169107377529,1.705254589978722e-06,0.007256004028022289,0.0034140259958803654,6.955312983336626e-07,0.003855041228234768,0.0010173891205340624,-11.50602912902832,0.6248558163642883,0.001246343133971095,0.6503068804740906,0.47819453477859497,8.378428901778534e-05,0.47019320726394653,0.02667916752398014,-5.557603359222412,0.4824143648147583,2.02386399905663e-05,0.4803760349750519,0.002038329839706421,-4.3823747634887695,0.4078981876373291,0.008597442880272865,0.43268704414367676,0.024788856506347656,-1.4234700202941895,0.037623271346092224,0.11464130878448486,0.0,0.037623271346092224,-0.15786142647266388,0.2194591909646988,0.0,0.2194591909646988,0.11028313636779785,0.0,0.11028313636779785,0.06850937753915787,0.06850937753915787,0.0,1.0,-18.143299102783203,1784745853.8576064,22.995878219604492,,0.0,14.15349059070271,0.0,,False,1.087939739227295
201,0.006303487345576286,1.6554962485315627e-06,0.0072172838263213634,0.0032810864504426718,6.656305799879192e-07,0.0038040848448872566,0.0010528776329010725,-11.471430778503418,0.6163473129272461,0.0012061509769409895,0.6408318877220154,0.4786625802516937,8.276041626231745e-05,0.46892303228378296,0.026350582018494606,-5.400455474853516,0.4826895296573639,2.022498483711388e-05,0.47983798384666443,0.002851545810699463,-4.284335613250732,0.40235549211502075,0.008319614455103874,0.41255784034729004,0.010202348232269287,-1.469375491142273,0.038364529609680176,0.10942723602056503,0.3716406226158142,0.33327609300613403,0.32021045684814453,0.22466537356376648,0.0,0.22466537356376648,0.1049407348036766,0.0,0.1049407348036766,0.06420186161994934,0.06420186161994934,0.0,1.0,-17.933963775634766,1784745853.9626431,23.10091495513916,,0.20333314655173496,15.163760921251178,0.0,,False,1.087939739227295
202,0.0060793692246079445,1.5052312392072054e-06,0.006418982986360788,0.003165832022204995,6.135507533144846e-07,0.003354839514940977,0.0003886661143042147,-11.949981689453125,0.5979254841804504,0.0011535073863342404,0.6334195733070374,0.478424608707428,8.250119572039694e-05,0.4687814712524414,0.0367807075381279,-5.136290550231934,0.48274776339530945,2.0428424249985255e-05,0.47992169857025146,0.0028260648250579834,-4.284874439239502,0.4037623405456543,0.008240614086389542,0.40809062123298645,0.004328280687332153,-1.4792649745941162,0.06485190987586975,0.110667884349823,0.5774170160293579,0.5125651359558105,1.0053162574768066,0.22527934610843658,0.0,0.22527934610843658,0.08882030099630356,0.0,0.08882030099630356,0.05165379121899605,0.05165379121899605,0.0,1.0,-18.20145034790039,1784745854.0572433,23.195515155792236,,0.1391797208378449,16.85913705242831,0.0,,False,1.087939739227295
203,0.005728267133235931,1.2885648175142705e-06,0.006996763404458761,0.0029975303914397955,5.338121695785958e-07,0.003626252058893442,0.0014157590921968222,-11.170101165771484,0.5665764212608337,0.001083177630789578,0.6225706934928894,0.47787463665008545,8.315386367030442e-05,0.46892333030700684,0.05670524016022682,-4.3443708419799805,0.4826696217060089,2.1360698156058788e-05,0.4798643887042999,0.0028052330017089844,-4.273838996887207,0.4129111170768738,0.00778531888499856,0.393294095993042,0.019617021083831787,-1.4841042757034302,0.10226670652627945,0.11248873919248581,0.6022802591323853,0.500013530254364,0.937769889831543,0.23594942688941956,0.0,0.23594942688941956,0.06824468076229095,0.0,0.06824468076229095,0.0367044061422348,0.0367044061422348,0.0,1.0,-16.782516479492188,1784745854.162394,23.300665855407715,,1.493960163532158,18.486966815960177,0.0,,False,1.087939739227295
204,0.005792479030787945,1.5319573094529915e-06,0.005913998931646347,0.0030361616518348455,6.324256673906348e-07,0.003027668921276927,0.00012181630881968886,-11.988579750061035,0.5723999738693237,0.0012634564191102982,0.6147089004516602,0.4775424599647522,8.403432730119675e-05,0.46867090463638306,0.04322903975844383,-5.014537811279297,0.4821041524410248,2.2167843781062402e-05,0.4795322120189667,0.0025719404220581055,-4.290295124053955,0.39415180683135986,0.008985268883407116,0.37638553977012634,0.01776626706123352,-1.4195815324783325,0.07844574749469757,0.13460098206996918,0.0,0.07844574749469757,-0.060922540724277496,0.33134812116622925,0.0,0.33134812116622925,0.09596389532089233,0.0,0.09596389532089233,0.05712878331542015,0.05712878331542015,0.0,1.0,-18.145357131958008,1784745854.2468832,23.385154962539673,,1.4858999537606508,19.116104148936223,0.0,,False,1.087939739227295
205,0.005782389082014561,1.568361426507181e-06,0.0067110490053892136,0.002951471833512187,6.41162898773473e-07,0.003388450015336275,0.0010263328440487385,-11.551004409790039,0.5690879821777344,0.0012436145916581154,0.6044763922691345,0.478318989276886,8.298602188006043e-05,0.46820539236068726,0.03680522367358208,-5.085622787475586,0.4821774661540985,2.1686808395315893e-05,0.4791575074195862,0.003019958734512329,-4.240195274353027,0.37772223353385925,0.008463822305202484,0.3619128465652466,0.01580938696861267,-1.4522737264633179,0.06441423296928406,0.13032673299312592,0.0,0.06441423296928406,-0.08399838954210281,0.305673211812973,0.0,0.305673211812973,0.09920408576726913,0.0,0.09920408576726913,0.0596574991941452,0.0596574991941452,0.0,1.0,-17.739601135253906,1784745854.3523138,23.490585565567017,,1.883595740693245,19.722165633094445,0.0,,False,1.087939739227295
206,0.0056905862875282764,1.4152038829706726e-06,0.006983742117881775,0.002914526266977191,5.869698043170501e-07,0.0034626347478479147,0.0014045194257050753,-11.223661422729492,0.5623291730880737,0.0011770061682909727,0.5913917422294617,0.4793730080127716,7.893329166108742e-05,0.4679136276245117,0.031240204349160194,-5.067336082458496,0.48279666900634766,2.042312735284213e-05,0.47918057441711426,0.0036160945892333984,-4.160351753234863,0.3741648197174072,0.007787685375660658,0.34858572483062744,0.025579094886779785,-1.4666593074798584,0.0840708464384079,0.11846769601106644,0.0,0.0840708464384079,-0.11778848618268967,0.2550356388092041,0.0,0.2550356388092041,0.07263698428869247,0.0,0.07263698428869247,0.03978800028562546,0.03978800028562546,0.0,1.0,-17.35770606994629,1784745854.4577622,23.596034049987793,,2.6631865929334566,20.29443702061208,0.0,,False,1.087939739227295
207,0.005567336920648813,1.250118771167763e-06,0.005311665590852499,0.002900853054597974,5.326968448571279e-07,0.002596399514004588,0.0003975673171225935,-12.067768096923828,0.5542413592338562,0.001112914178520441,0.5814984440803528,0.4803025722503662,7.602832920383662e-05,0.468106746673584,0.029861126095056534,-4.992750644683838,0.4835154712200165,1.967166281247046e-05,0.479470819234848,0.004044651985168457,-4.083420753479004,0.37151601910591125,0.00728080328553915,0.33708953857421875,0.034426480531692505,-1.4609274864196777,0.12353910505771637,0.10812830179929733,0.0,0.12353910505771637,-0.12270670384168625,0.2012382447719574,0.0,0.2012382447719574,0.046157341450452805,0.0,0.046157341450452805,0.022192612290382385,0.022192612290382385,0.0,1.0,-18.10367774963379,1784745854.5413315,23.679603338241577,,2.696805765486168,20.861790190470717,0.0,,False,1.087939739227295
208,0.005486256442964077,1.1454472996774712e-06,0.006450322922319174,0.0028724437579512596,4.984366341886926e-07,0.0031076730228960514,0.0009923492325469851,-11.79666519165039,0.5473279356956482,0.0010826817015185952,0.56932532787323,0.48100215196609497,7.388587255263701e-05,0.4683764576911926,0.02536322921514511,-5.030562400817871,0.48412787914276123,1.938388595590368e-05,0.4796474575996399,0.004480421543121338,-3.9887897968292236,0.3678005635738373,0.006974421441555023,0.3380916714668274,0.029708892107009888,-1.5005391836166382,0.17715546488761902,0.10122643411159515,0.0,0.17715546488761902,-0.07124002277851105,0.15612375736236572,0.0,0.15612375736236572,0.027695631608366966,0.0,0.027695631608366966,0.011566678062081337,0.011566678062081337,0.0,1.0,-17.815509796142578,1784745854.6463358,23.784607648849487,,3.0185928915300906,21.48061004139253,0.0,,False,1.087939739227295
209,0.005414540879428387,1.0690228009480052e-06,0.0063538760878145695,0.0028456521686166525,4.732043237254402e-07,0.0030301979277282953,0.000957291922532022,-11.869699478149414,0.5398456454277039,0.0010729734785854816,0.5553249716758728,0.4814215898513794,7.226157322293147e-05,0.46885567903518677,0.01993769407272339,-5.144163131713867,0.48456695675849915,1.9512068320182152e-05,0.4799295961856842,0.004637360572814941,-3.95222806930542,0.3647637367248535,0.006815067492425442,0.3448655903339386,0.019898146390914917,-1.5463225841522217,0.24798418581485748,0.09525952488183975,0.0,0.24798418581485748,0.06614556908607483,0.1182410717010498,0.0,0.1182410717010498,0.015331975184381008,0.0,0.015331975184381008,0.00547019811347127,0.00547019811347127,0.0,1.0,-17.961143493652344,1784745854.7527652,23.891036987304688,,3.1947463200642474,22.23681548417893,0.0,,False,1.087939739227295
210,0.005351899191737175,1.0187164889430278e-06,0.005333597771823406,0.00281395111232996,4.5717843022430316e-07,0.0025244823191314936,0.0002900467661675066,-12.267897605895996,0.5319397449493408,0.0010797327850013971,0.5457660555839539,0.48159539699554443,7.109854050213471e-05,0.46950268745422363,0.018368463963270187,-5.236454010009766,0.4848026633262634,1.9923678337363526e-05,0.4800838530063629,0.004718810319900513,-3.9340505599975586,0.3612978458404541,0.00676262192428112,0.34687596559524536,0.01442188024520874,-1.563855767250061,0.3248954713344574,0.09046616405248642,0.0,0.3248954713344574,0.3009551763534546,0.0897151306271553,0.0,0.0897151306271553,0.008316163904964924,0.0,0.008316163904964924,0.0025312581565231085,0.0025312581565231085,0.0,1.0,-18.424087524414062,1784745854.8492677,23.987539529800415,,2.9079557178366855,23.22783053423271,0.0,,False,1.087939739227295
211,0.005303616635501385,9.958619102690136e-07,0.00616964977234602,0.0027814314235001802,4.512278906076972e-07,0.0028802838642150164,0.0008716565789654851,-11.990205764770508,0.5251637697219849,0.0010983695974573493,0.5348456501960754,0.4816979169845581,7.058779738144949e-05,0.46970415115356445,0.015413929708302021,-5.286794662475586,0.4849448502063751,2.052793570328504e-05,0.4799250364303589,0.005019813776016235,-3.864161491394043,0.3574743866920471,0.006791507825255394,0.2833887040615082,0.07408568263053894,-1.1730178594589233,0.39122533798217773,0.08683263510465622,0.0,0.39122533798217773,0.5783870220184326,0.07176629453897476,0.0,0.07176629453897476,0.004920992534607649,0.0,0.004920992534607649,0.0013097092742100358,0.0013097092742100358,0.0,1.0,-18.151723861694336,1784745854.9547834,24.093055248260498,,2.89352877832885,24.496277429951466,0.0,,False,1.087939739227295
212,0.005226029548794031,9.68010112956108e-07,0.006233468651771545,0.0027523403987288475,4.4337599547361606e-07,0.0028767012991011143,0.0010150858433917165,-11.858880996704102,0.5163008570671082,0.0011070847976952791,0.5212311744689941,0.4820404648780823,7.047696271911263e-05,0.4731740355491638,0.010145028121769428,-5.776543617248535,0.4851067364215851,2.1219289919827133e-05,0.4799250364303589,0.005181699991226196,-3.8286819458007812,0.34529614448547363,0.0067557417787611485,0.37086164951324463,0.025565505027770996,-1.5313694477081299,0.44955819845199585,0.08307719975709915,0.0,0.44955819845199585,0.8913000822067261,0.05946720018982887,0.0,0.05946720018982887,0.003263148944824934,0.0,0.003263148944824934,0.0007824931526556611,0.0007824931526556611,0.0,1.0,-18.39445686340332,1784745855.0600927,24.19836449623108,,2.6363688371120304,26.077637385858516,0.0,,False,1.087939739227295
213,0.005168427713215351,9.738054131958052e-07,0.004760247189551592,0.0027088881470263004,4.5050555286252347e-07,0.002209658268839121,0.0006448579952120781,-12.02743911743164,0.5087627172470093,0.0011365307727828622,0.5107070803642273,0.48192957043647766,7.136940257623792e-05,0.4744930863380432,0.007686471566557884,-5.936738014221191,0.48497331142425537,2.2195034034666605e-05,0.4811643362045288,0.0038089752197265625,-4.112045764923096,0.3438294529914856,0.006862566340714693,0.37793442606925964,0.03410497307777405,-1.4871524572372437,0.4952642321586609,0.0814955085515976,0.0,0.4952642321586609,1.1702438592910767,0.051091212779283524,0.0,0.051091212779283524,0.002225260017439723,0.0,0.002225260017439723,0.00048442318802699447,0.00048442318802699447,0.0,1.0,-18.83285140991211,1784745855.14522,24.283491849899292,,1.9408143493864216,27.937941118849917,0.0,,False,1.087939739227295
214,0.005102737806737423,9.740150517245638e-07,0.005685196258127689,0.002667107153683901,4.554890153940505e-07,0.0026094894856214523,0.0005853013135492802,-12.206191062927246,0.500863790512085,0.0011579366400837898,0.5010163187980652,0.4822550117969513,7.206691225292161e-05,0.47538119554519653,0.00687550799921155,-5.98381233215332,0.4850027859210968,2.3091626644600183e-05,0.4808359146118164,0.0041668713092803955,-4.043127059936523,0.3357880115509033,0.006930749863386154,0.3888513445854187,0.05306333303451538,-1.3638229370117188,0.5318629741668701,0.08038899302482605,0.0,0.5318629741668701,1.4179332256317139,0.04638044908642769,0.0,0.04638044908642769,0.0016900886548683047,0.0,0.0016900886548683047,0.0003432859084568918,0.0003432859084568918,0.0,1.0,-19.01480484008789,1784745855.2498796,24.38815140724182,,1.0633064314850316,30.045934218181955,0.0,,False,1.087939739227295
215,0.005035729147493839,9.804136880120495e-07,0.005913058295845985,0.002618152415379882,4.6223908611864317e-07,0.002678942633792758,0.000879432715009898,-11.976820945739746,0.4923904538154602,0.0011768031399697065,0.4927809536457062,0.4826478064060211,7.30550309526734e-05,0.471848726272583,0.010806138627231121,-5.4985175132751465,0.4849964380264282,2.400769699306693e-05,0.4804423451423645,0.004554092884063721,-3.9676897525787354,0.3298126757144928,0.006979208905249834,0.38598543405532837,0.05617275834083557,-1.3374158143997192,0.555641770362854,0.08044899255037308,0.0,0.555641770362854,1.5777143239974976,0.044584970921278,0.0,0.044584970921278,0.001440677442587912,0.0,0.001440677442587912,0.00028110522544011474,0.00028110522544011474,0.0,1.0,-18.359479904174805,1784745855.3546717,24.49294352531433,,0.8411234494967275,32.31370841587978,0.0,,False,1.087939739227295
216,0.004952685441821814,9.868464303508517e-07,0.0046602943912148476,0.002570131327956915,4.6963603494987183e-07,0.0021048528142273426,0.0005495239747688174,-12.088356018066406,0.48258769512176514,0.0011967961909249425,0.48718681931495667,0.48176509141921997,7.47312224120833e-05,0.4732014536857605,0.009720485657453537,-5.777481555938721,0.48453474044799805,2.5210370949935168e-05,0.48017799854278564,0.004356741905212402,-3.998732566833496,0.32393476366996765,0.007085595279932022,0.37274453043937683,0.04880976676940918,-1.3877918720245361,0.5571352243423462,0.08106718957424164,0.0,0.5571352243423462,1.5771592855453491,0.045233432203531265,0.0,0.045233432203531265,0.0014184694737195969,0.0,0.0014184694737195969,0.0002756930480245501,0.0002756930480245501,0.0,1.0,-18.70970916748047,1784745855.4489753,24.587247133255005,,0.2687112042027593,34.58092757512546,0.0,,False,1.087939739227295
217,0.004868238233029842,9.923237485054415e-07,0.005515046883374453,0.0025073662400245667,4.767331347466097e-07,0.002438016002997756,0.000650515838060528,-12.136042594909668,0.47321778535842896,0.0012154568685218692,0.4800102412700653,0.4820534288883209,7.532335439464077e-05,0.47482627630233765,0.009918124414980412,-5.899603843688965,0.48439615964889526,2.612225216580555e-05,0.47986552119255066,0.0045306384563446045,-3.9645261764526367,0.3160330653190613,0.007071925792843103,0.3534812033176422,0.03744813799858093,-1.4577226638793945,0.5716418027877808,0.08175623416900635,0.0,0.5716418027877808,1.665399432182312,0.04710886999964714,0.0,0.04710886999964714,0.0013615392381325364,0.0,0.0013615392381325364,0.00026191698270849884,0.00026191698270849884,1.0,1.0,-18.837989807128906,1784745855.5551248,24.69339656829834,,0.0,36.9363868810081,0.0,,False,1.087939739227295
218,0.00476628914475441,1.042629605763068e-06,0.0054557351395487785,0.0024184612557291985,5.078731533103564e-07,0.0023985416628420353,0.000689733715262264,-12.067180633544922,0.4623922109603882,0.001271427609026432,0.47106921672821045,0.4821021556854248,7.752064993837848e-05,0.4753868579864502,0.01097203977406025,-5.907944679260254,0.4839792847633362,2.8150981961516663e-05,0.48022186756134033,0.0037574172019958496,-4.069267272949219,0.3032897710800171,0.007124266121536493,0.33441439270973206,0.031124621629714966,-1.4851969480514526,0.5936816334724426,0.08163970708847046,0.0,0.5936816334724426,1.8248367309570312,0.052617207169532776,0.0,0.052617207169532776,0.0013298492413014174,0.0,0.0013298492413014174,0.00025431078393012285,0.00025431078393012285,1.0,1.0,-18.828170776367188,1784745855.6595385,24.797810316085815,,0.0,39.451283485665456,0.0,,False,1.087939739227295
219,0.004668909590691328,1.0434503110445803e-06,0.004388405475765467,0.0023346897214651108,5.155292797098809e-07,0.001908710110001266,0.0005100403795950115,-12.073951721191406,0.4514310956001282,0.0012914255494251847,0.4643327295780182,0.4827345907688141,7.851269765524194e-05,0.47673600912094116,0.014227970503270626,-5.920653343200684,0.48386329412460327,2.953856710519176e-05,0.4810473620891571,0.002815932035446167,-4.161745548248291,0.29468974471092224,0.006978041958063841,0.31960272789001465,0.024912983179092407,-1.51908278465271,0.6102199554443359,0.0802733451128006,0.97314453125,0.36292457580566406,0.4781906008720398,0.05809574946761131,0.0,0.05809574946761131,0.001331897685304284,0.0,0.001331897685304284,0.00025480103795416653,0.00025480103795416653,1.0,1.0,-18.891347885131836,1784745855.743322,24.881593704223633,,0.0,40.619533960237824,0.0,,False,1.087939739227295
220,0.004613453056663275,9.255059580937086e-07,0.0054930998012423515,0.002309994073584676,4.819682999368524e-07,0.0023747137747704983,0.0008820243529044092,-11.958904266357422,0.44261109828948975,0.001268019899725914,0.45597776770591736,0.4845468997955322,7.423471834044904e-05,0.4763020873069763,0.01570492796599865,-5.723108291625977,0.4836888611316681,2.9750184694421478e-05,0.48106813430786133,0.0026207268238067627,-4.176967620849609,0.2793712615966797,0.006477873772382736,0.2922033667564392,0.012832105159759521,-1.5880333185195923,0.6546958684921265,0.061145659536123276,0.98193359375,0.32723772525787354,0.3973414897918701,0.06484541296958923,0.0,0.06484541296958923,0.0009366904851049185,0.0,0.0009366904851049185,0.00016403351037297398,0.00016403351037297398,1.0,1.0,-18.62587547302246,1784745855.8481317,24.986403465270996,,0.0,41.70693532373002,0.0,,False,1.087939739227295
221,0.00449540838599205,9.071112003766757e-07,0.005185391288250685,0.002268504584208131,4.83714302390581e-07,0.0022283701691776514,0.0006911491509526968,-12.125431060791016,0.4325227737426758,0.0012816801900044084,0.4457610547542572,0.48499590158462524,7.510561408707872e-05,0.4767528474330902,0.01559487171471119,-5.719505310058594,0.4826616644859314,3.1778017728356645e-05,0.48083680868148804,0.0018248558044433594,-4.207033157348633,0.2659708559513092,0.00632733479142189,0.27127805352211,0.005307197570800781,-1.610273838043213,0.6979208588600159,0.05242571607232094,0.947265625,0.24934476613998413,0.03772050142288208,0.07550276815891266,0.0,0.07550276815891266,0.0007987067219801247,0.0,0.0007987067219801247,0.0001343877229373902,0.0001343877229373902,1.0,1.0,-18.804550170898438,1784745855.9532428,25.091514587402344,,0.0,42.43471569885323,0.0,,False,1.087939739227295
222,0.004383964464068413,9.03260058748856e-07,0.004468341823667288,0.0022224956192076206,4.86053920667473e-07,0.0018890730571001768,0.0003439333522692323,-12.27092170715332,0.4232790470123291,0.0012965422356501222,0.43791791796684265,0.484935998916626,7.640040712431073e-05,0.47696489095687866,0.01666838675737381,-5.727443695068359,0.4814301133155823,3.388998084119521e-05,0.4806292653083801,0.0008008480072021484,-4.217794418334961,0.2561291754245758,0.006241379305720329,0.2449636459350586,0.011165529489517212,-1.6093512773513794,0.7363352179527283,0.04775569960474968,0.97509765625,0.23876243829727173,-0.0050240159034729,0.096574567258358,0.0,0.096574567258358,0.0007817571167834103,0.0,0.0007817571167834103,0.00013083004159852862,0.00013083004159852862,1.0,1.0,-18.961772918701172,1784745856.0435483,25.181820154190063,,0.0,43.11975155665009,0.0,,False,1.087939739227295
223,0.004272718448191881,9.129556133302685e-07,0.0050207176245749,0.00217077462002635,4.930496402266726e-07,0.0021057415287941694,0.0007508209673687816,-12.066027641296387,0.41418546438217163,0.001317085581831634,0.42837777733802795,0.48475873470306396,7.825835200492293e-05,0.47709155082702637,0.016130946576595306,-5.753984451293945,0.4801757335662842,3.650134749477729e-05,0.48062482476234436,0.00044909119606018066,-4.187379360198975,0.24681073427200317,0.006203741766512394,0.22306308150291443,0.023747652769088745,-1.5769102573394775,0.7697727680206299,0.04490663483738899,0.57763671875,0.19213604927062988,-0.2216128408908844,0.13157574832439423,0.0,0.13157574832439423,0.0008446366409771144,0.0,0.0008446366409771144,0.00014412305608857423,0.00014412305608857423,1.0,1.0,-18.76290512084961,1784745856.1586764,25.296948194503784,,0.0,43.58819858945953,0.0,,False,1.087939739227295
224,0.004146534949541092,9.411760970579053e-07,0.005664701107889414,0.0021215579472482204,5.105806621941156e-07,0.002353571355342865,0.0015357926022261381,-11.06689453125,0.4044450521469116,0.00133868760894984,0.41407886147499084,0.48443228006362915,8.109272312140092e-05,0.4781830608844757,0.011483162641525269,-5.904659271240234,0.47909700870513916,3.9373739127768204e-05,0.4815300405025482,0.0024330317974090576,-4.077094554901123,0.23624615371227264,0.006200619973242283,0.21201014518737793,0.024236008524894714,-1.5752495527267456,0.7914381623268127,0.044684793800115585,0.79150390625,6.574392318725586e-05,-0.6351224780082703,0.17109420895576477,0.0,0.17109420895576477,0.0009815519442781806,0.0,0.0009815519442781806,0.00017391984874848276,0.00017391984874848276,1.0,1.0,-17.82917022705078,1784745856.2757418,25.414013624191284,,0.30812669513571933,43.64313598515159,0.0,,False,1.087939739227295
225,0.004030262120068073,9.759548902366078e-07,0.004116855561733246,0.0020800286438316107,5.310072310749092e-07,0.0017040689708665013,0.0003858031996060163,-12.16935920715332,0.39473336935043335,0.0013708191690966487,0.40648749470710754,0.4843301773071289,8.380434155697003e-05,0.4778454005718231,0.013424298726022243,-5.850520133972168,0.4781566560268402,4.289124990464188e-05,0.48158201575279236,0.0034253597259521484,-3.972705602645874,0.22613072395324707,0.006225268822163343,0.19165581464767456,0.03447490930557251,-1.5251715183258057,0.8155738115310669,0.04284742847084999,0.83642578125,0.020851969718933105,-0.6510425209999084,0.221730038523674,0.0,0.221730038523674,0.0010977862402796745,0.0,0.0010977862402796745,0.00020005827536806464,0.00020005827536806464,1.0,1.0,-18.83612823486328,1784745856.3698716,25.508143424987793,,0.0,43.68215333785201,0.0,,False,1.087939739227295
226,0.003908992279320955,1.0083604138344526e-06,0.003954922314733267,0.002026798203587532,5.508852041202772e-07,0.0016292254440486431,0.00040021701715886593,-12.1270751953125,0.38489603996276855,0.0014049046440050006,0.40057745575904846,0.48442530632019043,8.624545444035903e-05,0.4764171242713928,0.01760789006948471,-5.665862083435059,0.47739988565444946,4.6409928472712636e-05,0.4815348982810974,0.004135012626647949,-3.885849952697754,0.21583014726638794,0.006301144603639841,0.18888422846794128,0.026945918798446655,-1.5569584369659424,0.8346542716026306,0.04188822582364082,0.8271484375,0.007505834102630615,-0.6667642593383789,0.27531617879867554,0.0,0.27531617879867554,0.001236951444298029,0.0,0.001236951444298029,0.0002322800864931196,0.0002322800864931196,1.0,1.0,-18.602689743041992,1784745856.4542947,25.59256649017334,,0.0,43.705448952213956,0.0,,False,1.087939739227295
227,0.0037873871624469757,1.0580462230791454e-06,0.00457596592605114,0.001969694159924984,5.789941042166902e-07,0.00186199473682791,0.0007958993082866073,-11.918766021728516,0.3753542900085449,0.0014527776511386037,0.3905082941055298,0.48424673080444336,8.933172648539767e-05,0.4758876860141754,0.017306573688983917,-5.620711326599121,0.47651636600494385,5.0463560910429806e-05,0.4813271462917328,0.00481078028678894,-3.7988810539245605,0.2065351903438568,0.006434229668229818,0.17601820826530457,0.030516982078552246,-1.5317533016204834,0.8499763607978821,0.04157571494579315,0.6005859375,0.24939042329788208,0.07679879665374756,0.3289359211921692,0.0,0.3289359211921692,0.0013874723808839917,0.0,0.0013874723808839917,0.0002681745681911707,0.0002681745681911707,1.0,1.0,-18.314775466918945,1784745856.5591793,25.69745111465454,,0.0,44.47230762256803,0.0,,False,1.087939739227295
228,0.003664627205580473,1.0975664963552845e-06,0.003705604001879692,0.00190763920545578,6.029193286849477e-07,0.0014879984082654119,0.00042163667967543006,-12.03726863861084,0.3657647371292114,0.001488983049057424,0.38348710536956787,0.48403191566467285,9.207920084008947e-05,0.47591137886047363,0.01949424110352993,-5.599837303161621,0.4757657051086426,5.408042125054635e-05,0.48115217685699463,0.005386471748352051,-3.7253310680389404,0.19792458415031433,0.00656253332272172,0.16195085644721985,0.03597372770309448,-1.4956525564193726,0.8574720621109009,0.041929569095373154,0.95947265625,0.10200059413909912,-0.5428767800331116,0.3666403591632843,0.0,0.3666403591632843,0.0015408942708745599,0.0,0.0015408942708745599,0.0003057879221159965,0.0003057879221159965,1.0,1.0,-18.379804611206055,1784745856.644318,25.78258991241455,,0.0,44.61949071623525,0.0,,False,1.087939739227295
229,0.0035790004767477512,1.1360526741555077e-06,0.004389427602291107,0.0018198363250121474,6.207700380400638e-07,0.001756784156896174,0.0008128761546686292,-11.859981536865234,0.3567068576812744,0.0015238928608596325,0.37514689564704895,0.4838802218437195,9.408583719050512e-05,0.4756243824958801,0.020203810185194016,-5.567233562469482,0.474860817193985,5.801162478746846e-05,0.4810618758201599,0.006201058626174927,-3.6270689964294434,0.1895679533481598,0.006679956801235676,0.14798098802566528,0.04158696532249451,-1.4559307098388672,0.8673733472824097,0.041137535125017166,0.91845703125,0.05108368396759033,-0.644761323928833,0.40600478649139404,0.0,0.40600478649139404,0.0016605682903900743,0.0,0.0016605682903900743,0.00033579737646505237,0.00033579737646505237,1.0,1.0,-18.127302169799805,1784745856.7480202,25.886291980743408,,0.009994752386695893,44.66478926600674,0.0,,False,1.087939739227295
230,0.0034746085293591022,1.189463091577636e-06,0.004503058735281229,0.0017917153891175985,6.518724831039435e-07,0.0017954673385247588,0.0010284570744261146,-11.660207748413086,0.34781885147094727,0.0015811407938599586,0.3652401268482208,0.4831620454788208,9.624983067624271e-05,0.4780358374118805,0.018159814178943634,-5.778724670410156,0.4738830626010895,6.183359073475003e-05,0.48130276799201965,0.007419705390930176,-3.4814305305480957,0.1819927841424942,0.006884287111461163,0.13250210881233215,0.04949067533016205,-1.392425775527954,0.8730642199516296,0.04155256226658821,0.67626953125,0.19679468870162964,-0.20544558763504028,0.4170023202896118,0.0,0.4170023202896118,0.0016811362002044916,0.0,0.0016811362002044916,0.0003410114150028676,0.0003410114150028676,1.0,1.0,-18.023902893066406,1784745856.853176,25.991447925567627,,0.12338878150679022,45.14940355207203,0.0,,False,1.087939739227295
231,0.0033772368915379047,1.2363140058369027e-06,0.0035746460780501366,0.0017033243784680963,6.827843890278018e-07,0.0014234251575544477,0.0003425112518016249,-11.989222526550293,0.3382399082183838,0.0016145168337970972,0.35799697041511536,0.4831242263317108,9.992787090595812e-05,0.47826501727104187,0.020345844328403473,-5.742983818054199,0.47332796454429626,6.672562449239194e-05,0.48134472966194153,0.008016765117645264,-3.4069340229034424,0.1725163608789444,0.007110673934221268,0.11522379517555237,0.05729256570339203,-1.323330044746399,0.869459331035614,0.04209177941083908,0.5263671875,0.343092143535614,0.7332674264907837,0.43053925037384033,0.0,0.43053925037384033,0.0018283952958881855,0.0,0.0018283952958881855,0.0003788058238569647,0.0003788058238569647,1.0,1.0,-18.287076950073242,1784745856.9473436,26.085615396499634,,0.0,46.57273085226314,0.0,,False,1.087939739227295
232,0.0032828031107783318,1.2884964917247999e-06,0.0043191807344555855,0.0016485468950122595,7.147183964661963e-07,0.001707653165794909,0.0010380616877228022,-11.599590301513672,0.32925671339035034,0.0016568111022934318,0.3478362560272217,0.4829099476337433,0.00010288260818924755,0.4757598340511322,0.01990787498652935,-5.601879596710205,0.4728306531906128,7.106464909156784e-05,0.48097267746925354,0.008142024278640747,-3.3905975818634033,0.16373485326766968,0.007353730499744415,0.09238985180854797,0.0713450014591217,-1.1912450790405273,0.8681520223617554,0.042856790125370026,0.740234375,0.12791764736175537,-0.46510469913482666,0.4245215058326721,0.0,0.4245215058326721,0.0018235805910080671,0.0,0.0018235805910080671,0.00037755744415335357,0.00037755744415335357,1.0,1.0,-17.77639389038086,1784745857.0547404,26.193012237548828,,0.3609030318056412,46.79768602682864,0.0,,False,1.087939739227295
233,0.003189456183463335,1.3543632348955725e-06,0.0032894345931708813,0.0015794632490724325,7.525775345129659e-07,0.0012908859644085169,0.00030540552688762546,-11.909074783325195,0.3174520432949066,0.001714286278001964,0.34070804715156555,0.48304635286331177,0.00010654525976860896,0.47544094920158386,0.024468017742037773,-5.490782737731934,0.47264909744262695,7.753284444333985e-05,0.4805123209953308,0.007863223552703857,-3.4147300720214844,0.14809128642082214,0.007704810705035925,0.07904601097106934,0.06904527544975281,-1.2046482563018799,0.8636178374290466,0.04315340891480446,0.9873046875,0.12368685007095337,-0.4753020405769348,0.4082784354686737,0.0,0.4082784354686737,0.001805891515687108,0.0,0.001805891515687108,0.00037297853850759566,0.00037297853850759566,1.0,0.0,-18.009065628051758,1784745857.1418698,26.280141592025757,,0.489134325940384,47.012443859952036,0.0,,False,1.087939739227295
234,0.0031030946411192417,1.2725439546557027e-06,0.00392615981400013,0.0014878290239721537,7.274384756783547e-07,0.001538631971925497,0.0008246315410360694,-11.748289108276367,0.30854228138923645,0.0017149063060060143,0.3319571316242218,0.4829905033111572,0.00010460880002938211,0.4750964343547821,0.02470974624156952,-5.471258640289307,0.471990704536438,8.027110015973449e-05,0.4797624945640564,0.007771790027618408,-3.4198825359344482,0.12686100602149963,0.008148557506501675,0.07277980446815491,0.05408120155334473,-1.3065528869628906,0.8507079482078552,0.04569631069898605,0.8193359375,0.031372010707855225,-0.6131613850593567,0.3887256681919098,0.0,0.3887256681919098,0.001888982835225761,0.0,0.001888982835225761,0.0003945846401620656,0.0003945846401620656,1.0,0.0,-17.835237503051758,1784745857.246204,26.384475708007812,,0.7911937450751267,47.08934234859301,0.0,,False,1.087939739227295
235,0.002989053726196289,1.2989490869586007e-06,0.003962076734751463,0.001465903944335878,7.46747446100926e-07,0.0015349745517596602,0.000975471455603838,-11.625236511230469,0.299988329410553,0.0017229703953489661,0.3232744634151459,0.48236870765686035,0.00010846429358934984,0.474592924118042,0.024550089612603188,-5.472440719604492,0.4708034098148346,8.575998072046787e-05,0.4788229167461395,0.008019506931304932,-3.3880841732025146,0.11672040820121765,0.008344698697328568,0.0427413284778595,0.07397907972335815,-1.1461989879608154,0.846951425075531,0.04615015536546707,0.947265625,0.100314199924469,-0.5099651217460632,0.39914536476135254,0.0,0.39914536476135254,0.002057006349787116,0.0,0.002057006349787116,0.00043900724267587066,0.00043900724267587066,1.0,0.0,-17.69723129272461,1784745857.350935,26.489206790924072,,1.231259374537018,47.26943710054727,0.0,,False,1.087939739227295
236,0.002879377454519272,1.3243211469671223e-06,0.003684339579194784,0.0014652343234047294,7.667341037631559e-07,0.0014204963808879256,0.0008062043925747275,-11.72404670715332,0.2919337749481201,0.001727408729493618,0.31283968687057495,0.48139214515686035,0.0001122330577345565,0.4736398458480835,0.022296980023384094,-5.49591064453125,0.4696272611618042,9.10902235773392e-05,0.4781065583229065,0.008479297161102295,-3.3382363319396973,0.10753250122070312,0.00845852680504322,0.01774001121520996,0.08979249000549316,-0.9907501935958862,0.8439256548881531,0.04572686180472374,0.97509765625,0.13117200136184692,-0.4354563057422638,0.4025239050388336,0.0,0.4025239050388336,0.002175160450860858,0.0,0.002175160450860858,0.00047080579679459333,0.00047080579679459333,1.0,0.0,-17.789894104003906,1784745857.4565413,26.594813108444214,,1.5786621927196123,47.524040668505336,0.0,,False,1.087939739227295
237,0.002791188657283783,1.3533353921957314e-06,0.0029880080837756395,0.0014599452260881662,7.927587262201996e-07,0.0011531730415299535,0.0003644819080363959,-11.868797302246094,0.2853144705295563,0.0017402120865881443,0.30514344573020935,0.48044395446777344,0.0001157402220997028,0.4741971492767334,0.020789681002497673,-5.5895280838012695,0.4684240520000458,9.611134737497196e-05,0.4781031012535095,0.009679049253463745,-3.2186906337738037,0.10077449679374695,0.008568521589040756,0.0,0.10077449679374695,-0.8682864904403687,0.8415902256965637,0.045645926147699356,0.9970703125,0.15548008680343628,-0.35968220233917236,0.4044921100139618,0.0,0.4044921100139618,0.0022730021737515926,0.0,0.0022730021737515926,0.0004974725306965411,0.0004974725306965411,1.0,0.0,-17.949764251708984,1784745857.5424237,26.68069553375244,,1.7661948631971285,47.85441833986649,0.0,,False,1.087939739227295
238,0.0008572008227929473,2.196934900666747e-07,0.0008718432509340346,0.00041500176303088665,2.0580041848461406e-07,0.0002929625625256449,0.00012291446910239756,-13.489147186279297,0.10234982520341873,0.0005671886610798538,0.0874047800898552,0.4982393682003021,0.00027188597596250474,0.5176053643226624,0.02446213737130165,-5.1179962158203125,0.4951021373271942,0.0003329780593048781,0.5188379287719727,0.023735791444778442,-2.2387948036193848,0.9807740449905396,0.00425098417326808,1.0,0.01922595500946045,-1.7678871154785156,0.31808316707611084,0.003156569553539157,0.33000001311302185,0.01191684603691101,-1.9377015829086304,0.2804167866706848,0.0,0.2804167866706848,0.007626516744494438,0.0,0.007626516744494438,0.002270265482366085,0.002270265482366085,0.0,2.0,-18.70294189453125,1784745857.6470141,26.78528594970703,,1.200549890852379,46.60677663065819,0.0,,False,1.087939739227295
239,0.000906558649148792,2.151673470507376e-07,0.0010441599879413843,0.00042592897079885006,1.9971746212377184e-07,0.00035198673140257597,0.0001562100660521537,-13.493541717529297,0.10522724688053131,0.000561110966373235,0.09147745370864868,0.4981415867805481,0.0002638658042997122,0.5182098150253296,0.0243267472833395,-5.093346118927002,0.49521321058273315,0.0003192341246176511,0.5181260704994202,0.02291285991668701,-2.2835748195648193,0.9819252490997314,0.004194664768874645,1.0,0.018074750900268555,-1.779090404510498,0.3194001317024231,0.003120092675089836,0.33000001311302185,0.010599881410598755,-1.9480023384094238,0.2842736840248108,0.0,0.2842736840248108,0.007615802809596062,0.0,0.007615802809596062,0.0022662586998194456,0.0022662586998194456,0.0,2.0,-18.710004806518555,1784745857.7530546,26.891326427459717,,0.627842006520325,45.34883416594909,0.0,,False,1.087939739227295
240,0.0009572119452059269,2.1093978830322158e-07,0.0011268517700955272,0.00043681799434125423,1.9394799721794698e-07,0.00038069571019150317,0.00017868234135676175,-13.49947452545166,0.1081172525882721,0.0005556074902415276,0.09634581208229065,0.49804043769836426,0.00025627712602727115,0.5183958411216736,0.023514023050665855,-5.111386775970459,0.4953018128871918,0.00030607724329456687,0.5177722573280334,0.022470444440841675,-2.3020718097686768,0.9828541278839111,0.00414306903257966,1.0,0.017145872116088867,-1.788742184638977,0.3207993507385254,0.003087508026510477,0.33000001311302185,0.00920066237449646,-1.9575482606887817,0.2881474196910858,0.0,0.2881474196910858,0.007623269688338041,0.0,0.007623269688338041,0.002269051969051361,0.002269051969051361,0.0,2.0,-18.739620208740234,1784745857.8577218,26.995993614196777,,0.025518719966591163,44.08134577896064,0.0,,False,1.087939739227295
241,0.0010031545534729958,2.0693791213943769e-07,0.0010436498560011387,0.0004479002673178911,1.8859482509014924e-07,0.00035340565955266356,0.00010280613059876487,-13.57174301147461,0.11078925430774689,0.0005506199668161571,0.10000178217887878,0.4979352056980133,0.000249214906943962,0.518391489982605,0.023126373067498207,-5.1177263259887695,0.49532705545425415,0.00029387359973043203,0.5166710615158081,0.021344006061553955,-2.3721351623535156,0.9835675954818726,0.004094778560101986,1.0,0.01643240451812744,-1.7971110343933105,0.32196712493896484,0.0030563485343009233,0.33000001311302185,0.008032888174057007,-1.9657725095748901,0.29197850823402405,0.0,0.29197850823402405,0.007652169093489647,0.0,0.007652169093489647,0.0022798662539571524,0.0022798662539571524,0.0,2.0,-18.851991653442383,1784745857.9416878,27.079959630966187,,0.0,42.80563314308608,0.0,,False,1.087939739227295
242,0.0010505224345251918,2.0307446391143458e-07,0.0012291030725464225,0.00045878556556999683,1.8321861716685817e-07,0.0004166985163465142,0.00018347306468058378,-13.539907455444336,0.11354100704193115,0.0005457745282910764,0.10456952452659607,0.49774354696273804,0.0002423632104182616,0.5180901885032654,0.02223675698041916,-5.1535139083862305,0.4952510595321655,0.00028190427110530436,0.5150591731071472,0.01980811357498169,-2.4721202850341797,0.984114408493042,0.004046997986733913,1.0,0.015885591506958008,-1.8047738075256348,0.3227982521057129,0.0030273848678916693,0.33000001311302185,0.00720176100730896,-1.9725234508514404,0.29607295989990234,0.0,0.29607295989990234,0.007736852392554283,0.0,0.007736852392554283,0.0023116220254451036,0.0023116220254451036,0.0,2.0,-18.898780822753906,1784745858.0583048,27.196576595306396,,0.0,41.523169565934964,0.0,,False,1.087939739227295
243,0.0011053795460611582,1.9863372813233582e-07,0.001323911128565669,0.0004704222083091736,1.770110884535825e-07,0.0004498560447245836,0.00021949720394331962,-13.530145645141602,0.11686088889837265,0.0005401939852163196,0.11004110425710678,0.497555673122406,0.00023476322530768812,0.5176734924316406,0.02124231867492199,-5.197342872619629,0.49512970447540283,0.000268368428805843,0.5143831968307495,0.01925349235534668,-2.5019869804382324,0.9844905138015747,0.003988242242485285,1.0,0.015509486198425293,-1.8131071329116821,0.32345202565193176,0.002992878668010235,0.33000001311302185,0.006547987461090088,-1.9796582460403442,0.3016163110733032,0.0,0.3016163110733032,0.007932453416287899,0.0,0.007932453416287899,0.0023853147868067026,0.0023853147868067026,0.0,2.0,-18.939014434814453,1784745858.1417558,27.280027627944946,,0.0,40.23357119359495,0.0,,False,1.087939739227295
244,0.001164955203421414,1.9420183150486992e-07,0.001112388912588358,0.0004824723582714796,1.7081792691442388e-07,0.00037901385803706944,0.00011604686733335257,-13.642194747924805,0.1205320805311203,0.000534387887455523,0.11400357633829117,0.4975166916847229,0.00022707373136654496,0.5175349712371826,0.02105594612658024,-5.202174186706543,0.49510031938552856,0.00025451474357396364,0.5129395723342896,0.017839252948760986,-2.593949556350708,0.9846638441085815,0.003920271527022123,1.0,0.015336155891418457,-1.8218611478805542,0.3236716687679291,0.00295657804235816,0.33000001311302185,0.0063283443450927734,-1.9861502647399902,0.3085136115550995,0.0,0.3085136115550995,0.008253650739789009,0.0,0.008253650739789009,0.002507359953597188,0.002507359953597188,0.0,2.0,-19.100908279418945,1784745858.2458496,27.384121417999268,,0.0,38.937480802555285,0.0,,False,1.087939739227295
245,0.0012214281596243382,1.8984542293765116e-07,0.0013678937684744596,0.0004951315931975842,1.6497924093528127e-07,0.00046693909098394215,0.00014915424981154501,-13.65046501159668,0.12412816286087036,0.0005289419204927981,0.1189626082777977,0.49760183691978455,0.00021949768415652215,0.5167357325553894,0.019818902015686035,-5.287336826324463,0.49505814909935,0.00024098633730318397,0.5108241438865662,0.015765994787216187,-2.7307190895080566,0.9846827983856201,0.003849347122013569,1.0,0.015317201614379883,-1.8305124044418335,0.3239598274230957,0.0029124985449016094,0.33000001311302185,0.0060401856899261475,-1.994170069694519,0.31549137830734253,0.0,0.31549137830734253,0.008581492118537426,0.0,0.008581492118537426,0.0026332202833145857,0.0026332202833145857,0.0,2.0,-19.245695114135742,1784745858.352842,27.491113901138306,,0.1083981919492416,37.633370606561094,0.0,,False,1.087939739227295
246,0.0012834025546908379,1.8509406629618752e-07,0.0014446232235059142,0.0005104376468807459,1.5863639646340744e-07,0.0004942663945257664,0.00016202966799028218,-13.670611381530762,0.12806731462478638,0.000523361552041024,0.12491270899772644,0.4979385733604431,0.00021078299323562533,0.5155552625656128,0.017896907404065132,-5.426397323608398,0.4951036274433136,0.00022556292242370546,0.5095157623291016,0.014412134885787964,-2.819092273712158,0.9843438863754272,0.0037603375967592,1.0,0.015656113624572754,-1.8400927782058716,0.32402873039245605,0.0028518515173345804,0.33000001311302185,0.005971282720565796,-2.0047035217285156,0.3233628571033478,0.0,0.3233628571033478,0.00901059154421091,0.0,0.00901059154421091,0.002799869980663061,0.002799869980663061,0.0,2.0,-19.421276092529297,1784745858.4467766,27.58504843711853,,0.3923773622920379,36.318726958532906,0.0,,False,1.087939739227295
247,0.0013435400323942304,1.798593558532957e-07,0.0012617154279723763,0.0005266012158244848,1.5205752390556881e-07,0.00043301493860781193,0.0001243127480847761,-13.729759216308594,0.13223150372505188,0.0005172298988327384,0.1291549652814865,0.4986344575881958,0.00020145751477684826,0.5148426294326782,0.016497572883963585,-5.539440155029297,0.4951823055744171,0.00020931869221385568,0.5080869197845459,0.012904614210128784,-2.9190995693206787,0.9839468002319336,0.003652718849480152,1.0,0.016053199768066406,-1.8519275188446045,0.3236396312713623,0.0027747463900595903,0.33000001311302185,0.006360381841659546,-2.0173699855804443,0.33129221200942993,0.0,0.33129221200942993,0.009479165077209473,0.0,0.009479165077209473,0.002984248800203204,0.002984248800203204,0.0,2.0,-19.620861053466797,1784745858.551892,27.6901638507843,,0.8759414935723342,34.99141684665279,0.0,,False,1.087939739227295
248,0.0014006844721734524,1.7473745117513317e-07,0.0016252512577921152,0.0005417524371296167,1.4590769126243686e-07,0.0005583652528002858,0.00022518042533192784,-13.667011260986328,0.1364799439907074,0.0005108482437208295,0.13418643176555634,0.4994751811027527,0.00019274259102530777,0.5136523842811584,0.014361521229147911,-5.702368259429932,0.49519696831703186,0.0001942972157848999,0.5058249235153198,0.010627955198287964,-3.063450336456299,0.9837454557418823,0.0035413680598139763,1.0,0.016254544258117676,-1.8653792142868042,0.32295334339141846,0.0026997001841664314,0.33000001311302185,0.0070466697216033936,-2.02917218208313,0.3380570709705353,0.0,0.3380570709705353,0.009894125163555145,0.0,0.009894125163555145,0.0031495585571974516,0.0031495585571974516,0.0,2.0,-19.760631561279297,1784745858.656946,27.795217752456665,,1.4992761326651305,33.65230453826999,0.0,,False,1.087939739227295
249,0.0014588430058211088,1.7023984355546418e-07,0.0016457316232845187,0.0005583080928772688,1.404311973374206e-07,0.0005664794007316232,0.00018706716946326196,-13.741604804992676,0.1410500705242157,0.0005050381296314299,0.13995592296123505,0.500357985496521,0.00018478413403499871,0.5123613476753235,0.012053126469254494,-5.8646745681762695,0.4952124357223511,0.00018052264931611717,0.5051442980766296,0.009931862354278564,-3.1176767349243164,0.983353853225708,0.003435016144067049,1.0,0.016646146774291992,-1.8775945901870728,0.3218940794467926,0.0026358908507972956,0.33000001311302185,0.008105933666229248,-2.037864923477173,0.34353405237197876,0.0,0.34353405237197876,0.010329702869057655,0.0,0.010329702869057655,0.003325066063553095,0.003325066063553095,0.0,2.0,-19.9921817779541,1784745858.7424035,27.880675315856934,,2.3541609884327315,32.30449948849314,0.0,,False,1.087939739227295
250,0.0015070866793394089,1.6666005819843122e-07,0.0013829421950504184,0.0005718057509511709,1.3630099715555843e-07,0.0004775732522830367,0.00015585767687298357,-13.791166305541992,0.14514517784118652,0.0005001016543246806,0.1440075784921646,0.501109778881073,0.00017868218128569424,0.5117406845092773,0.010691598989069462,-5.959880352020264,0.49520212411880493,0.00017006312555167824,0.5041927695274353,0.008990645408630371,-3.183079957962036,0.9829909801483154,0.0033528762869536877,1.0,0.01700901985168457,-1.886886715888977,0.3209789991378784,0.002588667208328843,0.33000001311302185,0.009021013975143433,-2.043649435043335,0.3467181622982025,0.0,0.3467181622982025,0.010629970580339432,0.0,0.010629970580339432,0.0034472045954316854,0.0034472045954316854,0.0,2.0,-20.150609970092773,1784745858.8470085,27.98528027534485,,3.3674740363390043,30.950909927150132,0.0,,False,1.087939739227295
251,0.001547425170429051,1.6383332024361152e-07,0.0018297446658834815,0.0005818135105073452,1.3323541736554034e-07,0.000632556970231235,0.0002868435112759471,-13.636993408203125,0.14887045323848724,0.0004957850323989987,0.14875631034374237,0.5017479062080383,0.00017408702115062624,0.511272132396698,0.00952491071075201,-6.034238338470459,0.49522778391838074,0.00016222463455051184,0.5025437474250793,0.007315963506698608,-3.2793588638305664,0.9825737476348877,0.003290781984105706,1.0,0.017426252365112305,-1.8932362794876099,0.32014089822769165,0.0025564730167388916,0.33000001311302185,0.0098591148853302,-2.0466136932373047,0.3486623466014862,0.0,0.3486623466014862,0.010839625261723995,0.0,0.010839625261723995,0.0035330294631421566,0.0035330294631421566,0.0,2.0,-20.104063034057617,1784745858.9531693,28.09144115447998,,4.334240148210121,29.59435610761315,0.0,,False,1.087939739227295
252,0.0015896187396720052,1.6179409101368947e-07,0.002112902468070388,0.0005917046219110489,1.3087810657452792e-07,0.0007330893422476947,0.0005420474917627871,-12.982507705688477,0.15272893011569977,0.0004923125961795449,0.15576519072055817,0.5021848678588867,0.0001703237503534183,0.5084046125411987,0.006921278778463602,-6.1862993240356445,0.4952247738838196,0.00015560754400212318,0.49998530745506287,0.004760533571243286,-3.3923280239105225,0.982082724571228,0.003242671024054289,1.0,0.017917275428771973,-1.8972398042678833,0.3195440173149109,0.0025384717155247927,0.33000001311302185,0.010455995798110962,-2.047623872756958,0.348948210477829,0.0,0.348948210477829,0.011002320796251297,0.0,0.011002320796251297,0.0035999391693621874,0.0035999391693621874,0.0,2.0,-19.627710342407227,1784745859.042134,28.180405855178833,,4.824653568430847,28.236792108556518,0.0,,False,1.087939739227295
253,0.0016349891666322947,1.5987848200893495e-07,0.001629469683393836,0.0006039503496140242,1.2871026910943328e-07,0.0005661783507093787,3.817314063780941e-05,-13.913761138916016,0.1571277379989624,0.0004892938886769116,0.15974101424217224,0.5021804571151733,0.00016691905329935253,0.5071707367897034,0.005633125547319651,-6.240822792053223,0.4949018359184265,0.00014942586130928248,0.4977950155735016,0.0028931796550750732,-3.4574074745178223,0.9814943075180054,0.003213934600353241,1.0,0.01850569248199463,-1.8979135751724243,0.32018154859542847,0.002528528915718198,0.33000001311302185,0.009818464517593384,-2.0520572662353516,0.34853988885879517,0.0,0.34853988885879517,0.011031696572899818,0.0,0.011031696572899818,0.0036120470613241196,0.0036120470613241196,0.0,2.0,-20.63512420654297,1784745859.1467364,28.285008192062378,,6.322480852787315,26.87479471602149,0.0,,False,1.087939739227295
254,0.0016865837387740612,1.5842745426652982e-07,0.0015888104680925608,0.0006186903920024633,1.2702575702405738e-07,0.0005524563603103161,0.00011809555144282058,-13.883106231689453,0.16225339472293854,0.00048617852735333145,0.16289913654327393,0.5019803047180176,0.00016411737306043506,0.5059072971343994,0.003979730419814587,-6.286643028259277,0.4945400655269623,0.0001439504703739658,0.49699899554252625,0.002458930015563965,-3.4830808639526367,0.9808768033981323,0.0031856766436249018,1.0,0.019123196601867676,-1.898209810256958,0.3205350935459137,0.002526297466829419,0.33000001311302185,0.009464919567108154,-2.0538313388824463,0.3465747833251953,0.0,0.3465747833251953,0.011050091125071049,0.0,0.011050091125071049,0.00361963314935565,0.00361963314935565,0.0,2.0,-20.653961181640625,1784745859.2620857,28.400357484817505,,7.8391451122414395,25.51102325083937,0.0,,False,1.087939739227295
255,0.00175275350920856,1.5741179026917962e-07,0.0019518252229318023,0.0006405869498848915,1.25694796793141e-07,0.0006773587083443999,0.0002024394052568823,-13.807769775390625,0.16887395083904266,0.0004831647383980453,0.1683746725320816,0.5014830827713013,0.00016149922157637775,0.5043953061103821,0.002954712137579918,-6.318689346313477,0.4940311014652252,0.00013826426584273577,0.4964595139026642,0.002428412437438965,-3.5029075145721436,0.9804327487945557,0.003159432439133525,1.0,0.019567251205444336,-1.8991501331329346,0.3207000494003296,0.0025335093960165977,0.33000001311302185,0.00929996371269226,-2.053067445755005,0.34200742840766907,0.0,0.34200742840766907,0.011018278077244759,0.0,0.011018278077244759,0.00360651477240026,0.00360651477240026,0.0,2.0,-20.614173889160156,1784745859.345577,28.483848810195923,,9.316022079215095,24.148015678784688,0.0,,False,1.087939739227295
256,0.0018146097427234054,1.5670998720906937e-07,0.0019587392453104258,0.0006631829310208559,1.245973493269048e-07,0.0006815652595832944,0.0001452970172977075,-13.878010749816895,0.17524871230125427,0.0004809494421351701,0.17367757856845856,0.5008816719055176,0.00015923412865959108,0.5051751732826233,0.004571937955915928,-6.294114589691162,0.49354052543640137,0.00013319218123797327,0.4952501654624939,0.0017096400260925293,-3.5319478511810303,0.9805080890655518,0.0031407370697706938,1.0,0.019491910934448242,-1.902225375175476,0.3215358257293701,0.0025422535836696625,0.33000001311302185,0.008464187383651733,-2.054323434829712,0.336370587348938,0.0,0.336370587348938,0.010960589163005352,0.0,0.010960589163005352,0.0035827511455863714,0.0035827511455863714,0.0,2.0,-20.679277420043945,1784745859.4610627,28.599334478378296,,10.85800257707254,22.7837521176553,0.0,,False,1.087939739227295
257,0.0018721899250522256,1.558435513970835e-07,0.0017645623302087188,0.0006847425829619169,1.234137840810945e-07,0.0006140220211818814,0.00012878314009867609,-13.895763397216797,0.1811959147453308,0.0004784682532772422,0.17668776214122772,0.5003352761268616,0.0001570081221871078,0.5049532651901245,0.006453623995184898,-6.275038719177246,0.4931805431842804,0.00012845326273236424,0.49383214116096497,0.0006515979766845703,-3.5593814849853516,0.9812047481536865,0.0031162358354777098,1.0,0.018795251846313477,-1.9099454879760742,0.3225441575050354,0.002549324417486787,0.33000001311302185,0.00745585560798645,-2.056121826171875,0.33109796047210693,0.0,0.33109796047210693,0.010921306908130646,0.0,0.010921306908130646,0.0035665889736264944,0.0035665889736264944,0.0,2.0,-20.695484161376953,1784745859.5446694,28.682941198349,,12.416189816262992,21.41769016518375,0.0,,False,1.087939739227295
258,0.001923091127537191,1.5515239226715494e-07,0.002176441252231598,0.0007039869669824839,1.2236294821832416e-07,0.0007556938217021525,0.00025857280706986785,-13.741914749145508,0.1865721046924591,0.0004765983612742275,0.18120147287845612,0.4997488856315613,0.0001551605382701382,0.5034962892532349,0.006548795383423567,-6.296553611755371,0.49285656213760376,0.0001243836450157687,0.4924449026584625,0.00041165947914123535,-3.5764501094818115,0.981955885887146,0.0031022087205201387,1.0,0.018044114112854004,-1.9164048433303833,0.3238303065299988,0.0025583181995898485,0.33000001311302185,0.006169706583023071,-2.0578246116638184,0.32602962851524353,0.0,0.32602962851524353,0.010899124667048454,0.0,0.010899124667048454,0.0035574682988226414,0.0035574682988226414,0.0,2.0,-20.5673828125,1784745859.6498578,28.788129568099976,,13.846275706576492,20.049925427220256,0.0,,False,1.087939739227295
259,0.0019808479119092226,1.5461050395515485e-07,0.002177187940105796,0.000725829042494297,1.2133637028455269e-07,0.0007537906058132648,0.00019832109683193266,-13.837762832641602,0.19243969023227692,0.0004753209068439901,0.1864791363477707,0.4989113211631775,0.00015324304695241153,0.5014355182647705,0.0064730034209787846,-6.321463584899902,0.49237844347953796,0.00012018531560897827,0.4906597435474396,0.0017186999320983887,-3.582010269165039,0.9825348854064941,0.0031000233720988035,1.0,0.01746511459350586,-1.9200363159179688,0.3257906138896942,0.0025751572102308273,0.33000001311302185,0.004209399223327637,-2.0585436820983887,0.3208679258823395,0.0,0.3208679258823395,0.010817917995154858,0.0,0.010817917995154858,0.0035241232253611088,0.0035241232253611088,0.0,2.0,-20.68593978881836,1784745859.743975,28.882246732711792,,15.39491857320835,18.68144161882219,0.0,,False,1.087939739227295
260,0.0020423121750354767,1.543586165553279e-07,0.0018894949462264776,0.0007502506487071514,1.2046572805957112e-07,0.0006511606043204665,0.00018213166913483292,-13.853668212890625,0.198530912399292,0.0004751124943140894,0.1902521401643753,0.4979233145713806,0.00015138101298362017,0.5002700686454773,0.008604959584772587,-6.2956390380859375,0.491813063621521,0.00011613566312007606,0.4899883568286896,0.001824706792831421,-3.597102642059326,0.9825530052185059,0.0031102595385164022,1.0,0.01744699478149414,-1.9186517000198364,0.3279849886894226,0.002601589309051633,0.33000001311302185,0.002015024423599243,-2.0560977458953857,0.3170751929283142,0.0,0.3170751929283142,0.010758456774055958,0.0,0.010758456774055958,0.0034997498150914907,0.0034997498150914907,0.0,2.0,-20.688730239868164,1784745859.8483622,28.986634016036987,,16.946351890890014,17.31540374662713,0.0,,False,1.087939739227295
261,0.002086820313706994,1.5375235307146795e-07,0.0024028955958783627,0.0007665057200938463,1.196422516613893e-07,0.000826164847239852,0.0003216563200112432,-13.635704040527344,0.20323914289474487,0.0004740564036183059,0.19478990137577057,0.49708497524261475,0.00014984648441895843,0.499120831489563,0.008691052906215191,-6.303038120269775,0.49133870005607605,0.00011282514606136829,0.4896961748600006,0.0016425251960754395,-3.613940954208374,0.9830251932144165,0.0031159494537860155,1.0,0.016974806785583496,-1.9204350709915161,0.32984817028045654,0.0026168550830334425,0.33000001311302185,0.00015184283256530762,-2.053948402404785,0.314433217048645,0.0,0.314433217048645,0.010740617290139198,0.0,0.010740617290139198,0.003492443822324276,0.003492443822324276,0.0,2.0,-20.485105514526367,1784745859.932059,29.07033085823059,,18.29416048322988,15.951515217922669,0.0,,False,1.087939739227295
262,0.0021324343979358673,1.541699816698383e-07,0.0023733165580779314,0.0007820127066224813,1.195252110619549e-07,0.0008141545113176107,0.00024301710072904825,-13.782093048095703,0.207713320851326,0.00047446152893826365,0.20015208423137665,0.4961075186729431,0.00014884379925206304,0.4969313144683838,0.0076059806160628796,-6.3325653076171875,0.4908272624015808,0.00011016779899364337,0.48965737223625183,0.0011698901653289795,-3.6316030025482178,0.9830595254898071,0.0031239646486938,1.0,0.01694047451019287,-1.9194557666778564,0.33125627040863037,0.002646841574460268,0.33000001311302185,0.0012562572956085205,-2.047957420349121,0.3108227550983429,0.0,0.3108227550983429,0.010758095420897007,0.0,0.010758095420897007,0.003499601734802127,0.003499601734802127,0.0,2.0,-20.6639461517334,1784745860.046809,29.185080766677856,,19.82080971277678,14.593617671273872,0.0,,False,1.087939739227295
263,0.0021733208559453487,1.5522951457569434e-07,0.002089473884552717,0.0007947732228785753,1.198624772769108e-07,0.0007177393999882042,0.00011386186815798283,-13.922365188598633,0.2116203010082245,0.00047604565043002367,0.20398123562335968,0.4950622618198395,0.0001483258092775941,0.4961896240711212,0.0077218045480549335,-6.329594612121582,0.4902532994747162,0.00010813858534675092,0.48948878049850464,0.0007645189762115479,-3.6444075107574463,0.9827749729156494,0.003145580878481269,1.0,0.017225027084350586,-1.914778232574463,0.3327537775039673,0.002683323109522462,0.33000001311302185,0.0027537643909454346,-2.0399978160858154,0.3072172999382019,0.0,0.3072172999382019,0.010754909366369247,0.0,0.010754909366369247,0.003498296719044447,0.003498296719044447,0.0,2.0,-20.808246612548828,1784745860.1426792,29.280951023101807,,21.491759403139106,13.243679728888381,0.0,,False,1.087939739227295
264,0.0022101402282714844,1.56389660332934e-07,0.0024735755287110806,0.0008060706313699484,1.2029961737880512e-07,0.0008475352078676224,0.0002666786022018641,-13.735198974609375,0.2151496559381485,0.0004775614943355322,0.20852810144424438,0.49414798617362976,0.00014784149243496358,0.49629348516464233,0.006960470695048571,-6.333744049072266,0.4897356331348419,0.0001062813462340273,0.48908761143684387,0.0006480216979980469,-3.6537961959838867,0.9826020002365112,0.003161358181387186,1.0,0.01739799976348877,-1.9115647077560425,0.33388763666152954,0.002717654686421156,0.33000001311302185,0.0038876235485076904,-2.032274007797241,0.3042825758457184,0.0,0.3042825758457184,0.010760572738945484,0.0,0.010760572738945484,0.0035006164107471704,0.0035006164107471704,0.0,2.0,-20.629093170166016,1784745860.258524,29.396795749664307,,22.98355565111862,11.901465594791464,0.0,,False,1.087939739227295
265,0.0022473223507404327,1.581817770102134e-07,0.00250688917003572,0.0008144015446305275,1.2109114777558716e-07,0.0008558304980397224,0.000262852234300226,-13.735190391540527,0.21846365928649902,0.0004797157016582787,0.21373796463012695,0.4932367205619812,0.00014746598026249558,0.49511435627937317,0.005085047334432602,-6.359007358551025,0.4892345368862152,0.00010460960038471967,0.4880255460739136,0.0012089908123016357,-3.6567130088806152,0.9824551343917847,0.00317232683300972,1.0,0.017544865608215332,-1.9091898202896118,0.33464038372039795,0.0027576887514442205,0.33000001311302185,0.004640370607376099,-2.023838758468628,0.30129289627075195,0.0,0.30129289627075195,0.010791376233100891,0.0,0.010791376233100891,0.003513239324092865,0.003513239324092865,0.0,1.0,-20.6507511138916,1784745860.3634965,29.501768350601196,,24.497009842823722,10.56768671002316,0.0,,False,1.087939739227295
266,0.00229729525744915,1.633114834476146e-07,0.0021371336188167334,0.0008148134220391512,1.2317413222717732e-07,0.0007239608094096184,0.00018413568614050746,-13.818716049194336,0.22285158932209015,0.00048715059529058635,0.21745729446411133,0.4924733638763428,0.0001467899273848161,0.49451303482055664,0.005767033435404301,-6.344809055328369,0.48861241340637207,0.00010175177158089355,0.48784029483795166,0.0007721185684204102,-3.67461895942688,0.9850823879241943,0.003232159884646535,1.0,0.014917612075805664,-1.9139387607574463,0.3328452706336975,0.0027800514362752438,0.33000001311302185,0.002845257520675659,-2.0222485065460205,0.2917937934398651,0.0,0.2917937934398651,0.01085211243480444,0.0,0.01085211243480444,0.0035381566267460585,0.0035381566267460585,0.0,1.0,-20.73187255859375,1784745860.4476833,29.585955142974854,,26.09158547923097,9.618920262689052,0.0,,False,1.087939739227295
267,0.00235506659373641,1.6618686515812442e-07,0.002621652325615287,0.0008100229315459728,1.238324927044232e-07,0.0008871260797604918,0.00027751189190894365,-13.681543350219727,0.22700706124305725,0.0004894037847407162,0.22192098200321198,0.4922201335430145,0.0001452469441574067,0.4941248297691345,0.0054310280829668045,-6.3529052734375,0.4883940517902374,9.841873543336987e-05,0.48789870738983154,0.0004953444004058838,-3.6929545402526855,0.9858424663543701,0.003185763256624341,1.0,0.014157533645629883,-1.9241352081298828,0.3318801522254944,0.002796035259962082,0.33000001311302185,0.0018801391124725342,-2.0202057361602783,0.2887086272239685,0.0,0.2887086272239685,0.011206516064703465,0.0,0.011206516064703465,0.0036842857953161,0.0036842857953161,0.0,1.0,-20.6103458404541,1784745888.7612145,57.89948630332947,,27.564634397498573,9.949066125149006,0.0,,False,1.087939739227295
268,0.0024156661238521338,1.7125714180110663e-07,0.0028345996979624033,0.000812440412119031,1.2591125653216295e-07,0.0009574901778250933,0.00044333370169624686,-13.300065994262695,0.2312166690826416,0.0004959696670994163,0.22713035345077515,0.4917789697647095,0.00014438031939789653,0.49392712116241455,0.004616549704223871,-6.3553361892700195,0.48817405104637146,9.593573486199602e-05,0.4878958761692047,0.00027817487716674805,-3.706573963165283,0.9860153198242188,0.0031677945517003536,1.0,0.01398468017578125,-1.9275527000427246,0.33204829692840576,0.002866500522941351,0.33000001311302185,0.002048283815383911,-2.0076615810394287,0.28713905811309814,0.0,0.28713905811309814,0.011392123997211456,0.0,0.011392123997211456,0.003761311061680317,0.003761311061680317,0.0,1.0,-20.237621307373047,1784745888.8470306,57.985302448272705,,28.66495878268512,10.26666783248811,0.0,,False,1.087939739227295
269,0.002477174624800682,1.7677504615676298e-07,0.0022248413879424334,0.0008164264727383852,1.2832394702400052e-07,0.0007510660798288882,0.00026066077407449484,-13.673931121826172,0.23529432713985443,0.0005034838104620576,0.23088937997817993,0.49137619137763977,0.00014352118887472898,0.49336883425712585,0.0048346854746341705,-6.350513935089111,0.48801389336586,9.363279968965799e-05,0.48761674761772156,0.00039714574813842773,-3.7182838916778564,0.9862082004547119,0.0031505522783845663,1.0,0.013791799545288086,-1.9309629201889038,0.3330104351043701,0.002959747100248933,0.33000001311302185,0.0030104219913482666,-1.9908561706542969,0.28703632950782776,0.0,0.28703632950782776,0.011506754904985428,0.0,0.011506754904985428,0.003809049492701888,0.003809049492701888,0.0,1.0,-20.61348533630371,1784745888.9518757,58.090147495269775,,30.14114719680233,10.567464129442083,0.0,,False,1.087939739227295
270,0.0025329412892460823,1.8169696147651848e-07,0.0028122137300670147,0.0008197731804102659,1.304491092923854e-07,0.0009424372110515833,0.00030502385925501585,-13.576431274414062,0.23890574276447296,0.0005104996380396187,0.23544494807720184,0.4910687208175659,0.00014252332039177418,0.49377012252807617,0.004390292800962925,-6.342853546142578,0.4879164397716522,9.136980952462181e-05,0.4871828258037567,0.0007336139678955078,-3.7284138202667236,0.986395001411438,0.0031334292143583298,1.0,0.013604998588562012,-1.9343395233154297,0.33404451608657837,0.003051410662010312,0.33000001311302185,0.0040445029735565186,-1.974456787109375,0.2874237895011902,0.0,0.2874237895011902,0.011628746055066586,0.0,0.011628746055066586,0.0038599923718720675,0.0038599923718720675,0.0,1.0,-20.514921188354492,1784745889.0676975,58.20596933364868,,31.51877146297032,10.851861042851134,0.0,,False,1.087939739227295
271,0.00259479321539402,1.8775372723212058e-07,0.0028437688015401363,0.0008262468036264181,1.3316996216872212e-07,0.0009506041533313692,0.0002783048548735678,-13.598865509033203,0.24290531873703003,0.0005189115181565285,0.24075289070606232,0.490683376789093,0.00014163243758957833,0.492401659488678,0.0027541681192815304,-6.3602614402771,0.48781952261924744,8.921280095819384e-05,0.48592689633369446,0.0018926262855529785,-3.7232284545898438,0.9860197305679321,0.003116904990747571,1.0,0.013980269432067871,-1.9351658821105957,0.33545631170272827,0.003162242006510496,0.33000001311302185,0.005456298589706421,-1.954591155052185,0.28680121898651123,0.0,0.28680121898651123,0.011739620007574558,0.0,0.011739620007574558,0.0039064171724021435,0.0039064171724021435,0.0,1.0,-20.548688888549805,1784745889.1515012,58.28977298736572,,32.930163429333625,11.116392324202995,0.0,,False,1.087939739227295
272,0.0026575326919555664,1.9364965453405603e-07,0.0023923430126160383,0.000833314610645175,1.357200858365104e-07,0.0007951612351462245,0.0002679202298168093,-13.610123634338379,0.24698543548583984,0.000526942138094455,0.24458779394626617,0.49030327796936035,0.00014059821842238307,0.49061352014541626,0.002417630050331354,-6.365337371826172,0.48769611120224,8.699674071976915e-05,0.48589491844177246,0.0018011927604675293,-3.7372353076934814,0.9857324361801147,0.0031020152382552624,1.0,0.014267563819885254,-1.9361016750335693,0.33746767044067383,0.003280363278463483,0.33000001311302185,0.0074676573276519775,-1.9324619770050049,0.2865445017814636,0.0,0.2865445017814636,0.011836159974336624,0.0,0.011836159974336624,0.003946932032704353,0.003946932032704353,0.0,1.0,-20.57101058959961,1784745889.2562172,58.3944890499115,,34.363877096746734,11.358794427507675,0.0,,False,1.087939739227295
273,0.0027171862311661243,1.9899242431620223e-07,0.00307244760915637,0.0008413922041654587,1.3802191745071468e-07,0.0010144050465896726,0.00039515073876827955,-13.3494873046875,0.2509705126285553,0.00053404486970976,0.2492278814315796,0.48996901512145996,0.00013952230801805854,0.4883372187614441,0.002387367421761155,-6.35589599609375,0.48757749795913696,8.483418059768155e-05,0.4862212538719177,0.0013562440872192383,-3.7576262950897217,0.9853537082672119,0.0030840642284601927,1.0,0.014646291732788086,-1.9370372295379639,0.33934932947158813,0.003394119907170534,0.33000001311302185,0.009349316358566284,-1.9110403060913086,0.28656771779060364,0.0,0.28656771779060364,0.011990053579211235,0.0,0.011990053579211235,0.004011704586446285,0.004011704586446285,0.0,1.0,-20.313016891479492,1784745889.3411603,58.479432106018066,,35.539597066039725,11.57977485989866,0.0,,False,1.087939739227295
274,0.0027785133570432663,2.0513473941718985e-07,0.0030343395192176104,0.0008518323302268982,1.4077845378324128e-07,0.001000181888230145,0.00029572725179605186,-13.512275695800781,0.25515690445899963,0.0005417626816779375,0.2545629143714905,0.4895605742931366,0.00013864529319107533,0.4879077076911926,0.001756357611157,-6.354081630706787,0.4874289333820343,8.283368515549228e-05,0.4865207076072693,0.0009082257747650146,-3.7754201889038086,0.9845279455184937,0.0030648496467620134,1.0,0.015472054481506348,-1.9358867406845093,0.34104615449905396,0.003517773235216737,0.33000001311302185,0.011046141386032104,-1.8886821269989014,0.28593602776527405,0.0,0.28593602776527405,0.012187746353447437,0.0,0.012187746353447437,0.004095237702131271,0.004095237702131271,0.0,1.0,-20.483251571655273,1784745889.4459136,58.58418536186218,,36.8855517155085,11.778397113197236,0.0,,False,1.087939739227295
275,0.0028380872681736946,2.1075361189559771e-07,0.0030339148361235857,0.0008628617506474257,1.4323528318982426e-07,0.0009948532097041607,0.0002361571096116677,-13.576004981994629,0.25925570726394653,0.0005481686093844473,0.2597685158252716,0.4893099069595337,0.00013751955702900887,0.4875308573246002,0.0018514832481741905,-6.350711822509766,0.4873824417591095,8.074728248175234e-05,0.4862363338470459,0.0011461079120635986,-3.7850208282470703,0.984024167060852,0.0030341597739607096,1.0,0.01597583293914795,-1.9379128217697144,0.3423522710800171,0.003634554333984852,0.33000001311302185,0.01235225796699524,-1.8687057495117188,0.28530219197273254,0.0,0.28530219197273254,0.01239124033600092,0.0,0.01239124033600092,0.004181600641459227,0.004181600641459227,0.0,1.0,-20.549083709716797,1784745889.5531034,58.69137525558472,,38.297338503038794,11.957042989008631,0.0,,False,1.087939739227295
276,0.002895140554755926,2.155411920057304e-07,0.0026330461259931326,0.0008734127040952444,1.452413016522769e-07,0.0008569841738790274,0.00026260880986228585,-13.549333572387695,0.26317334175109863,0.0005529364570975304,0.26273831725120544,0.4891853928565979,0.0001362114999210462,0.4870450794696808,0.002184076001867652,-6.345920562744141,0.48738807439804077,7.860955520300195e-05,0.48589688539505005,0.0014911890029907227,-3.792426347732544,0.9842324256896973,0.0029969296883791685,1.0,0.015767574310302734,-1.9446663856506348,0.34355759620666504,0.003741360967978835,0.33000001311302185,0.013557583093643188,-1.8506500720977783,0.2847578227519989,0.0,0.2847578227519989,0.012582093477249146,0.0,0.012582093477249146,0.0042629423551261425,0.0042629423551261425,0.0,1.0,-20.52228355407715,1784745889.657606,58.79587769508362,,39.68232513492944,12.117633187406085,0.0,,False,1.087939739227295
277,0.0029518373776227236,2.2103984065324767e-07,0.0031778954435139894,0.0008843929972499609,1.476085174090258e-07,0.0010291001526638865,0.0002684071660041809,-13.502408981323242,0.26714226603507996,0.0005583563470281661,0.26720327138900757,0.48902595043182373,0.0001352454855805263,0.48648709058761597,0.002539592795073986,-6.3377556800842285,0.4873941242694855,7.673427171539515e-05,0.4860379099845886,0.0013562142848968506,-3.806657552719116,0.9839214086532593,0.0029640314169228077,1.0,0.016078591346740723,-1.948054313659668,0.3440895676612854,0.003851020010188222,0.33000001311302185,0.01408955454826355,-1.8349957466125488,0.28301554918289185,0.0,0.28301554918289185,0.012826972641050816,0.0,0.012826972641050816,0.004367797169834375,0.004367797169834375,0.0,1.0,-20.475940704345703,1784745889.745719,58.88399076461792,,41.020968917088645,12.26256906031831,0.0,,False,1.087939739227295
278,0.003016041126102209,2.2956436396270874e-07,0.0033677842002362013,0.0008974291849881411,1.513707132971831e-07,0.0010847952216863632,0.00039853385533206165,-13.27199649810791,0.2714432179927826,0.000566064496524632,0.2724744975566864,0.4888429045677185,0.00013483664952218533,0.48517906665802,0.003806211519986391,-6.305530548095703,0.4874299168586731,7.523857493652031e-05,0.4854988753795624,0.0019310414791107178,-3.803703784942627,0.9832545518875122,0.0029391064308583736,1.0,0.016745448112487793,-1.9481831789016724,0.3451438546180725,0.003996529616415501,0.33000001311302185,0.01514384150505066,-1.8135340213775635,0.2788882851600647,0.0,0.2788882851600647,0.012952865101397038,0.0,0.012952865101397038,0.004421913996338844,0.004421913996338844,0.0,2.0,-20.218273162841797,1784745889.8505752,58.98884701728821,,42.10194515774394,12.386043207995549,0.0,,False,1.087939739227295
279,0.0030921529978513718,2.3703717033640714e-07,0.0026418890338391066,0.0009026611223816872,1.5557300514501549e-07,0.0008454159251414239,0.0004538883513305336,-13.18954086303711,0.2750728130340576,0.0005690434481948614,0.2762872278690338,0.4882943630218506,0.00013343342288862914,0.48418235778808594,0.004287585616111755,-6.294198036193848,0.48736342787742615,7.356643618550152e-05,0.4832889437675476,0.00407448410987854,-3.7268893718719482,0.9794114828109741,0.002874950412660837,1.0,0.02058851718902588,-1.933200478553772,0.3484780788421631,0.004119070712476969,0.33000001311302185,0.018478065729141235,-1.7856793403625488,0.26756763458251953,0.0,0.26756763458251953,0.012959415093064308,0.0,0.012959415093064308,0.004424732178449631,0.004424732178449631,0.0,2.0,-20.08834457397461,1784745889.9570613,59.095333099365234,,43.05299280953205,12.481662674657773,0.0,,False,1.087939739227295
280,0.003126691561192274,2.541341643791384e-07,0.0033280320931226015,0.0009274068288505077,1.6429716254151572e-07,0.0010596697684377432,0.00024089727958198637,-13.432624816894531,0.27721846103668213,0.0005851290188729763,0.28085392713546753,0.4868200123310089,0.0001360769965685904,0.4818190932273865,0.006182702258229256,-6.231919765472412,0.48680761456489563,7.498826744267717e-05,0.48248007893562317,0.004327535629272461,-3.7052805423736572,0.9784294366836548,0.0029754110146313906,1.0,0.021570563316345215,-1.9115591049194336,0.3527889847755432,0.004352445714175701,0.33000001311302185,0.022788971662521362,-1.7399097681045532,0.25863736867904663,0.0,0.25863736867904663,0.012529418803751469,0.0,0.012529418803751469,0.00424045929685235,0.00424045929685235,0.0,2.0,-20.270801544189453,1784745890.0522766,59.19054841995239,,44.186497431535,12.531512569062002,0.0,,False,1.087939739227295
281,0.0031641412060707808,2.7466040819490445e-07,0.003502634819597006,0.0009504253976047039,1.7456927992043347e-07,0.00110565684735775,0.0003723905829247087,-13.21886157989502,0.2796378433704376,0.0006027599447406828,0.2861752212047577,0.48525470495224,0.000139477095217444,0.48172616958618164,0.007428853772580624,-6.227839469909668,0.4861280620098114,7.687927427468821e-05,0.48437511920928955,0.0017529428005218506,-3.7977137565612793,0.9763598442077637,0.0030857622623443604,1.0,0.023640155792236328,-1.8809857368469238,0.35746222734451294,0.004610090982168913,0.33000001311302185,0.02746221423149109,-1.6890193223953247,0.24848143756389618,0.0,0.24848143756389618,0.012139555998146534,0.0,0.012139555998146534,0.004074841272085905,0.004074841272085905,0.0,2.0,-20.099990844726562,1784745890.1571298,59.29540157318115,,45.149191354075064,12.530472017757003,0.0,,False,1.087939739227295
282,0.0031972923316061497,2.911671970196039e-07,0.002799853216856718,0.0009694739710539579,1.8271846613515663e-07,0.0008711771806702018,0.000409414351452142,-13.146777153015137,0.2821401059627533,0.0006131072877906263,0.28996795415878296,0.48403552174568176,0.0001419896725565195,0.48270726203918457,0.00793974008411169,-6.234302520751953,0.485564261674881,7.798036676831543e-05,0.4854089319705963,0.00015532970428466797,-3.8104331493377686,0.9756957292556763,0.0031384052708745003,1.0,0.02430427074432373,-1.8689738512039185,0.3597486615180969,0.004785099066793919,0.33000001311302185,0.029748648405075073,-1.6597130298614502,0.23961108922958374,0.0,0.23961108922958374,0.011985658667981625,0.0,0.011985658667981625,0.0040098512545228004,0.0040098512545228004,0.0,2.0,-20.03943634033203,1784745890.2615435,59.39981532096863,,46.051330772220595,12.500125173918128,0.0,,False,1.087939739227295
283,0.0032367268577218056,3.0872146794536093e-07,0.003646368160843849,0.0009860137943178415,1.9105884518921812e-07,0.0011314904550090432,0.0004347061621956527,-13.065717697143555,0.28495562076568604,0.0006224965327419341,0.2943350374698639,0.4830852746963501,0.00014410594303626567,0.482399582862854,0.009404446929693222,-6.203197479248047,0.4851311445236206,7.864149665692821e-05,0.4832231402397156,0.0019080042839050293,-3.7832207679748535,0.975373387336731,0.0031627537682652473,1.0,0.024626612663269043,-1.8633407354354858,0.3609391450881958,0.004956081509590149,0.33000001311302185,0.03093913197517395,-1.638060212135315,0.23102708160877228,0.0,0.23102708160877228,0.012027154676616192,0.0,0.012027154676616192,0.004027352202683687,0.004027352202683687,0.0,2.0,-19.91988754272461,1784745890.346068,59.48433971405029,,46.833921392758704,12.44812551235312,0.0,,False,1.087939739227295
284,0.003285244107246399,3.2935554372670595e-07,0.00364870298653841,0.0010017289314419031,2.0061517602698586e-07,0.0011261977488175035,0.00038418074836954474,-13.096965789794922,0.288337767124176,0.0006335197831504047,0.2993856966495514,0.4823223054409027,0.00014635079423896968,0.4810483455657959,0.01112113893032074,-6.157107353210449,0.48480623960494995,7.919797644717619e-05,0.48361653089523315,0.0011897087097167969,-3.793905258178711,0.9747107028961182,0.003182072192430496,1.0,0.025289297103881836,-1.8556803464889526,0.3622412383556366,0.005146609153598547,0.33000001311302185,0.032241225242614746,-1.6147816181182861,0.22218118607997894,0.0,0.22218118607997894,0.012247434817254543,0.0,0.012247434817254543,0.004120528697967529,0.004120528697967529,0.0,2.0,-19.919605255126953,1784745890.450582,59.58885383605957,,47.61622972569916,12.372847256771081,0.0,,False,1.087939739227295
285,0.0033403232228010893,3.5011532872886164e-07,0.003585590748116374,0.001014216337352991,2.1014838580413198e-07,0.001095528481528163,0.0002583947207313031,-13.180710792541504,0.2923142910003662,0.000644751766230911,0.30299240350723267,0.4818683862686157,0.00014822471712250262,0.4812846779823303,0.010694054886698723,-6.154263496398926,0.48463717103004456,7.932888547657058e-05,0.48505452275276184,0.00041735172271728516,-3.800917387008667,0.9738510847091675,0.0031897227745503187,1.0,0.02614891529083252,-1.8477895259857178,0.36276912689208984,0.005326582584530115,0.33000001311302185,0.03276911377906799,-1.5977864265441895,0.21487011015415192,0.0,0.21487011015415192,0.012778157368302345,0.0,0.012778157368302345,0.0043468535877764225,0.0043468535877764225,0.0,2.0,-20.004581451416016,1784745890.57625,59.71452188491821,,48.48351425492867,12.280573809614946,0.0,,False,1.087939739227295
286,0.0033964584581553936,3.651700808404712e-07,0.00309612019918859,0.0010230503976345062,2.168295338833559e-07,0.0009451357182115316,0.0003102801274508238,-13.10814380645752,0.2965449392795563,0.0006501362659037113,0.3073779344558716,0.4819837808609009,0.0001488403941038996,0.4822482466697693,0.010836223140358925,-6.1471171379089355,0.4847371578216553,7.829425885574892e-05,0.48537585139274597,0.0006386935710906982,-3.805974245071411,0.974743127822876,0.0031580158974975348,1.0,0.025256872177124023,-1.858968734741211,0.36106693744659424,0.0054161944426596165,0.33000001311302185,0.031066924333572388,-1.601143479347229,0.21036864817142487,0.0,0.21036864817142487,0.013730065897107124,0.0,0.013730065897107124,0.004759094212204218,0.004759094212204218,0.0,2.0,-19.928823471069336,1784745890.6599689,59.798240661621094,,49.27504080381151,12.19165741526185,0.0,,False,1.087939739227295
287,0.0034551937133073807,3.810348800925567e-07,0.0037526863161474466,0.0010308390483260155,2.2385684417258744e-07,0.0011396420886740088,0.00031676481012254953,-13.065864562988281,0.3012504279613495,0.0006580593762919307,0.3126392662525177,0.48217499256134033,0.00014920218382030725,0.4827258288860321,0.011402151547372341,-6.13076639175415,0.48487332463264465,7.715143146924675e-05,0.48514172434806824,0.000268399715423584,-3.815464973449707,0.9746427536010742,0.003122147638350725,1.0,0.02535724639892578,-1.862706184387207,0.3584434986114502,0.005532191600650549,0.33000001311302185,0.028443485498428345,-1.6065267324447632,0.2074882686138153,0.0,0.2074882686138153,0.01496066339313984,0.0,0.01496066339313984,0.00530349463224411,0.00530349463224411,0.0,1.0,-19.878210067749023,1784745890.754605,59.892876863479614,,50.01595394937403,12.10812427400629,0.0,,False,1.087939739227295
288,0.003500549588352442,3.7749080661342305e-07,0.003203692613169551,0.0010515886824578047,2.2125007603790436e-07,0.0009699050569906831,0.00030789003358222544,-13.087166786193848,0.30660152435302734,0.0006463556783273816,0.31640341877937317,0.48353591561317444,0.00014572693908121437,0.4824182689189911,0.009865407831966877,-6.172483444213867,0.48544323444366455,7.234927034005523e-05,0.4844931662082672,0.0009500682353973389,-3.8418259620666504,0.9846535921096802,0.002940552309155464,1.0,0.015346407890319824,-1.955594778060913,0.34611159563064575,0.005351376254111528,0.33000001311302185,0.0161115825176239,-1.6720083951950073,0.21702121198177338,0.0,0.21702121198177338,0.016955049708485603,0.0,0.016955049708485603,0.006211565341800451,0.006211565341800451,0.0,1.0,-19.946067810058594,1784745890.8379116,59.97618341445923,,50.82472483724612,12.090072795500973,0.0,,False,1.087939739227295
289,0.003558422438800335,3.79858420274104e-07,0.0039483834989368916,0.0010604639537632465,2.2142964439808566e-07,0.0011908917222172022,0.0004111946327611804,-12.976858139038086,0.3115050792694092,0.0006439001299440861,0.3208857476711273,0.48456770181655884,0.0001436656602891162,0.48079389333724976,0.0101113086566329,-6.142220497131348,0.4858976900577545,6.916151323821396e-05,0.48340460658073425,0.0024930834770202637,-3.825659990310669,0.9869638681411743,0.0028067093808203936,1.0,0.013036131858825684,-1.9886587858200073,0.3357952833175659,0.005260329693555832,0.33000001311302185,0.005795270204544067,-1.7016499042510986,0.2239881306886673,0.0,0.2239881306886673,0.019524196162819862,0.0,0.019524196162819862,0.007424783892929554,0.007424783892929554,0.0,1.0,-19.803464889526367,1784745890.9424844,60.080756187438965,,51.49089280458599,12.101662826051747,0.0,,False,1.087939739227295
290,0.0036162929609417915,3.91186517845199e-07,0.003979792818427086,0.0010750778019428253,2.2610922201238282e-07,0.0011903925333172083,0.000381352350814268,-12.991996765136719,0.3162187337875366,0.0006507054786197841,0.32608309388160706,0.4851495623588562,0.00014334461593534797,0.47977957129478455,0.011231313459575176,-6.080624103546143,0.4861519932746887,6.765586294932291e-05,0.4836874306201935,0.0024645626544952393,-3.836709976196289,0.9876817464828491,0.0027396499644964933,1.0,0.012318253517150879,-2.003330707550049,0.3301697373390198,0.005301840137690306,0.33000001311302185,0.0001697242259979248,-1.7009093761444092,0.23092356324195862,0.0,0.23092356324195862,0.021745195612311363,0.0,0.021745195612311363,0.00850995909422636,0.00850995909422636,0.0,1.0,-19.774852752685547,1784745891.0572505,60.19552230834961,,52.128448635085036,12.112512328495832,0.0,,False,1.087939739227295
291,0.0036787143908441067,4.0463098116561014e-07,0.0034612128511071205,0.001092148246243596,2.3193548770450434e-07,0.00102347566280514,0.0002280851622344926,-13.092047691345215,0.32095885276794434,0.0006601898930966854,0.32979288697242737,0.48559725284576416,0.00014340710185933858,0.4797719717025757,0.010581779293715954,-6.071108818054199,0.48637646436691284,6.666877743555233e-05,0.48410409688949585,0.002272367477416992,-3.85022234916687,0.98734450340271,0.002695342991501093,1.0,0.012655496597290039,-2.0094656944274902,0.32657188177108765,0.005386408884078264,0.33000001311302185,0.003428131341934204,-1.691908836364746,0.23732776939868927,0.0,0.23732776939868927,0.02372606284916401,0.0,0.02372606284916401,0.009504296816885471,0.009504296816885471,0.0,1.0,-19.874046325683594,1784745891.1410818,60.279353618621826,,52.86519803858213,12.114361291160254,0.0,,False,1.087939739227295
292,0.003738214261829853,4.167783060893271e-07,0.003971552476286888,0.0011109837796539068,2.3735806564673112e-07,0.001175662036985159,0.00024213633150793612,-13.060195922851562,0.32559430599212646,0.0006689886213280261,0.3342471420764923,0.4859539866447449,0.00014361347712110728,0.4798606336116791,0.010583030059933662,-6.055961608886719,0.4865422248840332,6.591934652533382e-05,0.48402196168899536,0.002520263195037842,-3.8464229106903076,0.9872260093688965,0.002658022567629814,1.0,0.012773990631103516,-2.0154531002044678,0.32373109459877014,0.005470865871757269,0.32935547828674316,0.0056243836879730225,-1.682329535484314,0.24423839151859283,0.0,0.24423839151859283,0.025616325438022614,0.0,0.025616325438022614,0.010475149378180504,0.010475149378180504,0.0,1.0,-19.828176498413086,1784745891.2577932,60.39606499671936,,53.556077614808714,12.106630952944244,0.0,,False,1.087939739227295
293,0.003804244566708803,4.299891145365109e-07,0.004635884426534176,0.0011362344957888126,2.4314468305419723e-07,0.0013588133733719587,0.000860910105984658,-12.200569152832031,0.3307093381881714,0.0006776826339773834,0.34105679392814636,0.4862383008003235,0.0001441746426280588,0.47956573963165283,0.012312307953834534,-5.999377250671387,0.48667144775390625,6.538163142977282e-05,0.48396533727645874,0.0027061104774475098,-3.84269380569458,0.9869033098220825,0.0026195235550403595,1.0,0.01309669017791748,-2.0207035541534424,0.3215712010860443,0.005559547804296017,0.32935547828674316,0.0077842772006988525,-1.6717309951782227,0.25093406438827515,0.0,0.25093406438827515,0.027551673352718353,0.0,0.027551673352718353,0.01149033848196268,0.01149033848196268,0.0,1.0,-18.921417236328125,1784745891.3634582,60.50172996520996,,53.34019792895034,12.088302074422142,0.0,,False,1.087939739227295
294,0.0038809962570667267,4.4443783053793595e-07,0.002750624902546406,0.0011711965780705214,2.4935533815551025e-07,0.0007940875366330147,0.0011916168732568622,-11.354907989501953,0.3366076350212097,0.0006859349086880684,0.344950407743454,0.4863699972629547,0.00014511088375002146,0.47947871685028076,0.010820887051522732,-6.009125709533691,0.4866679906845093,6.499639130197465e-05,0.483988881111145,0.002679109573364258,-3.846435308456421,0.9867806434631348,0.0025761076249182224,1.0,0.013219356536865234,-2.0278818607330322,0.3201938569545746,0.0056443242356181145,0.33000001311302185,0.009806156158447266,-1.6610956192016602,0.2592437267303467,0.0,0.2592437267303467,0.029754042625427246,0.0,0.029754042625427246,0.012670459225773811,0.012670459225773811,0.0,1.0,-18.085426330566406,1784745891.4470983,60.58537006378174,,52.288327337330244,12.059337819923478,0.0,,False,1.087939739227295
295,0.003974931314587593,4.6569698497478385e-07,0.005059452261775732,0.001219139201566577,2.596927970444085e-07,0.0014516309602186084,0.0011091609485447407,-11.66697883605957,0.34456169605255127,0.0006988796521909535,0.3496132791042328,0.4853331446647644,0.00014811607252340764,0.4792131781578064,0.007935520261526108,-6.059205055236816,0.4856950640678406,6.538880552398041e-05,0.4839663803577423,0.0017286837100982666,-3.875790596008301,0.9882402420043945,0.00254032202064991,1.0,0.011759757995605469,-2.041574478149414,0.31693220138549805,0.005700223613530397,0.3290331959724426,0.01210099458694458,-1.6518417596817017,0.2809424102306366,0.0,0.2809424102306366,0.034514933824539185,0.0,0.034514933824539185,0.015306568704545498,0.015306568704545498,1.0,1.0,-18.452238082885742,1784745891.551564,60.68983578681946,,51.603268498029486,12.021119705904855,0.0,,False,1.087939739227295
296,0.004040241707116365,4.7602503627786064e-07,0.004222274757921696,0.0012322701513767242,2.611536729091313e-07,0.0012039190623909235,0.00018422762514092028,-12.983755111694336,0.3500726819038391,0.0006963357445783913,0.3550454080104828,0.48647958040237427,0.00014696596190333366,0.4790218472480774,0.008963581174612045,-6.002641677856445,0.4862455427646637,6.402179133147001e-05,0.4842222332954407,0.0020233094692230225,-3.8772332668304443,0.9896929264068604,0.002486291341483593,1.0,0.010307073593139648,-2.0581789016723633,0.3126718997955322,0.005903321318328381,0.33000001311302185,0.017328113317489624,-1.6217498779296875,0.29075929522514343,0.0,0.29075929522514343,0.03774883970618248,0.0,0.03774883970618248,0.017159393057227135,0.017159393057227135,1.0,1.0,-19.724485397338867,1784745891.6559367,60.79420852661133,,52.19045697318185,11.952809710134218,0.0,,False,1.087939739227295
297,0.0040952772833406925,4.889958518106141e-07,0.003673791652545333,0.0012486865743994713,2.655217201663618e-07,0.00104099593590945,0.0004698782286141068,-12.73548698425293,0.3543959856033325,0.0007004737854003906,0.3589134216308594,0.48693594336509705,0.00014695701247546822,0.4790091812610626,0.009123638272285461,-5.978336334228516,0.48657160997390747,6.325946742435917e-05,0.4842231869697571,0.0023484230041503906,-3.871603012084961,0.9891777038574219,0.002466990379616618,1.0,0.010822296142578125,-2.059701919555664,0.3074222803115845,0.006155624520033598,0.3258105516433716,0.01838827133178711,-1.5987911224365234,0.3104843199253082,0.0,0.3104843199253082,0.04290381073951721,0.0,0.04290381073951721,0.02020963653922081,0.02020963653922081,1.0,1.0,-19.453956604003906,1784745891.749713,60.88798475265503,,52.50711665499926,11.861540958870417,0.0,,False,1.087939739227295
298,0.004154316149652004,5.025295308769273e-07,0.0036651904229074717,0.0012610828271135688,2.7020161041946267e-07,0.001027124933898449,0.0005421994719654322,-12.636650085449219,0.3592602610588074,0.0007063681841827929,0.36195048689842224,0.4874001145362854,0.00014667240611743182,0.4799931049346924,0.007880425080657005,-6.011312484741211,0.48688173294067383,6.221456715138629e-05,0.48416027426719666,0.002721458673477173,-3.863999366760254,0.987865686416626,0.0024507504422217607,1.0,0.012134313583374023,-2.056701898574829,0.3015862703323364,0.00639197276905179,0.3280664086341858,0.026480138301849365,-1.5525678396224976,0.3280159831047058,0.0,0.3280159831047058,0.04873974993824959,0.0,0.04873974993824959,0.023796888068318367,0.023796888068318367,1.0,1.0,-19.37769889831543,1784745891.854362,60.99263381958008,,52.74751863112819,11.72404892479259,0.0,,False,1.087939739227295
299,0.004223063588142395,5.18875538091379e-07,0.0044698771089315414,0.0012702234089374542,2.7634976618173823e-07,0.0012449760688468814,0.0002481014817021787,-12.88886833190918,0.3647487759590149,0.0007141265668906271,0.3672415316104889,0.487995445728302,0.00014616866246797144,0.48198509216308594,0.006506779696792364,-6.07180118560791,0.4872717261314392,6.111457332735881e-05,0.4842608571052551,0.003010869026184082,-3.8582749366760254,0.9864866733551025,0.0024257644545286894,1.0,0.013513326644897461,-2.0542259216308594,0.29575344920158386,0.0066611068323254585,0.32935547828674316,0.0336020290851593,-1.5020434856414795,0.3420744836330414,0.0,0.3420744836330414,0.054604336619377136,0.0,0.054604336619377136,0.02753535844385624,0.02753535844385624,1.0,2.0,-19.675447463989258,1784745891.959173,61.09744477272034,,53.285669172930945,11.536032536733746,0.0,,False,1.087939739227295
300,0.004275750834494829,5.129426767780387e-07,0.0039251381531357765,0.001268008491024375,2.7526075996320287e-07,0.0010850699618458748,0.00039546904736198485,-12.775829315185547,0.3692939579486847,0.0006928356015123427,0.37102553248405457,0.48853665590286255,0.00015277645434252918,0.4819938838481903,0.006768029183149338,-6.050485610961914,0.48732367157936096,6.162353383842856e-05,0.4842592477798462,0.0030644237995147705,-3.8521006107330322,0.9808105230331421,0.002404994796961546,1.0,0.01918947696685791,-2.019608736038208,0.27258190512657166,0.006279446184635162,0.3296777307987213,0.05709582567214966,-1.3567266464233398,0.39927518367767334,0.0,0.39927518367767334,0.08975281566381454,0.0,0.08975281566381454,0.05236052721738815,0.05236052721738815,1.0,2.0,-19.542268753051758,1784745892.043384,61.18165588378906,,53.6906410037962,11.202699309456762,0.0,,False,1.087939739227295
301,0.004297856241464615,5.182280915505544e-07,0.004869916941970587,0.0012772001791745424,2.7886972020496614e-07,0.0013320770813152194,0.0005746867973357439,-12.623666763305664,0.3729766607284546,0.0006845224997960031,0.37633776664733887,0.4889044761657715,0.00015663249359931797,0.4814482033252716,0.008178816176950932,-6.00059700012207,0.4874446988105774,6.210675928741693e-05,0.48404282331466675,0.0034018754959106445,-3.831221103668213,0.9804151058197021,0.0023355926387012005,1.0,0.01958489418029785,-2.0286927223205566,0.251313179731369,0.006067821756005287,0.3129199147224426,0.06160673499107361,-1.3206918239593506,0.4540594220161438,0.0,0.4540594220161438,0.12660470604896545,0.0,0.12660470604896545,0.08210017532110214,0.08210017532110214,1.0,2.0,-19.33975601196289,1784745892.1467636,61.285035371780396,,53.89310009357259,10.833331259715788,0.0,,False,1.087939739227295
302,0.004337879363447428,5.293979370435409e-07,0.0037590274587273598,0.0012862582225352526,2.85388352949667e-07,0.001019278191961348,0.0006374542135745287,-12.481250762939453,0.37728404998779297,0.000683136226143688,0.3801048994064331,0.4892684817314148,0.00016032315033953637,0.48129352927207947,0.008459140546619892,-5.971517562866211,0.487519234418869,6.25860775471665e-05,0.48398107290267944,0.003538161516189575,-3.8205342292785645,0.9791457653045654,0.0022828769870102406,1.0,0.02085423469543457,-2.026968479156494,0.22983039915561676,0.005953309591859579,0.3290331959724426,0.09920279681682587,-0.8164339661598206,0.5038164854049683,0.0,0.5038164854049683,0.17237316071987152,0.0,0.17237316071987152,0.1233452558517456,0.1233452558517456,1.0,2.0,-19.168731689453125,1784745892.2617373,61.40000915527344,,53.924534860839216,9.959705352175284,0.0,,False,1.087939739227295
303,0.004383749794214964,5.479047331391484e-07,0.004635357763618231,0.0012897864216938615,2.9556471758951375e-07,0.0012501466553658247,0.00025471136905252934,-12.82746410369873,0.3815585970878601,0.0006889501237310469,0.38456130027770996,0.48938751220703125,0.0001643218711251393,0.4789801239967346,0.010831895284354687,-5.823014259338379,0.48739027976989746,6.344454595819116e-05,0.4838930666446686,0.003497213125228882,-3.8173460960388184,0.978064775466919,0.0022501270286738873,1.0,0.021935224533081055,-2.0225284099578857,0.2110081911087036,0.0059744445607066154,0.31517577171325684,0.10416758060455322,-0.7330852746963501,0.5573201775550842,0.0,0.5573201775550842,0.2282193899154663,0.0,0.2282193899154663,0.17902147769927979,0.17902147769927979,1.0,2.0,-19.394548416137695,1784745892.34736,61.485631704330444,,54.18178635479041,9.00273075317131,0.0,,False,1.087939739227295
304,0.004436609335243702,5.68414634471992e-07,0.004708002787083387,0.0012827308382838964,3.064083671233675e-07,0.0012562526389956474,0.0002726820530369878,-12.78557014465332,0.3859967589378357,0.0006963430787436664,0.38967594504356384,0.48922649025917053,0.00016859994502738118,0.4796406924724579,0.01026761531829834,-5.858726501464844,0.4870351552963257,6.443499296437949e-05,0.48388275504112244,0.003152400255203247,-3.8288745880126953,0.9772692918777466,0.0022253370843827724,1.0,0.022730708122253418,-2.0188934803009033,0.192034050822258,0.00596368033438921,0.3290331959724426,0.13699914515018463,-0.06850612163543701,0.6132099628448486,0.0,0.6132099628448486,0.29749175906181335,0.0,0.29749175906181335,0.25462642312049866,0.25462642312049866,1.0,2.0,-19.38698959350586,1784745892.452462,61.590733766555786,,54.43147902610977,7.381177001106422,0.0,,False,1.087939739227295
305,0.004499618895351887,5.995300966787909e-07,0.003845003666356206,0.001258129719644785,3.212963974874583e-07,0.0010197500232607126,0.0006966677610762417,-12.355321884155273,0.3906477689743042,0.0007101269438862801,0.3933001458644867,0.4885077178478241,0.00017350913549307734,0.48165085911750793,0.0073519800789654255,-5.976356029510498,0.48616155982017517,6.589433905901387e-05,0.48375317454338074,0.0024083852767944336,-3.8507778644561768,0.9774014949798584,0.0022063027136027813,1.0,0.0225985050201416,-2.023545026779175,0.17565181851387024,0.0060064890421926975,0.32838866114616394,0.1527368426322937,0.30342602729797363,0.6796815395355225,0.0,0.6796815395355225,0.383298397064209,0.0,0.383298397064209,0.3556111454963684,0.3556111454963684,1.0,2.0,-19.06179428100586,1784745892.5582607,61.69653248786926,,54.35597638492913,5.387691100108123,0.0,,False,1.087939739227295
306,0.0045794290490448475,6.416915994122974e-07,0.005016228649765253,0.0012069891672581434,3.3967873491747014e-07,0.0013134104665368795,0.0004495769098866731,-12.573999404907227,0.3954281806945801,0.0007307287305593491,0.397662878036499,0.48708251118659973,0.00017874641343951225,0.4822498857975006,0.005324297118932009,-6.01888370513916,0.48450785875320435,6.751138425897807e-05,0.48380228877067566,0.0007055699825286865,-3.878981590270996,0.9786642789840698,0.002192361745983362,1.0,0.021335721015930176,-2.0386314392089844,0.16151632368564606,0.0059746201150119305,0.2940673828125,0.13255105912685394,-0.17081069946289062,0.75039142370224,0.0,0.75039142370224,0.48542970418930054,0.0,0.48542970418930054,0.48179003596305847,0.48179003596305847,1.0,2.0,-19.328598022460938,1784745892.6410685,61.7793402671814,,54.547277485203566,3.8684419258706884,0.0,,False,1.087939739227295
307,0.004656794015318155,6.831765517745225e-07,0.004909228067845106,0.0011448311852291226,3.570604008018563e-07,0.0012674592435359955,0.00028064317302778363,-12.615364074707031,0.39997363090515137,0.0007518506026826799,0.4028186500072479,0.48573869466781616,0.0001825712388381362,0.4807800352573395,0.005716855637729168,-5.990072250366211,0.4827166199684143,6.826192111475393e-05,0.4840555787086487,0.001338958740234375,-3.864008665084839,0.9796162843704224,0.0021828440949320793,1.0,0.020383715629577637,-2.0494515895843506,0.1456221342086792,0.0058077056892216206,0.33000001311302185,0.18437787890434265,1.2713862657546997,0.7964053750038147,1.0,0.2035946249961853,0.5767875909805298,0.0,0.5767875909805298,0.5955601930618286,0.5955601930618286,1.0,2.0,-19.339426040649414,1784745892.7470007,61.88527250289917,,54.74940660366648,4.0957349667556455,0.0,,False,1.087939739227295
308,0.004668456502258778,7.089901714607549e-07,0.004033789038658142,0.0010973992757499218,3.726663351244497e-07,0.0010325859766453505,0.0006379683036357164,-12.353422164916992,0.4012264013290405,0.000768966565374285,0.4064674377441406,0.4855539798736572,0.00018774984346237034,0.48031124472618103,0.007413146086037159,-5.946495056152344,0.4820779860019684,7.070966239552945e-05,0.4840593636035919,0.001981377601623535,-3.8317651748657227,0.9800901412963867,0.002236570930108428,1.0,0.01990985870361328,-2.043848991394043,0.1372380405664444,0.005824377294629812,0.33000001311302185,0.19276197254657745,1.535885214805603,0.8400170207023621,1.0,0.15998297929763794,0.6521221995353699,0.0,0.6521221995353699,0.6868590712547302,0.6868590712547302,1.0,2.0,-19.026500701904297,1784745892.8515298,61.98980164527893,,54.638610383384275,6.321680055261574,0.0,,False,1.087939739227295
309,0.0047077895142138,7.175777341217326e-07,0.005017237737774849,0.0011183287715539336,3.790902951550379e-07,0.0012601003982126713,0.00034037831937894225,-12.535327911376953,0.4059542417526245,0.0007756208651699126,0.4107971489429474,0.48617300391197205,0.0001898009650176391,0.47936949133872986,0.008351139724254608,-5.890756607055664,0.4823174476623535,7.150311284931377e-05,0.4843044579029083,0.0019870102405548096,-3.8263375759124756,0.9816068410873413,0.002222329843789339,1.0,0.01839315891265869,-2.0595455169677734,0.12784363329410553,0.0059905024245381355,0.33000001311302185,0.20215637981891632,1.7711480855941772,0.8699537515640259,1.0,0.13004624843597412,0.7105538249015808,0.0,0.7105538249015808,0.7544695734977722,0.7544695734977722,1.0,2.0,-19.161100387573242,1784745892.9470794,62.08535122871399,,54.66241384877102,8.782888014556075,0.02159781129696181,,False,1.087939739227295
310,0.0047543225809931755,7.216456765490875e-07,0.005048893392086029,0.0011337774340063334,3.8253892853390425e-07,0.0012507903156802058,0.00031696053338237107,-12.54318904876709,0.4107211232185364,0.0007797725265845656,0.41510483622550964,0.4868578016757965,0.0001911546423798427,0.4797147512435913,0.00838093739002943,-5.875807762145996,0.4826356768608093,7.18420124030672e-05,0.4847394526004791,0.0021037757396698,-3.820779323577881,0.982917308807373,0.002208680845797062,1.0,0.017082691192626953,-2.0726797580718994,0.1192585825920105,0.006112366449087858,0.0,0.1192585825920105,-0.4663529396057129,0.8884996771812439,1.0,0.1115003228187561,0.751918613910675,1.0,0.24808138608932495,0.7999671697616577,0.20003283023834229,1.0,2.0,-19.154224395751953,1784745893.0534637,62.19173550605774,,54.67934132233647,9.006594948650687,0.0,,False,1.087939739227295
311,0.004842736758291721,6.898728770465823e-07,0.00529609015211463,0.0010735534597188234,3.624548696734564e-07,0.001314751454629004,0.0005135228857398033,-12.441469192504883,0.4164472818374634,0.0007547209388576448,0.4202033281326294,0.48798868060112,0.00019552180310711265,0.48179569840431213,0.007242990657687187,-5.919198513031006,0.4831972122192383,7.123472460079938e-05,0.48525363206863403,0.002056419849395752,-3.826143741607666,0.9802407026290894,0.0022177279461175203,1.0,0.019759297370910645,-2.048672676086426,0.0831032320857048,0.005054950714111328,0.17515136301517487,0.09204813092947006,-0.8866799473762512,0.9040026068687439,1.0,0.0959973931312561,0.8214762210845947,0.0,0.8214762210845947,0.8707916140556335,0.8707916140556335,1.0,2.0,-19.089900970458984,1784745893.1786819,62.31695365905762,,54.63194537060895,8.80997487497476,0.13252020747997573,,False,1.087939739227295
312,0.004907932132482529,6.905526674927387e-07,0.004382584244012833,0.0011114692315459251,3.637290717506403e-07,0.001063118688762188,0.0005275681614875793,-12.465391159057617,0.4224914312362671,0.000750468228943646,0.42389822006225586,0.48932307958602905,0.00019052372954320163,0.48324260115623474,0.0062410952523350716,-5.944050312042236,0.4838103950023651,6.976975419092923e-05,0.4853901267051697,0.0015797317028045654,-3.848331928253174,0.9854402542114258,0.0020662506576627493,1.0,0.014559745788574219,-2.120774030685425,0.08478104323148727,0.005256751086562872,0.32371580600738525,0.23893475532531738,3.7249603271484375,0.9092285633087158,1.0,0.09077143669128418,0.825413167476654,0.0,0.825413167476654,0.8745526671409607,0.8745526671409607,0.0,2.0,-19.14479637145996,1784745893.2648852,62.403156995773315,,54.639444819882414,13.224995075823522,0.2689773613520108,,False,1.087939739227295
313,0.00492645800113678,7.694271175751055e-07,0.005149098113179207,0.0011425511911511421,4.0517215893487446e-07,0.0012302155373618007,0.00023927736037876457,-12.518714904785156,0.4245048761367798,0.0008056265069171786,0.428415983915329,0.48713597655296326,0.00020362224313430488,0.4808129668235779,0.007434864994138479,-5.866023063659668,0.4827400743961334,7.594450289616361e-05,0.4856641888618469,0.002924114465713501,-3.767521381378174,0.9830725193023682,0.00226374133490026,1.0,0.016927480697631836,-2.063140630722046,0.09031591564416885,0.006045300047844648,0.32371580600738525,0.233399897813797,2.870309829711914,0.9166254997253418,1.0,0.0833745002746582,0.8248112797737122,0.0,0.8248112797737122,0.8739796876907349,0.8739796876907349,0.0,2.0,-19.095293045043945,1784745893.3509114,62.48918318748474,,54.59744094273986,16.78536477923576,0.40483262752110394,,False,1.087939739227295
314,0.004971093963831663,8.151352517415944e-07,0.005243266001343727,0.0011677328730002046,4.2549930867608055e-07,0.001248254906386137,0.00028383341850712895,-12.454022407531738,0.4286044239997864,0.0008338129264302552,0.43366312980651855,0.48539721965789795,0.0002116893883794546,0.47945621609687805,0.007802949752658606,-5.8383564949035645,0.48166996240615845,7.91560742072761e-05,0.4858509600162506,0.004180997610092163,-3.6926863193511963,0.9821182489395142,0.0024125389754772186,1.0,0.01788175106048584,-2.028329372406006,0.08998702466487885,0.006453289650380611,0.0,0.08998702466487885,-0.9752381443977356,0.920329749584198,1.0,0.079670250415802,0.8296192288398743,1.0,0.17038077116012573,0.8785386681556702,0.12146133184432983,0.0,2.0,-18.971052169799805,1784745893.4558995,62.59417128562927,,54.43119619035316,16.50018650853835,0.0,,False,1.087939739227295
315,0.00510068004950881,7.349103157139325e-07,0.00431837048381567,0.0011506364680826664,3.7679333786400093e-07,0.0010129110887646675,0.000794340274296701,-12.178112030029297,0.4385584592819214,0.0007769351941533387,0.4374036490917206,0.4869002401828766,0.0002068275643978268,0.47922495007514954,0.007761679124087095,-5.84074068069458,0.482575386762619,7.424668729072437e-05,0.4859067499637604,0.0033313632011413574,-3.760382890701294,0.9799849987030029,0.002329412614926696,1.0,0.02001500129699707,-2.026143789291382,0.06311456114053726,0.0050682565197348595,0.0,0.06311456114053726,-1.3304606676101685,0.9199960827827454,1.0,0.08000391721725464,0.8572278618812561,1.0,0.1427721381187439,0.90383380651474,0.09616619348526001,0.0,2.0,-18.73089599609375,1784745893.5521722,62.690443992614746,,54.02479526426041,15.859785714628504,0.0,,False,1.087939739227295
316,0.005214664153754711,6.814197490712104e-07,0.0056001655757427216,0.0011770526180043817,3.4770934576044965e-07,0.00131125096231699,0.000408191786846146,-12.562673568725586,0.44689619541168213,0.0007450989214703441,0.4419373571872711,0.48824477195739746,0.00020175008103251457,0.47847259044647217,0.010958357714116573,-5.764191150665283,0.4834912419319153,7.102359086275101e-05,0.4861874282360077,0.0026961863040924072,-3.8061347007751465,0.9818185567855835,0.002224877942353487,1.0,0.018181443214416504,-2.0607995986938477,0.05577203631401062,0.004395233932882547,0.0,0.05577203631401062,-1.4408273696899414,0.9189983606338501,1.0,0.0810016393661499,0.8621513843536377,1.0,0.1378486156463623,0.908178448677063,0.09182155132293701,0.0,2.0,-19.07709312438965,1784745893.6466293,62.78490114212036,,53.96459146646356,15.109018218638887,0.0,,False,1.087939739227295
317,0.005323822610080242,6.52749065466196e-07,0.005410572048276663,0.00125581631436944,3.330124513922783e-07,0.0012617313768714666,8.695086580701172e-05,-12.734885215759277,0.4554666578769684,0.0007264864980243146,0.44726845622062683,0.4896978735923767,0.00019925684318877757,0.4798673391342163,0.012800387106835842,-5.747469425201416,0.4847363829612732,6.867890624562278e-05,0.4862669110298157,0.0015305280685424805,-3.857041358947754,0.9832819700241089,0.0021485271863639355,1.0,0.016718029975891113,-2.0875051021575928,0.048485398292541504,0.004017932340502739,0.0,0.048485398292541504,-1.5470126867294312,0.9170002937316895,1.0,0.08299970626831055,0.8646183013916016,1.0,0.13538169860839844,0.9103354215621948,0.08966457843780518,0.0,2.0,-19.261381149291992,1784745893.750949,62.88922071456909,,54.08867569356905,14.25206540560978,0.0,,False,1.087939739227295
318,0.005389860365539789,6.219121360118152e-07,0.0047053187154233456,0.001238140044733882,3.168545106291276e-07,0.0010843867203220725,0.0007015962619334459,-12.375724792480469,0.4596604108810425,0.0007125383708626032,0.45107313990592957,0.4903859496116638,0.00019630939641501755,0.47994348406791687,0.013519848696887493,-5.7238874435424805,0.4848393201828003,6.680915248580277e-05,0.48615995049476624,0.0013206303119659424,-3.8748438358306885,0.9849499464035034,0.002118328120559454,1.0,0.015050053596496582,-2.1061625480651855,0.03928937017917633,0.003709906479343772,0.0,0.03928937017917633,-1.6713910102844238,0.9195479154586792,1.0,0.0804520845413208,0.8730524778366089,1.0,0.1269475221633911,0.9176076650619507,0.08239233493804932,0.0,2.0,-18.892255783081055,1784745893.8565536,62.99482536315918,,53.843634554463605,13.27073426902568,0.0,,False,1.087939739227295
319,0.005452265497297049,5.949523824710923e-07,0.005563828162848949,0.0012197931064292789,3.027054447102273e-07,0.0012644381495192647,0.00012016408436466008,-12.821016311645508,0.463442862033844,0.0007012930000200868,0.4556533396244049,0.49092498421669006,0.0001944829273270443,0.4796596169471741,0.013696173205971718,-5.696465969085693,0.4848698377609253,6.549731915583834e-05,0.4861912429332733,0.0013214051723480225,-3.8844821453094482,0.9863138198852539,0.0021074123214930296,1.0,0.013686180114746094,-2.117767333984375,0.03196491301059723,0.003492963733151555,0.0,0.03196491301059723,-1.7633047103881836,0.9217146635055542,1.0,0.0782853364944458,0.8794360160827637,1.0,0.12056398391723633,0.9230036735534668,0.0769963264465332,0.0,2.0,-19.320430755615234,1784745893.940759,63.07903075218201,,54.02676838789234,12.197489432337822,0.0,,False,1.087939739227295
320,0.005512691102921963,5.72844783164328e-07,0.0056480057537555695,0.0012040074216201901,2.9101090603944613e-07,0.0012674208264797926,0.00014943665883038193,-12.850509643554688,0.4672311842441559,0.0006924034096300602,0.46023139357566833,0.49141764640808105,0.0001933618332259357,0.47962936758995056,0.013709872029721737,-5.6805500984191895,0.4849061965942383,6.452266097767279e-05,0.48635175824165344,0.0014455616474151611,-3.88911509513855,0.9876813888549805,0.002103777602314949,1.0,0.012318611145019531,-2.1270060539245605,0.026499807834625244,0.003339033108204603,0.0,0.026499807834625244,-1.8269423246383667,0.9233883023262024,1.0,0.07661169767379761,0.8838631510734558,1.0,0.11613684892654419,0.9266896843910217,0.07331031560897827,0.0,2.0,-19.339508056640625,1784745894.0537114,63.191983222961426,,54.228979522346464,11.06060698139978,0.0,,False,1.087939739227295
321,0.005568789318203926,5.534186584554845e-07,0.00597770232707262,0.001189670292660594,2.8076897251594346e-07,0.0013205704744905233,0.0004293538222555071,-12.726980209350586,0.4708385467529297,0.0006847095210105181,0.4658251702785492,0.49188801646232605,0.00019304479064885527,0.47975975275039673,0.013123594224452972,-5.682334899902344,0.48495006561279297,6.392571958713233e-05,0.48674094676971436,0.0017908811569213867,-3.8848702907562256,0.9889320135116577,0.002107755746692419,1.0,0.011067986488342285,-2.1330676078796387,0.02221135050058365,0.0032215388491749763,0.0,0.02221135050058365,-1.8734397888183594,0.9248621463775635,1.0,0.07513785362243652,0.8871859312057495,1.0,0.11281406879425049,0.9294251203536987,0.07057487964630127,0.0,2.0,-19.215282440185547,1784745894.15997,63.29824185371399,,54.30696504034551,9.877227066281744,0.0,,False,1.087939739227295
322,0.005623180419206619,5.37078335582919e-07,0.004709887318313122,0.001172199030406773,2.720566385505663e-07,0.0010373553959652781,0.0009231939329765737,-12.129373550415039,0.4743489623069763,0.0006785191944800317,0.47012901306152344,0.49240735173225403,0.00019336551486048847,0.48164400458335876,0.01156103890389204,-5.772702217102051,0.4850268065929413,6.361027772072703e-05,0.48750656843185425,0.002479761838912964,-3.8640942573547363,0.990143895149231,0.0021194301079958677,1.0,0.009856104850769043,-2.136448383331299,0.018938057124614716,0.0031289304606616497,0.0,0.018938057124614716,-1.9072816371917725,0.9261195063591003,1.0,0.07388049364089966,0.889605700969696,1.0,0.11039429903030396,0.9314002394676208,0.06859976053237915,0.0,2.0,-18.679582595825195,1784745894.2440355,63.382307291030884,,53.849250713984205,8.660005302790296,0.0,,False,1.087939739227295
323,0.005680878646671772,5.214463385527779e-07,0.005736565217375755,0.001148410839959979,2.6325824364903383e-07,0.0012583795469254255,0.0001232643990078941,-12.944576263427734,0.47831881046295166,0.0006716045318171382,0.47509750723838806,0.4931725859642029,0.00019302435975987464,0.4958731234073639,0.0042035337537527084,-6.064774036407471,0.4852559566497803,6.315809150692075e-05,0.4878847301006317,0.0026287734508514404,-3.861288547515869,0.991441011428833,0.0021273395977914333,1.0,0.008558988571166992,-2.1402852535247803,0.016873538494110107,0.0030571166425943375,0.0,0.016873538494110107,-1.9296369552612305,0.9270952343940735,1.0,0.07290476560592651,0.8905705213546753,1.0,0.10942947864532471,0.9321836829185486,0.06781631708145142,0.0,2.0,-19.727041244506836,1784745894.359357,63.497628927230835,,54.43899503630454,7.420428221229391,0.0,,False,1.087939739227295
324,0.005760823376476765,5.07950517203426e-07,0.005909140687435865,0.001111433026380837,2.546364328281925e-07,0.0012931247474625707,0.00023454190522897989,-12.913803100585938,0.4835830330848694,0.0006638498161919415,0.4805201292037964,0.49489444494247437,0.00018975681450683624,0.5012595653533936,0.007063719909638166,-5.991913795471191,0.48605775833129883,6.180247146403417e-05,0.4877772331237793,0.0017194747924804688,-3.9029252529144287,0.9938483238220215,0.0021107627544552088,1.0,0.006151676177978516,-2.1524503231048584,0.016517072916030884,0.003011855063959956,0.0,0.016517072916030884,-1.9383710622787476,0.9267066717147827,1.0,0.07329332828521729,0.8881393074989319,1.0,0.11186069250106812,0.9302051067352295,0.06979489326477051,0.0,2.0,-19.658796310424805,1784745894.4636455,63.6019172668457,,54.960494424542844,6.172117032650968,0.0,,False,1.087939739227295
325,0.005852552130818367,4.999056955057313e-07,0.004960928577929735,0.0010671420022845268,2.483878631664993e-07,0.0010982630774378777,0.0008921665139496326,-12.223590850830078,0.48940545320510864,0.0006645010435022414,0.48439714312553406,0.49696600437164307,0.0001825101498980075,0.5000330805778503,0.0058728293515741825,-6.080067157745361,0.4870964586734772,5.909242827328853e-05,0.48775944113731384,0.0006629824638366699,-3.9455463886260986,0.996108889579773,0.0021028087940067053,1.0,0.0038911104202270508,-2.1597018241882324,0.018470942974090576,0.0029870220459997654,0.0,0.018470942974090576,-1.9306910037994385,0.9242871999740601,1.0,0.07571280002593994,0.8808419108390808,1.0,0.11915808916091919,0.9241792559623718,0.07582074403762817,0.0,2.0,-19.06041717529297,1784745894.547441,63.685712814331055,,54.88361467764931,4.931485902551855,0.0,,False,1.087939739227295
326,0.005893698427826166,4.917973228657502e-07,0.006182722747325897,0.0010783502366393805,2.436983379539015e-07,0.0013271071948111057,0.00038133328780531883,-12.82650089263916,0.4922897219657898,0.0006641654181294143,0.4892479479312897,0.4979493021965027,0.00017908404697664082,0.4947972595691681,0.004380383994430304,-6.099735260009766,0.48757103085517883,5.779155981144868e-05,0.48763638734817505,6.535649299621582e-05,-3.9603583812713623,0.9962339401245117,0.0020902836695313454,1.0,0.0037660598754882812,-2.1628966331481934,0.015241988003253937,0.002963551552966237,0.0,0.015241988003253937,-1.9525489807128906,0.9259673953056335,1.0,0.07403260469436646,0.8833330869674683,1.0,0.11666691303253174,0.9262508153915405,0.07374918460845947,0.0,2.0,-19.68646812438965,1784745894.6527872,63.7910590171814,,55.43278587985246,3.6689967955392895,0.0,,False,1.087939739227295
327,0.005924185737967491,4.83654673644196e-07,0.00600636750459671,0.0010978736681863666,2.3896387801869423e-07,0.0012740525417029858,0.00019440380856394768,-12.984619140625,0.49456286430358887,0.000665022642351687,0.4945868253707886,0.49904537200927734,0.0001758419384714216,0.48932749032974243,0.0097179114818573,-5.874401092529297,0.4881908595561981,5.651696847053245e-05,0.4872227907180786,0.0009680688381195068,-3.9632551670074463,0.9956655502319336,0.002087990753352642,1.0,0.004334449768066406,-2.162339210510254,0.013076066970825195,0.0029475009068846703,0.0,0.013076066970825195,-1.965455412864685,0.9279144406318665,1.0,0.07208555936813354,0.8857532143592834,1.0,0.11424678564071655,0.928248941898346,0.07175105810165405,0.0,2.0,-19.665767669677734,1784745894.758214,63.896485805511475,,55.961256627343694,2.3936012563749296,0.0,,False,1.087939739227295
328,0.005943721160292625,4.7457666596528725e-07,0.004972862545400858,0.0011252008844166994,2.3364287926597171e-07,0.001048388541676104,0.0009738924563862383,-12.07159423828125,0.4959278702735901,0.000667583488393575,0.49833807349205017,0.5005975961685181,0.00017274776473641396,0.5026953220367432,0.0031952359713613987,-6.132797718048096,0.48918861150741577,5.535634409170598e-05,0.48662278056144714,0.002565830945968628,-3.9224565029144287,0.994351863861084,0.002095920732244849,1.0,0.005648136138916016,-2.157332420349121,0.01134531944990158,0.002934179035946727,0.0,0.01134531944990158,-1.9747912883758545,0.9318439364433289,1.0,0.06815606355667114,0.8897334337234497,1.0,0.11026656627655029,0.9315040707588196,0.06849592924118042,0.0,2.0,-18.93906021118164,1784745894.8418207,63.98009252548218,,55.763019916338834,2.161864427326279,0.0,,False,1.087939739227295
329,0.006077984347939491,5.139768290973734e-07,0.006083387415856123,0.0011296644806861877,2.483285186372086e-07,0.0012626947136595845,0.00013313991075847298,-12.971261978149414,0.5056349039077759,0.0006951160612516105,0.5030403137207031,0.502405047416687,0.00016707064060028642,0.5078880786895752,0.006065931636840105,-6.051570892333984,0.4903276264667511,5.381556547945365e-05,0.48713427782058716,0.0031933486461639404,-3.9012904167175293,0.9919154644012451,0.0020769969560205936,1.0,0.008084535598754883,-2.153743267059326,0.00462496280670166,0.003095780499279499,0.0,0.00462496280670166,-1.9664642810821533,0.9381046891212463,1.0,0.06189531087875366,0.9043578505516052,1.0,0.09564214944839478,0.9431208372116089,0.05687916278839111,0.0,2.0,-19.763164520263672,1784745894.9569678,64.09523963928223,,56.388887514416005,2.438268834708107,0.0,,False,1.087939739227295
330,0.006125886924564838,5.14500527515338e-07,0.006188073195517063,0.001124866190366447,2.4821036959110643e-07,0.0012684707762673497,0.0001564909180160612,-12.96135139465332,0.5092542171478271,0.0006949595990590751,0.5075119733810425,0.5037629008293152,0.00016407448856625706,0.5091755390167236,0.005686129443347454,-6.064084053039551,0.4911176860332489,5.260921170702204e-05,0.48777177929878235,0.0033459067344665527,-3.900972366333008,0.9932658672332764,0.0020522959530353546,1.0,0.006734132766723633,-2.1644110679626465,0.004672892391681671,0.0030986482743173838,0.0,0.004672892391681671,-1.9659326076507568,0.935919463634491,1.0,0.06408053636550903,0.9017623066902161,1.0,0.09823769330978394,0.9410995841026306,0.058900415897369385,0.0,2.0,-19.763103485107422,1784745895.0616195,64.19989132881165,,57.01469407733693,2.7141415686585386,0.0,,False,1.087939739227295
331,0.00617069099098444,5.151133564140764e-07,0.006630792282521725,0.0011215724516659975,2.4831714995343646e-07,0.0013390566455200315,0.0005089131300337613,-12.705120086669922,0.5127456784248352,0.0006965339416638017,0.5122771263122559,0.5049391388893127,0.00016116340702865273,0.5060845613479614,0.001237551448866725,-6.159137725830078,0.4917903244495392,5.138867345522158e-05,0.48886939883232117,0.0029209256172180176,-3.9360952377319336,0.9943448305130005,0.0020359244663268328,1.0,0.005655169486999512,-2.171610116958618,0.004622511565685272,0.0030970110092312098,0.0,0.004622511565685272,-1.9662708044052124,0.9338186979293823,1.0,0.06618130207061768,0.8990365266799927,1.0,0.10096347332000732,0.9389578104019165,0.061042189598083496,0.0,2.0,-19.600479125976562,1784745895.1456487,64.28392052650452,,57.47787628112699,2.990352499363426,0.0,,False,1.087939739227295
332,0.006210860796272755,5.146574153513939e-07,0.005366028752177954,0.0011239200830459595,2.4805979137454415e-07,0.0010800749296322465,0.0008459690143354237,-12.309514045715332,0.5160748362541199,0.0006990188849158585,0.5157134532928467,0.5059694647789001,0.00015819894906599075,0.5057147741317749,0.0004421141929924488,-6.17056941986084,0.492384135723114,5.012710971641354e-05,0.48928365111351013,0.003100484609603882,-3.9356493949890137,0.9951566457748413,0.002025470370426774,1.0,0.004843354225158691,-2.1762475967407227,0.004938431084156036,0.003090053563937545,0.0,0.004938431084156036,-1.9668986797332764,0.9316278100013733,1.0,0.06837218999862671,0.895632803440094,1.0,0.104367196559906,0.9362562894821167,0.0637437105178833,0.0,2.0,-19.213794708251953,1784745895.25243,64.39070177078247,,57.55437406719244,3.267191305396377,0.0,,False,1.087939739227295
333,0.006250177044421434,5.161554668120516e-07,0.00643734959885478,0.0011280681937932968,2.487072663370782e-07,0.0012899901485070586,0.0002474919892847538,-12.917399406433105,0.5197449922561646,0.0007032304420135915,0.520550549030304,0.5068323612213135,0.0001553049951326102,0.5111167430877686,0.004359454847872257,-6.117537498474121,0.49287235736846924,4.890915806754492e-05,0.4898650646209717,0.0030072927474975586,-3.9513790607452393,0.995951771736145,0.0020169292110949755,1.0,0.0040482282638549805,-2.180088520050049,0.004716813564300537,0.0030902402941137552,0.0,0.004716813564300537,-1.9672150611877441,0.9296092391014099,1.0,0.07039076089859009,0.8926761150360107,1.0,0.10732388496398926,0.9338855147361755,0.06611448526382446,0.0,2.0,-19.787118911743164,1784745895.3582122,64.49648404121399,,58.204196056749105,3.544346492883796,0.0,,False,1.087939739227295
334,0.006302643567323685,5.196919801164768e-07,0.005402678623795509,0.0011335508897900581,2.503235521089664e-07,0.0010731113143265247,0.0009019921417348087,-12.21084976196289,0.5245567560195923,0.000708682753611356,0.5241597294807434,0.5080010890960693,0.00015176762826740742,0.5122985243797302,0.00431573623791337,-6.123800277709961,0.4935130476951599,4.7516950871795416e-05,0.4906199276447296,0.002893120050430298,-3.970197916030884,0.9971872568130493,0.0019974063616245985,1.0,0.0028127431869506836,-2.1870338916778564,0.004127189517021179,0.003084775060415268,0.0,0.004127189517021179,-1.968938946723938,0.9265648126602173,1.0,0.07343518733978271,0.8887394070625305,1.0,0.11126059293746948,0.9306947588920593,0.06930524110794067,0.0,2.0,-19.094989776611328,1784745895.4634454,64.60171723365784,,58.16188891117393,3.823225565907409,0.0,,False,1.087939739227295
335,0.006346280686557293,5.237806703917158e-07,0.0065546417608857155,0.0011421716772019863,2.5220265342795756e-07,0.0012911163503304124,0.0002561227302066982,-12.90431022644043,0.529321014881134,0.0007157757063396275,0.5284294486045837,0.5090036392211914,0.0001482689694967121,0.5110722780227661,0.0022525889798998833,-6.176449775695801,0.4940369725227356,4.609717143466696e-05,0.49198096990585327,0.0020560026168823242,-4.027590751647949,0.998361349105835,0.0019798055291175842,1.0,0.001638650894165039,-2.1927618980407715,0.003939107060432434,0.003090491984039545,0.0,0.003939107060432434,-1.9682636260986328,0.924120306968689,1.0,0.07587969303131104,0.8849910497665405,1.0,0.11500895023345947,0.9276211857795715,0.07237881422042847,0.0,2.0,-19.85926628112793,1784745895.5470526,64.6853244304657,,58.88385827011536,4.101429318305716,0.0,,False,1.087939739227295
336,0.0063759945333004,5.260424700281874e-07,0.006508529186248779,0.001153770019300282,2.5373938683515007e-07,0.0012723123654723167,0.00017781373753678054,-12.940156936645508,0.5333282351493835,0.0007219712715595961,0.532640278339386,0.5098468065261841,0.00014481809921562672,0.5102179050445557,0.0007816640427336097,-6.198098182678223,0.4944683015346527,4.468512997846119e-05,0.49258342385292053,0.0018848776817321777,-4.049242973327637,0.998928427696228,0.001964982133358717,1.0,0.0010715723037719727,-2.1969051361083984,0.0038381963968276978,0.003096846165135503,0.0,0.0038381963968276978,-1.967368483543396,0.9211735725402832,1.0,0.0788264274597168,0.8804799318313599,1.0,0.11952006816864014,0.9238770008087158,0.07612299919128418,0.0,2.0,-19.92325782775879,1784745895.6534412,64.79171299934387,,59.66981917568765,4.378737928148787,0.0,,False,1.087939739227295
337,0.006399632431566715,5.287474778015167e-07,0.00674462178722024,0.0011682002805173397,2.5538790282553236e-07,0.00131942646112293,0.0003766789159271866,-12.821420669555664,0.5372304320335388,0.0007269441848620772,0.5377392172813416,0.5106285214424133,0.00014133281365502626,0.5076766014099121,0.002995445393025875,-6.176644325256348,0.49487847089767456,4.331333184381947e-05,0.49295753240585327,0.001920938491821289,-4.061989784240723,0.9994564056396484,0.0019432499539107084,1.0,0.0005435943603515625,-2.2026822566986084,0.003727644681930542,0.0031053293496370316,0.0,0.003727644681930542,-1.9661418199539185,0.917638897895813,1.0,0.08236110210418701,0.875388503074646,1.0,0.124611496925354,0.9195932745933533,0.08040672540664673,1.0,2.0,-19.793731689453125,1784745895.7606583,64.89893007278442,,60.326253942954274,4.6548198744023805,0.0,,False,1.087939739227295
338,0.006466373801231384,5.283211521600606e-07,0.005450291559100151,0.0011567273177206516,2.5477410758867336e-07,0.0010537543566897511,0.0010212867055088282,-11.98245906829834,0.5415911078453064,0.0007296052644960582,0.5414169430732727,0.5118216276168823,0.00013339247379917651,0.5096210837364197,0.0022074254229664803,-6.216562271118164,0.4955649673938751,4.070074646733701e-05,0.49321675300598145,0.0023482143878936768,-4.067954063415527,1.0004668235778809,0.0018746568821370602,1.0,0.0004668235778808594,-2.220668315887451,0.004336312413215637,0.0031544005032628775,0.0,0.004336312413215637,-1.95755934715271,0.9095483422279358,1.0,0.09045165777206421,0.8683496713638306,1.0,0.13165032863616943,0.9135724902153015,0.08642750978469849,1.0,2.0,-18.989686965942383,1784745895.8463216,64.98459339141846,,60.178643986710156,4.922319347854765,0.0,,False,1.087939739227295
339,0.006531619466841221,5.491979777616507e-07,0.006647428032010794,0.0011537151876837015,2.6144485332224576e-07,0.0012811222113668919,0.0001721748267300427,-12.904792785644531,0.5467146635055542,0.0007359944866038859,0.5457689166069031,0.5122929215431213,0.0001289939391426742,0.5112840533256531,0.0013828420778736472,-6.242586135864258,0.49592697620391846,3.9360191294690594e-05,0.49350544810295105,0.0024215281009674072,-4.0779500007629395,1.001116156578064,0.0018426707247272134,1.0,0.0011161565780639648,-2.2289929389953613,0.0029704272747039795,0.00334258284419775,0.0,0.0029704272747039795,-1.93024742603302,0.9049552083015442,1.0,0.09504479169845581,0.863044798374176,1.0,0.13695520162582397,0.9089611768722534,0.09103882312774658,1.0,2.0,-19.937835693359375,1784745895.9510076,65.08927941322327,,60.97918275788303,5.16250690018746,0.0,,False,1.087939739227295
340,0.00656920438632369,5.662529929395532e-07,0.006646714638918638,0.0011695779394358397,2.655667969975184e-07,0.0012584899086505175,0.00011795413593063131,-12.904746055603027,0.5515507459640503,0.0007411183905787766,0.5509415864944458,0.5129569172859192,0.00012411341594997793,0.513916015625,0.0011361975921317935,-6.258999824523926,0.4963902235031128,3.7699956010328606e-05,0.49435555934906006,0.0020346641540527344,-4.119081974029541,1.0007339715957642,0.0018225156236439943,1.0,0.0007339715957641602,-2.234682559967041,0.00017024576663970947,0.0036288222763687372,0.0,0.00017024576663970947,-1.8904811143875122,0.899799644947052,1.0,0.100200355052948,0.8561378121376038,1.0,0.14386218786239624,0.9028648734092712,0.09713512659072876,1.0,2.0,-19.971487045288086,1784745896.056282,65.1945538520813,,61.813372880984616,5.362928140874647,0.0,,False,1.087939739227295
341,0.006635591387748718,5.907280069550325e-07,0.0059461998753249645,0.0011849093716591597,2.7394705170991074e-07,0.0010994442272931337,0.0006946689100004733,-12.472644805908203,0.5564292073249817,0.0007502729422412813,0.5546596646308899,0.5131379961967468,0.00012305719428695738,0.5117660760879517,0.002239072695374489,-6.25135612487793,0.4965910017490387,3.698225918924436e-05,0.4948001205921173,0.0017908811569213867,-4.140235424041748,1.0000239610671997,0.0018041301518678665,1.0,2.396106719970703e-05,-2.2398993968963623,-0.003280147910118103,0.0038309795781970024,0.0,0.003280147910118103,-1.8619745969772339,0.8924862146377563,1.0,0.10751378536224365,0.8482122421264648,1.0,0.15178775787353516,0.8957444429397583,0.1042555570602417,1.0,2.0,-19.543848037719727,1784745896.141407,65.27967882156372,,62.21992399651784,5.534842864151556,0.0,,False,1.087939739227295
342,0.006688426714390516,6.163701868899807e-07,0.006715137045830488,0.0012330582831054926,2.8045542421750724e-07,0.0012358286185190082,2.685361323528923e-05,-12.85466480255127,0.5618403553962708,0.0007561976672150195,0.559074342250824,0.5126703977584839,0.00012111036630813032,0.5115260481834412,0.0029933867044746876,-6.254665851593018,0.49640634655952454,3.6129913496552035e-05,0.49539241194725037,0.00101393461227417,-4.181028842926025,0.9985740184783936,0.0017981030978262424,1.0,0.0014259815216064453,-2.2410073280334473,-0.008999168872833252,0.004237794782966375,0.0,0.008999168872833252,-1.803362488746643,0.8852024674415588,1.0,0.11479753255844116,0.8446424603462219,1.0,0.15535753965377808,0.8924947381019592,0.10750526189804077,1.0,2.0,-19.94891357421875,1784745896.2564344,65.39470624923706,,63.03154064855009,5.648145479197874,0.0,,False,1.087939739227295
343,0.006734797731041908,6.546890176650777e-07,0.007100085727870464,0.0012586633674800396,2.919940129686438e-07,0.0013125180266797543,0.00036923657171428204,-12.698068618774414,0.5671377778053284,0.0007714692037552595,0.5643640160560608,0.5123044848442078,0.00011888105655089021,0.5128060579299927,0.0028187460266053677,-6.258378982543945,0.4962342083454132,3.5223900340497494e-05,0.4966711699962616,0.00043696165084838867,-4.205244064331055,0.9981580972671509,0.001786775654181838,1.0,0.001841902732849121,-2.243783473968506,-0.012551680207252502,0.004808213096112013,0.0,0.012551680207252502,-1.733393669128418,0.8727858066558838,1.0,0.1272141933441162,0.8368196487426758,1.0,0.16318035125732422,0.8852831125259399,0.11471688747406006,1.0,2.0,-19.807395935058594,1784745896.3624282,65.50069999694824,,63.70163966142218,5.691479274625967,0.0,,False,1.087939739227295
344,0.0067740194499492645,7.111767672540736e-07,0.005851020570844412,0.001293174340389669,3.084942079567554e-07,0.0010820126626640558,0.000946845393627882,-12.064851760864258,0.5723500847816467,0.0007960245129652321,0.5681869983673096,0.5123424530029297,0.00011412039748392999,0.5151446461677551,0.005018324125558138,-6.223901748657227,0.49633508920669556,3.332854976179078e-05,0.4968639612197876,0.000528872013092041,-4.2314133644104,0.9974201917648315,0.0017589990748092532,1.0,0.002579808235168457,-2.2506749629974365,-0.018670573830604553,0.005874925293028355,0.0,0.018670573830604553,-1.6199249029159546,0.8410054445266724,1.0,0.15899455547332764,0.8191355466842651,1.0,0.18086445331573486,0.8685418367385864,0.13145816326141357,1.0,2.0,-19.15968132019043,1784745896.4576197,65.59589147567749,,63.724024059426114,5.621344303841596,0.0,,False,1.087939739227295
345,0.006833174265921116,7.422154908454104e-07,0.006992285139858723,0.001322209252975881,3.165023656492849e-07,0.001281630015000701,0.00016420397150795907,-12.682247161865234,0.5778356194496155,0.0008051954209804535,0.5727917551994324,0.5123001337051392,0.00011275824363110587,0.515916109085083,0.006206113379448652,-6.195690631866455,0.49634212255477905,3.2647469197399914e-05,0.49688154458999634,0.0005394220352172852,-4.241476535797119,0.9974682331085205,0.001752974116243422,1.0,0.002531766891479492,-2.2524538040161133,-0.0198376327753067,0.006492909975349903,0.0,0.0198376327753067,-1.5692790746688843,0.830134928226471,1.0,0.16986507177352905,0.8084875345230103,1.0,0.19151246547698975,0.8581811785697937,0.1418188214302063,1.0,2.0,-19.759538650512695,1784745896.5523841,65.69065594673157,,64.34626578775232,5.500563504810155,0.0,,False,1.087939739227295
346,0.006892121396958828,7.719283985352376e-07,0.007091594859957695,0.0013521481305360794,3.240241426283319e-07,0.0012798249954357743,0.00021217987523414195,-12.636689186096191,0.5834839344024658,0.000814249156974256,0.5774156451225281,0.512334942817688,0.00011115312372567132,0.5161499977111816,0.007167899049818516,-6.182962417602539,0.49638354778289795,3.189444396412e-05,0.49724718928337097,0.0008636415004730225,-4.245907783508301,0.997452974319458,0.0017462857067584991,1.0,0.002547025680541992,-2.25433611869812,-0.019927099347114563,0.007119497749954462,0.0,0.019927099347114563,-1.5256330966949463,0.8176907896995544,1.0,0.18230921030044556,0.7939833402633667,1.0,0.2060166597366333,0.8437477946281433,0.1562522053718567,1.0,2.0,-19.706012725830078,1784745896.6573913,65.79566311836243,,64.9149815913959,5.336136727804776,0.0,,False,1.087939739227295
347,0.006947724148631096,7.98894916442805e-07,0.007090182974934578,0.0013811246026307344,3.30926980041113e-07,0.0012847657781094313,0.00017198703426402062,-12.616094589233398,0.5889849662780762,0.0008231638348661363,0.5825443863868713,0.5123881697654724,0.00010945828398689628,0.5168651342391968,0.007843741215765476,-6.156532287597656,0.49643847346305847,3.1126197427511215e-05,0.497782826423645,0.0013443529605865479,-4.24075984954834,0.9974042177200317,0.001740070292726159,1.0,0.0025957822799682617,-2.256040334701538,-0.019043177366256714,0.007720340508967638,0.0,0.019043177366256714,-1.4895237684249878,0.8041202425956726,1.0,0.1958797574043274,0.7760054469108582,1.0,0.22399455308914185,0.8253714442253113,0.17462855577468872,1.0,2.0,-19.661701202392578,1784745896.7409365,65.87920832633972,,65.43938587160198,5.135600622529439,0.0,,False,1.087939739227295
348,0.007009567692875862,8.305282221954258e-07,0.007165905553847551,0.001407815725542605,3.3940466437343275e-07,0.001298293238505721,0.00019088400586042553,-12.578374862670898,0.5949516892433167,0.0008330534328706563,0.5875112414360046,0.5124843716621399,0.0001077635824913159,0.5128716230392456,0.007450518663972616,-6.241191864013672,0.49652132391929626,3.0404675271711312e-05,0.49822309613227844,0.0017017722129821777,-4.233893871307373,0.9973461627960205,0.0017311449628323317,1.0,0.002653837203979492,-2.2585134506225586,-0.01736871898174286,0.008366473950445652,0.0,0.01736871898174286,-1.45479416847229,0.7896783947944641,1.0,0.2103216052055359,0.7540274262428284,1.0,0.24597257375717163,0.8022252321243286,0.1977747678756714,1.0,2.0,-19.688276290893555,1784745896.8456147,65.98388648033142,,65.99036524030905,4.900334917301404,0.0,,False,1.087939739227295
349,0.0070593710988759995,8.518132972312742e-07,0.006510701030492783,0.001436511054635048,3.451343104643456e-07,0.0011771570425480604,0.0006068799993954599,-12.31558609008789,0.6000524163246155,0.0008426039130426943,0.5904979109764099,0.5124806761741638,0.0001061931106960401,0.5097568035125732,0.00993519276380539,-6.187650680541992,0.49655452370643616,2.9692384487134404e-05,0.498407244682312,0.0018527209758758545,-4.235569000244141,0.9972014427185059,0.001732937409542501,1.0,0.0027985572814941406,-2.257770538330078,-0.01431940495967865,0.008903161622583866,0.0,0.01431940495967865,-1.430220603942871,0.7752310037612915,1.0,0.2247689962387085,0.7299771308898926,1.0,0.2700228691101074,0.7761089205741882,0.22389107942581177,1.0,2.0,-19.38349151611328,1784745896.9607146,66.09898638725281,,66.23655983423583,4.64049564754395,0.0,,False,1.087939739227295
350,0.007098100148141384,8.673432603245601e-07,0.0073631820268929005,0.0014648641226813197,3.499998513234459e-07,0.0013094348832964897,0.0003072891850024462,-12.498685836791992,0.6045254468917847,0.0008522876887582242,0.5950999855995178,0.5123857855796814,0.00010478431067895144,0.51078200340271,0.009560932405292988,-6.2133283615112305,0.49656572937965393,2.9061126042506658e-05,0.49886828660964966,0.0023025572299957275,-4.212898254394531,0.9970109462738037,0.0017372630536556244,1.0,0.002989053726196289,-2.2562124729156494,-0.010605022311210632,0.00930529274046421,0.0,0.010605022311210632,-1.4136041402816772,0.7615315318107605,1.0,0.2384684681892395,0.7051982879638672,1.0,0.2948017120361328,0.748423159122467,0.25157684087753296,1.0,2.0,-19.57579803466797,1784745897.0493863,66.18765807151794,,66.67506094671731,4.364039914125302,0.0,,False,1.087939739227295
351,0.007140505127608776,8.876569381754962e-07,0.00735235633328557,0.0014882248360663652,3.568065949366428e-07,0.0013028399553149939,0.0002815110783558339,-12.479059219360352,0.6090936064720154,0.0008626470807939768,0.6001763939857483,0.5123900771141052,0.00010354949336033314,0.5169053673744202,0.009995224885642529,-6.1330718994140625,0.4966408610343933,2.8563317755470052e-05,0.4992067515850067,0.0025658905506134033,-4.197505950927734,0.9967107772827148,0.001738132443279028,1.0,0.0032892227172851562,-2.2554211616516113,-0.006722047924995422,0.00968597736209631,0.0,0.006722047924995422,-1.3972668647766113,0.7484675049781799,1.0,0.25153249502182007,0.6787592768669128,1.0,0.32124072313308716,0.7181077599525452,0.28189224004745483,1.0,2.0,-19.484270095825195,1784745897.154012,66.29228377342224,,67.02203412035601,4.071246905201588,0.0,,False,1.087939739227295
352,0.007192729506641626,9.149573543254519e-07,0.0062085408717393875,0.001506592845544219,3.659231708752486e-07,0.0011083619901910424,0.0010617038933560252,-11.77871322631836,0.6139915585517883,0.0008740879129618406,0.6040263772010803,0.5125119090080261,0.00010258558904752135,0.5167022943496704,0.010810373350977898,-6.133305549621582,0.49678465723991394,2.8208954972797073e-05,0.49959880113601685,0.0028141438961029053,-4.178626537322998,0.9964038133621216,0.0017370289424434304,1.0,0.003596186637878418,-2.2551283836364746,-0.0027231723070144653,0.01012390572577715,0.0,0.0027231723070144653,-1.377123236656189,0.7377073764801025,1.0,0.26229262351989746,0.6520007848739624,1.0,0.3479992151260376,0.6867151260375977,0.31328487396240234,1.0,2.0,-18.77467155456543,1784745897.280171,66.41844272613525,,66.65940875273495,3.7583102681574516,0.0,,False,1.087939739227295
353,0.007235361263155937,9.359310411127808e-07,0.007289873901754618,0.0015239244094118476,3.737144425031147e-07,0.0012996346922591329,0.00023081920517142862,-12.433979034423828,0.618151068687439,0.0008854373591020703,0.608487606048584,0.5124849081039429,0.00010179649689234793,0.5106788873672485,0.009830779395997524,-6.204351425170898,0.4968447685241699,2.787777702906169e-05,0.5005037784576416,0.0036590099334716797,-4.084775447845459,0.9960694313049316,0.001742368214763701,1.0,0.003930568695068359,-2.252883195877075,0.001932486891746521,0.010479787364602089,0.0,0.001932486891746521,-1.3600366115570068,0.7267571687698364,1.0,0.2732428312301636,0.6245126724243164,1.0,0.3754873275756836,0.6538336873054504,0.34616631269454956,1.0,2.0,-19.439847946166992,1784745897.3648489,66.50312066078186,,66.96195977671545,3.4282870060141333,0.0,,False,1.087939739227295
354,0.007266893517225981,9.535821732242766e-07,0.007700590416789055,0.0015420899726450443,3.8145688563417934e-07,0.0013629398308694363,0.00046924169873818755,-12.342584609985352,0.6216779947280884,0.0008981177234090865,0.6138010025024414,0.512345016002655,0.00010131378076039255,0.5051730871200562,0.010652867145836353,-5.979980945587158,0.496828556060791,2.7632628189167008e-05,0.5006251931190491,0.0037966370582580566,-4.06849479675293,0.9954272508621216,0.0017566776368767023,1.0,0.004572749137878418,-2.2472751140594482,0.007472306489944458,0.01074161659926176,0.0,0.007472306489944458,-1.3452774286270142,0.7175721526145935,1.0,0.2824278473854065,0.5976030826568604,1.0,0.40239691734313965,0.6211329698562622,0.3788670301437378,1.0,2.0,-19.160816192626953,1784745897.4690366,66.60730838775635,,66.9854790471559,3.0835045609408223,0.0,,False,1.087939739227295
355,0.00729748047888279,9.775351372809382e-07,0.006462422199547291,0.001556265982799232,3.9208475755003747e-07,0.0011446952121332288,0.0009309741435572505,-11.88444709777832,0.6252309083938599,0.000912270974367857,0.6178280115127563,0.5121579766273499,0.00010102196392836049,0.5061507225036621,0.009533624164760113,-6.053349494934082,0.4968010485172272,2.7501884687808342e-05,0.500521183013916,0.0037201344966888428,-4.080080986022949,0.9947153329849243,0.0017682431498542428,1.0,0.005284667015075684,-2.242048978805542,0.013732261955738068,0.010973715223371983,0.0,0.013732261955738068,-1.328595519065857,0.7082536816596985,1.0,0.2917463183403015,0.5681242346763611,1.0,0.4318757653236389,0.5848590135574341,0.4151409864425659,1.0,2.0,-18.767168045043945,1784745897.5745025,66.7127742767334,,66.61535017001336,2.722040206306354,0.0,,False,1.087939739227295
356,0.007333965040743351,1.0060808790512965e-06,0.0077745383605360985,0.001567813684232533,4.049859967381053e-07,0.0013883471256121993,0.0004757237620651722,-12.290323257446289,0.6289659142494202,0.0009286525892093778,0.622651994228363,0.5119422078132629,0.00010107996786246076,0.5083367824554443,0.007270810194313526,-6.167044639587402,0.49676597118377686,2.7504978788783774e-05,0.5006300210952759,0.0038640499114990234,-4.060211658477783,0.9939601421356201,0.001782539184205234,1.0,0.006039857864379883,-2.235687255859375,0.019767485558986664,0.011194368824362755,0.0,0.019767485558986664,-1.3097805976867676,0.7024118304252625,1.0,0.29758816957473755,0.5421051383018494,1.0,0.45789486169815063,0.5525614619255066,0.4474385380744934,1.0,2.0,-19.254064559936523,1784745897.6593633,66.79763507843018,,66.73211780776339,2.3417609302927964,0.0,,False,1.087939739227295
357,0.007376872003078461,1.0433399211251526e-06,0.0077015007846057415,0.0015776774380356073,4.2114530174330866e-07,0.0013565492117777467,0.0003927868965547532,-12.280252456665039,0.6328860521316528,0.0009463168098591268,0.6275787949562073,0.5119539499282837,0.0001017235335893929,0.5114300847053528,0.005333049222826958,-6.2239837646484375,0.4968358874320984,2.774706263153348e-05,0.5007382035255432,0.0039023160934448242,-4.052842617034912,0.9929331541061401,0.0017986086895689368,1.0,0.007066845893859863,-2.2275490760803223,0.026383869349956512,0.011481867171823978,0.0,0.026383869349956512,-1.2842411994934082,0.7054183483123779,1.0,0.29458165168762207,0.5226644277572632,1.0,0.4773355722427368,0.5283195972442627,0.4716804027557373,1.0,2.0,-19.285860061645508,1784745897.753808,66.89207983016968,,66.8806809472224,1.9359422560858794,0.0,,False,1.087939739227295
358,0.007426409050822258,1.0836471346920007e-06,0.009040423668920994,0.001586158643476665,4.3857420450876816e-07,0.0015864206943660975,0.0016140146180987358,-11.147600173950195,0.6369920969009399,0.0009640351636335254,0.6349839568138123,0.5120799541473389,0.00010263401782140136,0.5074872374534607,0.005012551788240671,-6.121634483337402,0.4969724416732788,2.8081292839488015e-05,0.5012712478637695,0.004298806190490723,-3.99222469329834,0.9920388460159302,0.0018131575779989362,1.0,0.007961153984069824,-2.219926595687866,0.03348717838525772,0.011748055927455425,0.0,0.03348717838525772,-1.2553685903549194,0.7128266096115112,1.0,0.28717339038848877,0.5069443583488464,1.0,0.49305564165115356,0.5086801052093506,0.4913198947906494,1.0,2.0,-18.0410213470459,1784745897.8587692,66.99704098701477,,65.7844053720818,1.5012509727404737,0.0,,False,1.087939739227295
359,0.007476474158465862,1.1268220987403765e-06,0.005389717407524586,0.001598333939909935,4.589256263898278e-07,0.0009543673368170857,0.0021838604006916285,-9.923330307006836,0.641198456287384,0.0009855963289737701,0.639016330242157,0.5121451020240784,0.00010402650514151901,0.509415864944458,0.0034943395294249058,-6.170469284057617,0.4970738887786865,2.851913268386852e-05,0.5014322996139526,0.004358410835266113,-3.9804940223693848,0.9907269477844238,0.0018401800189167261,1.0,0.009273052215576172,-2.2066431045532227,0.042368777096271515,0.011948301456868649,0.0,0.042368777096271515,-1.2195245027542114,0.7217587232589722,1.0,0.27824127674102783,0.4907350242137909,1.0,0.5092649459838867,0.4884195625782013,0.5115804672241211,1.0,2.0,-16.849952697753906,1784745897.9422495,67.08052134513855,,63.49706114764921,1.0307156017943602,0.0,,False,1.087939739227295
360,0.007538843434303999,1.1792312761826906e-06,0.008122739382088184,0.0016077881446108222,4.842228236157098e-07,0.0014398726634681225,0.0006075607961975038,-12.084135055541992,0.6462157964706421,0.0010121333179995418,0.6422674059867859,0.5118310451507568,0.00010545538680162281,0.5114858150482178,0.0039634546265006065,-6.1803154945373535,0.4970080256462097,2.8936472517671064e-05,0.5014607310295105,0.004452705383300781,-3.963677167892456,0.989501953125,0.001869145780801773,1.0,0.010498046875,-2.1927173137664795,0.05047696828842163,0.012058145366609097,0.0,0.05047696828842163,-1.1844173669815063,0.7234676480293274,1.0,0.2765323519706726,0.4703814685344696,1.0,0.529618501663208,0.46300116181373596,0.5369988679885864,1.0,2.0,-19.010225296020508,1784745898.056983,67.19525480270386,,63.36998952148322,0.5250730950755416,0.0,,False,1.087939739227295
361,0.0076101357117295265,1.2418231563060544e-06,0.008080986328423023,0.0016148522263392806,5.140869347997068e-07,0.001430368167348206,0.0005057021626271307,-12.079658508300781,0.6515361070632935,0.0010400385363027453,0.6479400396347046,0.5118100643157959,0.00010720869613578543,0.5129951238632202,0.003786300076171756,-6.1539716720581055,0.49710702896118164,2.949408008134924e-05,0.5013435482978821,0.0042365193367004395,-3.9924559593200684,0.9880307912826538,0.0018982584588229656,1.0,0.011969208717346191,-2.1767358779907227,0.06081819534301758,0.012149617075920105,0.0,0.06081819534301758,-1.1340693235397339,0.7262145280838013,1.0,0.27378547191619873,0.4466637670993805,1.0,0.5533362627029419,0.4334719479084015,0.5665280818939209,1.0,2.0,-18.99906349182129,1784745898.1410227,67.27929449081421,,63.23175609111801,0.0,0.0,,False,1.087939739227295
362,0.007690788246691227,1.3095466329104966e-06,0.00723612867295742,0.0016216420335695148,5.462421199808887e-07,0.0012649117270484567,0.0005779030034318566,-11.949729919433594,0.6573029160499573,0.0010688486509025097,0.6519781947135925,0.5117979049682617,0.00010894898150581867,0.5095734000205994,0.005770708899945021,-6.109051704406738,0.49722760915756226,3.002265111717861e-05,0.5012021660804749,0.003974556922912598,-4.024754047393799,0.9867640733718872,0.0019269483163952827,1.0,0.013235926628112793,-2.1615123748779297,0.07270269095897675,0.012166368775069714,0.0,0.07270269095897675,-1.0683764219284058,0.7251697182655334,1.0,0.27483028173446655,0.41817569732666016,1.0,0.5818243026733398,0.3982328772544861,0.6017671227455139,1.0,2.0,-18.849348068237305,1784745898.2459807,67.38425254821777,,62.94380723716881,0.0,0.0,,False,1.087939739227295
363,0.007765583228319883,1.3681051314051729e-06,0.008177795447409153,0.0016322422306984663,5.774020905846555e-07,0.001440898864530027,0.0004544570401776582,-12.001724243164062,0.6624765992164612,0.001099555753171444,0.6575881838798523,0.5115566253662109,0.00011097404058091342,0.5127309560775757,0.005027490202337503,-6.104574680328369,0.49721381068229675,3.052805914194323e-05,0.5011598467826843,0.003946036100387573,-4.0244622230529785,0.9855762720108032,0.001969059929251671,1.0,0.014423727989196777,-2.1433324813842773,0.08545107394456863,0.011992301791906357,0.0,0.08545107394456863,-0.9883661866188049,0.7214471697807312,1.0,0.2785528302192688,0.39041489362716675,1.0,0.6095851063728333,0.36425095796585083,0.6357490420341492,1.0,1.0,-18.897615432739258,1784745898.3509758,67.4892475605011,,62.70412574772157,0.0,0.0,,False,1.087939739227295
364,0.007752279285341501,1.3689564184460323e-06,0.0068781087175011635,0.0016661795089021325,5.90002912304044e-07,0.0012169680558145046,0.000982835190370679,-11.634305953979492,0.6625932455062866,0.0011377761838957667,0.6617702841758728,0.5118504762649536,0.00011127794277854264,0.5134508609771729,0.0017995822709053755,-6.091396331787109,0.4976726174354553,3.05294270219747e-05,0.5012338161468506,0.0035611987113952637,-4.071767330169678,0.9819244146347046,0.00202899775467813,1.0,0.01807558536529541,-2.100653648376465,0.10728420317173004,0.012027282267808914,0.0,0.10728420317173004,-0.8128589391708374,0.7199656367301941,1.0,0.2800343632698059,0.34603822231292725,1.0,0.6539617776870728,0.3109622299671173,0.6890377998352051,1.0,1.0,-18.543306350708008,1784745898.4446905,67.58296227455139,,62.11013517624308,0.0,0.0,,False,1.087939739227295
365,0.007791675627231598,1.394883497596311e-06,0.008446069434285164,0.0016924659721553326,6.034731541149085e-07,0.0015088284853845835,0.000679671997204423,-11.882312774658203,0.6663113236427307,0.0011597962584346533,0.6667571067810059,0.5119686722755432,0.00011175527470186353,0.5108729600906372,0.001182923442684114,-6.086020469665527,0.4978671669960022,3.0642037017969415e-05,0.5013693571090698,0.003502190113067627,-4.077491283416748,0.9801208972930908,0.002062867395579815,1.0,0.01987910270690918,-2.0771067142486572,0.1250440776348114,0.011935011483728886,0.0,0.1250440776348114,-0.6401525139808655,0.7165506482124329,1.0,0.28344935178756714,0.31791508197784424,1.0,0.6820849180221558,0.27803850173950195,0.721961498260498,1.0,1.0,-18.789875030517578,1784745898.554215,67.69248676300049,,61.762713284574154,0.049907359719459476,0.0,,False,1.087939739227295
366,0.007866130210459232,1.4334855222841725e-06,0.008120331913232803,0.0017011641757562757,6.165332706586923e-07,0.0014489063760265708,0.0003581235941965133,-11.965254783630371,0.6715940237045288,0.0011738099856302142,0.671679675579071,0.5123215317726135,0.00011179962166352198,0.5089898705482483,0.00333276204764843,-6.035628795623779,0.4981429874897003,3.0660037737106904e-05,0.5013355612754822,0.0031925737857818604,-4.111118316650391,0.9796870946884155,0.0020639123395085335,1.0,0.020312905311584473,-2.072678327560425,0.1462147831916809,0.01190798357129097,0.0,0.1462147831916809,-0.3986694812774658,0.7121790051460266,1.0,0.2878209948539734,0.28850114345550537,1.0,0.7114988565444946,0.24446696043014526,0.7555330395698547,1.0,1.0,-18.84931755065918,1784745898.660342,67.79861378669739,,61.47473391304683,0.3412977521423186,0.02254284293987563,,False,1.087939739227295
367,0.007979740388691425,1.5199607332760934e-06,0.008376381359994411,0.0016964254900813103,6.418409839170636e-07,0.0014809604035690427,0.00045138594578020275,-11.902080535888672,0.6795786023139954,0.0011890607420355082,0.6776509881019592,0.5125691890716553,0.00011174035898875445,0.5128087401390076,0.0019424421479925513,-6.077265739440918,0.4983591139316559,3.0786777642788365e-05,0.50130295753479,0.0029438436031341553,-4.134528160095215,0.9796661138534546,0.002045002533122897,1.0,0.02033388614654541,-2.0761473178863525,0.16725914180278778,0.01233726181089878,0.0,0.16725914180278778,-0.14484143257141113,0.7077394723892212,1.0,0.2922605276107788,0.26374223828315735,1.0,0.736257791519165,0.21699580550193787,0.7830041646957397,1.0,1.0,-18.831157684326172,1784745898.7442222,67.88249397277832,,61.168594675186505,0.8865161932712324,0.06984462085442167,,False,1.087939739227295
368,0.00806163065135479,1.55407417423703e-06,0.006969112902879715,0.0016924842493608594,6.413837922991661e-07,0.0012346305884420872,0.0011845780536532402,-11.431816101074219,0.685506284236908,0.00118349795229733,0.6819155216217041,0.5124187469482422,0.00010928036499535665,0.5100338459014893,0.004310606513172388,-6.061089038848877,0.49833667278289795,3.0291839721030556e-05,0.5014558434486389,0.003119170665740967,-4.122786045074463,0.9791051149368286,0.0020115484949201345,1.0,0.020894885063171387,-2.0769643783569336,0.17524752020835876,0.012981287203729153,0.0,0.17524752020835876,-0.07026290893554688,0.7012472152709961,1.0,0.2987527847290039,0.2546858489513397,1.0,0.7453141212463379,0.20714543759822845,0.7928545475006104,1.0,1.0,-18.34208106994629,1784745898.8497698,67.988041639328,,60.37337882294629,1.5063131580360105,0.12620272849614056,,False,1.087939739227295
369,0.008153175003826618,1.5961298913680366e-06,0.008465507067739964,0.0016928743571043015,6.436229114115122e-07,0.0015022597508504987,0.0003659033391159028,-11.905379295349121,0.6921724677085876,0.0011816138867288828,0.686918318271637,0.5119737386703491,0.0001072606464731507,0.507732629776001,0.006752265617251396,-6.007155418395996,0.49813714623451233,2.980116732942406e-05,0.5017492175102234,0.0036120712757110596,-4.072641372680664,0.9787966012954712,0.0019917311146855354,1.0,0.02120339870452881,-2.0775742530822754,0.18266716599464417,0.013776462525129318,0.0,0.18266716599464417,-0.01243293285369873,0.6937966346740723,1.0,0.30620336532592773,0.24614980816841125,1.0,0.7538502216339111,0.19796426594257355,0.8020357489585876,1.0,1.0,-18.747425079345703,1784745898.9545755,68.09284734725952,,59.983506980105496,2.183940098882637,0.1910969365254327,,False,1.087939739227295
370,0.008227740414440632,1.6230295614150236e-06,0.008458618074655533,0.0017043753759935498,6.40810867480468e-07,0.001498436788097024,0.00030937872361391783,-11.908483505249023,0.6977220177650452,0.0011760517954826355,0.6919548511505127,0.5116199851036072,0.000105765946500469,0.5078350305557251,0.0068982671946287155,-6.030195236206055,0.4979863464832306,2.9316994186956435e-05,0.5019674301147461,0.003981083631515503,-4.029428482055664,0.9791034460067749,0.0019768737256526947,1.0,0.020896553993225098,-2.083737373352051,0.19084173440933228,0.014455851167440414,0.0,0.19084173440933228,0.06032764911651611,0.6868433952331543,1.0,0.3131566047668457,0.2367929220199585,1.0,0.7632070779800415,0.18801970779895782,0.8119803071022034,1.0,1.0,-18.747352600097656,1784745899.0615847,68.1998565196991,,59.59356265801665,2.9343276216994783,0.2653480009008552,,False,1.087939739227295
371,0.008283032104372978,1.637967557144293e-06,0.008741573430597782,0.001721407170407474,6.370568144120625e-07,0.0015692238230258226,0.00048313551815226674,-11.873992919921875,0.7021297216415405,0.0011697123991325498,0.6978049874305725,0.5112759470939636,0.00010474634473212063,0.5095062255859375,0.004672819282859564,-6.09666109085083,0.4978600740432739,2.891292388085276e-05,0.5018802285194397,0.0040201544761657715,-4.027184009552002,0.9797922372817993,0.0019675325602293015,1.0,0.020207762718200684,-2.092775821685791,0.19702215492725372,0.014967918395996094,0.32935547828674316,0.13233332335948944,-0.5969964265823364,0.6806473135948181,1.0,0.3193526864051819,0.23016680777072906,0.0,0.23016680777072906,0.18105560541152954,0.18105560541152954,0.0,1.0,-18.76491355895996,1784745899.1459084,68.28418016433716,,59.22117929479011,3.027391068817467,0.0,,False,1.087939739227295
372,0.008302750065922737,1.4995310948506813e-06,0.007106765639036894,0.0017533769132569432,5.827916425005242e-07,0.0012804408324882388,0.0012860976858064532,-11.376184463500977,0.7042948603630066,0.0011502926936373115,0.7018890976905823,0.5112560987472534,9.870962094282731e-05,0.5092004537582397,0.0031643910333514214,-6.133736610412598,0.4979647994041443,2.671574111445807e-05,0.5016957521438599,0.003730952739715576,-4.085669040679932,0.9851396083831787,0.0018890274222940207,1.0,0.014860391616821289,-2.158457040786743,0.23255914449691772,0.014154049567878246,0.32548826932907104,0.09292912483215332,-0.9048731923103333,0.6666243076324463,1.0,0.3333756923675537,0.1838848739862442,0.0,0.1838848739862442,0.13437619805335999,0.13437619805335999,0.0,1.0,-18.32600975036621,1784745899.249842,68.38811373710632,,58.40989212296982,2.812577750207459,0.0,,False,1.087939739227295
373,0.008289843797683716,1.421607976226369e-06,0.00891211535781622,0.0018084300681948662,5.581291020462231e-07,0.0015978746814653277,0.0006569288088940084,-11.917413711547852,0.7055231332778931,0.001149322371929884,0.7068123817443848,0.510782778263092,9.611565474187955e-05,0.509879469871521,0.0015742069808766246,-6.166425704956055,0.49783289432525635,2.6014000468421727e-05,0.5015289783477783,0.0036960840225219727,-4.096928596496582,0.9865225553512573,0.0018992805853486061,1.0,0.013477444648742676,-2.1663830280303955,0.25190696120262146,0.013158939778804779,0.3296777307987213,0.07777076959609985,-1.0165717601776123,0.6584500074386597,1.0,0.34154999256134033,0.16559934616088867,0.0,0.16559934616088867,0.11697141826152802,0.11697141826152802,0.0,2.0,-18.899019241333008,1784745899.3551939,68.49346566200256,,58.17161444211633,2.486065863730172,0.0,,False,1.087939739227295
374,0.00840173289179802,1.4543104498443427e-06,0.008876862935721874,0.00176629691850394,5.597183871941525e-07,0.0015977983130142093,0.0005041233380325139,-11.97755241394043,0.7101748585700989,0.001157216145657003,0.7118317484855652,0.5107120275497437,9.398889960721135e-05,0.5090658664703369,0.0023356222081929445,-6.163557052612305,0.49770045280456543,2.555510218371637e-05,0.5015445351600647,0.0038440823554992676,-4.079278469085693,0.9866808652877808,0.0018783460836857557,1.0,0.013319134712219238,-2.1725211143493652,0.26999732851982117,0.012234842404723167,0.3287109434604645,0.05871361494064331,-1.1419153213500977,0.628366231918335,1.0,0.37163376808166504,0.1331717073917389,0.0,0.1331717073917389,0.0877436175942421,0.0877436175942421,0.0,2.0,-18.948036193847656,1784745899.4410663,68.57933807373047,,57.982353713777485,2.0342104160803993,0.0,,False,1.087939739227295
375,0.0084599694237113,1.4221842548067798e-06,0.008981275372207165,0.0017528897151350975,5.429715770333132e-07,0.0016238604439422488,0.0005370367434807122,-11.996011734008789,0.7130293846130371,0.0011530545307323337,0.7172098159790039,0.511224627494812,9.058602881850675e-05,0.5086785554885864,0.004894740879535675,-6.156039237976074,0.49792739748954773,2.4417677195742726e-05,0.5016196966171265,0.0036922991275787354,-4.111999034881592,0.9877667427062988,0.001843273756094277,1.0,0.012233257293701172,-2.188573122024536,0.2860665023326874,0.011528903618454933,0.3290331959724426,0.04296669363975525,-1.2324450016021729,0.5867634415626526,1.0,0.4132365584373474,0.10582093894481659,0.0,0.10582093894481659,0.06490661203861237,0.06490661203861237,0.0,2.0,-18.976842880249023,1784745899.54579,68.68406176567078,,57.82189967184001,1.4918252881785514,0.0,,False,1.087939739227295
376,0.008498807437717915,1.3973422028357163e-06,0.007801003288477659,0.0017492076149210334,5.30637748852314e-07,0.0014147820184007287,0.0007738029817119241,-11.84756851196289,0.7154385447502136,0.0011529281036928296,0.720914363861084,0.5117684602737427,8.75179102877155e-05,0.5094043016433716,0.005964381154626608,-6.171745777130127,0.4981699287891388,2.3424046958098188e-05,0.5015801191329956,0.0034101903438568115,-4.163698673248291,0.9880644083023071,0.0018196952296420932,1.0,0.011935591697692871,-2.1964612007141113,0.2995416522026062,0.011085114441812038,0.31324219703674316,0.013700544834136963,-1.3236709833145142,0.5422723889350891,1.0,0.4577276110649109,0.08568760752677917,0.0,0.08568760752677917,0.04929738864302635,0.04929738864302635,0.0,2.0,-18.8668155670166,1784745899.6518934,68.79016518592834,,57.55141831667011,0.8582141785643622,0.0,,False,1.087939739227295
377,0.008542001247406006,1.3830766647515702e-06,0.008817997761070728,0.0017396440962329507,5.231343038758496e-07,0.001597519963979721,0.0003104405477643013,-12.092592239379883,0.7179047465324402,0.0011539064580574632,0.7257831692695618,0.5122826099395752,8.508206519763917e-05,0.5092707872390747,0.008434489369392395,-6.150167942047119,0.4983832538127899,2.2653914129477926e-05,0.5014026761054993,0.0030194222927093506,-4.227428913116455,0.9881249666213989,0.0018039976712316275,1.0,0.011875033378601074,-2.2008519172668457,0.3087548613548279,0.010790343396365643,0.33000001311302185,0.02124515175819397,-1.324698567390442,0.5019336342811584,1.0,0.49806636571884155,0.07260559499263763,0.0,0.07260559499263763,0.03976576030254364,0.03976576030254364,0.0,1.0,-19.126440048217773,1784745899.7460039,68.88427567481995,,57.54056144270138,0.22357548487424528,0.0,,False,1.087939739227295
378,0.008484167978167534,1.3311537259141915e-06,0.007414772175252438,0.001782590406946838,5.137327434567851e-07,0.0013576996279880404,0.0011507126037031412,-11.56237506866455,0.7172046303749084,0.0011588209308683872,0.729098379611969,0.5123209357261658,8.441675163339823e-05,0.5092104077339172,0.01229376532137394,-6.113826751708984,0.49850907921791077,2.232534097856842e-05,0.5014380216598511,0.0029289424419403076,-4.243826389312744,0.9879540205001831,0.0018289713189005852,0.9950337409973145,0.007079720497131348,-2.219359874725342,0.3204125761985779,0.010832194238901138,0.3209765553474426,0.0005639791488647461,-1.343663215637207,0.48584744334220886,1.0,0.5141525268554688,0.06975480169057846,0.0,0.06975480169057846,0.03775768354535103,0.03775768354535103,0.0,1.0,-18.575349807739258,1784745899.85046,68.9887318611145,,56.97861432825414,0.0,0.0,,False,1.087939739227295
379,0.008479644544422626,1.3382067436396028e-06,0.008974384516477585,0.001807248336263001,5.187712304177694e-07,0.0016311343060806394,0.0005251512047834694,-12.038766860961914,0.7190291881561279,0.0011704032076522708,0.7327695488929749,0.5121822357177734,8.470429020235315e-05,0.511444091796875,0.013760172761976719,-6.141627311706543,0.49848446249961853,2.2480528059531935e-05,0.5014352798461914,0.002950817346572876,-4.238828182220459,0.9876823425292969,0.0018553698901087046,0.9828121662139893,0.004870176315307617,-2.2195053100585938,0.32818442583084106,0.010969426482915878,0.33000001311302185,0.0018155872821807861,-1.3372329473495483,0.49404415488243103,1.0,0.5059558153152466,0.07249760627746582,0.0,0.07249760627746582,0.03968922421336174,0.03968922421336174,0.0,1.0,-19.071481704711914,1784745899.9555373,69.09380912780762,,56.91279911077955,0.0,0.0,,False,1.087939739227295
380,0.008504800498485565,1.369299980069627e-06,0.008986006490886211,0.0018169364193454385,5.29787882896926e-07,0.0016192329348996282,0.0005202363827265799,-12.016679763793945,0.7223387956619263,0.0011825452093034983,0.7361432909965515,0.5121958255767822,8.534947846783325e-05,0.5118470191955566,0.01380890142172575,-6.135257720947266,0.49851077795028687,2.27416730922414e-05,0.5013806819915771,0.002869904041290283,-4.245632171630859,0.9873538017272949,0.001877005328424275,0.9709668159484863,0.016386985778808594,-2.1485679149627686,0.3351852297782898,0.01127090584486723,0.32935547828674316,0.005829751491546631,-1.3223190307617188,0.5132661461830139,1.0,0.4867338538169861,0.07835090905427933,0.0,0.07835090905427933,0.04388906806707382,0.04388906806707382,0.0,1.0,-19.04770278930664,1784745900.063548,69.201819896698,,56.82320497789969,0.0,0.0,,False,1.087939739227295
381,0.008536447770893574,1.4029925523573183e-06,0.009673690423369408,0.0018223404185846448,5.407682124314306e-07,0.0017624227330088615,0.001138819963671267,-11.651477813720703,0.7258975505828857,0.0011924642603844404,0.7398689389228821,0.5121232867240906,8.605052425991744e-05,0.5097113847732544,0.014178045094013214,-6.092628479003906,0.4984682500362396,2.3000962755759247e-05,0.5014596581459045,0.002991408109664917,-4.2265238761901855,0.9867616891860962,0.0018932687817141414,0.9635686874389648,0.023193001747131348,-2.0737268924713135,0.339968740940094,0.01166586484760046,0.3296777307987213,0.01029101014137268,-1.3020665645599365,0.5405398011207581,1.0,0.45946019887924194,0.08811311423778534,0.0,0.08811311423778534,0.05111943185329437,0.05111943185329437,0.0,1.0,-18.638843536376953,1784745900.1497977,69.28806948661804,,56.324751592090145,0.0,0.0,,False,1.087939739227295
382,0.008572434075176716,1.4421702871914022e-06,0.007405696902424097,0.0018293980974704027,5.524892117136915e-07,0.0013568385038524866,0.0012588042300194502,-11.417168617248535,0.7297794222831726,0.001200785394757986,0.7424269318580627,0.5119969844818115,8.671506657265127e-05,0.5116519927978516,0.01265221368521452,-6.133662223815918,0.49837979674339294,2.3245120246428996e-05,0.5016091465950012,0.0032293498516082764,-4.19144868850708,0.9862862825393677,0.0019024056382477283,0.9611045122146606,0.02518177032470703,-2.0467162132263184,0.34112119674682617,0.012050420977175236,0.3296777307987213,0.011443465948104858,-1.2849558591842651,0.5719224214553833,1.0,0.4280775785446167,0.10207494348287582,0.0,0.10207494348287582,0.06192103400826454,0.06192103400826454,0.0,1.0,-18.419822692871094,1784745900.2538896,69.39216136932373,,55.60727736277474,0.0,0.0,,False,1.087939739227295
383,0.008611239492893219,1.4930124052625615e-06,0.009315588511526585,0.0018360413378104568,5.683533572664601e-07,0.0017054297495633364,0.0007163566770032048,-11.878591537475586,0.7336573004722595,0.0012108533410355449,0.7454988360404968,0.511782705783844,8.7712898675818e-05,0.5118004083633423,0.01184154860675335,-6.133154392242432,0.49828284978866577,2.35697934840573e-05,0.5014262795448303,0.0031434297561645508,-4.19921875,0.9861660003662109,0.001917312853038311,0.9609720706939697,0.02519392967224121,-2.043949842453003,0.3388391137123108,0.01253330335021019,0.32935547828674316,0.009483635425567627,-1.2671564817428589,0.6050570607185364,1.0,0.3949429392814636,0.12136997282505035,0.0,0.12136997282505035,0.07767239212989807,0.07767239212989807,0.0,1.0,-18.884723663330078,1784745900.3599021,69.49817395210266,,55.354704103918316,0.0,0.0,,False,1.087939739227295
384,0.008655824698507786,1.5473592611670028e-06,0.00931728444993496,0.0018457340775057673,5.846929980179993e-07,0.0017045944696292281,0.0006763500277884305,-11.869277954101562,0.7378463745117188,0.0012210301356390119,0.7490358352661133,0.511648416519165,8.859996887622401e-05,0.5092554092407227,0.011442488059401512,-6.0982561111450195,0.4981902837753296,2.3863811293267645e-05,0.5013623833656311,0.0031720995903015137,-4.191809177398682,0.9861022233963013,0.0019318141276016831,0.9609222412109375,0.02517998218536377,-2.041606903076172,0.33556389808654785,0.013035989366471767,0.32548826932907104,0.010075628757476807,-1.2471883296966553,0.6383324861526489,1.0,0.3616675138473511,0.14475707709789276,0.0,0.14475707709789276,0.09793251752853394,0.09793251752853394,0.0,1.0,-18.843788146972656,1784745900.4437258,69.58199763298035,,55.06119532870447,0.0,0.0,,False,1.087939739227295
385,0.008695458993315697,1.5992171711332048e-06,0.007568239700049162,0.0018565042410045862,6.00488931468135e-07,0.0013894529547542334,0.0012201477074995637,-11.418985366821289,0.7415758371353149,0.0012311992468312383,0.7515637874603271,0.5114488005638123,8.951273048296571e-05,0.5098316669464111,0.010118016973137856,-6.117450714111328,0.498060941696167,2.413251786492765e-05,0.5015020370483398,0.0034410953521728516,-4.151700973510742,0.9861197471618652,0.0019489782862365246,0.9619109630584717,0.024208784103393555,-2.050934314727783,0.3301905691623688,0.013495825231075287,0.29148924350738525,0.03870132565498352,-1.1782580614089966,0.6676327586174011,1.0,0.3323672413825989,0.17129935324192047,0.0,0.17129935324192047,0.12232896685600281,0.12232896685600281,0.0,1.0,-18.388797760009766,1784745900.5482981,69.68656992912292,,54.312696166527736,0.0,0.0,,False,1.087939739227295
386,0.008741861209273338,1.657817392697325e-06,0.009435877203941345,0.0018659175839275122,6.191993975335208e-07,0.0017406689003109932,0.000705227255821228,-11.806610107421875,0.7457252740859985,0.0012418989790603518,0.7546238303184509,0.5112563371658325,9.059285366674885e-05,0.5105902552604675,0.008923450484871864,-6.127918243408203,0.4979391396045685,2.4465814931318164e-05,0.5016468167304993,0.003707677125930786,-4.1092376708984375,0.9858148097991943,0.0019726650789380074,0.9605222940444946,0.025292515754699707,-2.03310227394104,0.32130885124206543,0.013980741612613201,0.3290331959724426,0.007724344730377197,-1.213964819908142,0.6970100998878479,1.0,0.3029899001121521,0.20562046766281128,0.0,0.20562046766281128,0.1558532565832138,0.1558532565832138,0.0,1.0,-18.76356315612793,1784745900.653573,69.79184484481812,,53.938962400469165,0.0,0.0,,False,1.087939739227295
387,0.008785167708992958,1.7157308320747688e-06,0.009727527387440205,0.0018760459497570992,6.371016638695437e-07,0.0017851804150268435,0.0009467303170822561,-11.667852401733398,0.7499926090240479,0.001251992187462747,0.7580457329750061,0.5111891031265259,9.118268644670025e-05,0.5085808038711548,0.008464988321065903,-6.091750144958496,0.4978722929954529,2.4668435798957944e-05,0.5017021298408508,0.0038298368453979492,-4.08875846862793,0.9858675003051758,0.001985464710742235,0.960084080696106,0.025783419609069824,-2.024600028991699,0.316036581993103,0.014513078145682812,0.3296777307987213,0.013641148805618286,-1.1910032033920288,0.7217668294906616,1.0,0.2782331705093384,0.23656654357910156,0.0,0.23656654357910156,0.18778067827224731,0.18778067827224731,0.0,1.0,-18.58563232421875,1784745900.7376618,69.87593364715576,,53.387297802501415,0.0,0.0,,False,1.087939739227295
388,0.008820080198347569,1.756600795488339e-06,0.007942106574773788,0.0018918744754046202,6.51490040581848e-07,0.0014648701762780547,0.0009763044072315097,-11.55084228515625,0.7533901929855347,0.0012607746757566929,0.7604648470878601,0.5109831094741821,9.2020578449592e-05,0.5082130432128906,0.007597631309181452,-6.085343837738037,0.4977701008319855,2.487565143383108e-05,0.5017005205154419,0.003930419683456421,-4.07136344909668,0.9854944944381714,0.002012675628066063,0.9602917432785034,0.02520275115966797,-2.027411937713623,0.30902349948883057,0.014971687458455563,0.33000001311302185,0.020976513624191284,-1.1671637296676636,0.7426437139511108,1.0,0.25735628604888916,0.2693960666656494,0.0,0.2693960666656494,0.22320061922073364,0.22320061922073364,0.0,1.0,-18.45479965209961,1784745900.8425083,69.9807801246643,,52.704800532414524,0.0,0.0,,False,1.087939739227295
389,0.008851103484630585,1.8061828086501919e-06,0.009289060719311237,0.0019082787912338972,6.694708645227365e-07,0.0017115825321525335,0.0004800999304279685,-11.800666809082031,0.7567805051803589,0.0012728141155093908,0.763401210308075,0.5106698274612427,9.298091026721522e-05,0.5093971490859985,0.006741917226463556,-6.111014366149902,0.4976556897163391,2.516007407393772e-05,0.5016843676567078,0.004028677940368652,-4.053647518157959,0.9846912622451782,0.0020468307193368673,0.960830807685852,0.023860454559326172,-2.0377187728881836,0.3013807535171509,0.015471058897674084,0.3296777307987213,0.028296977281570435,-1.1395756006240845,0.7604977488517761,1.0,0.23950225114822388,0.3023597300052643,0.0,0.3023597300052643,0.2601656913757324,0.2601656913757324,0.0,1.0,-18.71630096435547,1784745900.9476428,70.0859146118164,,52.28380457458349,0.0,0.0,,False,1.087939739227295
390,0.008890603668987751,1.8531002297095256e-06,0.00934247113764286,0.0019235158106312156,6.87677129462827e-07,0.0017320708138868213,0.0004907498368993402,-11.774679183959961,0.7607370615005493,0.0012833866057917476,0.7662534713745117,0.5104331374168396,9.381054405821487e-05,0.5094005465507507,0.005612220615148544,-6.1108269691467285,0.4976006746292114,2.541400317568332e-05,0.5016884803771973,0.00408780574798584,-4.042407989501953,0.9833914041519165,0.002082149963825941,0.9609317779541016,0.02245962619781494,-2.047105550765991,0.29324543476104736,0.015866411849856377,0.3290331959724426,0.035787761211395264,-1.112476110458374,0.7750190496444702,1.0,0.22498095035552979,0.33288317918777466,0.0,0.33288317918777466,0.2954692840576172,0.2954692840576172,0.0,1.0,-18.684545516967773,1784745901.0576205,70.19589233398438,,51.831053169364765,0.0,0.0,,False,1.087939739227295
391,0.008926915936172009,1.8905493561760522e-06,0.009509028866887093,0.0019403700716793537,7.047918870739522e-07,0.0017684880876913667,0.0006069587543606758,-11.723548889160156,0.7648672461509705,0.0012930124066770077,0.7695722579956055,0.5101346373558044,9.45077117648907e-05,0.5094649195671082,0.0047524371184408665,-6.109994888305664,0.4975382089614868,2.563840644143056e-05,0.5017184615135193,0.004180252552032471,-4.025982856750488,0.9812341928482056,0.0021281717345118523,0.9635869264602661,0.017647266387939453,-2.0841400623321533,0.28554779291152954,0.016076043248176575,0.3119531273841858,0.02640533447265625,-1.1245882511138916,0.7843653559684753,1.0,0.21563464403152466,0.3559127449989319,0.0,0.3559127449989319,0.3226902484893799,0.3226902484893799,0.0,1.0,-18.624536514282227,1784745901.1530743,70.29134607315063,,51.31829276146049,0.0,0.0,,False,1.087939739227295
392,0.008962874300777912,1.9173439795849845e-06,0.008417390286922455,0.0019604903645813465,7.232422944980499e-07,0.0015581423649564385,0.0006778176175430417,-11.62465763092041,0.7692689299583435,0.0013023666106164455,0.771874725818634,0.5097270607948303,9.541908366372809e-05,0.511265754699707,0.003026177641004324,-6.097512245178223,0.49747246503829956,2.5922901841113344e-05,0.5017027258872986,0.0042302608489990234,-4.0160932540893555,0.9778413772583008,0.0021969780791550875,0.9670689105987549,0.010772466659545898,-2.11498761177063,0.27689260244369507,0.01583409495651722,0.3280664086341858,0.05117380619049072,-1.0711627006530762,0.7868615388870239,1.0,0.21313846111297607,0.3691418170928955,0.0,0.3691418170928955,0.3385247588157654,0.3385247588157654,0.0,1.0,-18.510713577270508,1784745901.2581015,70.39637327194214,,50.6917094165445,0.0,0.0,,False,1.087939739227295
393,0.00900106132030487,1.9486888049868867e-06,0.009581898339092731,0.00198181695304811,7.559098094134242e-07,0.001776423305273056,0.0006160829216241837,-11.669503211975098,0.7751463651657104,0.001322287367656827,0.7746343612670898,0.5088215470314026,9.726553253130987e-05,0.5123898983001709,0.0036048965994268656,-6.029797077178955,0.49735236167907715,2.645273707457818e-05,0.501661479473114,0.004309117794036865,-4.000161647796631,0.9704902172088623,0.002321158768609166,0.9685674905776978,0.0019227266311645508,-2.113109588623047,0.26726317405700684,0.015024255961179733,0.3287109434604645,0.06144776940345764,-1.0544482469558716,0.7832531332969666,1.0,0.21674686670303345,0.3712117075920105,0.0,0.3712117075920105,0.34101423621177673,0.34101423621177673,0.0,1.0,-18.49342155456543,1784745901.3437297,70.48200154304504,,50.04783404892343,0.0,0.0,,False,1.087939739227295
394,0.009024620056152344,1.9849303498631343e-06,0.009571767412126064,0.0019856751896440983,7.718754204688594e-07,0.001802606857381761,0.0005769612616859376,-11.667186737060547,0.7773349285125732,0.0013342773308977485,0.7778751254081726,0.5085659623146057,9.785252041183412e-05,0.5103510618209839,0.0018650450510904193,-6.071437835693359,0.4971790015697479,2.6618146875989623e-05,0.5017216801643372,0.004542678594589233,-3.960391044616699,0.970223069190979,0.0023301318287849426,0.9733062386512756,0.003083169460296631,-2.1099369525909424,0.2585418224334717,0.015321305021643639,0.32935547828674316,0.07081365585327148,-1.0066699981689453,0.7964032888412476,1.0,0.20359671115875244,0.4026808738708496,0.0,0.4026808738708496,0.37921443581581116,0.37921443581581116,0.0,1.0,-18.504533767700195,1784745901.4484248,70.58669662475586,,49.41507089443712,0.0,0.0,,False,1.087939739227295
395,0.00906403735280037,2.0317490907473257e-06,0.0080515556037426,0.0019844924099743366,7.902693255346094e-07,0.001515176147222519,0.0011159646091982722,-11.349244117736816,0.7805099487304688,0.001346867298707366,0.7801786065101624,0.5084692239761353,9.825811139307916e-05,0.5115785002708435,0.003126881318166852,-6.031830787658691,0.49703317880630493,2.6714798877947032e-05,0.5016505122184753,0.00461733341217041,-3.9471821784973145,0.9709800481796265,0.002323840046301484,0.9762827157974243,0.0053026676177978516,-2.10727858543396,0.24688208103179932,0.015725281089544296,0.32838866114616394,0.08150658011436462,-0.9460737705230713,0.8114471435546875,1.0,0.1885528564453125,0.441337525844574,0.0,0.441337525844574,0.4268610179424286,0.4268610179424286,0.0,1.0,-18.148300170898438,1784745901.552856,70.69112777709961,,48.42607414314906,0.0,0.0,,False,1.087939739227295
396,0.009097248315811157,2.0818974917347077e-06,0.009846261702477932,0.0019822772592306137,8.089801326605084e-07,0.0018565129721537232,0.0007594983326271176,-11.572469711303711,0.7831452488899231,0.001360732363536954,0.7829821109771729,0.5085238218307495,9.870670328382403e-05,0.5127630233764648,0.004242339171469212,-5.982626914978027,0.4969712495803833,2.6799843908520415e-05,0.5013145804405212,0.0043433308601379395,-3.992666721343994,0.9727095365524292,0.0023086722940206528,0.9791828393936157,0.0064733028411865234,-2.107527732849121,0.23374924063682556,0.016288666054606438,0.32935547828674316,0.0956062376499176,-0.8591241836547852,0.8269271850585938,1.0,0.17307281494140625,0.4841071665287018,0.0,0.4841071665287018,0.4801377058029175,0.4801377058029175,0.0,1.0,-18.35490608215332,1784745901.6586833,70.79695510864258,,47.64368330311588,0.0,0.0,,False,1.087939739227295
397,0.009101036936044693,2.109717570419889e-06,0.01001029647886753,0.00198846566490829,8.213455089389754e-07,0.0019007902592420578,0.0009134768042713404,-11.502143859863281,0.7835781574249268,0.0013728783233091235,0.7861974239349365,0.5085984468460083,9.91637643892318e-05,0.5118755102157593,0.004195199813693762,-6.01026725769043,0.49696671962738037,2.6847788831219077e-05,0.501228928565979,0.004262208938598633,-4.005402088165283,0.9753826856613159,0.0022891114931553602,0.9799726009368896,0.0045899152755737305,-2.116255521774292,0.2210218459367752,0.016829075291752815,0.3287109434604645,0.10768909752368927,-0.778834342956543,0.84000563621521,1.0,0.15999436378479004,0.5239112973213196,0.0,0.5239112973213196,0.5298762917518616,0.5298762917518616,0.0,1.0,-18.313058853149414,1784745901.7426093,70.8808810710907,,46.81944523407879,0.0,0.0,,False,1.087939739227295
398,0.009108718484640121,2.1479761471709935e-06,0.00811005663126707,0.001995722996070981,8.373147011297988e-07,0.0015385898295789957,0.0010983152315020561,-11.3272066116333,0.7844429016113281,0.0013866772642359138,0.7884960770606995,0.5087387561798096,9.954423148883507e-05,0.5113910436630249,0.004843847826123238,-6.018741607666016,0.49697065353393555,2.6902307581622154e-05,0.5012347102165222,0.00426405668258667,-4.0047807693481445,0.9777659177780151,0.0022703108843415976,0.9809625148773193,0.0031965970993041992,-2.1227304935455322,0.2074735164642334,0.01758136786520481,0.32709962129592896,0.11962610483169556,-0.6945427656173706,0.8514804244041443,1.0,0.1485195755958557,0.5622190237045288,0.0,0.5622190237045288,0.577548086643219,0.577548086643219,0.0,1.0,-18.144590377807617,1784745901.8491163,70.98738813400269,,45.82673868969991,0.0,0.0,,False,1.087939739227295
399,0.009114592336118221,2.182576508857892e-06,0.009818115271627903,0.0020002941600978374,8.529999035999936e-07,0.0018717307830229402,0.0007151734316721559,-11.543804168701172,0.785123884677887,0.0013984087854623795,0.7912445664405823,0.5089482665061951,9.996083826990798e-05,0.511290431022644,0.006553508806973696,-6.01286506652832,0.4970581531524658,2.697997297218535e-05,0.5011522173881531,0.004094064235687256,-4.030642986297607,0.9801015853881836,0.0022531491704285145,0.9827773571014404,0.002675771713256836,-2.127185821533203,0.1924247443675995,0.018450234085321426,0.3296777307987213,0.13725298643112183,-0.5668817758560181,0.8611502051353455,1.0,0.13884979486465454,0.598759114742279,0.0,0.598759114742279,0.6225466132164001,0.6225466132164001,0.0,1.0,-18.369417190551758,1784745901.9535208,71.09179258346558,,45.058858958065166,0.12317809784430689,0.0,,False,1.087939739227295
400,0.009118740446865559,2.211416813224787e-06,0.0099472776055336,0.0020100839901715517,8.688301704751211e-07,0.0018972542602568865,0.0008361844229511917,-11.488582611083984,0.7860076427459717,0.0014099228428676724,0.7939932346343994,0.5093169808387756,0.0001002893695840612,0.5111758708953857,0.008199094794690609,-6.008116722106934,0.49726682901382446,2.6994999643648043e-05,0.5010647177696228,0.00379788875579834,-4.073831081390381,0.983047604560852,0.002241755137220025,0.928452730178833,0.05459487438201904,-1.4665178060531616,0.17536291480064392,0.0194841381162405,0.33000001311302185,0.15463709831237793,-0.43649524450302124,0.8676232695579529,1.0,0.13237673044204712,0.6304994225502014,0.0,0.6304994225502014,0.6610439419746399,0.6610439419746399,0.0,1.0,-18.33199119567871,1784745902.0436363,71.18190813064575,,44.253553231557376,0.3767427270416106,0.0,,False,1.087939739227295
401,0.009142767637968063,2.2543522391060833e-06,0.009931141510605812,0.0020056227222085,8.926174928092223e-07,0.0018948176875710487,0.0007961225928738713,-11.483271598815918,0.7891412377357483,0.0014258015435189009,0.7967305183410645,0.5101641416549683,0.00010092577576870099,0.5110641121864319,0.0076424553990364075,-6.014985084533691,0.4977397322654724,2.704850339796394e-05,0.5010647177696228,0.0033249855041503906,-4.135635852813721,0.9860613346099854,0.0022628637962043285,0.9854646921157837,0.0005966424942016602,-2.126544952392578,0.15509842336177826,0.021078037098050117,0.3296777307987213,0.17457930743694305,-0.28784483671188354,0.8710466027259827,1.0,0.12895339727401733,0.6572256088256836,0.0,0.6572256088256836,0.6928960084915161,0.6928960084915161,0.0,1.0,-18.36307716369629,1784745902.1480901,71.28636193275452,,43.479333473067165,0.778957764030052,0.0,,False,1.087939739227295
402,0.009163670241832733,2.2346853256749455e-06,0.008483373560011387,0.0020015807822346687,8.830588171804266e-07,0.0016252388013526797,0.0007774553960189223,-11.454019546508789,0.7899710536003113,0.0014194457326084375,0.7982341647148132,0.5104286670684814,0.00010032045975094661,0.5106653571128845,0.008266500197350979,-6.020107269287109,0.4978550970554352,2.6892101232078858e-05,0.5007811784744263,0.002926081418991089,-4.183709621429443,0.9861178398132324,0.002259711502119899,0.986871063709259,0.0007532238960266113,-2.127195119857788,0.15933603048324585,0.020681709051132202,0.33000001311302185,0.170663982629776,-0.3161608576774597,0.8706052303314209,1.0,0.1293947696685791,0.649111807346344,0.0,0.649111807346344,0.6832875609397888,0.6832875609397888,0.0,1.0,-18.36195945739746,1784745902.2550688,71.39334058761597,,42.703996008278125,1.1528567800529173,0.0,,False,1.087939739227295
403,0.009170961566269398,2.224076979473466e-06,0.009712828323245049,0.0019988862331956625,8.776204936111753e-07,0.001870174310170114,0.000556943763513118,-11.567785263061523,0.7896871566772461,0.0014199829893186688,0.8009598851203918,0.5105227828025818,0.00010029453551396728,0.5106346607208252,0.011273283511400223,-5.999570369720459,0.4979180097579956,2.6905488994088955e-05,0.5007781386375427,0.002860128879547119,-4.19063138961792,0.9852428436279297,0.002274097641929984,0.98920738697052,0.003964543342590332,-2.1206915378570557,0.1641351282596588,0.02042064070701599,0.33000001311302185,0.16586488485336304,-0.3530544638633728,0.8715618252754211,1.0,0.12843817472457886,0.6424658298492432,0.0,0.6424658298492432,0.6753762364387512,0.6753762364387512,0.0,1.0,-18.462757110595703,1784745902.3407922,71.47906398773193,,42.02945619668733,1.4898621898898694,0.0,,False,1.087939739227295
404,0.009200245141983032,2.2730466753273504e-06,0.009765294380486012,0.0020142514258623123,8.992719813250005e-07,0.0018765435088425875,0.00058158760657534,-11.539381980895996,0.7925348877906799,0.0014296560548245907,0.8037593960762024,0.5104595422744751,0.0001009561019600369,0.5104176998138428,0.011224585585296154,-5.993624687194824,0.49798011779785156,2.7081143343821168e-05,0.5006561875343323,0.002676069736480713,-4.207177639007568,0.9861565828323364,0.0023024394176900387,0.9931192398071289,0.0069626569747924805,-2.1074271202087402,0.15944424271583557,0.0207049623131752,0.32935547828674316,0.1699112355709076,-0.3225806951522827,0.8696417808532715,1.0,0.13035821914672852,0.6437703967094421,0.0,0.6437703967094421,0.6769320368766785,0.6769320368766785,0.0,1.0,-18.437870025634766,1784745902.4474404,71.58571219444275,,41.33002930013559,1.8573413684379116,0.0,,False,1.087939739227295
405,0.009228317067027092,2.3232998955791118e-06,0.009949827566742897,0.002035674871876836,9.2399847062552e-07,0.0019160383380949497,0.0007313619134947658,-11.475881576538086,0.7955822944641113,0.001439684652723372,0.8070127367973328,0.510325014591217,0.00010192314948653802,0.5101478099822998,0.011431816034018993,-5.983903884887695,0.4980509579181671,2.7331630917615257e-05,0.5005317330360413,0.0024807751178741455,-4.222209930419922,0.9867382049560547,0.0023485994897782803,0.9952515363693237,0.008513331413269043,-2.092599630355835,0.15488970279693604,0.020810525864362717,0.3296777307987213,0.17478802800178528,-0.28318554162979126,0.8674979209899902,1.0,0.13250207901000977,0.6440526247024536,0.0,0.6440526247024536,0.6772684454917908,0.6772684454917908,0.0,1.0,-18.374109268188477,1784745902.5519292,71.69020104408264,,40.56684164613757,2.264215700508445,0.0,,False,1.087939739227295
406,0.009250612929463387,2.37889935306157e-06,0.008229405619204044,0.0020694751292467117,9.57119027589215e-07,0.0015812007477506995,0.0011319346958771348,-11.222490310668945,0.7991689443588257,0.0014507307205349207,0.8093487620353699,0.5099539756774902,0.00010356451093684882,0.5100809335708618,0.010180609300732613,-5.981831073760986,0.4980843663215637,2.7758755095419474e-05,0.5004763007164001,0.0023919343948364258,-4.2239861488342285,0.9858479499816895,0.002427308354526758,0.9971789121627808,0.011330962181091309,-2.0651004314422607,0.1492171287536621,0.02052193693816662,0.33000001311302185,0.18078288435935974,-0.227911114692688,0.8661812543869019,1.0,0.13381874561309814,0.6458787322044373,0.0,0.6458787322044373,0.6794435381889343,0.6794435381889343,0.0,1.0,-18.119949340820312,1784745902.6565206,71.79479241371155,,39.54949406477138,2.7263644595160823,0.0,,False,1.087939739227295
407,0.009447404183447361,2.8464687602536287e-06,0.010379045270383358,0.0021979608573019505,1.2943721685587661e-06,0.001993454061448574,0.0009538229205645621,-11.156963348388672,0.823548436164856,0.0016035333974286914,0.8121509552001953,0.5051181316375732,0.00012202078505652025,0.5098425149917603,0.012337842956185341,-5.753591060638428,0.49715590476989746,3.318723611300811e-05,0.5004512667655945,0.0032953619956970215,-4.07412576675415,0.9625542163848877,0.0033981017768383026,0.9966758489608765,0.03412163257598877,-1.752016544342041,0.12747840583324432,0.014768756926059723,0.3296777307987213,0.202199324965477,0.19547510147094727,0.8621041774749756,1.0,0.13789582252502441,0.609423816204071,0.0,0.609423816204071,0.6355528235435486,0.6355528235435486,0.0,1.0,-17.796899795532227,1784745902.7618768,71.90014863014221,,38.209096938117106,3.6118994346873547,0.0,,False,1.087939739227295
408,0.009450937621295452,2.853947307812632e-06,0.009866626933217049,0.0022026696242392063,1.2973201819477254e-06,0.0018912700470536947,0.0005193912656977773,-11.255485534667969,0.8240107893943787,0.0016053098952397704,0.8154084086418152,0.5051016807556152,0.00012204986705910414,0.5099506974220276,0.009874913841485977,-5.765508651733398,0.4971736967563629,3.3145715860882774e-05,0.5004680156707764,0.003294318914413452,-4.074650287628174,0.9632351398468018,0.0034063791390508413,0.9965505599975586,0.033315420150756836,-1.7591967582702637,0.12655505537986755,0.014757905155420303,0.33000001311302185,0.2034449577331543,0.21324455738067627,0.8622094392776489,1.0,0.13779056072235107,0.6104252338409424,0.0,0.6104252338409424,0.6367706656455994,0.6367706656455994,0.0,1.0,-17.90521812438965,1784745902.8479795,71.98625135421753,,36.977018140320254,4.515203865768356,0.0,,False,1.087939739227295
409,0.009459870867431164,2.885429921661853e-06,0.008270369842648506,0.0022089509293437004,1.3109292922308668e-06,0.001594447996467352,0.0013388526858761907,-10.923219680786133,0.8250519037246704,0.0016134286997839808,0.817728579044342,0.5050438642501831,0.00012237080954946578,0.5099338293075562,0.008805841207504272,-5.766724586486816,0.4971792995929718,3.3210275432793424e-05,0.5005256533622742,0.003346353769302368,-4.068793296813965,0.9633198976516724,0.00343339960090816,0.9956163167953491,0.03229641914367676,-1.766264796257019,0.12554578483104706,0.014752869494259357,0.0,0.12554578483104706,-0.6550278067588806,0.8622803092002869,1.0,0.13771969079971313,0.6111109852790833,1.0,0.38888901472091675,0.6376042366027832,0.3623957633972168,0.0,1.0,-17.57099723815918,1784745902.9526806,72.09095239639282,,35.41071845629293,4.550235932709801,0.0,,False,1.087939739227295
410,0.009579440578818321,2.8836177534685703e-06,0.009991065599024296,0.002131389221176505,1.3280805433169007e-06,0.0019492078572511673,0.00045013907947577536,-11.264368057250977,0.8276388645172119,0.0016152685275301337,0.8205087184906006,0.5057271718978882,0.00012605838128365576,0.5098936557769775,0.008258242160081863,-5.781040191650391,0.4971165657043457,3.382838985999115e-05,0.5004643797874451,0.0033478140830993652,-4.062509059906006,0.9601923227310181,0.0035193576477468014,0.9945002794265747,0.03430795669555664,-1.738576889038086,0.08976773917675018,0.012869361788034439,0.0,0.08976773917675018,-0.9444355964660645,0.8536818027496338,1.0,0.1463181972503662,0.6471217274665833,1.0,0.35287827253341675,0.6809224486351013,0.3190775513648987,0.0,1.0,-17.920454025268555,1784745903.057076,72.1953477859497,,34.19387555937499,4.2958602099440615,0.0,,False,1.087939739227295
411,0.00964869000017643,2.8904826194775524e-06,0.010731058195233345,0.002069475594907999,1.3172918897907948e-06,0.0020978632383048534,0.001082740374840796,-11.106175422668457,0.831451416015625,0.0016090628923848271,0.823737621307373,0.5064771175384521,0.00012537521251942962,0.5094947218894958,0.00828302837908268,-5.815469741821289,0.4973517060279846,3.282242323621176e-05,0.5003141164779663,0.0029624104499816895,-4.109573841094971,0.9592452049255371,0.003505934728309512,0.9939345717430115,0.034689366817474365,-1.7360939979553223,0.06890562921762466,0.011359584517776966,0.0,0.06890562921762466,-1.1109223365783691,0.8317952156066895,1.0,0.16820478439331055,0.6420997977256775,1.0,0.3579002022743225,0.6749395132064819,0.32506048679351807,0.0,1.0,-17.813337326049805,1784745903.1515734,72.28984522819519,,32.86991596323829,3.8749977470660175,0.0,,False,1.087939739227295
412,0.009690805338323116,2.8714948712149635e-06,0.008648128248751163,0.002032568445429206,1.292100819227926e-06,0.001673730555921793,0.0011026967549696565,-11.082950592041016,0.8344390392303467,0.0015863089356571436,0.8260439038276672,0.5072663426399231,0.00012330208846833557,0.5092042684555054,0.008615907281637192,-5.848288536071777,0.4975702166557312,3.144917354802601e-05,0.4999738335609436,0.0024036169052124023,-4.1727776527404785,0.9602551460266113,0.003486128756776452,0.9932180047035217,0.0329628586769104,-1.7547039985656738,0.05254653841257095,0.010373055934906006,0.0,0.05254653841257095,-1.2322413921356201,0.8118865489959717,1.0,0.18811345100402832,0.6375669240951538,1.0,0.3624330759048462,0.6695220470428467,0.3304779529571533,0.0,1.0,-17.847970962524414,1784745903.2484636,72.38673543930054,,31.580590003576205,3.3328162286307226,0.0,,False,1.087939739227295
413,0.009731722064316273,2.8674262466665823e-06,0.010229780338704586,0.0020229974761605263,1.2717952131424681e-06,0.0019825445488095284,0.0004996983916498721,-11.286811828613281,0.8380603790283203,0.0015560296596959233,0.8288484215736389,0.5080291628837585,0.00012082706962246448,0.5069671869277954,0.009272969327867031,-5.873571872711182,0.49774861335754395,3.0136556233628653e-05,0.49993038177490234,0.0021817684173583984,-4.206971645355225,0.9637707471847534,0.003492345567792654,0.9920147657394409,0.0282440185546875,-1.7954418659210205,0.04056204855442047,0.009736141189932823,0.0,0.04056204855442047,-1.3125232458114624,0.7991235852241516,1.0,0.2008764147758484,0.6344696879386902,1.0,0.3655303120613098,0.6658112406730652,0.3341887593269348,0.0,1.0,-18.089155197143555,1784745903.3525598,72.49083161354065,,30.53244827853326,2.7103528565195854,0.0,,False,1.087939739227295
414,0.009752651676535606,2.8206161459820578e-06,0.010230934247374535,0.0020349365659058094,1.2367703448035172e-06,0.001988012110814452,0.0004805789503734559,-11.311463356018066,0.840707004070282,0.0015202421927824616,0.8321681618690491,0.5086833834648132,0.00011777039617300034,0.5060386657714844,0.00893903523683548,-5.876276969909668,0.4978801906108856,2.8804310204577632e-05,0.5000757575035095,0.0021955668926239014,-4.22487735748291,0.9682958126068115,0.0035011537838727236,0.9913366436958313,0.023040831089019775,-1.8325778245925903,0.03156668692827225,0.00930036511272192,0.0,0.03156668692827225,-1.366341471672058,0.7917894124984741,1.0,0.20821058750152588,0.632284939289093,1.0,0.367715060710907,0.6631892919540405,0.3368107080459595,0.0,1.0,-18.124923706054688,1784745903.446692,72.58496379852295,,29.520075062401446,2.0340712585478524,0.0,,False,1.087939739227295
415,0.009764134883880615,2.7826019959320547e-06,0.008510761894285679,0.002058877144008875,1.2071437822669395e-06,0.0016429979586973786,0.0013205677969381213,-11.01789379119873,0.8431273698806763,0.0014915321953594685,0.8345490097999573,0.5091968774795532,0.0001148511582869105,0.5080443620681763,0.008655435405671597,-5.921584129333496,0.49797356128692627,2.7665288143907674e-05,0.5001305341720581,0.002156972885131836,-4.244641304016113,0.9727307558059692,0.0035329230595380068,0.9901942610740662,0.017463505268096924,-1.8607146739959717,0.024663574993610382,0.009027508087456226,0.0,0.024663574993610382,-1.4011099338531494,0.7885061502456665,1.0,0.2114938497543335,0.6310456395149231,1.0,0.3689543604850769,0.6617005467414856,0.3382994532585144,0.0,1.0,-17.87748146057129,1784745903.5530248,72.69129657745361,,28.260259600786235,1.323021198395028,0.0,,False,1.087939739227295
416,0.009763923473656178,2.7391665753384586e-06,0.010566090233623981,0.0020902000833302736,1.1752027830880252e-06,0.0020352185238152742,0.00080404884647578,-11.27434253692627,0.8453588485717773,0.0014670168748125434,0.8374185562133789,0.5096213817596436,0.0001117573119699955,0.5061610341072083,0.008661538362503052,-5.8989152908325195,0.49807268381118774,2.6491019525565207e-05,0.5000700354576111,0.00199735164642334,-4.275116443634033,0.9783884286880493,0.0036116393748670816,0.9871307015419006,0.008742272853851318,-1.882277488708496,0.0183965265750885,0.008775369264185429,0.0,0.0183965265750885,-1.429681658744812,0.7872278094291687,1.0,0.2127721905708313,0.6277099847793579,1.0,0.3722900152206421,0.6576876044273376,0.34231239557266235,0.0,1.0,-18.131032943725586,1784745903.647955,72.78622674942017,,27.25399562232532,0.5833994133505409,0.0,,False,1.087939739227295
417,0.009759655222296715,2.6972365958499722e-06,0.010124458000063896,0.0021147774532437325,1.144805423791695e-06,0.001951688784174621,0.0003995985316578299,-11.377614974975586,0.847112774848938,0.001448591472581029,0.840275764465332,0.5099121928215027,0.00010920578642981127,0.5048619508743286,0.008499979972839355,-5.858933448791504,0.4981602132320404,2.5447407097090036e-05,0.5001376271247864,0.0019774138927459717,-4.2936811447143555,0.9822515249252319,0.0036865908186882734,0.9836130738258362,0.001361548900604248,-1.8823366165161133,0.012949414551258087,0.008593300357460976,0.0,0.012949414551258087,-1.449690818786621,0.785462498664856,1.0,0.21453750133514404,0.6246882677078247,1.0,0.3753117322921753,0.6540455222129822,0.3459544777870178,0.0,1.0,-18.21160316467285,1784745903.7753088,72.91358065605164,,26.32830186481167,0.0,0.0,,False,1.087939739227295
418,0.009766784496605396,2.6828647605725564e-06,0.010355274192988873,0.002145532751455903,1.1182186199221178e-06,0.0019920968916267157,0.00060816336190328,-11.353252410888672,0.8508708477020264,0.001436913851648569,0.8435551524162292,0.510165274143219,0.00010636153456289321,0.5061044096946716,0.008367199450731277,-5.91294002532959,0.4982941150665283,2.4215107259806246e-05,0.5002497434616089,0.0019556283950805664,-4.316359519958496,0.9848684072494507,0.0038314317353069782,0.9801766276359558,0.004691779613494873,-1.8604470491409302,0.00892629474401474,0.008446671068668365,0.0,0.00892629474401474,-1.4633363485336304,0.7824794054031372,1.0,0.2175205945968628,0.6170510649681091,1.0,0.38294893503189087,0.6448122262954712,0.3551877737045288,0.0,1.0,-18.241785049438477,1784745903.8590639,72.99733567237854,,25.432789992063647,0.0,0.0,,False,1.087939739227295
419,0.009776432067155838,2.6736072413768852e-06,0.008622350171208382,0.00217291247099638,1.0877936347242212e-06,0.0016612788895145059,0.0012624079827219248,-11.074438095092773,0.8556509017944336,0.0014296846929937601,0.8458719849586487,0.5103849172592163,0.00010349086369387805,0.5062346458435059,0.01062318030744791,-5.908624649047852,0.4985019564628601,2.281377965118736e-05,0.5002764463424683,0.0017744898796081543,-4.356122970581055,0.9864838123321533,0.004061313346028328,0.972198486328125,0.01428532600402832,-1.8090622425079346,0.005176365375518799,0.008283261209726334,0.0,0.005176365375518799,-1.4762033224105835,0.7788757085800171,1.0,0.2211242914199829,0.6052493453025818,1.0,0.3947506546974182,0.6304697394371033,0.36953026056289673,0.0,1.0,-17.979400634765625,1784745903.954393,73.09266471862793,,24.27489370464277,0.0,0.0,,False,1.087939739227295
420,0.009786104783415794,2.6915583930531284e-06,0.010505405254662037,0.002195296809077263,1.0664111869118642e-06,0.002018145751208067,0.0007407939410768449,-11.339594841003418,0.8607094287872314,0.0014421907253563404,0.84856778383255,0.5105763673782349,0.00010092530283145607,0.5053180456161499,0.013231382705271244,-5.845392227172852,0.4988085627555847,2.156006303266622e-05,0.5002620816230774,0.0014535188674926758,-4.404399394989014,0.9833889007568359,0.004451140761375427,0.9142835140228271,0.06910538673400879,-1.2519171237945557,0.0026242882013320923,0.008160453289747238,0.0,0.0026242882013320923,-1.4848672151565552,0.7767537236213684,1.0,0.2232462763786316,0.5922293663024902,1.0,0.40777063369750977,0.6145517826080322,0.3854482173919678,0.0,1.0,-18.218109130859375,1784745904.059317,73.19758892059326,,23.355705913315646,0.0,0.0,,False,1.087939739227295
421,0.009788536466658115,2.7599578515946632e-06,0.011662240140140057,0.002202940871939063,1.074804345080338e-06,0.0022420275490731,0.0018741113599389791,-10.79722785949707,0.8642425537109375,0.0014946484006941319,0.851449728012085,0.5109208822250366,0.00010034321167040616,0.5060489773750305,0.013689113780856133,-5.845493316650391,0.49919015169143677,2.103696715494152e-05,0.5002822875976562,0.0010921359062194824,-4.437326431274414,0.9632447957992554,0.005096718668937683,0.9635930061340332,0.00034821033477783203,-1.7206288576126099,0.0024341046810150146,0.008321352303028107,0.0,0.0024341046810150146,-1.4751707315444946,0.783302903175354,1.0,0.216697096824646,0.5939455032348633,1.0,0.4060544967651367,0.616655170917511,0.383344829082489,0.0,1.0,-17.69228744506836,1784745904.1537008,73.29197263717651,,21.910696436197505,0.0,0.0,,False,1.087939739227295
422,0.009807392954826355,2.7809260245703626e-06,0.00887428130954504,0.002205322263762355,1.077240312952199e-06,0.0017145582241937518,0.0010542991803959012,-11.160701751708984,0.8648757338523865,0.0015161349438130856,0.8529804348945618,0.5109789371490479,9.949564991984516e-05,0.5062109231948853,0.012815306894481182,-5.854706764221191,0.4991993010044098,2.0861101802438498e-05,0.5003396272659302,0.0011403262615203857,-4.438706874847412,0.9574571847915649,0.00526635954156518,0.9640153050422668,0.006558120250701904,-1.7001861333847046,0.00013765692710876465,0.008472487330436707,0.0,0.00013765692710876465,-1.4665260314941406,0.7837625741958618,1.0,0.21623742580413818,0.5915617942810059,1.0,0.40843820571899414,0.6137332320213318,0.3862667679786682,0.0,1.0,-18.063819885253906,1784745904.259123,73.39739489555359,,20.83721939926491,0.0,0.0,,False,1.087939739227295
423,0.009810958988964558,2.8241188374522608e-06,0.010441464371979237,0.002207195619121194,1.0892769068959751e-06,0.0020327295642346144,0.0006541982875205576,-11.33142375946045,0.8650693893432617,0.0015604464570060372,0.8558511137962341,0.5111383199691772,9.883884195005521e-05,0.5051769614219666,0.010977905243635178,-5.797519683837891,0.4992973804473877,2.085420419462025e-05,0.5003898739814758,0.0010924935340881348,-4.441422462463379,0.9473437070846558,0.005592389963567257,0.9649703502655029,0.017626643180847168,-1.6464569568634033,-0.0022580474615097046,0.008892601355910301,0.0,0.0022580474615097046,-1.442042589187622,0.789158284664154,1.0,0.21084171533584595,0.5944591760635376,1.0,0.4055408239364624,0.6172844767570496,0.38271552324295044,0.0,1.0,-18.19015121459961,1784745904.343119,73.48139071464539,,19.89007369167802,0.0,0.0,,False,1.087939739227295
424,0.009822658263146877,2.8891811325593153e-06,0.008629372343420982,0.00221032602712512,1.1082361197622959e-06,0.0016775329131633043,0.001306828111410141,-11.021265029907227,0.8657270669937134,0.0016025634249672294,0.8582065105438232,0.5113181471824646,9.863228478934616e-05,0.5058916211128235,0.00927393976598978,-5.8253302574157715,0.4993484318256378,2.096392199746333e-05,0.5002760291099548,0.0009275972843170166,-4.446893692016602,0.9360916614532471,0.005838864017277956,0.966632068157196,0.030540406703948975,-1.572799563407898,-0.0047752708196640015,0.00952818151563406,0.0,0.0047752708196640015,-1.4066156148910522,0.7933927774429321,1.0,0.20660722255706787,0.6009181141853333,1.0,0.39908188581466675,0.625184953212738,0.37481504678726196,0.0,1.0,-17.90497589111328,1784745904.4478812,73.58615303039551,,18.6577526606048,0.0,0.0,,False,1.087939739227295
425,0.0098350141197443,2.9575346616184106e-06,0.010537809692323208,0.002204423537477851,1.126112920246669e-06,0.0020513117779046297,0.0007192807388491929,-11.282157897949219,0.8656034469604492,0.0016366774216294289,0.8611352443695068,0.5114404559135437,9.87519888440147e-05,0.505422830581665,0.007495108526200056,-5.791669845581055,0.4993290901184082,2.1093432224006392e-05,0.5000432729721069,0.0007141828536987305,-4.452245712280273,0.9261962175369263,0.005994122941046953,0.967719554901123,0.04152333736419678,-1.495726227760315,-0.0075886547565460205,0.01032607164233923,0.0,0.0075886547565460205,-1.3648147583007812,0.7960054874420166,1.0,0.2039945125579834,0.6104418039321899,1.0,0.38955819606781006,0.6367907524108887,0.36320924758911133,0.0,1.0,-18.141616821289062,1784745904.5539186,73.69219040870667,,17.66207255970736,0.0,0.0,,False,1.087939739227295
426,0.009849203750491142,3.036964699276723e-06,0.011049975641071796,0.0022005480714142323,1.1466261184978066e-06,0.002141381846740842,0.0012022287119179964,-11.11488151550293,0.865493655204773,0.0016623253468424082,0.8644256591796875,0.5114820599555969,9.922770550474524e-05,0.5054724216461182,0.00610379921272397,-5.788610935211182,0.4992641806602478,2.1250947611406446e-05,0.5000174045562744,0.0007532238960266113,-4.447267532348633,0.9181797504425049,0.00610568979755044,0.9689971804618835,0.05081743001937866,-1.418852686882019,-0.010866150259971619,0.011255919001996517,0.0,0.010866150259971619,-1.3192471265792847,0.7967287302017212,1.0,0.2032712697982788,0.6206977963447571,1.0,0.3793022036552429,0.6492261290550232,0.3507738709449768,0.0,1.0,-17.969404220581055,1784745904.6588495,73.79712128639221,,16.494179858101916,0.0,0.0,,False,1.087939739227295
427,0.009868611581623554,3.149453732476104e-06,0.008785591460764408,0.002196132205426693,1.1764514056267217e-06,0.001697954023256898,0.0011921048862859607,-11.031076431274414,0.8657598495483398,0.0016945896204560995,0.8668466210365295,0.5116189122200012,9.991881233872846e-05,0.5055344104766846,0.0061807953752577305,-5.772252082824707,0.4992377758026123,2.151563785446342e-05,0.5000290274620056,0.0007912516593933105,-4.439877510070801,0.906775712966919,0.006241343449801207,0.9701749086380005,0.06339919567108154,-1.297338843345642,-0.013732582330703735,0.012760068289935589,0.0,0.013732582330703735,-1.2543890476226807,0.7971341609954834,1.0,0.2028658390045166,0.6334250569343567,1.0,0.3665749430656433,0.6645581126213074,0.3354418873786926,0.0,1.0,-17.868816375732422,1784745904.7437966,73.88206839561462,,15.225699311647837,0.0,0.0,,False,1.087939739227295
428,0.009891403838992119,3.2783934784674784e-06,0.010833765380084515,0.0021831337362527847,1.207886043630424e-06,0.0020723615307360888,0.0009488497162237763,-11.149002075195312,0.8658324480056763,0.0017267719376832247,0.8697903752326965,0.5118086338043213,0.00010053207370219752,0.5059407949447632,0.00707790395244956,-5.7696075439453125,0.4992331862449646,2.1791935068904422e-05,0.5000396966934204,0.0008065104484558105,-4.433122158050537,0.8928226232528687,0.006354611366987228,0.9709545373916626,0.07813191413879395,-1.1300208568572998,-0.016166478395462036,0.014959781430661678,0.0,0.016166478395462036,-1.1735210418701172,0.7975733280181885,1.0,0.20242667198181152,0.6499207615852356,1.0,0.3500792384147644,0.6842480897903442,0.31575191020965576,0.0,1.0,-17.98124885559082,1784745904.8501065,73.9883782863617,,14.069651245052157,0.0,0.0,,False,1.087939739227295
429,0.009907972067594528,3.4017302823485807e-06,0.010736499913036823,0.0021729138679802418,1.2371471029837267e-06,0.0020618047565221786,0.0008359447820112109,-11.153199195861816,0.8654588460922241,0.001748028676956892,0.8727400898933411,0.5118908882141113,0.00010130855662282556,0.5106180906295776,0.007391652557998896,-5.912266254425049,0.49918749928474426,2.2056969100958668e-05,0.5001294016838074,0.0009419023990631104,-4.421891212463379,0.8812742233276367,0.006457465700805187,0.9619418382644653,0.08066761493682861,-1.0984647274017334,-0.0196487158536911,0.017685221508145332,0.0,0.0196487158536911,-1.0876593589782715,0.7977392673492432,1.0,0.20226073265075684,0.6662563681602478,1.0,0.3337436318397522,0.7035221457481384,0.2964778542518616,0.0,1.0,-18.093957901000977,1784745904.944892,74.08316373825073,,13.026312223866633,0.0,0.0,,False,1.087939739227295
430,0.009935268200933933,3.565024371710024e-06,0.010669739916920662,0.002158146584406495,1.2745587127938052e-06,0.0020352827850729227,0.0007446772651746869,-11.139167785644531,0.8656703233718872,0.001769578899256885,0.8759453296661377,0.5120954513549805,0.00010202039266005158,0.5100373029708862,0.010479109361767769,-5.875207901000977,0.4992032051086426,2.238609522464685e-05,0.5002825260162354,0.0010793209075927734,-4.4085774421691895,0.8645015954971313,0.006576777435839176,0.9494874477386475,0.08498585224151611,-1.0440683364868164,-0.022587701678276062,0.02158438228070736,0.0,0.022587701678276062,-0.9871353507041931,0.7977848052978516,1.0,0.20221519470214844,0.6860995888710022,1.0,0.3139004111289978,0.7265986800193787,0.27340131998062134,0.0,1.0,-18.043622970581055,1784745905.0515656,74.18983745574951,,11.932638272261187,0.0,0.0,,False,1.087939739227295
431,0.00995239894837141,3.6524124880088493e-06,0.009861051104962826,0.0021317792125046253,1.2878747384093003e-06,0.0018937906716018915,0.0002549175696913153,-11.18031120300293,0.8646513223648071,0.0017704000929370522,0.8779826760292053,0.5123924612998962,0.00010172227484872565,0.5082080364227295,0.013972630724310875,-5.790771484375,0.4992804527282715,2.2553957023774274e-05,0.5003320574760437,0.0010516047477722168,-4.406345367431641,0.8422958850860596,0.006647166796028614,0.9271796941757202,0.08488380908966064,-1.0458638668060303,-0.02492736279964447,0.02689717710018158,0.0,0.02492736279964447,-0.8773775100708008,0.800956666469574,1.0,0.19904333353042603,0.7059148550033569,1.0,0.29408514499664307,0.749234139919281,0.250765860080719,0.0,1.0,-18.016101837158203,1784745905.147034,74.2853057384491,,10.81144318723289,0.0,0.0,,False,1.087939739227295
432,0.009953188709914684,3.6939884466846706e-06,0.010811909101903439,0.002108215354382992,1.2899092780571664e-06,0.002092331647872925,0.0008588673081248999,-11.097084999084473,0.8631022572517395,0.0017568994080647826,0.8805418610572815,0.5126041173934937,0.00010067500988952816,0.5113669037818909,0.017483433708548546,-5.841874122619629,0.49937474727630615,2.2565980543731712e-05,0.5002983808517456,0.0009236335754394531,-4.4116926193237305,0.8164986371994019,0.006710699759423733,0.891799807548523,0.0753011703491211,-1.1606080532073975,-0.028343454003334045,0.033758170902729034,0.0,0.028343454003334045,-0.7634292840957642,0.8097290396690369,1.0,0.19027096033096313,0.7287150621414185,1.0,0.27128493785858154,0.7747172117233276,0.22528278827667236,0.0,1.0,-17.976430892944336,1784745905.2520957,74.39036750793457,,9.650577157990725,0.0,0.0,,False,1.087939739227295
433,0.009941593743860722,3.669801571959397e-06,0.008922448381781578,0.0020820689387619495,1.2713392152363667e-06,0.001732796779833734,0.0010773338144645095,-11.018037796020508,0.8613536357879639,0.001723283901810646,0.8820254802703857,0.5129266977310181,9.812029747990891e-05,0.5070666074752808,0.02148640900850296,-5.65956449508667,0.4995289444923401,2.2336089386953972e-05,0.5000969171524048,0.0005679726600646973,-4.428493499755859,0.7773131132125854,0.006708799861371517,0.8555265069007874,0.0782133936882019,-1.1273105144500732,-0.030765309929847717,0.04290054365992546,0.0,0.030765309929847717,-0.644465446472168,0.8214057087898254,1.0,0.17859429121017456,0.7487804889678955,1.0,0.2512195110321045,0.7965952157974243,0.20340478420257568,0.0,1.0,-17.759937286376953,1784745905.35707,74.49534177780151,,8.273217522181177,0.045594427228156986,0.0,,False,1.087939739227295
434,0.009897884912788868,3.539290901244385e-06,0.011099893599748611,0.002063697436824441,1.222894411512243e-06,0.0021648614201694727,0.001206258311867714,-11.036764144897461,0.859350323677063,0.0016688291216269135,0.8832105994224548,0.5131300687789917,9.37585937208496e-05,0.506400465965271,0.024791134521365166,-5.585248947143555,0.4996126592159271,2.1540796296903864e-05,0.499910831451416,0.0002981722354888916,-4.451778411865234,0.7276206016540527,0.006563122384250164,0.8014441132545471,0.07382351160049438,-1.1790140867233276,-0.03236953914165497,0.053534459322690964,0.0,0.03236953914165497,-0.5349901914596558,0.8368945717811584,1.0,0.16310542821884155,0.7631954550743103,1.0,0.2368045449256897,0.8119680881500244,0.18803191184997559,0.0,1.0,-17.730852127075195,1784745905.463006,74.60127782821655,,6.866772727069872,0.20066410946882618,0.0,,False,1.087939739227295
435,0.00982352253049612,3.4267543469468364e-06,0.01078776828944683,0.0020895993802696466,1.1789290965680266e-06,0.002086371649056673,0.0009642511722631752,-11.143855094909668,0.8584439754486084,0.001624202006496489,0.8836970925331116,0.513013482093811,8.987107867142186e-05,0.5071835517883301,0.025917330756783485,-5.646648406982422,0.49943697452545166,2.0466899513849057e-05,0.49982717633247375,0.0003902018070220947,-4.475692272186279,0.667618989944458,0.006412485148757696,0.7624088525772095,0.09478986263275146,-0.9052201509475708,-0.03358648717403412,0.06601554155349731,0.0,0.03358648717403412,-0.43145012855529785,0.8520849943161011,1.0,0.14791500568389893,0.7661731839179993,1.0,0.23382681608200073,0.8151057362556458,0.18489426374435425,0.0,1.0,-17.899019241333008,1784745905.5472038,74.68547558784485,,5.628495046216379,0.4592738546138533,0.0,,False,1.087939739227295
436,0.009759289212524891,3.3872829590109177e-06,0.011419510468840599,0.0021391126792877913,1.1566601187951164e-06,0.0022116554901003838,0.001661805436015129,-10.885711669921875,0.8587981462478638,0.001603035256266594,0.8831799030303955,0.5128456950187683,8.700503531144932e-05,0.5026914477348328,0.026411717757582664,-5.276858806610107,0.4990825057029724,1.9387784050195478e-05,0.4999184012413025,0.0008358955383300781,-4.488475322723389,0.6103554964065552,0.006237161345779896,0.7000795602798462,0.08972406387329102,-0.9743182063102722,-0.03032904863357544,0.08001624047756195,0.0,0.03032904863357544,-0.3380763530731201,0.8583627939224243,1.0,0.14163720607757568,0.7450230121612549,1.0,0.2549769878387451,0.792539656162262,0.20746034383773804,0.0,1.0,-17.351436614990234,1784745905.6546633,74.79293513298035,,5.7242069071174555,0.8112573752410581,0.0,,False,1.087939739227295
437,0.009664357639849186,3.433910933381412e-06,0.008899298496544361,0.002212163293734193,1.1591472457439522e-06,0.0017099514370784163,0.0009151678532361984,-11.092921257019043,0.8581047058105469,0.0016059272456914186,0.8822800517082214,0.512525200843811,8.552560757379979e-05,0.5043156743049622,0.025531228631734848,-5.486518859863281,0.4986341595649719,1.8463493688614108e-05,0.49993711709976196,0.001302957534790039,-4.484944820404053,0.5537508726119995,0.0061689564026892185,0.6498845219612122,0.09613364934921265,-0.8761270046234131,-0.02108152210712433,0.09841953217983246,0.0,0.02108152210712433,-0.23806165158748627,0.8605856895446777,1.0,0.13941431045532227,0.7006032466888428,1.0,0.2993967533111572,0.7432090640068054,0.2567909359931946,0.0,1.0,-17.724607467651367,1784745905.7388823,74.87715411186218,,6.136896361652589,1.2632555973538968,0.0,,False,1.087939739227295
438,0.009579699486494064,3.4910981412394904e-06,0.010967391543090343,0.0022424047347158194,1.1601383675952093e-06,0.002096043433994055,0.0013953890884295106,-10.993223190307617,0.8555388450622559,0.0016225960571318865,0.8804468512535095,0.5124536752700806,8.198363502742723e-05,0.5056599378585815,0.02581789530813694,-5.605815887451172,0.49839767813682556,1.729168616293464e-05,0.499846875667572,0.00144919753074646,-4.5029754638671875,0.5138243436813354,0.0060537271201610565,0.5987569689750671,0.08493262529373169,-1.0388081073760986,-0.00383894145488739,0.12058155238628387,0.0,0.00383894145488739,-0.13871483504772186,0.8454521298408508,1.0,0.15454787015914917,0.6141117811203003,1.0,0.3858882188796997,0.6412484049797058,0.3587515950202942,0.0,1.0,-17.7293643951416,1784745905.8444886,74.98276042938232,,6.544828888697488,1.8146006360065,0.0,,False,1.087939739227295
439,0.00950611475855112,3.5406203551247017e-06,0.010851802304387093,0.0022488527465611696,1.1515547839735518e-06,0.0020867055281996727,0.0013554212637245655,-11.007781028747559,0.8513333797454834,0.001638603862375021,0.8769899010658264,0.5130634903907776,7.817811274435371e-05,0.5054986476898193,0.0267485324293375,-5.5304765701293945,0.49858513474464417,1.6327818229910918e-05,0.49988147616386414,0.0012963414192199707,-4.540920257568359,0.4895915389060974,0.005964335519820452,0.5445442795753479,0.05495274066925049,-1.388885259628296,0.021796613931655884,0.14902770519256592,0.0,0.021796613931655884,-0.0312790609896183,0.8186201453208923,1.0,0.18137985467910767,0.49807417392730713,1.0,0.5019258260726929,0.4975927174091339,0.5024073123931885,0.0,1.0,-17.702621459960938,1784745905.9509284,75.089200258255,,6.979504350923051,2.4733814487172063,0.0,,False,1.087939739227295
440,0.009451834484934807,3.459922481852118e-06,0.008930717594921589,0.002252322155982256,1.1146131555506145e-06,0.0017081425758078694,0.000753454864025116,-11.130672454833984,0.8474348783493042,0.0016112200682982802,0.8728469014167786,0.5126901268959045,7.674605149077252e-05,0.5054155588150024,0.02643274888396263,-5.5698418617248535,0.49839457869529724,1.6087800759123638e-05,0.4999152421951294,0.0015206634998321533,-4.52791690826416,0.4813019633293152,0.005781128071248531,0.5001221299171448,0.01882016658782959,-1.6270055770874023,0.03858304023742676,0.15135300159454346,0.0,0.03858304023742676,-0.020213890820741653,0.8064212799072266,1.0,0.19357872009277344,0.4536651372909546,1.0,0.5463348627090454,0.4421747326850891,0.5578252673149109,0.0,1.0,-17.85050392150879,1784745906.057123,75.19539475440979,,7.2662973516007625,3.14322743159679,0.0,,False,1.087939739227295
441,0.009389969520270824,3.3542899018357275e-06,0.011344426311552525,0.002249544020742178,1.0739537401605048e-06,0.002184601267799735,0.0019555354956537485,-10.765470504760742,0.8428142666816711,0.0015862596919760108,0.8646121621131897,0.5123629570007324,7.54597203922458e-05,0.5054290890693665,0.022874150425195694,-5.662926197052002,0.4983038902282715,1.5893385352683254e-05,0.4998985528945923,0.0015946626663208008,-4.525864601135254,0.4758165180683136,0.005639559589326382,0.4691179394721985,0.006698578596115112,-1.6660579442977905,0.0563533753156662,0.1534867137670517,0.0,0.0563533753156662,-0.0077868858352303505,0.7913681268692017,1.0,0.20863187313079834,0.4051172137260437,1.0,0.5948827862739563,0.3821966350078583,0.6178033351898193,0.0,1.0,-17.558744430541992,1784745906.1421044,75.28037619590759,,7.844849843245271,3.8255004194618847,0.0,,False,1.087939739227295
442,0.009341523051261902,3.2559260034759063e-06,0.009140503592789173,0.002244714880362153,1.0370579275331693e-06,0.0017492506885901093,0.0005346901598386467,-11.244638442993164,0.8385159373283386,0.0015626077074557543,0.8573830723762512,0.5122900009155273,7.439210457960144e-05,0.5054305791854858,0.020075369626283646,-5.71575927734375,0.49830177426338196,1.5806012015673332e-05,0.4998572766780853,0.0015555024147033691,-4.532081604003906,0.4724544882774353,0.005535223055630922,0.42875781655311584,0.04369667172431946,-1.5068960189819336,0.07349972426891327,0.15597102046012878,0.0,0.07349972426891327,0.007213989272713661,0.7781335711479187,1.0,0.2218664288520813,0.3613717257976532,1.0,0.6386282444000244,0.32920798659324646,0.6707919836044312,0.0,1.0,-18.08328628540039,1784745906.2465248,75.38479661941528,,7.898860480031381,4.5227742824349235,0.0,,False,1.087939739227295
443,0.009252875111997128,3.130496224912349e-06,0.010421126149594784,0.0022459400352090597,9.962511740013724e-07,0.002008135197684169,0.0011922087287530303,-11.162548065185547,0.8323347568511963,0.0015453047817572951,0.846653401851654,0.5121185779571533,7.340185402426869e-05,0.5056126713752747,0.01572737842798233,-5.803510665893555,0.49839046597480774,1.574822817929089e-05,0.4997308850288391,0.001340419054031372,-4.553407192230225,0.468361496925354,0.0054811229929327965,0.40840035676956177,0.059961140155792236,-1.356309413909912,0.0941634476184845,0.15501530468463898,0.0,0.0941634476184845,0.01542239636182785,0.7626670002937317,1.0,0.2373329997062683,0.313576340675354,1.0,0.686423659324646,0.2730276882648468,0.7269723415374756,0.0,1.0,-18.082059860229492,1784745906.361542,75.49981379508972,,7.954097541988389,5.2282565524970765,0.0,,False,1.087939739227295
444,0.009185432456433773,3.0162027542246506e-06,0.010521617718040943,0.0022424422204494476,9.570620704835164e-07,0.002029527211561799,0.001353042433038354,-11.127927780151367,0.8269048929214478,0.0015253900783136487,0.8340997099876404,0.5122301578521729,7.224965520435944e-05,0.5098044872283936,0.0075927115976810455,-6.114879608154297,0.49854257702827454,1.5741776223876514e-05,0.4997047483921051,0.0011621713638305664,-4.567757606506348,0.46671468019485474,0.0054278201423585415,0.3967662751674652,0.06994840502738953,-1.2384570837020874,0.11586661636829376,0.15619845688343048,0.0,0.11586661636829376,0.03359895572066307,0.746834397315979,1.0,0.253165602684021,0.2695581912994385,1.0,0.7304418087005615,0.22337916493415833,0.7766208648681641,0.0,1.0,-18.3037109375,1784745906.4459574,75.58422923088074,,7.78768352667489,5.951915381918065,0.041485795095942524,,False,1.087939739227295
445,0.009080327115952969,2.8612905680347467e-06,0.011657672002911568,0.0022434513084590435,9.083491931960452e-07,0.0022437756415456533,0.002577344886958599,-10.339271545410156,0.8193673491477966,0.0015064072795212269,0.8143444657325745,0.5122683048248291,7.102981180651113e-05,0.5121569633483887,0.0050241174176335335,-6.17888069152832,0.4987431466579437,1.573725967318751e-05,0.4995272159576416,0.000784069299697876,-4.591269016265869,0.4643426835536957,0.005415452178567648,0.3918372094631195,0.07250547409057617,-1.2049363851547241,0.14354652166366577,0.15414410829544067,0.0,0.14354652166366577,0.05084361881017685,0.7284601926803589,1.0,0.2715398073196411,0.2234569936990738,1.0,0.7765430212020874,0.17407162487506866,0.8259283900260925,0.0,1.0,-17.57801055908203,1784745906.551252,75.68952369689941,,8.34696988977936,6.692818874428567,0.12907280269341093,,False,1.087939739227295
446,0.00897778756916523,2.7029959710489493e-06,0.008131167851388454,0.0022402238100767136,8.567998861508386e-07,0.001549554173834622,0.0010926068061962724,-11.14676570892334,0.8115763664245605,0.0014829111751168966,0.8034012317657471,0.5124294757843018,6.968531670281664e-05,0.509937584400177,0.008546481840312481,-6.137668609619141,0.49898409843444824,1.576432623551227e-05,0.4994700849056244,0.00048598647117614746,-4.602450847625732,0.4627256989479065,0.00540149724110961,0.4077129364013672,0.05501276254653931,-1.4114559888839722,0.17753508687019348,0.1520303189754486,0.0,0.17753508687019348,0.08076013624668121,0.70602947473526,1.0,0.29397052526474,0.17864742875099182,1.0,0.8213526010513306,0.1293269544839859,0.8706730604171753,0.0,1.0,-18.358125686645508,1784745906.6577127,75.79598450660706,,8.126141125320352,7.463638884375573,0.2614693901401225,,False,1.087939739227295
447,0.008874194696545601,2.5537658530083718e-06,0.008699900470674038,0.0022296274546533823,8.08762194992596e-07,0.0016701585846021771,0.0005859896773472428,-11.41551685333252,0.8034936189651489,0.0014625269686803222,0.7950707077980042,0.5123738050460815,6.860958819743246e-05,0.5126110315322876,0.008426251821219921,-6.1947922706604,0.49912795424461365,1.5848898328840733e-05,0.49959373474121094,0.00046578049659729004,-4.600421905517578,0.4602367877960205,0.005392755381762981,0.42032313346862793,0.03991365432739258,-1.544703483581543,0.21597471833229065,0.15095175802707672,0.0,0.21597471833229065,0.12804429233074188,0.6807772517204285,1.0,0.31922274827957153,0.14097432792186737,1.0,0.8590256571769714,0.0945737361907959,0.9054262638092041,0.0,1.0,-18.67156219482422,1784745906.7421653,75.88043713569641,,7.591875852682634,8.28174305040664,0.4315390337124748,,False,1.087939739227295
448,0.008806022815406322,2.4214300538005773e-06,0.009814423508942127,0.0022051450796425343,7.616712309754803e-07,0.0018888491904363036,0.0010568419238552451,-11.395927429199219,0.7965420484542847,0.0014348563272505999,0.782228946685791,0.5124817490577698,6.736117938999087e-05,0.5092722177505493,0.014668537303805351,-6.090338706970215,0.4992220401763916,1.596910624357406e-05,0.49967870116233826,0.0004566609859466553,-4.596959114074707,0.4608902633190155,0.005337770562618971,0.4392167329788208,0.021673530340194702,-1.6535334587097168,0.257392942905426,0.15075995028018951,0.0,0.257392942905426,0.19262917339801788,0.6507512331008911,1.0,0.3492487668991089,0.10878743976354599,1.0,0.8912125825881958,0.06729619204998016,0.9327037930488586,0.0,1.0,-18.56667709350586,1784745906.8473077,75.98557949066162,,7.162495681363275,9.164432097504982,0.6337956026960518,,False,1.087939739227295
449,0.008740802295506,2.2829919998912374e-06,0.007897010073065758,0.0021814415231347084,7.127164280973375e-07,0.0015359838725998998,0.0010623562848195434,-11.286020278930664,0.7894085645675659,0.0014061101246625185,0.7739987373352051,0.5124552845954895,6.605569797102362e-05,0.5034756660461426,0.017835255712270737,-5.5633087158203125,0.4992527365684509,1.605185570952017e-05,0.49958154559135437,0.0003288090229034424,-4.597536563873291,0.4614613652229309,0.005292429123073816,0.4559211730957031,0.005540192127227783,-1.6989006996154785,0.3013443946838379,0.14958471059799194,0.0,0.3013443946838379,0.2725274860858917,0.6189736127853394,1.0,0.38102638721466064,0.08288345485925674,1.0,0.9171165227890015,0.047211796045303345,0.952788233757019,0.0,1.0,-18.035436630249023,1784745906.9520037,76.09027552604675,,7.264355973300752,10.127019457291198,0.8619561118804344,,False,1.087939739227295
450,0.00866521243005991,2.155447646146058e-06,0.009776527993381023,0.0021615338046103716,6.693412615277339e-07,0.0018902645679190755,0.0011439445661380887,-11.452905654907227,0.7819453477859497,0.0013834479032084346,0.7653811573982239,0.5122196674346924,6.501238385681063e-05,0.5047792196273804,0.01815854199230671,-5.749248027801514,0.4992343783378601,1.6186293578357436e-05,0.4991300404071808,0.00010433793067932129,-4.596397876739502,0.46096956729888916,0.005263816099613905,0.41635560989379883,0.04461395740509033,-1.5154461860656738,0.34735679626464844,0.14768947660923004,0.0,0.34735679626464844,0.37109804153442383,0.5874813795089722,1.0,0.41251862049102783,0.06287290900945663,1.0,0.9371271133422852,0.03301791846752167,0.9669820666313171,0.0,1.0,-18.350502014160156,1784745907.0573835,76.19565534591675,,7.051150881327096,11.188177372525946,1.1101272116181007,,False,1.087939739227295
451,0.008576241321861744,2.0805937310797162e-06,0.009569259360432625,0.0021466442849487066,6.4370385643997e-07,0.001848204992711544,0.0010368948569521308,-11.525410652160645,0.7741650342941284,0.0013761465670540929,0.7553277015686035,0.512020468711853,6.472556560765952e-05,0.5028551816940308,0.020948689430952072,-5.501194477081299,0.4992637634277344,1.650678677833639e-05,0.4988219439983368,0.000441819429397583,-4.581017971038818,0.45570939779281616,0.0052824378944933414,0.498422235250473,0.04271283745765686,-1.53006112575531,0.3951219916343689,0.1446872055530548,0.0,0.3951219916343689,0.4918614625930786,0.5565156936645508,1.0,0.4434843063354492,0.04715307429432869,1.0,0.9528469443321228,0.02280806563794613,0.9771919250488281,0.0,1.0,-18.216875076293945,1784745907.143137,76.28140878677368,,6.971572727219652,12.370098708819349,1.3740181423456046,,False,1.087939739227295
452,0.00853507686406374,1.9487645204208093e-06,0.007930900901556015,0.0021071990486234426,5.978951662655163e-07,0.0015415166271850467,0.0008276624721474946,-11.539946556091309,0.767247200012207,0.0013423585332930088,0.7493564486503601,0.5119044780731201,6.32831797702238e-05,0.5025695562362671,0.020179687067866325,-5.4950103759765625,0.4992378354072571,1.661373426031787e-05,0.49885207414627075,0.0003857612609863281,-4.579223155975342,0.46332043409347534,0.005195523612201214,0.5042684674263,0.04094803333282471,-1.5496762990951538,0.43633437156677246,0.14319545030593872,0.0,0.43633437156677246,0.6119486689567566,0.5271943807601929,1.0,0.47280561923980713,0.03643515333533287,1.0,0.9635648727416992,0.016400901600718498,0.9835991263389587,0.0,1.0,-18.225566864013672,1784745907.249872,76.38814377784729,,6.88330278539248,13.67210725147643,1.648627001482685,,False,1.087939739227295
453,0.008464332669973373,1.8577746914161253e-06,0.009309866465628147,0.0020841038785874844,5.6840076467779e-07,0.0018073461251333356,0.000889675400685519,-11.690614700317383,0.7600001096725464,0.0013280869461596012,0.744042694568634,0.5117167234420776,6.264123658183962e-05,0.5077365636825562,0.016446299850940704,-6.090859413146973,0.49923568964004517,1.680717832641676e-05,0.49886375665664673,0.0003719329833984375,-4.573798656463623,0.463792085647583,0.005179355852305889,0.5024383068084717,0.03864622116088867,-1.5684175491333008,0.4773578643798828,0.14058995246887207,0.0,0.4773578643798828,0.7483929395675659,0.5031688809394836,1.0,0.49683111906051636,0.028523016721010208,1.0,0.9714769721031189,0.012007627636194229,0.9879923462867737,0.0,1.0,-18.850202560424805,1784745907.3567033,76.49497509002686,,6.170397147154176,15.11056006474432,1.931147959981185,,False,1.087939739227295
454,0.008399312384426594,1.8078725361192483e-06,0.009143851697444916,0.0020626122131943703,5.513574024007539e-07,0.0017615131800994277,0.000803118571639061,-11.743715286254883,0.7532110810279846,0.0013243557186797261,0.737652599811554,0.5116044282913208,6.246534758247435e-05,0.5084228515625,0.01588045246899128,-6.143571853637695,0.4992346167564392,1.7117950847023167e-05,0.498574435710907,0.0006601810455322266,-4.5560221672058105,0.46285367012023926,0.005182704422622919,0.5006084442138672,0.03775477409362793,-1.5747582912445068,0.5143667459487915,0.1378314048051834,0.0,0.5143667459487915,0.8878474831581116,0.4827968180179596,1.0,0.5172032117843628,0.02287173829972744,1.0,0.977128267288208,0.00907249003648758,0.990927517414093,0.0,1.0,-18.93658447265625,1784745907.4414191,76.57969093322754,,5.371109596684427,16.688467421602756,2.219320213664774,,False,1.087939739227295
455,0.008332351222634315,1.7729774981489754e-06,0.007431629113852978,0.0020404872484505177,5.390903083934973e-07,0.0014297992456704378,0.001088227960281074,-11.425546646118164,0.7464054822921753,0.0013257638784125447,0.7329566478729248,0.5115235447883606,6.259735528146848e-05,0.5060040950775146,0.014537381939589977,-6.002850532531738,0.49926289916038513,1.7492995539214462e-05,0.4985550045967102,0.0007078945636749268,-4.543592929840088,0.4613715410232544,0.005209109280258417,0.4994388818740845,0.03806734085083008,-1.570639729499817,0.5480880737304688,0.13505685329437256,0.0,0.5480880737304688,1.0300350189208984,0.46675631403923035,1.0,0.5332436561584473,0.01876436360180378,1.0,0.9812356233596802,0.007061113137751818,0.9929388761520386,0.0,1.0,-18.499624252319336,1784745907.5462515,76.68452334403992,,5.0087822665515915,18.40856231422398,2.5115998234198353,,False,1.087939739227295
456,0.008268737234175205,1.743254870234523e-06,0.009103554300963879,0.002017189748585224,5.288691795612976e-07,0.0017385325627401471,0.0008800962241366506,-11.744962692260742,0.7398324012756348,0.00132837425917387,0.7274036407470703,0.511462390422821,6.276756903389469e-05,0.5093379616737366,0.01260901615023613,-6.217962741851807,0.49930045008659363,1.7885548004414886e-05,0.49858608841896057,0.0007143616676330566,-4.5325541496276855,0.46076521277427673,0.005232839845120907,0.49911025166511536,0.03834503889083862,-1.5669701099395752,0.5797412991523743,0.13198724389076233,0.0,0.5797412991523743,1.1796425580978394,0.4532166123390198,1.0,0.5467833876609802,0.015584233216941357,1.0,0.9844157695770264,0.005584081169217825,0.9944159388542175,0.0,1.0,-18.985610961914062,1784745907.6518228,76.79009461402893,,4.16046822682403,20.278264746022142,2.807059579392243,,False,1.087939739227295
457,0.00820680521428585,1.7233264770766255e-06,0.009406613186001778,0.0019968170672655106,5.217122520662087e-07,0.0017803150694817305,0.0012191850692033768,-11.568239212036133,0.7335619926452637,0.001332862302660942,0.7210273742675781,0.5114765167236328,6.309182936092839e-05,0.5057737827301025,0.013770905323326588,-5.991127967834473,0.4993438124656677,1.82905605470296e-05,0.4986463487148285,0.0006974637508392334,-4.5223259925842285,0.45931944251060486,0.005265109706670046,0.499885618686676,0.04056617617607117,-1.5481128692626953,0.6064618229866028,0.12922674417495728,0.0,0.6064618229866028,1.3189095258712769,0.4446920156478882,1.0,0.5553079843521118,0.013417885638773441,1.0,0.9865821003913879,0.004623025190085173,0.9953770041465759,0.0,1.0,-18.622304916381836,1784745907.7449274,76.8831992149353,,3.6754602326286943,22.287234145593743,3.104685666179012,,False,1.087939739227295
458,0.00812851544469595,1.703144448583771e-06,0.007381260395050049,0.0019840411841869354,5.151567279426672e-07,0.0013996778288856149,0.0009486151393502951,-11.547674179077148,0.7266784310340881,0.0013400297611951828,0.7164692282676697,0.5112696886062622,6.365457375068218e-05,0.5023062229156494,0.013585710898041725,-5.630692481994629,0.49934589862823486,1.8729246221482754e-05,0.49880582094192505,0.0005400776863098145,-4.515986919403076,0.4563973844051361,0.005325321573764086,0.5007095336914062,0.04431214928627014,-1.514341115951538,0.6289224624633789,0.1266973614692688,0.0,0.6289224624633789,1.4469389915466309,0.44301697611808777,1.0,0.5569829940795898,0.012097290717065334,1.0,0.9879027009010315,0.004056971054524183,0.995943009853363,0.0,1.0,-18.310222625732422,1784745907.84984,76.98811173439026,,3.502534529082773,24.424233010840698,3.403632353475425,,False,1.087939739227295
459,0.008041328750550747,1.689261921455909e-06,0.008799819275736809,0.001966102048754692,5.118670287629357e-07,0.0016624215058982372,0.0008170249057002366,-11.78996467590332,0.7190914750099182,0.0013500512577593327,0.7112324833869934,0.5109920501708984,6.45784821244888e-05,0.5048394203186035,0.009980911388993263,-5.973777770996094,0.49933624267578125,1.9314595192554407e-05,0.49893173575401306,0.0004045069217681885,-4.504150390625,0.45384839177131653,0.005387408658862114,0.49131670594215393,0.0374683141708374,-1.5626147985458374,0.6474823355674744,0.12438127398490906,0.98388671875,0.33640438318252563,0.33166006207466125,0.4464477598667145,1.0,0.5535522699356079,0.01133943721652031,0.0,0.01133943721652031,0.0037394133396446705,0.0037394133396446705,0.0,1.0,-18.821062088012695,1784745907.9542413,77.09251308441162,,2.8187693632565782,25.445952946615684,2.7260157770873263,,False,1.087939739227295
460,0.007621657103300095,1.457637836210779e-06,0.008763697929680347,0.00205979379825294,4.637299184651056e-07,0.0016369683435186744,0.0012178007746115327,-11.53329849243164,0.6899958848953247,0.0012484599137678742,0.7048904299736023,0.515809953212738,6.752213084837422e-05,0.5034865736961365,0.019331661984324455,-5.093161582946777,0.5025568604469299,2.067163040919695e-05,0.4990023672580719,0.0035544931888580322,-4.168837070465088,0.43586018681526184,0.0051039597019553185,0.47479844093322754,0.0389382541179657,-1.5714002847671509,0.7318950891494751,0.09021294116973877,0.677734375,0.0541607141494751,-0.267594575881958,0.56395024061203,1.0,0.43604975938796997,0.006284515839070082,0.0,0.006284515839070082,0.0017802801448851824,0.0017802801448851824,0.0,1.0,-17.69224739074707,1784745908.0610526,77.19932436943054,,3.2638188946960085,25.86841824443405,2.0433442793217775,,False,1.087939739227295
461,0.007641961798071861,1.466308958697482e-06,0.00769762322306633,0.001997294370085001,4.579569861107302e-07,0.0014518703101202846,0.0005482569104060531,-11.8508939743042,0.6874746084213257,0.001237766700796783,0.6998110413551331,0.5143271684646606,6.877753185108304e-05,0.5026369094848633,0.01699558086693287,-5.246677398681641,0.5010368824005127,2.1251251382636838e-05,0.49915993213653564,0.0018769502639770508,-4.377721309661865,0.4308306872844696,0.005130715202540159,0.4664422571659088,0.03561156988143921,-1.593729019165039,0.7799438238143921,0.07699722051620483,0.97607421875,0.1961303949356079,-0.11325892806053162,0.5305867195129395,1.0,0.46941328048706055,0.004207732621580362,0.0,0.004207732621580362,0.0010761721059679985,0.0010761721059679985,0.0,1.0,-18.237096786499023,1784745908.1459687,77.28424048423767,,3.1640190303834856,26.445219190073843,1.358595998338739,,False,1.087939739227295
462,0.0076260194182395935,1.3747280718234833e-06,0.00885450653731823,0.0019379673758521676,4.223232679123612e-07,0.001693067024461925,0.0012526598293334246,-11.629589080810547,0.6835506558418274,0.0011927058221772313,0.6922264099121094,0.5139158368110657,6.722924445057288e-05,0.5083401799201965,0.010312936268746853,-6.068826675415039,0.5000340938568115,2.0787301764357835e-05,0.4993050694465637,0.0007290244102478027,-4.458861827850342,0.4312363862991333,0.004937512334436178,0.45466193556785583,0.023425549268722534,-1.6809381246566772,0.8342785835266113,0.06449645012617111,0.9970703125,0.16279172897338867,-0.2461874932050705,0.5062347650527954,1.0,0.4937652349472046,0.002581488573923707,0.0,0.002581488573923707,0.0005834283074364066,0.0005834283074364066,0.0,1.0,-18.714080810546875,1784745908.2508972,77.38916897773743,,2.5872351420231112,26.889091570569096,0.6722214733080438,,False,1.087939739227295
463,0.00757945142686367,1.321839135925984e-06,0.0068642497062683105,0.0018964656628668308,4.031666662740463e-07,0.001305691315792501,0.0009276464115828276,-11.665996551513672,0.6790969967842102,0.0011689555831253529,0.6865201592445374,0.5134565234184265,6.665930413873866e-05,0.5106604099273682,0.007932313717901707,-6.26369047164917,0.4992145895957947,2.0587311155395582e-05,0.499167799949646,4.678964614868164e-05,-4.476425647735596,0.427611380815506,0.004857899155467749,0.44197121262550354,0.014359831809997559,-1.7234125137329102,0.8658616542816162,0.057883355766534805,0.9873046875,0.12144303321838379,-0.37832653522491455,0.47792068123817444,1.0,0.522079348564148,0.0018984826747328043,0.0,0.0018984826747328043,0.0003970701654907316,0.0003970701654907316,0.0,1.0,-18.9151611328125,1784745908.3562124,77.49448418617249,,1.8093709313971118,27.200824909044506,0.0,,False,1.087939739227295
464,0.007503400091081858,1.2692611335296533e-06,0.008435150608420372,0.0018602389609441161,3.8718920336577867e-07,0.001588803599588573,0.0009704824187792838,-11.895699501037598,0.6732801795005798,0.0011467109434306622,0.6789951920509338,0.5134137868881226,6.651631701970473e-05,0.5068460702896118,0.008706104941666126,-6.018098831176758,0.4988974928855896,2.0540346667985432e-05,0.4988937973976135,3.6954879760742188e-06,-4.477620601654053,0.4234752655029297,0.004789657890796661,0.43317359685897827,0.009698331356048584,-1.741890788078308,0.884036660194397,0.05402969941496849,0.9248046875,0.04076802730560303,-0.5247914791107178,0.45627734065055847,1.0,0.5437226295471191,0.0015555981080979109,0.0,0.0015555981080979109,0.00030944414902478456,0.00030944414902478456,0.0,1.0,-18.94898796081543,1784745908.461627,77.59989881515503,,0.9976798927681827,27.366093303634113,0.0,,False,1.087939739227295
465,0.007423428352922201,1.2330543768257485e-06,0.008255437016487122,0.001830102177336812,3.7678356079595687e-07,0.001563314814120531,0.0008737356401979923,-11.9857759475708,0.6675912737846375,0.00113147241063416,0.6695079207420349,0.5132471919059753,6.667806155746803e-05,0.5099697709083557,0.003796712262555957,-6.2798871994018555,0.49862971901893616,2.063241663563531e-05,0.4989743232727051,0.0003446042537689209,-4.472506999969482,0.4198223650455475,0.004734773188829422,0.4287436008453369,0.008921235799789429,-1.7490674257278442,0.8935602307319641,0.051712729036808014,0.98291015625,0.08934992551803589,-0.4848971962928772,0.437675803899765,1.0,0.5623241662979126,0.001366143929772079,0.0,0.001366143929772079,0.0002630258386489004,0.0002630258386489004,0.0,1.0,-19.245939254760742,1784745908.545017,77.68328881263733,,0.1086423325742416,27.57125598104156,0.0,,False,1.087939739227295
466,0.007347962819039822,1.1798658761108527e-06,0.006797123700380325,0.0017983035650104284,3.619151129896636e-07,0.0012757913209497929,0.0007592383190058172,-11.897335052490234,0.6613781452178955,0.001108559314161539,0.6627020835876465,0.5133518576622009,6.64484323351644e-05,0.5095927715301514,0.003985416144132614,-6.266892910003662,0.49855586886405945,2.0595201931428164e-05,0.4990897476673126,0.0005338788032531738,-4.469367504119873,0.41821742057800293,0.0046405489556491375,0.42604029178619385,0.007822871208190918,-1.760928988456726,0.9026117920875549,0.04963989555835724,0.984375,0.08176320791244507,-0.5152045488357544,0.42305248975753784,1.0,0.5769475102424622,0.0012006349861621857,0.0,0.0012006349861621857,0.00022377878485713154,0.00022377878485713154,0.0,1.0,-19.14553451538086,1784745908.6506162,77.7888879776001,,0.1168799257686004,27.74611130590613,0.0,,False,1.087939739227295
467,0.0072614760138094425,1.1278940519332536e-06,0.008476193062961102,0.001768677611835301,3.4834053508348006e-07,0.0015884588938206434,0.0012280130758881569,-11.744012832641602,0.6545282602310181,0.0010861194459721446,0.6544793248176575,0.5134020447731018,6.641967047471553e-05,0.5052006244659424,0.008201566524803638,-5.878101825714111,0.4984949827194214,2.064134787360672e-05,0.49917685985565186,0.0006818771362304688,-4.4639058113098145,0.41645124554634094,0.004561882931739092,0.4235967695713043,0.007145524024963379,-1.7704752683639526,0.9081113934516907,0.04789983853697777,0.99609375,0.08798235654830933,-0.5195801258087158,0.41043296456336975,1.0,0.5895670652389526,0.001091653248295188,0.0,0.001091653248295188,0.00019866095681209117,0.00019866095681209117,0.0,1.0,-18.678447723388672,1784745908.7572117,77.89548349380493,,0.0,27.916591053797738,0.0,,False,1.087939739227295
468,0.007182471454143524,1.0849646514543565e-06,0.008257286623120308,0.0017459895461797714,3.3730660220498976e-07,0.0015411532949656248,0.0010941597865894437,-11.885665893554688,0.6483960747718811,0.0010677758837118745,0.6448977589607239,0.5133513808250427,6.635504541918635e-05,0.502979040145874,0.01094639953225851,-5.577045917510986,0.4983949363231659,2.0680616216850467e-05,0.4992007315158844,0.0008057951927185059,-4.45851993560791,0.41512787342071533,0.004484375007450581,0.42624524235725403,0.011117368936538696,-1.7708587646484375,0.9124190211296082,0.04641658812761307,0.8642578125,0.048161208629608154,-0.5911250114440918,0.40004637837409973,1.0,0.5999536514282227,0.00101138383615762,0.0,0.00101138383615762,0.0001805576466722414,0.0001805576466722414,0.0,1.0,-18.576562881469727,1784745908.8410168,77.97928857803345,,0.0,28.01552591605397,0.0,,False,1.087939739227295
469,0.007114767096936703,1.0613156291583437e-06,0.006668016780167818,0.001724597648717463,3.3188268844241975e-07,0.0012549925595521927,0.0006481626187451184,-12.073099136352539,0.6427904367446899,0.0010558190988376737,0.6382331848144531,0.5131418108940125,6.693042087135836e-05,0.5061944127082825,0.00830872356891632,-6.024364471435547,0.49817320704460144,2.0938978195772506e-05,0.49921491742134094,0.001041710376739502,-4.442098140716553,0.41425421833992004,0.004444754216820002,0.42879462242126465,0.014540404081344604,-1.7652934789657593,0.9109084606170654,0.045498479157686234,0.9384765625,0.02756810188293457,-0.6177477836608887,0.3884114623069763,1.0,0.6115885376930237,0.0009840319398790598,0.0,0.0009840319398790598,0.0001744697947287932,0.0001744697947287932,0.0,1.0,-19.11363983154297,1784745908.9464376,78.08470940589905,,0.0,28.087838006093406,0.0,,False,1.087939739227295
470,0.007042581215500832,1.0158337317989208e-06,0.0077143521048128605,0.0016957722837105393,3.206949372724921e-07,0.00145352550316602,0.000714114576112479,-12.224796295166016,0.6361620426177979,0.0010340650333091617,0.6305702328681946,0.5131694078445435,6.699791265418753e-05,0.5036768913269043,0.011017086915671825,-5.717089653015137,0.4981135129928589,2.1035702957306057e-05,0.49917009472846985,0.001056581735610962,-4.439170837402344,0.41348278522491455,0.004364093765616417,0.4335373640060425,0.02005457878112793,-1.75215482711792,0.9144375920295715,0.04415911063551903,0.998046875,0.08360928297042847,-0.5618880987167358,0.3827733099460602,1.0,0.6172267198562622,0.000933342264033854,0.0,0.000933342264033854,0.0001633003557799384,0.0001633003557799384,0.0,1.0,-19.01805305480957,1784745909.064616,78.2028877735138,,0.0,28.216009781076995,0.0,,False,1.087939739227295
471,0.006979035213589668,9.771237046152237e-07,0.007977547124028206,0.0016758058918640018,3.113358104656072e-07,0.0015028888592496514,0.0010133737232536077,-12.014442443847656,0.6305166482925415,0.0010160921374335885,0.6217337250709534,0.5131346583366394,6.679692160105333e-05,0.501921534538269,0.014243381097912788,-5.435818672180176,0.49805963039398193,2.1072750314488076e-05,0.49913379549980164,0.0010741651058197021,-4.437448978424072,0.4137282371520996,0.004289242904633284,0.43918293714523315,0.025454699993133545,-1.7313529253005981,0.9188424944877625,0.042998868972063065,0.89111328125,0.02772921323776245,-0.6454111337661743,0.3768189549446106,1.0,0.6231810450553894,0.0008829445578157902,0.0,0.0008829445578157902,0.0001523456012364477,0.0001523456012364477,0.0,1.0,-18.581823348999023,1784745909.1483133,78.28658509254456,,0.0,28.260658521011145,0.0,,False,1.087939739227295
472,0.006909137591719627,9.441878319194075e-07,0.0066605182364583015,0.0016533663729205728,3.041704417228175e-07,0.0012468064669519663,0.0004765527555719018,-12.296991348266602,0.6237024068832397,0.0010024509392678738,0.6158751249313354,0.5128731727600098,6.715198105666786e-05,0.5017319917678833,0.013615882955491543,-5.464278221130371,0.49785012006759644,2.1288171410560608e-05,0.49901413917541504,0.0011640191078186035,-4.427917003631592,0.41229498386383057,0.00426939781755209,0.44297441840171814,0.030679434537887573,-1.6989731788635254,0.9182953238487244,0.04211597144603729,0.97509765625,0.056802332401275635,-0.6264206767082214,0.36769339442253113,1.0,0.6323065757751465,0.0008705212385393679,0.0,0.0008705212385393679,0.00014966905291657895,0.00014966905291657895,0.0,1.0,-18.882373809814453,1784745909.2526016,78.39087343215942,,0.0,28.324297718003248,0.0,,False,1.087939739227295
473,0.006841348018497229,9.086465411201061e-07,0.0076486230827867985,0.0016307246405631304,2.9610717433570244e-07,0.0014307046076282859,0.0008316856692545116,-12.2078857421875,0.617438018321991,0.000986462808214128,0.6091310381889343,0.5127855539321899,6.699619552819058e-05,0.5037087202072144,0.012304261326789856,-5.778398513793945,0.49775734543800354,2.1414232833194546e-05,0.49900051951408386,0.0012431740760803223,-4.420702934265137,0.41199159622192383,0.004209571052342653,0.43984314799308777,0.02785155177116394,-1.724122405052185,0.9233317375183105,0.041134316474199295,0.9912109375,0.06787919998168945,-0.6205111145973206,0.3643058240413666,1.0,0.635694146156311,0.0008339285268448293,0.0,0.0008339285268448293,0.00014184119936544448,0.00014184119936544448,0.0,1.0,-19.040956497192383,1784745909.3572469,78.4955186843872,,0.0,28.39384647710625,0.0,,False,1.087939739227295
474,0.006773489527404308,8.780426696830546e-07,0.007551680784672499,0.001607618760317564,2.894512363127433e-07,0.0014053061604499817,0.0008040597313083708,-12.24699592590332,0.6105761528015137,0.000974296301137656,0.6011478900909424,0.512761116027832,6.696515629300848e-05,0.503692626953125,0.013081652112305164,-5.775038719177246,0.49766528606414795,2.1645975721185096e-05,0.4990863800048828,0.0014210939407348633,-4.404758453369141,0.4106493592262268,0.004180682357400656,0.4410756528377533,0.03042629361152649,-1.708983063697815,0.9279817938804626,0.0403098501265049,0.9921875,0.06420570611953735,-0.6355076432228088,0.3611450493335724,1.0,0.63885498046875,0.0008053173660300672,0.0,0.0008053173660300672,0.00013578051584772766,0.00013578051584772766,0.0,1.0,-19.069406509399414,1784745909.4412606,78.57953238487244,,0.0,28.448398707583767,0.0,,False,1.087939739227295
475,0.006691202521324158,8.409805900555511e-07,0.006128805223852396,0.0015830646734684706,2.810684236465022e-07,0.0011333050206303596,0.0007201211410574615,-12.150908470153809,0.6028186678886414,0.0009610780398361385,0.5954231023788452,0.5127581357955933,6.675624172203243e-05,0.5037180185317993,0.0116798160597682,-5.802521705627441,0.4975765347480774,2.1862071662326343e-05,0.49921339750289917,0.0016368627548217773,-4.385162353515625,0.4093717336654663,0.004166221246123314,0.44236087799072266,0.03298914432525635,-1.690826416015625,0.9327232837677002,0.039547160267829895,0.9990234375,0.0663001537322998,-0.6406165957450867,0.35836243629455566,1.0,0.6416375637054443,0.000781290465965867,0.0,0.000781290465965867,0.00013073239824734628,0.00013073239824734628,0.0,1.0,-18.98550796508789,1784745909.5480456,78.68631744384766,,0.0,28.497841985539004,0.0,,False,1.087939739227295
476,0.0066019087098538876,8.010261467461532e-07,0.0074401311576366425,0.0015579125611111522,2.71976915655614e-07,0.001374957268126309,0.0008579565910622478,-12.23947525024414,0.5946081280708313,0.0009469439391978085,0.588890552520752,0.5127338767051697,6.640048377448693e-05,0.5041025876998901,0.010353251360356808,-5.874917030334473,0.49749556183815,2.2038371753296815e-05,0.4994458854198456,0.0019503235816955566,-4.356125831604004,0.4082893431186676,0.00415433943271637,0.4348944127559662,0.026605069637298584,-1.7376708984375,0.9374192953109741,0.03879304602742195,0.9990234375,0.06160414218902588,-0.6569043397903442,0.35576745867729187,1.0,0.6442325115203857,0.0007587347645312548,0.0,0.0007587347645312548,0.00012602878268808126,0.00012602878268808126,0.0,1.0,-19.11747169494629,1784745909.652386,78.79065775871277,,0.0,28.530997519448984,0.0,,False,1.087939739227295
477,0.006499472074210644,7.656321372451202e-07,0.0075946287252008915,0.0015338414814323187,2.643238872224174e-07,0.0014142915606498718,0.001101662521250546,-11.966161727905273,0.5859732031822205,0.000936121738050133,0.5812276005744934,0.5126906633377075,6.608474359381944e-05,0.5048030614852905,0.009205161593854427,-5.978547096252441,0.4974125027656555,2.2247691958909854e-05,0.4995761215686798,0.002163618803024292,-4.332489967346191,0.4066316485404968,0.004157352726906538,0.4315111041069031,0.02487945556640625,-1.7480549812316895,0.9413092732429504,0.0381239652633667,0.9970703125,0.05576103925704956,-0.6737388372421265,0.3518933057785034,1.0,0.6481066942214966,0.0007425252115353942,0.0,0.0007425252115353942,0.00012267014244571328,0.00012267014244571328,0.0,1.0,-18.915245056152344,1784745909.7570252,78.89529705047607,,0.0,28.547318555907182,0.0,,False,1.087939739227295
478,0.006398702971637249,7.346469601543504e-07,0.006014354061335325,0.001509355497546494,2.5741061904227536e-07,0.0011235375422984362,0.0005445912247523665,-12.420676231384277,0.5772668123245239,0.0009258378995582461,0.5755265355110168,0.5126546025276184,6.5783598984126e-05,0.5047531723976135,0.008090807124972343,-5.9929327964782715,0.49736618995666504,2.2463969798991457e-05,0.4995410144329071,0.0021748244762420654,-4.3275837898254395,0.40566176176071167,0.004157210700213909,0.4270029366016388,0.021341174840927124,-1.767739176750183,0.9445405006408691,0.03752963989973068,0.998046875,0.05350637435913086,-0.6842313408851624,0.34863927960395813,1.0,0.6513607501983643,0.0007309169741347432,0.0,0.0007309169741347432,0.00012027620687149465,0.00012027620687149465,0.0,1.0,-19.378814697265625,1784745909.8425891,78.98086094856262,,0.24151777507912442,28.553147088722344,0.0,,False,1.087939739227295
479,0.00630276370793581,7.133513690860127e-07,0.007123657036572695,0.0014872956089675426,2.5308500539722445e-07,0.0013311119982972741,0.0008356190519407392,-12.31302261352539,0.5693526268005371,0.0009184297523461282,0.5685124397277832,0.5125555992126465,6.576729356311262e-05,0.5047026872634888,0.007897729985415936,-6.004018783569336,0.49731454253196716,2.27527543756878e-05,0.49938100576400757,0.0020664632320404053,-4.332633018493652,0.4043295979499817,0.004153815563768148,0.4194026589393616,0.015073060989379883,-1.7955774068832397,0.9465484619140625,0.03706323355436325,0.955078125,0.0085296630859375,-0.7276448607444763,0.34773990511894226,1.0,0.6522600650787354,0.0007316737901419401,0.0,0.0007316737901419401,0.00012043205060763285,0.00012043205060763285,0.0,1.0,-19.282554626464844,1784745909.9474702,79.08574199676514,,0.3867754793574676,28.515562101678192,0.0,,False,1.087939739227295
480,0.006202561780810356,6.979039994803315e-07,0.006935369689017534,0.0014648697106167674,2.5054805519175716e-07,0.0013011486735194921,0.0007508741691708565,-12.411301612854004,0.5613861083984375,0.0009142374619841576,0.5603689551353455,0.5123661756515503,6.597575702471659e-05,0.5044108629226685,0.008020075038075447,-5.99375581741333,0.49722522497177124,2.3107326342142187e-05,0.4992993175983429,0.0020740926265716553,-4.325657367706299,0.4027712941169739,0.0041606915183365345,0.4164298176765442,0.013658523559570312,-1.7996796369552612,0.9467541575431824,0.03673144057393074,0.98828125,0.04152709245681763,-0.7096481323242188,0.34683850407600403,1.0,0.6531615257263184,0.0007471409626305103,0.0,0.0007471409626305103,0.00012362470442894846,0.00012362470442894846,0.0,1.0,-19.3691349029541,1784745910.0643942,79.20266604423523,,0.6186134601250686,28.495973843054298,0.0,,False,1.087939739227295
481,0.006106512621045113,6.836331181148125e-07,0.0060301111079752445,0.0014504306018352509,2.4857095581864996e-07,0.0011267467634752393,0.0003325784346088767,-12.648797988891602,0.5536561608314514,0.000914132921025157,0.554332435131073,0.5118146538734436,6.597732863156125e-05,0.5042910575866699,0.007553929463028908,-6.044770240783691,0.49702319502830505,2.331553514522966e-05,0.4992457628250122,0.0022225677967071533,-4.308322906494141,0.4012714624404907,0.004169882275164127,0.41064536571502686,0.009373903274536133,-1.8104588985443115,0.9484759569168091,0.03643231466412544,0.9990234375,0.05054748058319092,-0.7021454572677612,0.34370478987693787,1.0,0.6562951803207397,0.0007511166040785611,0.0,0.0007511166040785611,0.000124448022688739,0.000124448022688739,0.0,1.0,-19.638776779174805,1784745910.1481473,79.2864191532135,,1.1200933171133727,28.48388825948686,0.0,,False,1.087939739227295
482,0.006004628725349903,6.78819333188585e-07,0.006828134413808584,0.0014319312758743763,2.4982031732179166e-07,0.0012641194043681026,0.0008404299151152372,-12.308961868286133,0.5459490418434143,0.0009158739121630788,0.5455864667892456,0.5114680528640747,6.654778553638607e-05,0.5040431022644043,0.007433798164129257,-6.054449081420898,0.4968920946121216,2.3823557057767175e-05,0.4992016851902008,0.0023095905780792236,-4.291526794433594,0.3978087306022644,0.004176998045295477,0.404141902923584,0.00633317232131958,-1.8153414726257324,0.9492518901824951,0.036160048097372055,0.9873046875,0.03805279731750488,-0.7209393382072449,0.34724289178848267,1.0,0.6527571082115173,0.0007737958803772926,0.0,0.0007737958803772926,0.00012916565174236894,0.00012916565174236894,0.0,1.0,-19.29828453063965,1784745910.2528133,79.39108514785767,,1.2810809255665205,28.45300879497994,0.0,,False,1.087939739227295
483,0.0059034572914242744,6.742008622495632e-07,0.005682119634002447,0.0014147182228043675,2.5108798240580654e-07,0.0010479135671630502,0.0004284110327716917,-12.5614652633667,0.5383634567260742,0.0009184341761283576,0.5393176674842834,0.511112630367279,6.713245966238901e-05,0.5040374994277954,0.007139187306165695,-6.089642524719238,0.49674075841903687,2.432620749459602e-05,0.4992934763431549,0.002552717924118042,-4.2591023445129395,0.39411020278930664,0.004189195577055216,0.40254727005958557,0.00843706727027893,-1.8101885318756104,0.9490144848823547,0.03592916950583458,0.9990234375,0.050008952617645264,-0.70936119556427,0.35044223070144653,1.0,0.6495577692985535,0.0008039985550567508,0.0,0.0008039985550567508,0.00013550242874771357,0.00013550242874771357,0.0,1.0,-19.56273078918457,1784745910.3364916,79.4747633934021,,1.7065147925645903,28.433707473115994,0.0,,False,1.087939739227295
484,0.005810095928609371,6.678753265987325e-07,0.0065103075467050076,0.001399443601258099,2.5166437467305514e-07,0.001206476939842105,0.0007263143197633326,-12.428253173828125,0.5310782790184021,0.0009203279623761773,0.531770646572113,0.5107969045639038,6.760149699402973e-05,0.5043788552284241,0.006455286871641874,-6.153529644012451,0.496597558259964,2.479506474628579e-05,0.4995146691799164,0.0029171109199523926,-4.211896896362305,0.39077121019363403,0.004195968620479107,0.40618661046028137,0.015415400266647339,-1.7895599603652954,0.9491342902183533,0.035613372921943665,0.998046875,0.04891258478164673,-0.7149894833564758,0.3547803461551666,1.0,0.6452196836471558,0.000832878693472594,0.0,0.000832878693472594,0.00014161781291477382,0.00014161781291477382,0.0,1.0,-19.457027435302734,1784745910.4422421,79.5805139541626,,2.026245305680824,28.408777863459843,0.0,,False,1.087939739227295
485,0.005717480555176735,6.645759640377946e-07,0.0063680363819003105,0.0013880024198442698,2.5342441745124233e-07,0.001182817853987217,0.0006821462884545326,-12.466801643371582,0.5239329934120178,0.0009256848134100437,0.5243204236030579,0.5105801820755005,6.813485379097983e-05,0.5046426057815552,0.005950203165411949,-6.192827224731445,0.4964945912361145,2.531925929361023e-05,0.4995289146900177,0.0030343234539031982,-4.191213607788086,0.38735678791999817,0.004213410429656506,0.40067151188850403,0.01331472396850586,-1.7947651147842407,0.9490757584571838,0.03529107943177223,0.9970703125,0.04799455404281616,-0.7204886078834534,0.3589392304420471,1.0,0.6410607695579529,0.0008647041977383196,0.0,0.0008647041977383196,0.00014841898519080132,0.00014841898519080132,0.0,1.0,-19.51667022705078,1784745910.5509834,79.68925523757935,,2.4056186105451047,28.378349129276714,0.0,,False,1.087939739227295
486,0.005623330362141132,6.653248760812858e-07,0.006341396365314722,0.0013792726676911116,2.5694387773000926e-07,0.0011685644276440144,0.0007483426597900689,-12.386931419372559,0.5165303349494934,0.0009357109665870667,0.5156731009483337,0.5104997754096985,6.885069160489365e-05,0.5045348405838013,0.0060262177139520645,-6.182229042053223,0.4964236915111542,2.5971581635531038e-05,0.4994529187679291,0.0030292272567749023,-4.183656692504883,0.3828885853290558,0.004250288009643555,0.4009726345539093,0.018084049224853516,-1.7729740142822266,0.9485524892807007,0.03497423976659775,1.0,0.051447510719299316,-0.7197932600975037,0.3643728196620941,1.0,0.6356271505355835,0.0009084810735657811,0.0,0.0009084810735657811,0.00015787732263561338,0.00015787732263561338,0.0,1.0,-19.424541473388672,1784745910.6456156,79.78388738632202,,2.692863161747276,28.348615742879534,0.0,,False,1.087939739227295
487,0.0055359117686748505,6.713848961226176e-07,0.005103172268718481,0.0013762474991381168,2.6268719466315815e-07,0.0009363238932564855,0.00061708694556728,-12.337404251098633,0.5091978311538696,0.0009527666261419654,0.5093952417373657,0.5105094909667969,6.96890419931151e-05,0.5044825673103333,0.006030155811458826,-6.165292739868164,0.49637261033058167,2.6738624001154676e-05,0.4994707703590393,0.0030981600284576416,-4.16627311706543,0.37819263339042664,0.004311796277761459,0.4013216495513916,0.023129016160964966,-1.7422282695770264,0.9483654499053955,0.03472421318292618,1.0,0.05163455009460449,-0.7228304147720337,0.3712790608406067,1.0,0.6287209391593933,0.0009590951376594603,0.0,0.0009590951376594603,0.00016895632143132389,0.00016895632143132389,0.0,1.0,-19.35277557373047,1784745910.7501922,79.88846397399902,,2.908341813291244,28.315845201807825,0.0,,False,1.087939739227295
488,0.005464303772896528,6.86020712237223e-07,0.006155324634164572,0.001376985339447856,2.721513681080978e-07,0.0011288883397355676,0.0007342083845287561,-12.355642318725586,0.5024369359016418,0.0009803965222090483,0.5024006366729736,0.5104871392250061,7.070157153066248e-05,0.504839301109314,0.005647954531013966,-6.178837776184082,0.49624955654144287,2.7615144063020125e-05,0.4997057020664215,0.0034561455249786377,-4.113359451293945,0.37311261892318726,0.004410811234265566,0.3972768187522888,0.024164199829101562,-1.7267191410064697,0.9485540390014648,0.03466741740703583,1.0,0.051445960998535156,-0.7238664031028748,0.3772745132446289,1.0,0.6227254867553711,0.0010098341153934598,0.0,0.0010098341153934598,0.00018021160212811083,0.00018021160212811083,0.0,1.0,-19.355392456054688,1784745910.8550117,79.99328351020813,,3.126437347159431,28.282038672405275,0.0,,False,1.087939739227295
489,0.005430664401501417,7.10399490344571e-07,0.006408014800399542,0.0013758598361164331,2.8455679057515226e-07,0.0011741291964426637,0.0009979524184018373,-12.033194541931152,0.49689698219299316,0.0010138065554201603,0.49576708674430847,0.5104017853736877,7.182900299085304e-05,0.5056004524230957,0.0049324906431138515,-6.218655586242676,0.4959987998008728,2.8479409593273886e-05,0.49981194734573364,0.00381314754486084,-4.058952331542969,0.3673473596572876,0.0045392680913209915,0.3983233571052551,0.03097599744796753,-1.6728659868240356,0.9491593241691589,0.034794192761182785,0.9951171875,0.045957863330841064,-0.7298621535301208,0.3806059956550598,1.0,0.6193940043449402,0.0010546644916757941,0.0,0.0010546644916757941,0.00019027556118089706,0.00019027556118089706,0.0,1.0,-19.037595748901367,1784745910.950801,80.08907270431519,,3.0267361738742977,28.242236392575478,0.0,,False,1.087939739227295
490,0.005367761943489313,7.064795681799296e-07,0.006124525796622038,0.0013621528632938862,2.8415911401680205e-07,0.00113293353933841,0.0007907167891971767,-12.282710075378418,0.4920717477798462,0.001012016087770462,0.48802509903907776,0.5101203918457031,7.185817958088592e-05,0.5090752840042114,0.004179427865892649,-6.36474609375,0.4957921504974365,2.871911601687316e-05,0.49990978837013245,0.004117637872695923,-4.014849662780762,0.36441493034362793,0.00453623291105032,0.3900635838508606,0.025648653507232666,-1.706379771232605,0.948052704334259,0.03452898561954498,0.9951171875,0.04706448316574097,-0.7319640517234802,0.3782523274421692,1.0,0.6217476725578308,0.0010555548360571265,0.0,0.0010555548360571265,0.00019047668320126832,0.00019047668320126832,0.0,1.0,-19.381933212280273,1784745911.0474885,80.1857602596283,,3.2713724639680706,28.200332214552322,0.0,,False,1.087939739227295
491,0.005315439309924841,7.050828116916819e-07,0.005239605903625488,0.001353288535028696,2.849595546194905e-07,0.0009691609302535653,0.00039154148544184864,-12.51707649230957,0.4874321222305298,0.0010190916946157813,0.48254644870758057,0.5093997716903687,7.144824485294521e-05,0.5098825693130493,0.004909470211714506,-6.3664703369140625,0.4954504668712616,2.8768772608600557e-05,0.49987921118736267,0.004428744316101074,-3.9682846069335938,0.3629732131958008,0.004563600290566683,0.38521093130111694,0.022237718105316162,-1.7217028141021729,0.9489116072654724,0.03455020859837532,0.9990234375,0.05011183023452759,-0.7273910641670227,0.3647378385066986,1.0,0.635262131690979,0.001012996188364923,0.0,0.001012996188364923,0.0001809178211260587,0.0001809178211260587,0.0,1.0,-19.59439468383789,1784745911.1523197,80.29059147834778,,3.7284702256194606,28.163001024085624,0.0,,False,1.087939739227295
492,0.005268293898552656,7.04798537753959e-07,0.005979530978947878,0.0013418658636510372,2.8565347065523383e-07,0.0011037375079467893,0.0007500422070734203,-12.320920944213867,0.4835151433944702,0.0010195595677942038,0.4749027490615845,0.5093002319335938,7.13318440830335e-05,0.5099337100982666,0.008635660633444786,-6.341211318969727,0.4953484535217285,2.8943537472514436e-05,0.4998053014278412,0.004456847906112671,-3.963001251220703,0.3607024550437927,0.004562032409012318,0.381940096616745,0.02123764157295227,-1.726621150970459,0.9484019875526428,0.03438504412770271,0.9990234375,0.05062144994735718,-0.7288659811019897,0.35995373129844666,1.0,0.640046238899231,0.000999858370050788,0.0,0.000999858370050788,0.00017798713815864176,0.00017798713815864176,0.0,1.0,-19.375391006469727,1784745911.2464447,80.3847165107727,,3.9665643099026866,28.124194916683958,0.0,,False,1.087939739227295
493,0.0052132755517959595,7.017083589744288e-07,0.004787896294146776,0.0013287519104778767,2.8570713084263843e-07,0.0008879320230334997,0.0006125926156528294,-12.312140464782715,0.4789755344390869,0.0010195323266088963,0.4693739414215088,0.5090702176094055,7.107792771421373e-05,0.5091478228569031,0.00960190687328577,-6.336940765380859,0.4951358437538147,2.9046530471532606e-05,0.4997785687446594,0.0046427249908447266,-3.933326244354248,0.3572002053260803,0.004564844537526369,0.3734041750431061,0.016203969717025757,-1.7469871044158936,0.9472786784172058,0.03420545905828476,1.0,0.05272132158279419,-0.7281164526939392,0.35319557785987854,1.0,0.6468044519424438,0.0009911799570545554,0.0,0.0009911799570545554,0.0001760566810844466,0.0001760566810844466,0.0,2.0,-19.348356246948242,1784745911.3518522,80.49012398719788,,4.177623634664428,28.086138337690343,0.0,,False,1.087939739227295
494,0.00513066491112113,6.980719717830652e-07,0.0058717746287584305,0.001313229207880795,2.833270968949364e-07,0.00108791992533952,0.0007746017654426396,-12.304941177368164,0.4725688099861145,0.0010145832784473896,0.4627556800842285,0.5086709260940552,7.043255027383566e-05,0.5082875490188599,0.009820615872740746,-6.340688705444336,0.4947457015514374,2.911112278525252e-05,0.49979862570762634,0.005052924156188965,-3.864729166030884,0.3507508635520935,0.0045723337680101395,0.3659641742706299,0.015213310718536377,-1.7496179342269897,0.9423807263374329,0.03577616810798645,0.9970703125,0.05468958616256714,-0.7044973373413086,0.34353581070899963,1.0,0.6564642190933228,0.0010378377046436071,0.0,0.0010378377046436071,0.00018648536934051663,0.00018648536934051663,0.0,2.0,-19.309858322143555,1784745911.4569232,80.59519505500793,,4.350185034621482,28.07170087404936,0.0,,False,1.087939739227295
495,0.005053425207734108,7.09298888068588e-07,0.005592441651970148,0.0012828994076699018,2.871932451853354e-07,0.0010374514386057854,0.0005922697600908577,-12.463479995727539,0.46576249599456787,0.0010238206014037132,0.45615220069885254,0.5083014965057373,7.040704076644033e-05,0.5110430717468262,0.009993698447942734,-6.2863569259643555,0.49427711963653564,2.9664513931493275e-05,0.49976497888565063,0.00548785924911499,-3.7862210273742676,0.3452507257461548,0.004610858391970396,0.36252158880233765,0.01727086305618286,-1.7383863925933838,0.9403234124183655,0.03697310760617256,0.998046875,0.05772346258163452,-0.6847839951515198,0.33556097745895386,1.0,0.6644390225410461,0.0010549246799200773,0.0,0.0010549246799200773,0.0001903343654703349,0.0001903343654703349,0.0,2.0,-19.38567543029785,1784745911.561487,80.69975876808167,,4.598563542732833,28.076976752598164,0.0,,False,1.087939739227295
496,0.004995554685592651,7.200207505775325e-07,0.0055722869001328945,0.001256793737411499,2.9076767305014073e-07,0.0010400449391454458,0.000616116973105818,-12.447720527648926,0.4603722095489502,0.0010307517368346453,0.44845321774482727,0.5082054138183594,7.028958498267457e-05,0.5114648342132568,0.012356624938547611,-6.237815856933594,0.49397557973861694,3.016239315911662e-05,0.49968260526657104,0.0057070255279541016,-3.74560546875,0.3413853049278259,0.004634772893041372,0.35365402698516846,0.01226872205734253,-1.7519071102142334,0.9386661052703857,0.03784306347370148,0.9951171875,0.05645108222961426,-0.6761107444763184,0.3299518823623657,1.0,0.6700481176376343,0.0010593810584396124,0.0,0.0010593810584396124,0.00019134077592752874,0.00019134077592752874,0.0,2.0,-19.310775756835938,1784745911.6455948,80.78386664390564,,4.77204237738227,28.09092588182217,0.0,,False,1.087939739227295
497,0.004933204036206007,7.254542992995994e-07,0.004445302300155163,0.0012340312823653221,2.927884850123519e-07,0.0008302205824293196,0.0006333334022201598,-12.309730529785156,0.455125093460083,0.0010350481607019901,0.4430031478404999,0.508029043674469,6.996161391725764e-05,0.5100814700126648,0.012294471263885498,-6.28147029876709,0.4936276078224182,3.0489551136270165e-05,0.4996320903301239,0.0060044825077056885,-3.688876152038574,0.3367749750614166,0.004663900472223759,0.35098254680633545,0.014207571744918823,-1.743372917175293,0.9361168742179871,0.0384986586868763,0.9990234375,0.06290656328201294,-0.6582329273223877,0.32468265295028687,1.0,0.6753173470497131,0.0010696270037442446,0.0,0.0010696270037442446,0.00019365876505617052,0.00019365876505617052,0.0,1.0,-19.179346084594727,1784745911.750642,80.88891386985779,,4.814091539790496,28.122752828200106,0.0,,False,1.087939739227295
498,0.00489687267690897,7.267860837600892e-07,0.005359970033168793,0.0012150612892583013,2.964487180179276e-07,0.0010008973767980933,0.0005102208815515041,-12.52023696899414,0.45183050632476807,0.0010419638128951192,0.4364132583141327,0.5077665448188782,6.982353079365566e-05,0.5074987411499023,0.01541957352310419,-6.26564359664917,0.49336159229278564,3.076230859733187e-05,0.4995332360267639,0.0061716437339782715,-3.656582832336426,0.33593955636024475,0.0046928199008107185,0.3464081883430481,0.010468631982803345,-1.7502456903457642,0.9396417140960693,0.03667805716395378,1.0,0.060358285903930664,-0.6841862201690674,0.3183934986591339,1.0,0.6816065311431885,0.000984834274277091,0.0,0.000984834274277091,0.00017464772099629045,0.00017464772099629045,0.0,2.0,-19.36104393005371,1784745911.8570516,80.99532341957092,,5.037838547657707,28.128626481731363,0.0,,False,1.087939739227295
499,0.004826108459383249,7.178511509664531e-07,0.005493189673870802,0.001207638648338616,2.9212100116637885e-07,0.0010252828942611814,0.0006915568956173956,-12.391804695129395,0.44695499539375305,0.0010337526910007,0.4287026822566986,0.5070074796676636,6.854838284198195e-05,0.5058944225311279,0.018286220729351044,-6.223217010498047,0.4928971529006958,3.0272844014689326e-05,0.49939852952957153,0.006501376628875732,-3.5855751037597656,0.33159300684928894,0.004693936090916395,0.33901530504226685,0.007422298192977905,-1.7559349536895752,0.9331409931182861,0.03819967806339264,0.9990234375,0.06588244438171387,-0.6567122936248779,0.3040723502635956,1.0,0.695927619934082,0.0010094325989484787,0.0,0.0010094325989484787,0.00018012193322647363,0.00018012193322647363,1.0,2.0,-19.163166046142578,1784745911.9410954,81.07936716079712,,5.063707671613784,28.16197406180681,0.0,,False,1.087939739227295
500,0.004733813460916281,7.138318096622243e-07,0.00431386474519968,0.0011815984034910798,2.9701121206926473e-07,0.000796200823970139,0.0005699896719306707,-12.379608154296875,0.4405127763748169,0.0010347147472202778,0.4232262074947357,0.5072178244590759,6.719797966070473e-05,0.5058874487876892,0.017337685450911522,-6.245302200317383,0.49331536889076233,2.9841879950254224e-05,0.49933308362960815,0.006017714738845825,-3.6841139793395996,0.32807108759880066,0.004649513866752386,0.33121711015701294,0.0031460225582122803,-1.7654935121536255,0.9378469586372375,0.03674433380365372,0.9990234375,0.06117647886276245,-0.6820200681686401,0.28150373697280884,1.0,0.7184962630271912,0.0008593189413659275,0.0,0.0008593189413659275,0.0001472637231927365,0.0001472637231927365,1.0,2.0,-19.217906951904297,1784745912.0585384,81.19681024551392,,5.14431770133158,28.170013867338493,0.0,,False,1.087939739227295
501,0.004657082725316286,7.121591352188261e-07,0.005449042655527592,0.0011806662660092115,2.995572856434592e-07,0.0010195710929110646,0.0008081782725639641,-12.266416549682617,0.4355166554450989,0.0010305099422112107,0.4168134033679962,0.5071467757225037,6.662651867372915e-05,0.5064411163330078,0.018716558814048767,-6.235713481903076,0.4933019280433655,2.9608771001221612e-05,0.49941444396972656,0.006112515926361084,-3.6638388633728027,0.3255518674850464,0.004622006323188543,0.32327935099601746,0.0022725164890289307,-1.7689660787582397,0.9362611174583435,0.0362098328769207,1.0,0.0637388825416565,-0.6841751933097839,0.2577900290489197,1.0,0.7422099709510803,0.0007788411458022892,0.0,0.0007788411458022892,0.0001302199234487489,0.0001302199234487489,1.0,2.0,-19.08690643310547,1784745912.1425023,81.28077411651611,,5.093927212250549,28.175898547729034,0.0,,False,1.087939739227295
502,0.004587381612509489,7.133238568712841e-07,0.005144523456692696,0.001184232416562736,3.0350042834470514e-07,0.0009608902619220316,0.0006002406007610261,-12.442974090576172,0.43080127239227295,0.0010324085596948862,0.40949535369873047,0.5070571899414062,6.614821904804558e-05,0.5072376728057861,0.021306682378053665,-6.191766738891602,0.49333131313323975,2.9445056497934274e-05,0.4994465410709381,0.006115227937698364,-3.6625399589538574,0.3242563009262085,0.004616315010935068,0.31633222103118896,0.007924079895019531,-1.7633397579193115,0.9356608986854553,0.035809170454740524,0.994140625,0.05847972631454468,-0.6980856657028198,0.233534038066864,1.0,0.766465961933136,0.0006986749940551817,0.0,0.0006986749940551817,0.00011367741535650566,0.00011367741535650566,1.0,2.0,-19.227657318115234,1784745912.24855,81.38682174682617,,5.184287608179282,28.16787275572654,0.0,,False,1.087939739227295
503,0.004519116599112749,7.183839443314355e-07,0.004242660943418741,0.0011896900832653046,3.1002477385300153e-07,0.0007962153758853674,0.00048088468611240387,-12.42567253112793,0.42588675022125244,0.0010352169629186392,0.4043917655944824,0.5073295831680298,6.636325997533277e-05,0.5049253702163696,0.02162902243435383,-6.142169952392578,0.493552565574646,2.9697592253796756e-05,0.4994146227836609,0.005862057209014893,-3.7147228717803955,0.32226064801216125,0.004616068676114082,0.3121941089630127,0.01006653904914856,-1.7591911554336548,0.933922290802002,0.03533092886209488,0.9990234375,0.06510114669799805,-0.6925817728042603,0.2209077626466751,1.0,0.7790922522544861,0.000659027136862278,0.0,0.000659027136862278,0.00010566739365458488,0.00010566739365458488,1.0,2.0,-19.19676971435547,1784745912.352999,81.49127078056335,,5.2437604003482505,28.165350856622602,0.0,,False,1.087939739227295
504,0.004437948577105999,7.234634153974184e-07,0.004855330102145672,0.0011923953425139189,3.1857504723120655e-07,0.0009152257698588073,0.0005010292516089976,-12.470463752746582,0.419503390789032,0.001037226989865303,0.3983563184738159,0.5081051588058472,6.708427827106789e-05,0.5040234327316284,0.02153738960623741,-6.062755584716797,0.4941684901714325,3.032639688171912e-05,0.49939173460006714,0.0052232444286346436,-3.8329966068267822,0.31836870312690735,0.004632299765944481,0.30266714096069336,0.01570156216621399,-1.7418016195297241,0.9314270615577698,0.03470003977417946,0.9990234375,0.06759637594223022,-0.69572913646698,0.21713387966156006,1.0,0.7828661203384399,0.0006442336598411202,0.0,0.0006442336598411202,0.00010270921484334394,0.00010270921484334394,1.0,2.0,-19.237165451049805,1784745912.4778757,81.61614751815796,,5.343628929211555,28.159681593855947,0.0,,False,1.087939739227295
505,0.0043665277771651745,7.293087946891319e-07,0.005048995837569237,0.0011845997069031,3.2600991062281537e-07,0.0009407717734575272,0.0007247169851325452,-12.285377502441406,0.41330915689468384,0.001038574380800128,0.39113783836364746,0.5088945031166077,6.801645940868184e-05,0.5038519501686096,0.022737517952919006,-5.971381187438965,0.49477142095565796,3.117730739177205e-05,0.49915751814842224,0.004386097192764282,-3.9604482650756836,0.31402531266212463,0.004663074854761362,0.2868552505970001,0.02717006206512451,-1.6859464645385742,0.9299616813659668,0.03413906320929527,0.9990234375,0.0690617561340332,-0.6998635530471802,0.21898597478866577,1.0,0.7810140252113342,0.0006420243298634887,0.0,0.0006420243298634887,0.00010226893209619448,0.00010226893209619448,1.0,2.0,-19.042707443237305,1784745912.5531676,81.6914393901825,,5.249039450262359,28.14987791450909,0.0,,False,1.087939739227295
506,0.004309647250920534,7.407993507513311e-07,0.003960487898439169,0.0011696717701852322,3.3491471640445525e-07,0.0007301168516278267,0.0005613561952486634,-12.303855895996094,0.40797704458236694,0.0010417468147352338,0.3854920566082001,0.5097625851631165,6.941924948478118e-05,0.5035321116447449,0.02333224192261696,-5.8609700202941895,0.49537193775177,3.2406245736638084e-05,0.49910053610801697,0.0037285983562469482,-4.035138130187988,0.308636337518692,0.004694394301623106,0.28159570693969727,0.02704063057899475,-1.6838749647140503,0.9294564723968506,0.03359523043036461,0.9990234375,0.06956696510314941,-0.705719530582428,0.2268572896718979,1.0,0.7731426954269409,0.0006550439284183085,0.0,0.0006550439284183085,0.00010486927203601226,0.00010486927203601226,1.0,2.0,-19.01020050048828,1784745912.6479115,81.78618335723877,,5.121943028564139,28.134218257626987,0.0,,False,1.087939739227295
507,0.004253196995705366,7.515923812206893e-07,0.004665708169341087,0.0011462523834779859,3.4374372148704424e-07,0.0008632739773020148,0.0005002421676181257,-12.424661636352539,0.40268993377685547,0.00104342435952276,0.37850579619407654,0.5108100175857544,7.08381412550807e-05,0.5038307905197144,0.025171056389808655,-5.748228073120117,0.496015340089798,3.3810432796599343e-05,0.49926868081092834,0.003253340721130371,-4.071908950805664,0.30110156536102295,0.004706952255219221,0.27156299352645874,0.02953857183456421,-1.6677337884902954,0.9293875694274902,0.033046893775463104,0.9990234375,0.06963586807250977,-0.7126075625419617,0.23822464048862457,1.0,0.7617753744125366,0.0006778012029826641,0.0,0.0006778012029826641,0.00010944563837256283,0.00010944563837256283,1.0,2.0,-19.059200286865234,1784745912.752782,81.8910539150238,,5.043846393242873,28.11167056878535,0.0,,False,1.087939739227295
508,0.004191829357296228,7.582709713460645e-07,0.004556768108159304,0.0011215084232389927,3.512762418722559e-07,0.000847690855152905,0.00045624154154211283,-12.444543838500977,0.397430956363678,0.0010438183089718223,0.3714262545108795,0.5117368698120117,7.195794023573399e-05,0.5049370527267456,0.026879025623202324,-5.719062328338623,0.49656403064727783,3.512185867293738e-05,0.49977195262908936,0.0032079219818115234,-4.062903881072998,0.29288315773010254,0.00470750080421567,0.2648128271102905,0.02807033061981201,-1.6766704320907593,0.9287846684455872,0.03253859281539917,0.998046875,0.06926220655441284,-0.7200093865394592,0.2476668804883957,1.0,0.7523331046104431,0.0007041643257252872,0.0,0.0007041643257252872,0.00011479558452265337,0.00011479558452265337,1.0,2.0,-19.051246643066406,1784745912.8472774,81.98554921150208,,4.957796114122779,28.081721055946215,0.0,,False,1.087939739227295
509,0.004119470715522766,7.595994588882604e-07,0.005194260738790035,0.0010956975165754557,3.565576776054513e-07,0.0009713955223560333,0.001081953989341855,-11.848694801330566,0.3918415904045105,0.00104290631134063,0.360888808965683,0.5124196410179138,7.28351078578271e-05,0.505363941192627,0.03174677491188049,-5.5575714111328125,0.49690815806388855,3.641573493951e-05,0.4997628331184387,0.002854675054550171,-4.07942533493042,0.2847033441066742,0.0047182380221784115,0.25211048126220703,0.03259286284446716,-1.6466481685638428,0.9278440475463867,0.03218206763267517,0.9990234375,0.07117938995361328,-0.7205181121826172,0.26254794001579285,1.0,0.7374520301818848,0.0007524470565840602,0.0,0.0007524470565840602,0.0001247237523784861,0.0001247237523784861,1.0,2.0,-18.33446502685547,1784745912.952552,82.09082388877869,,4.154964218791747,28.051262817463922,0.0,,False,1.087939739227295
510,0.004029994364827871,7.605315772707399e-07,0.0038205161690711975,0.0010676023084670305,3.625755482516979e-07,0.000716057256795466,0.0004092249146196991,-12.422489166259766,0.3852466344833374,0.001045198063366115,0.3553016185760498,0.5127160549163818,7.370805542450398e-05,0.5054072737693787,0.030824054032564163,-5.560268878936768,0.49700871109962463,3.793004361796193e-05,0.4996476471424103,0.0026389360427856445,-4.079144477844238,0.27564099431037903,0.004761953372508287,0.24647584557533264,0.029165148735046387,-1.665297508239746,0.9265288710594177,0.032170556485652924,0.99609375,0.06956487894058228,-0.7242005467414856,0.28348127007484436,1.0,0.716518759727478,0.0008299457840621471,0.0,0.0008299457840621471,0.00014099435065872967,0.00014099435065872967,1.0,2.0,-18.910276412963867,1784745913.0582547,82.19652652740479,,3.9279437095691137,28.01712214442276,0.0,,False,1.087939739227295
511,0.003930640406906605,7.679814757466374e-07,0.0038029521238058805,0.0010393222328275442,3.7210335790405225e-07,0.0007116762571968138,0.0003516478172969073,-12.449054718017578,0.3781666159629822,0.0010539854411035776,0.3500150442123413,0.51274573802948,7.498898048652336e-05,0.5052651762962341,0.029128504917025566,-5.589722633361816,0.49683964252471924,3.99983036913909e-05,0.4995828866958618,0.002743244171142578,-4.050326824188232,0.26594215631484985,0.0048350137658417225,0.24282073974609375,0.023121416568756104,-1.6917129755020142,0.9254624843597412,0.032671574503183365,1.0,0.07453751564025879,-0.706660807132721,0.3161071538925171,1.0,0.6838928461074829,0.0009502595057711005,0.0,0.0009502595057711005,0.00016701150161679834,0.00016701150161679834,1.0,2.0,-18.94599723815918,1784745913.1528382,82.29111003875732,,3.7366440255417928,28.000521210990364,0.0,,False,1.087939739227295
512,0.003814990632236004,7.799201284797164e-07,0.003503152634948492,0.0010130445007234812,3.8484114384118584e-07,0.000652669055853039,0.00047656416427344084,-12.348302841186523,0.37023085355758667,0.0010673846118152142,0.34500372409820557,0.5124815702438354,7.665097655262798e-05,0.505062460899353,0.026295460760593414,-5.6643524169921875,0.4963856041431427,4.263800292392261e-05,0.49955692887306213,0.0031713247299194336,-3.9945056438446045,0.2557397186756134,0.004938289523124695,0.2382218837738037,0.017517834901809692,-1.705358624458313,0.9244250059127808,0.03347312659025192,1.0,0.07557499408721924,-0.6942518353462219,0.35597091913223267,1.0,0.6440290808677673,0.0011054519563913345,0.0,0.0011054519563913345,0.00020180766296107322,0.00020180766296107322,1.0,2.0,-18.877038955688477,1784745913.2574327,82.39570450782776,,3.4763860590437687,27.996329249344466,0.0,,False,1.087939739227295
513,0.0036769192665815353,7.986699870343728e-07,0.00413416838273406,0.0009955232962965965,4.026289843750419e-07,0.0007666249293833971,0.0005113426013849676,-12.34895133972168,0.36121028661727905,0.001087925280444324,0.3393126428127289,0.5118896961212158,7.88028773968108e-05,0.5050342679023743,0.022945666685700417,-5.779575347900391,0.4955969750881195,4.603409979608841e-05,0.49959734082221985,0.004000365734100342,-3.9003093242645264,0.24418053030967712,0.0050832126289606094,0.23313894867897034,0.011041581630706787,-1.709975242614746,0.9230766892433167,0.03453860431909561,0.9990234375,0.07594674825668335,-0.6804008483886719,0.40171709656715393,1.0,0.5982829332351685,0.0012970491079613566,0.0,0.0012970491079613566,0.00024648651015013456,0.00024648651015013456,1.0,2.0,-18.922767639160156,1784745913.362434,82.50070571899414,,3.2618567760174244,28.00598827465612,0.0,,False,1.087939739227295
514,0.0035447198897600174,8.203278980545292e-07,0.004128219559788704,0.000983992824330926,4.2157054735980637e-07,0.0007662663701921701,0.0006227974663488567,-12.244796752929688,0.35283952951431274,0.0011101348791271448,0.33392786979675293,0.5112687945365906,8.101164712570608e-05,0.5052291750907898,0.0198526531457901,-5.887999534606934,0.494816392660141,4.955354597768746e-05,0.49989673495292664,0.0050803422927856445,-3.7768654823303223,0.2326647788286209,0.005246021784842014,0.21481892466545105,0.01784585416316986,-1.6758501529693604,0.9212135672569275,0.03554745018482208,1.0,0.07878643274307251,-0.6621948480606079,0.44169116020202637,1.0,0.5583088397979736,0.0014855327317491174,0.0,0.0014855327317491174,0.00029210103093646467,0.00029210103093646467,1.0,2.0,-18.843629837036133,1784745913.4452384,82.58351016044617,,2.9681896908670566,28.033853300295835,0.0,,False,1.087939739227295
515,0.0034161191433668137,8.45270278659882e-07,0.004265081603080034,0.0009771811310201883,4.419520394094434e-07,0.0007888735271990299,0.0008695959113538265,-12.003507614135742,0.3449469208717346,0.0011335081653669477,0.32794246077537537,0.5106866359710693,8.33579761092551e-05,0.505952000617981,0.017651300877332687,-5.9875168800354,0.4941072463989258,5.3194766223896295e-05,0.5000073909759521,0.005900144577026367,-3.6746268272399902,0.2205200046300888,0.005429986398667097,0.19674620032310486,0.023773804306983948,-1.6369271278381348,0.9183741807937622,0.0364927314221859,0.9990234375,0.08064925670623779,-0.647264838218689,0.473405122756958,1.0,0.526594877243042,0.0016657178057357669,0.0,0.0016657178057357669,0.00033710122806951404,0.00033710122806951404,1.0,1.0,-18.630834579467773,1784745913.5501144,82.68838620185852,,2.4617273481483295,28.07664833577747,0.0,,False,1.087939739227295
516,0.0033021275885403156,8.943549119067029e-07,0.0033475602976977825,0.0009866622276604176,4.744428565572889e-07,0.0006155888549983501,0.00037384431925602257,-12.260000228881836,0.3382877707481384,0.001168677699752152,0.3236081004142761,0.5098492503166199,8.68183997226879e-05,0.5078221559524536,0.014818968251347542,-6.098050117492676,0.49345239996910095,5.770060306531377e-05,0.5001286268234253,0.006676226854324341,-3.5749478340148926,0.20761072635650635,0.005656414665281773,0.1812525987625122,0.02635812759399414,-1.6071312427520752,0.9159116148948669,0.03712020814418793,1.0,0.08408838510513306,-0.6326157450675964,0.4939470589160919,1.0,0.5060529708862305,0.0017902436666190624,0.0,0.0017902436666190624,0.0003689373261295259,0.0003689373261295259,1.0,1.0,-18.925914764404297,1784745913.6586936,82.79696536064148,,2.250345190366126,28.134092464410198,0.0,,False,1.087939739227295
517,0.0031927241943776608,9.267430982617952e-07,0.003947565797716379,0.000993423629552126,4.98772124046809e-07,0.0007207810413092375,0.0008025707793422043,-11.981546401977539,0.3318827748298645,0.0011954497313126922,0.3172365725040436,0.5091737508773804,8.940738916862756e-05,0.5088843107223511,0.014649061486124992,-6.097704887390137,0.49305322766304016,6.131378177087754e-05,0.5003824234008789,0.007329195737838745,-3.4927635192871094,0.19558021426200867,0.00586676923558116,0.1637856364250183,0.031794577836990356,-1.5641326904296875,0.9121063947677612,0.03755015879869461,1.0,0.08789360523223877,-0.6192341446876526,0.5034382343292236,1.0,0.49656176567077637,0.0018625949742272496,0.0,0.0018625949742272496,0.00038769631646573544,0.00038769631646573544,1.0,1.0,-18.60609245300293,1784745913.7425854,82.88085722923279,,1.719140721182555,28.20491819342287,0.0,,False,1.087939739227295
518,0.0030935865361243486,9.522836421638203e-07,0.0031758365221321583,0.0009946518111974,5.190429988033429e-07,0.0005854309420101345,0.00041740480810403824,-12.165094375610352,0.3260013461112976,0.0012173623545095325,0.31258419156074524,0.5087565183639526,9.155827865470201e-05,0.5091398358345032,0.013422628864645958,-6.092184066772461,0.4930257201194763,6.430524081224576e-05,0.5007198452949524,0.007694125175476074,-3.44669508934021,0.184129536151886,0.006058638449758291,0.15209609270095825,0.032033443450927734,-1.549512505531311,0.9075295329093933,0.038025252521038055,1.0,0.09247046709060669,-0.6033782362937927,0.4995284378528595,1.0,0.5004715919494629,0.001897124107927084,0.0,0.001897124107927084,0.0003967145166825503,0.0003967145166825503,1.0,1.0,-18.762187957763672,1784745913.847871,82.98614287376404,,1.3440317567597262,28.2915998308294,0.0,,False,1.087939739227295
519,0.002991871442645788,9.774299769560457e-07,0.00382637744769454,0.0009936995338648558,5.394466597863357e-07,0.0007060448988340795,0.0008826921693980694,-11.864718437194824,0.3201828896999359,0.0012382481945678592,0.30673328042030334,0.5085364580154419,9.376476373290643e-05,0.5097923874855042,0.013508121483027935,-6.065057277679443,0.4933719336986542,6.728709558956325e-05,0.5011407136917114,0.007768779993057251,-3.435851812362671,0.17222067713737488,0.006253599654883146,0.12520480155944824,0.047015875577926636,-1.4416227340698242,0.9024795889854431,0.03853701055049896,0.9990234375,0.09654384851455688,-0.5881975889205933,0.48591291904449463,1.0,0.5140870809555054,0.0018905317410826683,0.0,0.0018905317410826683,0.0003949896199628711,0.0003949896199628711,1.0,1.0,-18.434690475463867,1784745913.9540257,83.09229755401611,,0.6414253100370928,28.393462115609132,0.0,,False,1.087939739227295
520,0.0028976346366107464,9.953956805475173e-07,0.0038927323184907436,0.0009889996144920588,5.567117113969289e-07,0.0007203990244306624,0.0010307112243026495,-11.71059799194336,0.3149445652961731,0.0012553484411910176,0.30053016543388367,0.5085241794586182,9.55712457653135e-05,0.5102088451385498,0.01451251283288002,-6.0325093269348145,0.494027316570282,6.975253199925646e-05,0.5012466311454773,0.0072193145751953125,-3.492743968963623,0.16099987924098969,0.0064207506366074085,0.10858815908432007,0.05241172015666962,-1.3912566900253296,0.8970188498497009,0.039043128490448,0.9990234375,0.10200458765029907,-0.5693564414978027,0.46563178300857544,1.0,0.5343682169914246,0.001864420366473496,0.0,0.001864420366473496,0.0003881719312630594,0.0003881719312630594,1.0,1.0,-18.282978057861328,1784745914.0493577,83.18762946128845,,0.0,28.514165547811654,0.0,,False,1.087939739227295
521,0.0028029310051351786,1.0092367119796108e-06,0.0036986295599490404,0.0009814014192670584,5.722165496990783e-07,0.0006843374576419592,0.0009436752297915518,-11.777578353881836,0.3098243176937103,0.0012704151449725032,0.2927021384239197,0.5087683796882629,9.730967576615512e-05,0.5098138451576233,0.017154067754745483,-5.99413537979126,0.4949894845485687,7.215794903459027e-05,0.5012874603271484,0.006297975778579712,-3.5745432376861572,0.15015201270580292,0.006585072260349989,0.08978137373924255,0.060370638966560364,-1.3158035278320312,0.8919658064842224,0.03937002271413803,0.9990234375,0.10705763101577759,-0.5528775453567505,0.44333961606025696,1.0,0.5566604137420654,0.001821292331442237,0.0,0.001821292331442237,0.0003769645991269499,0.0003769645991269499,1.0,1.0,-18.360158920288086,1784745914.1564972,83.2947690486908,,0.0,28.651347876155228,0.0,,False,1.087939739227295
522,0.002707935404032469,1.0190503871854162e-06,0.002949347486719489,0.0009673440363258123,5.867079266863584e-07,0.0005476876394823194,0.00048413974582217634,-12.056132316589355,0.30487433075904846,0.001285119098611176,0.28694793581962585,0.5095097422599792,9.909193613566458e-05,0.5092868804931641,0.017927780747413635,-5.9750261306762695,0.4963942766189575,7.46275472920388e-05,0.5014761686325073,0.005081892013549805,-3.659531831741333,0.13960641622543335,0.006759094074368477,0.07903814315795898,0.060568273067474365,-1.3081183433532715,0.887471616268158,0.039810582995414734,1.0,0.11252838373184204,-0.5338367223739624,0.4221889078617096,1.0,0.5778111219406128,0.0017729400424286723,0.0,0.0017729400424286723,0.0003644790267571807,0.0003644790267571807,1.0,1.0,-18.665918350219727,1784745914.2427273,83.38099908828735,,0.0,28.80757102748159,0.0,,False,1.087939739227295
523,0.0026185126043856144,1.0361063687014394e-06,0.0035455962643027306,0.0009479764848947525,6.063621071916714e-07,0.0006599444313906133,0.0009707968565635383,-11.726861000061035,0.3000630736351013,0.0013075104216113687,0.2798231244087219,0.5108798742294312,0.00010174525959882885,0.5108006000518799,0.02024010382592678,-5.921771049499512,0.49829238653182983,7.795955025358126e-05,0.5014689564704895,0.003176569938659668,-3.746004581451416,0.13049094378948212,0.00697755441069603,0.05905160307884216,0.07143934071063995,-1.1978758573532104,0.8841522336006165,0.04053162410855293,1.0,0.11584776639938354,-0.5183393955230713,0.4062732458114624,1.0,0.5937267541885376,0.001725084614008665,0.0,0.001725084614008665,0.00035220649442635477,0.00035220649442635477,1.0,1.0,-18.3372802734375,1784745914.3481643,83.48643612861633,,0.0,28.979291505658843,0.0,,False,1.087939739227295
524,0.0025527100078761578,1.0662741942724097e-06,0.002169565763324499,0.0009656015317887068,6.304628072939522e-07,0.00040483230259269476,0.0006791624473407865,-11.85797119140625,0.29671192169189453,0.001335533568635583,0.2708222270011902,0.510706901550293,0.0001054129606927745,0.5125863552093506,0.025957824662327766,-5.7824530601501465,0.49828505516052246,8.195049304049462e-05,0.5014466047286987,0.0031615495681762695,-3.7247745990753174,0.12443673610687256,0.00724117923527956,0.03754955530166626,0.0868871808052063,-1.0237658023834229,0.8813105225563049,0.04079512879252434,1.0,0.11868947744369507,-0.5079999566078186,0.3957827091217041,1.0,0.6042172908782959,0.0017035339260473847,0.0,0.0017035339260473847,0.00034670779132284224,0.00034670779132284224,1.0,1.0,-18.34632110595703,1784745914.453427,83.59169888496399,,0.0,29.16135142275135,0.0,,False,1.087939739227295
525,0.0009885579347610474,2.043359899062125e-07,0.0012676318874582648,0.0003407921176403761,1.849308404189287e-07,0.0002445022691972554,0.00029521857504732907,-13.399872779846191,0.10233701765537262,0.0005510734627023339,0.10824763774871826,0.5131523609161377,0.00023291370598599315,0.5095229744911194,0.006935983896255493,-6.03639030456543,0.5042029023170471,0.00025998527416959405,0.5059481859207153,0.0017452836036682129,-3.202646255493164,0.9705628156661987,0.003456437261775136,1.0,0.02943718433380127,-1.7894670963287354,0.30608683824539185,0.0027678499463945627,0.33000001311302185,0.023913174867630005,-1.9226033687591553,0.4501781463623047,1.0,0.5498218536376953,0.015548630617558956,0.0,0.015548630617558956,0.005567978601902723,0.005567978601902723,0.0,1.0,-19.830307006835938,1784745914.5386856,83.67695736885071,,0.6930100846494369,27.928807927692517,0.0,,False,1.087939739227295
526,0.0010420829057693481,1.9751594493300217e-07,0.0012929021613672376,0.0003639983478933573,1.776191851377007e-07,0.0002495628723409027,0.00027569144731387496,-13.456541061401367,0.10714583843946457,0.0005401865346357226,0.11415524035692215,0.5138572454452515,0.00022534751042257994,0.5096769332885742,0.008161294274032116,-6.038604736328125,0.5047627687454224,0.0002466416626702994,0.505835235118866,0.0010724663734436035,-3.2325167655944824,0.9724961519241333,0.003369054989889264,1.0,0.0275038480758667,-1.815356731414795,0.3073817491531372,0.0027299844659864902,0.33000001311302185,0.022618263959884644,-1.9390935897827148,0.4600716531276703,1.0,0.5399283170700073,0.015883544459939003,0.0,0.015883544459939003,0.005719853565096855,0.005719853565096855,0.0,1.0,-19.903684616088867,1784745914.6547759,83.79304766654968,,1.4593977785518035,26.679774211610127,0.0,,False,1.087939739227295
527,0.001095033367164433,1.9135453044327733e-07,0.0013465838273987174,0.0003873598761856556,1.7109114480717835e-07,0.000260202563367784,0.00028186276904307306,-13.474632263183594,0.1120644211769104,0.0005302648060023785,0.11931765824556351,0.5144712924957275,0.00021851368364878,0.509790301322937,0.00863256212323904,-6.047776222229004,0.5052047371864319,0.000234546881983988,0.5058425664901733,0.0006378293037414551,-3.2591214179992676,0.974521279335022,0.00328921084292233,1.0,0.025478720664978027,-1.8409343957901,0.30869245529174805,0.0027008012402802706,0.33000001311302185,0.021307557821273804,-1.9541137218475342,0.470215767621994,1.0,0.5297842025756836,0.016217511147260666,0.0,0.016217511147260666,0.005872170906513929,0.005872170906513929,0.0,1.0,-19.942413330078125,1784745914.7594514,83.89772319793701,,2.264514186443428,25.415720363462917,0.0,,False,1.087939739227295
528,0.0011555213714018464,1.859556419958608e-07,0.0016440325416624546,0.0004091572482138872,1.6506513134117995e-07,0.00031786016188561916,0.0004969691508449614,-13.052549362182617,0.11723832041025162,0.0005207976209931076,0.12557843327522278,0.5150376558303833,0.00021222536452114582,0.5101677179336548,0.009657835587859154,-6.048473358154297,0.5056204199790955,0.00022325133613776416,0.5065392851829529,0.0009188652038574219,-3.2827765941619873,0.9762982130050659,0.003214214462786913,1.0,0.023701786994934082,-1.8637585639953613,0.30989253520965576,0.002675731899216771,0.33000001311302185,0.02010747790336609,-1.9672762155532837,0.4790748357772827,1.0,0.5209251642227173,0.016574949026107788,0.0,0.016574949026107788,0.006036140024662018,0.006036140024662018,0.0,1.0,-19.532716751098633,1784745914.8432636,83.9815354347229,,2.65993401535556,24.138504021609958,0.0,,False,1.087939739227295
529,0.0012236497132107615,1.8069354723593278e-07,0.001491825794801116,0.00043486058712005615,1.5933616737129341e-07,0.0002892243501264602,0.0003051693201996386,-13.485916137695312,0.12324584275484085,0.0005114898085594177,0.13013045489788055,0.5155371427536011,0.0002061905397567898,0.5105625987052917,0.008493760600686073,-6.088228225708008,0.5059165954589844,0.0002121871366398409,0.5065349340438843,0.0006183385848999023,-3.3091814517974854,0.9782744646072388,0.0031415699049830437,1.0,0.02172553539276123,-1.8874561786651611,0.3113103210926056,0.0026620037388056517,0.33000001311302185,0.01868969202041626,-1.9797903299331665,0.49109530448913574,1.0,0.5089046955108643,0.016997024416923523,0.0,0.016997024416923523,0.0062310053035616875,0.0062310053035616875,0.0,1.0,-20.011089324951172,1784745914.948468,84.08673977851868,,3.5337264181202315,22.848773565377115,0.0,,False,1.087939739227295
530,0.0012921629240736365,1.756091734250731e-07,0.0015622881473973393,0.00046246894635260105,1.5388209817501775e-07,0.00030358825461007655,0.0003133858845103532,-13.493389129638672,0.12979373335838318,0.0005024521378800273,0.1364971250295639,0.5159748196601868,0.00020051863975822926,0.5107758641242981,0.00848319474607706,-6.105315208435059,0.506096601486206,0.00020159452105872333,0.5061994194984436,0.00010281801223754883,-3.3356614112854004,0.9798870086669922,0.003071502083912492,1.0,0.020112991333007812,-1.908003330230713,0.31261056661605835,0.0026521256659179926,0.33000001311302185,0.0173894464969635,-1.9902487993240356,0.5045633316040039,1.0,0.4954366683959961,0.017543962225317955,0.0,0.017543962225317955,0.006485485006123781,0.006485485006123781,0.0,1.0,-20.045473098754883,1784745915.0551672,84.19343900680542,,4.441902594688614,21.548584639753404,0.0,,False,1.087939739227295
531,0.001347696059383452,1.723203695291886e-07,0.0015920219011604786,0.0004830779507756233,1.500186073144505e-07,0.0003098785236943513,0.0002994881651829928,-13.532140731811523,0.13479509949684143,0.0004962002276442945,0.14106379449367523,0.5160710215568542,0.00019633560441434383,0.5107855796813965,0.008199538104236126,-6.123490333557129,0.5061065554618835,0.0001937983906827867,0.5060355067253113,7.104873657226562e-05,-3.355394124984741,0.9812085628509521,0.003022981807589531,1.0,0.01879143714904785,-1.9234117269515991,0.3135950565338135,0.002647560089826584,0.33000001311302185,0.016404956579208374,-1.9972953796386719,0.5107646584510803,1.0,0.4892353415489197,0.017855225130915642,0.0,0.017855225130915642,0.0066312868148088455,0.0066312868148088455,0.0,1.0,-20.10862922668457,1784745915.150003,84.28827476501465,,5.413234899186683,20.241349133815056,0.0,,False,1.087939739227295
532,0.0014174972893670201,1.686541537537778e-07,0.001657051034271717,0.0005086096934974194,1.4568558981409296e-07,0.0003232847375329584,0.00030287180561572313,-13.542734146118164,0.14116257429122925,0.0004889898118562996,0.14742514491081238,0.5160658359527588,0.0001918009656947106,0.5108364820480347,0.008158794604241848,-6.141842842102051,0.5059748291969299,0.00018509292567614466,0.5059735178947449,1.3113021850585938e-06,-3.378387451171875,0.9825084209442139,0.0029708584770560265,1.0,0.017491579055786133,-1.9390209913253784,0.31478267908096313,0.002644757740199566,0.3296777307987213,0.014895051717758179,-2.0067055225372314,0.5192559361457825,1.0,0.48074406385421753,0.018308080732822418,0.0,0.018308080732822418,0.006844656076282263,0.006844656076282263,0.0,1.0,-20.145402908325195,1784745915.2547588,84.39303064346313,,6.421340885325378,18.92470348497815,0.0,,False,1.087939739227295
533,0.0014891353202983737,1.6520968415534298e-07,0.0014978133840486407,0.000536422710865736,1.4164650963266467e-07,0.00029261867166496813,0.00024395843502134085,-13.645066261291504,0.1479293555021286,0.00048213693662546575,0.15101772546768188,0.5159669518470764,0.0001874584413599223,0.510870099067688,0.0059595247730612755,-6.192559242248535,0.5057411193847656,0.00017664034385234118,0.5058751702308655,0.00013405084609985352,-3.401707887649536,0.9837384223937988,0.002920768456533551,1.0,0.016261577606201172,-1.9537469148635864,0.3157657980918884,0.002646612236276269,0.3296777307987213,0.013911932706832886,-2.0117347240448,0.5281571745872498,1.0,0.47184282541275024,0.018832094967365265,0.0,0.018832094967365265,0.00709336856380105,0.00709336856380105,0.0,1.0,-20.29996681213379,1784745915.3596485,84.4979202747345,,7.584010775272667,17.603028634633674,0.0,,False,1.087939739227295
534,0.0015492273960262537,1.626769403628714e-07,0.0017902774270623922,0.0005579439457505941,1.3855694191988732e-07,0.0003502599720377475,0.00031817881972528994,-13.53962516784668,0.15349259972572327,0.00047700657160021365,0.15722548961639404,0.5159212350845337,0.0001838575699366629,0.5109138488769531,0.006245668977499008,-6.20399284362793,0.5056026577949524,0.00016978329222183675,0.5057653784751892,0.0001627206802368164,-3.4214770793914795,0.9846291542053223,0.002880620304495096,1.0,0.015370845794677734,-1.964927077293396,0.3164428472518921,0.002650383161380887,0.33000001311302185,0.01355716586112976,-2.012913227081299,0.5336510539054871,1.0,0.46634894609451294,0.01926198974251747,0.0,0.01926198974251747,0.007298838347196579,0.007298838347196579,0.0,1.0,-20.213558197021484,1784745915.4431448,84.58141660690308,,8.66027205010765,16.2801752812527,0.0,,False,1.087939739227295
535,0.0016118072671815753,1.605067012633299e-07,0.0018249850254505873,0.0005803811363875866,1.3578939217495645e-07,0.0003580385528039187,0.00030802757828496397,-13.567068099975586,0.15928485989570618,0.00047246384201571345,0.16161341965198517,0.5158233642578125,0.00018047945923171937,0.5110917687416077,0.005273536313325167,-6.2330827713012695,0.5054219961166382,0.00016328334459103644,0.5060979723930359,0.0006759762763977051,-3.439673662185669,0.9855691194534302,0.0028420572634786367,1.0,0.014430880546569824,-1.9760375022888184,0.3171297311782837,0.0026617643889039755,0.33000001311302185,0.01287028193473816,-2.014328956604004,0.5395904183387756,1.0,0.46040958166122437,0.01970873400568962,0.0,0.01970873400568962,0.007513702381402254,0.007513702381402254,0.0,1.0,-20.273372650146484,1784745915.5483644,84.68663620948792,,9.796347778067634,14.95590619834902,0.0,,False,1.087939739227295
536,0.001666534342803061,1.5888140580955223e-07,0.001992621226236224,0.000596506055444479,1.3356799399844022e-07,0.00039119244320318103,0.0003853392554447055,-13.411576271057129,0.1640375405550003,0.00046878805733285844,0.1668175458908081,0.5159159898757935,0.00017746268713381141,0.511482834815979,0.005232713650912046,-6.249563217163086,0.5054688453674316,0.00015771696052979678,0.5062726140022278,0.0008037686347961426,-3.4563674926757812,0.9861061573028564,0.002806440694257617,1.0,0.013893842697143555,-1.984588384628296,0.31759458780288696,0.002668786561116576,0.33000001311302185,0.012405425310134888,-2.0152947902679443,0.5416392087936401,1.0,0.45836079120635986,0.020064018666744232,0.0,0.020064018666744232,0.007685544900596142,0.007685544900596142,0.0,1.0,-20.1394100189209,1784745915.653733,84.79200482368469,,10.798460874802032,13.6306712817814,0.0,,False,1.087939739227295
537,0.0017168537015095353,1.5748912574053975e-07,0.0019860451575368643,0.0006103706546127796,1.3173593060855637e-07,0.00038973632035776973,0.0003480568411760032,-13.50048828125,0.16829344630241394,0.0004660115228034556,0.17265206575393677,0.5158573389053345,0.0001746589841786772,0.5117466449737549,0.005991274490952492,-6.255353927612305,0.505410373210907,0.00015277732745744288,0.505990743637085,0.0005803704261779785,-3.4732236862182617,0.9869594573974609,0.0027745349798351526,1.0,0.013040542602539062,-1.9940519332885742,0.318164199590683,0.0026858157943934202,0.3296777307987213,0.01151353120803833,-2.0162689685821533,0.5443699359893799,1.0,0.4556300640106201,0.020312249660491943,0.0,0.020312249660491943,0.007806106936186552,0.007806106936186552,0.0,1.0,-20.241384506225586,1784745915.7477224,84.88599419593811,,11.902548458841117,12.30446218689957,0.0,,False,1.087939739227295
538,0.0017679769080132246,1.5641380457509513e-07,0.0013586637796834111,0.0006222212687134743,1.3006423671413359e-07,0.0002675835567060858,0.0005415765335783362,-12.90608024597168,0.17249681055545807,0.00046337847015820444,0.1776302009820938,0.5158398747444153,0.00017219732399098575,0.5115665197372437,0.00667931605130434,-6.252581596374512,0.5053808093070984,0.00014833938621450216,0.5057812929153442,0.0004004836082458496,-3.4885246753692627,0.9875119924545288,0.0027432867791503668,1.0,0.012488007545471191,-2.001936674118042,0.3186582028865814,0.0027067260816693306,0.3296777307987213,0.011019527912139893,-2.0146381855010986,0.5475218892097473,1.0,0.4524781107902527,0.020613323897123337,0.0,0.020613323897123337,0.007952881045639515,0.007952881045639515,0.0,1.0,-19.652408599853516,1784745915.8535054,84.99177718162537,,12.417660136508132,10.979883875098796,0.0,,False,1.087939739227295
539,0.0018269207794219255,1.5495554350763996e-07,0.002606805646792054,0.0006391340866684914,1.2802360060959472e-07,0.0005151550867594779,0.000789677957072854,-11.915117263793945,0.1777355670928955,0.00045985859469510615,0.18178735673427582,0.5158419609069824,0.0001695398095762357,0.511542797088623,0.005907605867832899,-6.273271560668945,0.5052760243415833,0.00014339371409732848,0.5057233572006226,0.00044733285903930664,-3.505321741104126,0.9877318143844604,0.0027079712599515915,1.0,0.01226818561553955,-2.009049654006958,0.31897830963134766,0.0027320885565131903,0.33000001311302185,0.011021703481674194,-2.010174036026001,0.5560194253921509,1.0,0.4439805746078491,0.02125789411365986,0.0,0.02125789411365986,0.008269110694527626,0.008269110694527626,0.0,1.0,-18.6863956451416,1784745915.9577036,85.09597539901733,,11.966758859463233,9.65976971277312,0.0,,False,1.087939739227295
540,0.0019176866626366973,1.5277819898074085e-07,0.0021788582671433687,0.0006671000737696886,1.249812697778907e-07,0.00043145925155840814,0.00035176301025785506,-13.511438369750977,0.1855972707271576,0.00045406538993120193,0.18684540688991547,0.5156980156898499,0.00016600429080426693,0.5106598138809204,0.005190502852201462,-6.284336090087891,0.5050432085990906,0.00013674178626388311,0.5061741471290588,0.0011309385299682617,-3.525092601776123,0.9878036975860596,0.0026598256081342697,1.0,0.01219630241394043,-2.0178465843200684,0.31941133737564087,0.002762220334261656,0.33000001311302185,0.010588675737380981,-2.0066263675689697,0.5681210160255432,1.0,0.4318789839744568,0.022168444469571114,0.0,0.022168444469571114,0.00872037373483181,0.00872037373483181,0.0,1.0,-20.301454544067383,1784745916.0527058,85.19097757339478,,13.130916481344116,8.343203218904474,0.0,,False,1.087939739227295
541,0.002005792921409011,1.505535038859307e-07,0.0022999050561338663,0.0006935966666787863,1.2204620247757703e-07,0.0004568652075249702,0.00037754964432679117,-13.459157943725586,0.19328172504901886,0.00044850140693597496,0.19192056357860565,0.5155911445617676,0.000162459458806552,0.5099321007728577,0.005820441525429487,-6.278835296630859,0.504836916923523,0.0001303728495258838,0.506140947341919,0.001304030418395996,-3.547095775604248,0.9877810478210449,0.002610630588606,1.0,0.012218952178955078,-2.026548147201538,0.3196141719818115,0.0027974697295576334,0.33000001311302185,0.010385841131210327,-2.0013020038604736,0.5821009278297424,1.0,0.41789907217025757,0.02323354408144951,0.0,0.02323354408144951,0.009254817850887775,0.009254817850887775,0.0,1.0,-20.255775451660156,1784745916.1571636,85.29543542861938,,14.249395010817771,7.031961088744326,0.0,,False,1.087939739227295
542,0.0020808293484151363,1.4862814623484155e-07,0.0022662938572466373,0.0007133686449378729,1.195926984109974e-07,0.00045049330219626427,0.00032171496422961354,-13.587991714477539,0.19975727796554565,0.00044384016655385494,0.197828471660614,0.5154746770858765,0.00015928468201309443,0.5098329782485962,0.005962303373962641,-6.290452003479004,0.5046623945236206,0.00012493270332925022,0.5058255195617676,0.0011631250381469727,-3.5695149898529053,0.9877800941467285,0.002565158298239112,1.0,0.012219905853271484,-2.034822463989258,0.3197731375694275,0.0028309093322604895,0.33000001311302185,0.01022687554359436,-1.9961676597595215,0.5930885672569275,1.0,0.4069114327430725,0.024091141298413277,0.0,0.024091141298413277,0.00969016458839178,0.00969016458839178,0.0,1.0,-20.40511131286621,1784745916.241097,85.37936878204346,,15.517209401497482,5.725853302685129,0.0,,False,1.087939739227295
543,0.0021601980552077293,1.468464603249231e-07,0.002339121885597706,0.00073284562677145,1.1717759917928561e-07,0.0004669470654334873,0.0003204930399078876,-13.59815788269043,0.2063899040222168,0.000439280120190233,0.20203985273838043,0.5154003500938416,0.00015614248695783317,0.5097911953926086,0.00709827896207571,-6.2873921394348145,0.5045515894889832,0.00011961219570366666,0.5056276917457581,0.0010761022567749023,-3.591848611831665,0.9876667261123657,0.002518839668482542,1.0,0.012333273887634277,-2.0428457260131836,0.31983304023742676,0.002865370362997055,0.33000001311302185,0.010166972875595093,-1.9905529022216797,0.6037672162055969,1.0,0.3962327837944031,0.02502511441707611,0.0,0.02502511441707611,0.0101692546159029,0.0101692546159029,0.0,1.0,-20.423995971679688,1784745916.3452797,85.48355150222778,,16.80390845099067,5.735991148587561,0.0,,False,1.087939739227295
544,0.0022466955706477165,1.4479115861831815e-07,0.002484529512003064,0.0007573410402983427,1.1457967019623538e-07,0.0004980152007192373,0.000351873371982947,-13.538311004638672,0.21391399204730988,0.00043453482794575393,0.2070891112089157,0.5152795314788818,0.00015268630522768945,0.5098305344581604,0.008733302354812622,-6.27547550201416,0.5043728947639465,0.00011391512816771865,0.505839467048645,0.0014665722846984863,-3.611649513244629,0.9875919818878174,0.002470070496201515,1.0,0.012408018112182617,-2.0516507625579834,0.31968551874160767,0.0029062898829579353,0.33000001311302185,0.010314494371414185,-1.9831974506378174,0.6189833879470825,1.0,0.3810166120529175,0.026322953402996063,0.0,0.026322953402996063,0.01084337942302227,0.01084337942302227,0.0,1.0,-20.36451530456543,1784745916.4512498,85.58952164649963,,18.031126833369598,6.029128725525053,0.0,,False,1.087939739227295
545,0.0023272973485291004,1.4354159816321044e-07,0.0024467005860060453,0.0007749637588858604,1.1266946131627265e-07,0.0004911489668302238,0.00030790900927968323,-13.632719993591309,0.2206166386604309,0.0004316542181186378,0.21297751367092133,0.5150749683380127,0.00014951835328247398,0.510226845741272,0.009047680534422398,-6.293915271759033,0.5042118430137634,0.00010884328366955742,0.5060025453567505,0.0017907023429870605,-3.62913179397583,0.9879752397537231,0.002428175648674369,1.0,0.012024760246276855,-2.0615947246551514,0.3197229504585266,0.002950446680188179,0.33000001311302185,0.01027706265449524,-1.9760620594024658,0.6287566423416138,1.0,0.37124335765838623,0.02727031148970127,0.0,0.02727031148970127,0.011341453529894352,0.011341453529894352,0.0,1.0,-20.482418060302734,1784745916.5561128,85.69438457489014,,19.37624797148583,6.315130911227194,0.0,,False,1.087939739227295
546,0.002392326947301626,1.4297935990725819e-07,0.002590841380879283,0.000783814350143075,1.1146055101107777e-07,0.0005189410876482725,0.0003310072934255004,-13.594673156738281,0.2259185016155243,0.00043010624358430505,0.21718241274356842,0.5149223208427429,0.00014700996689498425,0.5103175640106201,0.009875374846160412,-6.289528846740723,0.50411456823349,0.00010483687947271392,0.5057006478309631,0.0015860795974731445,-3.650615930557251,0.9884810447692871,0.0023941770195961,1.0,0.01151895523071289,-2.070708990097046,0.31994569301605225,0.0029931222088634968,0.33000001311302185,0.010054320096969604,-1.9698935747146606,0.6342452764511108,1.0,0.36575472354888916,0.027884339913725853,0.0,0.027884339913725853,0.011666923761367798,0.011666923761367798,0.0,1.0,-20.45160484313965,1784745916.6411853,85.77945709228516,,20.69055589243898,6.5949646122415295,0.0,,False,1.087939739227295
547,0.002461327239871025,1.4286146665654087e-07,0.0025966453831642866,0.0007922758813947439,1.1043450598435811e-07,0.0005221025203354657,0.000302166590699926,-13.657669067382812,0.23143506050109863,0.00042919907718896866,0.22306637465953827,0.5148266553878784,0.00014469593588728458,0.5102781653404236,0.009524897672235966,-6.306277275085449,0.5040816068649292,0.00010095792822539806,0.5055867433547974,0.001505136489868164,-3.6702449321746826,0.9887104034423828,0.0023640505969524384,1.0,0.011289596557617188,-2.077794313430786,0.32017022371292114,0.0030345916748046875,0.33000001311302185,0.009829789400100708,-1.9639801979064941,0.637645959854126,1.0,0.362354040145874,0.028534043580293655,0.0,0.028534043580293655,0.012013529427349567,0.012013529427349567,0.0,1.0,-20.537813186645508,1784745916.746207,85.88447880744934,,22.091072156897987,6.8688849364476985,0.0,,False,1.087939739227295
548,0.002531073521822691,1.4283791927027778e-07,0.0027784404810518026,0.0008039989043027163,1.095429240649537e-07,0.0005592709057964385,0.00034796868567354977,-13.568808555603027,0.23717594146728516,0.0004289110656827688,0.22727899253368378,0.5146361589431763,0.00014237622963264585,0.5102102160453796,0.010841520503163338,-6.284794807434082,0.5039429068565369,9.716096246847883e-05,0.5055867433547974,0.001643836498260498,-3.6867263317108154,0.9891700744628906,0.0023347320966422558,1.0,0.010829925537109375,-2.0858726501464844,0.32056862115859985,0.003084141993895173,0.33000001311302185,0.009431391954421997,-1.9573816061019897,0.6433945894241333,1.0,0.3566054105758667,0.029296167194843292,0.0,0.029296167194843292,0.012422984465956688,0.012422984465956688,0.0,1.0,-20.44000816345215,1784745916.8534238,85.99169564247131,,23.393783398163635,7.136206668849363,0.0,,False,1.087939739227295
549,0.0025923685170710087,1.435087426671089e-07,0.0026955592911690474,0.000809656223282218,1.0917658954667786e-07,0.0005426842253655195,0.00028622086392715573,-13.692192077636719,0.24212108552455902,0.00042953662341460586,0.23300576210021973,0.5145227909088135,0.00014066875155549496,0.5114904642105103,0.00960646290332079,-6.343673229217529,0.5038924813270569,9.406430763192475e-05,0.5060838460922241,0.0021913647651672363,-3.6913018226623535,0.9894293546676636,0.002313160803169012,1.0,0.010570645332336426,-2.0914788246154785,0.32107114791870117,0.0031278086826205254,0.33000001311302185,0.008928865194320679,-1.9520282745361328,0.6434910893440247,1.0,0.35650891065597534,0.029726728796958923,0.0,0.029726728796958923,0.01265566237270832,0.01265566237270832,0.0,1.0,-20.612783432006836,1784745916.956959,86.0952308177948,,24.86926990798397,7.398175069685171,0.0,,False,1.087939739227295
550,0.002650527749210596,1.4447799401295924e-07,0.0026365628000348806,0.0008164981845766306,1.0909585057561344e-07,0.000531066965777427,0.0002857726358342916,-13.678644180297852,0.2468564808368683,0.00043067705701105297,0.2370893806219101,0.5144898891448975,0.0001391044061165303,0.5118222832679749,0.010124838910996914,-6.341012477874756,0.5038981437683105,9.126045188168064e-05,0.5062482953071594,0.002350151538848877,-3.7016971111297607,0.989882230758667,0.0022898397874087095,1.0,0.010117769241333008,-2.0983450412750244,0.3215901255607605,0.0031767261680215597,0.33000001311302185,0.008409887552261353,-1.9458816051483154,0.6445260047912598,1.0,0.35547399520874023,0.030246319249272346,0.0,0.030246319249272346,0.012937742285430431,0.012937742285430431,0.0,1.0,-20.60230255126953,1784745917.051993,86.19026470184326,,26.334275537067,7.653996801133161,0.0,,False,1.087939739227295
551,0.002703198231756687,1.4560409056230128e-07,0.002936725039035082,0.0008214784320443869,1.0913554859826036e-07,0.0005923601565882564,0.0003271543246228248,-13.620872497558594,0.2511235475540161,0.0004321275628171861,0.24207402765750885,0.5144950151443481,0.00013781097368337214,0.5104745626449585,0.009902416728436947,-6.326929092407227,0.5039244294166565,8.882565452950075e-05,0.5062140822410583,0.0022896528244018555,-3.7159690856933594,0.9901344776153564,0.00227103428915143,1.0,0.009865522384643555,-2.103393316268921,0.3220701515674591,0.0032230252400040627,0.33000001311302185,0.007929861545562744,-1.94002366065979,0.6455948948860168,1.0,0.35440510511398315,0.030871538445353508,0.0,0.030871538445353508,0.013279004022479057,0.013279004022479057,0.0,1.0,-20.5403995513916,1784745917.1592333,86.29750514030457,,27.7373781662721,7.903960588092627,0.0,,False,1.087939739227295
552,0.002759925788268447,1.466537042915661e-07,0.002866579219698906,0.000826515257358551,1.0905655045689855e-07,0.000581339409109205,0.00026736894506029785,-13.731039047241211,0.25559741258621216,0.0004337876453064382,0.24708063900470734,0.51430743932724,0.00013631634647026658,0.5092052817344666,0.009928113780915737,-6.304776191711426,0.5037786364555359,8.619481377536431e-05,0.5063896179199219,0.0026109814643859863,-3.720966339111328,0.9904787540435791,0.0022541088983416557,1.0,0.009521245956420898,-2.1084532737731934,0.32302945852279663,0.0032742784824222326,0.33000001311302185,0.00697055459022522,-1.9344706535339355,0.6467427015304565,1.0,0.35325729846954346,0.031382832676172256,0.0,0.031382832676172256,0.013559571467339993,0.013559571467339993,0.0,1.0,-20.635343551635742,1784745917.2448063,86.38307809829712,,29.235424795721343,8.148371367926238,0.0,,False,1.087939739227295
553,0.002815470565110445,1.4778999002373894e-07,0.003008542349562049,0.0008323953952640295,1.0904899028219006e-07,0.0006112122791819274,0.00029359612381085753,-13.691167831420898,0.2599957585334778,0.0004356605059001595,0.2520887851715088,0.5140640735626221,0.00013490827404893935,0.5091325044631958,0.009318830445408821,-6.325014114379883,0.5035676956176758,8.373014134122059e-05,0.5064041018486023,0.0028364062309265137,-3.7269747257232666,0.9907065629959106,0.0022376887500286102,1.0,0.009293437004089355,-2.1129188537597656,0.32397210597991943,0.0033322637900710106,0.33000001311302185,0.006027907133102417,-1.9276610612869263,0.6494833827018738,1.0,0.3505166172981262,0.0320529080927372,0.0,0.0320529080927372,0.01392925251275301,0.01392925251275301,0.0,1.0,-20.614665985107422,1784745917.3494248,86.48769664764404,,30.712793858642264,8.38597255551284,0.0,,False,1.087939739227295
554,0.0028714288491755724,1.4933539205230772e-07,0.0029635850805789232,0.0008396145422011614,1.092348682618649e-07,0.0006031664088368416,0.00025377250858582556,-13.751199722290039,0.2644030749797821,0.0004381584294606,0.25792086124420166,0.5138368010520935,0.0001336700515821576,0.5090863704681396,0.008036522194743156,-6.356294631958008,0.5033963918685913,8.145027823047712e-05,0.5061784386634827,0.0027820467948913574,-3.7413079738616943,0.9906538724899292,0.0022252467460930347,1.0,0.0093461275100708,-2.115377902984619,0.3248298168182373,0.003393707796931267,0.3296777307987213,0.004847913980484009,-1.9205148220062256,0.6518465280532837,1.0,0.3481534719467163,0.03288521617650986,0.0,0.03288521617650986,0.014391559176146984,0.014391559176146984,0.0,1.0,-20.70688819885254,1784745917.453889,86.59216070175171,,32.2823851353083,8.616427503818741,0.0,,False,1.087939739227295
555,0.0029248585924506187,1.5070222048052528e-07,0.0030216441955417395,0.0008468718733638525,1.0926951432566057e-07,0.0006157055031508207,0.0002506099408492446,-13.755224227905273,0.268649697303772,0.0004407476226333529,0.2620762288570404,0.513481080532074,0.00013226523878984153,0.5088733434677124,0.008027561008930206,-6.36171293258667,0.5031251907348633,7.91418133303523e-05,0.5058250427246094,0.0026998519897460938,-3.7571444511413574,0.9907439947128296,0.002215153072029352,1.0,0.00925600528717041,-2.1179404258728027,0.32574284076690674,0.0034588815178722143,0.33000001311302185,0.004257172346115112,-1.91184663772583,0.6566386818885803,1.0,0.3433613181114197,0.0339493528008461,0.0,0.0339493528008461,0.014987572096288204,0.014987572096288204,0.0,1.0,-20.723167419433594,1784745917.5592074,86.69747924804688,,33.868255632555396,8.838214267844247,0.0,,False,1.087939739227295
556,0.0029759928584098816,1.5209113257697027e-07,0.0031757045071572065,0.0008550507482141256,1.092526673573957e-07,0.0006501112366095185,0.00028615546762011945,-13.702980041503906,0.27282220125198364,0.0004437074821908027,0.26705577969551086,0.5129947662353516,0.0001309033832512796,0.5084847211837769,0.00732066435739398,-6.377658367156982,0.5027741193771362,7.692290819250047e-05,0.5056297183036804,0.0028555989265441895,-3.7644107341766357,0.9905862808227539,0.0022110126446932554,1.0,0.009413719177246094,-2.118173360824585,0.3264959454536438,0.003528566798195243,0.33000001311302185,0.0035040676593780518,-1.9027533531188965,0.6633533835411072,1.0,0.3366466164588928,0.03541203960776329,0.0,0.03541203960776329,0.01581568270921707,0.01581568270921707,0.0,1.0,-20.687313079833984,1784745917.6425354,86.78080725669861,,35.41827179020288,9.05090774726282,0.0,,False,1.087939739227295
557,0.003028388135135174,1.534881306497482e-07,0.0031310878694057465,0.0008655695710331202,1.0907695724426958e-07,0.0006430711364373565,0.00024505669716745615,-13.761261940002441,0.27718299627304077,0.00044725980842486024,0.27291610836982727,0.512241780757904,0.00012939481530338526,0.5073528289794922,0.006489081773906946,-6.381916046142578,0.5022684931755066,7.459447078872472e-05,0.5052803158760071,0.0030118227005004883,-3.7719810009002686,0.9901900291442871,0.002214319771155715,1.0,0.00980997085571289,-2.115736246109009,0.3272058963775635,0.0036086649633944035,0.33000001311302185,0.002794116735458374,-1.8921884298324585,0.6729061007499695,1.0,0.3270938992500305,0.03746167570352554,0.0,0.03746167570352554,0.016992922872304916,0.016992922872304916,0.0,2.0,-20.752784729003906,1784745917.7480695,86.88634133338928,,37.033759597020286,9.253036303394953,0.0,,False,1.087939739227295
558,0.0030784239061176777,1.5607545833518088e-07,0.003388751996681094,0.0008851250167936087,1.0934243732663163e-07,0.0007013934664428234,0.0003606394457165152,-13.550095558166504,0.28269487619400024,0.0004516954650171101,0.2771526277065277,0.5114998817443848,0.00012875921675004065,0.5075551271438599,0.006802764721214771,-6.397728443145752,0.5017758011817932,7.268594345077872e-05,0.5053421258926392,0.0035663247108459473,-3.7582521438598633,0.9890992641448975,0.002233387902379036,1.0,0.010900735855102539,-2.106576919555664,0.32733961939811707,0.0037158296909183264,0.33000001311302185,0.002660393714904785,-1.877685785293579,0.6878830194473267,1.0,0.31211698055267334,0.04131890460848808,0.0,0.04131890460848808,0.019259605556726456,0.019259605556726456,0.0,2.0,-20.54740333557129,1784745917.853746,86.99201774597168,,38.443866010405074,9.440662214988208,0.0,,False,1.087939739227295
559,0.003140420652925968,1.5820340593108995e-07,0.0032653615344315767,0.000899710925295949,1.091425474442076e-07,0.000678304408211261,0.0002542264119256288,-13.733211517333984,0.28823137283325195,0.0004559237859211862,0.2830798327922821,0.5105024576187134,0.00012765335850417614,0.5077115893363953,0.00585895124822855,-6.432199001312256,0.5010699033737183,7.044988160487264e-05,0.5053712129592896,0.004301309585571289,-3.730057716369629,0.9881784915924072,0.002246198244392872,1.0,0.011821508407592773,-2.0992119312286377,0.32728296518325806,0.003833587747067213,0.33000001311302185,0.002717047929763794,-1.8620758056640625,0.7069780230522156,1.0,0.2930219769477844,0.0458558090031147,0.0,0.0458558090031147,0.022007020190358162,0.022007020190358162,0.0,2.0,-20.743999481201172,1784745917.9390106,87.07728242874146,,40.050568569419745,9.612678146951946,0.0,,False,1.087939739227295
560,0.0032064924016594887,1.6108727152186475e-07,0.0032835567835718393,0.0009152779821306467,1.0941123917973528e-07,0.0006779456743970513,0.0002495306544005871,-13.721016883850098,0.2936595380306244,0.00046117010060697794,0.28730812668800354,0.509549617767334,0.00012689655704889446,0.5075751543045044,0.006651235278695822,-6.429965972900391,0.5004305839538574,6.855714309494942e-05,0.5050143599510193,0.004583775997161865,-3.721745729446411,0.9872987270355225,0.0022572805173695087,1.0,0.012701272964477539,-2.0921249389648438,0.32791996002197266,0.0039650145918130875,0.3296777307987213,0.0017577707767486572,-1.8457947969436646,0.7234060764312744,1.0,0.2765939235687256,0.05017320439219475,0.0,0.05017320439219475,0.024698641151189804,0.024698641151189804,0.0,2.0,-20.725862503051758,1784745918.0540469,87.19231867790222,,41.639134150285,9.768413070195287,0.0,,False,1.087939739227295
561,0.0032743425108492374,1.6441022410162986e-07,0.0035822903737425804,0.0009316892828792334,1.1000707900166162e-07,0.0007447222014889121,0.00036026182351633906,-13.536649703979492,0.2989879250526428,0.000466615310870111,0.29237255454063416,0.5087684392929077,0.00012625203817151487,0.507213830947876,0.006795581895858049,-6.429275035858154,0.4999221861362457,6.683552783215418e-05,0.5046623945236206,0.004740208387374878,-3.7196030616760254,0.9865943193435669,0.002259103348478675,1.0,0.013405680656433105,-2.0876801013946533,0.3291371762752533,0.004096563905477524,0.33000001311302185,0.0008628368377685547,-1.829774022102356,0.734734058380127,1.0,0.26526594161987305,0.05361051484942436,0.0,0.05361051484942436,0.02689278870820999,0.02689278870820999,0.0,2.0,-20.539871215820312,1784745918.1598582,87.29813003540039,,43.041708443918814,9.908127218597318,0.0,,False,1.087939739227295
562,0.0033436929807066917,1.6771222988154477e-07,0.003439250634983182,0.000948615837842226,1.1063584537396309e-07,0.0007205637521110475,0.00024726305855438113,-13.708877563476562,0.30431240797042847,0.0004716835974249989,0.2982708513736725,0.5081066489219666,0.000125421371194534,0.5068321824073792,0.006174517795443535,-6.438472747802734,0.4994696378707886,6.50719812256284e-05,0.5044959783554077,0.005026340484619141,-3.7069454193115234,0.9863408803939819,0.0022509910631924868,1.0,0.013659119606018066,-2.0878117084503174,0.3310777544975281,0.004223744850605726,0.33000001311302185,0.0010777413845062256,-1.8144407272338867,0.7419778108596802,1.0,0.2580221891403198,0.055995989590883255,0.0,0.055995989590883255,0.028441207483410835,0.028441207483410835,0.0,2.0,-20.71312713623047,1784745918.2438252,87.38209700584412,,44.61753865796278,10.03250807213088,0.0,,False,1.087939739227295
563,0.003412368707358837,1.7103768357173976e-07,0.003571320790797472,0.0009644452948123217,1.1134392963185746e-07,0.0007457088795490563,0.00027039117412641644,-13.669418334960938,0.3094267249107361,0.0004766829079017043,0.30248138308525085,0.5075792074203491,0.00012461337610147893,0.5066584944725037,0.0070061031728982925,-6.427600860595703,0.49908173084259033,6.341643165796995e-05,0.5043103098869324,0.005228579044342041,-3.698411464691162,0.9863156080245972,0.0022404624614864588,1.0,0.013684391975402832,-2.0898070335388184,0.3333384394645691,0.004341936204582453,0.33000001311302185,0.003338426351547241,-1.7994955778121948,0.7463200092315674,1.0,0.2536799907684326,0.057768791913986206,0.0,0.057768791913986206,0.029605219140648842,0.029605219140648842,0.0,2.0,-20.660703659057617,1784745918.3482983,87.48657011985779,,46.1409453948339,10.141943776242751,0.0,,False,1.087939739227295
564,0.003482554107904434,1.7482184944128676e-07,0.0036144601181149483,0.0009797858074307442,1.1236833330485752e-07,0.0007552194292657077,0.0002604404871817678,-13.668455123901367,0.3146984279155731,0.000481934956042096,0.3083612024784088,0.5072634220123291,0.00012395362136885524,0.5064228773117065,0.006392725743353367,-6.43425989151001,0.4988213777542114,6.18767662672326e-05,0.5041840076446533,0.0053626298904418945,-3.693864583969116,0.9862737655639648,0.0022257640957832336,1.0,0.013726234436035156,-2.092564344406128,0.3355717658996582,0.00445381598547101,0.33000001311302185,0.0055717527866363525,-1.7845731973648071,0.7468757629394531,1.0,0.2531242370605469,0.05901234224438667,0.0,0.05901234224438667,0.030428363010287285,0.030428363010287285,0.0,2.0,-20.66279411315918,1784745918.4549212,87.59319305419922,,47.66644258580658,10.236457099907234,0.0,,False,1.087939739227295
565,0.003557659685611725,1.7967235521609837e-07,0.0036577172577381134,0.0009946159552782774,1.1392111787245085e-07,0.0007650134502910078,0.0002504572330508381,-13.66283130645752,0.3203950822353363,0.0004884987138211727,0.31243211030960083,0.5070818662643433,0.00012330562458373606,0.5065978765487671,0.007977667264640331,-6.408780574798584,0.49863818287849426,6.028424468240701e-05,0.5040460824966431,0.005407899618148804,-3.696719169616699,0.9864027500152588,0.0022127022966742516,1.0,0.013597249984741211,-2.0960536003112793,0.3381292223930359,0.004572112113237381,0.33000001311302185,0.008129209280014038,-1.7677247524261475,0.7433961033821106,1.0,0.2566038966178894,0.05998951941728592,0.0,0.05998951941728592,0.03107897751033306,0.03107897751033306,0.0,2.0,-20.638216018676758,1784745918.5489097,87.68718147277832,,49.167361682296836,10.314121978633057,0.0,,False,1.087939739227295
566,0.0036346353590488434,1.850443140938296e-07,0.003782277461141348,0.0010054635349661112,1.1587197690232642e-07,0.000792624952737242,0.0002590336953289807,-13.644472122192383,0.3263719081878662,0.0004948723944835365,0.31729087233543396,0.5072400569915771,0.00012283188698347658,0.5061282515525818,0.00914884265512228,-6.381723403930664,0.49862509965896606,5.877191506442614e-05,0.5037832856178284,0.005158185958862305,-3.7256271839141846,0.9869465827941895,0.002194456523284316,1.0,0.013053417205810547,-2.103148937225342,0.3409603536128998,0.004674731288105249,0.3296777307987213,0.011282622814178467,-1.7502377033233643,0.7365282773971558,1.0,0.26347172260284424,0.06071840599179268,0.0,0.06071840599179268,0.03156642988324165,0.03156642988324165,0.0,2.0,-20.6126651763916,1784745918.653596,87.79186773300171,,50.64272993650194,10.374299808256097,0.0,,False,1.087939739227295
567,0.003725104033946991,1.9246081706114637e-07,0.0037568192929029465,0.0010166836436837912,1.1877158812012567e-07,0.0007908844272606075,0.00022801566228736192,-13.649592399597168,0.33338311314582825,0.0005031381151638925,0.32302573323249817,0.5076263546943665,0.00012256056652404368,0.5048238039016724,0.01072984654456377,-6.324250221252441,0.4987518787384033,5.7224704505642876e-05,0.5035977363586426,0.004845857620239258,-3.7601473331451416,0.9875836372375488,0.002176018664613366,1.0,0.012416362762451172,-2.110766649246216,0.3443704843521118,0.00479481928050518,0.3296777307987213,0.014692753553390503,-1.728659749031067,0.7240460515022278,1.0,0.2759539484977722,0.061189718544483185,0.0,0.061189718544483185,0.03188260272145271,0.03188260272145271,0.0,2.0,-20.589065551757812,1784745918.7588425,87.89711427688599,,52.09449856607325,10.41289968358684,0.0,,False,1.087939739227295
568,0.00381479412317276,2.0062991268332553e-07,0.0036971231456846,0.0010244869627058506,1.2207270572162088e-07,0.0007796658901497722,0.0002716317540034652,-13.552343368530273,0.34016233682632446,0.0005118213011883199,0.32717129588127136,0.5080186724662781,0.00012250925647094846,0.5028318762779236,0.013988208957016468,-6.17988395690918,0.49885526299476624,5.5885564506752416e-05,0.5033997297286987,0.004544466733932495,-3.792391777038574,0.9887725114822388,0.002165088662877679,1.0,0.01122748851776123,-2.1195971965789795,0.3492485284805298,0.004920184146612883,0.33000001311302185,0.019248515367507935,-1.70061457157135,0.7121055722236633,1.0,0.28789442777633667,0.06175396963953972,0.0,0.06175396963953972,0.03226212039589882,0.03226212039589882,0.0,2.0,-20.392446517944336,1784745918.8774521,88.01572394371033,,53.349648161831084,10.423454381457866,0.0,,False,1.087939739227295
569,0.003897702321410179,2.0974052006295096e-07,0.003833169350400567,0.0010337203275412321,1.2594266252108355e-07,0.0008100764243863523,0.000232768346904777,-13.586042404174805,0.34648215770721436,0.0005212868563830853,0.3321428894996643,0.5082849264144897,0.00012309392332099378,0.5021478533744812,0.015597380697727203,-6.092803478240967,0.4989377558231354,5.510736082214862e-05,0.5031287670135498,0.004191011190414429,-3.824808359146118,0.9891889095306396,0.002161612967029214,1.0,0.010811090469360352,-2.122476577758789,0.35404035449028015,0.00506719620898366,0.33000001311302185,0.0240403413772583,-1.6665178537368774,0.7024192214012146,1.0,0.2975807785987854,0.06257833540439606,0.0,0.06257833540439606,0.03281853348016739,0.03281853348016739,0.0,2.0,-20.372690200805664,1784745918.9628348,88.10110664367676,,54.58504144045025,10.399912361494419,0.0,,False,1.087939739227295
570,0.003976405132561922,2.19403119672279e-07,0.003912192303687334,0.0010444193612784147,1.3004270726924005e-07,0.0008303180220536888,0.00022352331143338233,-13.570358276367188,0.3525846600532532,0.0005302986828610301,0.33791545033454895,0.5085132718086243,0.00012384516594465822,0.5022639036178589,0.015944914892315865,-6.070830821990967,0.49905431270599365,5.4613836255157366e-05,0.5033093690872192,0.004255056381225586,-3.822913885116577,0.9891737699508667,0.0021539805456995964,1.0,0.0108262300491333,-2.1240732669830322,0.3591814637184143,0.005236671771854162,0.33000001311302185,0.029181450605392456,-1.625788927078247,0.69541996717453,1.0,0.30458003282546997,0.06342125684022903,0.0,0.06342125684022903,0.0333898551762104,0.0333898551762104,0.0,1.0,-20.33847999572754,1784745919.0576088,88.195880651474,,55.786224513991286,10.335641414872342,0.0,,False,1.087939739227295
571,0.004045626614242792,2.2802697685619933e-07,0.0040839980356395245,0.0010463381186127663,1.338949715545823e-07,0.0008627158822491765,0.00018758862279355526,-13.59299087524414,0.3568632900714874,0.0005388078279793262,0.34202754497528076,0.5083630681037903,0.0001238901895703748,0.5024038553237915,0.015987856313586235,-6.075688362121582,0.49899163842201233,5.410884114098735e-05,0.5032197833061218,0.004228144884109497,-3.8281214237213135,0.989768385887146,0.0021415322553366423,1.0,0.010231614112854004,-2.1297364234924316,0.36502403020858765,0.005371340084820986,0.33000001311302185,0.035024017095565796,-1.5802127122879028,0.6843374967575073,1.0,0.3156625032424927,0.061931464821100235,0.0,0.061931464821100235,0.032381732016801834,0.032381732016801834,0.0,1.0,-20.36760139465332,1784745919.142438,88.28070974349976,,57.016528986458106,10.22579425345992,0.0,,False,1.087939739227295
572,0.004103909246623516,2.3792424030943948e-07,0.004089407157152891,0.0010582637041807175,1.383836973900543e-07,0.0008633906836621463,0.00019541187793947756,-13.546744346618652,0.3613131642341614,0.0005484302528202534,0.3468310534954071,0.5081458687782288,0.00012450195208657533,0.5024498105049133,0.015562024898827076,-6.090432167053223,0.49893444776535034,5.3862382628722116e-05,0.5029637217521667,0.004029273986816406,-3.8448920249938965,0.9897010326385498,0.0021410214249044657,1.0,0.010298967361450195,-2.1295273303985596,0.36972320079803467,0.005524294916540384,0.33000001311302185,0.03972318768501282,-1.5375438928604126,0.674995481967926,1.0,0.325004518032074,0.06118176132440567,0.0,0.06118176132440567,0.03187726065516472,0.03187726065516472,0.0,1.0,-20.341535568237305,1784745919.2477067,88.38597846031189,,58.22076763250891,10.073278272620009,0.0,,False,1.087939739227295
573,0.004156318958848715,2.4730223913138616e-07,0.004141196142882109,0.0010681648273020983,1.4242833401567623e-07,0.0008746365201659501,0.00019411827088333666,-13.518720626831055,0.3654101490974426,0.0005560276913456619,0.35163187980651855,0.5079100131988525,0.00012511509703472257,0.503850519657135,0.014363850466907024,-6.166038513183594,0.4988526701927185,5.3688308980781585e-05,0.5029310584068298,0.004078388214111328,-3.842313289642334,0.9898900985717773,0.002138047479093075,1.0,0.010109901428222656,-2.131089925765991,0.37432360649108887,0.0056780255399644375,0.33000001311302185,0.04432359337806702,-1.4936387538909912,0.6706002950668335,1.0,0.3293997049331665,0.06122979149222374,0.0,0.06122979149222374,0.0319095253944397,0.0319095253944397,0.0,1.0,-20.37270736694336,1784745919.352154,88.49042582511902,,59.45617807726577,9.876857152810675,0.0,,False,1.087939739227295
574,0.004205253440886736,2.5638306055952853e-07,0.004090836271643639,0.0010778096038848162,1.4628486155743303e-07,0.0008644706103950739,0.0002420843084109947,-13.438179016113281,0.3693544268608093,0.0005624095210805535,0.35733330249786377,0.5077260136604309,0.0001257263356819749,0.5023374557495117,0.013173609040677547,-6.150517463684082,0.4988051950931549,5.3566309361485764e-05,0.503277599811554,0.004472404718399048,-3.8116493225097656,0.9902362823486328,0.0021301766391843557,1.0,0.009763717651367188,-2.13446044921875,0.3777830898761749,0.005823831539601088,0.33000001311302185,0.047783076763153076,-1.4579358100891113,0.6706557869911194,1.0,0.3293442130088806,0.06237729266285896,0.0,0.06237729266285896,0.0326826386153698,0.0326826386153698,0.0,1.0,-20.26441764831543,1784745919.4592113,88.59748315811157,,60.5832988033947,9.644733089199462,0.0,,False,1.087939739227295
575,0.004257427528500557,2.6817326670425246e-07,0.004188635386526585,0.001086532138288021,1.5131638519960688e-07,0.0008862349786795676,0.00021178128372412175,-13.438495635986328,0.37326693534851074,0.0005714063881896436,0.36154159903526306,0.5073515176773071,0.00012699617946054786,0.5002464652061462,0.013710043393075466,-6.062448501586914,0.4986863136291504,5.3846310038352385e-05,0.5033964514732361,0.004710137844085693,-3.789743185043335,0.9900884628295898,0.0021388083696365356,1.0,0.009911537170410156,-2.1318490505218506,0.3805679678916931,0.0060061318799853325,0.33000001311302185,0.050567954778671265,-1.4256731271743774,0.6732557415962219,1.0,0.3267442584037781,0.06490670889616013,0.0,0.06490670889616013,0.03440245985984802,0.03440245985984802,0.0,1.0,-20.183324813842773,1784745919.5538473,88.69211912155151,,61.62932669505097,9.380346342673516,0.0,,False,1.087939739227295
576,0.0043167658150196075,2.8480383207352133e-07,0.0028836478013545275,0.0010955282486975193,1.5838868705486675e-07,0.0006111334078013897,0.0015127675142139196,-9.180570602416992,0.3773919939994812,0.0005844928091391921,0.3674701750278473,0.5067986249923706,0.00012898728891741484,0.5000912547111511,0.011976281180977821,-6.103799819946289,0.49851006269454956,5.4598265705863014e-05,0.5032774209976196,0.004767358303070068,-3.780679941177368,0.9893592596054077,0.002160554751753807,1.0,0.010640740394592285,-2.123553514480591,0.38363486528396606,0.006257440894842148,0.33000001311302185,0.053634852170944214,-1.3881914615631104,0.676862359046936,1.0,0.32313764095306396,0.06826189160346985,0.0,0.06826189160346985,0.03671637177467346,0.03671637177467346,0.0,1.0,-15.953949928283691,1784745919.6593957,88.79766750335693,,58.44597970114816,9.078477930536302,0.0,,False,1.087939739227295
577,0.004379917401820421,2.995981560616201e-07,0.005114620551466942,0.0010940332431346178,1.6428715809979622e-07,0.0010891435667872429,0.0007347194477915764,-12.58243179321289,0.3815389573574066,0.0005945389275439084,0.3708217144012451,0.5062920451164246,0.00013023802603129297,0.5003924369812012,0.012233751825988293,-6.118841171264648,0.49826478958129883,5.5014752433635294e-05,0.5031701326370239,0.004905343055725098,-3.7663254737854004,0.9898989200592041,0.002161068608984351,1.0,0.010101079940795898,-2.126030921936035,0.38735222816467285,0.00649439450353384,0.33000001311302185,0.057352215051651,-1.3462296724319458,0.6882568597793579,1.0,0.3117431402206421,0.07274793833494186,0.0,0.07274793833494186,0.03986668214201927,0.03986668214201927,0.0,1.0,-19.360668182373047,1784745919.7425573,88.88082909584045,,58.66935096133471,8.734647729267923,0.0,,False,1.087939739227295
578,0.004439109470695257,3.171513753841282e-07,0.005051897373050451,0.0011047335574403405,1.7139099384166911e-07,0.0010740009602159262,0.0006135580479167402,-12.838966369628906,0.3855401873588562,0.0006049683433957398,0.37658050656318665,0.505925178527832,0.0001319243892794475,0.5027222633361816,0.009514964185655117,-6.228703022003174,0.4981631338596344,5.574405804509297e-05,0.5031701326370239,0.005006998777389526,-3.75356388092041,0.989944338798523,0.002164976205676794,1.0,0.01005566120147705,-2.1253817081451416,0.3931794762611389,0.006791249383240938,0.33000001311302185,0.06317946314811707,-1.2832401990890503,0.6963337659835815,1.0,0.30366623401641846,0.07641083002090454,0.0,0.07641083002090454,0.04248547554016113,0.04248547554016113,0.0,1.0,-19.698711395263672,1784745919.849651,88.98792290687561,,59.23076543441188,8.32782805465665,0.0,,False,1.087939739227295
579,0.004497031681239605,3.3694817602736293e-07,0.004383324179798365,0.0011138592381030321,1.7928606155237503e-07,0.0009364601573906839,0.00021071267838124186,-13.273981094360352,0.38961148262023926,0.0006161540513858199,0.38243213295936584,0.505629301071167,0.00013340824807528406,0.50244140625,0.007855299860239029,-6.239262580871582,0.4981027841567993,5.645239434670657e-05,0.502690851688385,0.004588067531585693,-3.7856743335723877,0.9900398254394531,0.0021626148372888565,1.0,0.009960174560546875,-2.1263437271118164,0.3983466625213623,0.007131736725568771,0.33000001311302185,0.06834664940834045,-1.225163459777832,0.7075390219688416,1.0,0.29246097803115845,0.08126498758792877,0.0,0.08126498758792877,0.04601839929819107,0.04601839929819107,0.0,1.0,-20.15822982788086,1784745919.955125,89.09339690208435,,60.25169834010624,7.862931640734157,0.0,,False,1.087939739227295
580,0.004557357635349035,3.582213992103789e-07,0.004406214226037264,0.0011165475007146597,1.8757886266485002e-07,0.0009421864524483681,0.000230751174967736,-13.214790344238281,0.39367684721946716,0.0006284670671448112,0.38662493228912354,0.5052571892738342,0.00013485040108207613,0.5022190809249878,0.0076785157434642315,-6.230120658874512,0.49797141551971436,5.7148314226651564e-05,0.5025877356529236,0.0046163201332092285,-3.779543161392212,0.9901849031448364,0.0021655766759067774,1.0,0.009815096855163574,-2.1263532638549805,0.40321993827819824,0.007493619341403246,0.33000001311302185,0.07321992516517639,-1.1701984405517578,0.7202697396278381,1.0,0.27973026037216187,0.08729972690343857,0.0,0.08729972690343857,0.05050656571984291,0.05050656571984291,0.0,1.0,-20.088659286499023,1784745920.0604982,89.19877004623413,,61.20306070441876,7.34307020758559,0.0,,False,1.087939739227295
581,0.004621320869773626,3.851057499559829e-07,0.0045499131083488464,0.0011177337728440762,1.9814757479252876e-07,0.000978247495368123,0.0001567019207868725,-13.208407402038574,0.39807385206222534,0.0006448335479944944,0.3900587856769562,0.5047492980957031,0.00013673384091816843,0.5017741322517395,0.008549438789486885,-6.201938629150391,0.4977799654006958,5.815211989101954e-05,0.5024512410163879,0.004671275615692139,-3.769666910171509,0.9897034168243408,0.002181796357035637,1.0,0.01029658317565918,-2.1205685138702393,0.40765637159347534,0.007927283644676208,0.33000001311302185,0.07765635848045349,-1.1194196939468384,0.7333782315254211,1.0,0.26662176847457886,0.09489095956087112,0.0,0.09489095956087112,0.05629761144518852,0.05629761144518852,0.0,1.0,-20.054792404174805,1784745920.1457992,89.28407096862793,,62.120556186407065,6.772430027832103,0.0,,False,1.087939739227295
582,0.0046820794232189655,4.0971707448989036e-07,0.00455338042229414,0.001116015249863267,2.0750083251641627e-07,0.0009767332812771201,0.0001896388566819951,-13.143129348754883,0.4021206498146057,0.0006580732297152281,0.3969849646091461,0.5043456554412842,0.00013825675705447793,0.499932199716568,0.006771547719836235,-6.177935600280762,0.4976211190223694,5.893280103919096e-05,0.5020999908447266,0.004478871822357178,-3.780421495437622,0.9901188611984253,0.0021879866253584623,1.0,0.009881138801574707,-2.121136426925659,0.412545382976532,0.008316067978739738,0.33000001311302185,0.08254536986351013,-1.0661711692810059,0.7464960813522339,1.0,0.2535039186477661,0.10290122777223587,0.0,0.10290122777223587,0.06257648766040802,0.06257648766040802,0.0,1.0,-19.975688934326172,1784745920.2513275,89.3895993232727,,62.958948198546736,6.1485413234127835,0.0,,False,1.087939739227295
583,0.004744191654026508,4.3598711840786564e-07,0.004786289297044277,0.00111471489071846,2.1758972934549092e-07,0.0010282135335728526,9.620133641874418e-05,-13.1360502243042,0.4061470031738281,0.0006733754999004304,0.4020808935165405,0.5038301944732666,0.00013986785779707134,0.4994886517524719,0.005948297213762999,-6.171474456787109,0.49736613035202026,5.977762339171022e-05,0.5018208026885986,0.004454672336578369,-3.7775182723999023,0.9900707006454468,0.002207076409831643,1.0,0.009929299354553223,-2.116769552230835,0.41705185174942017,0.008724370039999485,0.33000001311302185,0.08705183863639832,-1.0175769329071045,0.7578887343406677,1.0,0.24211126565933228,0.11157302558422089,0.0,0.11157302558422089,0.06956010311841965,0.06956010311841965,0.0,1.0,-19.961990356445312,1784745920.3454707,89.48374247550964,,63.78364163280554,5.476058382619563,0.0,,False,1.087939739227295
584,0.004805406089872122,4.6278628929030674e-07,0.004812340717762709,0.0011113773798570037,2.279113999748006e-07,0.001038570306263864,7.313657988561317e-05,-13.090596199035645,0.4102867841720581,0.0006887659546919167,0.4071290194988251,0.503278374671936,0.0001414235302945599,0.5017240643501282,0.003519567893818021,-6.218523025512695,0.4970700144767761,6.063254113541916e-05,0.5014578700065613,0.004387855529785156,-3.7776308059692383,0.9900617599487305,0.0022274809889495373,1.0,0.009938240051269531,-2.112332820892334,0.4210944175720215,0.009127113968133926,0.33000001311302185,0.09109440445899963,-0.9747241735458374,0.7697181105613708,1.0,0.23028188943862915,0.12135647237300873,0.0,0.12135647237300873,0.07766107469797134,0.07766107469797134,0.0,1.0,-19.9542293548584,1784745920.434086,89.57235789299011,,64.60057406547745,4.760722682465075,0.0,,False,1.087939739227295
585,0.004863709211349487,4.851096377933573e-07,0.004754412919282913,0.0011069318279623985,2.3618201794306515e-07,0.0010281001450493932,0.00013475946616381407,-13.035430908203125,0.41450536251068115,0.0007004754152148962,0.41301408410072327,0.5029844641685486,0.00014233944239094853,0.5021065473556519,0.0017305054934695363,-6.2183518409729,0.4968876540660858,6.105231295805424e-05,0.5012702941894531,0.00438264012336731,-3.7756471633911133,0.990618109703064,0.002228743163868785,1.0,0.009381890296936035,-2.114473581314087,0.4234631657600403,0.009440949186682701,0.3296777307987213,0.09378543496131897,-0.9465833902359009,0.7807807922363281,1.0,0.21921920776367188,0.1310315728187561,0.0,0.1310315728187561,0.08589377254247665,0.08589377254247665,0.0,1.0,-19.89793586730957,1784745920.54879,89.68706178665161,,65.36121301060052,4.017246199000651,0.0,,False,1.087939739227295
586,0.004926344379782677,5.079381821815332e-07,0.004848935175687075,0.0010987475980073214,2.443962614506745e-07,0.001048683887347579,9.218763443641365e-05,-13.009786605834961,0.41920706629753113,0.0007132982136681676,0.4172550141811371,0.5027139186859131,0.00014342473878059536,0.5010842084884644,0.0025429241359233856,-6.197848320007324,0.49670273065567017,6.150935223558918e-05,0.5011774897575378,0.004474759101867676,-3.7664544582366943,0.9906182289123535,0.00223994511179626,1.0,0.009381771087646484,-2.1120660305023193,0.42502856254577637,0.00973957497626543,0.33000001311302185,0.09502854943275452,-0.9332460165023804,0.7910143733024597,1.0,0.20898562669754028,0.1409633308649063,0.0,0.1409633308649063,0.09456399828195572,0.09456399828195572,0.0,1.0,-19.85129165649414,1784745920.6531327,89.79140448570251,,66.07520774490817,3.260432341802706,0.0,,False,1.087939739227295
587,0.004987169988453388,5.231950126471929e-07,0.0051544602029025555,0.0010764999315142632,2.496074955615768e-07,0.0011130515486001968,0.0001712367811705917,-12.966045379638672,0.42383599281311035,0.0007221987470984459,0.4223426878452301,0.502639889717102,0.00014442644896917045,0.49929875135421753,0.003659667447209358,-6.159907341003418,0.4966074824333191,6.196201866259798e-05,0.5010424256324768,0.004434943199157715,-3.7668397426605225,0.991010308265686,0.0022545168176293373,1.0,0.008989691734313965,-2.110548496246338,0.4294300079345703,0.009952371008694172,0.33000001311302185,0.09942999482154846,-0.8893518447875977,0.8015486598014832,1.0,0.19845134019851685,0.14818324148654938,0.0,0.14818324148654938,0.10100092738866806,0.10100092738866806,0.0,1.0,-19.777389526367188,1784745920.7475984,89.88587021827698,,66.71530034908886,2.4597243128899784,0.0,,False,1.087939739227295
588,0.005050701089203358,5.548769195229397e-07,0.005340876989066601,0.0010843290947377682,2.6119485596609593e-07,0.0011541323037818074,0.00029845358221791685,-12.85818099975586,0.4284173846244812,0.000741385854780674,0.4282130002975464,0.502059280872345,0.00014577321417164057,0.4982406198978424,0.003824126673862338,-6.132302284240723,0.4962529242038727,6.243384268600494e-05,0.5010099411010742,0.004757016897201538,-3.740537405014038,0.9907304048538208,0.0022829268127679825,1.0,0.0092695951461792,-2.10339093208313,0.4286441206932068,0.01034887507557869,0.3296777307987213,0.09896638989448547,-0.8932920098304749,0.8104968667030334,1.0,0.18950313329696655,0.16398341953754425,0.0,0.16398341953754425,0.11546403169631958,0.11546403169631958,0.0,1.0,-19.63429069519043,1784745920.841736,89.9800078868866,,67.2122941220928,1.662956449020128,0.0,,False,1.087939739227295
589,0.005110971163958311,5.839190748702094e-07,0.004879774525761604,0.001091998303309083,2.7178339223610237e-07,0.0010568478610366583,0.00023385345411952585,-12.849961280822754,0.43267470598220825,0.0007580132223665714,0.4332205057144165,0.5015802383422852,0.00014685011410620064,0.49839141964912415,0.0032351913396269083,-6.132758140563965,0.4959462285041809,6.271307211136445e-05,0.5010631084442139,0.005116879940032959,-3.7107837200164795,0.990965723991394,0.0022995013277977705,1.0,0.009034276008605957,-2.100846290588379,0.42739003896713257,0.010693634860217571,0.3296777307987213,0.09771230816841125,-0.9036951065063477,0.8188223242759705,1.0,0.18117767572402954,0.1806601881980896,0.0,0.1806601881980896,0.1312614232301712,0.1312614232301712,0.0,1.0,-19.611560821533203,1784745920.9459147,90.08418655395508,,67.68655802143951,0.8765916818261508,0.0,,False,1.087939739227295
590,0.005172999110072851,6.113410222496896e-07,0.005126454867422581,0.0010974346660077572,2.820727900143538e-07,0.0011083276476711035,4.7801921027712524e-05,-12.854496002197266,0.43719589710235596,0.0007739317370578647,0.43742623925209045,0.5011835098266602,0.0001474997407058254,0.4986349046230316,0.002558993175625801,-6.132925987243652,0.4956459105014801,6.280414527282119e-05,0.5010688304901123,0.005422919988632202,-3.684680938720703,0.9914237260818481,0.0023076003417372704,1.0,0.008576273918151855,-2.100898027420044,0.42557138204574585,0.011047666892409325,0.33000001311302185,0.095571368932724,-0.9204442501068115,0.8274957537651062,1.0,0.1725042462348938,0.19899901747703552,0.0,0.19899901747703552,0.1492236703634262,0.1492236703634262,0.0,1.0,-19.603178024291992,1784745921.0543203,90.19259214401245,,68.15243912354501,0.10697605823263734,0.0,,False,1.087939739227295
591,0.005237085744738579,6.445687290579372e-07,0.0051416559144854546,0.0011043035192415118,2.944584309716447e-07,0.0011083248537033796,9.551451512379572e-05,-12.801437377929688,0.4423290491104126,0.0007929650018922985,0.4433915317058563,0.5006484389305115,0.00014824591926299036,0.500328540802002,0.0011095963418483734,-6.1392502784729,0.4952522814273834,6.291682802839205e-05,0.5010734796524048,0.005821198225021362,-3.6486148834228516,0.9914224147796631,0.0023210702929645777,1.0,0.008577585220336914,-2.0980756282806396,0.4214746952056885,0.011451074853539467,0.33000001311302185,0.09147468209266663,-0.9505335092544556,0.8359958529472351,1.0,0.1640041470527649,0.22103525698184967,0.0,0.22103525698184967,0.1715680956840515,0.1715680956840515,0.0,1.0,-19.53714370727539,1784745921.140554,90.2788257598877,,68.5522859086339,0.0,0.0,,False,1.087939739227295
592,0.005301619879901409,6.775105134693149e-07,0.006232263054698706,0.0011121660936623812,3.0638747716693615e-07,0.0013303817249834538,0.0009558842866681516,-12.046865463256836,0.4476904273033142,0.0008102303254418075,0.4503132104873657,0.5002790689468384,0.00014847439888399094,0.49696433544158936,0.004226872231811285,-6.087521553039551,0.49494630098342896,6.267480785027146e-05,0.5012465715408325,0.0063002705574035645,-3.603175401687622,0.9919286966323853,0.0023158141411840916,1.0,0.008071303367614746,-2.1009929180145264,0.41579705476760864,0.011847896501421928,0.32242676615715027,0.09337028861045837,-0.9309501647949219,0.8443301916122437,1.0,0.15566980838775635,0.2455066293478012,0.0,0.2455066293478012,0.19727660715579987,0.19727660715579987,0.0,1.0,-18.71847152709961,1784745921.2461538,90.3844256401062,,68.13346051354702,0.0,0.0,,False,1.087939739227295
593,0.005365564487874508,7.124490934984351e-07,0.005159453023225069,0.0011247082147747278,3.192083966041537e-07,0.001109661883674562,0.00020665994088631123,-12.687942504882812,0.4524214267730713,0.0008299463079310954,0.4537580907344818,0.49972936511039734,0.00014948043099138886,0.4965450167655945,0.0034535119775682688,-6.078375816345215,0.49457019567489624,6.28049238002859e-05,0.5014325380325317,0.006862342357635498,-3.5438950061798096,0.9915186166763306,0.002340356819331646,1.0,0.008481383323669434,-2.094419240951538,0.4112997055053711,0.012258895672857761,0.32242676615715027,0.08887293934822083,-0.9596635103225708,0.8501754403114319,1.0,0.14982455968856812,0.2697538137435913,0.0,0.2697538137435913,0.22359466552734375,0.22359466552734375,0.0,1.0,-19.32259178161621,1784745921.354414,90.49268579483032,,68.31875537297674,0.0,0.0,,False,1.087939739227295
594,0.0054281847551465034,7.440550575665839e-07,0.005326300393790007,0.0011335837189108133,3.314915204555291e-07,0.001148088718764484,0.00010291169746778905,-12.670236587524414,0.4573986232280731,0.0008476349757984281,0.4597816467285156,0.4992872178554535,0.00014997426478657871,0.49644041061401367,0.003712561447173357,-6.070807933807373,0.49423447251319885,6.27304834779352e-05,0.5013673305511475,0.007132858037948608,-3.513867139816284,0.9917179346084595,0.0023474094923585653,1.0,0.008282065391540527,-2.093672752380371,0.4060686230659485,0.0126624321565032,0.3296777307987213,0.07639089226722717,-1.0351909399032593,0.856780469417572,1.0,0.14321953058242798,0.29519763588905334,0.0,0.29519763588905334,0.25202515721321106,0.25202515721321106,1.0,1.0,-19.283815383911133,1784745921.4622543,90.60052609443665,,68.46527383470138,0.0,0.0,,False,1.087939739227295
595,0.005512772127985954,7.671123967156745e-07,0.0052988785319030285,0.0011442902032285929,3.369257228769129e-07,0.0011395369656383991,0.00021394640498328954,-12.624286651611328,0.46576982736587524,0.0008437366923317313,0.4641300141811371,0.5001055002212524,0.00014478137018159032,0.49564632773399353,0.0047511267475783825,-6.05083703994751,0.49455374479293823,5.947976023890078e-05,0.5013078451156616,0.006754100322723389,-3.5625247955322266,0.997239351272583,0.002209498779848218,1.0,0.002760648727416992,-2.136831760406494,0.3835570216178894,0.013119496405124664,0.32935547828674316,0.05420154333114624,-1.1359260082244873,0.8685232996940613,1.0,0.13147670030593872,0.33636170625686646,0.0,0.33636170625686646,0.2995508313179016,0.2995508313179016,1.0,1.0,-19.246219635009766,1784745921.5458157,90.68408751487732,,68.57419654752465,0.0,0.0,,False,1.087939739227295
596,0.005602489225566387,8.06388300134131e-07,0.005412023980170488,0.0011600302532315254,3.5085597005490854e-07,0.0011628143256530166,0.00019048558897338808,-12.586414337158203,0.47259294986724854,0.0008598938002251089,0.47024795413017273,0.5003370642662048,0.00014354432641994208,0.4963882565498352,0.004592612385749817,-6.058394432067871,0.4947182238101959,5.843809776706621e-05,0.5010309219360352,0.006312698125839233,-3.6138720512390137,0.9989962577819824,0.0021884930320084095,1.0,0.0010037422180175781,-2.1431024074554443,0.36710911989212036,0.01380114071071148,0.33000001311302185,0.03710910677909851,-1.1726731061935425,0.875593900680542,1.0,0.12440609931945801,0.3794569671154022,0.0,0.3794569671154022,0.3509611189365387,0.3509611189365387,1.0,1.0,-19.240066528320312,1784745921.6519907,90.79026246070862,,68.67696615365847,0.0,0.0,,False,1.087939739227295
597,0.005674924701452255,8.487097034048929e-07,0.005492690950632095,0.0011814553290605545,3.6785058910027146e-07,0.0011845520930364728,0.0001822600606828928,-12.54011344909668,0.47853779792785645,0.0008799689239822328,0.4746187627315521,0.5003577470779419,0.0001436507300240919,0.49603569507598877,0.005834292620420456,-6.030251502990723,0.49473920464515686,5.8034966059494764e-05,0.5008941292762756,0.006154924631118774,-3.6319122314453125,1.0001296997070312,0.002191320061683655,1.0,0.00012969970703125,-2.1426830291748047,0.35216522216796875,0.014483680948615074,0.3296777307987213,0.022487491369247437,-1.1809706687927246,0.8812595009803772,1.0,0.1187404990196228,0.42026352882385254,0.0,0.42026352882385254,0.40080446004867554,0.40080446004867554,0.0,1.0,-19.18027114868164,1784745921.7464573,90.8847291469574,,68.71994038015362,0.0,0.0,,False,1.087939739227295
598,0.005731744226068258,8.945194167608861e-07,0.004965647589415312,0.0012233071029186249,3.875354082083504e-07,0.0010732460068538785,0.0007806551293469965,-12.150232315063477,0.48300665616989136,0.000915795739274472,0.4790198504924774,0.49937915802001953,0.00014576069952454418,0.4957205355167389,0.00541111221536994,-6.022159576416016,0.49414703249931335,5.8705321862362325e-05,0.5007951259613037,0.0066480934619903564,-3.5761191844940186,0.9963511228561401,0.0022577911149710417,1.0,0.0036488771438598633,-2.1247971057891846,0.3490583896636963,0.015158276073634624,0.3296777307987213,0.019380658864974976,-1.163276195526123,0.8814714550971985,1.0,0.11852854490280151,0.4459409713745117,0.0,0.4459409713745117,0.43257424235343933,0.43257424235343933,0.0,1.0,-18.756019592285156,1784745921.851879,90.99015069007874,,68.33866305025228,0.0,0.0,,False,1.087939739227295
599,0.0057866377755999565,9.334028163721086e-07,0.0056111570447683334,0.0012532880064100027,4.0347387653127953e-07,0.001214170246385038,0.00017978789401240647,-12.44752311706543,0.4893141984939575,0.000940248544793576,0.48539993166923523,0.4987803101539612,0.00014583647134713829,0.49482467770576477,0.0055649359710514545,-6.001525402069092,0.49365776777267456,5.827645509270951e-05,0.5005872249603271,0.006929457187652588,-3.544238567352295,0.994206428527832,0.002281045541167259,1.0,0.005793571472167969,-2.115264654159546,0.3379502296447754,0.015561133623123169,0.32935547828674316,0.008594751358032227,-1.16017746925354,0.8833977580070496,1.0,0.11660224199295044,0.47395220398902893,0.0,0.47395220398902893,0.4674568176269531,0.4674568176269531,0.0,1.0,-19.020862579345703,1784745921.9567246,91.09499645233154,,68.22222870741149,0.0,0.0,,False,1.087939739227295
600,0.00583901721984148,9.588420653017238e-07,0.005532602779567242,0.0012665399117395282,4.1508386061650526e-07,0.0011994837550446391,0.00031366595067083836,-12.38390827178955,0.4943404793739319,0.0009548804955556989,0.48992201685905457,0.4982319176197052,0.0001460434141336009,0.49463707208633423,0.005696115083992481,-6.000422477722168,0.49324536323547363,5.7785720855463296e-05,0.5002818703651428,0.0070365071296691895,-3.532031774520874,0.9933978319168091,0.0022952952422201633,1.0,0.006602168083190918,-2.110013008117676,0.32356151938438416,0.015833809971809387,0.33000001311302185,0.006438493728637695,-1.1525564193725586,0.8865659236907959,1.0,0.1134340763092041,0.5062574744224548,0.0,0.5062574744224548,0.5078215599060059,0.5078215599060059,0.0,1.0,-18.95026206970215,1784745922.0636556,91.20192742347717,,68.03519385492714,0.0,0.0,,False,1.087939739227295
601,0.005903109908103943,9.834678849074407e-07,0.005642929580062628,0.0012745396234095097,4.260710966264014e-07,0.0012248054845258594,0.00026489110314287245,-12.375225067138672,0.5001106262207031,0.0009699870133772492,0.4959539473056793,0.49779650568962097,0.00014634912076871842,0.4948705732822418,0.005083213560283184,-6.007839679718018,0.49287042021751404,5.742853318224661e-05,0.5001053810119629,0.0072349607944488525,-3.5078084468841553,0.9925186634063721,0.0023127554450184107,1.0,0.00748133659362793,-2.103618860244751,0.31515365839004517,0.01603330858051777,0.3296777307987213,0.014524072408676147,-1.1410266160964966,0.8889456987380981,1.0,0.11105430126190186,0.5276936888694763,0.0,0.5276936888694763,0.5345971584320068,0.5345971584320068,0.0,1.0,-18.935401916503906,1784745922.1474757,91.28574752807617,,67.83329884924456,0.0,0.0,,False,1.087939739227295
602,0.005968101322650909,1.0070606322187814e-06,0.005784403067082167,0.0012802858836948872,4.3695914087038545e-07,0.0012548582162708044,0.00018544976774137467,-12.37057876586914,0.5061752200126648,0.000982765108346939,0.5001338124275208,0.4974190592765808,0.00014616224507335573,0.4973146617412567,0.006042309571057558,-6.021483421325684,0.49252527952194214,5.688361488864757e-05,0.4998592436313629,0.007333964109420776,-3.4955317974090576,0.9920030832290649,0.0023142441641539335,1.0,0.007996916770935059,-2.1015806198120117,0.30485403537750244,0.01621030457317829,0.32548826932907104,0.020634233951568604,-1.1289827823638916,0.8919448852539062,1.0,0.10805511474609375,0.5517736673355103,0.0,0.5517736673355103,0.5645869374275208,0.5645869374275208,0.0,1.0,-18.935531616210938,1784745922.2519574,91.39022922515869,,67.631533543269,0.0,0.0,,False,1.087939739227295
603,0.006035935133695602,1.0330381883250084e-06,0.003997634630650282,0.0012910900404676795,4.476748074466741e-07,0.0008662116015329957,0.0020821120124310255,-10.150705337524414,0.512621283531189,0.0009950395906344056,0.5051994919776917,0.4971713423728943,0.00014554528752341866,0.4977917969226837,0.007447680924087763,-6.006997108459473,0.4922393262386322,5.611489177681506e-05,0.49964290857315063,0.007403582334518433,-3.4867162704467773,0.9917041063308716,0.002305133268237114,1.0,0.008295893669128418,-2.1024417877197266,0.2934492826461792,0.016343681141734123,0.30631348490715027,0.01286420226097107,-1.13295578956604,0.8947310447692871,1.0,0.10526895523071289,0.5751562714576721,0.0,0.5751562714576721,0.593547523021698,0.593547523021698,0.0,2.0,-16.699661254882812,1784745922.3581696,91.49644136428833,,65.19389787596532,0.0,0.0,,False,1.087939739227295
604,0.006106535904109478,1.047010300680995e-06,0.00798583123832941,0.001296561909839511,4.521836558524228e-07,0.0017343811923637986,0.0019296208629384637,-10.452953338623047,0.518565833568573,0.0009985307697206736,0.5113288164138794,0.4972228705883026,0.0001444888475816697,0.4965287744998932,0.007270226255059242,-6.00999641418457,0.4921025037765503,5.502493149833754e-05,0.49938058853149414,0.007278084754943848,-3.503591299057007,0.9930319786071777,0.002278310479596257,1.0,0.006968021392822266,-2.1125662326812744,0.28444188833236694,0.01649104431271553,0.28617188334465027,0.0017299950122833252,-1.1334397792816162,0.8989892601966858,1.0,0.10101073980331421,0.5977044701576233,0.0,0.5977044701576233,0.621256947517395,0.621256947517395,0.0,2.0,-17.012744903564453,1784745922.4438572,91.58212900161743,,63.06934585734327,0.0,0.0,,False,1.087939739227295
605,0.006179292220622301,1.0699179711082252e-06,0.005997532978653908,0.0013142672833055258,4.6171194867383747e-07,0.0013030825648456812,0.00018210304551757872,-12.314675331115723,0.5244734883308411,0.001009088708087802,0.5157549977302551,0.4970177412033081,0.00014429596194531769,0.49451398849487305,0.009070878848433495,-5.973913192749023,0.49179720878601074,5.435424827737734e-05,0.4987228214740753,0.006925612688064575,-3.549837827682495,0.9921154975891113,0.0022816441487520933,1.0,0.007884502410888672,-2.108867883682251,0.2730218172073364,0.016392871737480164,0.3274218738079071,0.05440005660057068,-1.046251893043518,0.901477038860321,1.0,0.09852296113967896,0.6210597157478333,0.0,0.6210597157478333,0.6496636271476746,0.6496636271476746,0.0,2.0,-18.868724822998047,1784745922.5517032,91.68997502326965,,62.80077375815482,0.0,0.0,,False,1.087939739227295
606,0.006243179086595774,1.1029878805857152e-06,0.006054385099560022,0.0013248075265437365,4.7645943368479493e-07,0.001308005303144455,0.00018954019469674677,-12.282854080200195,0.5305927991867065,0.0010260856943205,0.522153377532959,0.49655652046203613,0.00014476659998763353,0.49363139271736145,0.008931976743042469,-5.959059715270996,0.4914039373397827,5.399658766691573e-05,0.49842891097068787,0.007024973630905151,-3.5373804569244385,0.9911798238754272,0.002299028215929866,1.0,0.008820176124572754,-2.101776599884033,0.26203471422195435,0.016511568799614906,0.32935547828674316,0.06732076406478882,-0.9956687688827515,0.9045334458351135,1.0,0.09546655416488647,0.6438825130462646,0.0,0.6438825130462646,0.6770656704902649,0.6770656704902649,0.0,2.0,-18.81879234313965,1784745922.656422,91.7946937084198,,62.482269179107966,0.0,0.0,,False,1.087939739227295
607,0.006294907536357641,1.122638877859572e-06,0.006072851363569498,0.0013346732594072819,4.862378091274877e-07,0.0013143304968252778,0.0002229860401712358,-12.2579345703125,0.5352441668510437,0.0010363123146817088,0.526851236820221,0.49626004695892334,0.00014522008132189512,0.4957805871963501,0.008406613953411579,-5.982017993927002,0.4911463260650635,5.3625539294444025e-05,0.49803996086120605,0.006893634796142578,-3.554711103439331,0.9906820058822632,0.0023100317921489477,1.0,0.009317994117736816,-2.09751558303833,0.252368688583374,0.016458772122859955,0.3251660168170929,0.07279732823371887,-0.9735182523727417,0.9071935415267944,1.0,0.09280645847320557,0.6627887487411499,0.0,0.6627887487411499,0.6994506120681763,0.6994506120681763,0.0,2.0,-18.820903778076172,1784745922.7607996,91.89907145500183,,62.16587603499764,0.0,0.0,,False,1.087939739227295
608,0.006346112582832575,1.142564201472851e-06,0.006757647730410099,0.0013465876691043377,4.958286012879398e-07,0.0014633643440902233,0.0004277826228644699,-12.173892974853516,0.5402102470397949,0.001044977456331253,0.5322930216789246,0.4961107671260834,0.0001449872215744108,0.49665170907974243,0.007935683242976665,-5.982433795928955,0.49094370007514954,5.305885861162096e-05,0.4976416528224945,0.006697952747344971,-3.580353260040283,0.9904235601425171,0.0023033595643937588,1.0,0.00957643985748291,-2.0978474617004395,0.24249455332756042,0.016385763883590698,0.32935547828674316,0.08686092495918274,-0.9065078496932983,0.9094099402427673,1.0,0.09059005975723267,0.6793925762176514,0.0,0.6793925762176514,0.7188424468040466,0.7188424468040466,0.0,2.0,-18.750017166137695,1784745922.8442404,91.98251223564148,,61.77859627894883,0.0,0.0,,False,1.087939739227295
609,0.006403113715350628,1.1691280406012083e-06,0.006236493121832609,0.001362085109576583,5.067884103482356e-07,0.0013440801994875073,0.00016759056597948074,-12.227142333984375,0.5457959175109863,0.0010544477263465524,0.5384302139282227,0.496019572019577,0.0001445208181394264,0.5000840425491333,0.008412699215114117,-5.927655220031738,0.49077245593070984,5.238546509644948e-05,0.49740028381347656,0.006627827882766724,-3.590224266052246,0.9903073310852051,0.002291899872943759,1.0,0.009692668914794922,-2.0997531414031982,0.2314544916152954,0.016330314800143242,0.29793456196784973,0.06648007035255432,-1.0031087398529053,0.9114264845848083,1.0,0.08857351541519165,0.6961677074432373,0.0,0.6961677074432373,0.7381535768508911,0.7381535768508911,0.0,1.0,-18.764379501342773,1784745922.9507523,92.08902406692505,,61.405678858105105,0.0,0.007211693838618305,,False,1.087939739227295
610,0.006463034078478813,1.189673412227421e-06,0.0062605408020317554,0.0013680460397154093,5.173138220015971e-07,0.001343360054306686,0.00020399245840962976,-12.202524185180664,0.5507926344871521,0.0010642434936016798,0.5431761145591736,0.4959051311016083,0.0001446288952138275,0.4977312982082367,0.00783238559961319,-5.966753959655762,0.4906623363494873,5.2053219405934215e-05,0.49716582894325256,0.006503492593765259,-3.606412410736084,0.9893672466278076,0.0022962247021496296,1.0,0.010632753372192383,-2.0946884155273438,0.22186453640460968,0.016165412962436676,0.29390624165534973,0.07204170525074005,-0.9829739928245544,0.9118312001228333,1.0,0.08816879987716675,0.707812488079071,0.0,0.707812488079071,0.7513788342475891,0.7513788342475891,0.0,1.0,-18.779132843017578,1784745923.067929,92.20620083808899,,61.04751477893618,0.0,0.02606816831307035,,False,1.087939739227295
611,0.006515199318528175,1.2142409104853868e-06,0.006283456925302744,0.0013781923335045576,5.294994593896263e-07,0.0013503115624189377,0.00023341352061834186,-12.175637245178223,0.5555113554000854,0.001076936605386436,0.5498042702674866,0.4954870939254761,0.00014526702580042183,0.4970610439777374,0.005920147057622671,-5.97376012802124,0.4903922379016876,5.190330557525158e-05,0.49680855870246887,0.00641632080078125,-3.617530345916748,0.9887471199035645,0.0023204335011541843,1.0,0.011252880096435547,-2.0867769718170166,0.2128826081752777,0.016208961606025696,0.0,0.2128826081752777,0.2558044195175171,0.9130667448043823,1.0,0.08693325519561768,0.7206830382347107,1.0,0.2793169617652893,0.7658124566078186,0.2341875433921814,0.0,1.0,-18.763410568237305,1784745923.1528342,92.29110598564148,,60.67362842498699,0.945864293217842,0.0,,False,1.087939739227295
612,0.006584375165402889,1.2137712701587589e-06,0.0064571392722427845,0.0013620266690850258,5.27797453742096e-07,0.0013777269050478935,0.0001282009034184739,-12.19338607788086,0.5584847927093506,0.0010642808629199862,0.5545742511749268,0.49558722972869873,0.00015356822405010462,0.494322806596756,0.004109878558665514,-5.963143825531006,0.4900774359703064,5.3250230848789215e-05,0.49653345346450806,0.00645601749420166,-3.609954357147217,0.9842724800109863,0.0024639021139591932,1.0,0.015727519989013672,-2.033870220184326,0.15564441680908203,0.013521891087293625,0.0,0.15564441680908203,-0.33700764179229736,0.9208504557609558,1.0,0.07914954423904419,0.8030565977096558,1.0,0.19694340229034424,0.8528192043304443,0.14718079566955566,0.0,1.0,-18.768878936767578,1784745923.2573533,92.39562511444092,,60.305210439568064,1.2989165251258696,0.0,,False,1.087939739227295
613,0.006652506534010172,1.168510266325029e-06,0.006745264399796724,0.001377367414534092,5.033103320783994e-07,0.001440886757336557,0.00011242210166528821,-12.235352516174316,0.5649133920669556,0.0010361266322433949,0.5602375864982605,0.49602454900741577,0.00014854392793495208,0.49628007411956787,0.004682782106101513,-5.994800090789795,0.4899863004684448,5.006950595998205e-05,0.49620234966278076,0.0062160491943359375,-3.646254301071167,0.9854199886322021,0.002358766971156001,1.0,0.014580011367797852,-2.0608088970184326,0.11778800189495087,0.012033196166157722,0.0,0.11778800189495087,-0.7146153450012207,0.923456609249115,1.0,0.07654339075088501,0.8335230946540833,1.0,0.16647690534591675,0.8822079300880432,0.11779206991195679,0.0,1.0,-18.854320526123047,1784745946.7521417,115.89041352272034,,60.02223404350461,1.2743610538249739,0.0,,False,1.087939739227295
614,0.006734887138009071,1.1452589205873664e-06,0.006647113710641861,0.0014203094178810716,4.875390118286305e-07,0.00141131691634655,8.8232867710758e-05,-12.26556396484375,0.5730050206184387,0.001022451906464994,0.565899670124054,0.4962735176086426,0.00014289128012023866,0.49742671847343445,0.007198324427008629,-6.002270221710205,0.4897506833076477,4.707709376816638e-05,0.4957951307296753,0.006044447422027588,-3.6748859882354736,0.9855644702911377,0.0022945518139749765,1.0,0.014435529708862305,-2.0742619037628174,0.087897390127182,0.01148870587348938,0.31324219703674316,0.22534480690956116,0.8957520723342896,0.9252235889434814,1.0,0.07477641105651855,0.8522523045539856,0.0,0.8522523045539856,0.8993905782699585,0.8993905782699585,0.0,1.0,-18.904823303222656,1784745946.8580132,115.99628496170044,,59.789760424540766,2.8601729998595884,0.1632962909493666,,False,1.087939739227295
615,0.006808606442064047,1.120673346122203e-06,0.0065957591868937016,0.0014765153173357248,4.79090999760956e-07,0.001397515065036714,0.0002270352269988507,-12.26187515258789,0.5820583701133728,0.0010180766694247723,0.5724400877952576,0.4963347315788269,0.00013028983084950596,0.4976275861263275,0.00970478355884552,-6.028068542480469,0.4897294044494629,4.3057763832621276e-05,0.49541449546813965,0.005685091018676758,-3.7322325706481934,0.99189293384552,0.0020840370561927557,1.0,0.00810706615447998,-2.152017116546631,0.10927312821149826,0.012595358304679394,0.0,0.10927312821149826,-0.7942663431167603,0.9195307493209839,1.0,0.08046925067901611,0.8129206895828247,1.0,0.1870793104171753,0.8625195622444153,0.13748043775558472,0.0,1.0,-18.9504451751709,1784745946.9538589,116.09213066101074,,59.602908677525164,2.7559665304431533,0.0,,False,1.087939739227295
616,0.006878405809402466,1.1326825415380881e-06,0.006698569282889366,0.0015035863034427166,4.833543698623544e-07,0.0014158840058371425,0.0002000821550609544,-12.256608963012695,0.5863949060440063,0.0010205600410699844,0.5770933032035828,0.49617302417755127,0.00013663504796568304,0.4963897466659546,0.009304126724600792,-6.012363433837891,0.48928824067115784,4.383375562611036e-05,0.49538493156433105,0.006096690893173218,-3.6746304035186768,0.986535906791687,0.002257291227579117,1.0,0.013464093208312988,-2.0877015590667725,0.06337720155715942,0.011822319589555264,0.0,0.06337720155715942,-1.1300679445266724,0.9266484379768372,1.0,0.07335156202316284,0.8605152368545532,1.0,0.13948476314544678,0.9067404866218567,0.09325951337814331,0.0,1.0,-18.9038143157959,1784745947.0479395,116.18621134757996,,59.36942607113456,2.315958459616806,0.0,,False,1.087939739227295
617,0.006947904359549284,1.0820029956448707e-06,0.00679980032145977,0.001518042292445898,4.5688210548178176e-07,0.0014351403806358576,0.0001697278203209862,-12.312233924865723,0.5924109816551208,0.0009990929393097758,0.582714319229126,0.4965231418609619,0.00013125785335432738,0.4955272674560547,0.009747668169438839,-6.034794330596924,0.4891231656074524,4.126433850615285e-05,0.4950757622718811,0.005952596664428711,-3.6994709968566895,0.9874166250228882,0.002196498913690448,1.0,0.012583374977111816,-2.1054625511169434,0.04560837894678116,0.011341642588376999,0.0,0.04560837894678116,-1.228995680809021,0.9261747002601624,1.0,0.07382529973983765,0.8669163584709167,1.0,0.13308364152908325,0.9123327136039734,0.08766728639602661,0.0,1.0,-18.989805221557617,1784745947.1528041,116.29107594490051,,59.22193437050568,1.7770226525081103,0.0,,False,1.087939739227295
618,0.007020368240773678,1.0556232155067846e-06,0.007095169275999069,0.001545505947433412,4.413053602547734e-07,0.0014839833602309227,9.685155237093568e-05,-12.352638244628906,0.5991308689117432,0.0009890354704111814,0.5882052779197693,0.49664703011512756,0.00012695755867753178,0.49542057514190674,0.01099421363323927,-6.041071891784668,0.488822340965271,3.923433905583806e-05,0.49483656883239746,0.006014227867126465,-3.693080186843872,0.9871751070022583,0.002177386311814189,1.0,0.0128248929977417,-2.108106851577759,0.03075304627418518,0.011332439258694649,0.0,0.03075304627418518,-1.2793768644332886,0.9249545335769653,1.0,0.07504546642303467,0.8696585297584534,1.0,0.13034147024154663,0.9147005677223206,0.08529943227767944,0.0,1.0,-19.03203582763672,1784745947.2581346,116.39640641212463,,59.1166732759559,1.1877056617751467,0.0,,False,1.087939739227295
619,0.007084001321345568,1.0232479326077737e-06,0.00676832115277648,0.0015705152181908488,4.245221134624444e-07,0.0014035366475582123,0.0003571215784177184,-12.313003540039062,0.6048247218132019,0.0009758685482665896,0.5945156216621399,0.49680840969085693,0.00012318081280682236,0.49455928802490234,0.010551592335104942,-6.054157257080078,0.4885661005973816,3.735775680979714e-05,0.494670033454895,0.006103932857513428,-3.6798815727233887,0.987473726272583,0.002152202185243368,1.0,0.012526273727416992,-2.1152405738830566,0.019220851361751556,0.011322357691824436,0.0,0.019220851361751556,-1.3052349090576172,0.9228382706642151,1.0,0.07716172933578491,0.8684796094894409,1.0,0.13152039051055908,0.913684606552124,0.08631539344787598,0.0,1.0,-18.99627113342285,1784745947.3639746,116.5022463798523,,58.97564748719225,0.5725306264178545,0.0,,False,1.087939739227295
620,0.007141480688005686,9.971498684535618e-07,0.006898654159158468,0.0015984937781468034,4.1136877371172886e-07,0.0014319276669993997,0.00029446391272358596,-12.359904289245605,0.6102598905563354,0.0009685964905656874,0.5991083979606628,0.4968718886375427,0.00012034895917167887,0.49411389231681824,0.011487485840916634,-6.048715591430664,0.4882917106151581,3.582173667382449e-05,0.49455252289772034,0.006260812282562256,-3.652416467666626,0.987080454826355,0.0021541777532547712,1.0,0.01291954517364502,-2.112492561340332,0.010796330869197845,0.011328920722007751,0.0,0.010796330869197845,-1.3161152601242065,0.919318437576294,1.0,0.08068156242370605,0.8636500835418701,1.0,0.13634991645812988,0.9094904661178589,0.09050953388214111,0.0,1.0,-19.02508544921875,1784745947.458769,116.59704089164734,,58.8634360142245,0.0,0.0,,False,1.087939739227295
621,0.00720180943608284,9.791660886548925e-07,0.007084451150149107,0.0016242695273831487,4.0135384438144683e-07,0.0014665343333035707,0.00019660456746350974,-12.406587600708008,0.6162476539611816,0.0009639065829105675,0.6055941581726074,0.49698078632354736,0.0001176897858385928,0.490532249212265,0.012453136034309864,-5.92257022857666,0.4880733788013458,3.4452954423613846e-05,0.49445217847824097,0.006378799676895142,-3.6285171508789062,0.9865504503250122,0.0021588727831840515,1.0,0.013449549674987793,-2.1082513332366943,0.0043679773807525635,0.011378765106201172,0.0,0.0043679773807525635,-1.3182263374328613,0.9152088165283203,1.0,0.08479118347167969,0.8568219542503357,1.0,0.1431780457496643,0.9034732580184937,0.09652674198150635,0.0,1.0,-18.95890235900879,1784745947.5628421,116.70111393928528,,58.685041451046786,0.0,0.0,,False,1.087939739227295
622,0.00725777680054307,9.636556796976947e-07,0.007081667426973581,0.0016490283887833357,3.9320835298894963e-07,0.0014522119890898466,0.00026410454302094877,-12.397501945495605,0.6219974160194397,0.0009609782136976719,0.610162615776062,0.49710994958877563,0.00011544460721779615,0.4898253381252289,0.01389705203473568,-5.866556167602539,0.48794394731521606,3.328174716443755e-05,0.4942849576473236,0.006341010332107544,-3.6322507858276367,0.9861197471618652,0.0021708044223487377,1.0,0.013880252838134766,-2.1030147075653076,0.0006234645843505859,0.01136931125074625,0.0,0.0006234645843505859,-1.3194632530212402,0.9097700715065002,1.0,0.09022992849349976,0.8460681438446045,1.0,0.1539318561553955,0.8937957286834717,0.10620427131652832,0.0,1.0,-18.90687370300293,1784745947.6477559,116.78602766990662,,58.454618231863215,0.0,0.0,,False,1.087939739227295
623,0.007292323280125856,9.372609497404483e-07,0.007431631442159414,0.0016791144153103232,3.8437133298430126e-07,0.0015142366755753756,0.00021585047943517566,-12.442387580871582,0.6267662644386292,0.000959022727329284,0.6156407594680786,0.4973447322845459,0.0001131583921960555,0.48965397477149963,0.013524962589144707,-5.854399681091309,0.48799875378608704,3.2125703000929207e-05,0.4940652549266815,0.006066501140594482,-3.6812002658843994,0.9860341548919678,0.002182998228818178,1.0,0.013965845108032227,-2.0999157428741455,0.0030154436826705933,0.01101740077137947,0.0,0.0030154436826705933,-1.33478844165802,0.8987870812416077,1.0,0.10121291875839233,0.8212325572967529,1.0,0.17876744270324707,0.8705579042434692,0.12944209575653076,0.0,1.0,-18.966508865356445,1784745947.7525463,116.89081811904907,,58.28383017503316,0.0,0.0,,False,1.087939739227295
624,0.007302062585949898,9.110545420298877e-07,0.007204745430499315,0.0017153186490759254,3.7869696711823053e-07,0.0014583052834495902,0.0002748208644334227,-12.417306900024414,0.6308509707450867,0.0009664439130574465,0.6220881938934326,0.49769753217697144,0.00011067339073633775,0.4921242892742157,0.010384955443441868,-6.007476329803467,0.48820769786834717,3.101348920608871e-05,0.49421602487564087,0.006008327007293701,-3.689600706100464,0.985450029373169,0.0022135572507977486,1.0,0.014549970626831055,-2.0898191928863525,0.013343483209609985,0.01021974440664053,0.0,0.013343483209609985,-1.3640673160552979,0.8754720091819763,1.0,0.12452799081802368,0.7662399411201477,1.0,0.2337600588798523,0.8151761293411255,0.1848238706588745,0.0,1.0,-19.06808853149414,1784745947.8465922,116.98486399650574,,58.2146217843408,0.0,0.0,,False,1.087939739227295
625,0.007351289968937635,9.364266020384093e-07,0.007147763390094042,0.0017311086412519217,3.832871868780785e-07,0.0014365030219778419,0.00035807196400128305,-12.354621887207031,0.6354534029960632,0.0009687700658105314,0.6267672181129456,0.49780601263046265,0.0001095417101169005,0.4899999797344208,0.011678353883326054,-5.874393939971924,0.48822930455207825,3.0343517209985293e-05,0.4944588840007782,0.006229579448699951,-3.6430530548095703,0.9850654602050781,0.002175734844058752,1.0,0.014934539794921875,-2.0949995517730713,0.00648905336856842,0.01135111041367054,0.0,0.00648905336856842,-1.3184266090393066,0.8815053105354309,1.0,0.11849468946456909,0.7794421315193176,1.0,0.22055786848068237,0.828924298286438,0.171075701713562,0.0,2.0,-18.87566375732422,1784745947.941101,117.07937288284302,,57.95298861947852,0.0,0.0,,False,1.087939739227295
626,0.00743275647982955,1.0010049891207018e-06,0.00733094522729516,0.0017389149870723486,3.988908758856269e-07,0.0014614248648285866,0.00029557792004197836,-12.334968566894531,0.6422114968299866,0.000982617144472897,0.6332643628120422,0.4980597496032715,0.0001091720478143543,0.49114349484443665,0.011308659799396992,-5.926248550415039,0.4883718490600586,2.9968890885356814e-05,0.4945610463619232,0.006189197301864624,-3.6496381759643555,0.9831584692001343,0.002155135152861476,1.0,0.016841530799865723,-2.085207462310791,-0.0039844512939453125,0.013454027473926544,0.0,0.0039844512939453125,-1.2347099781036377,0.8924683332443237,1.0,0.10753166675567627,0.8068806529045105,1.0,0.1931193470954895,0.8566001057624817,0.1433998942375183,0.0,2.0,-18.900787353515625,1784745948.047074,117.18534588813782,,57.71647905080764,0.0,0.0,,False,1.087939739227295
627,0.007617496419698,1.0925508604486822e-06,0.007365441881120205,0.0017318594036623836,4.2045772374876833e-07,0.0014571500942111015,0.0003728226001840085,-12.247764587402344,0.6549643874168396,0.0010014900472015142,0.637942373752594,0.49946874380111694,0.00010691714123822749,0.49307945370674133,0.018181638792157173,-5.851415634155273,0.48955172300338745,2.890884570661001e-05,0.4944807291030884,0.004929006099700928,-3.8865408897399902,0.9809308052062988,0.002089060377329588,1.0,0.019069194793701172,-2.0795490741729736,-0.016396954655647278,0.016778232529759407,0.0,0.016396954655647278,-1.1168856620788574,0.9045302271842957,1.0,0.09546977281570435,0.8371167778968811,1.0,0.1628832221031189,0.8855592608451843,0.11444073915481567,0.0,2.0,-18.872167587280273,1784745948.1420686,117.28034043312073,,57.451349715901415,0.0,0.0,,False,1.087939739227295
628,0.007653439417481422,1.0927604989774409e-06,0.007770012132823467,0.0017434649635106325,4.1870117684084107e-07,0.0015213025035336614,0.00025088913389481604,-12.303421020507812,0.6587716937065125,0.000998491421341896,0.6435124278068542,0.500059187412262,0.00010579066292848438,0.4946416914463043,0.016192419454455376,-5.938467025756836,0.4898539185523987,2.8330581699265167e-05,0.49442562460899353,0.004571706056594849,-3.9479777812957764,0.9817972183227539,0.0020763815846294165,1.0,0.018202781677246094,-2.0898375511169434,-0.016183748841285706,0.01703331619501114,0.0,0.016183748841285706,-1.1096652746200562,0.900019645690918,1.0,0.09998035430908203,0.8286446332931519,1.0,0.17135536670684814,0.8776180744171143,0.12238192558288574,0.0,2.0,-19.02818489074707,1784745948.2464664,117.3847382068634,,57.342237684461985,0.0,0.0,,False,1.087939739227295
629,0.007683113217353821,1.0950501518891542e-06,0.007730742916464806,0.0017498333472758532,4.1756928226277523e-07,0.0015128592494875193,0.00024171327822841704,-12.300607681274414,0.6618032455444336,0.0009953052503988147,0.6490573883056641,0.5006409287452698,0.0001049587081070058,0.4930085241794586,0.014856328256428242,-5.840206146240234,0.4901585578918457,2.788880556181539e-05,0.4945274889469147,0.00436893105506897,-3.9824960231781006,0.982848048210144,0.0020646783523261547,1.0,0.017151951789855957,-2.101208448410034,-0.01602807641029358,0.017298083752393723,0.0,0.01602807641029358,-1.1022155284881592,0.8956062197685242,1.0,0.10439378023147583,0.8205864429473877,1.0,0.1794135570526123,0.8699375987052917,0.13006240129470825,0.0,1.0,-18.964019775390625,1784745948.340697,117.47896885871887,,57.16896053766611,0.0,0.0,,False,1.087939739227295
630,0.0077238669618964195,1.0884394896493177e-06,0.007704847026616335,0.0017539268592372537,4.1448669207966304e-07,0.0015088511863723397,0.0002458126109559089,-12.302997589111328,0.6649057269096375,0.0009932746179401875,0.6544972062110901,0.5011037588119507,0.00010416883742436767,0.49758660793304443,0.01098670344799757,-6.090211868286133,0.49041855335235596,2.741864045674447e-05,0.49449190497398376,0.004073351621627808,-4.030633926391602,0.9828367233276367,0.0020721950568258762,1.0,0.01716327667236328,-2.0995559692382812,-0.014916390180587769,0.01718311198055744,0.0,0.014916390180587769,-1.1065013408660889,0.8889322280883789,1.0,0.1110677719116211,0.8075753450393677,1.0,0.19242465496063232,0.8572841882705688,0.14271581172943115,0.0,1.0,-19.19048309326172,1784745948.4470284,117.58530020713806,,57.22214670874133,0.0,0.0,,False,1.087939739227295
631,0.007773310877382755,1.1020574675058015e-06,0.0076177711598575115,0.0017594319069758058,4.1798500660661375e-07,0.001477800658904016,0.0003217277699150145,-12.259343147277832,0.6691011786460876,0.0009977617301046848,0.6609066128730774,0.5016561150550842,0.00010368040238972753,0.4990291893482208,0.008605326525866985,-6.137289524078369,0.49076372385025024,2.7040743589168414e-05,0.49441224336624146,0.003648519515991211,-4.094002723693848,0.9830507040023804,0.0020744726061820984,1.0,0.01694929599761963,-2.100844144821167,-0.012388244271278381,0.017350340262055397,0.0,0.012388244271278381,-1.1037102937698364,0.8788227438926697,1.0,0.12117725610733032,0.78813636302948,1.0,0.21186363697052002,0.8378286957740784,0.16217130422592163,0.0,1.0,-19.216175079345703,1784745948.5412896,117.67956137657166,,57.30102486590053,0.0,0.0,,False,1.087939739227295
632,0.007834473624825478,1.1307579370622989e-06,0.0078536132350564,0.0017662177560850978,4.260044477177871e-07,0.0015047203050926328,0.0002621969615574926,-12.262420654296875,0.6740953922271729,0.0010076144244521856,0.6654716730117798,0.502252459526062,0.00010352126992074773,0.49742984771728516,0.009880593046545982,-6.050838947296143,0.4911257326602936,2.67728519247612e-05,0.4946194887161255,0.003493756055831909,-4.117161273956299,0.9828332662582397,0.0020916033536195755,1.0,0.017166733741760254,-2.0955259799957275,-0.008074358105659485,0.017724771052598953,0.0,0.008074358105659485,-1.095618486404419,0.864155113697052,1.0,0.135844886302948,0.7606328725814819,1.0,0.23936712741851807,0.8092572093009949,0.19074279069900513,0.0,2.0,-19.161672592163086,1784745948.666831,117.8051028251648,,57.325400535877115,0.0,0.0,,False,1.087939739227295
633,0.007886181585490704,1.1764381042667083e-06,0.0076630148105323315,0.0017882459796965122,4.390837773371459e-07,0.0014637266285717487,0.0003938479640055448,-12.166830062866211,0.6792992353439331,0.0010207764571532607,0.6719119548797607,0.5027720332145691,0.00010411511902930215,0.4972023069858551,0.009251689538359642,-6.015016078948975,0.49146097898483276,2.6722111215349287e-05,0.4950633645057678,0.0036023855209350586,-4.103253364562988,0.9826236963272095,0.002128576161339879,1.0,0.017376303672790527,-2.0862879753112793,-0.0035764575004577637,0.018782051280140877,0.0,0.0035764575004577637,-1.0681477785110474,0.8492178320884705,1.0,0.15078216791152954,0.735346257686615,1.0,0.264653742313385,0.7820067405700684,0.21799325942993164,1.0,3.0,-19.03046989440918,1784745948.762567,117.90083885192871,,57.218573508099794,0.0,0.0,,False,1.087939739227295
634,0.007901455275714397,1.212655888593872e-06,0.008102484047412872,0.0018096055136993527,4.508009965320525e-07,0.0015392983332276344,0.0003368657489772886,-12.181888580322266,0.6858372092247009,0.001021101837977767,0.6765470504760742,0.5045340061187744,9.9544609838631e-05,0.501285970211029,0.009841584600508213,-6.117759704589844,0.49254295229911804,2.588265124359168e-05,0.4954734146595001,0.00293046236038208,-4.1961350440979,0.9927181005477905,0.001986612332984805,1.0,0.007281899452209473,-2.178377866744995,0.012995518743991852,0.02077147364616394,0.0,0.012995518743991852,-1.0140835046768188,0.8411172032356262,1.0,0.15888279676437378,0.6922272443771362,1.0,0.30777275562286377,0.7336441278457642,0.26635587215423584,1.0,3.0,-19.174163818359375,1784745948.8585706,117.99684238433838,,57.25544040427267,0.0,0.0,,False,1.087939739227295
635,0.007938382215797901,1.2359971606201725e-06,0.008021313697099686,0.0018340992974117398,4.6030291400711576e-07,0.001515482901595533,0.00032923248363658786,-12.146575927734375,0.6907447576522827,0.0010260299313813448,0.683100700378418,0.5054802894592285,9.856337419478223e-05,0.4983394145965576,0.010460578836500645,-5.92840576171875,0.4932546317577362,2.5698382160044275e-05,0.4957462549209595,0.0024916231632232666,-4.244812965393066,0.9959224462509155,0.001977310748770833,1.0,0.004077553749084473,-2.189866065979004,0.025748804211616516,0.02209569327533245,0.0,0.025748804211616516,-0.9722448587417603,0.832875669002533,1.0,0.16712433099746704,0.6533135175704956,1.0,0.3466864824295044,0.6882703304290771,0.31172966957092285,1.0,4.0,-19.011707305908203,1784745948.9631472,118.10141897201538,,57.12985078799437,0.0,0.0,,False,1.087939739227295
636,0.007971229031682014,1.237140054399788e-06,0.00794141087681055,0.0018544248305261135,4.6391517116717296e-07,0.0014942314010113478,0.00036142554017715156,-12.115068435668945,0.6940167546272278,0.0010293443920090795,0.6876806616783142,0.5059117078781128,9.782844426808879e-05,0.49936938285827637,0.00910758413374424,-5.97942590713501,0.493712842464447,2.5543704396113753e-05,0.49608585238456726,0.0023730099201202393,-4.258395195007324,0.9973294734954834,0.0019808895885944366,1.0,0.0026705265045166016,-2.191366195678711,0.039379410445690155,0.02239692583680153,0.0,0.039379410445690155,-0.9458577632904053,0.8244309425354004,1.0,0.1755690574645996,0.6126810312271118,1.0,0.3873189687728882,0.6395115256309509,0.3604884743690491,1.0,3.0,-19.027807235717773,1784745949.0665092,118.20478105545044,,57.020361101525644,0.0,0.0,,False,1.087939739227295
637,0.008014260791242123,1.2428644140527467e-06,0.0079739885404706,0.0018719767685979605,4.688586443535314e-07,0.0014906488358974457,0.0003834486415144056,-12.091930389404297,0.6976960301399231,0.0010353467660024762,0.6941375732421875,0.5062581896781921,9.682349627837539e-05,0.5048757791519165,0.0038175482768565416,-6.203958511352539,0.494095116853714,2.5375751647516154e-05,0.4961977005004883,0.002102583646774292,-4.284811496734619,0.997607946395874,0.00197921902872622,1.0,0.0023920536041259766,-2.1921422481536865,0.05647636204957962,0.022378742694854736,0.0,0.05647636204957962,-0.9096197485923767,0.8130641579627991,1.0,0.18693584203720093,0.5652936100959778,1.0,0.4347063899040222,0.5813561081886292,0.41864389181137085,1.0,1.0,-19.1975040435791,1784745949.1632006,118.30147242546082,,57.080568222918245,0.0,0.0,,False,1.087939739227295
638,0.008086991496384144,1.2559869446704397e-06,0.008473903872072697,0.0018761197570711374,4.752727704726567e-07,0.0015676491893827915,0.0004948285059072077,-12.075905799865723,0.7023640871047974,0.0010416386649012566,0.6986904740333557,0.5068182945251465,9.567674715071917e-05,0.5045799016952515,0.004301840905100107,-6.190208435058594,0.4945460259914398,2.5195933631039225e-05,0.49630045890808105,0.0017544329166412354,-4.314393520355225,0.9977434873580933,0.00195699674077332,1.0,0.0022565126419067383,-2.197932481765747,0.07481317222118378,0.02155798114836216,0.0,0.07481317222118378,-0.8697531223297119,0.7990545630455017,1.0,0.2009454369544983,0.515630841255188,1.0,0.484369158744812,0.5195349454879761,0.4804650545120239,1.0,1.0,-19.18526840209961,1784745949.2585695,118.39684128761292,,57.128539702831354,0.0,0.0,,False,1.087939739227295
639,0.008141325786709785,1.272929353035579e-06,0.008452851325273514,0.0018736026249825954,4.841888880946499e-07,0.0015549460658803582,0.00044563456322066486,-12.076635360717773,0.7050905823707581,0.0010473912116140127,0.7040759921073914,0.5072389841079712,9.564353968016803e-05,0.5030862092971802,0.00427491869777441,-6.12964391708374,0.4949357509613037,2.5291708880104125e-05,0.4967330992221832,0.0017973482608795166,-4.309714317321777,0.9977626800537109,0.0019441443728283048,1.0,0.0022373199462890625,-2.2012405395507812,0.09245876967906952,0.020261306315660477,0.0,0.09245876967906952,-0.8196233510971069,0.784778356552124,1.0,0.21522164344787598,0.4700402021408081,1.0,0.5299597978591919,0.46257540583610535,0.5374245643615723,1.0,1.0,-19.135208129882812,1784745949.363414,118.50168585777283,,57.126450910527666,0.0,0.0,,False,1.087939739227295
640,0.008239946328103542,1.3075430160824908e-06,0.008135577663779259,0.0018765535205602646,4.978323886462022e-07,0.0014934493228793144,0.00039706629468128085,-12.040731430053711,0.7113788723945618,0.0010590639431029558,0.7103438377380371,0.5080015659332275,9.530651732347906e-05,0.507013201713562,0.0014311396516859531,-6.210883617401123,0.4955176115036011,2.5224819182767533e-05,0.49684014916419983,0.0013225376605987549,-4.340231895446777,0.9974435567855835,0.0019349122885614634,1.0,0.002556443214416504,-2.203219175338745,0.11731172353029251,0.019526608288288116,0.0,0.11731172353029251,-0.6966581344604492,0.7595211863517761,1.0,0.24047881364822388,0.4039120078086853,1.0,0.5960879921913147,0.3807210326194763,0.6192789673805237,1.0,1.0,-19.179553985595703,1784745949.4574194,118.59569120407104,,57.16870797393687,0.0,0.0,,False,1.087939739227295
641,0.00838891975581646,1.3880037386115873e-06,0.00838285032659769,0.001881998497992754,5.270641736387915e-07,0.0015385050792247057,0.0003435470280237496,-12.021973609924316,0.7214143872261047,0.001083940383978188,0.714804470539093,0.5092682242393494,9.520751336822286e-05,0.5054654479026794,0.007625752594321966,-6.109325885772705,0.4963694214820862,2.5218711016350426e-05,0.4970104694366455,0.0006410479545593262,-4.366875648498535,0.9966233968734741,0.0019374837866052985,1.0,0.003376603126525879,-2.2013018131256104,0.150675430893898,0.019491564482450485,0.0,0.150675430893898,-0.4675658941268921,0.7198678851127625,1.0,0.28013211488723755,0.32068851590156555,1.0,0.6793115139007568,0.28125154972076416,0.7187484502792358,1.0,1.0,-19.092872619628906,1784745949.5517411,118.69001293182373,,57.124283671379274,0.22249397957343287,0.0,,False,1.087939739227295
642,0.008443215861916542,1.4079752190809813e-06,0.008298719301819801,0.0018842814024537802,5.385603003560391e-07,0.0015149597311392426,0.00039658258901908994,-11.981937408447266,0.724523663520813,0.0010948183480650187,0.7210826873779297,0.5093410611152649,9.588168177288026e-05,0.5062379240989685,0.0046335491351783276,-6.141281604766846,0.4965742528438568,2.538654371164739e-05,0.49728256464004517,0.0007083117961883545,-4.361825466156006,0.9956471920013428,0.0019537850748747587,1.0,0.0043528079986572266,-2.1952059268951416,0.16325607895851135,0.018401890993118286,0.0,0.16325607895851135,-0.3545328974723816,0.7013483643531799,1.0,0.29865163564682007,0.28768739104270935,1.0,0.7123125791549683,0.24355202913284302,0.756447970867157,1.0,1.0,-19.07587432861328,1784745949.657813,118.79608488082886,,57.062861077806055,0.5580209558013762,0.023356565550349262,,False,1.087939739227295
643,0.008506707847118378,1.441781137145881e-06,0.00849340669810772,0.0018818542594090104,5.540316010410606e-07,0.0015319139929488301,0.0003501929750200361,-11.97938346862793,0.7282121181488037,0.0011092543136328459,0.7255796790122986,0.509486973285675,9.668611892266199e-05,0.509422779083252,0.0026332216802984476,-6.183032035827637,0.49681058526039124,2.5602041205274872e-05,0.4974402189254761,0.0006296336650848389,-4.359738349914551,0.9945191144943237,0.001969339558854699,1.0,0.0054808855056762695,-2.1884632110595703,0.1759973019361496,0.017421217635273933,0.0,0.1759973019361496,-0.2170911431312561,0.6815914511680603,1.0,0.3184085488319397,0.2564718425273895,1.0,0.7435281276702881,0.20907920598983765,0.7909207940101624,1.0,1.0,-19.10567855834961,1784745949.7522526,118.89052438735962,,57.031242713969164,1.030989686370445,0.07792867961601835,,False,1.087939739227295
644,0.008565839380025864,1.471947484787961e-06,0.00875510647892952,0.0018753267358988523,5.679046353179729e-07,0.0015791327459737659,0.00035150095936842263,-11.977831840515137,0.7313168048858643,0.0011201273882761598,0.7309800982475281,0.5096274614334106,9.748037700774148e-05,0.5058327913284302,0.003809578949585557,-6.103300094604492,0.49701279401779175,2.576893530203961e-05,0.49784886837005615,0.0008360743522644043,-4.350668430328369,0.9933582544326782,0.0019814001861959696,1.0,0.006641745567321777,-2.1819052696228027,0.18529820442199707,0.016464587301015854,0.0,0.18529820442199707,-0.09162795543670654,0.662778377532959,1.0,0.337221622467041,0.23343072831630707,1.0,0.7665692567825317,0.1844777762889862,0.8155221939086914,1.0,1.0,-19.03580665588379,1784745949.857487,118.99575877189636,,56.92975244766645,1.6294216046340635,0.1555419227939311,,False,1.087939739227295
645,0.008855347521603107,1.7334443782601738e-06,0.008672152645885944,0.001862824778072536,6.597236392735795e-07,0.0015617242315784097,0.0003524512576404959,-11.8321533203125,0.7476435303688049,0.0011742855422198772,0.7372024059295654,0.5116632580757141,0.00010161921090912074,0.5103514194488525,0.010523212142288685,-6.077923774719238,0.49817538261413574,2.646307802933734e-05,0.4981893002986908,1.3917684555053711e-05,-4.350937843322754,0.9901833534240723,0.0020636850968003273,1.0,0.009816646575927734,-2.1493442058563232,0.2036323994398117,0.01794368587434292,0.0,0.2036323994398117,0.06413257122039795,0.6005310416221619,1.0,0.39946895837783813,0.1929144561290741,1.0,0.8070855140686035,0.14319799840450287,0.8568019866943359,1.0,1.0,-18.86996078491211,1784745949.9526346,119.09090638160706,,56.66241631039206,2.3836140495547866,0.2736714232579156,,False,1.087939739227295
646,0.008906387723982334,1.7622464838495944e-06,0.008566820062696934,0.0018504017498344183,6.723721526213922e-07,0.0015296959318220615,0.00046707430738024414,-11.783609390258789,0.7501398324966431,0.0011805113172158599,0.7416238188743591,0.5118297338485718,0.00010239522089250386,0.5153443217277527,0.009212752804160118,-6.035328388214111,0.49837517738342285,2.6600162527756765e-05,0.49822816252708435,0.00014701485633850098,-4.347951889038086,0.989556074142456,0.002067580819129944,1.0,0.010443925857543945,-2.145371913909912,0.2108459770679474,0.016554826870560646,0.0,0.2108459770679474,0.2110905647277832,0.5793043971061707,1.0,0.42069560289382935,0.175205796957016,1.0,0.8247941732406616,0.1260366439819336,0.8739633560180664,1.0,1.0,-18.785846710205078,1784745950.0694253,119.20769715309143,,56.31096609841064,3.284764487982895,0.4095095828939582,,False,1.087939739227295
647,0.008961627259850502,1.7948410686585703e-06,0.008693395182490349,0.0018397585954517126,6.859891641397553e-07,0.0015545014757663012,0.000391561072319746,-11.794269561767578,0.7528698444366455,0.0011876551434397697,0.7479130625724792,0.5119945406913757,0.00010311949154129252,0.5114495754241943,0.004986649379134178,-6.108036994934082,0.498530775308609,2.6681866074795835e-05,0.4982133209705353,0.00031745433807373047,-4.344936370849609,0.9883513450622559,0.0020788656547665596,1.0,0.01164865493774414,-2.1363918781280518,0.21697472035884857,0.015449939295649529,0.0,0.21697472035884857,0.357430100440979,0.558214545249939,1.0,0.44178545475006104,0.16037777066230774,1.0,0.8396222591400146,0.11211920529603958,0.887880802154541,1.0,1.0,-18.853166580200195,1784745950.1662903,119.30456209182739,,56.02683575642433,4.332254462124199,0.5601758284293541,,False,1.087939739227295
648,0.009009785018861294,1.8242991473016446e-06,0.006005495321005583,0.0018302593380212784,6.987692131588119e-07,0.0010831003310158849,0.0030958042480051517,-8.98304271697998,0.7554152011871338,0.0011941185221076012,0.7523563504219055,0.512112557888031,0.00010369533993070945,0.5145031213760376,0.0038821850903332233,-6.082849502563477,0.49865058064460754,2.6732761398307048e-05,0.4983557164669037,0.0002948641777038574,-4.344245910644531,0.9871193170547485,0.0020925840362906456,1.0,0.012880682945251465,-2.126096248626709,0.22120773792266846,0.014478896744549274,0.33000001311302185,0.1087922751903534,-0.7898685336112976,0.5396224856376648,1.0,0.4603775143623352,0.14886648952960968,0.0,0.14886648952960968,0.1016157791018486,0.1016157791018486,1.0,1.0,-16.021446228027344,1784745950.2717593,119.41003108024597,,52.910985062265176,4.232445802213227,0.020086304354344775,,False,1.087939739227295
649,0.009011787362396717,1.8586983969726134e-06,0.012716545723378658,0.0018502589082345366,7.175838163675508e-07,0.0022764725144952536,0.003729194635525346,-8.014888763427734,0.7573097944259644,0.0012010176433250308,0.7575387358665466,0.512072741985321,0.00010307113552698866,0.5203137397766113,0.00824417732656002,-5.784987449645996,0.499179482460022,2.682757803995628e-05,0.4983522891998291,0.0008271932601928711,-4.331348896026611,0.9914003610610962,0.0020550175104290247,1.0,0.008599638938903809,-2.156803607940674,0.2598768472671509,0.013985601253807545,0.33000001311302185,0.07012316584587097,-1.0401276350021362,0.5372569561004639,1.0,0.46274304389953613,0.1145825907588005,0.0,0.1145825907588005,0.07202748954296112,0.07202748954296112,1.0,1.0,-14.808553695678711,1784745950.3666089,119.50488066673279,,48.58224183575739,3.8823780409114157,0.0,,False,1.087939739227295
650,0.00903268437832594,1.8818625449057436e-06,0.009041153825819492,0.0018571479013189673,7.351398494392924e-07,0.0016072059515863657,0.0002500854025129229,-11.772841453552246,0.7592318058013916,0.0012147354427725077,0.7625882625579834,0.5118972659111023,0.00010364018089603633,0.5206783413887024,0.009400696493685246,-5.729397773742676,0.4993642270565033,2.7374837372917682e-05,0.49833056330680847,0.0010336637496948242,-4.314488887786865,0.9884461164474487,0.0021393056958913803,1.0,0.01155388355255127,-2.1234984397888184,0.2825356423854828,0.013107611797749996,0.33000001311302185,0.04746437072753906,-1.162405252456665,0.5203172564506531,1.0,0.4796827435493469,0.0958700105547905,0.0,0.0958700105547905,0.05705592781305313,0.05705592781305313,0.0,1.0,-18.51360321044922,1784745950.4608202,119.59909200668335,,47.958548124020105,3.410032662155076,0.0,,False,1.087939739227295
651,0.009069436229765415,1.9408378193475073e-06,0.009059291332960129,0.001876801485195756,7.627831450918166e-07,0.0016076135216280818,0.0002693790593184531,-11.733938217163086,0.7638165950775146,0.0012632457073777914,0.7681066989898682,0.5113760232925415,0.00010458875476615503,0.5159263610839844,0.006253844127058983,-5.975625038146973,0.49915748834609985,2.777686131594237e-05,0.4984265863895416,0.0007309019565582275,-4.317098617553711,0.9785172939300537,0.002405737293884158,1.0,0.02148270606994629,-2.0000927448272705,0.30022600293159485,0.012365937232971191,0.33000001311302185,0.029774010181427002,-1.2416220903396606,0.4969009459018707,1.0,0.5030990839004517,0.08276829868555069,0.0,0.08276829868555069,0.04712662845849991,0.04712662845849991,0.0,1.0,-18.672988891601562,1784745950.5549772,119.69324898719788,,47.49424009343517,2.8584704455157404,0.0,,False,1.087939739227295
652,0.009131422266364098,1.9735123260034015e-06,0.00886403489857912,0.0018726318376138806,7.863916948736005e-07,0.0015769931487739086,0.00039862043922767043,-11.68419075012207,0.7674895524978638,0.0012914908584207296,0.7717525959014893,0.5112012028694153,0.00010445430962136015,0.5167062878608704,0.0069627221673727036,-5.919378280639648,0.49905461072921753,2.767388832580764e-05,0.4983600974082947,0.0006945133209228516,-4.319857120513916,0.9718695878982544,0.002602070104330778,1.0,0.028130412101745605,-1.9047297239303589,0.3115461468696594,0.011714639142155647,0.3296777307987213,0.01813158392906189,-1.2904877662658691,0.4624629616737366,1.0,0.5375370383262634,0.07134336978197098,0.0,0.07134336978197098,0.03887350112199783,0.03887350112199783,0.0,1.0,-18.579622268676758,1784745950.650084,119.78835582733154,,46.936565439925424,2.2580425529501964,0.0,,False,1.087939739227295
653,0.009191238321363926,1.9969909317296697e-06,0.00898499321192503,0.0018684441456571221,8.00065720341081e-07,0.0015912979142740369,0.00034546645474620163,-11.684690475463867,0.7710148096084595,0.0013073347508907318,0.776621401309967,0.5112386345863342,0.00010308057244401425,0.5207528471946716,0.011043284088373184,-5.620907783508301,0.49897512793540955,2.7048219635616988e-05,0.4982937276363373,0.0006814002990722656,-4.331422805786133,0.967350959777832,0.002734298584982753,1.0,0.03264904022216797,-1.8370776176452637,0.3183090090751648,0.011091682128608227,0.33000001311302185,0.011691004037857056,-1.3256800174713135,0.42680856585502625,1.0,0.5731914043426514,0.06254572421312332,0.0,0.06254572421312332,0.03279648721218109,0.03279648721218109,0.0,1.0,-18.347129821777344,1784745950.7440999,119.88237166404724,,46.14639833951627,1.622422409179208,0.0,,False,1.087939739227295
654,0.009245608001947403,2.0201348434056854e-06,0.00939919799566269,0.0018617336172610521,8.066890586633235e-07,0.0016533012967556715,0.0002589091018307954,-11.700693130493164,0.7740089893341064,0.0013140547089278698,0.7798256874084473,0.5115307569503784,0.00010089181887451559,0.5202916860580444,0.010516076348721981,-5.6869215965271,0.49898064136505127,2.619806218717713e-05,0.4981038272380829,0.0008768141269683838,-4.341300964355469,0.9641708135604858,0.002820385154336691,1.0,0.03582918643951416,-1.788921594619751,0.31994253396987915,0.010555904358625412,0.33000001311302185,0.0100574791431427,-1.3518050909042358,0.39249664545059204,1.0,0.607503354549408,0.05618227645754814,0.0,0.05618227645754814,0.028562985360622406,0.028562985360622406,0.0,1.0,-18.420881271362305,1784745950.8511508,119.98942255973816,,45.42998268869207,0.9606771919752972,0.0,,False,1.087939739227295
655,0.00929736252874136,2.0132931695115985e-06,0.009251747280359268,0.0018592558335512877,8.026837576835533e-07,0.0016365709016099572,0.00022730889031663537,-11.706238746643066,0.7772226929664612,0.0013118666829541326,0.7838405966758728,0.5118733644485474,9.787781164050102e-05,0.5170977115631104,0.008431515656411648,-5.94005012512207,0.49900656938552856,2.5033801648532972e-05,0.49835848808288574,0.0006480813026428223,-4.370314121246338,0.9622337818145752,0.002908125286921859,0.9971973896026611,0.03496360778808594,-1.7910058498382568,0.3220445513725281,0.010173885151743889,0.33000001311302185,0.007955461740493774,-1.371916651725769,0.3635028004646301,1.0,0.6364971995353699,0.05070209503173828,0.0,0.05070209503173828,0.02503335475921631,0.02503335475921631,0.0,1.0,-18.643436431884766,1784745950.9460926,120.08436441421509,,44.936122198390336,0.27882041394985313,0.0,,False,1.087939739227295
656,0.009348430670797825,2.034276349149877e-06,0.009283186867833138,0.001872062566690147,8.084347200565389e-07,0.0016288403421640396,0.00025182098033837974,-11.69125747680664,0.7814322113990784,0.0013157131616026163,0.7864783406257629,0.5119412541389465,9.54496645135805e-05,0.518181324005127,0.008025079034268856,-5.893616676330566,0.4989442825317383,2.415428934909869e-05,0.49834781885147095,0.000596463680267334,-4.38922119140625,0.9592217206954956,0.0030305590480566025,0.9848315715789795,0.025609850883483887,-1.8723571300506592,0.3215222954750061,0.010050125420093536,0.33000001311302185,0.008477717638015747,-1.3775708675384521,0.3559739291667938,1.0,0.6440260410308838,0.050043653696775436,0.0,0.050043653696775436,0.024616820737719536,0.024616820737719536,0.0,1.0,-18.60076141357422,1784745951.0430071,120.1812789440155,,44.399586689778054,0.0,0.0,,False,1.087939739227295
657,0.009400472044944763,2.0591735392372357e-06,0.009118993766605854,0.0018947250209748745,8.122548251776607e-07,0.0015999788884073496,0.0004075602046214044,-11.647735595703125,0.7864185571670532,0.0013212936464697123,0.7901425361633301,0.5119552612304688,9.303021943196654e-05,0.5168763399124146,0.006171307526528835,-5.982583522796631,0.4988904893398285,2.32661550398916e-05,0.498247891664505,0.0006425976753234863,-4.406442642211914,0.9558484554290771,0.003191323485225439,0.9778610467910767,0.02201259136199951,-1.8788038492202759,0.3228122591972351,0.010096416808664799,0.33000001311302185,0.007187753915786743,-1.3762904405593872,0.36485835909843445,1.0,0.6351416110992432,0.05129959434270859,0.0,0.05129959434270859,0.02541275881230831,0.02541275881230831,0.0,2.0,-18.63702392578125,1784745951.148432,120.28670382499695,,43.899313693372804,0.0,0.0,,False,1.087939739227295
658,0.009448347613215446,2.0908794340357417e-06,0.009461593814194202,0.0019208879675716162,8.148604138114024e-07,0.0016687777824699879,0.0002524579467717558,-11.672168731689453,0.792153000831604,0.001326453872025013,0.7926622033119202,0.5118064880371094,9.116582077695057e-05,0.5104410648345947,0.001457280945032835,-6.115838050842285,0.4988243877887726,2.2455407815868966e-05,0.4982739984989166,0.000550389289855957,-4.426305770874023,0.9506510496139526,0.0033925401512533426,0.9751121997833252,0.02446115016937256,-1.8359638452529907,0.3225141167640686,0.010214664041996002,0.33000001311302185,0.007485896348953247,-1.3702839612960815,0.3893572688102722,1.0,0.6106427311897278,0.05544241517782211,0.0,0.05544241517782211,0.028080031275749207,0.028080031275749207,0.0,2.0,-18.777992248535156,1784745951.2429318,120.38120365142822,,43.54000901972146,0.0,0.0,,False,1.087939739227295
659,0.009488774463534355,2.057309984593303e-06,0.009699035435914993,0.001963574904948473,7.848162226764543e-07,0.0016964450478553772,0.00033995299600064754,-11.681880950927734,0.7993037700653076,0.0013136896304786205,0.7955529093742371,0.5116375088691711,8.741024066694081e-05,0.5118306279182434,0.003755828831344843,-6.1464619636535645,0.49880459904670715,2.0911074898322113e-05,0.49805334210395813,0.0007512569427490234,-4.455182075500488,0.9463872909545898,0.003560630138963461,0.9707463979721069,0.02435910701751709,-1.8166471719741821,0.32692617177963257,0.010335246101021767,0.3296777307987213,0.002751559019088745,-1.3667926788330078,0.43049904704093933,1.0,0.5695009231567383,0.06058352440595627,0.0,0.06058352440595627,0.03147609159350395,0.03147609159350395,0.0,2.0,-18.826641082763672,1784745951.3480308,120.48630261421204,,43.22935318029863,0.0,0.0,,False,1.087939739227295
660,0.00952884927392006,2.024358536800719e-06,0.009618807584047318,0.0020042951218783855,7.432454935951682e-07,0.0016845489153638482,0.00033215980511158705,-11.702594757080078,0.8077651262283325,0.001301948563195765,0.7982349991798401,0.5117883086204529,8.33621816127561e-05,0.5134938955307007,0.009681547060608864,-6.127899169921875,0.4990009069442749,1.913921005325392e-05,0.497970312833786,0.0010305941104888916,-4.485199928283691,0.9387692213058472,0.0038473838940262794,0.9683806896209717,0.02961146831512451,-1.747289776802063,0.329343318939209,0.010245944373309612,0.33000001311302185,0.0006566941738128662,-1.3714771270751953,0.46374115347862244,1.0,0.5362588167190552,0.06404732167720795,0.0,0.06404732167720795,0.03381573036313057,0.03381573036313057,0.0,2.0,-18.84751319885254,1784745951.4430535,120.58132529258728,,42.93956945696467,0.0,0.0,,False,1.087939739227295
661,0.009545546025037766,1.9784581581916427e-06,0.00942857563495636,0.0020346459932625294,7.042943934720824e-07,0.0016440001782029867,0.00040778209222480655,-11.699957847595215,0.8143831491470337,0.001298894640058279,0.8009064793586731,0.5120325088500977,7.955992623465136e-05,0.509351372718811,0.0137407835572958,-6.089653968811035,0.4993141293525696,1.7751886844052933e-05,0.4981384873390198,0.0011756420135498047,-4.511641979217529,0.9299893379211426,0.0042244442738592625,0.9667222499847412,0.03673291206359863,-1.6547929048538208,0.33187925815582275,0.010220151394605637,0.33000001311302185,0.0018792450428009033,-1.3725857734680176,0.49529117345809937,1.0,0.5047088265419006,0.06584922969341278,0.0,0.06584922969341278,0.035048749297857285,0.035048749297857285,0.0,2.0,-18.827503204345703,1784745951.5383167,120.67658853530884,,42.62977573912387,0.0,0.0,,False,1.087939739227295
662,0.009534608572721481,1.926983259181725e-06,0.009431171230971813,0.0020637980196624994,6.768271418877703e-07,0.0016201663529500365,0.0004555308260023594,-11.696657180786133,0.8181537985801697,0.0013126139529049397,0.8035650253295898,0.512212336063385,7.618928793817759e-05,0.5099369883537292,0.014765145257115364,-6.106086730957031,0.4995969831943512,1.6980688087642193e-05,0.497866153717041,0.0017308294773101807,-4.484567165374756,0.9194132089614868,0.004670194815844297,0.967239260673523,0.04782605171203613,-1.5194525718688965,0.33743807673454285,0.010402661748230457,0.3296777307987213,0.007760345935821533,-1.3610135316848755,0.5247458815574646,1.0,0.4752541184425354,0.0656268373131752,0.0,0.0656268373131752,0.03489598631858826,0.03489598631858826,0.0,2.0,-18.823810577392578,1784745951.6425343,120.78080606460571,,42.31628939432995,0.0,0.0,,False,1.087939739227295
663,0.009538499638438225,1.9422193417995004e-06,0.009374109096825123,0.002087987959384918,6.772546612410224e-07,0.0016253098146989942,0.0004910145653411746,-11.67557144165039,0.8217995166778564,0.0013404672499746084,0.8066616654396057,0.5123745799064636,7.459475455107167e-05,0.5122362375259399,0.015138483606278896,-6.135607719421387,0.4997738003730774,1.6845475329319015e-05,0.4978201389312744,0.0019536614418029785,-4.463487148284912,0.9088172912597656,0.00500570610165596,0.967462420463562,0.05864512920379639,-1.386116862297058,0.34214600920677185,0.01063623372465372,0.33000001311302185,0.01214599609375,-1.3458709716796875,0.5488794445991516,1.0,0.4511205554008484,0.06697583198547363,0.0,0.06697583198547363,0.03582509979605675,0.03582509979605675,0.0,2.0,-18.815799713134766,1784745951.7470381,120.88530993461609,,41.994792185278214,0.0,0.0,,False,1.087939739227295
664,0.009535133838653564,1.98129100681399e-06,0.00636508222669363,0.002114435425028205,6.88800582793192e-07,0.0011047726729884744,0.003326957579702139,-8.546134948730469,0.8242490291595459,0.0013716326793655753,0.8092271685600281,0.5124187469482422,7.390052633127198e-05,0.5123238563537598,0.015022160485386848,-6.132075786590576,0.49987441301345825,1.6988296920317225e-05,0.497906893491745,0.001967519521713257,-4.458618640899658,0.9014650583267212,0.005311617627739906,0.9674724340438843,0.06600737571716309,-1.289854645729065,0.34479475021362305,0.010952180251479149,0.33000001311302185,0.014794737100601196,-1.3281772136688232,0.5719324946403503,1.0,0.42806750535964966,0.06930363178253174,0.0,0.06930363178253174,0.03744223341345787,0.03744223341345787,0.0,2.0,-15.68110466003418,1784745951.8417156,120.9799873828888,,38.538599923125894,0.0,0.0,,False,1.087939739227295
665,0.00952237844467163,2.008995579672046e-06,0.012717797420918941,0.002134726382791996,6.983837010920979e-07,0.002166889375075698,0.00319558079354465,-9.26632308959961,0.8257089853286743,0.0014034882187843323,0.8118029236793518,0.5124700665473938,7.328401261474937e-05,0.5110241770744324,0.013981028459966183,-6.123948574066162,0.4999738931655884,1.719865576887969e-05,0.49787864089012146,0.002095252275466919,-4.438772201538086,0.893781304359436,0.005623289849609137,0.9669581055641174,0.0731768012046814,-1.195349931716919,0.34907859563827515,0.011437640525400639,0.33000001311302185,0.019078582525253296,-1.3005722761154175,0.5954411029815674,1.0,0.4045588970184326,0.07085289061069489,0.0,0.07085289061069489,0.03852812945842743,0.03852812945842743,0.0,2.0,-16.384868621826172,1784745951.9475598,121.08583164215088,,35.786171622765565,0.0,0.0,,False,1.087939739227295
666,0.00951483566313982,2.0212912659189897e-06,0.01100892387330532,0.0021629510447382927,7.047276540106395e-07,0.001874955021776259,0.0015215916791930795,-11.18969440460205,0.827465295791626,0.0014269731473177671,0.8148977756500244,0.5124275088310242,7.289519999176264e-05,0.5068050622940063,0.013767878524959087,-5.929293632507324,0.4999973177909851,1.7341695638606325e-05,0.49809038639068604,0.0019069314002990723,-4.457414627075195,0.8880490064620972,0.0058807991445064545,0.9644439220428467,0.07639491558074951,-1.152886152267456,0.34839099645614624,0.01171888317912817,0.33000001311302185,0.01839098334312439,-1.289907455444336,0.615071713924408,1.0,0.38492828607559204,0.07449118047952652,0.0,0.07449118047952652,0.041107889264822006,0.041107889264822006,0.0,2.0,-18.161836624145508,1784745952.0546474,121.19291925430298,,34.81071132472457,0.0,0.0,,False,1.087939739227295
667,0.009511012583971024,2.041598690993851e-06,0.009843572042882442,0.0021867603063583374,7.151048748710309e-07,0.001667412230744958,0.0006166994571685791,-11.57275390625,0.8297412395477295,0.0014554430963471532,0.8177472949028015,0.512412965297699,7.2610164352227e-05,0.5098684430122375,0.01226088497787714,-6.099544048309326,0.5000205039978027,1.753335709508974e-05,0.4982708990573883,0.0017496049404144287,-4.469470024108887,0.8799556493759155,0.006123682949692011,0.9603970050811768,0.08044135570526123,-1.1005141735076904,0.3492136597633362,0.012051465921103954,0.33000001311302185,0.01921364665031433,-1.2750298976898193,0.6336789727210999,1.0,0.36632102727890015,0.07737764716148376,0.0,0.07737764716148376,0.043183524161577225,0.043183524161577225,0.0,2.0,-18.687124252319336,1784745952.1485581,121.2868299484253,,34.36053865485741,0.0,0.0,,False,1.087939739227295
668,0.00950845330953598,2.074276608254877e-06,0.009619778022170067,0.0021981087047606707,7.277067766153777e-07,0.0016042449278756976,0.000604208093136549,-11.526449203491211,0.8310291767120361,0.0014868775615468621,0.8202957510948181,0.512454628944397,7.274008385138586e-05,0.510111927986145,0.010986112989485264,-6.105504035949707,0.5000459551811218,1.7863092580228113e-05,0.49839064478874207,0.0016553103923797607,-4.470752239227295,0.8699616193771362,0.006354442331939936,0.9558020830154419,0.08584046363830566,-1.030564308166504,0.3480873107910156,0.012327163480222225,0.33000001311302185,0.018087297677993774,-1.2657668590545654,0.6461622714996338,1.0,0.3538377285003662,0.08003922551870346,0.0,0.08003922551870346,0.04511966556310654,0.04511966556310654,0.0,2.0,-18.646228790283203,1784745952.2431967,121.3814685344696,,33.86947052295411,0.0,0.0,,False,1.087939739227295
669,0.009502029046416283,2.0839672743022675e-06,0.009678348898887634,0.0022088256664574146,7.349953534685483e-07,0.0016104356618598104,0.0006238263449631631,-11.513395309448242,0.8323803544044495,0.0015117491129785776,0.8236412405967712,0.512579083442688,7.258572441060096e-05,0.5072158575057983,0.010253599844872952,-5.951338768005371,0.5001071095466614,1.8054050087812357e-05,0.4991624653339386,0.0009446442127227783,-4.517417907714844,0.8598196506500244,0.006528257392346859,0.9526882767677307,0.0928686261177063,-0.9363113641738892,0.347359299659729,0.01266384869813919,0.33000001311302185,0.017359286546707153,-1.253665566444397,0.6597324013710022,1.0,0.3402675986289978,0.08302265405654907,0.0,0.08302265405654907,0.04731480032205582,0.04731480032205582,0.0,2.0,-18.53317642211914,1784745952.3473494,121.48562121391296,,33.26535002288675,0.0,0.0,,False,1.087939739227295
670,0.00949794240295887,2.0854056401731214e-06,0.004838903434574604,0.002215002430602908,7.40126381515438e-07,0.0008043833659030497,0.004867904353886843,-5.211939811706543,0.8336960673332214,0.0015304709086194634,0.8260272145271301,0.5126888751983643,7.239205297082663e-05,0.5110653042793274,0.007838832214474678,-6.132499694824219,0.500156581401825,1.8193573851021938e-05,0.4992842972278595,0.0008722841739654541,-4.517371654510498,0.8494182825088501,0.006654336117208004,0.9468041658401489,0.09738588333129883,-0.8746859431266785,0.34497469663619995,0.01288496796041727,0.33000001311302185,0.0149746835231781,-1.2482068538665771,0.6701604127883911,1.0,0.3298395872116089,0.08596315234899521,0.0,0.08596315234899521,0.04950353875756264,0.04950353875756264,0.0,2.0,-12.376625061035156,1784745952.452308,121.59057974815369,,26.504678161735406,0.0,0.0,,False,1.087939739227295
671,0.009487565606832504,2.096900971082505e-06,0.013233885169029236,0.0022098722402006388,7.458654636138817e-07,0.002186092082411051,0.0037463949993252754,-8.407045364379883,0.8337572813034058,0.001550628338009119,0.8287037014961243,0.5128727555274963,7.244073640322313e-05,0.5101858377456665,0.005723477341234684,-6.104975700378418,0.5002314448356628,1.844379585236311e-05,0.49946510791778564,0.0007663369178771973,-4.51553201675415,0.83719801902771,0.006777994800359011,0.9282078146934509,0.09100979566574097,-0.9670930504798889,0.3449127674102783,0.013199337758123875,0.33000001311302185,0.01491275429725647,-1.2364314794540405,0.6780906915664673,1.0,0.3219093084335327,0.08727879822254181,0.0,0.08727879822254181,0.05049082636833191,0.05049082636833191,0.0,2.0,-15.548791885375977,1784745952.5493317,121.68760347366333,,22.91617312492488,0.0,0.0,,False,1.087939739227295
672,0.009487438015639782,2.0921854684274876e-06,0.01140151172876358,0.0022124876268208027,7.494842861888174e-07,0.0018789202440530062,0.0019429218955338001,-10.802921295166016,0.8347205519676208,0.0015586505178362131,0.8316044211387634,0.5129534006118774,7.271797221619636e-05,0.50661700963974,0.007061169948428869,-5.87937068939209,0.5002326965332031,1.8546428691479377e-05,0.5000554323196411,0.00017726421356201172,-4.527830600738525,0.8238018751144409,0.006849407684057951,0.9123084545135498,0.08850657939910889,-1.0010263919830322,0.33771419525146484,0.013128256425261497,0.33000001311302185,0.007714182138442993,-1.2452892065048218,0.6794247031211853,1.0,0.3205752968788147,0.09146993607282639,0.0,0.09146993607282639,0.05366823077201843,0.05366823077201843,0.0,2.0,-17.770334243774414,1784745952.6557248,121.7939965724945,,21.549210446512795,0.0,0.0,,False,1.087939739227295
673,0.009466385468840599,2.0497971036093077e-06,0.009736144915223122,0.0022131530568003654,7.423691386065912e-07,0.001606568694114685,0.0006638634949922562,-11.502148628234863,0.8343027830123901,0.0015530542004853487,0.8335041403770447,0.5129590034484863,7.26949583622627e-05,0.5088798999786377,0.004156550858169794,-6.045858383178711,0.5002407431602478,1.8554579582996666e-05,0.5003842115402222,0.00014346837997436523,-4.5279035568237305,0.8084161281585693,0.006872879341244698,0.883569061756134,0.0751529335975647,-1.1602598428726196,0.33387020230293274,0.013174052350223064,0.33000001311302185,0.0038701891899108887,-1.2452459335327148,0.6814224123954773,1.0,0.3185775876045227,0.09359943121671677,0.0,0.09359943121671677,0.05530121177434921,0.05530121177434921,0.0,2.0,-18.602787017822266,1784745952.7498317,121.88810348510742,,21.01470054214856,0.0,0.0,,False,1.087939739227295
674,0.009446628391742706,2.022035687332391e-06,0.00978784915059805,0.002207099925726652,7.373076300609682e-07,0.0016157615464180708,0.0006827244651503861,-11.512031555175781,0.8337075710296631,0.0015462784795090556,0.8355932831764221,0.5130365490913391,7.285524770850316e-05,0.506939172744751,0.006382312159985304,-5.9052934646606445,0.5002296566963196,1.86123597814003e-05,0.5004859566688538,0.0002562999725341797,-4.525138854980469,0.7850836515426636,0.006880807224661112,0.8504421710968018,0.06535851955413818,-1.2601615190505981,0.33189964294433594,0.01329757645726204,0.33000001311302185,0.001899629831314087,-1.241012454032898,0.6809362173080444,1.0,0.31906378269195557,0.0957106500864029,0.0,0.0957106500864029,0.056932322680950165,0.056932322680950165,0.0,2.0,-18.498836517333984,1784745952.8551886,121.99346041679382,,20.376240137296044,0.0,0.0,,False,1.087939739227295
675,0.00942404754459858,1.9719138890650356e-06,0.008792568929493427,0.0021962400060147047,7.244779567372461e-07,0.0014575027162209153,0.0009718529181554914,-11.321533203125,0.8326882719993591,0.0015223957598209381,0.836800754070282,0.5132300853729248,7.261992868734524e-05,0.506346583366394,0.00801842287182808,-5.839201927185059,0.5002540349960327,1.8484062820789404e-05,0.5004732012748718,0.00021916627883911133,-4.529062747955322,0.7537130117416382,0.006764319259673357,0.7854293584823608,0.031716346740722656,-1.5047529935836792,0.3294026255607605,0.013422220945358276,0.33000001311302185,0.0005973875522613525,-1.2364698648452759,0.6764598488807678,1.0,0.3235401511192322,0.09846249967813492,0.0,0.09846249967813492,0.05907629430294037,0.05907629430294037,0.0,2.0,-18.257427215576172,1784745952.9495392,122.08781099319458,,19.496370430685715,0.0,0.0,,False,1.087939739227295
676,0.009374726563692093,1.8941541384265292e-06,0.009743777103722095,0.0021756005007773638,6.996789352342603e-07,0.0016149227740243077,0.000671236019115895,-11.576215744018555,0.8295165300369263,0.0014717084122821689,0.8378390669822693,0.5136406421661377,7.232313510030508e-05,0.5068220496177673,0.01075908076018095,-5.845012664794922,0.5003373026847839,1.8223392544314265e-05,0.501132607460022,0.0007953047752380371,-4.520109176635742,0.702792763710022,0.006490025203675032,0.7150815725326538,0.012288808822631836,-1.5881716012954712,0.3334898352622986,0.013951695524156094,0.33000001311302185,0.0034898221492767334,-1.2167022228240967,0.668229877948761,1.0,0.331770122051239,0.10041586309671402,0.0,0.10041586309671402,0.06061029061675072,0.06061029061675072,0.0,3.0,-18.512279510498047,1784745953.0569353,122.19520711898804,,18.87135301899726,0.0,0.0,,False,1.087939739227295
677,0.009283390827476978,1.8453125676387572e-06,0.00990795437246561,0.002150249667465687,6.861793622192636e-07,0.0016500349156558514,0.0008001840324141085,-11.571598052978516,0.8244779109954834,0.0014201905578374863,0.8374424576759338,0.5137490034103394,7.268378976732492e-05,0.5076201558113098,0.014340231195092201,-5.887727737426758,0.5003207325935364,1.8221464415546507e-05,0.5012600421905518,0.0009393095970153809,-4.513306140899658,0.647415041923523,0.006081683095544577,0.6191526055335999,0.028262436389923096,-1.5666285753250122,0.3349323272705078,0.015280946157872677,0.33000001311302185,0.004932314157485962,-1.170839786529541,0.663453996181488,1.0,0.33654600381851196,0.10963547229766846,0.0,0.10963547229766846,0.06798337399959564,0.06798337399959564,0.0,3.0,-18.538433074951172,1784745953.1534474,122.29171919822693,,18.272489171761933,0.0,0.0,,False,1.087939739227295
678,0.00920496229082346,1.8646386479304056e-06,0.009756138548254967,0.0021390209440141916,6.981159117458446e-07,0.0016244911821559072,0.0007540133665315807,-11.574710845947266,0.8205376267433167,0.0014022226678207517,0.8356218934059143,0.5134871006011963,7.394733256660402e-05,0.5078284740447998,0.01611071452498436,-5.9054107666015625,0.5000795722007751,1.835012335504871e-05,0.5012600421905518,0.0011804699897766113,-4.496028423309326,0.5936576128005981,0.005744817201048136,0.5273888111114502,0.06626880168914795,-1.2785712480545044,0.33205461502075195,0.01706148497760296,0.33000001311302185,0.0020546019077301025,-1.1164036989212036,0.6652618050575256,1.0,0.33473819494247437,0.12458032369613647,0.0,0.12458032369613647,0.08038032054901123,0.08038032054901123,0.0,3.0,-18.547054290771484,1784745953.250601,122.38887286186218,,17.682246540346917,0.0,0.0,,False,1.087939739227295
679,0.009148146025836468,1.9512567632773425e-06,0.00976635329425335,0.0021462724544107914,7.288157917173521e-07,0.0016333397943526506,0.0008032933110371232,-11.523133277893066,0.8187229633331299,0.001411160221323371,0.8324101567268372,0.5133669376373291,7.459282642230392e-05,0.5080127716064453,0.014697154983878136,-5.936992645263672,0.5000218749046326,1.8488219211576506e-05,0.501372218132019,0.0013503432273864746,-4.480936527252197,0.5568759441375732,0.005535092204809189,0.4928685426712036,0.06400740146636963,-1.3092966079711914,0.33677130937576294,0.020505985245108604,0.33000001311302185,0.006771296262741089,-1.0234627723693848,0.684272825717926,1.0,0.315727174282074,0.14515191316604614,0.0,0.14515191316604614,0.09828484803438187,0.09828484803438187,0.0,3.0,-18.51319694519043,1784745953.356918,122.49518990516663,,17.058146563350846,0.0,0.0,,False,1.087939739227295
680,0.00919268000870943,2.1415144146885723e-06,0.010135811753571033,0.0021246380638331175,8.217611480176856e-07,0.0016921797068789601,0.0010375537676736712,-11.373557090759277,0.8232280015945435,0.0014579299604520202,0.8254513144493103,0.5133991241455078,7.593406917294487e-05,0.5082724094390869,0.005588051863014698,-5.995553016662598,0.5002216100692749,1.8914261090685613e-05,0.501471996307373,0.0012503862380981445,-4.477528095245361,0.544674813747406,0.00547214038670063,0.4692189693450928,0.07545584440231323,-1.1648705005645752,0.2960771322250366,0.025149499997496605,0.33000001311302185,0.03392288088798523,-0.899641752243042,0.7239344716072083,1.0,0.27606552839279175,0.23135411739349365,0.0,0.23135411739349365,0.18229861557483673,0.18229861557483673,0.0,3.0,-18.408763885498047,1784745953.4612255,122.59949731826782,,16.329613526662392,0.0,0.0,,False,1.087939739227295
681,0.009101951494812965,2.090815996780293e-06,0.009607277810573578,0.0020976285450160503,8.011642194105661e-07,0.0015938268043100834,0.0007135620689950883,-11.50023078918457,0.8156149387359619,0.001431377837434411,0.8163378834724426,0.5135636329650879,7.573385664727539e-05,0.5124435424804688,0.001333136111497879,-6.172358512878418,0.5002901554107666,1.899677408800926e-05,0.5016060471534729,0.0013158917427062988,-4.47110652923584,0.5270624160766602,0.005331575404852629,0.4590151309967041,0.06804728507995605,-1.2638695240020752,0.30111390352249146,0.027209648862481117,0.33000001311302185,0.028886109590530396,-0.8678203821182251,0.731534481048584,1.0,0.268465518951416,0.2414289116859436,0.0,0.2414289116859436,0.19293098151683807,0.19293098151683807,0.0,3.0,-18.67367172241211,1784745953.5576022,122.69587397575378,,15.865988326888,0.0,0.0,,False,1.087939739227295
682,0.008996984921395779,2.0340389710327145e-06,0.00965597853064537,0.0020630639046430588,7.81434152941074e-07,0.0016068283002823591,0.0008015132625587285,-11.505996704101562,0.8063771724700928,0.001411682111211121,0.8093338012695312,0.5138131976127625,7.575054041808471e-05,0.5160476565361023,0.0037060033064335585,-6.151590347290039,0.5004090070724487,1.924817479448393e-05,0.5017329454421997,0.0013239383697509766,-4.464576721191406,0.516365647315979,0.00527564762160182,0.4725978374481201,0.04376780986785889,-1.5218350887298584,0.3043510913848877,0.02921631932258606,0.33000001311302185,0.025648921728134155,-0.8363168835639954,0.7454622387886047,1.0,0.25453776121139526,0.25606006383895874,0.0,0.25606006383895874,0.20863297581672668,0.20863297581672668,0.0,2.0,-18.659557342529297,1784745953.6615875,122.79985928535461,,15.388248747230797,0.0,0.0,,False,1.087939739227295
683,0.008939748629927635,1.9422707282501506e-06,0.009645873680710793,0.002005412708967924,7.436232181134983e-07,0.0015985051868483424,0.0008149762870743871,-11.55412769317627,0.7983264923095703,0.0013766757911071181,0.7999563217163086,0.5145800113677979,7.470999844372272e-05,0.5137902498245239,0.0018110956298187375,-6.201973915100098,0.5006383061408997,1.912885272759013e-05,0.5019609332084656,0.001322627067565918,-4.467492580413818,0.5135103464126587,0.005166931077837944,0.45187148451805115,0.061638861894607544,-1.3461394309997559,0.30552399158477783,0.030317995697259903,0.33000001311302185,0.02447602152824402,-0.8191885352134705,0.7575675845146179,1.0,0.24243241548538208,0.265340656042099,0.0,0.265340656042099,0.21874576807022095,0.21874576807022095,0.0,2.0,-18.749452590942383,1784745953.7577097,122.89598155021667,,15.00040441598668,0.0,0.0,,False,1.087939739227295
684,0.008823344483971596,1.875509155979671e-06,0.009302901104092598,0.0019813827238976955,7.170212938945042e-07,0.001564734149724245,0.0006352720665745437,-11.647153854370117,0.7889621257781982,0.0013541535008698702,0.7930195331573486,0.5150603652000427,7.464228110620752e-05,0.5153248310089111,0.004066017456352711,-6.2092671394348145,0.5008505582809448,1.922816773003433e-05,0.5022273063659668,0.0013767480850219727,-4.46134090423584,0.5065281987190247,0.005150654818862677,0.46959152817726135,0.036936670541763306,-1.5829360485076904,0.30755263566970825,0.03142993524670601,0.33000001311302185,0.0224473774433136,-0.8030427694320679,0.7680848240852356,1.0,0.2319151759147644,0.2765516936779022,0.0,0.2765516936779022,0.23111267387866974,0.23111267387866974,0.0,2.0,-18.845237731933594,1784745953.8568642,122.99513602256775,,14.708345225733773,0.0,0.0,,False,1.087939739227295
685,0.008744667284190655,1.8029567172561656e-06,0.009396806359291077,0.0019382680766284466,6.872816697978124e-07,0.001572452369146049,0.0007477342733182013,-11.655128479003906,0.7806638479232788,0.0013262478169053793,0.7836597561836243,0.5156846046447754,7.411724800476804e-05,0.5186207890510559,0.004194835666567087,-6.168211460113525,0.5010625720024109,1.9286761016701348e-05,0.5022159218788147,0.0011533498764038086,-4.474621772766113,0.5059745907783508,0.005091245751827955,0.4555839002132416,0.05039069056510925,-1.471806526184082,0.3053494989871979,0.03184903413057327,0.33000001311302185,0.024650514125823975,-0.794896125793457,0.7766293287277222,1.0,0.22337067127227783,0.2873857617378235,0.0,0.2873857617378235,0.24321319162845612,0.24321319162845612,0.0,2.0,-18.827009201049805,1784745953.9526248,123.09089660644531,,14.398057504597077,0.0,0.0,,False,1.087939739227295
686,0.008639589883387089,1.7403895071765874e-06,0.009395049884915352,0.0019037490710616112,6.618940915359417e-07,0.0015810119220986962,0.0008215102134272456,-11.664257049560547,0.7712390422821045,0.001305638812482357,0.7768080234527588,0.5162099599838257,7.411689875880256e-05,0.5168569087982178,0.005606433376669884,-6.22288703918457,0.501270055770874,1.9443117707851343e-05,0.5019693374633789,0.0006992816925048828,-4.492495059967041,0.5018506050109863,0.005065945442765951,0.46092402935028076,0.040926575660705566,-1.558350682258606,0.3048098683357239,0.032326988875865936,0.33000001311302185,0.025190144777297974,-0.7871734499931335,0.7840838432312012,1.0,0.21591615676879883,0.29828786849975586,0.0,0.29828786849975586,0.255530446767807,0.255530446767807,0.0,2.0,-18.88881492614746,1784745954.0569968,123.19526863098145,,14.149575508558037,0.0,0.0,,False,1.087939739227295
687,0.008560617454349995,1.6803606968096574e-06,0.009185328148305416,0.0018670220160856843,6.375508974088007e-07,0.0015661751385778189,0.0006933774566277862,-11.756082534790039,0.7631126642227173,0.0012821994023397565,0.767643928527832,0.5166873931884766,7.390983228106052e-05,0.5152785778045654,0.004745220299810171,-6.2266106605529785,0.5014556050300598,1.9562685338314623e-05,0.5021174550056458,0.0006618499755859375,-4.490808486938477,0.5013331174850464,0.0050200410187244415,0.4666478931903839,0.034685224294662476,-1.608393907546997,0.30090343952178955,0.03233374282717705,0.33000001311302185,0.0290965735912323,-0.783791720867157,0.7904982566833496,1.0,0.2095017433166504,0.31035318970680237,0.0,0.31035318970680237,0.2693179249763489,0.2693179249763489,0.0,2.0,-18.982776641845703,1784745954.1511536,123.28942537307739,,13.99505522821724,0.0,0.0,,False,1.087939739227295
688,0.008466328494250774,1.6255312402790878e-06,0.010936274193227291,0.001831442816182971,6.172422786221432e-07,0.0018702074885368347,0.0024702497757971287,-10.098241806030273,0.7542720437049866,0.0012638285988941789,0.7578696608543396,0.51701420545578,7.422934140777215e-05,0.5154083967208862,0.0039397296495735645,-6.230613708496094,0.5015847682952881,1.9795352272922173e-05,0.5020012259483337,0.0004164576530456543,-4.49171257019043,0.49935591220855713,0.004998011980205774,0.47560983896255493,0.023746073246002197,-1.6740089654922485,0.29542994499206543,0.03241534158587456,0.33000001311302185,0.03457006812095642,-0.7771891951560974,0.7975667715072632,1.0,0.20243322849273682,0.32669714093208313,0.0,0.32669714093208313,0.2882390320301056,0.2882390320301056,0.0,2.0,-17.328590393066406,1784745954.2571445,123.39541625976562,,12.186348699097145,0.0,0.0,,False,1.087939739227295
689,0.008382297120988369,1.563762680234504e-06,0.00875956378877163,0.0017974951770156622,5.934347768743464e-07,0.0015009961789473891,0.0004798351728823036,-11.895421028137207,0.7457767128944397,0.0012413118965923786,0.7532294392585754,0.5173139572143555,7.426728552673012e-05,0.5152636766433716,0.007729604374617338,-6.211162567138672,0.5017125606536865,1.9910767150577158e-05,0.5017896890640259,7.712841033935547e-05,-4.493037223815918,0.4991472363471985,0.004958841018378735,0.48066213726997375,0.01848509907722473,-1.699899673461914,0.29093822836875916,0.03198849409818649,0.33000001311302185,0.039061784744262695,-0.7784014344215393,0.8031054735183716,1.0,0.19689452648162842,0.33932021260261536,0.0,0.33932021260261536,0.30303090810775757,0.30303090810775757,0.0,2.0,-19.110870361328125,1784745954.3524768,123.49074864387512,,12.15992213823877,0.0,0.0,,False,1.087939739227295
690,0.008303848095238209,1.5104048998182407e-06,0.008915870450437069,0.0017591684591025114,5.725040637116763e-07,0.0015389861073344946,0.0006504242192022502,-11.883974075317383,0.7373133301734924,0.0012213654117658734,0.7454908490180969,0.5175529718399048,7.451952842529863e-05,0.5150898098945618,0.008540431968867779,-6.200156211853027,0.5018457770347595,2.0142873836448416e-05,0.5016977190971375,0.0001480579376220703,-4.486847400665283,0.4997938573360443,0.004929341375827789,0.4677361845970154,0.03205767273902893,-1.6330939531326294,0.2873080372810364,0.0316232331097126,0.33000001311302185,0.042691975831985474,-0.7791755795478821,0.8081088662147522,1.0,0.1918911337852478,0.3501841723918915,0.0,0.3501841723918915,0.31587645411491394,0.31587645411491394,0.0,2.0,-19.087522506713867,1784745954.4592543,123.59752607345581,,12.110147722766136,0.0,0.0,,False,1.087939739227295
691,0.008232147432863712,1.4714136113980203e-06,0.004414539784193039,0.0017276694998145103,5.559458031711983e-07,0.0007646538433618844,0.003937197849154472,-6.291566848754883,0.7297102212905884,0.0012054098770022392,0.7399969696998596,0.5177646279335022,7.489008567063138e-05,0.5153536796569824,0.010565503500401974,-6.189634323120117,0.5019674897193909,2.0388779375934973e-05,0.5016804933547974,0.00028699636459350586,-4.479304313659668,0.49947503209114075,0.004902650602161884,0.4641605019569397,0.03531453013420105,-1.6128631830215454,0.28420114517211914,0.031236186623573303,0.33000001311302185,0.04579886794090271,-0.7805750370025635,0.8121699690818787,1.0,0.18783003091812134,0.3593415915966034,0.0,0.3593415915966034,0.32678139209747314,0.32678139209747314,0.0,2.0,-13.482927322387695,1784745954.553439,123.69171071052551,,7.5390140623108834,0.0,0.0,,False,1.087939739227295
692,0.008151084184646606,1.4388756426342297e-06,0.011709639802575111,0.0016950283898040652,5.41687711574923e-07,0.0020386921241879463,0.0035751115065068007,-7.592798709869385,0.7219094038009644,0.00119222910143435,0.733238935470581,0.5179486274719238,7.538593490608037e-05,0.5153395533561707,0.011626072227954865,-6.1755523681640625,0.5021066069602966,2.0811925423913635e-05,0.5015950202941895,0.0005115866661071777,-4.464766025543213,0.4976620078086853,0.0049009304493665695,0.47258245944976807,0.025079548358917236,-1.6760568618774414,0.2848927974700928,0.03147108107805252,0.33000001311302185,0.04510721564292908,-0.7780786752700806,0.816048800945282,1.0,0.18395119905471802,0.3629346787929535,0.0,0.3629346787929535,0.3310783803462982,0.3310783803462982,0.0,2.0,-14.765624046325684,1784745954.65832,123.79659175872803,,10.9106869381717,0.0,0.0,,False,1.087939739227295
693,0.008093440905213356,1.4030058537173318e-06,0.010023493319749832,0.0016680506523698568,5.269350253911398e-07,0.0017476890934631228,0.0019316948018968105,-10.7951021194458,0.7154010534286499,0.0011768653057515621,0.7256978154182434,0.5181470513343811,7.578189251944423e-05,0.515521764755249,0.010626167058944702,-6.187880039215088,0.5022168755531311,2.097377546306234e-05,0.5012305974960327,0.0009862780570983887,-4.443990707397461,0.4999313950538635,0.004863214213401079,0.4774530231952667,0.022478371858596802,-1.6921403408050537,0.2792261838912964,0.03063284233212471,0.33000001311302185,0.050773829221725464,-0.781823992729187,0.819358766078949,1.0,0.18064123392105103,0.3736385405063629,0.0,0.3736385405063629,0.3439369201660156,0.3439369201660156,0.0,2.0,-17.9674015045166,1784745954.753287,123.89155888557434,,11.0805823558416,0.0,0.0,,False,1.087939739227295
694,0.008026067167520523,1.3732659454035456e-06,0.00845311675220728,0.0016432276461273432,5.153591473572305e-07,0.001470938790589571,0.00046049407683312893,-12.05528450012207,0.7085137367248535,0.001165680238045752,0.7205567955970764,0.5182055830955505,7.641760021215305e-05,0.5195947289466858,0.01212291233241558,-6.204160213470459,0.502301037311554,2.1256051695672795e-05,0.5011800527572632,0.0011209845542907715,-4.43093729019165,0.5003480911254883,0.00485420785844326,0.4831812083721161,0.017166882753372192,-1.714660882949829,0.27582690119743347,0.03023524582386017,0.33000001311302185,0.05417311191558838,-0.7819033861160278,0.822905421257019,1.0,0.17709457874298096,0.3827286958694458,0.0,0.3827286958694458,0.3549209535121918,0.3549209535121918,0.0,2.0,-19.234081268310547,1784745954.8500483,123.9883201122284,,9.983798009717553,0.0,0.0,,False,1.087939739227295
695,0.007968052290380001,1.34668505324953e-06,0.008397466503083706,0.0016130567528307438,5.04469483075809e-07,0.001466216635890305,0.00045382659300230443,-12.081100463867188,0.7019645571708679,0.0011552462819963694,0.7139148116111755,0.5183703899383545,7.69413891248405e-05,0.5213003158569336,0.012304187752306461,-6.162482261657715,0.5024077892303467,2.1567278963630088e-05,0.5012987852096558,0.001109004020690918,-4.424715042114258,0.5004004836082458,0.004840285517275333,0.488050639629364,0.012349843978881836,-1.7306970357894897,0.2739807963371277,0.029915330931544304,0.33000001311302185,0.056019216775894165,-0.7833029627799988,0.8259171843528748,1.0,0.17408281564712524,0.3875482678413391,0.0,0.3875482678413391,0.3607668876647949,0.3607668876647949,0.0,2.0,-19.22344207763672,1784745954.934927,124.0731987953186,,8.897652854267335,0.0,0.0,,False,1.087939739227295
696,0.007915748283267021,1.322616299148649e-06,0.008390329778194427,0.0015887930057942867,4.94315884225216e-07,0.0014756808523088694,0.00048787493142299354,-12.092031478881836,0.6964964866638184,0.0011444994015619159,0.7093073725700378,0.5185641050338745,7.720007124589756e-05,0.517280101776123,0.012875070795416832,-6.200695037841797,0.5025352835655212,2.180516821681522e-05,0.5013362765312195,0.0011990070343017578,-4.414777755737305,0.5008721351623535,0.004822417162358761,0.48942795395851135,0.011444181203842163,-1.7347221374511719,0.27181199193000793,0.029556484892964363,0.33000001311302185,0.058188021183013916,-0.7845100164413452,0.8285861015319824,1.0,0.17141389846801758,0.3917628526687622,0.0,0.3917628526687622,0.36589109897613525,0.36589109897613525,0.0,2.0,-19.25997543334961,1784745955.0621712,124.20044302940369,,7.774974343104226,0.0,0.0,,False,1.087939739227295
697,0.007851377129554749,1.2967458360435558e-06,0.007150767836719751,0.0015700218500569463,4.850779191656329e-07,0.001257974887266755,0.0007669593906030059,-11.919795989990234,0.690599262714386,0.0011349914129823446,0.7048323750495911,0.5185526609420776,7.772122626192868e-05,0.5192251801490784,0.014248992316424847,-6.191725730895996,0.5026099681854248,2.2077165340306237e-05,0.5013033747673035,0.0013065934181213379,-4.402880668640137,0.4999552369117737,0.004833636339753866,0.4937959909439087,0.00615924596786499,-1.7432153224945068,0.2700739800930023,0.02946356311440468,0.3296777307987213,0.059603750705718994,-0.7830738425254822,0.8318271040916443,1.0,0.1681728959083557,0.398029625415802,0.0,0.398029625415802,0.3735300600528717,0.3735300600528717,0.0,2.0,-19.074617385864258,1784745955.1569786,124.295250415802,,6.837653879426469,0.0,0.0,,False,1.087939739227295
698,0.007806476205587387,1.279618231819768e-06,0.005541911814361811,0.0015474261017516255,4.787542593476246e-07,0.0009807237656787038,0.002334395656362176,-9.883411407470703,0.6858965158462524,0.0011267963564023376,0.6988077759742737,0.5186832547187805,7.810553506715223e-05,0.5218724012374878,0.013299296610057354,-6.145956993103027,0.5026954412460327,2.237404441984836e-05,0.5009850859642029,0.001710355281829834,-4.369493007659912,0.5011209845542908,0.00482369726523757,0.49471381306648254,0.0064071714878082275,-1.7439136505126953,0.26733559370040894,0.0290905199944973,0.3286206126213074,0.06128501892089844,-0.7851784229278564,0.8341196775436401,1.0,0.16588032245635986,0.401811808347702,0.0,0.401811808347702,0.37815138697624207,0.37815138697624207,0.0,2.0,-16.984922409057617,1784745955.251305,124.38957691192627,,7.990028392555352,0.0,0.0,,False,1.087939739227295
699,0.007747715804725885,1.2606082009369857e-06,0.010053371079266071,0.0015280494699254632,4.721929656170687e-07,0.0017812747973948717,0.0023195191752165556,-10.060596466064453,0.6806289553642273,0.0011196460109204054,0.6945662498474121,0.518834114074707,7.863069913582876e-05,0.5205581188201904,0.014043516479432583,-6.17922306060791,0.5028092861175537,2.2720263586961664e-05,0.5008477568626404,0.00196152925491333,-4.342514514923096,0.4991537928581238,0.004833052400499582,0.48784857988357544,0.01130521297454834,-1.7339779138565063,0.2659573554992676,0.029025500640273094,0.6170019507408142,0.35104459524154663,1.2719764709472656,0.8363363742828369,1.0,0.16366362571716309,0.4047974646091461,0.0,0.4047974646091461,0.38180506229400635,0.38180506229400635,0.0,2.0,-17.17523193359375,1784745955.3475628,124.48583459854126,,8.952093381148103,1.9620363446475908,0.0,,False,1.087939739227295
700,0.00767018087208271,1.290663703912287e-06,0.008115120232105255,0.001511986367404461,4.829180397791788e-07,0.0014410553267225623,0.000450557708973065,-12.13210678100586,0.6748254299163818,0.0011379951611161232,0.6884276270866394,0.5182892084121704,7.953026215545833e-05,0.5185996294021606,0.013605738990008831,-6.189155101776123,0.502613365650177,2.3380322090815753e-05,0.5008679628372192,0.0017454028129577637,-4.347720146179199,0.4888107180595398,0.004941198509186506,0.4786393642425537,0.010171353816986084,-1.7256664037704468,0.28119468688964844,0.03133731335401535,0.2870727479457855,0.005878061056137085,-0.811983048915863,0.8351532220840454,1.0,0.1648467779159546,0.3884457051753998,0.0,0.3884457051753998,0.3618571162223816,0.3618571162223816,0.0,2.0,-19.257291793823242,1784745955.4525301,124.59080195426941,,7.832098509511361,1.840113169432053,0.0,,False,1.087939739227295
701,0.007623571902513504,1.258537167814211e-06,0.007997234351933002,0.0014964515576139092,4.782685891768779e-07,0.0014084290014579892,0.00038389008841477334,-12.167879104614258,0.6691714525222778,0.0011327954707667232,0.6837403774261475,0.5184327960014343,8.069487375905737e-05,0.5187878608703613,0.014573250897228718,-6.17160701751709,0.5026546120643616,2.393274917267263e-05,0.5008485317230225,0.0018060803413391113,-4.33304500579834,0.48724210262298584,0.004995628260076046,0.46105170249938965,0.02619040012359619,-1.662003755569458,0.27339112758636475,0.030427632853388786,0.3879980444908142,0.11460691690444946,-0.6114277839660645,0.83637934923172,1.0,0.16362065076828003,0.39769792556762695,0.0,0.39769792556762695,0.3731251358985901,0.3731251358985901,0.0,2.0,-19.27168846130371,1784745955.5575984,124.69587016105652,,6.697706970394151,1.9187452591663137,0.0,,False,1.087939739227295
702,0.007553786505013704,1.2498503565439023e-06,0.008017068728804588,0.0014833402819931507,4.7550400950058247e-07,0.0014213892864063382,0.0004674059746321291,-12.147912979125977,0.6636096239089966,0.0011295813601464033,0.6777557730674744,0.518555223941803,8.124913438223302e-05,0.5190526247024536,0.014154891483485699,-6.173971176147461,0.5027937889099121,2.427214349154383e-05,0.5009729266166687,0.0018208622932434082,-4.325852870941162,0.4826495945453644,0.004999436438083649,0.4462395906448364,0.036410003900527954,-1.5976927280426025,0.2715846002101898,0.030647331848740578,0.0,0.2715846002101898,0.379671573638916,0.838073194026947,1.0,0.16192680597305298,0.40179643034935,1.0,0.5982035398483276,0.3781326413154602,0.6218673586845398,0.0,2.0,-19.250015258789062,1784745955.6544204,124.79269218444824,,5.584988633791589,2.988476706505555,0.0,,False,1.087939739227295
703,0.007432269863784313,1.1341063554937136e-06,0.009665203280746937,0.0014802309451624751,4.365403754036379e-07,0.0017167867626994848,0.002245428739115596,-10.066852569580078,0.6531053781509399,0.0011021554237231612,0.6693333983421326,0.5179911255836487,8.009532757569104e-05,0.5195424556732178,0.016302000731229782,-6.149019718170166,0.5027107000350952,2.398134529357776e-05,0.5010976195335388,0.0016130805015563965,-4.3459272384643555,0.4868871569633484,0.004976680967956781,0.42519432306289673,0.06169283390045166,-1.3501734733581543,0.23493745923042297,0.028037820011377335,0.0,0.23493745923042297,0.11614447832107544,0.8543605208396912,1.0,0.14563947916030884,0.46608805656433105,1.0,0.533911943435669,0.4576466381549835,0.5423533916473389,0.0,2.0,-17.159032821655273,1784745955.7508152,124.88908696174622,,6.563252734322816,3.7946810585269555,0.0,,False,1.087939739227295
704,0.007314928807318211,1.139609594247304e-06,0.007712731137871742,0.001495762262493372,4.378330231702421e-07,0.0013725640019401908,0.0004164426645729691,-12.238485336303711,0.645112156867981,0.0011058757081627846,0.6597481966018677,0.5175235867500305,8.195752889150754e-05,0.5196467638015747,0.014789237640798092,-6.14598274230957,0.5026887059211731,2.462377233314328e-05,0.5010746121406555,0.0016140937805175781,-4.3340582847595215,0.48290950059890747,0.004999091383069754,0.4099709391593933,0.07293856143951416,-1.1982109546661377,0.20702937245368958,0.02878132462501526,0.0,0.20702937245368958,-0.11047554016113281,0.8736010193824768,1.0,0.1263989806175232,0.5358867645263672,1.0,0.4641132354736328,0.5448151230812073,0.4551848769187927,0.0,2.0,-19.32229995727539,1784745955.846632,124.98490381240845,,5.378249699233926,4.374265392066148,0.0,,False,1.087939739227295
705,0.007215311750769615,1.1854957620016648e-06,0.007594604045152664,0.0014981480780988932,4.5480382482310233e-07,0.001345367170870304,0.00040890666423365474,-12.200159072875977,0.636987030506134,0.001123341848142445,0.6539685130119324,0.5168538093566895,8.518133836332709e-05,0.5193036794662476,0.017157290130853653,-6.07962703704834,0.5025792717933655,2.5856879801722243e-05,0.501060426235199,0.001518845558166504,-4.3179192543029785,0.47566139698028564,0.005080802831798792,0.38704735040664673,0.08861404657363892,-0.9494478702545166,0.18249906599521637,0.03046857751905918,0.0,0.18249906599521637,-0.2800295352935791,0.8889310956001282,1.0,0.11106890439987183,0.5998914837837219,1.0,0.4001085162162781,0.6239308714866638,0.3760691285133362,0.0,2.0,-19.222822189331055,1784745955.9522052,125.0904769897461,,4.292724432089372,4.784295730472894,0.0,,False,1.087939739227295
706,0.007135236635804176,1.2525716783784446e-06,0.007668231148272753,0.0015007711481302977,4.787877969647525e-07,0.0013694653753191233,0.0005489301984198391,-12.10187816619873,0.6297752261161804,0.001144903595559299,0.6444978713989258,0.516096293926239,8.876316860551015e-05,0.5183868408203125,0.01489976141601801,-6.088893890380859,0.5024337768554688,2.7274943931843154e-05,0.5013502836227417,0.0010834932327270508,-4.314311981201172,0.4662047028541565,0.005172534380108118,0.3978605270385742,0.06834417581558228,-1.2617453336715698,0.1610661745071411,0.03231922537088394,0.0,0.1610661745071411,-0.3957631587982178,0.9006443023681641,1.0,0.09935569763183594,0.6552441716194153,1.0,0.3447558283805847,0.6905547976493835,0.30944520235061646,0.0,2.0,-19.130149841308594,1784745956.0565646,125.19483637809753,,3.299871512967279,5.078592445375001,0.0,,False,1.087939739227295
707,0.007064094766974449,1.294362391490722e-06,0.007408302277326584,0.001496360870078206,4.936415507472702e-07,0.001321587129496038,0.0003860371361952275,-12.124890327453613,0.6225155591964722,0.0011562509462237358,0.6335529685020447,0.5156407356262207,9.146621596300974e-05,0.5195714831352234,0.0117164496332407,-6.056036949157715,0.5023350715637207,2.8472566555137746e-05,0.5013485550880432,0.0009865164756774902,-4.297255992889404,0.46060025691986084,0.005220890045166016,0.4058597683906555,0.05474048852920532,-1.4216309785842896,0.14277079701423645,0.0336134135723114,0.0,0.14277079701423645,-0.4742717146873474,0.9093846678733826,1.0,0.09061533212661743,0.6961456537246704,1.0,0.3038543462753296,0.7381283044815063,0.26187169551849365,0.0,2.0,-19.11834716796875,1784745956.1615624,125.29983425140381,,2.3188212671850295,5.294380604387979,0.0,,False,1.087939739227295
708,0.006987021304666996,1.31153240090498e-06,0.0076477983966469765,0.001492924871854484,5.005007892577851e-07,0.0013659149408340454,0.0006728728767484426,-12.005537033081055,0.6154463887214661,0.0011603739112615585,0.6262918710708618,0.5155239105224609,9.394204971613362e-05,0.5171968340873718,0.010973748750984669,-6.112465858459473,0.5024776458740234,2.953631519631017e-05,0.501397430896759,0.0010802149772644043,-4.2762532234191895,0.4569856524467468,0.005240914411842823,0.4009143114089966,0.056071341037750244,-1.4067440032958984,0.12892845273017883,0.0338909737765789,0.0,0.12892845273017883,-0.5281292200088501,0.9156585335731506,1.0,0.08434146642684937,0.7253438234329224,1.0,0.27465617656707764,0.7709895372390747,0.2290104627609253,0.0,2.0,-19.03363609313965,1784745956.255679,125.39395070075989,,1.4224820962318816,5.456311258079454,0.0,,False,1.087939739227295
709,0.006912685465067625,1.3227977433416527e-06,0.008628756739199162,0.0014956960221752524,5.071343593954225e-07,0.0015434484230354428,0.001716735539957881,-11.061866760253906,0.6094271540641785,0.0011629335349425673,0.6130603551864624,0.5156272053718567,9.683059761300683e-05,0.5129687786102295,0.00450193090364337,-6.119633674621582,0.5029036998748779,3.0664101359434426e-05,0.5016904473304749,0.0012132525444030762,-4.253268718719482,0.4537869989871979,0.0052636126056313515,0.42389801144599915,0.02988898754119873,-1.6196693181991577,0.11818292737007141,0.03354079648852348,0.5273633003234863,0.4091803729534149,1.7173367738723755,0.9208528995513916,1.0,0.0791471004486084,0.7497429251670837,0.0,0.7497429251670837,0.797630786895752,0.797630786895752,0.0,2.0,-18.08420753479004,1784745956.3611116,125.49938344955444,,1.4755714836283431,7.863707905652154,0.06078691156246474,,False,1.087939739227295
710,0.0068914457224309444,1.3507039966498269e-06,0.007049920968711376,0.001446171896532178,5.249549985819613e-07,0.0012664676178246737,0.00023959972895681858,-12.10948657989502,0.6059347987174988,0.0011512052733451128,0.6077664494514465,0.516844630241394,0.00010230786574538797,0.5160706043243408,0.0019884819630533457,-6.13497257232666,0.503720760345459,3.3072235964937136e-05,0.5016340613365173,0.0020866990089416504,-4.173639297485352,0.44300416111946106,0.005237177014350891,0.4309625029563904,0.012041658163070679,-1.6932042837142944,0.138409823179245,0.03206523507833481,0.0,0.138409823179245,-0.502329409122467,0.9178508520126343,1.0,0.08214914798736572,0.7246783971786499,1.0,0.2753216028213501,0.7702520489692688,0.2297479510307312,0.0,2.0,-19.10428237915039,1784745956.4762983,125.61457014083862,,0.5085860266644531,8.051438370230011,0.0,,False,1.087939739227295
711,0.0067766765132546425,1.246664282916754e-06,0.007141399197280407,0.0014370987191796303,4.931081321046804e-07,0.0012837216490879655,0.0003956604050472379,-12.143706321716309,0.5960687398910522,0.0011311640264466405,0.5994325280189514,0.5162070393562317,0.00010158937948290259,0.5174164772033691,0.0035746064968407154,-6.139461994171143,0.5039006471633911,3.304405981907621e-05,0.5017038583755493,0.002196788787841797,-4.166873931884766,0.45333126187324524,0.005233108997344971,0.4362553358078003,0.017075926065444946,-1.6795766353607178,0.12255444377660751,0.029000096023082733,0.0,0.12255444377660751,-0.5923318862915039,0.9200752973556519,1.0,0.07992470264434814,0.7381876707077026,1.0,0.26181232929229736,0.7851125597953796,0.21488744020462036,0.0,2.0,-19.13871192932129,1784745956.5721726,125.71044445037842,,0.0014150071347884818,8.149166357638832,0.0,,False,1.087939739227295
712,0.006633291020989418,1.2132478559578885e-06,0.006967673543840647,0.0014578646514564753,4.872812837675156e-07,0.0012475562980398536,0.0003950206155423075,-12.14897632598877,0.5879361033439636,0.001119841355830431,0.5938396453857422,0.5166053771972656,0.0001048156846081838,0.5145882368087769,0.006238642614334822,-6.1060895919799805,0.5046976208686829,3.441792796365917e-05,0.5018390417098999,0.002858579158782959,-4.100818157196045,0.45298296213150024,0.005219043232500553,0.4341158866882324,0.018867075443267822,-1.6746793985366821,0.11269855499267578,0.02755074016749859,0.0,0.11269855499267578,-0.6464230418205261,0.9253159165382385,1.0,0.07468408346176147,0.7580092549324036,1.0,0.24199074506759644,0.8064717650413513,0.19352823495864868,0.0,2.0,-19.084257125854492,1784745956.6664913,125.80476307868958,,0.0,8.19280318951863,0.0,,False,1.087939739227295
713,0.006515078246593475,1.200644646814908e-06,0.0071052019484341145,0.0014591458020731807,4.892535230283102e-07,0.001274722395464778,0.0006182701326906681,-12.063858032226562,0.5797525644302368,0.0011135439854115248,0.5882148146629333,0.5170801281929016,0.00010934905731119215,0.5142799615859985,0.00891350768506527,-6.0547027587890625,0.5056369304656982,3.6383458791533485e-05,0.5023460388183594,0.003290891647338867,-4.042928695678711,0.4502468705177307,0.005236621480435133,0.4337894022464752,0.016457468271255493,-1.6812399625778198,0.10415381193161011,0.02616138383746147,0.0,0.10415381193161011,-0.6954680681228638,0.9293065667152405,1.0,0.07069343328475952,0.7741526365280151,1.0,0.22584736347198486,0.8234483003616333,0.1765516996383667,0.0,2.0,-18.92908477783203,1784745956.7712004,125.90947222709656,,0.0,8.18739499509609,0.0,,False,1.087939739227295
714,0.006407448090612888,1.183541144200717e-06,0.005559360608458519,0.0014503623824566603,4.908316100227239e-07,0.001002821489237249,0.0009589292458258569,-11.741313934326172,0.5720217227935791,0.0011015231721103191,0.5805200934410095,0.5175705552101135,0.00011369852290954441,0.516481876373291,0.008567819371819496,-6.070638656616211,0.5065867900848389,3.842234946205281e-05,0.5025416016578674,0.0040451884269714355,-3.9515538215637207,0.44799360632896423,0.0052361562848091125,0.4334978461265564,0.014495760202407837,-1.6870802640914917,0.09641735255718231,0.024542175233364105,0.0,0.09641735255718231,-0.7453480958938599,0.9315347075462341,1.0,0.06846529245376587,0.7843196988105774,1.0,0.2156803011894226,0.8339347243309021,0.1660652756690979,0.0,2.0,-18.57360076904297,1784745956.8651268,126.00339865684509,,0.0,8.132106772902555,0.0,,False,1.087939739227295
715,0.006298477295786142,1.1586300843191566e-06,0.006697699427604675,0.0014346471289172769,4.900714429822983e-07,0.0012120151659473777,0.00045710316044278443,-12.141267776489258,0.5641095638275146,0.001082552713342011,0.5750361084938049,0.5180484652519226,0.00011780027125496417,0.5176015496253967,0.010935680940747261,-6.043609619140625,0.5075010657310486,4.055092722410336e-05,0.5026081204414368,0.004892945289611816,-3.842341899871826,0.44516411423683167,0.005212273448705673,0.434440016746521,0.010724097490310669,-1.6983988285064697,0.08955508470535278,0.022939180955290794,0.0,0.08955508470535278,-0.7937033176422119,0.9327437877655029,1.0,0.06725621223449707,0.789313018321991,1.0,0.21068698167800903,0.8390244245529175,0.16097557544708252,0.0,2.0,-18.897327423095703,1784745956.9607427,126.09901452064514,,0.0,8.028463328960667,0.0,,False,1.087939739227295
716,0.0062056672759354115,1.1364866168150911e-06,0.006739820819348097,0.0014146302128210664,4.90303136757575e-07,0.0012261910596862435,0.0005664179916493595,-12.10828971862793,0.5571997165679932,0.0010625720024108887,0.5672958493232727,0.5186301469802856,0.00012156066804891452,0.5150065422058105,0.010726714506745338,-5.991230010986328,0.5084279179573059,4.256615284248255e-05,0.5027157068252563,0.0057122111320495605,-3.730008840560913,0.4439128041267395,0.005178119521588087,0.42515429854393005,0.018758505582809448,-1.678740382194519,0.08291729539632797,0.021104026585817337,0.0,0.08291729539632797,-0.8473169803619385,0.9328758120536804,1.0,0.06712418794631958,0.7917889356613159,1.0,0.20821106433868408,0.8415329456329346,0.15846705436706543,0.0,2.0,-18.766277313232422,1784745957.056208,126.1944797039032,,0.0,7.871206222299053,0.0,,False,1.087939739227295
717,0.006105995737016201,1.1317738426441792e-06,0.006555736530572176,0.0013976737391203642,4.973358045390341e-07,0.0011922023259103298,0.0004944545216858387,-12.133182525634766,0.5499612092971802,0.0010463774669915438,0.5614387392997742,0.5190295577049255,0.0001278029230888933,0.5155907869338989,0.011981604620814323,-5.966632843017578,0.5093100070953369,4.549679215415381e-05,0.5030507445335388,0.006259262561798096,-3.6494338512420654,0.438212513923645,0.0051676928997039795,0.41507524251937866,0.023137271404266357,-1.661929726600647,0.07655002921819687,0.0195817518979311,0.0,0.07655002921819687,-0.8980133533477783,0.9327839612960815,1.0,0.06721603870391846,0.7954487800598145,1.0,0.20455121994018555,0.8452223539352417,0.1547776460647583,0.0,2.0,-18.731204986572266,1784745957.151727,126.28999876976013,,0.0,7.663252742651599,0.0,,False,1.087939739227295
718,0.006007159128785133,1.1426138826209353e-06,0.004332302138209343,0.001386322663165629,5.120321588947263e-07,0.0007921212236396968,0.0017771385610103607,-10.67336654663086,0.5432436466217041,0.001031943247653544,0.5528861284255981,0.519490122795105,0.00013514286547433585,0.5176671147346497,0.009813297539949417,-5.997522354125977,0.5102355480194092,4.8857331421459094e-05,0.5030878782272339,0.007147669792175293,-3.521523952484131,0.4312322735786438,0.005149718374013901,0.4182361662387848,0.012996107339859009,-1.6990692615509033,0.07077333331108093,0.018403517082333565,0.0,0.07077333331108093,-0.9425837993621826,0.9318355321884155,1.0,0.06816446781158447,0.7971273064613342,1.0,0.20287269353866577,0.8469069004058838,0.1530930995941162,0.0,2.0,-17.232145309448242,1784745957.2579155,126.39618730545044,,0.9051516127382584,7.410728816989741,0.0,,False,1.087939739227295
719,0.005906368140131235,1.1585829042815021e-06,0.008967975154519081,0.001378920627757907,5.292033051773615e-07,0.0016526394756510854,0.003073818515986204,-8.106222152709961,0.5367686748504639,0.001016498077660799,0.5444941520690918,0.5196000337600708,0.000142538410727866,0.513953447341919,0.009569060988724232,-5.894567489624023,0.5107808709144592,5.2447539928834885e-05,0.5029274821281433,0.007853388786315918,-3.4209349155426025,0.42597830295562744,0.00511877192184329,0.42409294843673706,0.0018853545188903809,-1.7181346416473389,0.06671871244907379,0.017800217494368553,0.0,0.06671871244907379,-0.9702962636947632,0.9308717250823975,1.0,0.06912827491760254,0.795829713344574,1.0,0.20417028665542603,0.8456050753593445,0.15439492464065552,0.0,2.0,-14.532343864440918,1784745957.3540845,126.492356300354,,4.510104670483841,7.130492426995303,0.0,,False,1.087939739227295
720,0.005817033350467682,1.180134859168902e-06,0.00620967848226428,0.0013724961318075657,5.481689413500135e-07,0.0011531409109011292,0.0004497631744015962,-12.086196899414062,0.5304962992668152,0.0010045255767181516,0.5397887229919434,0.5201220512390137,0.00015314882330130786,0.5120988488197327,0.012276844121515751,-5.752652168273926,0.5116860866546631,5.6892728025559336e-05,0.5030826926231384,0.008603394031524658,-3.3177247047424316,0.41898226737976074,0.005133878905326128,0.42021268606185913,0.0012304186820983887,-1.7168610095977783,0.06162777543067932,0.016505127772688866,0.5698925852775574,0.5082647800445557,6.692739963531494,0.9296244978904724,1.0,0.07037550210952759,0.7973154783248901,0.0,0.7973154783248901,0.8470954298973083,0.8470954298973083,0.0,2.0,-18.34718132019043,1784745957.4488685,126.58714032173157,,4.300220272479912,14.513292264227122,0.10835946472027114,,False,1.087939739227295
721,0.005747009068727493,1.2592946632139501e-06,0.006316339131444693,0.0013406146317720413,6.017912141942361e-07,0.0011819161009043455,0.0005910346517339349,-11.966657638549805,0.52410489320755,0.0010004801442846656,0.5326924920082092,0.5208255648612976,0.0001683300652075559,0.5104600191116333,0.0134607357904315,-5.604548454284668,0.5120862722396851,6.414008385036141e-05,0.5031511187553406,0.008935153484344482,-3.2859177589416504,0.4029861390590668,0.005133884027600288,0.41811829805374146,0.015132158994674683,-1.694706916809082,0.07088013738393784,0.016865430399775505,0.0,0.07088013738393784,-0.9733626842498779,0.9281887412071228,1.0,0.0718112587928772,0.7833401560783386,1.0,0.21665984392166138,0.8329315781593323,0.16706842184066772,0.0,2.0,-18.0932559967041,1784745957.5352385,126.67351031303406,,4.344261197962311,14.229989453677568,0.0,,False,1.087939739227295
722,0.005656222812831402,1.2209573014843045e-06,0.0060958839021623135,0.001330765662714839,5.981352160233655e-07,0.0011472710175439715,0.00047641596756875515,-12.02747917175293,0.5174345374107361,0.0009807540336623788,0.5243245363235474,0.5200265049934387,0.0001731202646624297,0.5148825645446777,0.008598383516073227,-5.855855941772461,0.5122758150100708,6.633720477111638e-05,0.5026270747184753,0.009648740291595459,-3.18973708152771,0.40809839963912964,0.0051223887130618095,0.41270172595977783,0.004603326320648193,-1.7160604000091553,0.06370946764945984,0.015309477224946022,0.0,0.06370946764945984,-1.0381414890289307,0.92502760887146,1.0,0.07497239112854004,0.7752163410186768,1.0,0.22478365898132324,0.8245530128479004,0.1754469871520996,0.0,2.0,-18.307031631469727,1784745957.6517406,126.79001235961914,,4.174526488679085,13.881907838348962,0.0,,False,1.087939739227295
723,0.005544286221265793,1.2283325077078189e-06,0.006284161005169153,0.0013506857212632895,6.097488380873983e-07,0.0011897250078618526,0.0007571809692308307,-11.878085136413574,0.5120200514793396,0.0009605061495676637,0.5172373652458191,0.5201455950737,0.00018302058742847294,0.5123955011367798,0.009342608042061329,-5.760843753814697,0.5128024220466614,7.058618211885914e-05,0.5026048421859741,0.010197579860687256,-3.123777389526367,0.40310508012771606,0.0051027219742536545,0.4302457869052887,0.027140706777572632,-1.6478731632232666,0.06104477494955063,0.015014284290373325,0.0,0.06104477494955063,-1.0563408136367798,0.9235706329345703,1.0,0.07642936706542969,0.7726606130599976,1.0,0.22733938694000244,0.8218957781791687,0.1781042218208313,0.0,2.0,-18.048648834228516,1784745957.7493248,126.88759660720825,,4.26317457663707,13.515626898412506,0.0,,False,1.087939739227295
724,0.005453459918498993,1.2374841844575712e-06,0.00584766361862421,0.0013583251275122166,6.200586426530208e-07,0.001102306297980249,0.0004700449062511325,-11.994422912597656,0.5068961977958679,0.0009436586406081915,0.5104354023933411,0.5201348662376404,0.00019409446395002306,0.5099210739135742,0.01080960314720869,-5.643202781677246,0.5131449699401855,7.527000707341358e-05,0.5026381611824036,0.010506808757781982,-3.0949621200561523,0.3998837172985077,0.005127402488142252,0.441212922334671,0.04132920503616333,-1.551073431968689,0.05828089267015457,0.014866659417748451,0.5456836223602295,0.4874027371406555,6.8043599128723145,0.9228425025939941,1.0,0.07715749740600586,0.771239161491394,0.0,0.771239161491394,0.8204135298728943,0.8204135298728943,0.0,2.0,-18.056467056274414,1784745957.845472,126.98374390602112,,4.344004442549156,21.010046684985145,0.08228314788677504,,False,1.087939739227295
725,0.005391742568463087,1.3147748632036382e-06,0.005940878763794899,0.0013501392677426338,6.70353188070294e-07,0.0011087659513577819,0.0005998429842293262,-11.88264274597168,0.5016626715660095,0.0009493796387687325,0.5057210326194763,0.5200343132019043,0.00020887744904030114,0.5075060129165649,0.01316922903060913,-5.494462490081787,0.5127496719360352,8.277051529148594e-05,0.5025016069412231,0.010248064994812012,-3.1463589668273926,0.3845340311527252,0.0052255732007324696,0.41214072704315186,0.027606695890426636,-1.6352338790893555,0.06588168442249298,0.01600038819015026,0.0,0.06588168442249298,-1.0129985809326172,0.9221681952476501,1.0,0.07783180475234985,0.758233368396759,1.0,0.24176663160324097,0.8067100048065186,0.19328999519348145,0.0,2.0,-17.85139274597168,1784745957.9493546,127.08762645721436,,4.629908618763977,20.687107977752852,0.0,,False,1.087939739227295
726,0.00530874403193593,1.2679120118264109e-06,0.005811955779790878,0.0013336007250472903,6.608274816244375e-07,0.0010803180048242211,0.0005633597611449659,-11.917682647705078,0.4956737160682678,0.0009339474490843713,0.4992981255054474,0.5185353755950928,0.00021559506421908736,0.5059905648231506,0.013057895004749298,-5.499217510223389,0.5122607350349426,8.55416728882119e-05,0.5022890567779541,0.009971678256988525,-3.183110475540161,0.38300013542175293,0.0052596190944314,0.40049758553504944,0.01749745011329651,-1.6758050918579102,0.061317332088947296,0.014985851012170315,0.0,0.061317332088947296,-1.0559403896331787,0.9199864864349365,1.0,0.08001351356506348,0.7530146837234497,1.0,0.2469853162765503,0.8011416792869568,0.1988583207130432,0.0,2.0,-17.908611297607422,1784745958.0542777,127.19254946708679,,4.858594243343056,20.321227461819998,0.0,,False,1.087939739227295
727,0.005197735037654638,1.2843090644309996e-06,0.005779885221272707,0.0013514175079762936,6.751294563400734e-07,0.0010809928644448519,0.0006418943521566689,-11.862850189208984,0.4902890920639038,0.0009247962152585387,0.494069904088974,0.516995906829834,0.00022952904691919684,0.506088137626648,0.011544434353709221,-5.5779218673706055,0.5114419460296631,9.180796041619033e-05,0.5023913383483887,0.009050607681274414,-3.282853841781616,0.3722532391548157,0.005354265682399273,0.38846665620803833,0.016213417053222656,-1.6714441776275635,0.059313297271728516,0.015584642998874187,0.0,0.059313297271728516,-1.048926591873169,0.9193814396858215,1.0,0.08061856031417847,0.753925621509552,1.0,0.246074378490448,0.8021163940429688,0.19788360595703125,0.0,2.0,-17.96661376953125,1784745958.159798,127.29806971549988,,5.029277395998307,19.962360743647153,0.0,,False,1.087939739227295
728,0.005114102736115456,1.305960040554055e-06,0.0062522380612790585,0.0013504852540791035,6.896698891978303e-07,0.001158902421593666,0.001154147321358323,-11.507387161254883,0.48514723777770996,0.0009180857450701296,0.48637595772743225,0.5156431794166565,0.00024296667834278196,0.508682906627655,0.007067895494401455,-5.719508171081543,0.5107983350753784,9.810552000999451e-05,0.5024023056030273,0.008396029472351074,-3.336522102355957,0.3625836968421936,0.005482788197696209,0.375681608915329,0.013097912073135376,-1.668487310409546,0.05667921155691147,0.01639627479016781,0.0,0.05667921155691147,-1.0384466648101807,0.9188305735588074,1.0,0.08116942644119263,0.7532865405082703,1.0,0.24671345949172974,0.8014326095581055,0.19856739044189453,0.0,2.0,-17.75125503540039,1784745958.256603,127.39487481117249,,5.4153192827844165,19.613973952537297,0.0,,False,1.087939739227295
729,0.005027398932725191,1.3293054053065134e-06,0.0054667857475578785,0.001337218564003706,7.044507128739497e-07,0.0010229726321995258,0.0005401955568231642,-11.867766380310059,0.4790027141571045,0.0009162271162495017,0.4797554314136505,0.5136491060256958,0.000259416236076504,0.5085276365280151,0.005176488310098648,-5.737420082092285,0.5096943378448486,0.0001065024989657104,0.5022166967391968,0.0074776411056518555,-3.392226219177246,0.3494653105735779,0.005680121015757322,0.36559081077575684,0.016125500202178955,-1.643563151359558,0.05575891584157944,0.017450889572501183,0.0,0.05575891584157944,-1.0161635875701904,0.919347882270813,1.0,0.08065211772918701,0.7525900602340698,1.0,0.24740993976593018,0.800686776638031,0.199313223361969,0.0,2.0,-18.15381622314453,1784745958.3517184,127.489990234375,,5.398799981826386,19.28787023866743,0.0,,False,1.087939739227295
730,0.005010435823351145,1.3605119875137461e-06,0.005579412914812565,0.0013279507402330637,7.26235271031328e-07,0.0010464935330674052,0.0006347858579829335,-11.810128211975098,0.47876209020614624,0.0009199946653097868,0.474246621131897,0.5126920342445374,0.00026813746080733836,0.5052177906036377,0.008732341229915619,-5.654447555541992,0.508798360824585,0.00010919578926404938,0.5017702579498291,0.007028102874755859,-3.4160726070404053,0.34598517417907715,0.00557637820020318,0.35070502758026123,0.004719853401184082,-1.673671841621399,0.05104048550128937,0.01567324995994568,0.0,0.05104048550128937,-1.0758538246154785,0.9155765771865845,1.0,0.08442342281341553,0.7582679986953735,1.0,0.24173200130462646,0.806746780872345,0.19325321912765503,0.0,2.0,-18.041723251342773,1784745958.4577842,127.59605598449707,,5.494373652670113,18.902076287752276,0.0,,False,1.087939739227295
731,0.004908915143460035,1.40120562264201e-06,0.005531770642846823,0.0013119715731590986,7.485257924599864e-07,0.0010421633487567306,0.0006787822931073606,-11.766731262207031,0.47089773416519165,0.0009280389058403671,0.4663136303424835,0.5087858438491821,0.00029319824534468353,0.5029817223548889,0.007396068889647722,-5.6519012451171875,0.5064520835876465,0.00012302446702960879,0.5016120672225952,0.0048400163650512695,-3.487417221069336,0.32887059450149536,0.005983739160001278,0.3346691429615021,0.005798548460006714,-1.6376067399978638,0.05126872658729553,0.018090374767780304,0.0,0.05126872658729553,-1.0146005153656006,0.9185900092124939,1.0,0.0814099907875061,0.7575871348381042,1.0,0.24241286516189575,0.8060226440429688,0.19397735595703125,0.0,2.0,-18.031959533691406,1784745958.554166,127.69243788719177,,5.599711041165207,18.577535646087,0.0,,False,1.087939739227295
732,0.004815402906388044,1.4183096936903894e-06,0.005404314957559109,0.0012596044689416885,7.503656433982542e-07,0.0010249823099002242,0.0006339282263070345,-11.787551879882812,0.46241432428359985,0.00092206837143749,0.4604635238647461,0.505881667137146,0.0003219921491108835,0.49950259923934937,0.006670691538602114,-5.611807823181152,0.5047030448913574,0.00013789797958452255,0.5009769201278687,0.0037261247634887695,-3.475217819213867,0.31675300002098083,0.006446165032684803,0.3198555111885071,0.003102511167526245,-1.602449893951416,0.049807727336883545,0.019923601299524307,0.0,0.049807727336883545,-0.9767284989356995,0.921759843826294,1.0,0.07824015617370605,0.7520612478256226,1.0,0.24793875217437744,0.8001201152801514,0.19987988471984863,0.0,2.0,-18.014606475830078,1784745958.6599107,127.7981824874878,,5.72240148752163,18.290867020851625,0.0,,False,1.087939739227295
733,0.004735636059194803,1.4320961554403766e-06,0.003594457171857357,0.0012460547732189298,7.621243867106386e-07,0.0006889788201078773,0.0012698908103629947,-11.275609970092773,0.45598268508911133,0.0009241634979844093,0.4520101547241211,0.5017731785774231,0.0003375322266947478,0.4980299174785614,0.005458296742290258,-5.623064041137695,0.5020837783813477,0.00014800552162341774,0.5001053810119629,0.0019783973693847656,-3.4769692420959473,0.3057503402233124,0.006650080438703299,0.3121930956840515,0.006442755460739136,-1.5845037698745728,0.049511924386024475,0.021389177069067955,0.0,0.049511924386024475,-0.9461912512779236,0.921837329864502,1.0,0.07816267013549805,0.7487154603004456,1.0,0.25128453969955444,0.7965251803398132,0.20347481966018677,0.0,2.0,-17.51254653930664,1784745958.7540436,127.89231538772583,,6.34715187040149,18.034735643274026,0.0,,False,1.087939739227295
734,0.004649679642170668,1.4432824855248327e-06,0.007245376706123352,0.0012253132881596684,7.689159815527091e-07,0.0013764291070401669,0.0026000922080129385,-9.576571464538574,0.44910597801208496,0.000925170024856925,0.4459134638309479,0.49685442447662354,0.0003538201272021979,0.4968850612640381,0.0031926610972732306,-5.622740745544434,0.4989229440689087,0.0001597096270415932,0.4994760751724243,0.000553131103515625,-3.4511802196502686,0.2957277297973633,0.006908806972205639,0.30547672510147095,0.009748995304107666,-1.5616623163223267,0.050050288438797,0.023609574884176254,0.0,0.050050288438797,-0.9010618329048157,0.922570526599884,1.0,0.07742947340011597,0.7440213561058044,1.0,0.25597864389419556,0.7914552688598633,0.20854473114013672,0.0,2.0,-15.80035400390625,1784745958.859597,127.99786877632141,,8.68409478868174,17.823733684069534,0.0,,False,1.087939739227295
735,0.0045745158568024635,1.449971250622184e-06,0.004190070554614067,0.0012180396588519216,7.774086725476081e-07,0.0007905815728008747,0.0005749074625782669,-11.749271392822266,0.4429645836353302,0.0009304371196776628,0.43871116638183594,0.49233004450798035,0.0003672092279884964,0.4974188208580017,0.006632284726947546,-5.561858654022217,0.4959447979927063,0.00017031254537869245,0.4980895221233368,0.002144724130630493,-3.4064950942993164,0.28583431243896484,0.007128562778234482,0.3012388348579407,0.01540452241897583,-1.5362399816513062,0.05036164075136185,0.025330714881420135,0.0,0.05036164075136185,-0.8688666820526123,0.9222672581672668,1.0,0.07773274183273315,0.7389988303184509,1.0,0.2610011696815491,0.785997211933136,0.214002788066864,0.0,2.0,-17.902006149291992,1784745958.9550636,128.09333539009094,,8.919385561576249,17.644926875717246,0.0,,False,1.087939739227295
736,0.0044866204261779785,1.4510977734971675e-06,0.005996303167194128,0.0012013292871415615,7.797725629643537e-07,0.0011305101215839386,0.0015113428235054016,-11.127317428588867,0.4366961121559143,0.0009343018173240125,0.4297211170196533,0.4875795841217041,0.0003806048771366477,0.4933880567550659,0.009076833724975586,-5.5164947509765625,0.49279120564460754,0.00018197993631474674,0.4971191883087158,0.004327982664108276,-3.335402727127075,0.2782124876976013,0.0074257138185203075,0.32086068391799927,0.04264819622039795,-1.4099936485290527,0.05099952965974808,0.027998855337500572,0.0,0.05099952965974808,-0.8224098086357117,0.9233230948448181,1.0,0.07667690515518188,0.7342503070831299,1.0,0.2657496929168701,0.7808058261871338,0.2191941738128662,0.0,2.0,-17.208215713500977,1784745959.0612748,128.19954657554626,,9.848466770261773,17.51257694078186,0.0,,False,1.087939739227295
737,0.004409377928823233,1.4447103922066162e-06,0.004883234854787588,0.0011929406318813562,7.799950481057749e-07,0.0009285193518735468,0.0005426407442428172,-11.795381546020508,0.43117278814315796,0.0009384308941662312,0.4217061996459961,0.483359694480896,0.00039249318069778383,0.48898065090179443,0.011009606532752514,-5.4812726974487305,0.48988285660743713,0.0001927594857988879,0.4953050911426544,0.005422234535217285,-3.281832695007324,0.2735823094844818,0.007691413164138794,0.36159107089042664,0.08800876140594482,-1.0113682746887207,0.052306607365608215,0.030333777889609337,0.0,0.052306607365608215,-0.783710241317749,0.9243139028549194,1.0,0.07568609714508057,0.728922963142395,1.0,0.271077036857605,0.7749465703964233,0.22505342960357666,0.0,2.0,-17.821317672729492,1784745959.1576016,128.2958734035492,,10.164446019718781,17.418926573164434,0.0,,False,1.087939739227295
738,0.00433578435331583,1.426014364369621e-06,0.00507081113755703,0.0011791575234383345,7.705657480983064e-07,0.0009600243647582829,0.0007669965270906687,-11.709917068481445,0.42588523030281067,0.000939973397180438,0.41479477286338806,0.4792659878730774,0.00040401480509899557,0.48670899868011475,0.013356520794332027,-5.419995307922363,0.4869556725025177,0.0002038683887803927,0.49433138966560364,0.0073757171630859375,-3.196657180786133,0.2728964686393738,0.00799598265439272,0.3111304044723511,0.038233935832977295,-1.4040589332580566,0.05527466535568237,0.033029183745384216,0.0,0.05527466535568237,-0.7399919629096985,0.9266212582588196,1.0,0.07337874174118042,0.7231596112251282,1.0,0.2768403887748718,0.7685667872428894,0.2314332127571106,0.0,2.0,-17.644241333007812,1784745959.2541256,128.39239740371704,,10.65750160889747,17.36899448395506,0.0,,False,1.087939739227295
739,0.004267054609954357,1.431523855899286e-06,0.004636440426111221,0.0011590654030442238,7.759485924907494e-07,0.0008723812643438578,0.0004675828095059842,-11.824481010437012,0.42122650146484375,0.0009446787880733609,0.4086916148662567,0.47624483704566956,0.0004117330245207995,0.4806293249130249,0.013279575854539871,-5.435515880584717,0.4848521649837494,0.00021274000755511224,0.49204209446907043,0.007189929485321045,-3.1872828006744385,0.2663097381591797,0.008266246877610683,0.3020608127117157,0.03575107455253601,-1.4015381336212158,0.05582409352064133,0.035978805273771286,0.0,0.05582409352064133,-0.7001662850379944,0.927128255367279,1.0,0.07287174463272095,0.7179815769195557,1.0,0.28201842308044434,0.7627994418144226,0.2372005581855774,0.0,2.0,-17.76653480529785,1784745959.3487892,128.48706102371216,,11.028263725786118,17.35888807261739,0.0,,False,1.087939739227295
740,0.004256929736584425,1.4854778100925614e-06,0.004891926888376474,0.0010165907442569733,7.742455636616796e-07,0.0009153501014225185,0.0006430171197280288,-11.765357971191406,0.4148716330528259,0.0009238847414962947,0.4035781919956207,0.4702930152416229,0.0004475473251659423,0.4746937155723572,0.012120560742914677,-5.420787811279297,0.48034507036209106,0.00023088646412361413,0.4906467795372009,0.010301709175109863,-3.0380325317382812,0.2649751305580139,0.008545995689928532,0.29549193382263184,0.03051680326461792,-1.4077216386795044,0.05175609886646271,0.03464602306485176,0.0,0.05175609886646271,-0.7236896753311157,0.9226449728012085,1.0,0.0773550271987915,0.6995298266410828,1.0,0.30047017335891724,0.7419876456260681,0.2580123543739319,0.0,2.0,-17.621004104614258,1784745959.4540174,128.59228920936584,,11.544556543358361,17.3252582709866,0.0,,False,1.087939739227295
741,0.0041977111250162125,1.5158335600062856e-06,0.0055520921014249325,0.0010146598797291517,7.888025379543251e-07,0.0010228196624666452,0.0013544055400416255,-11.283164978027344,0.41043442487716675,0.0009360241238027811,0.39567580819129944,0.46562498807907104,0.0004613869241438806,0.47137904167175293,0.015840640291571617,-5.337461948394775,0.47716301679611206,0.0002445961581543088,0.48912692070007324,0.011963903903961182,-2.946417808532715,0.2609997093677521,0.008891035802662373,0.2843952775001526,0.023395568132400513,-1.4116361141204834,0.05283651500940323,0.038330454379320145,0.0,0.05283651500940323,-0.6754006147384644,0.9233021140098572,1.0,0.07669788599014282,0.694115936756134,1.0,0.30588406324386597,0.7358075380325317,0.26419246196746826,0.0,2.0,-17.026344299316406,1784745959.5510738,128.68934559822083,,12.655509166228455,17.33991752994846,0.0,,False,1.087939739227295
742,0.004131278954446316,1.539293293717492e-06,0.004595325794070959,0.001016802852973342,8.019402457648539e-07,0.0008446728461422026,0.000494942651130259,-11.783910751342773,0.4049801230430603,0.0009459547000005841,0.38722553849220276,0.46159809827804565,0.0004746054473798722,0.4639509618282318,0.017909808084368706,-5.297843933105469,0.4744506776332855,0.00025902767083607614,0.4835169315338135,0.009066253900527954,-3.051684617996216,0.256109356880188,0.009201129898428917,0.30588433146476746,0.04977497458457947,-1.2906430959701538,0.05427096039056778,0.04147357866168022,0.0,0.05427096039056778,-0.6369022727012634,0.9235362410545349,1.0,0.07646375894546509,0.689098060131073,1.0,0.310901939868927,0.7300512790679932,0.26994872093200684,0.0,2.0,-17.54802894592285,1784745959.6553714,128.79364323616028,,13.244777142492104,17.39307513094752,0.0,,False,1.087939739227295
743,0.0040339939296245575,1.5604500731569715e-06,0.004731045104563236,0.0010158929508179426,8.185847946151625e-07,0.0008629605290479958,0.0007136306376196444,-11.685262680053711,0.3977046608924866,0.000961208192165941,0.37891677021980286,0.45755016803741455,0.0004925071843899786,0.4644610285758972,0.02001861296594143,-5.211681842803955,0.4714621603488922,0.0002787986013572663,0.4814082086086273,0.009946048259735107,-2.9961605072021484,0.2542620599269867,0.009629135951399803,0.3053935766220093,0.05113151669502258,-1.2667860984802246,0.05727927386760712,0.045025747269392014,0.0,0.05727927386760712,-0.5948881506919861,0.9259933233261108,1.0,0.07400667667388916,0.6848131418228149,1.0,0.31518685817718506,0.7251145243644714,0.27488547563552856,0.0,2.0,-17.35268783569336,1784745959.7496507,128.88792252540588,,14.029386228985246,17.488246853955857,0.0,,False,1.087939739227295
744,0.00391976535320282,1.5646564861526713e-06,0.004304545931518078,0.0010101832449436188,8.313572834595107e-07,0.000774707121308893,0.00045111539657227695,-11.765486717224121,0.3888009786605835,0.0009724375559017062,0.37355494499206543,0.4543912708759308,0.0005045048892498016,0.45982593297958374,0.016185706481337547,-5.277154922485352,0.46903014183044434,0.0002970100613310933,0.47927504777908325,0.010244905948638916,-2.965242385864258,0.25188395380973816,0.009991251863539219,0.289054811000824,0.037170857191085815,-1.3149399757385254,0.060707882046699524,0.04780527949333191,0.0,0.060707882046699524,-0.5628246068954468,0.9285050630569458,1.0,0.0714949369430542,0.682847797870636,1.0,0.317152202129364,0.7228439450263977,0.2771560549736023,0.0,2.0,-17.469833374023438,1784745959.854997,128.99326872825623,,14.696849777148309,17.615482120760735,0.0,,False,1.087939739227295
745,0.003793565556406975,1.560237137709919e-06,0.004392760340124369,0.0009976006112992764,8.415291858909768e-07,0.0007835965952835977,0.0006362642161548138,-11.699213027954102,0.37942320108413696,0.0009822036372497678,0.36763766407966614,0.45126619935035706,0.0005139069980941713,0.4485846757888794,0.012086747214198112,-5.334009170532227,0.46663418412208557,0.0003140311746392399,0.4751525819301605,0.008518397808074951,-2.998535633087158,0.25011685490608215,0.010351619683206081,0.28375244140625,0.03363558650016785,-1.3117215633392334,0.06320520490407944,0.05012786015868187,0.0,0.06320520490407944,-0.537803590297699,0.9309524893760681,1.0,0.06904751062393188,0.682339072227478,1.0,0.317660927772522,0.722255527973175,0.27774447202682495,0.0,2.0,-17.465688705444336,1784745959.949585,129.08785676956177,,15.368457993890473,17.76773840416336,0.0,,False,1.087939739227295
746,0.003658486530184746,1.5590178463753546e-06,0.004273305647075176,0.0009881702717393637,8.536192126484821e-07,0.0007457379251718521,0.0006608903058804572,-11.679082870483398,0.3700186014175415,0.0009945816127583385,0.3604774475097656,0.44784361124038696,0.0005257245502434671,0.4434684216976166,0.01049647107720375,-5.330113410949707,0.4639839828014374,0.000331796269165352,0.4706026315689087,0.0066186487674713135,-3.0205416679382324,0.2511838674545288,0.010827663354575634,0.2901417315006256,0.0389578640460968,-1.2738019227981567,0.06500138342380524,0.05226679518818855,0.0,0.06500138342380524,-0.5163391828536987,0.9334437847137451,1.0,0.06655621528625488,0.6804051995277405,1.0,0.3195948004722595,0.7200164794921875,0.2799835205078125,0.0,2.0,-17.453445434570312,1784745960.0554178,129.19368958473206,,16.05230948150666,17.941459095009986,0.0,,False,1.087939739227295
747,0.0035383710637688637,1.5605284033881617e-06,0.004164744168519974,0.0009804489091038704,8.631541845716129e-07,0.0007080596988089383,0.0006830366910435259,-11.660013198852539,0.3624645471572876,0.0010045748203992844,0.3552471697330475,0.44471296668052673,0.0005364954704418778,0.4395844340324402,0.00885394774377346,-5.328505516052246,0.4615613520145416,0.00034688159939832985,0.4706026315689087,0.009041279554367065,-2.9464969635009766,0.2549249529838562,0.011254478245973587,0.20344823598861694,0.05147671699523926,-1.206831693649292,0.06778518110513687,0.05427544564008713,0.0,0.06778518110513687,-0.49557438492774963,0.9355321526527405,1.0,0.06446784734725952,0.6770234704017639,1.0,0.3229765295982361,0.7160918712615967,0.2839081287384033,0.0,2.0,-17.39606475830078,1784745960.149866,129.28813791275024,,16.79354164539238,18.13594458378256,0.0,,False,1.087939739227295
748,0.003432805184274912,1.5660507415304892e-06,0.0038249411154538393,0.0009719086810946465,8.76708327268716e-07,0.0006341333501040936,0.0005175545811653137,-11.704980850219727,0.3566597104072571,0.0010092753218486905,0.3493080139160156,0.4430485665798187,0.0005361712537705898,0.4377666413784027,0.009052412584424019,-5.324120998382568,0.4602830111980438,0.0003527702938299626,0.4632716178894043,0.0029886066913604736,-3.0432486534118652,0.2537423074245453,0.011461466550827026,0.2773171663284302,0.023574858903884888,-1.291198492050171,0.06904470920562744,0.055869150906801224,0.0,0.06904470920562744,-0.48076924681663513,0.9350356459617615,1.0,0.06496435403823853,0.6724919676780701,1.0,0.32750803232192993,0.7108152508735657,0.2891847491264343,0.0,2.0,-17.48590087890625,1784745960.2560549,129.39432668685913,,17.44493768867263,18.34523521066625,0.0,,False,1.087939739227295
749,0.003332744352519512,1.5668404103053035e-06,0.003518390003591776,0.0009665826801210642,8.820444463708554e-07,0.0005684193456545472,0.0004393157723825425,-11.714993476867676,0.3518543839454651,0.0010172355687245727,0.34560272097587585,0.44048014283180237,0.0005463049747049809,0.43244439363479614,0.0101811857894063,-5.285312652587891,0.4580816924571991,0.00036389357410371304,0.46085312962532043,0.002771437168121338,-3.029832363128662,0.26163449883461,0.01182408444583416,0.2653788924217224,0.0037443935871124268,-1.2992770671844482,0.07227599620819092,0.05753502994775772,0.0,0.07227599620819092,-0.4633452296257019,0.936821699142456,1.0,0.06317830085754395,0.66731858253479,1.0,0.33268141746520996,0.7047670483589172,0.29523295164108276,0.0,2.0,-17.458158493041992,1784745960.3508677,129.48913955688477,,18.12407611781714,18.571949854740872,0.0,,False,1.087939739227295
750,0.003242143429815769,1.5599636071783607e-06,0.003982403315603733,0.0009593481663614511,8.845537990964658e-07,0.0006238545174710453,0.0008127365726977587,-11.577375411987305,0.34799322485923767,0.001019633375108242,0.33945217728614807,0.4388270974159241,0.0005505608860403299,0.42620790004730225,0.015237901359796524,-5.178173065185547,0.45653367042541504,0.00037102779606357217,0.4585951864719391,0.002061516046524048,-3.024951219558716,0.26625993847846985,0.012142968364059925,0.24925291538238525,0.017007023096084595,-1.2746542692184448,0.07641778886318207,0.0592757947742939,0.0,0.07641778886318207,-0.4445800185203552,0.9376822710037231,1.0,0.062317728996276855,0.6621531844139099,1.0,0.3378468155860901,0.6987032294273376,0.30129677057266235,0.0,2.0,-17.232389450073242,1784745960.456864,129.59513592720032,,19.028983589930398,18.81742970992084,0.0,,False,1.087939739227295
751,0.003254638984799385,1.6771585933383903e-06,0.003901628777384758,0.0008558251429349184,9.256439739147027e-07,0.0006028751377016306,0.0006946793873794377,-11.598361015319824,0.3443821668624878,0.0010312518570572138,0.33519530296325684,0.43254920840263367,0.0005887620500288904,0.42114657163619995,0.014643039554357529,-5.1680192947387695,0.4522705376148224,0.0003975560830440372,0.4563058614730835,0.004035323858261108,-2.9756686687469482,0.271175742149353,0.012731153517961502,0.23930245637893677,0.03187328577041626,-1.2230147123336792,0.07116948068141937,0.06073730066418648,0.0,0.07116948068141937,-0.4399634003639221,0.9353074431419373,1.0,0.06469255685806274,0.6537068486213684,1.0,0.3462931513786316,0.6887360215187073,0.3112639784812927,0.0,2.0,-17.220611572265625,1784745960.5539687,129.69224047660828,,19.945668939851274,19.067526183257243,0.0,,False,1.087939739227295
752,0.003174132201820612,1.6949920791375916e-06,0.003907787147909403,0.0008513715583831072,9.388859325554222e-07,0.0005813051830045879,0.0007817834848538041,-11.547706604003906,0.3408566415309906,0.0010392145486548543,0.32942062616348267,0.43010178208351135,0.0006004802999086678,0.4178006947040558,0.01679580844938755,-5.116738319396973,0.4501884877681732,0.00040910436655394733,0.4533846378326416,0.003196150064468384,-2.969346523284912,0.2747693657875061,0.013173909857869148,0.21010324358940125,0.06466612219810486,-1.0871082544326782,0.07288338989019394,0.062496431171894073,0.0,0.07288338989019394,-0.42488613724708557,0.9352837800979614,1.0,0.06471621990203857,0.6483238339424133,1.0,0.35167616605758667,0.6823514699935913,0.3176485300064087,0.0,2.0,-17.125770568847656,1784745960.6504364,129.78870820999146,,20.957195293190118,19.332699919710482,0.0,,False,1.087939739227295
753,0.0030986659694463015,1.7026277419063263e-06,0.0038297155406326056,0.000850732671096921,9.479246045884793e-07,0.0005460503161884844,0.0007920005009509623,-11.532377243041992,0.3376369774341583,0.0010451548732817173,0.3254567086696625,0.42838284373283386,0.000606561719905585,0.41523367166519165,0.017923718318343163,-5.084270477294922,0.44857892394065857,0.0004171011387370527,0.4499071538448334,0.0013282299041748047,-2.9700374603271484,0.27598169445991516,0.013579889200627804,0.2642684876918793,0.011713206768035889,-1.2255924940109253,0.07484252750873566,0.06403469294309616,0.0,0.07484252750873566,-0.4114893972873688,0.9345888495445251,1.0,0.06541115045547485,0.6426093578338623,1.0,0.3573906421661377,0.6755475401878357,0.3244524598121643,0.0,2.0,-17.08481216430664,1784745960.75497,129.89324188232422,,22.009680051069978,19.611270396123437,0.0,,False,1.087939739227295
754,0.0030265662353485823,1.6982523902697721e-06,0.0037511393893510103,0.0008511824999004602,9.483003964305681e-07,0.00051650102250278,0.0007981340168043971,-11.52574348449707,0.3347282409667969,0.0010513074230402708,0.32029739022254944,0.4256218373775482,0.0006216555484570563,0.41069382429122925,0.02076282724738121,-5.004266738891602,0.44599130749702454,0.00043155893217772245,0.44581443071365356,0.00017687678337097168,-2.955078601837158,0.281044065952301,0.014145513996481895,0.2949075698852539,0.01386350393295288,-1.2034467458724976,0.07778406143188477,0.0653272494673729,0.0,0.07778406143188477,-0.39892643690109253,0.9348933100700378,1.0,0.06510668992996216,0.6383341550827026,1.0,0.36166584491729736,0.6704401969909668,0.3295598030090332,0.0,2.0,-17.006696701049805,1784745960.8500657,129.98833751678467,,23.140280272206674,19.90240383292267,0.0,,False,1.087939739227295
755,0.003255898132920265,1.3764692994300276e-06,0.0038462551310658455,0.0007742696907371283,8.089693892543437e-07,0.0004945513792335987,0.0006532715633511543,-11.748910903930664,0.3223688304424286,0.0009189910488203168,0.3168722093105316,0.41891857981681824,0.0005874550552107394,0.4067869484424591,0.013318758457899094,-5.236391067504883,0.43351250886917114,0.00042699577170424163,0.4410944879055023,0.007581979036331177,-2.8931148052215576,0.37543508410453796,0.01141527108848095,0.2875785827636719,0.08785650134086609,-0.9793736338615417,0.10374046862125397,0.043852970004081726,0.0,0.10374046862125397,-0.5218114256858826,0.9385243058204651,1.0,0.06147569417953491,0.7017048597335815,1.0,0.29829514026641846,0.7444612383842468,0.2555387616157532,0.0,2.0,-17.38458251953125,1784745960.9461827,130.084454536438,,23.892994674861924,20.07065228093711,0.0,,False,1.087939739227295
756,0.0032396025490015745,1.3675613672603504e-06,0.0037445281632244587,0.0007285706233233213,7.998886530913296e-07,0.00045693028368987143,0.0005733571015298367,-11.79342269897461,0.3198685646057129,0.0009192600264213979,0.31292176246643066,0.4160018265247345,0.0006015646504238248,0.3973986506462097,0.019857900217175484,-5.05218505859375,0.4306742250919342,0.00044261524453759193,0.4326401352882385,0.0019659101963043213,-2.9381003379821777,0.3781765103340149,0.011814044788479805,0.28040069341659546,0.09777581691741943,-0.895686686038971,0.1020999550819397,0.04463111236691475,0.0,0.1020999550819397,-0.5189394354820251,0.9388130307197571,1.0,0.06118696928024292,0.7042308449745178,1.0,0.2957691550254822,0.7473273873329163,0.25267261266708374,0.0,2.0,-17.30422019958496,1784745961.0464356,130.18470740318298,,24.726071397463464,20.24177271915541,0.0,,False,1.087939739227295
757,0.003217050340026617,1.3609203506348422e-06,0.0036155793350189924,0.0006817483808845282,7.927534397822456e-07,0.00041123112896457314,0.000481668917927891,-11.835166931152344,0.3173552453517914,0.0009215587633661926,0.3103257715702057,0.41255635023117065,0.0006196227623149753,0.3927963972091675,0.02097306028008461,-5.00816011428833,0.42739105224609375,0.00046121052582748234,0.4323435127735138,0.004952460527420044,-2.8952996730804443,0.3802565634250641,0.012284282594919205,0.3335856795310974,0.046670883893966675,-1.192121982574463,0.09857280552387238,0.045157257467508316,0.0,0.09857280552387238,-0.5222773551940918,0.9386733174324036,1.0,0.061326682567596436,0.7073160409927368,1.0,0.2926839590072632,0.750818133354187,0.249181866645813,0.0,2.0,-17.289344787597656,1784745961.1514807,130.28975248336792,,25.57402353205231,20.409555237661642,0.0,,False,1.087939739227295
758,0.00319348881021142,1.351873152088956e-06,0.0037861191667616367,0.0006201199721544981,7.824515932952636e-07,0.0003980843466706574,0.000632859009783715,-11.788148880004883,0.31434446573257446,0.0009235483594238758,0.30537667870521545,0.40855997800827026,0.000641867402009666,0.39025476574897766,0.020383866503834724,-5.026771545410156,0.42362529039382935,0.0004841127956751734,0.43185341358184814,0.008228123188018799,-2.8277339935302734,0.38530364632606506,0.012857490219175816,0.33433958888053894,0.05096405744552612,-1.1569712162017822,0.09403298050165176,0.04537922143936157,0.0,0.09403298050165176,-0.5299863219261169,0.9388535022735596,1.0,0.06114649772644043,0.7104129195213318,1.0,0.2895870804786682,0.7543109059333801,0.24568909406661987,0.0,2.0,-17.223434448242188,1784745961.2458873,130.38415908813477,,26.48788600599662,20.56962878943585,0.0,,False,1.087939739227295
759,0.0031777932308614254,1.3423654081634595e-06,0.003503598505631089,0.0005622385069727898,7.722162536083488e-07,0.00034154506283812225,0.0003935157728847116,-11.888587951660156,0.31197071075439453,0.0009237891645170748,0.3013906478881836,0.4053250551223755,0.0006602132343687117,0.38605475425720215,0.021983681246638298,-4.975293159484863,0.4203779399394989,0.0005035609356127679,0.4251736104488373,0.004795670509338379,-2.855128765106201,0.38569799065589905,0.013355095870792866,0.3444291651248932,0.04126882553100586,-1.175227403640747,0.08995992690324783,0.045517634600400925,0.0,0.08995992690324783,-0.5369918942451477,0.9377164840698242,1.0,0.06228351593017578,0.7113263607025146,1.0,0.28867363929748535,0.7553390860557556,0.24466091394424438,0.0,2.0,-17.29638671875,1784745961.3528287,130.49110054969788,,27.328796209433122,20.722696768891026,0.0,,False,1.087939739227295
760,0.0031527539249509573,1.3334499726624927e-06,0.003500975901260972,0.0005151440855115652,7.624702220709878e-07,0.00031172402668744326,0.00040328435716219246,-11.89674186706543,0.309759259223938,0.0009269368601962924,0.2986994981765747,0.4011332392692566,0.0006826036842539907,0.3805254399776459,0.023388026282191277,-4.9216790199279785,0.4164239466190338,0.0005259117460809648,0.42076316475868225,0.0043392181396484375,-2.8383491039276123,0.3864353895187378,0.013911427929997444,0.3401176929473877,0.0463176965713501,-1.1414769887924194,0.08557610213756561,0.0451994463801384,0.0,0.08557610213756561,-0.5483860969543457,0.9356794953346252,1.0,0.06432050466537476,0.7091023325920105,1.0,0.2908976674079895,0.7528340816497803,0.24716591835021973,0.0,2.0,-17.253259658813477,1784745961.4464533,130.58472514152527,,28.212833472806146,20.864370545637005,0.0,,False,1.087939739227295
761,0.0031119785271584988,1.3294928749019164e-06,0.0023444602265954018,0.00048521370626986027,7.533306529694528e-07,0.00018829552573151886,0.000822948815766722,-11.696802139282227,0.30757665634155273,0.0009344635182060301,0.2956640422344208,0.39383819699287415,0.0007168235606513917,0.3770967423915863,0.020547181367874146,-4.998802185058594,0.41028812527656555,0.0005566894542425871,0.4195297658443451,0.009241640567779541,-2.7511026859283447,0.38723528385162354,0.01460190024226904,0.33193355798721313,0.0553017258644104,-1.0896412134170532,0.08022761344909668,0.0438506044447422,0.0,0.08022761344909668,-0.5711539387702942,0.9303165674209595,1.0,0.06968343257904053,0.7002764940261841,1.0,0.2997235059738159,0.7428373098373413,0.2571626901626587,0.0,2.0,-17.071395874023438,1784745961.5514393,130.6897110939026,,29.27873452096921,20.983276480567035,0.0,,False,1.087939739227295
762,0.003070666454732418,1.3184918543629465e-06,0.0047914632596075535,0.00045876926742494106,7.411680940094811e-07,0.00034521642373874784,0.0017245393246412277,-10.857526779174805,0.3055798411369324,0.0009402143768966198,0.2923511564731598,0.38577911257743835,0.0007528325659222901,0.3732094168663025,0.01824815943837166,-5.0446600914001465,0.4035348892211914,0.0005909143947064877,0.412727952003479,0.009193062782287598,-2.726471424102783,0.38617944717407227,0.015302415937185287,0.37501612305641174,0.011163324117660522,-1.166861891746521,0.07570081204175949,0.04203813523054123,0.0,0.07570081204175949,-0.5974907875061035,0.9217300415039062,1.0,0.07826995849609375,0.6863843202590942,1.0,0.31361567974090576,0.7269269227981567,0.27307307720184326,0.0,2.0,-16.25649070739746,1784745961.647099,130.7853708267212,,31.15954073575825,21.075845566761256,0.0,,False,1.087939739227295
763,0.0030258758924901485,1.2880052508990047e-06,0.003418900305405259,0.0004413002170622349,7.239643764478387e-07,0.0001949625730048865,0.00046384308370761573,-11.91071891784668,0.3036814332008362,0.000940663565415889,0.2901389002799988,0.37957563996315,0.0007814115379005671,0.3695578873157501,0.01684504561126232,-5.062090873718262,0.3981360197067261,0.0006193788722157478,0.4109392762184143,0.012803256511688232,-2.64212965965271,0.3892306387424469,0.015972379595041275,0.38788366317749023,0.001346975564956665,-1.1494518518447876,0.07048672437667847,0.0400673970580101,0.0,0.07048672437667847,-0.627657413482666,0.914252758026123,1.0,0.08574724197387695,0.6749905347824097,1.0,0.32500946521759033,0.7137271761894226,0.2862728238105774,0.0,2.0,-17.281455993652344,1784745961.7437134,130.88198518753052,,32.015381664292406,21.138248026978914,0.0,,False,1.087939739227295
764,0.0029859659262001514,1.2527992794275633e-06,0.0034910314716398716,0.0004117873031646013,7.045772463243338e-07,0.00016812201647553593,0.0005607709172181785,-11.896079063415527,0.30194419622421265,0.0009357769740745425,0.28757551312446594,0.3749467730522156,0.0008051524055190384,0.3654496669769287,0.017223648726940155,-5.045104026794434,0.3938234746456146,0.0006469049258157611,0.40731149911880493,0.013488024473190308,-2.6121037006378174,0.3887602686882019,0.01655467227101326,0.38692277669906616,0.0018374919891357422,-1.1315031051635742,0.06651519238948822,0.038359373807907104,0.0,0.06651519238948822,-0.653770923614502,0.906887412071228,1.0,0.09311258792877197,0.666750431060791,1.0,0.333249568939209,0.7041013240814209,0.2958986759185791,0.0,2.0,-17.23821449279785,1784745961.8491025,130.9873743057251,,32.914464093681055,21.174536977064736,0.0,,False,1.087939739227295
765,0.0029427101835608482,1.220893750542018e-06,0.0033102540764957666,0.0003940889146178961,6.882777370265103e-07,0.00013504318485502154,0.0004496589826885611,-11.960551261901855,0.3005169928073883,0.0009324356797151268,0.28470855951309204,0.37082865834236145,0.0008289930410683155,0.3593743145465851,0.01952200196683407,-4.98548698425293,0.3899722695350647,0.000675053452141583,0.40081387758255005,0.010841608047485352,-2.6443607807159424,0.3865523636341095,0.017113439738750458,0.383331298828125,0.003221064805984497,-1.114703893661499,0.063022181391716,0.036673471331596375,0.0,0.063022181391716,-0.679761528968811,0.8995048999786377,1.0,0.1004951000213623,0.6591799259185791,1.0,0.3408200740814209,0.6952018141746521,0.3047981858253479,0.0,2.0,-17.271121978759766,1784745961.9438436,131.08211541175842,,33.78063903710779,21.18483532179625,0.0,,False,1.087939739227295
766,0.0028976001776754856,1.2011103081022156e-06,0.003303336910903454,0.0003709946759045124,6.79667550684826e-07,9.219149796990678e-05,0.0004922941443510354,-11.953372955322266,0.2992054224014282,0.0009324237471446395,0.2831554114818573,0.36679545044898987,0.0008591564255766571,0.35895323753356934,0.017863458022475243,-5.006836891174316,0.3860953152179718,0.000710542022716254,0.40229445695877075,0.01619914174079895,-2.521146535873413,0.3819768726825714,0.017689058557152748,0.41314074397087097,0.03116387128829956,-1.071014404296875,0.05971220135688782,0.035043567419052124,0.0,0.05971220135688782,-0.7057700157165527,0.8911464810371399,1.0,0.10885351896286011,0.6508886218070984,1.0,0.3491113781929016,0.6853964328765869,0.3146035671234131,0.0,2.0,-17.21941566467285,1784745962.0329614,131.17123317718506,,34.69852029462144,21.16912517978002,0.0,,False,1.087939739227295
767,0.0028519765473902225,1.1818445955213974e-06,0.0040661185048520565,0.00033977115526795387,6.722893886035308e-07,6.087770452722907e-05,0.0012457617558538914,-11.411118507385254,0.29778194427490234,0.0009344363352283835,0.28027474880218506,0.3627147078514099,0.0008953742799349129,0.3587760627269745,0.01794477179646492,-4.9863739013671875,0.38204440474510193,0.0007544450927525759,0.4013468325138092,0.019302427768707275,-2.4289000034332275,0.37595921754837036,0.018338816240429878,0.3565525412559509,0.019406676292419434,-1.0701608657836914,0.05566725879907608,0.033183515071868896,0.75244140625,0.6967741250991821,6.531378746032715,0.8822563290596008,1.0,0.11774367094039917,0.6427671909332275,0.0,0.6427671909332275,0.6757357716560364,0.6757357716560364,0.0,2.0,-16.614667892456055,1784745962.1592174,131.29748916625977,,36.221149324351885,28.39056379951306,0.0,,False,1.087939739227295
768,0.002830212004482746,1.1567103683773894e-06,0.0029989457689225674,0.0003877838607877493,6.743719040969154e-07,1.3843596207152586e-05,0.00041024675010703504,-11.985847473144531,0.29980844259262085,0.0009484272450208664,0.278557687997818,0.3614371716976166,0.0009222723310813308,0.3561114966869354,0.021907929331064224,-4.883358955383301,0.3787866234779358,0.0008031095494516194,0.3931502103805542,0.014363586902618408,-2.516125202178955,0.3185541331768036,0.019096652045845985,0.43379825353622437,0.11524412035942078,-0.7124460339546204,0.055384568870067596,0.03372760862112045,0.75244140625,0.6970568299293518,6.427341938018799,0.8438997268676758,1.0,0.15610027313232422,0.6124661564826965,0.0,0.6124661564826965,0.6392506957054138,0.6392506957054138,0.0,2.0,-17.150596618652344,1784745962.2547355,131.39300727844238,,37.20784962788604,35.50796561123219,0.0,,False,1.087939739227295
769,0.002715469105169177,1.131287149291893e-06,0.003378830151632428,0.00043036392889916897,6.849674605291511e-07,-1.561034696351271e-05,0.0007993378094397485,-11.765472412109375,0.29915326833724976,0.0009856931865215302,0.27641555666923523,0.3585168421268463,0.0009823585860431194,0.3454678952693939,0.026215998455882072,-4.737062454223633,0.3750723898410797,0.0008936722879298031,0.38694486021995544,0.011872470378875732,-2.512284278869629,0.2759075164794922,0.02038448676466942,0.48387569189071655,0.20796817541122437,0.03332245349884033,0.0569973886013031,0.03092815913259983,0.75244140625,0.6954439878463745,6.999696731567383,0.8145139813423157,1.0,0.18548601865768433,0.5705552697181702,0.0,0.5705552697181702,0.5878649353981018,0.5878649353981018,0.0,2.0,-16.811264038085938,1784745962.36057,131.49884176254272,,38.533882511986604,43.1977222164999,0.0,,False,1.087939739227295
770,0.0025876504369080067,1.1196377727173967e-06,0.003273582784458995,0.00043200841173529625,6.980089892749675e-07,-7.265702151926234e-05,0.0008515811059623957,-11.70833969116211,0.29541370272636414,0.0010241216514259577,0.27399685978889465,0.3551234006881714,0.0010559080401435494,0.33497709035873413,0.029403315857052803,-4.614629745483398,0.37115898728370667,0.0010068329283967614,0.3776054084300995,0.006446421146392822,-2.510896921157837,0.2502434551715851,0.021610159426927567,0.4053412675857544,0.1550978124141693,-0.4417828321456909,0.05819035321474075,0.02793506532907486,0.0,0.05819035321474075,-0.8093907833099365,0.7946997284889221,1.0,0.20530027151107788,0.5460710525512695,1.0,0.45392894744873047,0.5574972033500671,0.44250279664993286,0.0,2.0,-16.655492782592773,1784745962.4551923,131.59346413612366,,40.01568665158033,43.07839130689029,0.0,,False,1.087939739227295
771,0.00245995307341218,1.0915323400695343e-06,0.003214642172679305,0.00037691486068069935,6.889721930747328e-07,-0.00010543449025135487,0.0008956654346548021,-11.690376281738281,0.2908191978931427,0.001030792947858572,0.27231723070144653,0.35060203075408936,0.001127319992519915,0.32868778705596924,0.02868025377392769,-4.615746021270752,0.3677367568016052,0.0011048552114516497,0.37424206733703613,0.006505310535430908,-2.465930700302124,0.2520798444747925,0.022022251039743423,0.36212870478630066,0.11004886031150818,-0.7139462232589722,0.05912014842033386,0.02319408394396305,0.0,0.05912014842033386,-0.8876438736915588,0.7992811799049377,1.0,0.20071882009506226,0.5420425534248352,1.0,0.4579574465751648,0.5524835586547852,0.44751644134521484,0.0,2.0,-16.615938186645508,1784745962.550374,131.68864583969116,,41.537045387121324,42.88080730689906,0.0,,False,1.087939739227295
772,0.0023779026232659817,1.094515255317674e-06,0.003353162668645382,0.0003255065530538559,6.969298738113139e-07,-0.0001487305125920102,0.0010844505159184337,-11.517162322998047,0.28640684485435486,0.001036908128298819,0.2703498899936676,0.34811273217201233,0.0011947640450671315,0.32651039958000183,0.02691628783941269,-4.643163681030273,0.365006685256958,0.0011993305524811149,0.3753126561641693,0.010305970907211304,-2.399777412414551,0.25046613812446594,0.02226794883608818,0.4192582070827484,0.16879206895828247,-0.3436391353607178,0.05576375126838684,0.021195143461227417,0.0,0.05576375126838684,-0.9346967339515686,0.7979872822761536,1.0,0.20201271772384644,0.5536288022994995,1.0,0.4463711977005005,0.5668914318084717,0.4331085681915283,0.0,3.0,-16.431581497192383,1784745962.657857,131.7961287498474,,43.24276081211544,42.63617044664782,0.0,,False,1.087939739227295
773,0.002282531699165702,1.1041903462682967e-06,0.0032430177088826895,0.000281438697129488,7.128176662263286e-07,-0.00019942146900575608,0.0010741321602836251,-11.51740837097168,0.2814165949821472,0.0010493748122826219,0.26846399903297424,0.3449336886405945,0.001266326173208654,0.32843390107154846,0.020976480096578598,-4.740289688110352,0.3618808388710022,0.0012956294231116772,0.376485675573349,0.014604836702346802,-2.323125123977661,0.25627076625823975,0.022560585290193558,0.43244802951812744,0.1761772632598877,-0.28894633054733276,0.04930335283279419,0.01942598447203636,0.0,0.04930335283279419,-0.9890671372413635,0.8001596331596375,1.0,0.19984036684036255,0.5671687722206116,1.0,0.4328312277793884,0.5836770534515381,0.4163229465484619,0.0,3.0,-16.471202850341797,1784745962.7523005,131.89057230949402,,44.908854883960146,42.33716318310678,0.0,,False,1.087939739227295
774,0.002200605347752571,1.1160784652020084e-06,0.003137997817248106,0.00022823712788522243,7.282613410097838e-07,-0.00023255831911228597,0.0010445272782817483,-11.541831970214844,0.27686816453933716,0.001058465102687478,0.26636019349098206,0.3421279788017273,0.0013345991028472781,0.32910093665122986,0.016736824065446854,-4.781414985656738,0.35937151312828064,0.0013839707244187593,0.3708592653274536,0.011487752199172974,-2.3247833251953125,0.2629171907901764,0.02268291637301445,0.32313692569732666,0.06021973490715027,-0.8941959738731384,0.044152580201625824,0.0177158173173666,0.0,0.044152580201625824,-1.0426901578903198,0.8006707429885864,1.0,0.19932925701141357,0.5780630111694336,1.0,0.4219369888305664,0.5971331000328064,0.4028668999671936,0.0,2.0,-16.529356002807617,1784745962.8576772,131.99594902992249,,46.51679580333903,41.98453289891679,0.0,,False,1.087939739227295
775,0.0021393701899796724,1.1393199201847892e-06,0.0031284738797694445,0.000185652868822217,7.512381898777676e-07,-0.0002664443454705179,0.0010875283041968942,-11.490050315856934,0.2742653489112854,0.0010669843759387732,0.26481086015701294,0.34022727608680725,0.0014023128896951675,0.3241845369338989,0.018621407449245453,-4.734745025634766,0.3582521378993988,0.0014671154785901308,0.36528563499450684,0.007033497095108032,-2.326430320739746,0.2604367136955261,0.022644242271780968,0.2717530131340027,0.011316299438476562,-0.972158670425415,0.04202873259782791,0.01609296351671219,0.0,0.04202873259782791,-1.0908664464950562,0.7961624264717102,1.0,0.2038375735282898,0.5854223966598511,1.0,0.4145776033401489,0.6061940789222717,0.39380592107772827,0.0,2.0,-16.44106101989746,1784745962.9525661,132.09083795547485,,48.21303170562807,41.58372632612206,0.0,,False,1.087939739227295
776,0.002081397920846939,1.1731322047126014e-06,0.0031222186516970396,0.00014717667363584042,7.86794544183067e-07,-0.0003142309724353254,0.001138509949669242,-11.420679092407227,0.2717987895011902,0.001079159090295434,0.26257678866386414,0.3386029005050659,0.0014793832087889314,0.320585697889328,0.0202401801943779,-4.686856746673584,0.3570294976234436,0.0015591273549944162,0.36403384804725647,0.007004350423812866,-2.297142744064331,0.26069262623786926,0.0225058700889349,0.1910826861858368,0.06960994005203247,-0.8704004287719727,0.03870648145675659,0.01464250311255455,0.0,0.03870648145675659,-1.1418159008026123,0.7940512895584106,1.0,0.20594871044158936,0.5942571759223938,1.0,0.4057428240776062,0.6170370578765869,0.3829629421234131,0.0,3.0,-16.318735122680664,1784745963.0476706,132.18594241142273,,50.031593505133905,41.13197029901978,0.0,,False,1.087939739227295
777,0.002036866033449769,1.2103836297683301e-06,0.0030461291316896677,0.00011273031122982502,8.252437737610308e-07,-0.0003479077131487429,0.0011094140354543924,-11.428861618041992,0.2696888744831085,0.001091091544367373,0.2600395977497101,0.33787792921066284,0.0015534687554463744,0.3200913071632385,0.020235426723957062,-4.661550998687744,0.3564186096191406,0.0016492385184392333,0.3636696934700012,0.007251083850860596,-2.2688422203063965,0.25846439599990845,0.022334996610879898,0.17998841404914856,0.07847598195075989,-0.8439955711364746,0.03627894073724747,0.0134536512196064,0.0,0.03627894073724747,-1.1863991022109985,0.7900986075401306,1.0,0.20990139245986938,0.6002159714698792,1.0,0.39978402853012085,0.6243273019790649,0.37567269802093506,0.0,3.0,-16.292522430419922,1784745963.1523762,132.29064798355103,,51.876367996900484,40.635631070509106,0.0,,False,1.087939739227295
778,0.0020032143220305443,1.2394652912917081e-06,0.003339847084134817,5.576619878411293e-05,8.626197427474835e-07,-0.0004293420061003417,0.0014219413278624415,-11.08707046508789,0.2683565020561218,0.0010913088917732239,0.25633445382118225,0.3374677896499634,0.0016278328839689493,0.3205258250236511,0.02077401801943779,-4.628182411193848,0.35630297660827637,0.0017190462676808238,0.35955142974853516,0.003248453140258789,-2.2609851360321045,0.26262855529785156,0.021715722978115082,0.08579441905021667,0.1768341362476349,-0.2759284973144531,0.03316595405340195,0.011881252750754356,0.0,0.03316595405340195,-1.25116765499115,0.7924037575721741,1.0,0.20759624242782593,0.6113351583480835,1.0,0.3886648416519165,0.637876570224762,0.36212342977523804,0.0,3.0,-15.920108795166016,1784745963.257633,132.3959047794342,,54.09355612392097,40.074523289218284,0.0,,False,1.087939739227295
779,0.0019840006716549397,1.2750363111990737e-06,0.0030525028705596924,1.3227108865976334e-06,9.1034587512695e-07,-0.0004361543105915189,0.0011545921443030238,-11.350282669067383,0.2671283185482025,0.001092714024707675,0.2510576546192169,0.33682388067245483,0.0017034459160640836,0.3216700255870819,0.022088583558797836,-4.573638439178467,0.35602742433547974,0.0017928160959854722,0.35388535261154175,0.0021420717239379883,-2.2417657375335693,0.26224467158317566,0.021014677360653877,0.046094805002212524,0.21614986658096313,0.09929370880126953,0.03013496845960617,0.010376530699431896,0.0,0.03013496845960617,-1.321407675743103,0.7909389138221741,1.0,0.20906108617782593,0.6235025525093079,1.0,0.37649744749069214,0.6526146531105042,0.34738534688949585,0.0,3.0,-16.130075454711914,1784745963.362393,132.50066471099854,,56.100777591395556,39.44317548717551,0.0,,False,1.087939739227295
780,0.0019757081754505634,1.2969826457265299e-06,0.002948581473901868,-5.185534246265888e-05,9.639931022320525e-07,-0.0004705377505160868,0.0010591399623081088,-11.410148620605469,0.2667278051376343,0.0010752236703410745,0.24345849454402924,0.3346175253391266,0.0017999509582296014,0.3239605128765106,0.025593606755137444,-4.456396102905273,0.3549068570137024,0.0018567881779745221,0.3507499098777771,0.004156947135925293,-2.2208616733551025,0.2651113271713257,0.019645659253001213,0.0,0.2651113271713257,0.7427815198898315,0.023213401436805725,0.007981033995747566,0.0,0.023213401436805725,-1.4626463651657104,0.7968077063560486,1.0,0.20319229364395142,0.6522665023803711,1.0,0.3477334976196289,0.687030017375946,0.31296998262405396,0.0,2.0,-16.085697174072266,1784745963.457431,132.59570288658142,,58.15237733950979,38.670588995710126,0.0,,False,1.087939739227295
781,0.0020029526203870773,1.3067029840385658e-06,0.002844481263309717,-9.149592369794846e-05,1.0235146419290686e-06,-0.0004892442957498133,0.0009307922446168959,-11.483997344970703,0.26785996556282043,0.001035001827403903,0.23708458244800568,0.3307994604110718,0.0019131023436784744,0.3242756724357605,0.03145924210548401,-4.259643077850342,0.3534126877784729,0.0018901362782344222,0.3478410840034485,0.005571603775024414,-2.2084028720855713,0.26756128668785095,0.017659245058894157,0.0010107755661010742,0.2665505111217499,0.9123615026473999,0.012193530797958374,0.00530673423781991,0.0,0.012193530797958374,-1.6864418983459473,0.8071640133857727,1.0,0.1928359866142273,0.6993107199668884,1.0,0.3006892800331116,0.7417381405830383,0.25826185941696167,0.0,3.0,-15.9959135055542,1784745963.5617068,132.6999785900116,,60.29376075614209,37.67420697106451,0.0,,False,1.087939739227295
782,0.0020082942210137844,1.3296489669301081e-06,0.002761464798822999,-0.0001436553429812193,1.0866307320611668e-06,-0.0005209615919739008,0.0008423930266872048,-11.514816284179688,0.26664823293685913,0.0010028675897046924,0.22908832132816315,0.32905569672584534,0.0020291893742978573,0.3225148022174835,0.03812519088387489,-4.000729560852051,0.3532868027687073,0.0019225500291213393,0.3421613276004791,0.01112547516822815,-2.175922155380249,0.2770066261291504,0.01610567979514599,0.0788954496383667,0.1981111764907837,0.07310009002685547,0.003109857439994812,0.003790369490161538,0.0,0.003109857439994812,-1.8674315214157104,0.8140020966529846,1.0,0.18599790334701538,0.7315669655799866,1.0,0.2684330344200134,0.7778592109680176,0.22214078903198242,0.0,3.0,-15.803360939025879,1784745963.651022,132.78929376602173,,62.62769673930271,36.496835323349124,0.0,,False,1.087939739227295
783,0.0019805203191936016,1.3380193877310376e-06,0.002632977906614542,-0.00020987843163311481,1.110837843043555e-06,-0.000528830336406827,0.0007262445869855583,-11.574612617492676,0.2625381648540497,0.000975161325186491,0.22498375177383423,0.3289759159088135,0.002106493106111884,0.3215638995170593,0.03827887028455734,-3.973773717880249,0.35428673028945923,0.001929276855662465,0.3427748680114746,0.01151186227798462,-2.1720213890075684,0.30293864011764526,0.015157035551965237,0.1162550151348114,0.18668362498283386,-0.02604997158050537,-0.0006227642297744751,0.003133069723844528,0.0,0.0006227642297744751,-1.9638705253601074,0.8200527429580688,1.0,0.17994725704193115,0.7423371076583862,1.0,0.25766289234161377,0.789628803730011,0.210371196269989,0.0,3.0,-15.839642524719238,1784745963.755581,132.89385271072388,,64.92535113676998,35.223024671689345,0.0,,False,1.087939739227295
784,0.0019417913863435388,1.3219417951404466e-06,0.0026877073105424643,-0.00026742019690573215,1.0973611779263592e-06,-0.000583542394451797,0.0008101381245069206,-11.535650253295898,0.25713780522346497,0.0009469732758589089,0.22020666301250458,0.3290685713291168,0.0021449094638228416,0.3211917281150818,0.03776180371642113,-3.9809672832489014,0.3555851876735687,0.0019139181822538376,0.34250181913375854,0.01308336853981018,-2.165644645690918,0.3342478275299072,0.014557004906237125,0.17318907380104065,0.16105875372886658,-0.3049256205558777,-0.000367775559425354,0.002748779021203518,0.0,0.000367775559425354,-2.0293362140655518,0.825907289981842,1.0,0.17409271001815796,0.7436723113059998,1.0,0.25632768869400024,0.7910770773887634,0.20892292261123657,0.0,3.0,-15.803247451782227,1784745963.8708148,133.00908660888672,,67.25940060717426,33.88374833132412,0.0,,False,1.087939739227295
785,0.0019055228913202882,1.2813557077606674e-06,0.002448753686621785,-0.00030665076337754726,1.0509102139621973e-06,-0.0005663314368575811,0.0006021077861078084,-11.681610107421875,0.25167176127433777,0.0009147697128355503,0.21682429313659668,0.3289453387260437,0.0021400812547653913,0.3178744316101074,0.03656379505991936,-4.041618347167969,0.35683882236480713,0.0018585528014227748,0.32782626152038574,0.029012560844421387,-1.9985926151275635,0.36963194608688354,0.013980801217257977,0.22121015191078186,0.14842179417610168,-0.4282650947570801,0.002597719430923462,0.002464266261085868,0.0,0.002597719430923462,-2.082622766494751,0.8353143930435181,1.0,0.16468560695648193,0.7440929412841797,1.0,0.2559070587158203,0.7915328145027161,0.20846718549728394,0.0,3.0,-15.914200782775879,1784745963.9682841,133.1065559387207,,69.48249674658487,32.4911854385297,0.0,,False,1.087939739227295
786,0.001879486022517085,1.2330053777986905e-06,0.0024508109781891108,-0.00034994049929082394,9.951701258614776e-07,-0.0006021475419402122,0.0006245162803679705,-11.711004257202148,0.24689944088459015,0.0008821925148367882,0.21501563489437103,0.32811179757118225,0.002115307142958045,0.3116379380226135,0.03588823229074478,-4.117636680603027,0.3575548231601715,0.0017934645293280482,0.32773327827453613,0.029821544885635376,-1.9949297904968262,0.4043158292770386,0.013429312966763973,0.2727915942668915,0.1315242350101471,-0.5921571254730225,0.006628029048442841,0.002249942859634757,0.0,0.006628029048442841,-2.1197240352630615,0.8445934653282166,1.0,0.15540653467178345,0.7426519989967346,1.0,0.2573480010032654,0.7899704575538635,0.21002954244613647,0.0,3.0,-16.002578735351562,1784745964.0727336,133.21100544929504,,71.6172149334198,31.06152127696696,0.0,,False,1.087939739227295
787,0.0018585161305963993,1.2098103070457e-06,0.002529854653403163,-0.00039465981535613537,9.636056574890972e-07,-0.0006640641950070858,0.0007233769283629954,-11.677011489868164,0.24335205554962158,0.0008612276869826019,0.21354110538959503,0.32623419165611267,0.0021103154867887497,0.30926766991615295,0.03430095687508583,-4.187008857727051,0.3570905327796936,0.0017635629046708345,0.3280344009399414,0.029056131839752197,-2.0119094848632812,0.4318857789039612,0.013065430335700512,0.32669246196746826,0.10519331693649292,-0.826484203338623,0.009531773626804352,0.0021294269245117903,0.0,0.009531773626804352,-2.135679244995117,0.8519930839538574,1.0,0.14800691604614258,0.7419424653053284,1.0,0.25805753469467163,0.7892002463340759,0.21079975366592407,0.0,3.0,-16.032573699951172,1784745964.1669164,133.3051881790161,,73.72193815565512,29.615901905672168,0.0,,False,1.087939739227295
788,0.0018421863205730915,1.2078997997377883e-06,0.00286026275716722,-0.00043500354513525963,9.516656405139656e-07,-0.0007917722687125206,0.0010787787614390254,-11.412046432495117,0.24048519134521484,0.000850180396810174,0.212336465716362,0.3239631652832031,0.002123939571902156,0.31092458963394165,0.031021850183606148,-4.26838493347168,0.355892539024353,0.0017608462367206812,0.32693392038345337,0.028958618640899658,-2.0139172077178955,0.45533961057662964,0.012828574515879154,0.38220688700675964,0.07313272356987,-1.0506452322006226,0.011249557137489319,0.0020676308777183294,0.0,0.011249557137489319,-2.141134023666382,0.8592078685760498,1.0,0.1407921314239502,0.7437361478805542,1.0,0.2562638521194458,0.7911462187767029,0.20885378122329712,0.0,3.0,-15.83371353149414,1784745964.252617,133.3908886909485,,76.02552154634748,28.16482775570611,0.0,,False,1.087939739227295
789,0.001831921050325036,1.2144383845225093e-06,0.0020961319096386433,-0.00048230448737740517,9.461963372814353e-07,-0.0006154500297270715,0.00029586334130726755,-11.870037078857422,0.2377946376800537,0.0008419840014539659,0.21192188560962677,0.32205700874328613,0.0021411858033388853,0.3151277005672455,0.02678459696471691,-4.3664703369140625,0.3548109233379364,0.0017627968918532133,0.3237268924713135,0.031084030866622925,-1.9774303436279297,0.4794984459877014,0.012564235366880894,0.44600945711135864,0.03348898887634277,-1.2248809337615967,0.012331843376159668,0.00202228594571352,0.0,0.012331843376159668,-2.1452255249023438,0.8672714829444885,1.0,0.13272851705551147,0.7482441067695618,1.0,0.25175589323043823,0.7960174083709717,0.20398259162902832,0.0,3.0,-16.3519287109375,1784745964.3577754,133.49604725837708,,77.81088975759647,26.70966210450409,0.0,,False,1.087939739227295
790,0.0018165693618357182,1.2282175703148823e-06,0.0023891404271125793,-0.0005495960358530283,9.466883739150944e-07,-0.000741275551263243,0.0006038034916855395,-11.749378204345703,0.23470358550548553,0.000836042279843241,0.21147803962230682,0.3199501633644104,0.002170565538108349,0.31415265798568726,0.023938192054629326,-4.441573143005371,0.3533303439617157,0.0017832075245678425,0.32193848490715027,0.03139185905456543,-1.9694187641143799,0.5070817470550537,0.012236780487000942,0.5044794678688049,0.0026022791862487793,-1.2824392318725586,0.0126066654920578,0.0019805876072496176,0.0,0.0126066654920578,-2.15312123298645,0.877275824546814,1.0,0.12272417545318604,0.756105363368988,1.0,0.24389463663101196,0.8044441938400269,0.19555580615997314,0.0,3.0,-16.28734588623047,1784745964.4739482,133.61222004890442,,79.6608407935525,25.246600745217965,0.0,,False,1.087939739227295
791,0.0017990798223763704,1.2404705103108427e-06,0.0023102618288248777,-0.0006386321038007736,9.438057304578251e-07,-0.0007581854006275535,0.0005249762325547636,-11.785907745361328,0.23131480813026428,0.0008280840120278299,0.2109249234199524,0.3182457983493805,0.002200452610850334,0.3100683093070984,0.02196858450770378,-4.5036420822143555,0.3519812226295471,0.001805704552680254,0.318092942237854,0.033888280391693115,-1.9214673042297363,0.5402287244796753,0.011801222339272499,0.5689651966094971,0.028736472129821777,-1.2658504247665405,0.012413181364536285,0.0019308351911604404,0.0,0.012413181364536285,-2.1660609245300293,0.8900786638259888,1.0,0.10992133617401123,0.7689629793167114,1.0,0.23103702068328857,0.8180335760116577,0.18196642398834229,0.0,3.0,-16.34955596923828,1784745964.5691953,133.7074670791626,,81.44858174650071,23.77059969438826,0.0,,False,1.087939739227295
792,0.0017757343593984842,1.2510819260569406e-06,0.0023347157984972,-0.000749323284253478,9.382439998262271e-07,-0.0008021674584597349,0.0005614737747237086,-11.771137237548828,0.22778096795082092,0.000818535394500941,0.2105087786912918,0.3161758780479431,0.002233435632660985,0.30613231658935547,0.01998003199696541,-4.563411712646484,0.35035401582717896,0.0018305343110114336,0.31679290533065796,0.033561110496520996,-1.9249794483184814,0.5781452655792236,0.01127571053802967,0.6172629594802856,0.03911769390106201,-1.2557601928710938,0.01180364191532135,0.0018746228888630867,0.0,0.01180364191532135,-2.1835744380950928,0.9037502408027649,1.0,0.09624975919723511,0.7840827703475952,1.0,0.21591722965240479,0.8336922526359558,0.1663077473640442,0.0,3.0,-16.384355545043945,1784745964.6645093,133.8027811050415,,83.20152312364326,22.27708512999349,0.0,,False,1.087939739227295
793,0.001747766975313425,1.2534395636976114e-06,0.0023614021483808756,-0.0008498828392475843,9.28779797959578e-07,-0.0008516437374055386,0.0006136376759968698,-11.751420974731445,0.22516819834709167,0.0008094945806078613,0.21015000343322754,0.3131520748138428,0.0022624575067311525,0.3022865653038025,0.01853659749031067,-4.601921081542969,0.3480260968208313,0.0018497630953788757,0.3134744465351105,0.034551650285720825,-1.904715895652771,0.6118805408477783,0.010845919139683247,0.6473148465156555,0.0354343056678772,-1.2851616144180298,0.0112515389919281,0.0018241339130327106,0.0,0.0112515389919281,-2.19968581199646,0.914484441280365,1.0,0.08551555871963501,0.7970319390296936,1.0,0.2029680609703064,0.8468113541603088,0.15318864583969116,0.0,3.0,-16.38531494140625,1784745964.7601316,133.8984034061432,,84.9535051044235,20.767459191697355,0.0,,False,1.087939739227295
794,0.0017209552461281419,1.2486248124332633e-06,0.0015767872100695968,-0.0009301833342760801,9.167274583887774e-07,-0.0005938789108768106,0.0003659031353890896,-11.84007453918457,0.22375866770744324,0.0008010570309124887,0.21009989082813263,0.3093865215778351,0.002288502175360918,0.29864418506622314,0.01737699657678604,-4.625181198120117,0.34510207176208496,0.0018607056699693203,0.3107970356941223,0.034305036067962646,-1.9082274436950684,0.6384481191635132,0.010535621084272861,0.692798376083374,0.05435025691986084,-1.2173694372177124,0.010762035846710205,0.0017803877126425505,0.0,0.010762035846710205,-2.213996410369873,0.9214701652526855,1.0,0.07852983474731445,0.8061188459396362,1.0,0.19388115406036377,0.8558489680290222,0.14415103197097778,0.0,3.0,-16.494333267211914,1784745964.8555114,133.99378323554993,,86.59646875939808,19.243522655027807,0.0,,False,1.087939739227295
795,0.001699336338788271,1.2358382264210377e-06,0.0031399547588080168,-0.0009849818889051676,9.007717380882241e-07,-0.0012361523695290089,0.001462350133806467,-11.04932689666748,0.22317497432231903,0.0007911050925031304,0.21105246245861053,0.3057249188423157,0.0023025721311569214,0.2979739308357239,0.014388645067811012,-4.664101600646973,0.34228378534317017,0.0018584253266453743,0.3106228709220886,0.03166091442108154,-1.9553799629211426,0.6599406003952026,0.010221043601632118,0.7255503535270691,0.06560975313186646,-1.1621376276016235,0.010275915265083313,0.0017432989552617073,0.0,0.010275915265083313,-2.2267637252807617,0.9261090755462646,1.0,0.07389092445373535,0.8121743202209473,1.0,0.18782567977905273,0.8617916107177734,0.13820838928222656,0.0,3.0,-15.75829792022705,1784745964.9625564,134.10082817077637,,88.97546776135752,17.70681880344737,0.0,,False,1.087939739227295
796,0.0016964204842224717,1.2179480108898133e-06,0.002292509423568845,-0.0010204866994172335,8.818124115350656e-07,-0.000962993479333818,0.0005988551420159638,-11.794193267822266,0.2238359898328781,0.0007805958739481866,0.21196527779102325,0.30275481939315796,0.0023017311468720436,0.296893447637558,0.013238937593996525,-4.679172992706299,0.34010905027389526,0.0018347939476370811,0.3115820288658142,0.028527021408081055,-2.009706735610962,0.675854504108429,0.009973026812076569,0.7421594858169556,0.06630498170852661,-1.164584994316101,0.009968012571334839,0.0017111244378611445,0.0,0.009968012571334839,-2.2373297214508057,0.9291051626205444,1.0,0.07089483737945557,0.8162040114402771,1.0,0.1837959885597229,0.8657099008560181,0.13429009914398193,0.0,3.0,-16.54238510131836,1784745965.058076,134.19634771347046,,90.57037958222566,16.159548955696888,0.0,,False,1.087939739227295
797,0.0017135855741798878,1.1958331924688537e-06,0.002330620074644685,-0.0010047440882772207,8.606550636613974e-07,-0.001017972594127059,0.0006171762943267822,-11.803949356079102,0.22528469562530518,0.0007715362007729709,0.21384571492671967,0.29965054988861084,0.0022946950048208237,0.29588761925697327,0.012042006477713585,-4.696380138397217,0.33793267607688904,0.0018088368233293295,0.3112568259239197,0.02667585015296936,-2.041895627975464,0.6859712600708008,0.00983462855219841,0.6740680932998657,0.011903166770935059,-1.384781002998352,0.009965412318706512,0.001686614821664989,0.0,0.009965412318706512,-2.2441368103027344,0.9310635328292847,1.0,0.06893646717071533,0.8187364935874939,1.0,0.1812635064125061,0.8681572675704956,0.1318427324295044,0.0,3.0,-16.582000732421875,1784745965.1543045,134.2925763130188,,92.12567577199027,14.605472019094478,0.0,,False,1.087939739227295
798,0.0017144557787105441,1.2131022231187671e-06,0.00229735323227942,-0.001019652234390378,8.672050171298906e-07,-0.0010493133449926972,0.0005836516502313316,-11.811734199523926,0.22552704811096191,0.0007849889225326478,0.21642045676708221,0.2974008321762085,0.002321606734767556,0.29417577385902405,0.009660797193646431,-4.714729309082031,0.33493584394454956,0.001827320782467723,0.3112568259239197,0.023679018020629883,-2.0800936222076416,0.6812800765037537,0.010176158510148525,0.7235826849937439,0.042302608489990234,-1.286988615989685,0.010827086865901947,0.0016938954358920455,0.0,0.010827086865901947,-2.236821413040161,0.9326324462890625,1.0,0.0673675537109375,0.8232125043869019,1.0,0.17678749561309814,0.8724539279937744,0.12754607200622559,0.0,3.0,-16.623565673828125,1784745965.2606018,134.39887356758118,,93.63940702034864,13.058710479754641,0.0,,False,1.087939739227295
799,0.0017187647754326463,1.2456328022381058e-06,0.002772789914160967,-0.001027467893436551,8.868620966495655e-07,-0.0013252347707748413,0.001095278188586235,-11.431910514831543,0.22535166144371033,0.0008027154253795743,0.21952837705612183,0.29631415009498596,0.0023381516803056,0.29143112897872925,0.007599640637636185,-4.728853702545166,0.33307531476020813,0.001841851742938161,0.306347131729126,0.026728183031082153,-2.035619020462036,0.678797721862793,0.010272195562720299,0.7082751393318176,0.029477417469024658,-1.3279240131378174,0.012632831931114197,0.001724525005556643,0.0,0.012632831931114197,-2.2161927223205566,0.9349644780158997,1.0,0.06503552198410034,0.8271037936210632,1.0,0.17289620637893677,0.8761588931083679,0.12384110689163208,0.0,3.0,-16.232803344726562,1784745965.35643,134.4947018623352,,95.54390059780857,11.532577631134409,0.0,,False,1.087939739227295
800,0.0017819456988945603,1.3529985380955623e-06,0.00232126796618104,-0.0013214757200330496,1.0133333034900716e-06,-0.0011688923696056008,0.0005604909965768456,-11.700870513916016,0.22661548852920532,0.0008551889914087951,0.22164201736450195,0.30673131346702576,0.0024024765007197857,0.2891288995742798,0.018291538581252098,-4.6308979988098145,0.3386179804801941,0.0019401947502046824,0.3025280237197876,0.036089956760406494,-1.8678867816925049,0.6568276882171631,0.010789402760565281,0.6941852569580078,0.03735756874084473,-1.2809829711914062,0.01889868825674057,0.0019047715468332171,0.0,0.01889868825674057,-2.119004011154175,0.9377254843711853,1.0,0.0622745156288147,0.8297722339630127,1.0,0.1702277660369873,0.8786829710006714,0.12131702899932861,0.0,3.0,-16.33953285217285,1784745965.4536724,134.59194421768188,,97.34166466782222,10.103633493680558,0.0,,False,1.087939739227295
801,0.0017688963562250137,1.332724536950991e-06,0.0023512861225754023,-0.001308785518631339,9.900471695800661e-07,-0.001232682610861957,0.0005873410264030099,-11.708847045898438,0.22723588347434998,0.0008514630608260632,0.22418858110904694,0.30516669154167175,0.002390233799815178,0.28502050042152405,0.02037535421550274,-4.624227523803711,0.337527871131897,0.0019112295703962445,0.3011420965194702,0.03638577461242676,-1.8647116422653198,0.656369686126709,0.01081159245222807,0.6737861037254333,0.017416417598724365,-1.3306015729904175,0.019342288374900818,0.0018748881993815303,0.0,0.019342288374900818,-2.12089204788208,0.9388303756713867,1.0,0.06116962432861328,0.8333254456520081,1.0,0.16667455434799194,0.8820228576660156,0.11797714233398438,0.0,3.0,-16.34058380126953,1784745965.5585785,134.6968502998352,,99.13837778873918,9.001405651565705,0.0,,False,1.087939739227295
802,0.0017585854511708021,1.3052149370196275e-06,0.0023464730475097895,-0.0013049792032688856,9.60932879934262e-07,-0.0012870701029896736,0.0005881602992303669,-11.7318115234375,0.22814086079597473,0.0008452985784970224,0.2262454628944397,0.30390217900276184,0.0023687209468334913,0.2817498445510864,0.022233273833990097,-4.617026329040527,0.336623877286911,0.0018761962419375777,0.3006736636161804,0.03595021367073059,-1.8758909702301025,0.6553925275802612,0.010847833007574081,0.6582728624343872,0.0028803348541259766,-1.3425740003585815,0.01926083117723465,0.001843219273723662,0.0,0.01926083117723465,-2.1285486221313477,0.9395655989646912,1.0,0.06043440103530884,0.8376438617706299,1.0,0.16235613822937012,0.8860487341880798,0.11395126581192017,0.0,3.0,-16.363378524780273,1784745965.6536949,134.79196667671204,,100.9122961861454,9.439894399996728,0.0,,False,1.087939739227295
803,0.0017554366495460272,1.2533529343272676e-06,0.0023192709777504206,-0.001326890429481864,9.133569278674258e-07,-0.0013304018648341298,0.0005638452712446451,-11.783206939697266,0.23023058474063873,0.0008277782471850514,0.22896815836429596,0.30263280868530273,0.0023178996052592993,0.27986231446266174,0.022805461660027504,-4.631243705749512,0.335788756608963,0.0018224871018901467,0.30241596698760986,0.03337278962135315,-1.9292821884155273,0.6571894884109497,0.010803422890603542,0.6344980001449585,0.02269148826599121,-1.3211770057678223,0.01877667009830475,0.001815173076465726,0.0,0.01877667009830475,-2.13973331451416,0.9394575357437134,1.0,0.06054246425628662,0.8398230671882629,1.0,0.16017693281173706,0.8880663514137268,0.1119336485862732,0.0,3.0,-16.452842712402344,1784745965.7593324,134.89760422706604,,102.59675039592955,9.889567840810564,0.0,,False,1.087939739227295
804,0.0017536119557917118,1.197042706735374e-06,0.0020449329167604446,-0.0013753848616033792,8.644887543596269e-07,-0.0012220739154145122,0.00032919924706220627,-11.911471366882324,0.23296889662742615,0.0008069028262980282,0.2307153344154358,0.30088528990745544,0.002263479633256793,0.2799135744571686,0.021092448383569717,-4.668401718139648,0.33436319231987,0.001768950023688376,0.3024594783782959,0.0319037139415741,-1.962047815322876,0.6577666997909546,0.010749608278274536,0.626724362373352,0.03104233741760254,-1.3026829957962036,0.018562860786914825,0.0017836892511695623,0.0,0.018562860786914825,-2.14900541305542,0.9384081959724426,1.0,0.06159180402755737,0.8410919904708862,1.0,0.15890800952911377,0.8892367482185364,0.11076325178146362,0.0,3.0,-16.627216339111328,1784745965.8539264,134.99219822883606,,104.10683097900471,10.34851338016566,0.0,,False,1.087939739227295
805,0.0017469775630161166,1.155110453510133e-06,0.002260096138343215,-0.0014411236625164747,8.312734962601098e-07,-0.0014058342203497887,0.0005143306334502995,-11.883216857910156,0.23566380143165588,0.0007905150996521115,0.2325870245695114,0.2983909547328949,0.002228633500635624,0.27863118052482605,0.01999787986278534,-4.693133354187012,0.33213305473327637,0.001731708412989974,0.2976536154747009,0.03447943925857544,-1.917130947113037,0.6562939882278442,0.010641991160809994,0.6092355847358704,0.04705840349197388,-1.248490333557129,0.01891353726387024,0.0017383627127856016,0.0,0.01891353726387024,-2.155576705932617,0.9368616938591003,1.0,0.06313830614089966,0.8423908948898315,1.0,0.15760910511016846,0.8904316425323486,0.10956835746765137,0.0,3.0,-16.596288681030273,1784745965.958531,135.09680271148682,,105.64783922016093,10.814030212397952,0.0,,False,1.087939739227295
806,0.0017395897302776575,1.128833559960185e-06,0.002286328934133053,-0.0015015129465609789,8.118991559058486e-07,-0.0014876092318445444,0.0005469159805215895,-11.888707160949707,0.23736965656280518,0.0007820362807251513,0.23393131792545319,0.2968372702598572,0.002207087818533182,0.27596938610076904,0.021149249747395515,-4.690756797790527,0.33075159788131714,0.0017068537417799234,0.29758360981941223,0.03316798806190491,-1.9453492164611816,0.6524170637130737,0.010624879039824009,0.5946620106697083,0.05775505304336548,-1.1963666677474976,0.01992763578891754,0.001698165899142623,0.0,0.01992763578891754,-2.1532416343688965,0.9343761801719666,1.0,0.06562381982803345,0.8426686525344849,1.0,0.15733134746551514,0.8906866312026978,0.10931336879730225,0.0,2.0,-16.61398696899414,1784745966.0760021,135.21427392959595,,107.17114917335329,11.277211973066525,0.0,,False,1.087939739227295
807,0.0017188300844281912,1.108085371015477e-06,0.00226658396422863,-0.0015697439666837454,8.010932788238279e-07,-0.0015332348411902785,0.0005489692557603121,-11.900989532470703,0.23804238438606262,0.0007773477700538933,0.2354353815317154,0.296614408493042,0.002191087231040001,0.27608993649482727,0.020689379423856735,-4.703112602233887,0.3303430676460266,0.0016878953902050853,0.2961348295211792,0.03420823812484741,-1.9265522956848145,0.648144543170929,0.010595728643238544,0.581318736076355,0.06682580709457397,-1.143983006477356,0.020573318004608154,0.0016560668591409922,0.0,0.020573318004608154,-2.1549251079559326,0.931002676486969,1.0,0.068997323513031,0.8430570960044861,1.0,0.15694290399551392,0.8910431265830994,0.10895687341690063,0.0,2.0,-16.62675666809082,1784745966.1712105,135.3094823360443,,108.68168942744896,11.742077207322133,0.0,,False,1.087939739227295
808,0.0016973164165392518,1.0894601700783824e-06,0.0023265813942998648,-0.0016189885791391134,7.929572802822804e-07,-0.0016360762529075146,0.0006294969352893531,-11.868871688842773,0.23801839351654053,0.0007752039236947894,0.2362581491470337,0.29793328046798706,0.0021664309315383434,0.2766895592212677,0.021316522732377052,-4.704497337341309,0.33139562606811523,0.0016662835841998458,0.2969384491443634,0.03445717692375183,-1.923370122909546,0.6432627439498901,0.010554857552051544,0.5745302438735962,0.06873250007629395,-1.1328552961349487,0.021036796271800995,0.0016262701246887445,0.0,0.021036796271800995,-2.1557328701019287,0.92784583568573,1.0,0.07215416431427002,0.842864990234375,1.0,0.157135009765625,0.8908668160438538,0.10913318395614624,0.0,2.0,-16.594154357910156,1784745966.2676938,135.40596556663513,,110.2248319917253,12.207750203723737,0.0,,False,1.087939739227295
809,0.0016747907502576709,1.0736331432781299e-06,0.0015155866276472807,-0.0016683770809322596,7.885693662501581e-07,-0.0011030609020963311,0.00058730598539114,-11.84643840789795,0.23760783672332764,0.0007742563611827791,0.23722726106643677,0.3005492091178894,0.0021376535296440125,0.28129178285598755,0.019261186942458153,-4.731114387512207,0.33364132046699524,0.001641758601181209,0.3037554621696472,0.029885858297348022,-2.015040397644043,0.6392902135848999,0.010446310974657536,0.5652343034744263,0.07405591011047363,-1.0993163585662842,0.02112308144569397,0.001597152091562748,0.0,0.02112308144569397,-2.161146640777588,0.9248292446136475,1.0,0.07517075538635254,0.842586874961853,1.0,0.15741312503814697,0.8906116485595703,0.10938835144042969,0.0,2.0,-16.638851165771484,1784745966.3507788,135.48905062675476,,111.7232777481403,12.678836970801001,0.0,,False,1.087939739227295
810,0.0016585886478424072,1.0511882919672644e-06,0.0026972531341016293,-0.0016991484444588423,7.798151386850805e-07,-0.002035541692748666,0.001091780373826623,-11.491321563720703,0.23713737726211548,0.0007714475505053997,0.23781216144561768,0.3045734167098999,0.002094949595630169,0.2878289222717285,0.016758086159825325,-4.762643814086914,0.3370601534843445,0.0016059924382716417,0.30874764919281006,0.028312504291534424,-2.0485033988952637,0.6346786022186279,0.010327816009521484,0.5665184259414673,0.06816017627716064,-1.142601490020752,0.021187543869018555,0.001571906148456037,0.0,0.021187543869018555,-2.1660022735595703,0.921721339225769,1.0,0.07827866077423096,0.842061460018158,1.0,0.15793853998184204,0.8901289105415344,0.10987108945846558,0.0,2.0,-16.325687408447266,1784745966.4560053,135.5942771434784,,113.53488726187953,13.154779370660247,0.0,,False,1.087939739227295
811,0.0016504431841894984,1.0409479500594898e-06,0.0022409246303141117,-0.0017578655388206244,7.819817255949602e-07,-0.0017671313835307956,0.0005905541474930942,-11.91299819946289,0.23648576438426971,0.0007725436589680612,0.23841367661952972,0.31014320254325867,0.0020481764804571867,0.2961793839931488,0.014096278697252274,-4.790430068969727,0.3418847918510437,0.001567560713738203,0.31209832429885864,0.02978646755218506,-2.0271806716918945,0.6327176690101624,0.010098586790263653,0.5587143898010254,0.07400327920913696,-1.1075903177261353,0.02140483260154724,0.00154367764480412,0.0,0.02140483260154724,-2.169454336166382,0.9190152883529663,1.0,0.08098471164703369,0.8409218192100525,1.0,0.1590781807899475,0.8890800476074219,0.11091995239257812,0.0,2.0,-16.75893211364746,1784745966.5728745,135.7111463546753,,114.91325207041857,13.634173833126304,0.0,,False,1.087939739227295
812,0.0016340553993359208,1.0285425560141448e-06,0.002213896019384265,-0.0018105569761246443,7.878798555793765e-07,-0.001809213194064796,0.0005798421916551888,-11.919322967529297,0.23563148081302643,0.0007744926260784268,0.23883198201656342,0.31740155816078186,0.001994089223444462,0.3003806173801422,0.017319226637482643,-4.7733025550842285,0.34813666343688965,0.001529358560219407,0.312357097864151,0.03577956557273865,-1.9039809703826904,0.6300989389419556,0.009858653880655766,0.5584222674369812,0.07167667150497437,-1.130204200744629,0.021436259150505066,0.0015150560066103935,0.0,0.021436259150505066,-2.1755638122558594,0.9152445197105408,1.0,0.08475548028945923,0.8395197987556458,1.0,0.16048020124435425,0.8877861499786377,0.1122138500213623,0.0,2.0,-16.68995475769043,1784745966.6672661,135.80553793907166,,116.36059423491463,14.11967777168184,0.0,,False,1.087939739227295
813,0.0016189556336030364,1.021270009005093e-06,0.002509854268282652,-0.0018622528295964003,7.977950531312672e-07,-0.002141726203262806,0.0009337053634226322,-11.642526626586914,0.23513789474964142,0.0007790083764120936,0.23912663757801056,0.32421594858169556,0.0019457602174952626,0.3012709617614746,0.023289106786251068,-4.716419696807861,0.3538922071456909,0.0014978607650846243,0.3117249011993408,0.0421673059463501,-1.739379644393921,0.627294659614563,0.009658305905759335,0.5640295743942261,0.06326508522033691,-1.19382643699646,0.021455533802509308,0.0014977873070165515,0.0,0.021455533802509308,-2.1792714595794678,0.9121468663215637,1.0,0.08785313367843628,0.8387427926063538,1.0,0.16125720739364624,0.8870673179626465,0.11293268203735352,0.0,2.0,-16.28535270690918,1784745966.761829,135.9001007080078,,118.21253845019194,14.608889357560983,0.0,,False,1.087939739227295
814,0.0015964111080393195,1.0201692930422723e-06,0.002537316409870982,-0.0019193997140973806,8.154485726663552e-07,-0.002254028106108308,0.0009986385703086853,-11.567098617553711,0.2349204123020172,0.000786622695159167,0.2394556999206543,0.331260085105896,0.0019020838662981987,0.30896279215812683,0.02275385893881321,-4.724641799926758,0.35982295870780945,0.0014705818612128496,0.3225012421607971,0.03732171654701233,-1.868518590927124,0.6253824234008789,0.009459041059017181,0.5660159587860107,0.059366464614868164,-1.2251569032669067,0.021043799817562103,0.0014841672964394093,0.0,0.021043799817562103,-2.188323497772217,0.9092011451721191,1.0,0.09079885482788086,0.8385887742042542,1.0,0.16141122579574585,0.886924684047699,0.11307531595230103,0.0,1.0,-16.281070709228516,1784745966.8670719,136.0053436756134,,120.06876466314992,15.107152981632876,0.0,,False,1.087939739227295
815,0.001561810146085918,1.0175301667914027e-06,0.0020406751427799463,-0.001975251128897071,8.383410090573307e-07,-0.0018867527833208442,0.00048697396414354444,-11.93975830078125,0.23484964668750763,0.0007969921571202576,0.23962707817554474,0.33985090255737305,0.0018492327071726322,0.3141689598560333,0.026122519746422768,-4.683295726776123,0.36693885922431946,0.0014352804282680154,0.32615727186203003,0.04078158736228943,-1.7748816013336182,0.6224794387817383,0.00928136333823204,0.5651102066040039,0.057369232177734375,-1.2436317205429077,0.019844725728034973,0.0014726807130500674,0.0,0.019844725728034973,-2.207690715789795,0.9060781002044678,1.0,0.09392189979553223,0.8401472568511963,1.0,0.1598527431488037,0.8883656859397888,0.11163431406021118,0.0,1.0,-16.573835372924805,1784745966.9522789,136.09055066108704,,121.63222621241161,15.624783823722346,0.0,,False,1.087939739227295
816,0.0015334211057052016,1.00527086033253e-06,0.0020870850421488285,-0.002006635768339038,8.506813173880801e-07,-0.0020112106576561928,0.0005536828539334238,-11.903383255004883,0.23501649498939514,0.0008025119313970208,0.2398771047592163,0.3479968309402466,0.0017888990696519613,0.3219263553619385,0.026519712060689926,-4.684393882751465,0.3735417425632477,0.001389749231748283,0.33447104692459106,0.039070695638656616,-1.8211708068847656,0.6185728311538696,0.009118461050093174,0.5678838491439819,0.050688982009887695,-1.2889001369476318,0.018674366176128387,0.0014630330260843039,0.0,0.018674366176128387,-2.2255020141601562,0.9033100605010986,1.0,0.09668993949890137,0.8414123058319092,1.0,0.15858769416809082,0.8895317316055298,0.11046826839447021,0.0,1.0,-16.56148338317871,1784745967.0477169,136.18598866462708,,123.20803975141939,16.160225964182178,0.0,,False,1.087939739227295
817,0.0015148089732974768,9.878988294076407e-07,0.001998618710786104,-0.002024255460128188,8.558409945180756e-07,-0.0019792462699115276,0.00048589883954264224,-11.941902160644531,0.23535805940628052,0.0008045815629884601,0.24008727073669434,0.35614222288131714,0.0017228808719664812,0.33084648847579956,0.02573401667177677,-4.706998348236084,0.3801231384277344,0.001335549633949995,0.34063321352005005,0.039489924907684326,-1.8064429759979248,0.6135939359664917,0.008957425132393837,0.5680352449417114,0.04555869102478027,-1.3228387832641602,0.01761968433856964,0.0014551428612321615,0.0,0.01761968433856964,-2.240712881088257,0.9010974168777466,1.0,0.09890258312225342,0.8422827124595642,1.0,0.1577172875404358,0.8903322219848633,0.10966777801513672,0.0,1.0,-16.610721588134766,1784745967.1437547,136.28202652931213,,124.73461508547112,16.71087897157011,0.0,,False,1.087939739227295
818,0.0015054610557854176,9.681929213911644e-07,0.0019809177611023188,-0.002031272044405341,8.562315656490682e-07,-0.002015060279518366,0.000475732987979427,-11.954505920410156,0.23596680164337158,0.0008044197456911206,0.2403571754693985,0.36430904269218445,0.0016537078190594912,0.341986745595932,0.022749952971935272,-4.764547348022461,0.38673579692840576,0.0012761889956891537,0.34681087732315063,0.03992491960525513,-1.788484811782837,0.606918454170227,0.008801545947790146,0.5627148151397705,0.04420363903045654,-1.3364745378494263,0.016665130853652954,0.001449395902454853,0.0,0.016665130853652954,-2.2535579204559326,0.8991947770118713,1.0,0.10080522298812866,0.8431482911109924,1.0,0.15685170888900757,0.891126811504364,0.10887318849563599,0.0,1.0,-16.66038703918457,1784745967.248209,136.38648080825806,,126.21152496847304,17.27437701832572,0.0,,False,1.087939739227295
819,0.0015017999103292823,9.491016044194112e-07,0.0017457912908867002,-0.0020312906708568335,8.56050746733672e-07,-0.0018282365053892136,0.00031743154977448285,-12.026021957397461,0.23692122101783752,0.0008033683989197016,0.2404729276895523,0.3727012872695923,0.0015832718927413225,0.345799058675766,0.02713567018508911,-4.713196277618408,0.3934931755065918,0.0012149439426138997,0.3467124402523041,0.04678073525428772,-1.5369571447372437,0.5979602336883545,0.008655187673866749,0.5673975944519043,0.030562639236450195,-1.4018993377685547,0.015716612339019775,0.001447241404093802,0.0,0.015716612339019775,-2.264770746231079,0.8971938490867615,1.0,0.10280615091323853,0.8441349267959595,1.0,0.15586507320404053,0.8920305371284485,0.10796946287155151,0.0,1.0,-16.5650577545166,1784745967.342538,136.4808099269867,,127.78376413614293,17.849087890856474,0.0,,False,1.087939739227295
820,0.0015018752310425043,9.323493941337802e-07,0.001899802708067,-0.0020344590302556753,8.546005005882762e-07,-0.002037635538727045,0.00039794016629457474,-12.006294250488281,0.23780310153961182,0.0008006237912923098,0.24054856598377228,0.37991589307785034,0.0015211545396596193,0.34848231077194214,0.031553253531455994,-4.641841888427734,0.3993709683418274,0.0011596983531489968,0.35271742939949036,0.046653538942337036,-1.5224459171295166,0.5910522937774658,0.008479413576424122,0.5698966383934021,0.02115565538406372,-1.4397274255752563,0.014838747680187225,0.0014431523159146309,0.0,0.014838747680187225,-2.2752370834350586,0.8959072232246399,1.0,0.10409277677536011,0.845234215259552,1.0,0.154765784740448,0.8930351734161377,0.1069648265838623,0.0,1.0,-16.48099136352539,1784745967.4371333,136.5754051208496,,129.44006969480404,18.434265100591208,0.0,,False,1.087939739227295
821,0.0015047021443024278,9.160470995084324e-07,0.001926134224049747,-0.0020367091055959463,8.507902862220362e-07,-0.0021423182915896177,0.00043446323252283037,-11.99877643585205,0.2386501133441925,0.0007972205057740211,0.2406623363494873,0.38650527596473694,0.0014636263949796557,0.3547683656215668,0.031800638884305954,-4.64610481262207,0.4047241508960724,0.0011083025019615889,0.3575811982154846,0.04714295268058777,-1.4808838367462158,0.5850825309753418,0.008326558396220207,0.5709971189498901,0.01408541202545166,-1.4633004665374756,0.014243699610233307,0.001440304797142744,0.0,0.014243699610233307,-2.282081365585327,0.8949456810951233,1.0,0.10505431890487671,0.8460895419120789,1.0,0.15391045808792114,0.8938151597976685,0.10618484020233154,0.0,1.0,-16.45610237121582,1784745967.5533073,136.69157910346985,,131.1212642457747,19.02628659247621,0.0,,False,1.087939739227295
822,0.0015061957528814673,9.003920808936527e-07,0.0018909805221483111,-0.0020346317905932665,8.462625942229351e-07,-0.0021662195213139057,0.0004066628171131015,-12.021108627319336,0.2394031137228012,0.0007930572610348463,0.2407912164926529,0.39246898889541626,0.001411341829225421,0.36243531107902527,0.030065739527344704,-4.692760944366455,0.4095514714717865,0.0010613816557452083,0.36024209856987,0.049309372901916504,-1.3597526550292969,0.5806994438171387,0.008185382932424545,0.5720437169075012,0.008655726909637451,-1.4791874885559082,0.013610996305942535,0.0014365660026669502,0.0,0.013610996305942535,-2.2893314361572266,0.8942323923110962,1.0,0.10576760768890381,0.8466978073120117,1.0,0.15330219268798828,0.8943690061569214,0.10563099384307861,0.0,1.0,-16.45519256591797,1784745967.65775,136.7960216999054,,132.80336860204324,19.625558154933113,0.0,,False,1.087939739227295
823,0.0015054807299748063,8.843761634125258e-07,0.0022019725292921066,-0.002028947463259101,8.406803431171284e-07,-0.0025733199436217546,0.0008839922375045717,-11.675329208374023,0.2400216907262802,0.000788068980909884,0.24088184535503387,0.39819201827049255,0.0013605696149170399,0.3676769435405731,0.03052719496190548,-4.692343235015869,0.4141930341720581,0.0010162407997995615,0.36634647846221924,0.04784655570983887,-1.4005305767059326,0.5779608488082886,0.008046871051192284,0.5821535587310791,0.004192709922790527,-1.4912052154541016,0.012863188982009888,0.0014313152059912682,0.0,0.012863188982009888,-2.297841787338257,0.8940756916999817,1.0,0.10592430830001831,0.8477137088775635,1.0,0.15228629112243652,0.8952921628952026,0.10470783710479736,0.0,1.0,-16.12946891784668,1784745967.7532406,136.89151239395142,,134.81119660638305,20.233340068571046,0.0,,False,1.087939739227295
824,0.001505714957602322,8.678053404764796e-07,0.0019046171801164746,-0.002023047534748912,8.337059398400015e-07,-0.0023156951647251844,0.0004947379347868264,-11.996419906616211,0.24046584963798523,0.0007825684151612222,0.24100404977798462,0.4038941562175751,0.0013086394174024463,0.3759929835796356,0.02790636196732521,-4.760349273681641,0.41888123750686646,0.0009703152463771403,0.3739665746688843,0.04491466283798218,-1.510485053062439,0.5776470899581909,0.007900427095592022,0.5771055221557617,0.0005415678024291992,-1.5014621019363403,0.012185461819171906,0.001422839006409049,0.0,0.012185461819171906,-2.3064327239990234,0.8944712281227112,1.0,0.10552877187728882,0.8485993146896362,1.0,0.15140068531036377,0.8960952162742615,0.10390478372573853,0.0,1.0,-16.5599422454834,1784745967.8581688,136.9964406490326,,136.38855128308614,20.849712918869745,0.0,,False,1.087939739227295
825,0.0015037872362881899,8.500353487761458e-07,0.0017921582330018282,-0.0020114805083721876,8.253689429693623e-07,-0.0022433712147176266,0.00037004207842983305,-12.073345184326172,0.2409977912902832,0.0007758301217108965,0.2411206215620041,0.4094778895378113,0.0012593510327860713,0.3822452127933502,0.027232954278588295,-4.787036418914795,0.42339709401130676,0.0009277828503400087,0.37905317544937134,0.044343918561935425,-1.5126961469650269,0.5766077637672424,0.007785237859934568,0.5714144706726074,0.00519329309463501,-1.5070923566818237,0.011420324444770813,0.0014152794610708952,0.0,0.011420324444770813,-2.3151986598968506,0.8944605588912964,1.0,0.10553944110870361,0.8494533896446228,1.0,0.1505466103553772,0.8968681693077087,0.10313183069229126,0.0,1.0,-16.65932273864746,1784745967.9532757,137.09154748916626,,137.86652546662518,21.47485170506627,0.0,,False,1.087939739227295
826,0.0015009937342256308,8.346727327079861e-07,0.002063486259430647,-0.0020048662554472685,8.183627073776734e-07,-0.002641893457621336,0.0008498243987560272,-11.730745315551758,0.241443932056427,0.0007687074248678982,0.2412463277578354,0.4147580862045288,0.0012155288131907582,0.39191874861717224,0.022840192541480064,-4.889213562011719,0.4276423454284668,0.0008904702262952924,0.38658782839775085,0.04105451703071594,-1.6465466022491455,0.5758368968963623,0.007673480547964573,0.5608435869216919,0.01499330997467041,-1.501406192779541,0.010530419647693634,0.0014077250380069017,0.0,0.010530419647693634,-2.3245656490325928,0.8945837020874023,1.0,0.10541629791259766,0.8506839275360107,1.0,0.14931607246398926,0.8979791402816772,0.10202085971832275,0.0,1.0,-16.465389251708984,1784745968.0578911,137.19616293907166,,139.5384331371027,22.10935748039854,0.0,,False,1.087939739227295
827,0.0014971328200772405,8.190684752662492e-07,0.0014239652082324028,-0.002002576133236289,8.104757398541551e-07,-0.001862240256741643,0.00015826451999600977,-12.167076110839844,0.24174894392490387,0.0007596611394546926,0.24125520884990692,0.42020919919013977,0.0011742624919861555,0.39657580852508545,0.023638546466827393,-4.88901424407959,0.4318453073501587,0.0008570574573241174,0.38771218061447144,0.044133126735687256,-1.4757736921310425,0.5742206573486328,0.007566484156996012,0.48713305592536926,0.08708760142326355,-1.0219008922576904,0.009617000818252563,0.0014019208028912544,0.0,0.009617000818252563,-2.33303165435791,0.8941640257835388,1.0,0.10583597421646118,0.8513584733009338,1.0,0.14864152669906616,0.8985868096351624,0.10141319036483765,0.0,1.0,-16.816173553466797,1784745968.1732512,137.31152296066284,,140.85955650582238,22.752329261056126,0.0,,False,1.087939739227295
828,0.0014945758739486337,8.021003736757848e-07,0.001708121970295906,-0.0019749149214476347,8.021464736884809e-07,-0.0022858669981360435,0.00037721762782894075,-12.109428405761719,0.24248522520065308,0.0007526167901232839,0.24097907543182373,0.4247819781303406,0.0011405551340430975,0.4011705815792084,0.02365938574075699,-4.900315284729004,0.4352024495601654,0.0008331367862410843,0.4028039276599884,0.032398521900177,-1.9962706565856934,0.562485933303833,0.007563631050288677,0.5623899102210999,9.60230827331543e-05,-1.5232627391815186,0.008964277803897858,0.0014106036396697164,0.0,0.008964277803897858,-2.334446668624878,0.8917522430419922,1.0,0.10824775695800781,0.852720320224762,1.0,0.14727967977523804,0.8998106718063354,0.10018932819366455,0.0,1.0,-17.027814865112305,1784745968.2676454,137.40591716766357,,141.96903856289657,23.39671605598068,0.0,,False,1.087939739227295
829,0.0014934681821614504,7.812068929524685e-07,0.0017354845767840743,-0.001960424007847905,7.879273766775441e-07,-0.0023596675600856543,0.00046686973655596375,-12.081628799438477,0.24172478914260864,0.0007396143046207726,0.24069315195083618,0.4302133321762085,0.0010917006293311715,0.4185444414615631,0.011714404448866844,-5.113740921020508,0.43948766589164734,0.0007945123943500221,0.4088578224182129,0.030629843473434448,-2.059535503387451,0.5681262016296387,0.007347120437771082,0.5631040930747986,0.005022108554840088,-1.5360685586929321,0.008137010037899017,0.001393125974573195,0.0,0.008137010037899017,-2.34540057182312,0.8929523825645447,1.0,0.10704761743545532,0.8515783548355103,1.0,0.14842164516448975,0.8987846374511719,0.10121536254882812,0.0,1.0,-17.202390670776367,1784745968.3638785,137.50215029716492,,142.9039448143067,24.052056754103475,0.0,,False,1.087939739227295
830,0.0014925816794857383,7.430553523590788e-07,0.0016296638641506433,-0.001931903650984168,7.562150585727068e-07,-0.0022664808202534914,0.00036157076829113066,-12.179181098937988,0.24071180820465088,0.000719045870937407,0.24051912128925323,0.436749130487442,0.0010284194722771645,0.42462873458862305,0.012121926993131638,-5.149333953857422,0.44445255398750305,0.0007474655285477638,0.4098253846168518,0.034627169370651245,-1.878401756286621,0.5712183713912964,0.0071764118038117886,0.5659856796264648,0.005232691764831543,-1.5476317405700684,0.008016377687454224,0.0013767820782959461,0.0,0.008016377687454224,-2.35172700881958,0.893089771270752,1.0,0.10691022872924805,0.8491801023483276,1.0,0.15081989765167236,0.89662104845047,0.10337895154953003,0.0,1.0,-17.237850189208984,1784745968.469797,137.6080687046051,,143.8033915472842,24.71372388922273,0.0,,False,1.087939739227295
831,0.0014854250475764275,7.106673933776619e-07,0.0016729955095797777,-0.001919624162837863,7.278546263478347e-07,-0.0023769030813127756,0.0004942536470480263,-12.138838768005371,0.23950685560703278,0.0006991095142439008,0.24017149209976196,0.4426395893096924,0.0009725166601128876,0.4319422245025635,0.010717992670834064,-5.203636169433594,0.4490432143211365,0.0007057455950416625,0.41889283061027527,0.030150383710861206,-2.065157413482666,0.5736081600189209,0.007013310678303242,0.565102219581604,0.008505940437316895,-1.5558760166168213,0.008017197251319885,0.0013619156088680029,0.0,0.008017197251319885,-2.356895685195923,0.8941197395324707,1.0,0.1058802604675293,0.8487053513526917,1.0,0.15129464864730835,0.8961912393569946,0.10380876064300537,0.0,1.0,-17.334327697753906,1784745968.5546947,137.69296646118164,,144.6063607717168,25.38055970071833,0.0,,False,1.087939739227295
832,0.0014780177734792233,6.771904281777097e-07,0.0016381912864744663,-0.00190520822070539,6.981310320952616e-07,-0.0023540735710412264,0.00047658750554546714,-12.188966751098633,0.23831292986869812,0.0006773910135962069,0.2399197667837143,0.44859448075294495,0.0009174812003038824,0.437809556722641,0.010903967544436455,-5.242399215698242,0.45349663496017456,0.0006658885977230966,0.42257335782051086,0.030923277139663696,-2.020230770111084,0.5742412805557251,0.006867016665637493,0.5641407370567322,0.01010054349899292,-1.5641460418701172,0.007865071296691895,0.0013495045714080334,0.0,0.007865071296691895,-2.3621511459350586,0.8941143751144409,1.0,0.10588562488555908,0.847281277179718,1.0,0.15271872282028198,0.8948994278907776,0.10510057210922241,0.0,1.0,-17.393001556396484,1784745968.6587222,137.79699397087097,,145.3506561375068,26.052650972953064,0.0,,False,1.087939739227295
833,0.0014673784608021379,6.485248604803928e-07,0.001618900103494525,-0.0018973283004015684,6.720159149153915e-07,-0.002378875622525811,0.0005048234015703201,-12.202665328979492,0.23713567852973938,0.0006581378984265029,0.23960228264331818,0.4540320634841919,0.0008681088802404702,0.4495971202850342,0.005074727348983288,-5.333817005157471,0.4576178789138794,0.0006303379195742309,0.43410977721214294,0.02350810170173645,-2.3273282051086426,0.5741684436798096,0.0067510525695979595,0.5561476945877075,0.01802074909210205,-1.5560382604599,0.00781918317079544,0.0013386530335992575,0.0,0.00781918317079544,-2.3662710189819336,0.8940293788909912,1.0,0.10597062110900879,0.8459301590919495,1.0,0.15406984090805054,0.8936699628829956,0.1063300371170044,0.0,1.0,-17.63338279724121,1784745968.7539806,137.89225244522095,,145.85457026245209,26.728862118234673,0.0,,False,1.087939739227295
834,0.0014532251516357064,6.163470516185043e-07,0.0014126116875559092,-0.0018800541292876005,6.41504300347151e-07,-0.002106376923620701,0.00022993794118519872,-12.400314331054688,0.23634055256843567,0.0006376337842084467,0.2393375188112259,0.4594481587409973,0.000820164626929909,0.45587602257728577,0.004662828054279089,-5.379177093505859,0.46153998374938965,0.0005965454038232565,0.4354040324687958,0.026135951280593872,-2.220702648162842,0.5726521015167236,0.006663044914603233,0.5540249347686768,0.018627166748046875,-1.560613751411438,0.007431752979755402,0.001329889870248735,0.0,0.007431752979755402,-2.3716259002685547,0.8931493759155273,1.0,0.10685062408447266,0.8433982729911804,1.0,0.15660172700881958,0.8913559317588806,0.10864406824111938,0.0,0.0,-17.814006805419922,1784745968.8585749,137.9968466758728,,146.17786037921866,27.410428144802903,0.0,,False,1.087939739227295
835,0.001497921533882618,6.418126758944709e-07,0.001563408994115889,-0.0019105130340903997,6.416663040909043e-07,-0.0023428862914443016,0.00043730452307499945,-12.272192001342773,0.22594000399112701,0.0006606447859667242,0.2388068586587906,0.46159306168556213,0.0008285937365144491,0.4629300832748413,0.012936134822666645,-5.244782447814941,0.4628458619117737,0.0005907446029596031,0.4431200325489044,0.019725829362869263,-2.468787670135498,0.5808258056640625,0.006703056860715151,0.5509108304977417,0.0299149751663208,-1.5169038772583008,0.013626933097839355,0.0013520546490326524,0.0,0.013626933097839355,-2.315455913543701,0.9109376668930054,1.0,0.08906233310699463,0.8602338433265686,1.0,0.1397661566734314,0.9064925909042358,0.09350740909576416,0.0,0.0,-17.702411651611328,1784745968.9544802,138.09275197982788,,146.61274564979382,28.03582418464628,0.0,,False,1.087939739227295
836,0.001485353335738182,6.446516067626362e-07,0.001537665375508368,-0.0019718760158866644,6.399849326044205e-07,-0.0023616538383066654,0.0003932725521735847,-12.299492835998535,0.22427085041999817,0.0006652746815234423,0.23838527500629425,0.4656439423561096,0.0007723585586063564,0.4682784080505371,0.014358182437717915,-5.248590469360352,0.4649716019630432,0.0005435491912066936,0.4444161057472229,0.020555496215820312,-2.4510810375213623,0.5807226896286011,0.006581167224794626,0.5538957118988037,0.026826977729797363,-1.538155436515808,0.014233797788619995,0.001353924977593124,0.0,0.014233797788619995,-2.3086154460906982,0.919611930847168,1.0,0.08038806915283203,0.869273841381073,1.0,0.130726158618927,0.9143694043159485,0.08563059568405151,0.0,0.0,-17.723905563354492,1784745969.0522938,138.1905655860901,,147.02613700862582,28.654379757036654,0.0,,False,1.087939739227295
837,0.001477288082242012,6.297324262050097e-07,0.0015156619483605027,-0.002017607679590583,6.258328539843205e-07,-0.0023529776372015476,0.0003375582455191761,-12.352171897888184,0.22553929686546326,0.0006570144323632121,0.23796343803405762,0.47196072340011597,0.0007045314996503294,0.4721398949623108,0.012425432913005352,-5.337520599365234,0.46904608607292175,0.00048698828322812915,0.44928526878356934,0.019760817289352417,-2.4937734603881836,0.5832034349441528,0.00639944477006793,0.49262458086013794,0.09057885408401489,-0.9657991528511047,0.013618960976600647,0.0013461981434375048,0.0,0.013618960976600647,-2.3174078464508057,0.9229543209075928,1.0,0.07704567909240723,0.8715870380401611,1.0,0.12841296195983887,0.9163556098937988,0.08364439010620117,0.0,0.0,-17.869075775146484,1784745969.1588535,138.29712533950806,,147.29435815566583,29.281727729787136,0.0,,False,1.087939739227295
838,0.001470797462388873,6.15431190453819e-07,0.0017904401756823063,-0.002053820760920644,6.101092822063947e-07,-0.0028064576908946037,0.0008177002891898155,-11.920169830322266,0.22774498164653778,0.0006493325927294791,0.23756389319896698,0.4772135317325592,0.0006477583665400743,0.4730415642261505,0.01066847424954176,-5.415228366851807,0.4723411500453949,0.00044202085700817406,0.44928526878356934,0.02305588126182556,-2.341838836669922,0.575310468673706,0.006363407708704472,0.5651932954788208,0.010117173194885254,-1.6016144752502441,0.013439178466796875,0.001354132778942585,0.0,0.013439178466796875,-2.316669464111328,0.9230257272720337,1.0,0.07697427272796631,0.8718475103378296,1.0,0.1281524896621704,0.916578471660614,0.08342152833938599,0.0,0.0,-17.42327308654785,1784745969.2537367,138.39200854301453,,148.00838199130447,29.90833732019814,0.0,,False,1.087939739227295
839,0.0014720206381753087,5.952581432211446e-07,0.0013022767379879951,-0.002089720917865634,5.927402071392862e-07,-0.0020507986191660166,0.0001741491723805666,-12.47303295135498,0.23017871379852295,0.0006367790629155934,0.23703376948833466,0.48361313343048096,0.0005910234176553786,0.4724116921424866,0.013132558204233646,-5.41544771194458,0.4768829643726349,0.0003941522736568004,0.44177383184432983,0.035109132528305054,-1.4367743730545044,0.583227276802063,0.0061145806685090065,0.5695217251777649,0.013705551624298096,-1.6142408847808838,0.012478440999984741,0.0013280912535265088,0.0,0.012478440999984741,-2.3344454765319824,0.9240221977233887,1.0,0.07597780227661133,0.8700512647628784,1.0,0.12994873523712158,0.9150382876396179,0.08496171236038208,0.0,0.0,-17.523778915405273,1784745969.3587086,138.49698042869568,,148.6218999980857,30.552722923029798,0.0,,False,1.087939739227295
840,0.0014613184612244368,5.684476604983502e-07,0.001470159157179296,-0.002119797980412841,5.691862838830275e-07,-0.0023079642560333014,0.00018837384413927794,-12.510658264160156,0.23309162259101868,0.000625471817329526,0.23666055500507355,0.4889723062515259,0.0005375174223445356,0.4707728624343872,0.018546078354120255,-5.296616077423096,0.4806552827358246,0.0003506422508507967,0.44635915756225586,0.034296125173568726,-1.3816912174224854,0.5885718464851379,0.005960766226053238,0.5738070011138916,0.014764845371246338,-1.6240532398223877,0.01228824257850647,0.0013034201692789793,0.0,0.01228824257850647,-2.3445184230804443,0.9246646761894226,1.0,0.07533532381057739,0.8686172962188721,1.0,0.13138270378112793,0.9138034582138062,0.08619654178619385,0.0,0.0,-17.438796997070312,1784745969.4555454,138.5938172340393,,149.32039992320188,31.207181472409918,0.0,,False,1.087939739227295
841,0.001450362498871982,5.486326131176611e-07,0.0015130591345950961,-0.002149543957784772,5.51800042103423e-07,-0.0024420940317213535,0.0002991929359268397,-12.493947982788086,0.23554228246212006,0.0006190087296999991,0.23636716604232788,0.4930158853530884,0.0004950653528794646,0.4751827120780945,0.017852241173386574,-5.339487075805664,0.4834338426589966,0.00031756283715367317,0.45355546474456787,0.02987837791442871,-1.702902913093567,0.5908383131027222,0.00587865523993969,0.570584237575531,0.020254075527191162,-1.6143839359283447,0.012313753366470337,0.001285976031795144,0.0,0.012313753366470337,-2.3502254486083984,0.9253647327423096,1.0,0.07463526725769043,0.8674353957176208,1.0,0.13256460428237915,0.9127823114395142,0.08721768856048584,0.0,0.0,-17.616989135742188,1784745969.5511162,138.6893880367279,,149.84070770964618,31.867347047317992,0.0,,False,1.087939739227295
842,0.001439104089513421,5.309714765644458e-07,0.0017310881521552801,-0.002164489356800914,5.36650759386248e-07,-0.002820098539814353,0.0007176893996074796,-12.124610900878906,0.2378300279378891,0.0006136283627711236,0.23588891327381134,0.4968806505203247,0.00045947471517138183,0.4862292408943176,0.010826840065419674,-5.576367378234863,0.48604485392570496,0.000291171163553372,0.46286147832870483,0.023183375597000122,-2.2289180755615234,0.5911821126937866,0.00584179675206542,0.5665873289108276,0.024594783782958984,-1.6006461381912231,0.012104988098144531,0.0012748482404276729,0.0,0.012104988098144531,-2.356055736541748,0.9251354932785034,1.0,0.07486450672149658,0.8649664521217346,1.0,0.13503354787826538,0.9106388092041016,0.08936119079589844,0.0,0.0,-17.700164794921875,1784745969.656067,138.79433870315552,,150.2778398369108,32.53334291015942,0.0,,False,1.087939739227295
843,0.0014295553555712104,5.142691748005745e-07,0.0014453964540734887,-0.0021639245096594095,5.213502731749031e-07,-0.0023779203183948994,0.00021458131959661841,-12.59164047241211,0.23962154984474182,0.0006082633044570684,0.23564647138118744,0.5007015466690063,0.00042955996468663216,0.48889222741127014,0.012460388243198395,-5.56563138961792,0.48865601420402527,0.0002705043589230627,0.46431764960289,0.024338364601135254,-2.0937623977661133,0.5890263319015503,0.005849901121109724,0.5629199743270874,0.02610635757446289,-1.5934743881225586,0.01164063811302185,0.0012715306365862489,0.0,0.01164063811302185,-2.361544370651245,0.9244268536567688,1.0,0.0755731463432312,0.8612685203552246,1.0,0.1387314796447754,0.9074032306671143,0.09259676933288574,0.0,0.0,-18.091026306152344,1784745969.7512505,138.88952231407166,,150.32411045294495,33.20482740711034,0.0,,False,1.087939739227295
844,0.001421610009856522,5.015647275286028e-07,0.0014406245900318027,-0.002176502486690879,5.08967787027359e-07,-0.002399421064183116,0.00022372805688064545,-12.611152648925781,0.24150969088077545,0.0006038553547114134,0.235197976231575,0.5037878155708313,0.00040603367961011827,0.49221891164779663,0.013178667984902859,-5.574948310852051,0.49075889587402344,0.00025373909738846123,0.4688030779361725,0.021955817937850952,-2.270754814147949,0.5859851837158203,0.0058577717281877995,0.5707617998123169,0.015223383903503418,-1.6312729120254517,0.010955743491649628,0.0012670879950746894,0.0,0.010955743491649628,-2.3692145347595215,0.923075795173645,1.0,0.07692420482635498,0.8585065007209778,1.0,0.14149349927902222,0.9049671292304993,0.09503287076950073,0.0,0.0,-18.20648956298828,1784745969.8565578,138.9948296546936,,150.25491781214316,33.88398206816954,0.0,,False,1.087939739227295
845,0.0014129369519650936,4.881578661297681e-07,0.001235842239111662,-0.0021897584665566683,4.959393322678807e-07,-0.002065103268250823,0.00021656743774656206,-12.639053344726562,0.2433444708585739,0.0005987058975733817,0.23488260805606842,0.5067124366760254,0.0003834610106423497,0.4945472180843353,0.014818760566413403,-5.552861213684082,0.49270302057266235,0.00023805272940080613,0.47067201137542725,0.022031009197235107,-2.233121395111084,0.5841507911682129,0.005853025242686272,0.5786750912666321,0.0054756999015808105,-1.6488984823226929,0.010178066790103912,0.0012600977206602693,0.0,0.010178066790103912,-2.378239154815674,0.9217193126678467,1.0,0.07828068733215332,0.8553956151008606,1.0,0.1446043848991394,0.9022037386894226,0.09779626131057739,0.0,0.0,-18.19790267944336,1784745969.953098,139.09136986732483,,150.1943120548863,34.57216134928488,0.0,,False,1.087939739227295
846,0.0014219966251403093,4.5856231167817896e-07,0.001403806614689529,-0.0022143300157040358,4.6547103238481213e-07,-0.002355035860091448,0.00014187674969434738,-12.728187561035156,0.24683697521686554,0.0005893502966500819,0.23442046344280243,0.5081196427345276,0.00033120610169135034,0.49929800629615784,0.01523125171661377,-5.638474464416504,0.49271160364151,0.00020322014461271465,0.47287628054618835,0.019835323095321655,-2.3636574745178223,0.5740891695022583,0.005736998748034239,0.5833110809326172,0.009221911430358887,-1.6540591716766357,0.009272098541259766,0.0012497998541221023,0.0,0.009272098541259766,-2.3890533447265625,0.91990065574646,1.0,0.08009934425354004,0.8538599610328674,1.0,0.14614003896713257,0.900831937789917,0.09916806221008301,0.0,0.0,-18.42079734802246,1784745970.0598443,139.19811606407166,,149.91081162905033,35.27115482031112,0.0,,False,1.087939739227295
847,0.0014442440588027239,4.333319907345867e-07,0.0014277739683166146,-0.002197525231167674,4.327409612869815e-07,-0.0024059053976088762,0.0002090300404233858,-12.764082908630371,0.24972078204154968,0.0005839124787598848,0.23431770503520966,0.5085477232933044,0.00027242652140557766,0.5007061958312988,0.017284221947193146,-5.67305850982666,0.49166083335876465,0.00016773132665548474,0.47666794061660767,0.014992892742156982,-2.757554531097412,0.5563507080078125,0.005699318367987871,0.5867295265197754,0.03037881851196289,-1.583802580833435,0.009576357901096344,0.0012690657749772072,0.0,0.009576357901096344,-2.379667043685913,0.9210351705551147,1.0,0.07896482944488525,0.854084849357605,1.0,0.14591515064239502,0.9010331630706787,0.09896683692932129,0.0,0.0,-18.681306838989258,1784745970.1544151,139.2926869392395,,149.36680171224756,35.9607619902967,0.0,,False,1.087939739227295
848,0.0014506408479064703,4.246960827458679e-07,0.00129652617033571,-0.0021580581087619066,4.1305497688881587e-07,-0.00216498039662838,0.00015427006292156875,-12.819890975952148,0.25041720271110535,0.0005828412249684334,0.23426222801208496,0.5090507864952087,0.0002416439529042691,0.502782940864563,0.017328275367617607,-5.744765281677246,0.4914371967315674,0.00015150129911489785,0.4780789911746979,0.013358205556869507,-2.889608144760132,0.5430371761322021,0.00577896274626255,0.5886576771736145,0.045620501041412354,-1.477757453918457,0.012005724012851715,0.0013076711911708117,0.0,0.012005724012851715,-2.345702648162842,0.9252736568450928,1.0,0.07472634315490723,0.8556532263755798,1.0,0.14434677362442017,0.9024333357810974,0.09756666421890259,0.0,0.0,-18.860506057739258,1784745970.2590768,139.39734864234924,,148.6435925766948,36.61640476475922,0.0,,False,1.087939739227295
849,0.0014467432629317045,4.207905988096172e-07,0.0013685463927686214,-0.002126162638887763,4.021698032374843e-07,-0.0023067344445735216,0.00019677633827086538,-12.81808090209961,0.25120097398757935,0.0005851159221492708,0.2344762682914734,0.5099387168884277,0.00022421283938456327,0.5090043544769287,0.01675078459084034,-5.844457626342773,0.49188458919525146,0.00014222601021174341,0.4811318516731262,0.010752737522125244,-3.103637456893921,0.5339887738227844,0.005862455349415541,0.5991600751876831,0.06517130136489868,-1.2884092330932617,0.013431757688522339,0.0013349087676033378,0.0,0.013431757688522339,-2.3229329586029053,0.9280884265899658,1.0,0.07191157341003418,0.8557379841804504,1.0,0.14426201581954956,0.9025087952613831,0.09749120473861694,0.0,0.0,-19.04546546936035,1784745970.35368,139.49195170402527,,147.73542402952094,37.249277849661794,0.0,,False,1.087939739227295
850,0.0014401936205103993,4.186742899037199e-07,0.0013624742859974504,-0.0020949996542185545,3.959719947488338e-07,-0.002326255664229393,0.0002439664676785469,-12.801427841186523,0.251692533493042,0.0005884334677830338,0.23481987416744232,0.511449933052063,0.00021265239047352225,0.5098749995231628,0.01694600284099579,-5.861337661743164,0.49297022819519043,0.00013580801896750927,0.4836146831512451,0.009355545043945312,-3.2109529972076416,0.5296746492385864,0.005921103060245514,0.5960270166397095,0.06635236740112305,-1.2739026546478271,0.014029532670974731,0.0013478033943101764,0.0,0.014029532670974731,-2.31268310546875,0.9301404356956482,1.0,0.0698595643043518,0.854550838470459,1.0,0.14544916152954102,0.9014497399330139,0.09855026006698608,0.0,0.0,-19.09597396850586,1784745970.4591613,139.59743309020996,,146.77674698320158,37.87190108143022,0.0,,False,1.087939739227295
851,0.0014343634247779846,4.185577893167647e-07,0.0014482185943052173,-0.0020766088273376226,3.9327304079961323e-07,-0.0024559462908655405,0.00037959040491841733,-12.696552276611328,0.25256362557411194,0.0005930386832915246,0.2354210466146469,0.5129126310348511,0.00020438790670596063,0.5112667679786682,0.01722140796482563,-5.870602607727051,0.49400410056114197,0.0001307757484028116,0.48529043793678284,0.00871366262435913,-3.2617762088775635,0.5254679918289185,0.00597551790997386,0.5907522439956665,0.06528425216674805,-1.2844792604446411,0.014245867729187012,0.0013570337323471904,0.0,0.014245867729187012,-2.3075132369995117,0.9310692548751831,1.0,0.0689307451248169,0.8534026145935059,1.0,0.14659738540649414,0.9004223942756653,0.09957760572433472,0.0,0.0,-19.023921966552734,1784745970.5452027,139.68347454071045,,145.89012193883534,38.4893544447294,0.0,,False,1.087939739227295
852,0.0014278263552114367,4.2081762785528554e-07,0.0014265163335949183,-0.0020587944891303778,3.937045960356045e-07,-0.0024520792067050934,0.00039328690036199987,-12.6800537109375,0.2535044252872467,0.0005995281389914453,0.23610596358776093,0.5143147706985474,0.00019860565953422338,0.5161404609680176,0.01749398745596409,-5.873055934906006,0.49499794840812683,0.0001272614172194153,0.48758435249328613,0.007413595914840698,-3.3497557640075684,0.5204179286956787,0.006037545390427113,0.5729143619537354,0.05249643325805664,-1.4077123403549194,0.014376997947692871,0.0013697098474949598,0.0,0.014376997947692871,-2.3021864891052246,0.9318176507949829,1.0,0.06818234920501709,0.8528465628623962,1.0,0.14715343713760376,0.8999238610267639,0.10007613897323608,0.0,0.0,-19.053375244140625,1784745970.6510317,139.78930354118347,,144.9740436168812,39.1014810601343,0.0,,False,1.087939739227295
853,0.0014185243053361773,4.247538356594305e-07,0.0014025230193510652,-0.0020359770860522985,3.9708413623884553e-07,-0.002403767080977559,0.00036813790211454034,-12.696929931640625,0.2545793056488037,0.0006072281976230443,0.23674531280994415,0.5158112645149231,0.00019388043438084424,0.5179712772369385,0.017964323982596397,-5.865640163421631,0.4960407018661499,0.00012471013178583235,0.48928290605545044,0.006757795810699463,-3.3927247524261475,0.5118822455406189,0.0060981945134699345,0.597622275352478,0.08574002981185913,-1.0281944274902344,0.014208979904651642,0.0013922560028731823,0.0,0.014208979904651642,-2.2969698905944824,0.9312493205070496,1.0,0.06875067949295044,0.8513903617858887,1.0,0.14860963821411133,0.8986154198646545,0.10138458013534546,0.0,0.0,-19.085803985595703,1784745970.734315,139.87258672714233,,144.025536553472,39.70839107702845,0.0,,False,1.087939739227295
854,0.0014195943949744105,4.278354310827126e-07,0.0013833314878866076,-0.0020076006185263395,3.994055930434115e-07,-0.0023928293958306313,0.0003869317879434675,-12.673715591430664,0.25558575987815857,0.0006139050819911063,0.23716853559017181,0.5176188945770264,0.0001912162551889196,0.518724799156189,0.01845039799809456,-5.861553192138672,0.49739035964012146,0.00012251311272848397,0.49143490195274353,0.00595545768737793,-3.439958095550537,0.5125473737716675,0.006117584183812141,0.5745794773101807,0.062032103538513184,-1.3148537874221802,0.014286793768405914,0.0013965482357889414,0.0,0.014286793768405914,-2.2948596477508545,0.9319587349891663,1.0,0.06804126501083374,0.8501334190368652,1.0,0.14986658096313477,0.8974824547767639,0.10251754522323608,0.0,0.0,-19.082937240600586,1784745970.85976,139.99803185462952,,143.0798962350579,40.31319085107898,0.0,,False,1.087939739227295
855,0.0014222227036952972,4.331450895733724e-07,0.0013957956107333302,-0.0019874272402375937,4.0456021110912843e-07,-0.0024212233256548643,0.0004346003115642816,-12.615073204040527,0.2570739686489105,0.0006231909501366317,0.2376389056444168,0.5188856720924377,0.0001883494551293552,0.5209209322929382,0.019541339948773384,-5.8270063400268555,0.4982512891292572,0.0001205533990287222,0.4935668706893921,0.004684418439865112,-3.5017573833465576,0.5052633285522461,0.006162161938846111,0.5821896195411682,0.07692629098892212,-1.1455647945404053,0.014237500727176666,0.0014178159181028605,0.0,0.014237500727176666,-2.2888946533203125,0.9307904243469238,1.0,0.06920957565307617,0.8484839797019958,1.0,0.15151602029800415,0.8959906697273254,0.10400933027267456,0.0,0.0,-19.027557373046875,1784745970.9542031,140.09247493743896,,142.18963578419752,40.91202563069896,0.0,,False,1.087939739227295
856,0.0014369424898177385,4.3872543642464734e-07,0.0016781772719696164,-0.001957361353561282,4.1006146034305857e-07,-0.0029053890611976385,0.0009782386478036642,-11.673095703125,0.2588021159172058,0.0006330250180326402,0.23801636695861816,0.5205244421958923,0.0001860065822256729,0.5226200819015503,0.02089112438261509,-5.786425590515137,0.4994458258152008,0.0001185106229968369,0.4962524473667145,0.003193378448486328,-3.55829119682312,0.5029072165489197,0.006182266864925623,0.5927748084068298,0.08986759185791016,-0.970923125743866,0.014564521610736847,0.0014358337502926588,0.0,0.014564521610736847,-2.280198097229004,0.9301691651344299,1.0,0.06983083486557007,0.846107006072998,1.0,0.15389299392700195,0.8938311338424683,0.10616886615753174,0.0,0.0,-18.081382751464844,1784745971.0591028,140.19737458229065,,142.24554995491917,41.50216385422764,0.0,,False,1.087939739227295
857,0.0014599229907616973,4.4370054297360184e-07,0.0014685012865811586,-0.0019311283249408007,4.1467302480668877e-07,-0.00255467533133924,0.0006236060289666057,-12.355169296264648,0.2607663571834564,0.000642642960883677,0.23850341141223907,0.5219912528991699,0.00018407964671496302,0.5244846940040588,0.022402143105864525,-5.734642028808594,0.5005360841751099,0.00011638609430519864,0.49845388531684875,0.0020821988582611084,-3.5917344093322754,0.5033662915229797,0.006192493252456188,0.5851171612739563,0.08175086975097656,-1.083648681640625,0.014942057430744171,0.0014495457289740443,0.0,0.014942057430744171,-2.2723021507263184,0.9297391772270203,1.0,0.07026082277297974,0.843380331993103,1.0,0.15661966800689697,0.8913394808769226,0.10866051912307739,0.0,0.0,-18.738750457763672,1784745971.1541107,140.292382478714,,141.644096419342,42.08440613125363,0.0,,False,1.087939739227295
858,0.0014600714202970266,4.5158063244343793e-07,0.0012994380667805672,-0.00190542615018785,4.2397968513796513e-07,-0.0022417213767766953,0.00037268962478265166,-12.642227172851562,0.2626193165779114,0.0006564991781488061,0.23882301151752472,0.5227870345115662,0.00018294154142495245,0.5264097452163696,0.024070482701063156,-5.662444591522217,0.5010650753974915,0.00011534261284396052,0.49936822056770325,0.001696854829788208,-3.602381706237793,0.498596727848053,0.006245584227144718,0.5742922425270081,0.07569551467895508,-1.1602928638458252,0.014119960367679596,0.0014693556586280465,0.0,0.014119960367679596,-2.2746832370758057,0.92826908826828,1.0,0.07173091173171997,0.8419744372367859,1.0,0.1580255627632141,0.8900489211082458,0.10995107889175415,0.0,0.0,-18.97337532043457,1784745971.2578955,140.3961672782898,,140.80801802109391,42.66902949462911,0.0,,False,1.087939739227295
859,0.0014580941060557961,4.574808940560615e-07,0.0013838950544595718,-0.0018811176996678114,4.30932630024472e-07,-0.002394811948761344,0.0005190253141336143,-12.477352142333984,0.2639009654521942,0.0006665173568762839,0.23921452462673187,0.5232955813407898,0.0001825867366278544,0.5280861854553223,0.0251469723880291,-5.602973937988281,0.5014039278030396,0.00011519357212819159,0.5002067685127258,0.0011971592903137207,-3.6092886924743652,0.4921884834766388,0.006287812255322933,0.5159633159637451,0.023774832487106323,-1.5706849098205566,0.01351289451122284,0.001492026261985302,0.0,0.01351289451122284,-2.2736804485321045,0.9269314408302307,1.0,0.07306855916976929,0.841097891330719,1.0,0.158902108669281,0.8892422318458557,0.11075776815414429,0.0,0.0,-18.764375686645508,1784745971.3749015,140.5131733417511,,140.1809392566349,43.252650069460884,0.0,,False,1.087939739227295
860,0.0014500197721645236,4.71424868919712e-07,0.0013817115686833858,-0.0018776028882712126,4.469995360523171e-07,-0.0024140002205967903,0.0005407292628660798,-12.429444313049316,0.2656521201133728,0.0006817667162977159,0.23939009010791779,0.523072361946106,0.00018265430117025971,0.5275301933288574,0.026637688279151917,-5.551279067993164,0.5011115670204163,0.00011621231533354148,0.5025755763053894,0.0014640092849731445,-3.6018857955932617,0.47041189670562744,0.006323059555143118,0.5108750462532043,0.040463149547576904,-1.4833695888519287,0.012380778789520264,0.0015499229775741696,0.0,0.012380778789520264,-2.266387701034546,0.9227457642555237,1.0,0.07725423574447632,0.8397836089134216,1.0,0.16021639108657837,0.888029932975769,0.11197006702423096,0.0,0.0,-18.671411514282227,1784745971.46937,140.60764169692993,,139.64682466453917,43.8289778967951,0.0,,False,1.087939739227295
861,0.001448981580324471,4.845322223445692e-07,0.0014012539759278297,-0.0018621690105646849,4.626338920843409e-07,-0.0024232896976172924,0.0005631468375213444,-12.3826904296875,0.26732808351516724,0.0006956513389013708,0.23952125012874603,0.5232858657836914,0.00018401717534288764,0.5304082036018372,0.028704488649964333,-5.404108047485352,0.5011777281761169,0.00011768967669922858,0.5028749108314514,0.0016971826553344727,-3.5925538539886475,0.45689478516578674,0.0063338675536215305,0.48339810967445374,0.026503324508666992,-1.5565335750579834,0.012086734175682068,0.001594638335518539,0.0,0.012086734175682068,-2.2558093070983887,0.9195551872253418,1.0,0.0804448127746582,0.83780837059021,1.0,0.16219162940979004,0.8862013220787048,0.11379867792129517,0.0,0.0,-18.50225257873535,1784745971.5753124,140.7135841846466,,139.2818690079903,44.39472733019316,0.0,,False,1.087939739227295
862,0.0014490725006908178,5.019728064326046e-07,0.0014549462357535958,-0.0018545694183558226,4.829414592677495e-07,-0.0025358337443321943,0.0006812896463088691,-12.205617904663086,0.2689712941646576,0.0007130337762646377,0.23953616619110107,0.5233283638954163,0.0001856102462625131,0.5322851538658142,0.030767690390348434,-5.25737190246582,0.501133143901825,0.000119628275569994,0.5033487677574158,0.0022156238555908203,-3.5761044025421143,0.43767285346984863,0.006331318523734808,0.5288088917732239,0.09113603830337524,-0.9562569260597229,0.011499017477035522,0.0016480856575071812,0.0,0.011499017477035522,-2.245016574859619,0.9154415130615234,1.0,0.08455848693847656,0.8357407450675964,1.0,0.16425925493240356,0.8842789530754089,0.11572104692459106,0.0,0.0,-18.199567794799805,1784745971.6696835,140.80795526504517,,139.219598135377,44.949684031352454,0.0,,False,1.087939739227295
863,0.0014470042660832405,5.088535885988676e-07,0.001416905433870852,-0.0018395108636468649,4.941680913361779e-07,-0.002461246680468321,0.0006224639364518225,-12.275862693786621,0.26994627714157104,0.000723067088983953,0.2395538091659546,0.5242345929145813,0.0001872378052212298,0.5325803756713867,0.03151752054691315,-5.244955062866211,0.5017093420028687,0.00012114929995732382,0.5058213472366333,0.0041120052337646484,-3.5205206871032715,0.43629682064056396,0.006342718843370676,0.4943099617958069,0.05801314115524292,-1.3459792137145996,0.011698625981807709,0.0016634700587019324,0.0,0.011698625981807709,-2.239349842071533,0.9131221771240234,1.0,0.08687782287597656,0.8317521214485168,1.0,0.16824787855148315,0.880547046661377,0.11945295333862305,0.0,0.0,-18.232086181640625,1784745971.7761512,140.9144229888916,,139.12480887592287,45.49897399972366,0.0,,False,1.087939739227295
864,0.001463385415263474,5.368386268855829e-07,0.0014155348762869835,-0.0018798012752085924,5.264836318019661e-07,-0.0024656353052705526,0.0005877849762327969,-12.281359672546387,0.27134644985198975,0.0007456087623722851,0.23956716060638428,0.5239866375923157,0.00019063094805460423,0.5350160598754883,0.033638838678598404,-5.04904842376709,0.5014672875404358,0.0001250516506843269,0.5071622133255005,0.005694925785064697,-3.4447782039642334,0.4121463894844055,0.006328342016786337,0.4562669098377228,0.04412052035331726,-1.4586181640625,0.011052325367927551,0.0017337416065856814,0.0,0.011052325367927551,-2.22456955909729,0.9078624248504639,1.0,0.09213757514953613,0.8285602331161499,1.0,0.1714397668838501,0.8775382041931152,0.12246179580688477,0.0,0.0,-18.042987823486328,1784745971.8702438,141.00851559638977,,139.21911797462303,46.03348368512062,0.0,,False,1.087939739227295
865,0.001460394123569131,5.509791094482352e-07,0.0014008973957970738,-0.0018760866951197386,5.418104365162435e-07,-0.002445468446239829,0.0005724818329326808,-12.279691696166992,0.27137160301208496,0.0007566165295429528,0.23946352303028107,0.5239472389221191,0.0001921461953315884,0.5362557172775269,0.03419976681470871,-4.967034339904785,0.5014125108718872,0.00012679834617301822,0.5070959329605103,0.005683422088623047,-3.4401450157165527,0.39712852239608765,0.006316048558801413,0.401411771774292,0.004283249378204346,-1.6119399070739746,0.010547958314418793,0.0017681117169559002,0.0,0.010547958314418793,-2.218520164489746,0.905662477016449,1.0,0.09433752298355103,0.8290944695472717,1.0,0.17090553045272827,0.8780432343482971,0.12195676565170288,0.0,0.0,-17.973390579223633,1784745971.97508,141.1133518218994,,139.3830243175859,46.56194397591004,0.0,,False,1.087939739227295
866,0.0014613736420869827,5.71280679650954e-07,0.001413180842064321,-0.001885776175186038,5.634379363073094e-07,-0.0024428516626358032,0.000559156178496778,-12.26699447631836,0.2711493968963623,0.0007708884659223258,0.23926971852779388,0.5238867402076721,0.00019502575742080808,0.5350004434585571,0.033761344850063324,-5.041450500488281,0.5013852715492249,0.00012977934966329485,0.5071074962615967,0.005722224712371826,-3.429746627807617,0.3785538673400879,0.0062947142869234085,0.3666492700576782,0.011904597282409668,-1.6038269996643066,0.010098427534103394,0.001810815534554422,0.0,0.010098427534103394,-2.2098922729492188,0.9024273157119751,1.0,0.0975726842880249,0.8297836184501648,1.0,0.1702163815498352,0.8786937594413757,0.12130624055862427,0.0,0.0,-18.015029907226562,1784745972.06511,141.2033817768097,,139.50529133254582,47.08177637515893,0.0,,False,1.087939739227295
867,0.0014616689877584577,5.911296625527029e-07,0.0014664066256955266,-0.0018926223274320364,5.839995651513163e-07,-0.002551209181547165,0.0006586039089597762,-12.138051986694336,0.26963934302330017,0.0007843164494261146,0.23898077011108398,0.5239566564559937,0.00019892481213901192,0.5349470973014832,0.03256897255778313,-5.095942497253418,0.5014827847480774,0.00013385855709202588,0.5086901783943176,0.007207393646240234,-3.3463897705078125,0.3617057204246521,0.006287325173616409,0.3939095139503479,0.0322037935256958,-1.533197045326233,0.01028858870267868,0.0018457737751305103,0.0,0.01028858870267868,-2.199814796447754,0.9004583358764648,1.0,0.09954166412353516,0.8321100473403931,1.0,0.16788995265960693,0.8808831572532654,0.11911684274673462,0.0,0.0,-17.88800048828125,1784745972.1601593,141.2984311580658,,139.75458776645107,47.59153129790636,0.0,,False,1.087939739227295
868,0.0014485109131783247,5.911817879677983e-07,0.000965481682214886,-0.0018725700210779905,5.874927637705696e-07,-0.0016718462575227022,0.0005230748211033642,-12.274773597717285,0.2676777243614197,0.0007883838843554258,0.23864863812923431,0.5243688225746155,0.00020044940174557269,0.5359563827514648,0.03125634789466858,-5.122993469238281,0.5016947984695435,0.00013622433471027762,0.5088528394699097,0.007158041000366211,-3.343602180480957,0.35863587260246277,0.006313154939562082,0.42115581035614014,0.06251993775367737,-1.304050087928772,0.010975822806358337,0.0018476396799087524,0.0,0.010975822806358337,-2.1953837871551514,0.8994080424308777,1.0,0.10059195756912231,0.8318026065826416,1.0,0.1681973934173584,0.8805943727493286,0.11940562725067139,1.0,0.0,-18.04496955871582,1784745972.2535295,141.3918013572693,,139.84691512992174,48.09685521136118,0.0,,False,1.087939739227295
869,0.0014341771602630615,5.247360377325094e-07,0.0019938747864216566,-0.0017903933767229319,5.16646593951009e-07,-0.003418414853513241,0.001721544424071908,-9.766711235046387,0.26738354563713074,0.0007472115685231984,0.23816616833209991,0.5267913341522217,0.00018695450853556395,0.523481547832489,0.029404249042272568,-5.4535017013549805,0.5038062334060669,0.00012648980191443115,0.49133065342903137,0.012475579977035522,-2.953507900238037,0.37642139196395874,0.006212504114955664,0.4528854489326477,0.07646405696868896,-1.15109384059906,0.009667977690696716,0.0017418627394363284,0.0,0.009667977690696716,-2.230631113052368,0.9059560894966125,1.0,0.09404391050338745,0.8368663787841797,1.0,0.1631336212158203,0.8853265643119812,0.1146734356880188,1.0,0.0,-15.606266975402832,1784745972.3506806,141.48895239830017,,142.3779450767054,48.63742645071322,0.0,,False,1.087939739227295
870,0.0014358875341713428,5.121767685523082e-07,0.0013857646845281124,-0.0017316367011517286,5.018113711230399e-07,-0.00238267844542861,0.0006529683596454561,-12.23216438293457,0.2666469216346741,0.0007380313472822309,0.2377632111310959,0.5260806083679199,0.00018780141544993967,0.5154107809066772,0.03079145960509777,-5.18964958190918,0.5034878849983215,0.000125557417050004,0.49099597334861755,0.01249191164970398,-2.951014518737793,0.3908800482749939,0.006234054919332266,0.4570329189300537,0.06615287065505981,-1.2689340114593506,0.009498663246631622,0.001690983772277832,0.0,0.009498663246631622,-2.245605945587158,0.9108403325080872,1.0,0.08915966749191284,0.8436340689659119,1.0,0.15636593103408813,0.8915719389915466,0.10842806100845337,1.0,0.0,-17.859392166137695,1784745972.4451768,141.58344864845276,,142.6558498327542,49.19297252260005,0.0,,False,1.087939739227295
871,0.001428796211257577,5.101115903016762e-07,0.0013948380947113037,-0.0017028262373059988,4.988243631487421e-07,-0.0024265937972813845,0.0007245637243613601,-12.1357421875,0.2646147608757019,0.0007362134638242424,0.2371799200773239,0.5248845219612122,0.00018981996981892735,0.5164848566055298,0.028691895306110382,-5.356812953948975,0.502812385559082,0.00012680584040936083,0.4961550235748291,0.00665736198425293,-3.392730951309204,0.40052303671836853,0.006295809987932444,0.460823655128479,0.060300618410110474,-1.3262205123901367,0.009660854935646057,0.0016643786802887917,0.0,0.009660854935646057,-2.2521753311157227,0.9163563251495361,1.0,0.08364367485046387,0.8519867658615112,1.0,0.14801323413848877,0.8991519212722778,0.10084807872772217,1.0,0.0,-18.117557525634766,1784745972.549705,141.6879768371582,,142.67558922930593,49.755087980015446,0.0,,False,1.087939739227295
872,0.0014120733831077814,5.098669930703181e-07,0.0014561384450644255,-0.0016899246256798506,4.988961563867633e-07,-0.0025199521332979202,0.0008311963174492121,-11.969740867614746,0.2624663710594177,0.0007371102692559361,0.23683954775333405,0.5241909027099609,0.00019071548013016582,0.5181087851524353,0.02633868157863617,-5.508411884307861,0.5024538636207581,0.00012798950774595141,0.49748486280441284,0.004969000816345215,-3.4663853645324707,0.4095366597175598,0.006380471400916576,0.45859071612358093,0.04905405640602112,-1.4197505712509155,0.009412184357643127,0.0016464060172438622,0.0,0.009412184357643127,-2.258737802505493,0.9211101531982422,1.0,0.07888984680175781,0.8585823774337769,1.0,0.14141762256622314,0.9050343036651611,0.09496569633483887,1.0,0.0,-18.109663009643555,1784745972.6443667,141.7826385498047,,142.70322314184887,50.32376590882061,0.0,,False,1.087939739227295
873,0.001401552464812994,5.135185574545176e-07,0.0013875310542061925,-0.0016974236350506544,5.028992973166169e-07,-0.0024145874194800854,0.0007173008634708822,-12.143000602722168,0.2606442868709564,0.0007404906209558249,0.23642539978027344,0.5237157344818115,0.00019240251276642084,0.5180205702781677,0.024879496544599533,-5.5638346672058105,0.5022093653678894,0.00012980324390809983,0.49591973423957825,0.006289631128311157,-3.4034242630004883,0.41551709175109863,0.006475204601883888,0.46303558349609375,0.04751849174499512,-1.426590919494629,0.009287133812904358,0.001639534835703671,0.0,0.009287133812904358,-2.26142954826355,0.9248666763305664,1.0,0.0751333236694336,0.8643442392349243,1.0,0.13565576076507568,0.9100965261459351,0.08990347385406494,1.0,0.0,-18.295780181884766,1784745972.7523322,141.89060401916504,,142.5447398821506,50.89513558338383,0.0,,False,1.087939739227295
874,0.001396099105477333,5.175698447601462e-07,0.0013645702274516225,-0.0017034064512699842,5.075527269582381e-07,-0.002372835762798786,0.0006701714009977877,-12.203588485717773,0.25945255160331726,0.0007442992646247149,0.23612721264362335,0.5233803987503052,0.00019355183758307248,0.5187963247299194,0.02377152070403099,-5.618862152099609,0.5020393133163452,0.0001308209029957652,0.4949469268321991,0.007092386484146118,-3.359646797180176,0.42291611433029175,0.0065549337305128574,0.4637402594089508,0.04082414507865906,-1.4677037000656128,0.009109482169151306,0.001630170620046556,0.0,0.009109482169151306,-2.2651448249816895,0.9275765419006348,1.0,0.07242345809936523,0.8683419823646545,1.0,0.13165801763534546,0.9135658144950867,0.08643418550491333,1.0,0.0,-18.378501892089844,1784745972.8472586,141.98553037643433,,142.30353491224724,51.470220534665195,0.0,,False,1.087939739227295
875,0.001393861253745854,5.225855375101673e-07,0.0013887523673474789,-0.001718239625915885,5.12887027070974e-07,-0.002419890835881233,0.0007016698364168406,-12.155998229980469,0.25808021426200867,0.0007490270072594285,0.2358599752187729,0.5229993462562561,0.00019511560094542801,0.516562819480896,0.023133696988224983,-5.59569787979126,0.5018479228019714,0.0001322956377407536,0.4949219822883606,0.00692594051361084,-3.3650035858154297,0.4278135299682617,0.006643307860940695,0.46368277072906494,0.03586924076080322,-1.4912997484207153,0.009195014834403992,0.0016257138922810555,0.0,0.009195014834403992,-2.2659621238708496,0.9305005669593811,1.0,0.0694994330406189,0.8728485703468323,1.0,0.12715142965316772,0.9174337983131409,0.08256620168685913,1.0,0.0,-18.315059661865234,1784745972.9415784,142.07985019683838,,142.1257721725685,52.04612278483572,0.0,,False,1.087939739227295
876,0.001395000726915896,5.29565340912086e-07,0.0013781733578070998,-0.0017342360224574804,5.203408477427729e-07,-0.0024053577799350023,0.0006713327020406723,-12.18905258178711,0.2566637098789215,0.0007547410787083209,0.23582963645458221,0.5224637985229492,0.00019702594727277756,0.5161197781562805,0.021778548136353493,-5.6330885887146,0.501553475856781,0.00013409963867161423,0.4958694875240326,0.005683988332748413,-3.4190633296966553,0.430830717086792,0.006725226528942585,0.46348845958709717,0.032657742500305176,-1.5027132034301758,0.00940927118062973,0.0016244890866801143,0.0,0.00940927118062973,-2.2650928497314453,0.932868480682373,1.0,0.06713151931762695,0.8770170211791992,1.0,0.12298297882080078,0.92097008228302,0.07902991771697998,1.0,0.0,-18.40505599975586,1784745973.057432,142.1957037448883,,141.85801309499914,52.621155760866834,0.0,,False,1.087939739227295
877,0.0013945146929472685,5.362159640753816e-07,0.0014328710967674851,-0.0017527078744024038,5.280232358018111e-07,-0.0024978467263281345,0.0007461254135705531,-12.081413269042969,0.2552470266819,0.0007609802996739745,0.23578733205795288,0.5219860076904297,0.00019835431885439903,0.5184602737426758,0.019776513800024986,-5.735157012939453,0.5012896060943604,0.00013571119052357972,0.4959558844566345,0.00533372163772583,-3.428739309310913,0.4333362579345703,0.006809712387621403,0.46329984068870544,0.029963582754135132,-1.5098425149917603,0.009564772248268127,0.0016243179561570287,0.0,0.009564772248268127,-2.2642340660095215,0.9348894953727722,1.0,0.06511050462722778,0.8804321885108948,1.0,0.11956781148910522,0.9238370656967163,0.07616293430328369,1.0,0.0,-18.383907318115234,1784745973.151554,142.28982591629028,,141.6114026990704,53.19532995317603,0.0,,False,1.087939739227295
878,0.0013945831451565027,5.424645337370748e-07,0.0014494677307084203,-0.001774416072294116,5.356908445719455e-07,-0.0025280886329710484,0.0007556683267466724,-12.06259536743164,0.25392094254493713,0.0007678750553168356,0.23567597568035126,0.5216948390007019,0.00019930301641579717,0.5180147886276245,0.01861240342259407,-5.757678031921387,0.5011416673660278,0.00013711914652958512,0.49560943245887756,0.0055322349071502686,-3.4167890548706055,0.4353480339050293,0.006902382243424654,0.46328112483024597,0.027933090925216675,-1.5124849081039429,0.00977306067943573,0.001625174772925675,0.0,0.00977306067943573,-2.2627460956573486,0.9367558360099792,1.0,0.06324416399002075,0.8831467032432556,1.0,0.11685329675674438,0.9260963201522827,0.07390367984771729,1.0,0.0,-18.377132415771484,1784745973.2459192,142.38419103622437,,141.3715672054854,53.76801617513305,0.0,,False,1.087939739227295
879,0.001398219377733767,5.499595658875478e-07,0.0013975548790767789,-0.001798044191673398,5.446443651635491e-07,-0.002448985818773508,0.0006509419763460755,-12.19140625,0.25271597504615784,0.0007755831466056406,0.23547659814357758,0.5213719606399536,0.00020049128215759993,0.5162090063095093,0.017995895817875862,-5.742368221282959,0.5009658336639404,0.00013857999874744564,0.4956437647342682,0.005322068929672241,-3.4208974838256836,0.43681347370147705,0.006991303991526365,0.46328502893447876,0.02647155523300171,-1.512490153312683,0.01007777452468872,0.0016264684963971376,0.0,0.01007777452468872,-2.260512351989746,0.9383121132850647,1.0,0.0616878867149353,0.8855225443840027,1.0,0.11447745561599731,0.9280590415000916,0.07194095849990845,1.0,0.0,-18.495750427246094,1784745973.3304837,142.46875548362732,,141.0131137004258,54.33846865342247,0.0,,False,1.087939739227295
880,0.0014006942510604858,5.579242383646488e-07,0.0013775029219686985,-0.0018238842021673918,5.544499117604573e-07,-0.00238784309476614,0.0005644355551339686,-12.27699089050293,0.25175240635871887,0.0007839426980353892,0.23533672094345093,0.5210537314414978,0.0002014019846683368,0.5160242319107056,0.017168883234262466,-5.758143424987793,0.5007733702659607,0.00013977092748973519,0.49566414952278137,0.005109220743179321,-3.4254322052001953,0.4387108385562897,0.007075764238834381,0.46356141567230225,0.024850577116012573,-1.5129629373550415,0.01025034487247467,0.0016270715277642012,0.0,0.01025034487247467,-2.259260416030884,0.9395316243171692,1.0,0.06046837568283081,0.8873390555381775,1.0,0.11266094446182251,0.9295505285263062,0.07044947147369385,1.0,0.0,-18.596221923828125,1784745973.446932,142.5852038860321,,140.55418869878417,54.90766919575302,0.0,,False,1.087939739227295
881,0.0014027964789420366,5.6589288988107e-07,0.0013940862845629454,-0.0018496804405003786,5.642920086756931e-07,-0.0024331349413841963,0.000583519518841058,-12.246699333190918,0.2506362199783325,0.0007928161649033427,0.2351549118757248,0.5207710266113281,0.00020245231280568987,0.5157091021537781,0.016287848353385925,-5.7701520919799805,0.500607430934906,0.0001411450793966651,0.4953613579273224,0.005246073007583618,-3.4164297580718994,0.4404318332672119,0.007168900687247515,0.4640601873397827,0.0236283540725708,-1.5111240148544312,0.01058758795261383,0.0016279584961012006,0.0,0.01058758795261383,-2.256847381591797,0.9410094618797302,1.0,0.058990538120269775,0.8892979621887207,1.0,0.1107020378112793,0.9311498403549194,0.06885015964508057,1.0,0.0,-18.57103729248047,1784745973.541714,142.67998576164246,,140.1204483284902,55.47445670364449,0.0,,False,1.087939739227295
882,0.0014068341115489602,5.74547300402628e-07,0.0013930018758401275,-0.0018751739989966154,5.749016622758063e-07,-0.002439901465550065,0.0005648968508467078,-12.253965377807617,0.24971985816955566,0.000802338239736855,0.23492908477783203,0.5205683708190918,0.00020352538558654487,0.5141581892967224,0.016120092943310738,-5.73869514465332,0.5004830360412598,0.00014242753968574107,0.49510249495506287,0.005380541086196899,-3.407768487930298,0.4423787295818329,0.0072642178274691105,0.4645870625972748,0.022208333015441895,-1.50951087474823,0.01093021035194397,0.0016287483740597963,0.0,0.01093021035194397,-2.2543580532073975,0.9423176646232605,1.0,0.0576823353767395,0.8908512592315674,1.0,0.10914874076843262,0.9324111938476562,0.06758880615234375,1.0,0.0,-18.548805236816406,1784745973.646324,142.78459572792053,,139.70894001386029,56.03875488315156,0.0,,False,1.087939739227295
883,0.001415559439919889,5.847390411872766e-07,0.001349450321868062,-0.001901322277262807,5.868157018085185e-07,-0.002367738401517272,0.00047107794671319425,-12.323352813720703,0.2486436516046524,0.0008129474008455873,0.23460890352725983,0.5202571153640747,0.000205105563509278,0.5134776830673218,0.015586367808282375,-5.7323479652404785,0.5002807974815369,0.0001441184285795316,0.49551504850387573,0.004765748977661133,-3.424701452255249,0.4427017569541931,0.007370959967374802,0.4652995467185974,0.022597789764404297,-1.5015251636505127,0.011488020420074463,0.0016326135955750942,0.0,0.011488020420074463,-2.249429702758789,0.9436702728271484,1.0,0.05632972717285156,0.8926963806152344,1.0,0.10730361938476562,0.933901846408844,0.066098153591156,1.0,0.0,-18.62158203125,1784745973.743957,142.88222885131836,,139.22465490479678,56.59812471221002,0.0,,False,1.087939739227295
884,0.0014188517816364765,5.940192977504921e-07,0.0013438442256301641,-0.0019236865919083357,5.984285849081061e-07,-0.0023669905494898558,0.000449604878667742,-12.325847625732422,0.24743971228599548,0.0008231120300479233,0.23434978723526,0.5199933052062988,0.00020657034474425018,0.5144492387771606,0.014215582981705666,-5.777285575866699,0.5001186728477478,0.00014587625628337264,0.4963095188140869,0.0038091540336608887,-3.447704792022705,0.44346892833709717,0.007476107683032751,0.46579357981681824,0.02232465147972107,-1.4957506656646729,0.011919394135475159,0.0016345804324373603,0.0,0.011919394135475159,-2.2457878589630127,0.9448354244232178,1.0,0.05516457557678223,0.8941617608070374,1.0,0.10583823919296265,0.9350795745849609,0.06492042541503906,1.0,0.0,-18.671527862548828,1784745973.8386993,142.97697114944458,,138.69042396443444,57.15385269747271,0.0,,False,1.087939739227295
885,0.001424403628334403,6.025852599123027e-07,0.0013694361550733447,-0.0019433784764260054,6.098209155425138e-07,-0.002424470381811261,0.0004842219059355557,-12.28591537475586,0.2466101050376892,0.0008341690991073847,0.23421736061573029,0.5199052095413208,0.0002072953066090122,0.5137874484062195,0.013820532709360123,-5.765012741088867,0.5000467300415039,0.00014696625294163823,0.4969950020313263,0.0030517280101776123,-3.4620308876037598,0.44501006603240967,0.007599173579365015,0.46691179275512695,0.021901726722717285,-1.4893577098846436,0.012143097817897797,0.00163565156981349,0.0,0.012143097817897797,-2.2438433170318604,0.9457994103431702,1.0,0.054200589656829834,0.894749641418457,1.0,0.10525035858154297,0.9355505108833313,0.0644494891166687,1.0,0.0,-18.628942489624023,1784745973.9544365,143.0927083492279,,138.19877839699691,57.70763614080424,0.0,,False,1.087939739227295
886,0.0014286638470366597,6.116014787949098e-07,0.0016206047730520368,-0.00196539587341249,6.220936370482377e-07,-0.0028655363712459803,0.0009203772060573101,-11.77945327758789,0.24593019485473633,0.0008461893885396421,0.23432700335979462,0.5198611617088318,0.00020808148838113993,0.514523983001709,0.01277182623744011,-5.79029655456543,0.4999973177909851,0.00014790620480198413,0.49839597940444946,0.0016013383865356445,-3.481858968734741,0.4473612308502197,0.007733295671641827,0.46837732195854187,0.021016091108322144,-1.4836148023605347,0.012210860848426819,0.0016347829950973392,0.0,0.012210860848426819,-2.2435801029205322,0.9465412497520447,1.0,0.05345875024795532,0.8948348760604858,1.0,0.10516512393951416,0.9356186389923096,0.06438136100769043,1.0,0.0,-18.152618408203125,1784745974.052681,143.19095277786255,,138.18345691098028,58.261156370024445,0.0,,False,1.087939739227295
887,0.0014298561727628112,6.212070502442657e-07,0.0014221060555428267,-0.0019901969935745,6.357001893775305e-07,-0.002514027990400791,0.0005238883313722908,-12.226320266723633,0.24519537389278412,0.0008596450206823647,0.2343626171350479,0.5199394822120667,0.00020913573098368943,0.5174801349639893,0.01110842078924179,-5.845168113708496,0.5000427961349487,0.00014901976101100445,0.4991474449634552,0.0008953511714935303,-3.4840874671936035,0.4503828287124634,0.007892876863479614,0.4690386652946472,0.018655836582183838,-1.479910969734192,0.012192398309707642,0.0016323974123224616,0.0,0.012192398309707642,-2.2443814277648926,0.9473647475242615,1.0,0.052635252475738525,0.8946431279182434,1.0,0.10535687208175659,0.9354651570320129,0.06453484296798706,1.0,0.0,-18.644498825073242,1784745974.1472614,143.28553318977356,,137.67625500809353,58.81547792408901,0.0,,False,1.087939739227295
888,0.001423943554982543,6.292449938882783e-07,0.0011882948456332088,-0.002005102811381221,6.484073651336075e-07,-0.0021025938913226128,0.0002550192584749311,-12.374415397644043,0.24435804784297943,0.000873385404702276,0.2343382090330124,0.5202187299728394,0.00020987167954444885,0.5187073945999146,0.010133177973330021,-5.855278968811035,0.5002439022064209,0.0001498880737926811,0.49981459975242615,0.000429302453994751,-3.483257532119751,0.45362961292266846,0.008066185750067234,0.4694090187549591,0.01577940583229065,-1.4756646156311035,0.011924996972084045,0.0016284759622067213,0.0,0.011924996972084045,-2.2474546432495117,0.94797283411026,1.0,0.05202716588973999,0.8939179182052612,1.0,0.10608208179473877,0.9348839521408081,0.0651160478591919,1.0,0.0,-18.800268173217773,1784745974.2517478,143.39001965522766,,137.01328375706225,59.37287269363819,0.0,,False,1.087939739227295
889,0.0014139435952529311,6.375832981575513e-07,0.0013921770732849836,-0.0020153874065726995,6.618114412049181e-07,-0.0024539921432733536,0.0004391444963403046,-12.263345718383789,0.24351562559604645,0.0008876422070898116,0.2342803031206131,0.5205869674682617,0.00021060499420855194,0.5192965269088745,0.009325042366981506,-5.856359958648682,0.5005180835723877,0.00015062649617902935,0.500624418258667,0.00010633468627929688,-3.481377363204956,0.45621350407600403,0.00823989324271679,0.47024425864219666,0.014030754566192627,-1.468499779701233,0.011486046016216278,0.0016253947978839278,0.0,0.011486046016216278,-2.2514798641204834,0.9482142925262451,1.0,0.05178570747375488,0.8927298784255981,1.0,0.10727012157440186,0.9339288473129272,0.06607115268707275,1.0,0.0,-18.68912124633789,1784745974.3464208,143.48469257354736,,136.46145943291086,59.93429268405835,0.0,,False,1.087939739227295
890,0.0014203807804733515,6.529593292725622e-07,0.0013595791533589363,-0.0020320082549005747,6.822251634730492e-07,-0.00239120377227664,0.00036430516047403216,-12.284561157226562,0.24295969307422638,0.0009080981835722923,0.23422177135944366,0.5209251046180725,0.00021182345517445356,0.5213139057159424,0.00874656718224287,-5.8516845703125,0.5007468461990356,0.00015157008601818234,0.5031050443649292,0.0023581981658935547,-3.4599475860595703,0.456767737865448,0.00847717560827732,0.47121304273605347,0.014445304870605469,-1.4539430141448975,0.011329784989356995,0.001630697282962501,0.0,0.011329784989356995,-2.2510766983032227,0.9485028982162476,1.0,0.05149710178375244,0.8910876512527466,1.0,0.10891234874725342,0.9326026439666748,0.0673973560333252,1.0,0.0,-18.695880889892578,1784745974.4512959,143.5895676612854,,135.90287546520477,60.495309508661244,0.0,,False,1.087939739227295
891,0.001426351023837924,6.691652743029408e-07,0.0013431970728561282,-0.0020411864388734102,7.041779213068367e-07,-0.0023760271724313498,0.00034501144546084106,-12.269081115722656,0.24224063754081726,0.0009307710570283234,0.2341528683900833,0.5213772654533386,0.00021270672732498497,0.52276611328125,0.008206150494515896,-5.839996814727783,0.5010640621185303,0.00015235428872983903,0.5050560832023621,0.003992021083831787,-3.423412322998047,0.45748403668403625,0.008760259486734867,0.47219058871269226,0.014706552028656006,-1.4374818801879883,0.011003993451595306,0.00163676415104419,0.0,0.011003993451595306,-2.2515885829925537,0.9486685395240784,1.0,0.05133146047592163,0.888750433921814,1.0,0.11124956607818604,0.9307037591934204,0.06929624080657959,1.0,0.0,-18.65278434753418,1784745974.556647,143.6949188709259,,135.3873880398571,61.05683821795347,0.0,,False,1.087939739227295
892,0.001437532133422792,6.908285286044702e-07,0.0013496337924152613,-0.0020521690603345633,7.325539286284766e-07,-0.0023675754200667143,0.00032742522307671607,-12.244682312011719,0.24214525520801544,0.000960141362156719,0.23402847349643707,0.5219394564628601,0.00021295594342518598,0.5242671370506287,0.008443946950137615,-5.816520690917969,0.5014194250106812,0.00015231796714942902,0.5068445801734924,0.005425155162811279,-3.3792169094085693,0.45915159583091736,0.009108179248869419,0.473489910364151,0.014338314533233643,-1.4190669059753418,0.010234877467155457,0.0016457934398204088,0.0,0.010234877467155457,-2.2540032863616943,0.9482679963111877,1.0,0.051732003688812256,0.8848410248756409,1.0,0.11515897512435913,0.927497386932373,0.07250261306762695,1.0,0.0,-18.587507247924805,1784745974.650827,143.78909873962402,,134.93717771411877,61.620781630614836,0.0,,False,1.087939739227295
893,0.0014363148948177695,7.080415684868058e-07,0.0013693219516426325,-0.002052958821877837,7.558564902865328e-07,-0.0024127850774675608,0.00036600956809706986,-12.201393127441406,0.24118489027023315,0.0009851425420492887,0.23394370079040527,0.5225924253463745,0.00021346154971979558,0.5251097679138184,0.007666279096156359,-5.808055877685547,0.5019075870513916,0.00015260494546964765,0.5068269968032837,0.00491940975189209,-3.3955986499786377,0.4608272314071655,0.009455139748752117,0.47515982389450073,0.014332592487335205,-1.4007967710494995,0.00963011384010315,0.0016522728838026524,0.0,0.00963011384010315,-2.2557990550994873,0.9479817748069763,1.0,0.05201822519302368,0.8810392022132874,1.0,0.11896079778671265,0.9243438243865967,0.07565617561340332,1.0,0.0,-18.545637130737305,1784745974.7467756,143.8850474357605,,134.52883750556796,62.186520812013995,0.0,,False,1.087939739227295
894,0.0014528862666338682,7.379044291155878e-07,0.001349455676972866,-0.002051251707598567,7.930693186608551e-07,-0.0023797901812940836,0.0003444349276833236,-12.17022705078125,0.24138106405735016,0.0010226248996332288,0.23384487628936768,0.5232806205749512,0.00021325750276446342,0.5251935720443726,0.007775185629725456,-5.794970512390137,0.5023664236068726,0.00015189503028523177,0.5063168406486511,0.0039504170417785645,-3.425851583480835,0.46108609437942505,0.009933353401720524,0.4774380624294281,0.016351968050003052,-1.3735308647155762,0.00862828642129898,0.0016687663737684488,0.0,0.00862828642129898,-2.2565906047821045,0.946387767791748,1.0,0.05361223220825195,0.8739559054374695,1.0,0.12604409456253052,0.9183771014213562,0.0816228985786438,1.0,0.0,-18.519128799438477,1784745974.8515093,143.98978114128113,,134.14700562831598,62.75305154309577,0.0,,False,1.087939739227295
895,0.0014837324852123857,7.827795229786716e-07,0.0016166003188118339,-0.002045252127572894,8.473414823129133e-07,-0.0028455848805606365,0.0008112868526950479,-11.793668746948242,0.24263200163841248,0.0010772035457193851,0.23375947773456573,0.5238291025161743,0.00021162116900086403,0.5266498327255249,0.009310112334787846,-5.753833770751953,0.5026428699493408,0.00014966983872000128,0.5087468028068542,0.006103932857513428,-3.360133171081543,0.45833998918533325,0.010624970309436321,0.4796278774738312,0.021287888288497925,-1.3320097923278809,0.007473587989807129,0.0016985333058983088,0.0,0.007473587989807129,-2.253614664077759,0.9429065585136414,1.0,0.05709344148635864,0.861329972743988,1.0,0.13867002725601196,0.9074572920799255,0.09254270792007446,1.0,0.0,-18.07680320739746,1784745974.9466715,144.08494329452515,,134.207499343105,63.3166063334732,0.0,,False,1.087939739227295
896,0.0015158802270889282,8.487209584018274e-07,0.0015833411598578095,-0.002017660764977336,9.258587851945776e-07,-0.0027920224238187075,0.0007772946846671402,-11.77165412902832,0.244612917304039,0.0011545319575816393,0.23364056646823883,0.5241965651512146,0.00020791887072846293,0.5293214321136475,0.012110192328691483,-5.668035507202148,0.5026893615722656,0.0001456420577596873,0.5112773180007935,0.008587956428527832,-3.2450408935546875,0.44987165927886963,0.011596377938985825,0.48448872566223145,0.034617066383361816,-1.2579240798950195,0.006118379533290863,0.001750004244968295,0.0,0.006118379533290863,-2.244434356689453,0.936115026473999,1.0,0.06388497352600098,0.8389441967010498,1.0,0.1610558032989502,0.8872537612915039,0.1127462387084961,1.0,0.0,-17.928604125976562,1784745975.0559878,144.1942596435547,,134.41619213931494,63.87098081646232,0.0,,False,1.087939739227295
897,0.001540590776130557,9.401518923368712e-07,0.0013556053163483739,-0.0019187477882951498,1.0273446378050721e-06,-0.002375800861045718,0.0004930691211484373,-11.875133514404297,0.24754151701927185,0.0012448503402993083,0.23351259529590607,0.5247008800506592,0.00020482200488913804,0.5322297215461731,0.015921497717499733,-5.535755157470703,0.5029037594795227,0.00014206567720975727,0.5144234299659729,0.011519670486450195,-3.0436246395111084,0.4319668412208557,0.012427276000380516,0.48709529638290405,0.05512845516204834,-1.1527150869369507,0.0037083476781845093,0.001838396186940372,0.0,0.0037083476781845093,-2.2267520427703857,0.9238312840461731,1.0,0.0761687159538269,0.8051593899726868,1.0,0.19484061002731323,0.8549014925956726,0.1450985074043274,1.0,0.0,-17.825550079345703,1784745975.1517103,144.2899820804596,,134.72793898215573,64.40767298553237,0.0,,False,1.087939739227295
898,0.00155031424947083,1.0340475000703009e-06,0.0013488027034327388,-0.001735583646222949,1.1124262755402015e-06,-0.00235246610827744,0.0006489614024758339,-11.716943740844727,0.24971604347229004,0.001307335332967341,0.23329071700572968,0.5258433818817139,0.00020854431204497814,0.5352303981781006,0.018918441608548164,-5.40523624420166,0.5038825273513794,0.00014420297520700842,0.5148983001708984,0.011015772819519043,-3.082454204559326,0.4151533246040344,0.012520445510745049,0.49074453115463257,0.07559120655059814,-1.043069839477539,-0.0002464205026626587,0.0019344957545399666,0.0,0.0002464205026626587,-2.2049999237060547,0.9096551537513733,1.0,0.09034484624862671,0.77763831615448,1.0,0.22236168384552002,0.8270618319511414,0.17293816804885864,1.0,0.0,-17.582361221313477,1784745975.2564816,144.39475345611572,,135.28287468302875,64.92261303553809,0.0,,False,1.087939739227295
899,0.001566563150845468,1.0440644473419525e-06,0.0013757920823991299,-0.0017405056860297918,1.1189745237061288e-06,-0.002395759103819728,0.0006824592710472643,-11.690584182739258,0.25040510296821594,0.0013126333942636847,0.23313243687152863,0.5260452032089233,0.00020873171160928905,0.5354529619216919,0.019668525084853172,-5.3915605545043945,0.5041088461875916,0.00014376829494722188,0.5145428776741028,0.01043403148651123,-3.1260883808135986,0.4168621897697449,0.012532827444374561,0.493906170129776,0.07704398036003113,-1.033954381942749,-0.0006905943155288696,0.0019431147957220674,0.0,0.0006905943155288696,-2.2026703357696533,0.9088286757469177,1.0,0.09117132425308228,0.7756033539772034,1.0,0.22439664602279663,0.8249545693397522,0.1750454306602478,1.0,0.0,-17.566877365112305,1784745975.3516216,144.48989343643188,,135.85329424010294,65.43522349760741,0.0,,False,1.087939739227295
900,0.0015696081100031734,1.0491307875781786e-06,0.0013848758535459638,-0.0017488503362983465,1.1218900226594997e-06,-0.002394902054220438,0.0006719440571032465,-11.693862915039062,0.2506953179836273,0.0013137158239260316,0.23293571174144745,0.5262186527252197,0.0002094248920911923,0.5345194339752197,0.01960373856127262,-5.430595874786377,0.5043089389801025,0.00014368182746693492,0.512412428855896,0.008103489875793457,-3.2765021324157715,0.4202125072479248,0.012537923641502857,0.4970782995223999,0.0768657922744751,-1.0349409580230713,-0.001006588339805603,0.001942160539329052,0.0,0.001006588339805603,-2.202777862548828,0.9086207151412964,1.0,0.09137928485870361,0.774314820766449,1.0,0.22568517923355103,0.8236168622970581,0.1763831377029419,1.0,0.0,-17.676589965820312,1784745975.4558403,144.59411215782166,,136.31400119646912,65.94794148645592,0.0,,False,1.087939739227295
901,0.0015715803019702435,1.0523993978495128e-06,0.0011609358480200171,-0.001756454585120082,1.1230558811803348e-06,-0.0020154162775725126,0.0004854791914112866,-11.784097671508789,0.2510196566581726,0.0013138266513124108,0.23277737200260162,0.5263116359710693,0.00021020353597123176,0.5332635641098022,0.0195220448076725,-5.471641540527344,0.5044485330581665,0.00014364783419296145,0.5121312141418457,0.007682681083679199,-3.2996885776519775,0.42338213324546814,0.012537067756056786,0.5002393126487732,0.07685717940330505,-1.0350117683410645,-0.0009584128856658936,0.001939646783284843,0.0,0.0009584128856658936,-2.2034494876861572,0.908774733543396,1.0,0.091225266456604,0.7732369303703308,1.0,0.2267630696296692,0.8224958181381226,0.17750418186187744,1.0,0.0,-17.811256408691406,1784745975.5526543,144.6909260749817,,136.6400417099642,66.46133110044175,0.0,,False,1.087939739227295
902,0.001570211723446846,1.055911411640409e-06,0.0013672688510268927,-0.0017489895690232515,1.1252861895627575e-06,-0.0023506823927164078,0.000634996104054153,-11.71104621887207,0.25129151344299316,0.0013150636805221438,0.23256425559520721,0.5262568593025208,0.00021109254157636315,0.5320361852645874,0.019598744809627533,-5.4982075691223145,0.504450798034668,0.00014366305549629033,0.5122785568237305,0.0078277587890625,-3.291826009750366,0.42751798033714294,0.012545198202133179,0.5045555233955383,0.07703754305839539,-1.0337342023849487,-0.0014694780111312866,0.0019316825782880187,0.0,0.0014694780111312866,-2.2051844596862793,0.9082930684089661,1.0,0.09170693159103394,0.7714532017707825,1.0,0.22854679822921753,0.8206369876861572,0.17936301231384277,1.0,0.0,-17.755523681640625,1784745975.6580844,144.79635620117188,,137.02181495051008,66.97645568642771,0.0,,False,1.087939739227295
903,0.0015747391153126955,1.0613537142489804e-06,0.0013636598596349359,-0.0017549681942909956,1.1283791536698118e-06,-0.002333885757252574,0.0006161979981698096,-11.717972755432129,0.2515762448310852,0.0013175501953810453,0.23242026567459106,0.5262222290039062,0.0002120449353242293,0.5325645208358765,0.02017860859632492,-5.473365306854248,0.5044729709625244,0.0001437673345208168,0.5133594870567322,0.008886516094207764,-3.230072498321533,0.4317493438720703,0.012573479674756527,0.5071441531181335,0.07539480924606323,-1.0430978536605835,-0.001534774899482727,0.0019285691669210792,0.0,0.001534774899482727,-2.205939531326294,0.9087748527526855,1.0,0.09122514724731445,0.7707825303077698,1.0,0.22921746969223022,0.8199367523193359,0.18006324768066406,1.0,0.0,-17.711700439453125,1784745975.7535574,144.89182925224304,,137.44741143324345,67.49233534405369,0.0,,False,1.087939739227295
904,0.001575497561134398,1.0664091405487852e-06,0.0014056743821129203,-0.0017519581597298384,1.1317791859255522e-06,-0.002418627729639411,0.0006879594875499606,-11.673717498779297,0.25150066614151,0.0013191289035603404,0.232289120554924,0.5261709690093994,0.0002132461086148396,0.5335431098937988,0.020577462390065193,-5.436718940734863,0.5044933557510376,0.00014422991080209613,0.5144059658050537,0.009912610054016113,-3.162476062774658,0.43591392040252686,0.012608190067112446,0.510315477848053,0.07440155744552612,-1.048242211341858,-0.0017635971307754517,0.0019242028938606381,0.0,0.0017635971307754517,-2.2068748474121094,0.9091836214065552,1.0,0.09081637859344482,0.7703622579574585,1.0,0.2296377420425415,0.8194976449012756,0.18050235509872437,1.0,0.0,-17.60433006286621,1784745975.8589983,144.9972701072693,,137.98037829256373,68.00915031776547,0.0,,False,1.087939739227295
905,0.0015795431099832058,1.0744814744612086e-06,0.0013573092874139547,-0.0017538049723953009,1.137869048761786e-06,-0.0023330498952418566,0.0006204132223501801,-11.706718444824219,0.25156155228614807,0.0013221519766375422,0.23214448988437653,0.5261580944061279,0.00021450336498674005,0.5345966219902039,0.021171467378735542,-5.391398906707764,0.5045310258865356,0.00014469842426478863,0.513562023639679,0.00903099775314331,-3.2196667194366455,0.4402770698070526,0.012645176611840725,0.5142843127250671,0.07400724291801453,-1.0497336387634277,-0.002046048641204834,0.0019220489775761962,0.0,0.002046048641204834,-2.2071542739868164,0.9094243049621582,1.0,0.0905756950378418,0.7698054313659668,1.0,0.2301945686340332,0.8189153075218201,0.18108469247817993,1.0,0.0,-17.629671096801758,1784745975.956601,145.094872713089,,138.48800411794846,68.52624471805197,0.0,,False,1.087939739227295
906,0.0015841210260987282,1.082582798517251e-06,0.00136417371686548,-0.0017556350212544203,1.1436252407293068e-06,-0.0023436727933585644,0.0006278257933445275,-11.697333335876465,0.2517153024673462,0.001324991462752223,0.2320549637079239,0.5261619091033936,0.00021580424800049514,0.5326883792877197,0.020715301856398582,-5.45131778717041,0.504575252532959,0.00014511874178424478,0.5108371376991272,0.006261885166168213,-3.3649401664733887,0.4449051320552826,0.01267458125948906,0.5175322890281677,0.07262715697288513,-1.0570579767227173,-0.0023048073053359985,0.001919194357469678,0.0,0.0023048073053359985,-2.2076022624969482,0.9095397591590881,1.0,0.09046024084091187,0.769008219242096,1.0,0.23099178075790405,0.8180809617042542,0.18191903829574585,1.0,0.0,-17.74085807800293,1784745976.07685,145.21512174606323,,138.88444296213203,69.0437871068486,0.0,,False,1.087939739227295
907,0.0015874654054641724,1.0899677818088094e-06,0.0013795606791973114,-0.0017578753177076578,1.1486168887131498e-06,-0.002361776540055871,0.000638686993625015,-11.686697006225586,0.25192463397979736,0.0013275820529088378,0.23193715512752533,0.5260948538780212,0.00021715505863539875,0.5302192568778992,0.020408576354384422,-5.502141952514648,0.5045632719993591,0.00014552239736076444,0.5102432370185852,0.005679965019226074,-3.3878026008605957,0.4492475390434265,0.012686791829764843,0.5099904537200928,0.06074291467666626,-1.1192432641983032,-0.0023919343948364258,0.001915602944791317,0.0,0.0023919343948364258,-2.2084293365478516,0.9094327092170715,1.0,0.09056729078292847,0.7679609656333923,1.0,0.23203903436660767,0.8169834017753601,0.1830165982246399,1.0,0.0,-17.782312393188477,1784745976.1634774,145.30174922943115,,139.23942749113004,69.56215656969613,0.0,,False,1.087939739227295
908,0.0015879886923357844,1.0964811281155562e-06,0.0014616239350289106,-0.0017619531136006117,1.1534648365341127e-06,-0.002499803900718689,0.0007485932437703013,-11.616918563842773,0.25194093585014343,0.0013289807830005884,0.2317458838224411,0.525958776473999,0.00021789282618556172,0.5280672311782837,0.02030481956899166,-5.525905609130859,0.5045216083526611,0.00014603421732317656,0.5103998184204102,0.0058782100677490234,-3.3785905838012695,0.44968244433403015,0.012666573747992516,0.48686596751213074,0.037183523178100586,-1.210878610610962,-0.0019663572311401367,0.001921448390930891,0.0,0.0019663572311401367,-2.207393169403076,0.909254252910614,1.0,0.09074574708938599,0.7674214839935303,1.0,0.23257851600646973,0.8164172172546387,0.18358278274536133,1.0,0.0,-17.726938247680664,1784745976.259846,145.39811778068542,,139.64978616563587,70.07948986539888,0.0,,False,1.087939739227295
909,0.001585492747835815,1.1009572062903317e-06,0.0014491529436782002,-0.0017687513027340174,1.157970814347209e-06,-0.0024729804135859013,0.0007173055200837553,-11.633625030517578,0.2519671618938446,0.0013276705285534263,0.2314608246088028,0.5257835388183594,0.00021727062994614244,0.5251917839050293,0.020514873787760735,-5.532301425933838,0.5044762492179871,0.00014646819909103215,0.5111392736434937,0.006663024425506592,-3.343857526779175,0.4421022832393646,0.012554124929010868,0.4410771131515503,0.001025170087814331,-1.2698726654052734,-0.0009166598320007324,0.0019428852247074246,0.0,0.0009166598320007324,-2.2026360034942627,0.9079398512840271,1.0,0.0920601487159729,0.7667421698570251,1.0,0.23325783014297485,0.8157038688659668,0.1842961311340332,1.0,0.0,-17.731395721435547,1784745976.355025,145.49329686164856,,140.05568736638682,70.59206599519283,0.0,,False,1.087939739227295
910,0.0015750767197459936,1.102181386158918e-06,0.001389470649883151,-0.001769940136000514,1.1628595757429139e-06,-0.0023633933160454035,0.0006218008347786963,-11.686487197875977,0.2520798146724701,0.00132358365226537,0.23111499845981598,0.5254572629928589,0.00021503704192582518,0.5250890851020813,0.02096804976463318,-5.531828880310059,0.5043715238571167,0.00014669504889752716,0.5109440088272095,0.0065724849700927734,-3.347403049468994,0.42228832840919495,0.01226475927978754,0.36921700835227966,0.05307132005691528,-1.1667506694793701,0.0006210505962371826,0.001981120789423585,0.0,0.0006210505962371826,-2.1930103302001953,0.9041504263877869,1.0,0.09584957361221313,0.764891505241394,1.0,0.23510849475860596,0.8137568235397339,0.1862431764602661,1.0,0.0,-17.78565216064453,1784745976.4594376,145.59770941734314,,140.40733212792878,71.0950164516927,0.0,,False,1.087939739227295
911,0.0015628774417564273,1.1011672995664412e-06,0.0013723148731514812,-0.0017563558649271727,1.1684109040288604e-06,-0.0023361926432698965,0.0006103480700403452,-11.691261291503906,0.2518247663974762,0.0013194953789934516,0.23081167042255402,0.5249574184417725,0.0002125161699950695,0.5251933932304382,0.021014420315623283,-5.538173198699951,0.5043297410011292,0.00014728555106557906,0.5107442736625671,0.006414532661437988,-3.3529481887817383,0.3882240653038025,0.011806128546595573,0.318257212638855,0.06996685266494751,-1.0933068990707397,0.00334303081035614,0.002036268590018153,0.0,0.00334303081035614,-2.176635265350342,0.8986697196960449,1.0,0.10133028030395508,0.762203574180603,1.0,0.23779642581939697,0.8109198808670044,0.1890801191329956,1.0,0.0,-17.79827308654785,1784745976.5567892,145.69506096839905,,140.74635596356742,71.58159184334272,0.0,,False,1.087939739227295
912,0.0015506214695051312,1.0929763902822742e-06,0.0013922365615144372,-0.0017086726147681475,1.1689601251418935e-06,-0.002362268278375268,0.0006725125131197274,-11.660926818847656,0.2517211437225342,0.0013174961786717176,0.23009873926639557,0.5245190858840942,0.0002103316510329023,0.5248830318450928,0.021625466644763947,-5.533801078796387,0.5042973160743713,0.00014781398931518197,0.510840892791748,0.006543576717376709,-3.3460006713867188,0.35394781827926636,0.011372750625014305,0.23302146792411804,0.12092635035514832,-0.6764245629310608,0.005354695022106171,0.0020800947677344084,0.0,0.005354695022106171,-2.1618399620056152,0.8907552361488342,1.0,0.10924476385116577,0.7560805678367615,1.0,0.24391943216323853,0.8044177293777466,0.19558227062225342,1.0,1.0,-17.760967254638672,1784745976.6518033,145.79007506370544,,141.12268563111525,72.05337193164802,0.0,,False,1.087939739227295
913,0.0014904505806043744,1.0711953564168653e-06,0.0013637245865538716,-0.0016610880848020315,1.176816340375808e-06,-0.002315024146810174,0.0006661019870080054,-11.672653198242188,0.24783670902252197,0.001311201718635857,0.2287002056837082,0.5236062407493591,0.00020701243192888796,0.525193989276886,0.019202258437871933,-5.576160430908203,0.5047468543052673,0.00014930735051166266,0.5111376047134399,0.006390750408172607,-3.3490426540374756,0.2964724898338318,0.010505917482078075,0.16292834281921387,0.13354414701461792,-0.5102081894874573,0.006009131669998169,0.0020971503108739853,0.0,0.006009131669998169,-2.1560401916503906,0.8710358142852783,1.0,0.12896418571472168,0.7441679835319519,1.0,0.2558320164680481,0.7916141152381897,0.2083858847618103,1.0,1.0,-17.808101654052734,1784745976.757552,145.8958237171173,,141.451880899249,72.51935224959809,0.0,,False,1.087939739227295
914,0.00144866481423378,1.0450037279952085e-06,0.001426567556336522,-0.0015834688674658537,1.1778026873798808e-06,-0.002425489714369178,0.0008423107210546732,-11.572580337524414,0.24083364009857178,0.0013250223128125072,0.22534330189228058,0.5244746804237366,0.00020469956507440656,0.5298446416854858,0.016394726932048798,-5.561287879943848,0.5062644481658936,0.0001508226851001382,0.511630117893219,0.0053656697273254395,-3.385319709777832,0.23221707344055176,0.009787896648049355,0.11251476407051086,0.1197023093700409,-0.662408709526062,0.009400986135005951,0.0021273738238960505,0.0,0.009400986135005951,-2.136723279953003,0.8390073776245117,1.0,0.16099262237548828,0.7208003997802734,1.0,0.27919960021972656,0.7659432291984558,0.2340567708015442,1.0,1.0,-17.714269638061523,1784745976.8531678,145.99143958091736,,141.87490818337398,72.96601565585077,0.0,,False,1.087939739227295
915,0.001402402762323618,1.0292441174897249e-06,0.0013372264802455902,-0.001445072004571557,1.175581815004989e-06,-0.0022714384831488132,0.0008289327379316092,-11.589832305908203,0.23275628685951233,0.00135886634234339,0.22014635801315308,0.5250796675682068,0.00020109400793444365,0.5288887023925781,0.013172662816941738,-5.623960971832275,0.5069975256919861,0.00015203327347990125,0.5109062790870667,0.003908753395080566,-3.426520347595215,0.17577271163463593,0.0093996562063694,0.05271884799003601,0.12305386364459991,-0.6091341376304626,0.013046838343143463,0.0021503998432308435,0.0,0.013046838343143463,-2.1125333309173584,0.7963745594024658,1.0,0.20362544059753418,0.68988436460495,1.0,0.31011563539505005,0.7309550046920776,0.26904499530792236,1.0,1.0,-17.802261352539062,1784745976.9581757,146.09644746780396,,142.2099437530214,73.3884891130678,0.0,,False,1.087939739227295
916,0.0013460770715028048,1.0194816013608943e-06,0.001320182578638196,-0.0013054229784756899,1.1701665698637953e-06,-0.0022378370631486177,0.0009327735751867294,-11.517600059509277,0.22318731248378754,0.0014013678301125765,0.21581816673278809,0.5257360935211182,0.00019812447135336697,0.5283925533294678,0.007833331823348999,-5.673398971557617,0.5073524713516235,0.0001542740355944261,0.5113735795021057,0.004021108150482178,-3.4170470237731934,0.13089609146118164,0.009231152012944221,0.01635339856147766,0.11454269289970398,-0.7130085825920105,0.01596003770828247,0.0021636844612658024,0.0,0.01596003770828247,-2.090169906616211,0.7441007494926453,1.0,0.25589925050735474,0.6563547253608704,1.0,0.34364527463912964,0.691867470741272,0.308132529258728,1.0,1.0,-17.764842987060547,1784745977.063734,146.2020058631897,,142.58239768814735,73.7885991459837,0.0,,False,1.087939739227295
917,0.0012783906422555447,1.0268091727994033e-06,0.0013103493256494403,-0.0011678270529955626,1.1777448207794805e-06,-0.002218593144789338,0.0010512520093470812,-11.413368225097656,0.21331223845481873,0.0014535081572830677,0.20891785621643066,0.5260103940963745,0.00019574342877604067,0.528291642665863,0.0049512311816215515,-5.678427219390869,0.5072713494300842,0.00015685924154240638,0.5129457712173462,0.005674421787261963,-3.3585052490234375,0.09576471149921417,0.009140271693468094,0.0,0.09576471149921417,-0.9269196391105652,0.0161869078874588,0.002159330528229475,0.0,0.0161869078874588,-2.089369535446167,0.6867961287498474,1.0,0.3132038712501526,0.6289978623390198,1.0,0.3710021376609802,0.6592379212379456,0.34076207876205444,1.0,1.0,-17.63536262512207,1784745977.1696842,146.3079559803009,,143.08433198521178,74.18790880772954,0.0,,False,1.087939739227295
918,0.0012080039596185088,1.0509330650165793e-06,0.0013419730821624398,-0.0010461981873959303,1.20269385206484e-06,-0.002263027708977461,0.0012241820804774761,-11.236408233642578,0.202796071767807,0.0015120026655495167,0.2035127431154251,0.5258969068527222,0.00019414628332015127,0.5276157259941101,0.0018622451461851597,-5.674954414367676,0.5070982575416565,0.0001604505378054455,0.5146247744560242,0.007526516914367676,-3.273294448852539,0.06798556447029114,0.009079258888959885,0.0,0.06798556447029114,-1.1774046421051025,0.014915451407432556,0.002158174989745021,0.0,0.014915451407432556,-2.098766326904297,0.6358610391616821,1.0,0.36413896083831787,0.6130707859992981,1.0,0.3869292140007019,0.6399847865104675,0.36001521348953247,1.0,1.0,-17.41301918029785,1784745977.2763422,146.41461396217346,,143.80860972710042,74.59661526093352,0.0,,False,1.087939739227295
919,0.0011507018934935331,1.0667940841813106e-06,0.0012663811212405562,-0.0009377098176628351,1.2180298654129729e-06,-0.002132860943675041,0.001200736383907497,-11.254064559936523,0.1926816999912262,0.0015633823350071907,0.19689126312732697,0.5255588889122009,0.00019190998864360154,0.5243525505065918,0.0043790037743747234,-5.662357807159424,0.5068711638450623,0.00016398423758801073,0.5141764879226685,0.007305324077606201,-3.2762093544006348,0.04832009971141815,0.009027843363583088,0.0,0.04832009971141815,-1.3054695129394531,0.013045579195022583,0.002158751478418708,0.0,0.013045579195022583,-2.1107561588287354,0.5919172763824463,1.0,0.4080827236175537,0.6026617288589478,1.0,0.39733827114105225,0.6273138523101807,0.37268614768981934,1.0,1.0,-17.422056198120117,1784745977.3722413,146.51051306724548,,144.5238504511668,75.01731154606193,0.0,,False,1.087939739227295
920,0.0011023253900930285,1.0677489399313345e-06,0.001187530579045415,-0.0008302251808345318,1.2164939562353538e-06,-0.002015568083152175,0.0011884013656526804,-11.265975952148438,0.18366369605064392,0.0016045896336436272,0.18881092965602875,0.5250798463821411,0.000189160491572693,0.5222928524017334,0.00585331954061985,-5.637237548828125,0.5065217018127441,0.00016723066801205277,0.512685239315033,0.006163537502288818,-3.3155462741851807,0.03511020541191101,0.008992752991616726,0.0,0.03511020541191101,-1.3681895732879639,0.011407345533370972,0.0021584038622677326,0.0,0.011407345533370972,-2.120110273361206,0.5542206764221191,1.0,0.44577932357788086,0.5938105583190918,1.0,0.4061894416809082,0.6164898872375488,0.38351011276245117,1.0,1.0,-17.43354034423828,1784745977.4669518,146.60522365570068,,145.227607029115,75.44736194572282,0.0,,False,1.087939739227295
921,0.0010531466687098145,1.0588961458779522e-06,0.0011397377820685506,-0.0007224699947983027,1.2049833912897157e-06,-0.001916788169182837,0.0011974531225860119,-11.260372161865234,0.17496350407600403,0.001639369991607964,0.18292175233364105,0.5245370864868164,0.0001862097706180066,0.5211758017539978,0.008638978935778141,-5.613509178161621,0.5061216354370117,0.00017047453729901463,0.5120645761489868,0.005942940711975098,-3.315934896469116,0.025951743125915527,0.008995468728244305,3.552436828613281e-05,0.025916218757629395,-1.3992459774017334,0.010725103318691254,0.0021593633573502302,0.0,0.010725103318691254,-2.1233978271484375,0.5216120481491089,1.0,0.4783879518508911,0.5845239758491516,1.0,0.4154760241508484,0.6050893068313599,0.39491069316864014,1.0,1.0,-17.409147262573242,1784745977.572033,146.71030473709106,,145.95575668872826,75.88069989917093,0.0,,False,1.087939739227295
922,0.001002296106889844,1.0501382803340675e-06,0.0011210138909518719,-0.0006080910097807646,1.1927813829970546e-06,-0.0018698497442528605,0.0012673314195126295,-11.190956115722656,0.16684363782405853,0.0016700937412679195,0.1754135638475418,0.523850679397583,0.00018419744446873665,0.5210463404655457,0.009017092175781727,-5.615976333618164,0.5056202411651611,0.00017458155343774706,0.5136032104492188,0.007982969284057617,-3.225104570388794,0.019590318202972412,0.00902660470455885,0.044987112283706665,0.025396794080734253,-1.3991234302520752,0.010243922472000122,0.0021599498577415943,0.0,0.010243922472000122,-2.1256048679351807,0.4954555928707123,1.0,0.5045443773269653,0.5771754384040833,1.0,0.42282456159591675,0.5960386395454407,0.4039613604545593,1.0,1.0,-17.296289443969727,1784745977.6560988,146.79437065124512,,146.79676416694502,76.3162448934058,0.0,,False,1.087939739227295
923,0.0009488046634942293,1.0367778031650232e-06,0.0010529814753681421,-0.0005048587918281555,1.1756452522604377e-06,-0.0017497712979093194,0.0012492637615650892,-11.214302062988281,0.15944504737854004,0.001693295082077384,0.1705092340707779,0.5231301784515381,0.0001824172359192744,0.5215115547180176,0.011181957088410854,-5.613940238952637,0.5050367116928101,0.00017912144539877772,0.5140308141708374,0.008994102478027344,-3.1689770221710205,0.015889853239059448,0.00908330176025629,0.010182708501815796,0.005707144737243652,-1.4299272298812866,0.009796366095542908,0.0021626956295222044,0.0,0.009796366095542908,-2.1270742416381836,0.4830836355686188,1.0,0.5169163942337036,0.5773848295211792,1.0,0.4226151704788208,0.5962967872619629,0.4037032127380371,1.0,1.0,-17.289941787719727,1784745977.7630348,146.9013066291809,,147.6441193014118,76.75325926134366,0.0,,False,1.087939739227295
924,0.0008976862300187349,1.03721856703487e-06,0.0006961701437830925,-0.0004086601547896862,1.1765804401875357e-06,-0.0011504444992169738,0.0007686694734729826,-11.624648094177246,0.15284007787704468,0.001720350468531251,0.16435259580612183,0.5224071145057678,0.00018293107859790325,0.5217245817184448,0.011532732285559177,-5.608143329620361,0.5045351386070251,0.00018536562856752425,0.5137150883674622,0.009179949760437012,-3.1503400802612305,0.012189686298370361,0.009158903732895851,0.006215691566467285,0.005973994731903076,-1.425627589225769,0.009976640343666077,0.0021728610154241323,0.0,0.009976640343666077,-2.1240131855010986,0.4730006456375122,1.0,0.5269993543624878,0.5769259333610535,1.0,0.42307406663894653,0.5957309007644653,0.40426909923553467,1.0,1.0,-17.68633270263672,1784745977.8576932,146.99596500396729,,148.09508352096157,77.18721257314444,0.0,,False,1.087939739227295
925,0.0008403348037973046,1.0360065516579198e-06,0.0013475158484652638,-0.00031059724278748035,1.1765204135372187e-06,-0.002234241459518671,0.001989381853491068,-10.181913375854492,0.14661389589309692,0.0017426247941330075,0.15674994885921478,0.5215280055999756,0.00018392612400930375,0.5229395627975464,0.010233868844807148,-5.6038970947265625,0.5039528608322144,0.00019208482990507036,0.5128480195999146,0.008895158767700195,-3.1538872718811035,0.00990074872970581,0.00925420131534338,0.0023033618927001953,0.007597386837005615,-1.4192817211151123,0.010220102965831757,0.0021798487287014723,0.0,0.010220102965831757,-2.1213531494140625,0.4669272303581238,1.0,0.5330727696418762,0.5779004096984863,1.0,0.42209959030151367,0.5969325304031372,0.4030674695968628,1.0,1.0,-16.241975784301758,1784745977.9546728,147.0929446220398,,149.9904046588463,77.61850584885818,0.0,,False,1.087939739227295
926,0.0007881854544393718,1.0402177395008039e-06,0.0011087099555879831,-0.0002456416841596365,1.1848848089357489e-06,-0.001829540473408997,0.0016160047380253673,-10.7650728225708,0.14119204878807068,0.0017633119132369757,0.15094192326068878,0.5207858085632324,0.00018589399405755103,0.5239216089248657,0.010241743177175522,-5.574167251586914,0.503431499004364,0.00019941385835409164,0.511132001876831,0.007700502872467041,-3.1924452781677246,0.008449077606201172,0.009359867312014103,0.0,0.008449077606201172,-1.4129101037979126,0.010258063673973083,0.0021885642781853676,0.0,0.010258063673973083,-2.1192758083343506,0.4636578857898712,1.0,0.5363421440124512,0.5803327560424805,1.0,0.41966724395751953,0.5999302268028259,0.4000697731971741,1.0,0.0,-16.820629119873047,1784745978.054746,147.19301772117615,,151.30707246115975,78.04772178349221,0.0,,False,1.087939739227295
927,0.0006990318652242422,9.577541959515656e-07,0.0007473270525224507,-0.0001852691639214754,1.098727693715773e-06,-0.0012285576667636633,0.001044405740685761,-11.455597877502441,0.13701418042182922,0.0017242900794371963,0.14272081851959229,0.5198959112167358,0.00017933490744326264,0.5216867923736572,0.005981051363050938,-5.638335227966309,0.5022711753845215,0.00019666930893436074,0.5108948945999146,0.008623719215393066,-3.158984899520874,0.015323102474212646,0.009436644613742828,0.0,0.015323102474212646,-1.4001981019973755,0.012382954359054565,0.0021514170803129673,0.0,0.012382954359054565,-2.116239547729492,0.48796066641807556,1.0,0.512039303779602,0.5973787307739258,1.0,0.4026212692260742,0.6208584308624268,0.37914156913757324,1.0,0.0,-17.545759201049805,1784745978.150778,147.2890498638153,,151.89861018229644,78.47390145752138,0.0,,False,1.087939739227295
928,0.0006392741925083101,9.301652994508913e-07,0.0009100508177652955,-0.00011831033043563366,1.0699513950385153e-06,-0.0014987559989094734,0.0014067516895011067,-11.050088882446289,0.13254113495349884,0.0017125637969002128,0.13664567470550537,0.5184636116027832,0.00017796564497984946,0.5209689140319824,0.004808719735592604,-5.641411781311035,0.5010765790939331,0.00019914060248993337,0.5103464126586914,0.0092698335647583,-3.1260595321655273,0.020408302545547485,0.00959916040301323,0.0,0.020408302545547485,-1.3824067115783691,0.011692874133586884,0.0021310767624527216,0.0,0.011692874133586884,-2.124546766281128,0.5083006024360657,1.0,0.4916993975639343,0.6139175891876221,1.0,0.38608241081237793,0.6410127282142639,0.3589872717857361,1.0,0.0,-17.126249313354492,1784745978.2447836,147.3830554485321,,152.90965779112844,78.90838835010219,0.0,,False,1.087939739227295
929,0.0005910295876674354,9.168363703793148e-07,0.000834461476188153,-6.66219275444746e-05,1.0573907047728426e-06,-0.0013731184881180525,0.001328981714323163,-11.153682708740234,0.12856227159500122,0.0017061368562281132,0.12930868566036224,0.5170897841453552,0.00017842763918451965,0.5201703310012817,0.0031696849036961794,-5.637792587280273,0.5000506043434143,0.00020287166989874095,0.5091944336891174,0.009143829345703125,-3.12646484375,0.02534806728363037,0.00977995339781046,0.0,0.02534806728363037,-1.3619226217269897,0.010720424354076385,0.002111439360305667,0.0,0.010720424354076385,-2.1340389251708984,0.5241550803184509,1.0,0.4758449196815491,0.6274556517601013,1.0,0.3725443482398987,0.6573813557624817,0.3426186442375183,1.0,0.0,-17.227149963378906,1784745978.3409798,147.4792516231537,,153.81980474993603,79.35236740157276,0.0,,False,1.087939739227295
930,0.0005454850615933537,9.093332664633635e-07,0.0007819166639819741,-2.2313324734568596e-05,1.052169750437315e-06,-0.0012837732210755348,0.0012834254885092378,-11.212800979614258,0.12478736788034439,0.0017023757100105286,0.12044385820627213,0.5156792402267456,0.00017964947619475424,0.5196899175643921,0.0059119886718690395,-5.611928939819336,0.49908554553985596,0.00020712990954052657,0.5081931352615356,0.009107589721679688,-3.1219112873077393,0.03030574321746826,0.009982846677303314,0.0,0.03030574321746826,-1.3385040760040283,0.009709693491458893,0.0020916033536195755,0.0,0.009709693491458893,-2.1434364318847656,0.536614179611206,1.0,0.46338582038879395,0.6378673911094666,1.0,0.36213260889053345,0.6698817014694214,0.3301182985305786,1.0,0.0,-17.2632999420166,1784745978.434882,147.57315373420715,,154.69380173010592,79.80574395975721,0.0,,False,1.087939739227295
931,0.0004993014736101031,9.040219879352662e-07,0.0007383840857073665,1.5439698472619057e-05,1.0506254284337047e-06,-0.0012167624663561583,0.0012551823165267706,-11.249197006225586,0.1211683601140976,0.0016998860519379377,0.11329127103090286,0.5142605900764465,0.00018124240159522742,0.5190808773040771,0.009234917350113392,-5.576207160949707,0.4981871545314789,0.0002117234980687499,0.5077570080757141,0.00956985354423523,-3.0948987007141113,0.03555074334144592,0.010207475163042545,0.0,0.03555074334144592,-1.3114705085754395,0.008681200444698334,0.0020701491739600897,0.0,0.008681200444698334,-2.152926445007324,0.5462130308151245,1.0,0.4537869691848755,0.6455895900726318,1.0,0.35441040992736816,0.6790993213653564,0.32090067863464355,1.0,0.0,-17.257612228393555,1784745978.5523646,147.69063639640808,,155.57348642389886,80.26861053106421,0.0,,False,1.087939739227295
932,0.0004495711764320731,9.005296988107148e-07,0.0006797247915528715,5.230004899203777e-05,1.0520226396693033e-06,-0.0011148618068546057,0.0011896374635398388,-11.327799797058105,0.11777552962303162,0.001697914325632155,0.1026589497923851,0.5128644704818726,0.00018337118672206998,0.5174608826637268,0.015799935907125473,-5.528400421142578,0.49732744693756104,0.00021703849779441953,0.5075598359107971,0.010232388973236084,-3.0575740337371826,0.04091167449951172,0.010427952744066715,0.0,0.04091167449951172,-1.282440423965454,0.007484994828701019,0.00204884703271091,0.0,0.007484994828701019,-2.162628173828125,0.5540441870689392,1.0,0.4459558129310608,0.6520118117332458,1.0,0.34798818826675415,0.6867282390594482,0.31327176094055176,1.0,0.0,-17.279308319091797,1784745978.668685,147.8069567680359,,156.43147502699355,80.74117883119202,0.0,,False,1.087939739227295
933,0.000397771829739213,9.020290576700063e-07,0.0006067303474992514,8.224532939493656e-05,1.0596976380838896e-06,-0.0009924765909090638,0.0010948474518954754,-11.431013107299805,0.1140589565038681,0.0017013696487993002,0.09409423917531967,0.511464536190033,0.00018612350686453283,0.51691734790802,0.020695967599749565,-5.447820663452148,0.4965082108974457,0.0002233524719486013,0.507017970085144,0.010509759187698364,-3.037174701690674,0.04620468616485596,0.010678678750991821,0.0,0.04620468616485596,-1.2508548498153687,0.006379172205924988,0.002030187053605914,0.0,0.006379172205924988,-2.1708531379699707,0.5575772523880005,1.0,0.4424227476119995,0.6554968953132629,1.0,0.34450310468673706,0.6908535957336426,0.3091464042663574,1.0,0.0,-17.307857513427734,1784745978.764098,147.90236973762512,,157.2609144357523,81.22197209546167,0.0,,False,1.087939739227295
934,0.00034113286528736353,9.036775736603886e-07,0.0005620072479359806,0.0001156830694526434,1.068702658812981e-06,-0.0009162419009953737,0.0010552983731031418,-11.469852447509766,0.11042392998933792,0.0017050406895577908,0.08287347108125687,0.5100570321083069,0.00018932322564069182,0.5162799954414368,0.02824452333152294,-5.31037712097168,0.4957214593887329,0.00023054637131281197,0.5066105127334595,0.010889053344726562,-3.011437177658081,0.05200748145580292,0.0109409773722291,0.0,0.05200748145580292,-1.215073823928833,0.005053400993347168,0.0020092357881367207,0.0,0.005053400993347168,-2.1797070503234863,0.5581421852111816,1.0,0.44185781478881836,0.6570567488670349,1.0,0.3429432511329651,0.6926965713500977,0.30730342864990234,1.0,0.0,-17.223873138427734,1784745978.8712022,148.00947403907776,,158.17433821951107,81.71161927208483,0.0,,False,1.087939739227295
935,0.0002781582297757268,9.065151402865013e-07,0.0005507945897988975,0.00015740981325507164,1.0800245036080014e-06,-0.0008999779238365591,0.0010919704800471663,-11.429604530334473,0.10650552809238434,0.001709094736725092,0.07018531113862991,0.5086018443107605,0.0001935407635755837,0.512895941734314,0.03657317906618118,-5.189469814300537,0.49495306611061096,0.00023961818078532815,0.50616854429245,0.01121547818183899,-2.9868197441101074,0.05859597027301788,0.011237968690693378,0.0,0.05859597027301788,-1.1725273132324219,0.003325164318084717,0.0019854544661939144,0.0,0.003325164318084717,-2.1892306804656982,0.5561732649803162,1.0,0.44382673501968384,0.6574608087539673,1.0,0.3425391912460327,0.6931737065315247,0.30682629346847534,1.0,0.0,-17.0745906829834,1784745978.967605,148.10587692260742,,159.23704445871417,82.21079007885021,0.0,,False,1.087939739227295
